joint_0,joint_1,joint_2,joint_3,joint_4,joint_5,joint_6,joint_7,joint_8,collision
-1.2399196350251167,1.7745627826530377,-1.9263995167230337,-0.5488299366235001,2.9359969059906406,1.774781670214618,-1.0336456429200511,0.03131913883190251,0.03429813662327858,0
1.7000681404610183,-0.41588868351543584,-0.28134082280257067,-0.4839139944429416,-1.5019554834981055,1.4728550938625222,0.6669416945941715,0.019640213369175232,0.007783220107798368,0
-1.7928378783993362,-1.8297211256331145,0.5740478743276225,-0.37943044743105725,2.6864403410177355,2.4934032933541324,-1.373307399550928,0.0258204138519515,0.018033189559497526,0
-0.7719981138963381,0.02310091203588227,-1.0723834655781095,-2.280552848339238,2.8462884379194473,3.2757982434363644,0.5472039488571725,0.017031592703004438,0.017961734299553212,0
-2.873890240462514,0.03696935477578123,-2.4606554793824182,-2.3350637073845184,-0.31182542491779097,3.191668720583135,-0.9125847096039856,0.010163272176572029,0.023755014022501148,0
2.2759694122705905,1.7141176803269713,2.3295954476517315,-0.9595536477519477,0.30257461222265736,1.4342919632184745,0.1396603781629362,0.03071390699970444,0.020354760247809148,0
1.9375232893296794,1.1617934219915143,-2.3059082675418705,-1.2538868652895505,-2.7438390984700893,2.5981725933154056,-2.1176157752910805,0.01350992538262812,0.002093858514278986,0
-0.9894128857830649,0.5345952219442831,-1.6251416586943304,-0.8075853857633364,-1.1958753692625865,1.6824245421604862,1.711697792450217,0.007269885436990267,0.03213167942908074,0
-0.6369251028858067,-0.3786373934394698,-0.6375628252768233,-1.6578848649862545,-2.8359763678050274,0.031684980029055496,1.1661276020012594,0.026401202464796582,0.003658003195169464,0
-0.9366158884597882,-0.5104512844166311,-2.5360591552922123,-3.1015734396592007,1.4220336196371277,3.393260945130113,0.2580530592175121,0.006661978725184525,0.009290010963973968,0
-0.020064455693635797,1.44773308398367,-2.621014162756156,-1.4216386410508037,-0.841391404954539,0.3450756147205703,-0.48685060166457506,0.03493759140112494,0.011626726078969264,0
-2.2742016539658496,-0.7860054476386038,2.531906992574981,-2.1041942120696286,0.7608032533454838,1.349232787815307,1.8320830387520783,0.01884943781816969,0.011446298059544313,0
0.13218739120159784,1.1944722547212965,-2.8212517838926563,-1.5148029906602025,-0.9546076289246415,1.719153343725667,-1.5293931661263147,0.027587401457025106,0.02011012242365495,0
1.7848087931237564,-0.5974173397667379,1.109864667976313,-1.0086232010294998,-1.6760330186974353,3.363425675538061,2.0576255866386703,0.015280215773693585,0.03169660059958383,0
-2.507117581197069,1.5061039475117475,0.8027444234909238,-1.1705056469407853,-2.274774134952935,1.0155332772461636,-2.9585230739150337,0.026804544964516057,0.03904741328072293,0
-1.5684424242235837,-0.03567190902465067,1.94141720841314,-1.6143310176509882,1.244982662474572,0.983163253480552,-2.7103425153905727,0.015105893856632822,0.03775159495292824,0
-0.9555282923866932,0.8397702255555044,-0.26654812518836835,-1.6888723510011685,-2.246306721478066,1.801525909002448,-2.2739074972733335,0.015404161545669473,0.026513814583034874,0
0.9550477470019176,0.6553702157746668,-1.964137134599432,-2.4180580094638713,0.6827278120967772,3.6392046019147304,-0.7785434833606923,0.013450323573052323,0.029916173544811353,0
0.21846180267431636,-1.1819622100343041,-2.7584440007644564,-2.2378041487208553,2.0406432779829076,-0.024169329055616195,1.7619527478980497,0.027547308750342628,0.017274345284154013,0
-0.4612345111078673,1.6414651306039392,0.5527572945093455,-1.1267800570893005,-2.845962898814376,3.222871573401492,1.1724824876856856,0.021202747039129572,0.0030626518387464998,0
0.18081792793645457,1.76807407448385,2.1976324025854255,-1.0889232175101866,0.8220433696752423,3.65026910546143,0.6696577832154893,0.009954866668268525,0.039722753561116576,0
-0.7961505880065984,0.708844169915009,-0.8726624995985026,-0.9810219748391775,0.43173519825404183,3.4657699903557435,-0.6607500208012178,0.03468285178105161,0.036935841658615694,0
2.018351746988173,0.7697112902539123,-0.9047145550361919,-1.1955274255647024,2.273613711921097,0.08943057042717688,1.6931441217373933,0.03141399848246583,0.030563283567283866,0
-2.8195861917429204,1.225799148143161,-1.1664079008093762,-2.380922081313894,1.3511148075735995,1.4105229932599053,-0.7119498363868635,0.014777192696473263,0.03881863128336375,0
0.09874094039022197,-1.3494734475472023,2.329111723127507,-0.8273939238289962,-1.3020036545664544,2.6021827098459074,-2.6600960903946733,0.0166957291944266,0.02632886591846151,0
-1.5384192836175485,-0.8992707764567262,-1.2736216237480793,-1.3674321192959933,-0.8113568826058208,2.819876922820728,0.6061549746647161,0.029721973747776333,0.029331218630644276,0
1.5012630437599133,-1.7436518617666175,-1.1728943327724497,-1.3061469898860094,-2.226499538798421,2.0703854241063318,1.528383984819802,0.03662971240736687,0.016552654077471692,0
1.9415280780866655,-0.5628398502786731,-1.7491963079842645,-1.8344174099989516,-2.167899422605386,1.9088430892159178,-0.002227013368038211,0.005471999312282376,0.017925612087118913,0
-0.5088304803596664,-1.09497865098963,-0.30630691699558277,-2.134828339295667,2.8000684016610893,3.4266649428812723,1.750166498693837,0.019078128108728755,0.03704733119946161,0
-2.8646883155841993,0.07231006285749886,-1.824070726272493,-1.1877235942885278,1.062745541880871,1.2300063860433812,0.5873667078514746,0.027148117058872004,0.030851874619157227,0
1.72898501154264,-1.3929527931401142,0.6001771464674412,-1.4065523917467353,-1.6621187012422565,2.5450789690292535,0.562009072945973,0.002733267544320519,0.001736946007023379,0
-0.5922481486303623,-1.7849867664616967,-0.8402779093006814,-3.0948137531442885,1.766799528708281,3.2754132483458815,-1.0362823280006834,0.007917233938677933,0.0028078437882965534,0
0.8916212013825056,0.7353979429004573,1.4732210074986658,-0.3548287328945485,-0.07902243301972911,0.8190493282159012,-2.8336105124241353,0.003538465903898209,0.014203431508783546,0
1.0491711909426873,-0.40447557140351176,1.295739596257476,-1.2860413738975753,0.584266127201059,1.6109268797524956,-2.619651363011503,0.03066441707158672,0.035270172943689025,0
1.9013018327300482,1.4630127346601782,-2.401748051382197,-2.8418601145236524,2.262651041078264,0.2952399674611703,-0.4234109480162389,0.0027166402756910336,0.0028147351551698475,0
2.0926986234330722,1.503627497393168,2.8582117973481034,-0.9668583547940246,2.457811849056259,0.4147961775878342,1.3982789453350262,0.038988576754983705,0.037999936138461914,0
1.4728245621224523,1.1382654989261198,0.8185903244534884,-1.7595020417572846,-1.5428331574484164,3.7306588685142152,1.5896278411827685,0.004339397125127404,0.009023638181129275,0
2.0227951237175996,-1.6977694922852056,-2.890994659625577,-2.842056601786751,-2.6120202733909608,3.3722104089619958,1.9344221765068021,0.031305736414980495,0.0326981407276996,0
-1.507389049769457,-1.6817262408687566,0.30167926012507396,-0.9587307737105979,-1.6871297354325232,0.30202760848301247,2.1799111098075588,0.0013089514432372384,0.006505461936376338,0
-1.781928369097682,-1.323918962749424,1.1997601528926096,-1.1756471995422308,-2.693048141529751,2.7954445754382764,-1.683462656209346,0.001711407595183876,0.022914431737715263,0
0.6421819602640686,0.019271138022295187,1.5950853680762402,-2.2832532666091225,1.1502456879820513,1.8467385847284477,-1.6884926789247612,0.03151157704366868,0.0005491474318953138,0
0.794311194792396,-0.22507925432643994,0.6954092011476782,-2.401988367786987,-1.7327236284494734,1.3100683653479492,-1.416511874104258,0.024232776235859843,0.02290214091611287,0
-2.79721973023909,0.8345575667186933,-0.7723400380500789,-1.9465240021907797,-2.6740564940770364,2.460631284047437,2.9551599709239604,0.017180345479175158,0.030552284474371163,0
0.2980153174100284,1.3619773447661492,-0.23187694133408954,-1.7246791816145006,2.114734800813213,3.3112520951857927,2.722018034063123,0.000827775346401296,0.034236454003835404,0
-2.9497188651485273,-0.22563957268895818,0.12180436450839593,-2.4711156111659367,-0.5901792579081415,3.187512737924873,-2.384402933935508,0.019782421721608594,0.028367480522281982,0
2.194614766214603,-1.1482531283280168,2.2014895289276297,-0.35446406619778825,0.5436794453938525,2.8731987038783515,2.1974215797795256,0.023205542768661224,0.009565570735238343,0
-2.5264622953645364,-0.5534804853077511,-0.07440872915069585,-2.3909477741781138,2.8359268596165257,3.1144989145925863,1.759998046845665,0.01134817282652866,0.030961975125405883,0
2.5190968429318246,0.2017418195951295,-0.059793999895783934,-3.111317304655447,-0.13806533612521177,1.9302639306379223,-1.7062221974876868,0.019994539906787397,0.011135579059923071,0
-2.425593925730811,-0.5267102035599094,1.6399889590167311,-1.6063600535376001,-0.5682798730314369,0.11069242948985185,1.0377925960659558,0.03796325322782841,0.015079180440246746,0
-1.397107330965779,0.45017373636860536,-0.016472658445394917,-2.8949882891592202,-2.2234715468506914,3.32132392781799,2.81138043534033,0.01613228026908304,0.026029197945742797,0
1.4719722870651997,-0.8651821740422939,-0.8684793822815955,-0.49269187761384625,0.2828730838117641,3.722769334936122,-0.34380467361051004,0.017145750194447792,0.016806928782441992,0
0.4111567331573114,1.5692429286320608,-0.9587644586521642,-2.9461724322470335,-0.3835650169600231,3.4070131663007293,-0.40353063028080616,0.038915061026785665,0.02127538408544559,0
1.4955129195734194,-1.0214288032933028,-1.6447804004119198,-2.4392598260209395,2.135799468035328,1.3473471952959337,-2.039140867845557,0.00043055969628511107,0.020594516090433897,0
-2.3764530350339785,-0.672365453491206,1.5004358654998957,-0.7517083943299321,-1.3229057138957712,3.817780572867217,0.2570175599636517,0.03992501244697707,0.0005862023662632333,0
1.267028734616337,1.2690386748368077,-0.5605727028065242,-0.6272542658024949,0.2258099264133424,3.159371487995982,-1.0497615506174292,0.021191905222242857,0.023962806772476097,0
0.22521824888525765,1.4187111013375049,1.4693721077471484,-1.7233854864780427,2.6719980475837564,2.4203775387440665,2.3795598184140405,0.003162011462995098,0.03302618409024051,0
-0.6661995058015107,-0.2863016807142873,0.7235265693932322,-2.515160196647827,-2.016277882431963,0.49129386058703167,-0.9063092852669556,0.019493090660365017,0.001007980502026995,0
-2.715077756243498,-0.6292204130362089,-0.5243104573969197,-3.007509518524585,0.7816320629492348,0.06826827468455542,-0.23770825171082244,0.01770374934869119,0.029921558084113165,0
-2.894105215334197,-0.8460323016563939,1.5569645440552304,-2.4499320744668864,0.6209256692248726,1.9584780779850544,1.401121610097197,0.03589812765082798,0.0023442018513216657,0
-2.323890613674453,0.9770270494388409,-2.2497686956621368,-2.7684561976822675,-2.4874534587129804,1.0040248892420023,2.9414332216424364,0.038046794136980665,0.005107027780681772,0
2.4918914124373805,-0.7466671675850776,-2.626122640254703,-1.2751001352795153,-1.4025583280958318,2.0463588575110463,1.2776042192405206,0.03722751187146818,0.03895144847771142,0
0.1904191395016026,-0.3323270090394925,1.5767579311362234,-1.0339834760110191,2.7622022566809226,-0.07195823348216081,2.381035397530343,0.028197958765260912,0.03477438047275228,0
0.8843591570122467,-0.5013325772698736,2.6850179089143285,-0.8644229500301539,0.5685308779548226,1.4725832791648708,2.408879517193618,0.011599877106968734,0.011562763291703578,0
2.6541675800618987,-0.15146221562106588,-1.7206378749919484,-2.4377989794796724,-0.22395787862923422,0.0741857152094443,-1.9865810122985335,0.007213330984274156,0.011292523346947348,0
-0.27398087765417234,-0.6940929360455623,-1.6927297929034077,-0.9014556604725548,-2.2511929894086595,0.4482669560922263,-0.508897427714313,0.025152795324075487,0.018001469644663287,0
1.7624306272695445,-1.538178241326469,-2.1046800865182442,-3.0307943535624826,-1.378841742600591,1.918895563642045,-0.6562113906242626,0.019148052910777365,0.02109077468448008,0
1.2178044070370952,-1.738693902190157,2.2672317090857637,-1.5812577382140438,2.8776356279773228,0.7530088405850255,-2.4482725610164726,0.0023861015118389253,0.03709712319523291,0
-0.6393770650189068,0.6224836437932153,-2.687161956902255,-0.37419373010906387,1.924401339458592,3.2804287397825864,1.7154066005833024,0.011820484640451979,0.024337675154941528,0
2.420390822632998,-1.2216410884527362,-0.9212235407808782,-0.14862723875439787,2.7964746472799766,3.5003700283261545,-1.9203702382349814,0.005475926269291822,0.027589634454356266,0
-0.43583017101627197,0.28637976602189963,1.435734239303755,-2.7100035798771676,0.5602414359214976,0.6611330247941639,-1.7307641931763023,0.003239879007705193,0.03209132222376228,0
2.5609200857646752,-0.2870076088515703,2.9419812616733236,-2.9959924647020677,0.258922581477655,1.006117597663378,-1.7585838509586422,0.014840604400786907,0.0028871752058035093,0
-1.2369942145680388,0.8365125759997494,2.613321056391395,-1.6599047392797825,-1.6185729811771916,3.156715779415486,0.037473448681137,0.011089625212551732,0.024102188933280717,0
1.1277153544682004,-0.5981412068807226,1.4314722507941418,-2.889419817135719,1.4757302843626223,3.5310673830309174,1.682863815021793,0.005153124893720511,0.02371275684014759,0
1.3340776115604398,0.7171747883540374,-0.529769544129616,-1.3496221969545334,-0.49203761487906883,3.793407297021802,1.7471567284208755,0.026062398672742192,0.03180330242121342,0
2.1734060627026497,1.5479378257269574,-0.21725555805314434,-2.014118959202313,-2.00305690280625,3.3952569175085157,0.29672287153578525,0.030624528165478386,0.0014902969136213295,0
2.0960571420479535,-0.26764353799783036,-2.7429925725376685,-2.3879867384639013,0.6700930863169763,0.7349647532007028,-2.813328922508806,0.018727348258081502,0.008704158084005714,0
-1.0829881934515728,-1.3382596565576204,2.8667881515534126,-0.8481265932794173,2.515296654810055,2.81609818771136,-0.1806311431128509,0.005370390871068755,0.009601343840570892,0
1.5620131481471389,1.3144227236669959,-1.806099374792407,-2.124094996258382,2.8302950445049713,1.5491946929516434,0.8484044882576263,0.024170550297595593,0.012163468021168465,0
-1.118064037460287,1.1305851643260307,-0.6883099332426394,-0.28290391302350537,2.1943067973414423,1.4853814584954972,-2.1709366326575537,0.011468406809617325,0.0370021656655927,0
0.6883540773129098,1.162991031556696,-1.6721204506768255,-0.3787404484142374,-1.762194589129997,1.9169371967253954,0.5194272084282283,0.03034629319203506,0.000808244102737179,0
0.5372669450697214,0.7488783964442522,-2.9611486212984945,-1.0517243841369712,1.01387967631219,3.5155699358915036,2.542466455538531,0.024224254786927954,0.023783327538841145,0
-0.7300661711986174,0.6464816754119089,-2.2218994673346715,-0.5945245922117985,1.0132702573097272,0.9175557822329307,-0.5418143547515544,0.0017823440754182762,0.015453989528913437,0
-0.9355972502124095,-0.873741844500874,2.3907270808819807,-2.863336436922551,2.838727432259629,3.6623810689792355,-1.9565284976389052,0.012336091625231452,0.011064706681379795,0
0.04603817919984099,0.13922092146368859,-0.5962801945058613,-1.345531815934679,-0.5630397451114821,1.2742797650979913,-2.755234062995987,0.0058583237032807526,0.03840110580533027,0
0.4212152731040928,-1.1829627108287593,-2.950622226098186,-0.006155848068492009,0.22812037014270725,3.677310327013229,2.759266313111864,0.036010926741349245,0.037367518084095844,0
-0.4095622014144853,-0.568614608614896,1.2290105525269692,-0.24650638959275106,-0.5769188330727499,3.1192097055201637,0.1264373579783964,0.013705499252004016,0.01145306858213894,0
1.89795438023515,0.10226769442382388,2.872612135881791,-2.006458811438518,-0.12624077469395933,2.7010398607405723,-1.7555853144256262,0.037114524328171576,0.033104113750402536,0
-2.7398064142286542,-0.8977420439667382,2.5863053181659086,-2.663289052968591,0.5350056342919989,1.6475380681701977,-1.2360122908853397,0.003151758916577112,0.011635699788227014,0
1.2536615579209287,1.357619688983317,2.2055207108708745,-0.2193122217960517,-0.01257519344996716,1.5935456306664482,1.6752583995756516,0.012911262140401938,0.016714087902652643,0
-0.6783702560922178,1.23947892239702,1.5572016101366395,-1.5167001430773592,-2.5736852875270695,2.6880469073203996,-0.1133184480552103,0.023769492227584132,0.036921578115889774,0
0.7945880503528242,1.2753064910336762,-0.18845106923855415,-1.1412609924482409,0.6818271842741699,0.7965574486655412,-2.2158722259146737,0.018028748188856296,0.01793047502247507,0
0.6880153317677449,-1.4732873844947845,-0.9020438807820126,-1.0317002079035342,-1.4254353445133574,0.7326274843631464,2.6204063951940504,0.028997729578751158,0.02179168919080166,0
-1.2370971550735366,0.6338079088027968,-1.6913510124302247,-0.8228910114637129,-2.4337637331848225,2.238162091437608,0.6698943601087803,0.009315736102358824,0.02617192492787942,0
-0.7394174740768498,0.7716351212225325,0.7367513040840259,-2.974683475416569,-0.52557062647716,1.160688638514305,2.598254054480724,0.015725967330347004,0.019911667338873396,0
1.9610498232356472,0.8121132454524751,2.416585479718574,-0.03853235978464298,-2.953491263124305,2.508373410371768,0.45980849365891396,0.007669485389218069,0.005305854584158895,0
-2.5580791371681775,-1.6255441125897743,1.7026357848897065,-1.384071246432693,0.014280306652689756,3.6720674462736937,-0.8480520155689626,0.007786799295600861,0.001655620904862789,0
-1.1669611803643165,-0.44724862825192147,1.1180634464023078,-0.6358704779171815,0.26924156899052276,3.400125973789303,1.9562262469064593,0.014879367011944295,0.014021453011093078,0
-1.9658647968060248,1.5902771971777343,2.1825878024074155,-2.781483766912657,0.6708320255618792,2.965460694436205,-1.970471025599984,0.02225727586861534,0.014624080228387522,0
1.1714915519213354,0.5896461595186449,0.2475469543754656,-0.8496518672519469,-2.170042362132338,0.3604826979258579,-0.8760155942826509,0.037820900088547174,0.02180791929060569,0
0.9361589868630675,-1.667351050610284,0.8998938067620106,-2.2081030159588084,0.0497801575924921,1.3935214587475075,-1.8174919854374583,0.038044281882231024,0.033852141809880894,0
1.3043474353819264,1.2364865114323205,1.3588846160905024,-1.7710311807488317,0.2911698393955149,2.1780177853264986,2.0191709616929603,0.03554561382661258,0.008304484120311387,0
0.727014167544469,-1.327011219237122,-1.3800208109867942,-1.173965483940284,2.4826045436236694,2.471389189090706,2.954264519624467,0.00857373296735203,0.03378586514013509,0
-0.2591414134319554,-1.2629504564204397,-2.5216899354907527,-2.274313507313402,2.079408310283926,0.6092316748592161,-1.1893152474801234,0.029822068006671133,0.02166937593757567,0
2.6110384150935606,1.3619579069176988,2.003847108168912,-1.2311561739258428,-1.775498386858675,2.807681392110318,2.6109617995930585,0.028742611845248275,0.020650318928303643,0
-2.5048540988466397,-0.38091286483159337,1.2900766836513085,-2.05884824769846,2.0181154507380605,2.815287061380481,-1.5675930923512822,0.01828383748145444,0.03309639106305061,0
-2.0591355677622207,0.7244084430858855,2.454694063654166,-0.6266200490139004,-1.6513605665371354,2.733504290677908,2.1049874036431038,0.018844522124498286,0.03159121901742599,0
-1.0613855611424818,0.6109605492388528,1.3260543967684728,-1.313580081720938,2.137078286282535,3.6382607655906294,0.12258406344999573,0.029144337766940198,0.023259262334795007,0
-2.600994510174334,0.2142159562432575,-0.2504988716167609,-1.579998874685667,0.5677006481691547,2.9995384672879077,-2.9243069517862255,0.02662018739723071,0.017338740421202713,0
-0.5072470042611434,-0.8963042745105612,-2.7164210208528825,-1.956184742048297,-1.5786973370586006,3.658679738726656,-2.3316453108187236,0.016039303949145597,0.009112098881995689,0
2.253466388140852,-0.8035137682306694,0.9614774228218499,-2.631450951799792,0.4050365155041673,1.059881389016944,-1.546626068712274,0.03110425711998003,0.021290895752564067,0
-0.7787981258734717,-1.0471726228545957,-0.5087578073197649,-0.12200289333922543,-1.711558043197745,0.09742322499578245,-2.52045275781968,0.016028894588215502,0.026920784676291165,0
2.1947962632722624,0.8721951149382459,-1.7584203605431508,-2.716903889772826,0.7667363858369405,1.1585265535561435,-0.5090580806927494,0.004994788923884945,0.037035226533311226,0
-1.7877387203793722,0.5726386887292458,0.27263005147031993,-2.150313371257733,-0.6031772737481811,0.3744424107828073,1.035275293286261,0.031129557730378236,0.02157681128940477,0
0.5345704856693807,1.6273556533619307,-1.0036910415105247,-1.391032167670521,2.039883617488124,0.16861732012371788,2.877762633942528,0.01699704895550618,0.02870186001115458,0
-0.8949155561486561,-1.3136292921289936,-1.1076522300864031,-2.4971167587974166,-1.3262102393584168,0.23646751146963496,-1.837587131396069,0.008945480900126715,0.008697618745559094,0
2.6554367847483085,0.07530659601648781,-1.8481549370690549,-1.8550589315198314,0.3408860176379451,0.12081642919314693,-1.3553231257628628,0.024386364883594115,0.009645221947056842,0
-1.9368864608314154,-0.4132484686142075,-0.8300857479242492,-1.9108535959627124,-0.9453590637100513,1.4016704213504187,-2.390276036146692,0.004513151721846551,0.002842981359562189,0
2.369387823261673,0.45799452416908104,2.797152744990068,-0.2203499043619006,1.6945330277236663,0.8993183001857852,-1.8176878560455805,0.030129523296909433,0.03227594106877492,0
-0.8457012879872896,0.19878979015624654,-2.5769324835485152,-2.9578937297826675,0.39782841283644155,2.6947795754245707,0.15565732498258322,0.014984286457218655,0.02106005132802165,0
0.4102120371289706,-0.3134519368906985,-1.4304791226652886,-2.349752919775659,1.6785497516896277,0.8017667432060782,-1.0555802149252265,0.010462411763461589,0.019679052389821407,0
1.8163609819115902,-0.7914710054473508,2.172004127867029,-1.6800437013034901,2.067899055355024,0.3834314400399309,-2.07671963800851,0.029769013953072354,0.004879474045144265,0
2.0344540815543932,-0.14461865450687883,-1.9639080536401456,-0.4753868064479425,2.091991777854443,2.365841613196505,2.342243051478365,0.02410955104383786,0.0077498009164955264,0
2.77927454788175,1.2510818164493875,-1.8609747389506408,-0.754017883327351,-1.5845140042443946,0.7300718316292361,-2.113773792310838,0.012689881626220046,0.030454182741965572,0
-2.1887068483637657,-0.36451032053188315,1.9962177083000339,-1.0332513098783838,2.9142265589693017,0.37474888395545036,2.929254496583767,0.010921521310265834,0.015181890180866416,0
-1.6023871325012404,1.0662619032268832,1.8826659292462415,-2.783351492610572,-2.2985308865929754,2.0989624962324944,-2.3634939693076675,0.018242468459650635,0.03444747259440675,0
1.1850074730612792,-0.11996348382971034,-0.213537268001037,-0.8546803224653874,-2.852664799175839,2.3503858092877126,2.5963845641531083,0.0199375845064952,0.0395344218621457,0
1.421763197797285,-1.2966969550543195,2.1055884368933167,-1.2602377635203172,-2.543063235179514,3.3562505302635053,1.984352562840669,0.005963979399261458,0.004199368038464706,0
2.269434997681556,1.144109581533079,-1.7775334135065388,-1.878621030620727,-0.10970063285087406,3.403738612541951,-0.4297465352504264,0.01642369277840911,0.036801557391235674,0
-2.9326211919015877,1.0177599382793792,-1.6060170456132419,-2.114576511034306,-1.5986675664046344,1.259012655266474,-0.2511801676643586,0.03167903948464698,0.026367546669368472,0
1.3059261495408196,1.1283421529528581,-1.79217793948284,-0.6536743541995351,-2.7564974355169527,2.7006173858824187,-1.6174080545340812,0.022529772543595665,0.013747076804574654,0
-2.618007255186532,1.7265348046023583,1.6739532769756864,-1.0266463160968473,-2.5275848788755635,2.718480063160262,-1.4907548020683787,0.019938825740620177,0.03921670003882359,0
-2.694055566084329,0.7543953631799638,2.0419433618157883,-1.8341014858796694,-1.28921662147944,0.9576753925469409,2.6662076244520843,0.014293694107592425,0.022556805064434752,0
0.3042990816888289,-1.6780330832105739,-0.13171338883555528,-3.1095254171117093,-0.23428272875379985,3.1854606228051763,0.46901374893880954,0.0098875147902065,0.022006394401465856,0
0.5858960108754974,-0.4021427390985033,-1.713176921335629,-3.0688975557056692,-0.7312470213751849,-0.013852889905051943,-0.8596043982980737,0.019180617945923614,0.021404734339180265,0
2.239239875553667,-0.08525126081542211,-1.6479161015415118,-2.255079852228524,-0.2960775420753521,2.2305724464450876,2.883541759377023,0.027066535131676034,0.02681419381927717,0
1.1366716199761506,-0.24488926146005374,1.997654389445692,-0.6113270853892572,2.026340291483518,1.7973711366637863,2.4787615570165706,0.008722286593833348,0.014860253299794485,0
-1.9141121327673962,-0.22187108623870944,-1.8557009143878684,-1.1038587518133753,2.0455381482632053,3.6145990455006105,2.6848640595062805,0.02998418438760009,0.036310737960650895,0
-2.511767732872499,-1.7825722097922243,-1.630659067214378,-3.0643479864029386,1.7919236485440044,1.1380065393721621,1.0388877284495712,0.010073183833980549,0.019392749564776667,0
1.7522088210991051,-0.6662031140711773,1.1616776552109997,-1.1011499253262724,-1.8932513587735134,2.1313490955585057,-1.170189405050189,0.03991012097483079,0.03970446636234699,0
-2.507566168356102,-1.3297636153994266,0.8410029289615251,-1.213454942602077,-2.2435768687439896,1.836684051531373,-2.596582267321137,0.01810193864142337,0.02617782620870185,0
1.1143454847465848,-0.9105961823596109,0.5282966810367657,-1.8360409176782617,0.6375281782507418,3.3485199340689142,2.860484410940216,0.025755069861332636,0.0178608448695642,0
2.7475920588969243,-0.6512127590464296,1.9283360204470923,-1.7326401051389406,-0.04049751255352252,2.6644248870499596,2.961208233439917,0.02939114863081839,0.02013027392593144,0
0.47658501308363155,-1.1839018416404632,0.36182708064709024,-0.09333153467385324,-0.9461801063585598,0.3143360715426701,0.20330961688398297,0.01479931372549554,0.012156744263855091,0
-0.9077105155656713,-1.715034613834881,-2.5914464401580197,-0.6095704608033916,2.3388725735915386,1.4781227388924418,-2.0412112727371445,0.011468393726828468,0.023095965848406418,0
-0.5860443820799448,0.10646718309231895,-1.9525327449720784,-1.6135662721255237,-1.3872610594968848,1.9568425716873303,2.1361137642915655,0.034008608907129416,0.01366907812495284,0
2.1670215914316393,0.42080436321626746,-1.6704702525093331,-2.89350965573705,-1.3910769212559544,1.3868562217318632,-2.825814206027606,0.0049298582628154895,0.014342328279170867,0
-1.7498073162725662,1.6196051545922192,-2.5639685657313773,-1.7286075024988348,0.03581938017176656,3.0000780332494394,2.761319837979228,0.02581900681339815,0.03967731596358523,0
1.4890158787164958,-1.0074769855537034,-1.2752828873417739,-0.9565505765968974,2.9365516725546077,0.6159112617197844,-2.551016734749329,0.03557887818262892,0.017383309748831958,0
-0.6468403019567686,0.9462612281770377,2.3871166450021692,-0.4025616755012824,2.4055248872517523,0.328234868765304,-1.7359084638659696,0.01166543075662967,0.01890314197605303,0
2.803948720965367,-1.0806346516917618,-0.5284415068695414,-2.029136858311867,-1.9931239386446329,2.2725896060324904,-1.6723819133928979,0.03766198294477913,0.0036134615906638335,0
-0.2166389084117677,1.764190850026415,-2.4847000044018044,-1.6884307261033091,-1.313806432759626,2.052653715879173,0.6180972101337607,0.00487633598609495,0.0349617897501909,0
-1.2872410804425276,0.7577938530626949,2.0919878026502245,-2.2789498091441827,1.0668242998516306,0.9600789771793997,1.738722230920478,0.00972309221122563,0.02631936797718781,0
1.0011376908193257,1.5464673169756915,-0.507610439151156,-3.033526036597493,2.581572006647804,0.698135564283505,0.7176400437515222,0.005232846288117083,0.0024171881449797585,0
-1.8376076720964754,-0.6134134364400474,1.9379025741599514,-2.945622568476223,0.0650016265787059,1.523197782666022,2.8344328541031047,0.019154466912377537,0.006279247320706167,0
-2.7203511218503307,1.117789186024907,0.18939859715681218,-2.9424353873746822,-2.8524515617639334,2.5458311757234386,-1.2685727655302061,0.029876340603390745,0.00783561882828272,0
-2.207963207363046,1.2579219375893163,0.17289093676213785,-1.4501877555883593,2.4234060524469645,2.442394824639017,-2.48605029738594,0.02442447698404938,0.028871585335803,0
-2.8778868164503417,0.24205575039526894,-0.35357904785261374,-1.5764074460106643,-0.6909950414073593,2.997489104586449,0.19747426239645627,0.004924868772097053,0.014096418889298325,0
-0.5820545491998628,0.7030374148542908,1.6613497430755477,-2.2887379714893163,-2.2545092196473355,1.0193073518481237,2.6820799741296164,0.006722778443577981,0.019241833346132223,0
2.855131809658889,-0.2785857534779532,2.8471717852836247,-0.7712228203259159,-0.3515306393823723,0.6336346667162625,2.8400410593266314,0.029755700160046975,0.032302665393420006,0
-0.9425454231446295,-1.5785980949055325,1.563227582314132,-0.3120569041681156,1.7286244171452334,0.8138728378429511,-0.5206890712568741,0.02696092274928016,0.016694033857421704,0
2.851976908329686,0.8590675178043774,0.9618041650988216,-1.6332707165125018,1.8602722231488076,2.315654028106322,-1.0768789734041915,0.022321830751190156,0.0339025841004296,0
0.9782484745857918,0.0901006432719702,-1.4261860699978095,-2.8158344398610704,2.6389665182637834,0.27972879172433196,2.2405084259487205,0.0029774465640044177,0.03723059939391949,0
-2.5054941680671847,0.48034048472222035,0.9233180569560635,-1.952243142159077,1.546281572948383,0.3688215637261346,0.732465247562589,0.024362655400207395,0.0299066670578882,0
-1.0129917918087787,-0.9023458403619399,-1.9020927846449223,-2.5527780521171075,1.836857244083126,0.5923165066613729,1.950754806125921,0.0013117165882365002,0.025128216782068957,0
-0.9926188713313391,1.4362242277330923,1.8227088596170025,-0.774691557621336,1.5739063846738222,1.7060332131593143,-1.7645860328035698,0.009069423346773365,0.02758150355531358,0
-1.238291287915465,1.4924114094902812,-0.6932006023496635,-1.7139614577264433,1.8144621607039952,0.41402953581432594,0.6991658825610081,0.009530477780942008,0.03725559226705042,0
-0.8599067574842238,0.06481704774065178,-1.7502017822757303,-1.6086585486076148,0.304540211879885,2.144456607137522,-1.7655292640009344,0.03035406602908638,0.008771459116308486,0
-0.9701598507499503,-0.12900257827033879,-0.3023394789413554,-1.2929844788980245,1.1949105015302508,1.4991303599001944,0.9306634355898078,0.000539129320235956,0.00711227217010896,0
-2.719530651516603,-1.2114453337702238,-1.770627367731847,-1.8724521856602228,-1.67058411414357,1.6844042414118394,-2.730705560393034,0.028259555680944994,0.011795106387892393,0
-0.1691067539967399,-0.06430099510773024,0.11694995813329445,-1.775054581751511,-2.6088989797684965,0.9724312331039199,2.5840682531235166,0.0013899590457383494,0.02324021441067309,0
-1.4043512775262053,-0.5359738461513939,-1.3146444248178393,-2.2171098793644783,0.23329900279208093,2.606289649538953,-1.4536635070478157,0.006271153829384932,0.030009276071859145,0
-0.347041261221662,0.7995390668357081,2.5182621649258947,-1.7128573130948352,0.31471711339953234,2.057592235987366,1.597545890710753,0.02623067744702164,0.0022731575343423274,0
-0.36387081186042813,-1.0923029868180256,2.949057014813341,-0.7383895375706953,-0.30656762694941087,3.654734975280774,-0.2950160455379587,0.02100215069726536,0.001078352328451362,0
1.2898094857381062,-1.4102106176173044,1.8061667616036927,-0.7355958535023146,-1.103520167211958,1.4881063155837726,0.5956028421343014,0.03389058776270422,0.010590508507326244,0
-1.2762406448869446,1.2552997909518655,2.0162681880556046,-1.554512247599418,1.0434095909875274,0.11728978505494074,-1.6054634245558865,0.020353896669832578,0.006144428793780219,0
-2.2876510612304815,0.6897518581055035,-2.2182710178669467,-0.16639576637027576,-0.8187680888564852,1.165114777490104,0.07221035311795232,0.024712085611079817,0.019849077056756488,0
2.8834862897052225,0.8018486976023496,-2.623071060974187,-2.9747604505836613,-0.805209939397332,-0.023085109086104505,-0.24431494183398783,0.029085947746001956,0.033685601620356734,0
-2.209145060447622,0.6534479722991329,0.2671252189034772,-0.6435665845807894,2.816356735042308,3.5619771139456025,0.0857075288043112,0.031543024343904526,0.02134644689449238,0
-0.05858232457964618,1.108625319168134,2.789377771464824,-1.7195900987864818,1.1922184814749035,2.049322753236221,-0.21318127717048574,0.024567103062933717,0.0007309848829156529,0
0.726209379465304,-1.1643351869461043,-2.7166313120577206,-2.8147421136233746,-2.85942760671403,1.5844944045466232,-2.1429927318864825,0.020381532086657113,0.03732568079160883,0
-2.8428925811614327,-0.7514772279883728,0.8891193109779145,-0.04007809219765379,-1.4735922446349832,2.3747582026087293,-1.4300487436848173,0.026196382547940277,0.00632849350457314,0
-2.0627285244962095,-0.44199416239629996,0.13750132897261347,-1.4581204585327048,1.104868777690363,1.6516769857653106,1.0369929838348368,0.004863241084911536,0.008982986635503178,0
2.6767259376715296,-1.2936870923651904,-1.699551791673945,-1.4548459237735551,1.6237511173569907,1.7259272997454584,-1.5133057129038188,0.0170697455455296,0.007260420221689419,0
-0.5612524355628943,1.2303209901114258,2.6652856301618946,-2.8909122830664398,-1.3238019986794471,1.6783930283872475,1.2100344107313536,0.0014049747326040142,0.027581705152116224,0
2.4795572157438603,0.2788865994773968,-1.5623513789198562,-1.4013006759617856,0.6702825361814737,0.3492594733307637,-1.225953144816265,0.026129839751862116,0.00875566924092853,0
-1.458667739746692,-1.2802897243039553,-0.3146428506421852,-2.2925797117869418,1.9253870877153294,3.213333543020547,2.5350932236976846,0.0029667600544586127,0.029816749716252033,0
-2.6918612101785735,-0.7125459297290999,2.3548959961994824,-2.7178621053248753,-1.0766908924129406,2.883798080672129,-0.45941284700213947,0.0283362977797403,0.016009358447675922,0
2.4005196085916842,0.6604437914805177,-1.2349646727560144,-0.3860943697355803,-2.223023508395431,1.2980722233227147,-0.38208604189689366,0.01387488377846383,0.01632065285279816,0
0.14161848011869527,-1.7048325668284825,-1.7286057618844812,-1.355544631597887,-2.4080407079853337,0.06468625984101896,-0.44085747192201286,6.9021686752135384e-06,0.026422962894170562,0
2.139540978211827,1.4212662537292353,1.7901093833027875,-2.986226924993941,1.1642838251604375,0.5326778973577648,-2.002657197111017,0.028786323540753275,0.0026167909894849383,0
-0.14246152421161096,0.9761099014670347,2.92591547836057,-0.9498018073818639,-0.2308564714796244,1.5455382736070065,-0.8305130436747818,0.004100864782221807,0.022420923927379394,0
-2.426707879652414,0.21643792637202375,-2.0143877079313466,-1.912445918282911,-2.2904002318177996,2.176748381614174,-1.0485230572627469,0.01723613149624939,0.00886202414291022,0
-2.697636491734809,-0.5683975021240715,0.08681264300342972,-1.1164454137204118,1.273555805758376,3.1844055604975092,-2.4428288236683517,0.03229506241350361,0.008073684781779736,0
-0.4679872366917559,0.6029190878883204,-1.1157678853312696,-2.993925670658749,-2.004097233641254,3.7093542349645907,-0.5546939670780366,0.00022166427499516585,0.000590134304846468,0
-0.5791414606700775,-0.5626117524898304,2.621223510290043,-1.7846747966650662,-2.489377211989509,2.7993886030172934,-2.549574030305452,0.02917267592961049,0.010449217341492751,0
0.07097070259438443,-1.349162516270484,0.6056504945048182,-1.678576100279093,1.0882169009055125,3.6663748811242516,-0.12854683045677584,0.012343882354256186,0.02243363077069615,0
1.3285585438533825,-0.5267662854782575,-1.8941328982939534,-1.088004057276923,0.8667290072932197,3.5158651311694333,-1.0822123192880515,0.0016484039827800512,0.019243416283592975,0
-1.82388965095999,1.368300230736535,2.2868473262161433,-0.31503857770650656,2.1099258989487475,1.1532733639632862,1.032553140507321,0.02037696912108152,0.0026747910493748607,0
2.8478260681665533,0.7831693859847999,-1.6761117709020144,-2.016778998092893,0.6200592149156918,1.398692624972008,0.9821544775427458,0.009865753149199822,0.00957178932792471,0
-1.2016465038889186,-0.6421485062494512,0.27712474382107777,-0.14124281003047479,1.7327408050399105,2.6215788010279253,-0.18137490368485132,0.018865012663231453,0.02653087006589692,0
0.8398515062842362,-0.5424357974388128,-2.363170997417342,-2.0579683964082753,-1.612123468292347,3.0048571426270962,-1.1288575747043073,0.010749591831715333,0.030080054730838832,0
-1.639243299463736,0.3213264237565958,-2.5416113601761063,-1.5933986687690516,2.2167939865702304,0.3646322218331364,-1.6413433693408996,0.03498608473470758,0.0005054904712214504,0
-0.3749860528702822,-0.7193798586962383,1.6569489292388018,-2.384534272757752,-2.5660883205521947,0.7364380619536846,0.05142694376800927,0.018206951297765225,0.037862976727899164,0
-1.9947328132098257,0.0186191849623496,0.6610127942376312,-2.634210839088939,1.058284623914862,1.7697345415181815,-0.9942541074988971,0.032747203949650625,0.039770208923864805,0
-1.1953641088959892,1.206074953762229,1.5295574448684177,-1.638597588478694,0.37569060579251223,0.7717842677661806,-1.1601076146925993,0.02001032820946902,0.034343488028798115,0
-0.8268164616194693,1.3662688174789783,0.2890233239476889,-0.46694313720104086,-1.1482828501573978,0.31998377961549385,-2.862404664590242,0.010302538159387073,0.026470620682652032,0
1.175093514714764,0.4000431875540975,-1.6235292944795128,-0.37106012768986396,1.4469745701164274,2.994470629917923,0.26386747162800717,0.0036864175363790653,0.030561833149201665,0
-2.0349219934590965,-0.9674321223695982,2.8571494225085874,-0.2056135939883572,2.6209248131112868,3.5292707992037697,-2.598295329186069,0.032466348409381965,0.013654088086376573,0
2.6851398023330115,0.5348065526219832,-2.1515942410999758,-1.2634999726148404,2.7296125589328057,1.5803072661071587,-2.2519719174807467,0.03570566668751488,0.03282435898448784,0
-1.707706965363173,0.9285971124245453,-1.241831443402102,-2.461151587112234,-0.5987570328749752,2.5293563503523133,-1.461416574813702,0.00392959017444877,0.005582098592749012,0
-1.9803446267658715,0.1461297750282704,-2.6405637658124763,-1.1021207176182157,0.2953990007020164,0.5625751634356552,0.667539682313742,0.005038449355050898,0.015263709400573129,0
-2.3508982972741728,0.7179760270464477,0.5639483656361239,-2.3013533186475774,-1.4004348353898832,3.477720205673177,2.642688451644563,0.03367287466631145,0.004690108799273283,0
2.5064726306014973,1.043933299023873,2.6865190812996222,-1.7957285952647766,1.091252041140669,1.6710114906089992,-1.0446318379549473,0.02482622665291784,0.019667523696363872,0
1.586831706551766,0.37560053160054285,-1.7871331451747292,-2.3698648427429574,-1.5868875051149083,0.9216663805012669,-0.3583787771359179,0.005184395073298713,0.026717708882007418,0
-2.0267343339010275,-0.5551657375759362,-1.0697934535225149,-2.624748501787062,0.19510286647748876,3.1590784562210823,2.1508085235358467,0.038892307159280465,0.03345898289559451,0
-2.5497219444641823,0.2788620505255677,-1.1409966370722768,-2.0695728858337814,2.6749150742947525,0.3050756740830734,-0.006537394244565231,0.024325657281132403,0.023073791624776963,0
0.2698886374429703,-0.6163370592093009,1.9571032775113486,-1.441745685286196,-2.2102437004934004,2.0093483371248593,-0.6642051977626191,0.021044178880389282,0.012261535158241563,0
-1.4049772255493167,0.23614210636210164,-0.7053070524897649,-0.13965696124741633,0.7236938504982184,1.9861353835864368,2.315783643108824,0.019692846290535006,0.018562703549824186,0
2.5932500319807867,0.02958469688285681,0.6256698632456636,-0.020929624365459087,-2.5326477214689236,0.4183511112875304,-1.410643747755137,0.019135345129840626,0.009286038265922962,0
-2.6193316746154838,1.7889075619389334,-2.2386513820289826,-1.9453797298873325,-2.8405213443937343,2.7706306008927597,0.7895877681760242,0.03406656685967268,0.03401578987361443,0
1.4869494745416927,-0.02676533382896018,-1.9821919495246587,-2.0928687676048368,2.1767588100926596,0.05682221996382773,-1.7359225127191724,0.025648877153031605,0.036558048993261864,0
-1.4480845122487456,0.6808585312216342,1.4066093733740472,-2.677395303459419,-0.6778860336885675,0.8990974630427623,-0.19512722369003743,0.033560064018015597,0.020303467909140397,0
-1.3878903344136748,-1.594999033139124,-1.2183130854828526,-2.8682113343939,-2.525480516705122,0.45477459136519066,1.8966100965849635,0.0025020703930907474,0.02954155242029774,0
-1.2273749730034271,-0.45888675012435054,-2.229541207514967,-2.2377471680136223,1.8561930014626085,2.868932935982901,-0.8155327441032534,0.009863744225157936,0.035019948391324975,0
-0.7413120087754592,-0.9052079850924941,0.4497352535421806,-0.45916353424708456,-0.3706180292745578,3.3076811796605243,-1.2472163918890833,0.03980751569901006,0.038240320905233396,0
2.2381941962496748,-0.1194158594240402,-2.024372677555267,-0.9780192045858089,-0.8086035661828732,0.6713187448304182,1.2775578061080473,0.02267743874563191,0.009300563761103282,0
0.8992150995820847,-0.8566733170578519,-2.167308315222598,-0.5137344577833924,-0.29895465398997567,1.1082180531248647,-2.1654178147456014,0.012952142396067368,0.03835550158865073,0
-1.9678956903330622,1.4826375120666728,2.734053176698835,-1.5579956225202762,-1.3814901493136489,0.6706908198720233,1.518159889394624,0.021269070437685996,0.01344190340395647,0
-1.7449729116720192,0.49032244513112544,0.8782870261583273,-0.5472809729993986,0.9308127460751958,0.4578270784538295,1.2367708120729355,0.023180443734111468,0.02211957689354668,0
2.379386434578137,-1.039725433278737,-0.7345656643850851,-2.0343508659815086,-2.587021193429468,1.5566227161256843,1.9548152318414505,0.013891256760055311,0.033805347341630695,0
-2.358174364660507,0.5612039963732827,2.6422607441339534,-1.803221124154495,1.9303629877915385,3.2986632911489115,-1.2978480624996442,0.01521407044219961,0.03335750660635213,0
-1.8835750817877335,1.4752208194163179,-1.894060870263341,-2.9213146603290387,-2.9644104309348505,3.303609500665515,0.4780052757060984,0.016171413846970725,0.0265241174239386,0
-0.25216006983887684,0.5829265668996702,-1.044759733395337,-0.4274212440469509,2.2891659426481747,0.8330201008686425,-1.458626756267283,0.029956957794644953,0.016643691554298286,0
0.8104386802172519,0.9003263892298279,-0.07116428814287579,-1.7814374319923862,-1.512897617796911,2.763319241526906,0.6165931855950078,0.0017216777458249589,0.002612574987932623,0
1.6071611405609176,-1.5759460301344816,0.7244112902516608,-1.828886991414593,-0.7034758104406302,1.7340708694915008,2.088412987468739,0.03420176131974228,0.027731657224074856,0
-0.9577478583542933,-0.4599639768251884,1.4802838150715139,-1.4813934761134842,0.6730585701103631,3.065790244004486,1.3897666050677846,0.026934663711213735,0.003544560689986689,0
-0.24363189306273414,0.10052759959805035,-0.3352530566788716,-2.6618762178320448,0.16173073120779913,0.13229008881776866,1.6770824964162823,0.037318448521149655,0.032287327164058945,0
0.017557373523399367,1.5191375068840596,-2.458510383747945,-1.2657623683206827,0.6696011432556395,1.3112560112443197,0.025518331733030752,0.007829721937196093,0.021717708840948494,0
-2.567041922034819,-0.7894270378745036,-0.5281300090268135,-0.3577819271173741,1.156582240658293,1.3683268873929277,1.17327133687535,0.02957875475328181,0.007384968223861525,0
0.40999855480067504,1.022266156690051,-1.3062498130981854,-0.977978353630637,-2.9444937796940858,3.7259494820277452,0.051777955434096246,0.01332038887930982,0.03228689529117366,0
1.8302620346999912,0.2285154434775436,-0.3513587679603649,-0.4371872333562088,0.3293442438614895,2.2157810562357945,2.5932961252396525,0.030203681872290254,0.028735994280742506,0
1.7384655496105794,1.5688541030628513,-0.7976013633493118,-2.486506900539139,2.5332355199750523,2.3256780818525127,2.6015476475886348,0.0006345445488913404,0.016813695782508808,0
-2.3152334289405543,-1.4067535001458662,2.5339028997676647,-1.475729481020557,-0.16488797923114973,3.570391002234559,-2.0629689593981113,0.002350329807694163,0.03236112166840984,0
-1.6449246454197288,0.032975141205251246,-1.1187619100965795,-2.5932024241794407,-1.5096960704573739,3.3599738835942885,-0.49370044333591245,0.03359144762292981,0.002998812271568152,0
2.9659253079855596,0.9736443047703858,-0.238925859381383,-0.8644444835606562,-1.5046954026219275,2.159790010151544,-1.9672326536536344,0.021880395169009734,0.0016098821883906746,0
-2.8140441320881577,-1.5931122314749762,0.7842128055370492,-0.162496722533787,-1.5185679044664597,1.649045580226161,-0.30430637127806026,0.02858553306261221,0.011829485428020923,0
-1.218449204095879,-1.027461184347994,1.9722794916787394,-0.030765396229484487,0.5854751790919592,2.9826728579427004,-0.1753388248781671,0.020046063482600497,0.022489966662718474,0
-2.508300517565832,-0.9485090409892086,-1.3277632290940655,-1.9255932892720522,1.4553298387344982,2.7594546007958334,-2.247254534809797,0.01949592475260447,0.034392262467175555,0
0.1869515158504096,-1.0078704834545884,-2.681965469760544,-0.7879718844242611,1.5705485465417923,2.8480435342753454,0.9913684252510175,0.015353026668682452,0.02292282635853482,0
-0.1411410876702197,-1.6851635244966197,1.2409765965226263,-0.9368255474588731,-0.04025301271809889,1.8313676889662418,-2.481816952634342,0.020514873369250092,0.035085926270651,0
1.098122413182471,1.0432982540709193,1.6196894259156323,-1.59341524212381,0.8131506645886235,3.472129574009473,-0.9429042665295477,0.0038879716424009515,0.0036582872861457005,0
-1.0650647898218912,1.491915916747523,-0.8099939656157371,-1.1281111560169665,-2.542033991662207,0.15090503508286174,-1.656252696008209,0.005769778867587397,0.030613079541541778,0
-2.9478516267988635,-1.4567831701013547,1.9718455544802223,-1.5989312135769793,1.8395183793609786,0.6579083932257751,0.6915450525460769,0.026747408818935538,0.0336028929830539,0
-0.3694940279997838,1.0174267430269135,-2.0737395368068037,-2.695833616424073,-0.07795374796591048,2.9776625240300456,1.476190426916729,0.01154894511687035,0.025128898643978298,0
-2.76212167280832,1.4472331752205718,1.9536169751439716,-1.4570417431232796,-1.03170528809517,0.3152582719354325,-2.765387905960798,0.0327086484550501,0.030159068502402363,0
-2.4951716274068154,0.21192448907758066,-0.4715200271086393,-2.415312718132889,-0.6279745207657954,2.5313434780435666,2.379312510122101,0.019531022739955814,0.008803469423596577,0
2.849758443711153,0.6577677303911311,-1.0289198484022837,-1.6075347227649932,0.17288294688929318,1.7325733577811269,1.6327158973984015,0.01922201308168611,0.016386336176901037,0
2.0731275849977835,0.7005473902383261,0.896799947301298,-0.5548378210893747,1.7676831490057485,0.9483414439269139,-2.485478593457548,0.03553725015969656,0.03680773929804103,0
-1.194757972076581,-0.05982334002753742,0.3480218623504854,-2.8458487613542887,0.07781016101916949,0.43389121069430153,1.656815346123969,0.03890097173081369,0.011166182074189339,0
-0.5789700075934805,1.3988806995449352,-1.9050807529260227,-1.8628948323023853,-0.4405388687769043,0.44487753946270386,2.0356779132990206,0.014228115237549153,0.011082732968391781,0
2.016431560698106,-0.21021674462191964,-2.357107152314501,-0.26701072124301195,-2.3204700131905396,3.562725350452819,-0.7444040794019697,0.01720562028757852,0.006231804285040759,0
-1.7382074632564701,0.07612384822031659,-1.7101461724254767,-0.09072915471292697,1.8727345717272441,2.4870436237554885,-1.7555505987904376,0.03879242686202044,0.03836636803968397,0
2.0993065386638308,-1.004103361216445,2.521851873307145,-0.13404506084274503,-2.4603744055218457,0.6241265612033134,1.7459757239363145,0.0214068753597833,0.006573597593667975,0
-0.9690616402879593,-0.6188789268263102,-1.5550213022013066,-0.0879668066178998,-2.282169674539475,2.0908343121149127,-1.5194868762318976,0.016188349482351733,0.0364146559262315,0
0.5197933450625527,-1.0348708509272118,0.13426718516319625,-0.14320177362940978,2.0882124153486354,0.7139758098393274,2.134240879418168,0.010224967592445853,0.023383960838428888,0
-2.2932434930547387,-1.5396306917026583,2.0719384612359373,-1.2616458436655542,-1.1691124604958705,2.6492728275323265,0.5924637831220521,0.015448210505567342,0.03108312607116817,0
-2.1608563200565887,-1.3179516039106227,-0.056946171953011326,-0.09909511460165188,-2.9063736518313816,-0.009574784714367388,0.24342423861725848,0.016014139064927685,0.030625096593710883,0
-2.56629854758809,-0.4005966265147509,0.09199926711764173,-2.753259487932748,-0.19407026672206218,3.4001964193007175,-2.593498110514511,0.011402546575344372,0.031922792655940155,0
-1.7491236473441645,1.5051356940467502,-0.1550325307525009,-0.2984685143435031,-1.6093855312900662,0.641426040164361,-0.07348177407571432,0.013975901057206875,0.022196956617125646,0
-1.550345781236575,1.67228049334359,-1.999300441548319,-0.7049655300390985,-2.880517028353739,0.6331866309735306,1.9353533304641544,0.020946510213516567,0.0010124846141711696,0
-0.31658840468767346,0.4440620870568439,0.9054247193075673,-1.1048885493938054,-2.6133378277295307,3.561164063932248,2.1985272134545677,0.0014873557479770482,0.016796128157141835,0
2.317121817245775,-0.07532026406533743,-1.8545033546217333,-3.039213498303227,0.9940687993113069,3.018620575916008,-0.3516849725554896,0.039624871833668245,0.012731573420199887,0
0.9778733434402045,-1.5459048365643666,-1.6954034404139806,-2.766590127695142,-2.2234722207217175,1.2301698208006027,-1.1392656854762067,0.03367858033031931,0.003831424110949713,0
-2.6820205273745374,-1.0471246927077669,0.8850994739961702,-0.36907745256773383,1.0994502636399504,3.1529119964364622,0.48107071398157064,0.02440873276678226,0.010799941187300068,0
1.9306537465884213,-0.10697961082658436,0.09503505046895322,-2.9865171289499584,-1.0018676439746341,0.9594253971976122,1.2569062604890857,0.009144468990519817,0.020860559973166045,0
0.8062613870684658,-0.33922748440353323,2.4343737140575805,-0.8483009900081986,-2.958062023695248,3.3419082205765815,-2.954228399034655,0.033149044346623475,0.0032164613129939436,0
0.644231410551265,-1.1471744553396435,-1.5644701839622883,-2.874741405638291,1.5009647147263077,2.4326308069179667,1.7199372757263656,0.007267501552855951,0.03428326236429228,0
2.773247660643895,1.524752891726102,1.9299944134040374,-2.4430304610130977,-1.2375509466997834,2.6183871728204684,-1.572124326947166,0.0031820283892540634,0.03169367125551034,0
-0.9588602750506166,1.1884458428728297,2.5102188064088087,-1.418608691827997,0.15965620914698864,0.35086858724875514,-0.28922771002500136,0.026470544224908722,0.012948350830937773,0
-1.7862312361709223,1.8161471622128318,0.20605724283450932,-1.5683427889838057,1.974121999269546,0.40717208483860795,2.74592622414174,0.023139546432837933,0.028459852002739518,0
-0.8272469319841202,-1.0549478963692407,-2.4150909777793625,-0.2427456731475499,1.2017945116316349,1.6699231087646143,0.16584822362492257,0.03967486294676888,0.031127812061886886,0
0.6982387602953772,0.5549567460941736,1.2832479165658337,-1.463597752031835,-1.9568223391881796,0.32419683853658815,2.910931835371286,0.001354052251362372,0.001674024794990059,0
-0.8253022213511603,0.13788170993915738,-1.8655979324966494,-1.8754813617642803,-1.7516451274640268,1.9074594983640691,-0.7683564715136129,0.0011122786546197672,0.007694357901033233,0
-2.7930540725866773,-1.0301405951817975,2.2708838356214858,-2.4514741518052965,2.3696967140023966,0.8375973067739267,0.17849388061304117,0.03117501542791402,0.036068769636422054,0
-2.317577126818043,1.7288177600144576,1.8474465200324635,-1.333724873937296,-1.5537717918475293,1.913575016888566,1.5668950128898858,0.02587535290588001,0.026173095112693334,0
-1.3687994635617287,-0.8213932683403498,-0.5182076514424288,-1.7991825498643594,-1.0390424819685973,0.23345629959846703,1.0799668371315287,0.006504580298478571,0.02287637602371646,0
2.0031632283344396,1.60966432671219,-1.1864903776717883,-1.622854577008195,-2.6607535343018203,2.707258862269579,-0.7384804467499246,0.030497727881131333,0.03294338139804659,0
-1.757771018080875,0.6344280695540319,0.7964093423609917,-2.668810977556308,-1.3690239433424083,2.1692511508974714,2.6859620594976232,0.0001317017477391458,0.03904204026951046,0
1.4504587349084876,1.177032917886841,-1.937056363551184,-0.3670019189408924,-0.8312977568429871,2.6787253884764235,0.29303112870527626,0.004064689980038781,0.032748848877303366,0
1.0816266103933718,0.2839594377337804,0.6508733614411311,-1.9780392206438986,-0.3277264403882598,3.5212586217869095,1.5833923386411661,0.02633024881144036,0.038115485703527144,0
-1.0775051775759787,0.6961577887777539,0.9581802122826502,-1.8377975919843987,-0.029792904267758047,0.9679057075903207,-2.121788702945674,0.023567249935856755,0.026159675740474623,0
1.0381050447593716,-1.450389800287382,-0.6135665786113296,-0.38547067990852923,2.501767804136795,3.5012803441126015,1.101263620236376,0.038920884104724565,0.031034830204606487,0
1.6572207699125188,0.8038806967427707,1.8671081543874144,-1.2109845196162237,0.03952762076920946,0.22547776651256923,0.2665544012839054,0.03692103601759112,0.016702852416719944,0
-1.730128664044988,-0.5753803799774193,-0.8424097458373079,-2.869252580822702,-2.8599812125524053,0.9098284555637449,1.8094632225170613,0.018262479396177672,0.01067165477427678,0
2.422572407665107,1.1508332681963436,1.1954853091228235,-1.056842634654112,2.7307463549459805,3.1609183288621376,-2.7055905027259692,0.032604642174242665,0.017242986889115183,0
-0.8123110091531731,0.08238689510415109,-2.4354357387231174,-2.5516075964572087,-1.7911335855708124,1.3956119868225263,0.30315501153791446,0.011249667702744595,0.02544854125818538,0
0.8227861209814051,-1.237936008673504,-2.54572741430333,-0.8004350990290359,-2.1569551996558456,0.6417575509737993,2.058339589647503,0.01846511481843535,0.019983258309500665,0
-2.5695576417069974,-1.0835548500989283,-2.32711002071491,-1.1523460472665588,0.7385890483221398,1.831881573138752,-2.742013708648799,0.03966873676606842,0.00664844685549376,0
0.4733042634458555,-1.7667448010444278,0.639047435980534,-1.7498034909550808,2.3958663793991533,1.8285398450351973,-1.7486655478185515,0.0005433520043960405,0.031017131429860324,0
2.8100701650973794,0.33780144655514754,-0.4840840409123315,-1.432949995732348,0.27196269183777266,3.069664056948886,0.01573335513463947,0.030567859582807944,0.032175468887066364,0
-0.7826659550145392,1.7624273031513795,-2.05272937306613,-1.9463114269351578,0.6397208296280548,3.4820707819616277,1.824470930800007,0.03173405235271696,0.011364014929194668,0
1.2822988024900401,0.7811476853060333,1.602677826767033,-2.7244006861394414,-1.5374793932998334,2.049129344720558,1.9547665447236207,0.037482098498542234,0.02214234097752218,0
0.8064492637357308,1.0100183504005662,-0.9420662699370461,-0.3596773930286261,-2.279485625540059,1.1068178086787763,2.200004793622608,0.03409075855945413,0.01982893017428784,0
-1.763020478872823,0.7775598716389667,-2.8239844888490424,-2.3807976885975863,2.7003675555925404,1.6521980660898712,0.6933420988900556,0.034225329655977986,0.022680101221725917,0
2.641648948997237,1.3113697253961074,-1.3387657246816747,-0.2735583142408462,0.5228618570045969,1.4071493128323938,-1.326021344811456,0.014251502101075184,0.008942109506729414,0
-0.13110657260470893,-1.2386640949710972,-1.3889384321156804,-0.025667894545128522,-1.2547803034639775,1.7236401957291698,-1.8371492623808876,0.027387105541748225,0.038107936964417645,0
-2.002410502801779,0.005323730170339491,1.287425318888476,-1.7801970000011715,-0.4596513709796386,0.9531192514158687,-1.9302736117960517,0.03651618378766139,0.033110120100903445,0
2.2429915908388014,-1.0662171507687543,-2.9385038111895168,-2.715311617391227,0.040748020969375354,0.6140723942882818,2.2121113708578526,0.01769021255333751,0.006785828483452763,0
-2.023766916406782,-0.44908655096910444,-2.5198626440171683,-2.7075890545319328,-2.133394094684212,3.5685005584305127,-1.1954323809332053,0.025043903661415103,0.001352775850792227,0
-0.37086161380470095,0.8256986122574459,-2.964824387987477,-0.7247138469077146,2.924917053027204,2.2512625888539763,1.930300280147892,0.02519736576552655,0.02890412888889138,0
-2.7551346704264152,-1.4979580717809033,-0.4082151724710732,-2.42185374046217,2.4283715818960716,3.2626569542300334,-1.6328861143396605,0.007875993018918549,0.020422363347827373,0
-2.8896413043473683,-0.7977565266162405,1.571576950584809,-1.104455917180613,-0.8255539489135058,1.3120814213110752,0.0015206882830676172,0.010282666382862474,0.008437168366575057,0
-0.2780983366195584,0.3779336401073905,1.2459308924579129,-2.678857361968552,-1.799583226479159,3.722048314055366,0.9924554978537965,0.020799236890383592,0.011054801866239252,0
-2.449024221890469,-1.2774806207981177,-0.3275836373617813,-1.8248833073140973,1.3727178905580035,1.9990767293593406,-0.3853946448122416,0.011548691012779218,0.0389831312611504,0
1.894694944163875,0.9075816397987164,2.780425481191782,-1.1311907674094175,2.9327577909388887,2.5452550402871994,0.7939320232232534,0.016441873651462196,0.008848583891745063,0
0.999412531089698,1.4708203452583442,-0.159597011763132,-1.6950512641627442,0.9490342603350577,0.22918468187724367,0.8849004841435186,5.855897504671859e-05,0.032519835665375425,0
-0.011125264479866281,-0.17281047121487858,2.8931411420995885,-1.6737956758011243,-0.5849991270172183,3.5842996335384107,1.4101107141840754,0.015093426477916831,0.018003734459859415,0
-2.5242402433865734,0.10720973797431732,-0.10139601366728268,-2.9960487638674196,-1.033776870865406,2.3055394277008427,-2.3120864968638672,0.022529468503091513,0.027431369626898735,0
-0.35274792468190563,-1.8075978872866096,-0.7714296074317892,-2.3249639559643134,2.8365946268177056,1.4464381804672803,-1.9717700093061237,0.034538000251452115,0.030675705037464477,0
0.83234136519508,-1.268868786939259,1.97140589270817,-1.2986264245643935,-2.73757527500223,0.2844417941564323,-1.2477651674795935,0.008463877561956714,0.010091808937070632,0
0.5393066712565893,0.5018121964079743,-2.050349992843396,-0.6038749422389458,1.2933786653778196,2.671927758067382,-1.2603427706425196,0.031065721171647496,0.035859230298861115,0
2.467840050553438,0.04580286834042657,0.7983770299956734,-0.3210601561950126,0.4447537891222648,2.927345332086799,1.250612353523199,0.000682673492098318,0.028039301102985307,0
-0.10077049083344969,-0.6639881403869679,-1.2451945041705452,-2.212813181112482,2.8256409851546107,2.4098849522795356,-0.43373148014703444,0.016131856115217575,0.017883888630270683,0
0.5087232938487292,-1.7210939574843551,-1.3115426797035465,-0.1288075523946577,0.12488348955471729,0.7924469196966155,2.3092407291436348,0.003073721127081157,0.011550085422714788,0
-1.1463590160279153,-0.8695877898292659,-1.8694413407771302,-1.0999138407984086,1.8147234585741336,0.9525824384501281,2.0311313549094936,0.0047901554006775805,0.02847195217372038,0
-0.4111009761740929,0.3060373261645257,2.1715924894628116,-1.6935695720140065,-2.1242096912932458,0.47325514437737,-0.9379425142917732,0.015447646168322048,0.024412590233540376,0
-1.2478330473259283,0.20833891135788662,0.4537337821947718,-1.274322054612438,-2.2334984636029356,3.217588167207122,-0.19994890752026917,0.025838018766924115,0.027430064514785527,0
-0.8379535698329414,-0.20448099638767236,0.12750735067061303,-0.7488752297858619,-2.6474842156651324,-0.06908703541565876,-1.9749946898671364,0.023318093834918546,0.03058332789814817,0
-2.1324307688861204,-0.5941871188425709,2.963058705947613,-2.5377136086626004,-1.3221313052726111,0.587431751424136,2.361525799449392,0.016898700797486774,0.01431891680626889,0
-2.1268615014943766,0.8587078620926138,-1.7270835640503535,-0.6713934302180249,1.2950478058222799,3.113844244380939,-0.2775371920778489,0.0052408357750578375,0.016634415240663017,0
-1.7385760440160527,-1.5327487525950176,-0.9595013043132403,-2.1100365939812438,1.3557179447649754,3.80447815488032,-2.2988373305546865,0.008447003285187039,0.021192672237240466,0
0.046494974579586845,-0.5165405538780732,0.9107368308862211,-1.326202587177749,-0.8485907574651899,2.692663377482081,-1.843278605500351,0.033531898839500834,0.03895695379689557,0
-1.985243787510472,-0.4409283417692229,1.8950852961740359,-1.4342986318723903,-0.24029758660439393,0.3566058286886339,1.6472048805749053,0.03312268156473934,0.007585678908919387,0
-0.25649582239199153,1.425253904406851,0.7626238661041693,-1.4460295391447464,0.7750481167223482,0.549375409782716,2.7226662200276537,0.01997381800823145,0.03140945747756774,0
0.24597717509207984,0.2860944277679518,-1.9559933907623637,-0.3625866774274722,-1.5291067007823218,0.10566348343396624,-2.107589562303976,0.03352189853663532,0.02563101574496347,0
2.9277203419954287,1.4069129768709525,-1.3589292816275418,-1.6973737904390203,-2.949713926296246,3.4724448362538447,-2.2337769745802984,0.01704810518251054,0.037390412634825246,0
-2.3546533283386064,1.61780492482652,-2.1558134889959972,-0.885105684331355,-2.951591729925453,2.8330336129318763,-0.5372802265821632,0.02901908950430397,0.036471540810297694,0
2.461749675493215,1.474076019187933,-1.4204928323710921,-2.7299703176773944,0.7115689975990294,-0.07163804296220805,-1.156274730108597,0.024955775597699997,0.038758675521843006,0
-2.9450653531118234,-0.4890635330994999,-1.232155194175063,-2.1448648270369746,0.9021151789195092,0.39226266260076875,0.7539281263137174,0.013120529569408169,0.022418726798494847,0
1.155332267053534,1.1051924783601457,-1.182691898414752,-0.9131980954778283,-1.4478019745989321,0.9023545235401824,2.5240063518500873,0.007221421073513539,0.01460244815600571,0
1.7406677262613308,-0.40597328002218847,0.5716006566594061,-1.9351765303442372,-1.2572519098384591,2.8630065106819447,-1.5844177383610625,0.012333657126973617,0.011050594492107005,0
-0.7415272776281729,-0.5660988411568333,1.6879962784533498,-0.1441142127617434,1.775522703088804,2.3527691771324584,-2.5476606500414825,0.032598031161806984,0.01960726651348305,0
-1.1725883341618737,-1.4616089274430195,-1.3743616550747262,-1.0914392520669196,-0.7115908803809163,2.4285952912793767,-2.6471316471770048,0.005838249024400603,0.012112108779382496,0
1.184341138399168,-0.4533055604964791,1.5039915090887885,-1.8073410344354872,0.8374674823019372,3.6489341678398,1.0363849475030888,0.019079510076153824,0.01046725580069876,0
-1.8481521167454582,0.023179630063013157,-2.2482451766883016,-2.8821493887915284,-2.2329264139390093,3.0651517076228787,-1.0985190739941442,0.03445533237131597,0.023727439255850538,0
-0.7830440363150775,1.2111968124479937,-2.7044486876380787,-2.2268433762878965,1.8975225101116373,1.8820773461802212,-1.9703461208467274,0.029304940176606308,0.005427215361416997,0
2.6323276885154656,-0.35110094402416303,2.6392474414027,-2.4721649188429273,2.297502292355649,1.3947530260018084,-1.2088247061691861,0.0228488681704012,0.021036895399585892,0
-1.7538467092557464,-1.0976781329706804,1.5777745886012764,-0.5278774788639535,2.7104116316931175,3.3939805757722983,-1.291071222598079,0.005976822683688603,0.021984708475358685,0
2.50637160352268,0.5618913797788616,-1.5018541789228068,-2.9438732865977153,-2.132128360079581,0.20938944817447291,1.3934555523354883,0.0234331316989118,0.008343730036976891,0
-1.4648895987153627,0.4894083054035405,0.9708551075682386,-2.9115973831904376,-0.5250410203601801,0.8020926374833428,2.0617884340479304,0.004075127886853776,0.0024859778144353762,0
1.9589776534355727,0.9092677335051633,-0.514660186820548,-1.1112707733751477,1.0399712301193502,1.5280389198124347,-2.134420110463301,0.0031943456547308636,0.0385474253287849,0
2.9068931161950187,-0.0937268738471182,2.104205047112757,-1.4480214775627633,0.36729215554682826,1.7982617655556443,1.5966956160508956,0.026630532692154235,0.02675957456817929,0
2.5598678526792145,1.4142100120256027,2.7309212241363903,-0.0017547505327799584,-2.3002205052295044,2.8859031050227677,2.0506966406490084,0.014564033541507832,0.001825153218307376,0
0.07515921565913652,-1.4035110547173755,1.6936249453498546,-2.6343405382501963,2.797769952842598,1.0118018320176903,2.1520123298743417,0.03274934927817866,0.02134013762832762,0
1.5833720022721676,1.1793807105017995,-1.3967910461459254,-2.453357813110824,-1.9471933157025854,0.24109361582291372,-0.045631362240028395,0.024708348993387294,0.03139355672324329,0
-1.9232744320431947,-0.415173354398207,-2.886500773899023,-1.4406253612995537,-2.588308188474193,3.482845037357025,0.8733896390140767,0.009733132844035567,0.015035391102744797,0
0.2458813517703664,0.34486212051360465,-0.3535079067571716,-2.9887386574968033,-0.6296938541048722,1.6872491749513316,0.18495086549054918,0.03775411461022445,0.011946532516413817,0
-2.1856733161284136,1.5305584271323098,0.09780768439660337,-0.4472131028856321,-1.3162925953696059,2.6654475049579927,0.7595327221238435,0.011256888897797586,0.03948262102825118,0
-2.1943420729839707,1.151454469035899,2.3119747240225874,-2.4567957656890016,2.608219199053823,3.2050387040475785,1.6271831500827774,0.03271146558582442,0.026131364385236746,0
2.512404103366151,-0.26007722659836174,-2.1896784110118688,-1.801039857648196,-0.770453552858569,2.6144944252015674,2.494409081979384,0.03400981550590556,0.03570953916885139,0
-2.6005525985900833,-1.1042475231095166,-2.8566276534739106,-2.696193214878726,-1.150137808510261,2.823937015935172,1.152396462256966,0.007405067520231392,0.012237693611210911,0
-1.3393366441348402,0.8876733177260812,1.3129534345003866,-0.10843729228697052,-0.7606990748808871,3.2533041360825807,2.4651278803152183,0.03277560904310551,0.0032511026508201947,0
-1.178276434815629,-0.7861223139605831,2.8662498105263956,-0.8542507396204568,1.0934173463498644,2.4351306852098578,-1.329894686108535,0.007988666993365348,0.024861380761402686,0
1.5238680668146967,0.6625869121005052,2.257464123782443,-0.6946238259348259,1.400481978831698,3.57513803668466,-0.9392617218944657,0.010525569285915144,0.030005571896666427,0
-1.9990952526026358,0.4511131479829953,0.43105638848879835,-1.677544559124478,0.5392186323820911,2.8857185946806823,-0.9064044709960908,0.024924421565099594,0.018689610981320798,0
-2.551403329912336,-0.21187538260506322,-1.5203779234606256,-2.49468511278407,2.906645047842908,2.9613408696389487,-1.0806322558249306,0.006805246427499614,0.03955939137779083,0
1.1533914327961567,-1.5511550629062854,-0.4526585759467676,-2.525509499596762,-2.671747649609091,2.2690378390983694,-2.4909087509195476,0.024954126137431667,0.0072739177470776675,0
-2.384261829347798,-1.055922933636844,0.8480591655963319,-2.1139513168973045,-1.4758939028454974,-0.04962211897843897,-0.541675675871709,0.010944133881216747,0.02869323957379399,0
2.2825314751806274,1.6458792107424005,-2.9495319280769285,-0.5359039310682623,0.18224120857736326,3.0661674363208724,1.702369590756407,0.03206652698789107,0.013980265679948922,0
1.810829394717619,0.010610434480762931,1.8583137561438439,-0.06052585846297864,-2.8936130603163743,2.790141734749632,-1.951649136745016,0.014842252104411719,0.013631994006929835,0
-1.5982172942547799,1.7065273007129333,-0.35972923763065223,-2.28539246605957,1.0919893404282148,3.1181390272226928,-0.00013749007301511185,0.029851152875460835,0.03775899230758427,0
-2.029245302353013,1.5896029917091876,1.7507617240958822,-2.864057303555725,0.7792263528440233,1.3203880096365712,-1.4121702806678718,0.0010367246702751842,0.02675501963614094,0
-1.2016952733402964,-0.3274037231525775,0.19877527618673207,-2.4798259015838453,0.6557025734446751,2.3043885154786334,-1.7246518479412971,0.03675558361761181,0.00046092636359696293,0
0.27691360559793576,-1.2209424128298751,-1.481664041979501,-0.6517160715720718,-1.8387838061666468,0.2719399103284378,-1.6343225441514797,0.014884088229432027,0.02621896456493942,0
0.43915510023570237,0.06395284171888549,1.567409900920175,-0.09356979330210224,-0.4313608558901354,3.221959852017266,-1.2171950691058702,0.024537299413281973,0.00116561062827647,0
1.7967627644543147,-0.6434892233635683,0.7083558959070886,-0.0070897099635245375,-2.117982844544567,0.3608080418743614,-0.4312264696907535,0.026689041939608745,0.003745054696138146,0
-0.10550268356992598,-1.5984486527859056,-0.4578249251508746,-1.4167713828494228,1.3941169582772308,0.28612507484593885,0.58146529276515,0.008082062672343158,0.03948686562942428,0
-1.935942434610929,1.4269296904099036,-0.35275150872652405,-1.1169100500582458,-1.4071394462795916,0.5484146459264869,0.7098977302837635,0.03922082561672437,0.03614202884006566,0
-1.4374295062205131,-1.561112409568571,1.9761456434844393,-2.6484388570556736,2.4180422824086096,1.7059211352702421,-0.7493347052837187,0.03016907802331175,0.029745130346670503,0
0.7623133795983645,0.7314078407322351,2.0352262932440115,-2.2078331837674607,1.8391798591044268,2.7228325956790385,-1.3453085411711734,0.01078444946133852,0.007914510792408751,0
-0.6220230484719456,-0.7944340993981693,-0.322689874827939,-0.8229490845972203,0.18434710881935157,0.11316718459208482,-0.2936357337753086,0.016187661860119867,0.005339060167276228,0
-0.027588545417426946,1.1585878445631692,-1.0551724295306677,-3.094004741988794,-0.7853035228534719,2.372450554982946,-0.005842765092574531,0.021282503063371934,0.03440908906885028,0
2.134529744272758,1.4324782285549496,2.363930209356202,-3.0581408629055167,1.0419205090042625,1.550341662431408,-2.2263788615119378,0.006512791006523924,0.026921350055453066,0
1.558879718936732,0.051125586900496955,-0.948926288944445,-2.1524169565014146,1.644317004514782,2.973342029724121,0.14989483393822134,0.0272260787187566,0.011063050699487298,0
-1.1369895201620273,0.4945765931291557,2.8421405489048763,-0.1370821996153433,-0.14640543404991524,1.2993139813602328,1.674066781856831,0.015840484065487607,0.004929603769176331,0
-0.46004091699432825,-0.2724069845931538,-1.2281345753246422,-1.7607439520799242,1.3852579974489907,3.5747990268490937,-2.696002837844239,0.028169262207175853,0.011061283721207484,0
-0.0533585170946842,1.7702867540268008,1.096039367629746,-2.7639081527090514,0.6141819158175661,2.163429869330234,-2.562723946637537,0.009196965908631225,0.03231545936251919,0
1.2385345698911858,0.870598991358005,-1.6884734410282067,-1.2210860901455223,-0.511651990846115,1.7279596449029708,-0.16351136159286828,0.001191124678446034,0.0019038387231141663,0
-2.096889688538668,0.0006126354540625378,0.02649325917783285,-2.4833216619500638,0.9611158715725248,3.1472072340610473,-1.1753436560163035,0.01659920299999828,0.0018051026401257708,0
-2.4711096176509755,-1.565588561794486,-1.722588006038611,-2.6659137030219564,0.8784718143514163,1.5099546181102048,-1.1269182703443428,0.03744469608324664,0.0016083052397131237,0
-1.123925154630298,-1.1621576976739019,-2.4143633000950864,-1.334800752802722,2.537739404252567,0.5980014916647145,1.107363157645446,0.004515568910903056,0.004219800977788513,0
-1.2358635940551532,1.5061232434708451,0.13247704952535377,-0.7725753922445469,-2.836557582999166,0.13805588295211202,-2.1415474798581613,0.02943336355663677,0.02360363168934677,0
-2.6267606383011755,-1.4956869630709195,2.684665583563666,-0.8063366274956483,-1.2448601512683206,2.3192840286225307,-1.5143344046588942,0.037184281741379145,0.016632678950991207,0
-1.845161458190174,-0.8553942132662635,1.5289050902127541,-1.6580715510790587,-2.7781882131588223,3.29100198143049,2.8609004057917438,0.008505035703264427,0.018735635118304863,0
1.8444638888545763,-0.772577977865273,0.3283775468361334,-0.8297573483439327,0.5591958239759145,2.195090359055132,0.8194527940957248,0.03392168049480974,0.03414380739618278,0
-1.1230203309694267,0.1922692794700278,0.2928139301529029,-1.245442881734611,2.0702534859150448,0.4479314654631181,2.504944446614211,0.0262604085667119,0.011992558547922272,0
0.7864577294176094,-1.7683007623043243,1.6859626234693308,-1.1966071376360052,2.5185304344236674,2.9928402864596566,0.707659802216916,0.03843290122960035,0.008230085922482342,0
2.1061825108309393,0.8516363724267231,1.9766217304630627,-1.3475310114959098,1.1011089670902767,2.5383236273254113,1.5092665441233781,0.03528819343272531,0.03456355905599454,0
0.6764145756095217,-0.8257443232156803,0.8135294198639769,-0.9625330616883523,0.4330467650475449,0.27891786291845344,1.9002614519717347,0.039058089511305134,0.0312575569600335,0
1.9483835361520998,-0.477783683566567,1.6033699483095716,-0.3606599697395727,2.4688092146466887,1.60026971151049,0.847430990607208,0.007631319209792462,0.016990731759175547,0
-1.4651343537393668,-0.9478457251828616,1.286160100316747,-1.3216669877794065,-1.9993405640995485,3.188488433318283,-2.617407375970215,0.03079296802156677,0.005963830998242088,0
-0.6612932537310945,-0.15146407835934617,-0.17060932274364493,-0.597376670883218,-2.5230842869357044,1.7353563616595278,1.993819283671217,0.01894328496251992,0.03678854654934063,0
-0.4488315655070654,-0.006282448740788871,0.44025183829680925,-3.122257869400875,2.2307540327259257,2.645547243372726,-0.17294397200940193,0.03545807565447977,0.014122612389878162,0
-2.400102947126083,0.5173373702818382,-0.767334888453886,-1.9165026799901455,-1.4444196423829023,0.43407258610543026,-2.5361034224253123,0.034992173734847094,0.03714201386627469,0
1.0584244761955328,0.1013809917264128,1.705107472238422,-3.0893748607781157,-1.1679735502009718,2.707379252921701,-2.456806306657387,0.012737506850242025,0.011898976736852114,0
1.4528058314482108,-1.3698956874140968,1.0857940564977215,-1.90295323861159,0.28672495805008147,0.19317202728474148,2.314417768761364,0.03504048077313585,0.00405620377756462,0
-1.8420363714634673,-0.7995573238367937,-2.7528345585470504,-0.1048231408469138,2.2118560894137667,2.949243301118289,0.5910513603724432,0.016351291734439482,0.01396449396790993,0
-0.1567570691210114,-1.523653379918119,2.7125269063036277,-1.4145196175714074,-1.2129149053316708,1.980193468097255,-0.14664816085396115,0.023904149079972684,0.022830741042121808,0
-1.273687461794224,-0.7599304371799243,1.2181912956040857,-1.663621104487767,1.4438549450514526,0.5902588010504413,1.6234561074793752,0.031088019421536082,0.005046691324112169,0
0.3023246752333404,-0.2760385410706443,2.003288126110181,-1.0014303240817393,1.5914664167445243,2.628124989606731,0.9940667311511819,0.014364304296977761,0.014499320874879564,0
2.266152035897662,1.587910970781593,2.1000625322436,-2.487641732426587,-1.1695104362515882,3.6366481448662196,-0.6185526956911729,0.02597289791215324,0.034121002109429865,0
2.5552808055347804,-0.1672796015370519,-1.6411306809626889,-0.6328656906118248,1.9958787543701928,1.9710881525517947,-0.7989716128635451,0.014286777670560143,0.016223229036493855,0
0.6851048168315148,-0.21270003020192974,-1.4211556530869873,-0.9154946172840184,-1.2061551859940076,3.583572087023878,1.2906290059783907,0.006749920451085783,0.0010493914315011699,0
-2.458700071990976,-0.24507828781855112,-2.19139723451117,-2.7903737761303553,1.0543716141342228,2.700370807913493,-0.1902494754366244,0.03909534182089168,0.032467009160033006,0
1.157461157340411,0.8752935352838664,2.9457209411557064,-1.5672162292415586,-1.5402603230489247,0.8921814842076702,-1.357963710212867,0.0017295914829273907,0.005477421449909774,0
-2.4821125892025413,-0.03983800083793332,1.416888648422335,-0.3794932497048884,-1.6268345242909126,1.7985845230647584,-0.1234139004779875,0.00025256368977898624,0.03569892932087554,0
-2.8321901195854675,0.31855144615132924,-1.3231616640312311,-2.672825147357924,1.9463133542109436,3.4063092420247423,2.144904852818453,0.024778112784703793,0.008948877358773859,0
-1.9610872448292973,-1.5162115319069112,1.33744717417779,-1.1630977955976216,-2.755643820574509,0.6062241924463306,-0.21332987624402122,6.547358166357764e-05,0.03554833051960662,0
-1.9674464605046529,0.4757844479166866,-1.8335742983942651,-1.2266212698405727,-2.445459010833271,2.305090321987163,0.3520640305825582,0.036184141927229296,0.02596787298630214,0
-1.4196622643500543,-0.8678420449351234,0.8037061649469521,-1.7332904960509725,-0.11130742404131766,2.9386129560779413,2.5537614731869236,0.011327087780305462,0.004119925812456797,0
1.8446078344382673,1.7025836540321817,0.13050309175272679,-2.0736578275331956,1.302118980638863,0.8713282908764893,1.9209207288591599,0.0186274620828534,0.030165679645519743,0
0.3652312168340992,-1.2686822562291258,-2.9278497399575523,-0.644309868520113,1.2225520375956749,0.19103027189097416,-2.2170555901639846,0.00019458084574119905,0.03362374402957442,0
1.6012893477191414,-1.7359475907116413,-0.08834806301920572,-2.367672870699805,-1.5739811236045171,3.1619835011587667,1.5801432211000814,0.005836203954573911,0.025891732323382516,0
2.1999543801814734,0.028708672869489416,-2.6500558311745364,-2.3725479018704134,0.2466066144811565,1.0048395954769058,-0.019837640375479637,0.027097653089169695,0.03492084008891069,0
1.0081277353678266,0.8594178082039268,-2.8870994850407032,-3.1154508223720336,-2.4791114646546624,2.4762777924816395,-1.2195292977781094,0.01859436329673331,0.00994313963446194,0
1.6608391809621827,1.411572964299974,1.6114551945711084,-1.532506534900826,-1.7527434883595443,1.2924036842881814,-0.5982076618555712,0.019170306769600343,0.038419578084246,0
-0.6597983934655067,0.09186069306738576,1.1485073409522033,-2.8086184755775423,-2.291152844077986,-0.06963485159834631,0.5421598938149854,0.025880236785401644,0.03775132922114418,0
2.1148400098868714,0.6900830693418822,-0.029278969203628602,-0.4911518374279482,1.0628570340598045,1.4712241694592905,-0.30112286663211085,0.028214346439646917,0.035052639492738465,0
-1.165281845637631,-1.616078894337034,-2.3455867361462213,-2.5425736506934618,-0.9553531551167356,2.44998091597506,-0.4884217423665973,0.01980979381895291,0.03232147562854136,0
-2.1178919530464517,-0.44264816970141463,1.725298451935514,-1.8663348875712102,-2.921237261463854,0.003439887321273649,1.0330509105883423,0.003944161685000949,0.010951969549085807,0
0.39360243607375667,-1.294343742086927,-1.9922571239473799,-0.870470361483477,-1.480761924528333,0.6103413456835397,2.341800465639874,0.013333154120518165,0.038052647763133614,0
1.2067572028643139,0.6950204094193311,-1.1360261030342391,-2.225747168461372,1.1614433636468422,0.1415314473129171,-1.0198313737030102,0.03415610973378092,0.010221794906454806,0
-2.221311036366083,1.318923179937302,-2.17228356186217,-2.7845343221010808,-1.1869302520381613,2.8664621943065436,-0.04994349726338809,0.03918195439956389,0.03472901912078666,0
0.52736289669373,0.1165048734323888,1.389812432497282,-1.8370947182470314,-2.669080544279521,3.033250030106113,1.4611437757556112,0.025765338589925597,0.0046460189120117465,0
1.058855830417747,-0.03757549577131147,-1.1836937871125282,-0.08084332251105009,1.8430847826721712,-0.06568886922673599,-1.7740601564066192,0.007581169981598008,0.00040588665916923894,0
-2.000463291536495,-1.4717911760486275,-1.820442194171105,-0.15343282280699722,-2.6015128956781814,0.8292070689302735,2.058251647171421,0.009181758205048043,0.003629685193715204,0
-0.50273104462936,-1.0526307756623292,-1.2150741999081167,-1.7346401067506856,1.9177051875726243,3.0836349214924232,-0.9457944658538358,0.011040149724763722,0.025395566477115925,0
-0.894640588350013,1.6754192268248478,-0.8584325557392423,-1.6039951947046618,1.937150446250031,1.5422518282600441,0.04400264878762572,0.006838129045045754,0.03909291895215403,0
2.8735720572493384,-0.024811881743532327,2.724793929953869,-1.1739375943548893,0.5151959544536626,1.3445929674343842,-1.571278430926414,0.0031173497858776322,0.014319103566589568,0
-0.8063966160478953,-0.8684300724458277,-0.10629044688056899,-2.5561928494635415,0.8659293256038998,3.4409851742329005,-0.3619597893201547,0.00557050325199703,0.008747540976142823,0
-1.7193541300280075,-1.4332581373141715,-1.8353946329708244,-1.6784591569550913,1.628928716813507,2.1552448593294393,-0.005215789388060887,0.036236124531647144,0.006585248730507649,0
-0.8391202043700723,1.1778354202744892,-0.37662833663884454,-2.9446524563332477,0.01873830137526422,-0.07551959303952718,-2.168252823362386,0.019874853926212944,0.02923053096841428,0
1.4996845766760756,0.3513658766333141,-0.6439194866890325,-1.4832445300532058,-2.7949897936044903,0.16083353594739574,-0.8508731956702906,0.02152382970086223,0.03324147997303945,0
-0.3212575558979416,-0.033594038427010364,2.347674781034391,-1.4168311795642907,1.1281327367560006,0.9075430207620427,1.6214337222840212,0.0035295790701133888,0.026157484908101086,0
1.8197960689743007,-0.25907280769692953,-2.678133213324247,-2.825998751187861,-0.3087270810943852,2.097289987435373,-0.775218152409201,0.0033443458363011836,0.017938806507605248,0
2.5827326658800103,0.22656513230400166,-2.1007328997911787,-0.7869415875963583,-1.3627428119629144,3.760400558159807,-0.6517803703324807,0.01897443911874771,0.0035274640444865834,0
0.053209651299535476,0.9929014487499563,-1.409901481609656,-1.132400959502569,-0.0029743955911794018,-0.045536283998450874,-0.6841790795701934,0.0063447918751055755,0.030447122401495795,0
0.715334351617114,1.3325736075987364,2.4805648548955834,-1.9248423467841569,-1.985935190810745,3.1267681999227084,-1.0812567271205038,0.001240904084748733,0.009229800264742436,0
0.44289070304287126,0.47461023313962225,-1.6201847231714441,-2.284142100848797,0.1463959084736972,2.1343908828864393,0.10616830631999674,0.015810671227225077,0.03969343183243545,0
1.0874716402485087,1.6046022463262861,1.721709234799802,-0.9297155366235299,1.436348911667054,1.7689228480835766,2.859569440217768,0.03839406873731998,0.0005955545253509343,0
-2.8347208620767548,-1.158129734954528,-0.2956098131810547,-2.655869177731784,-1.651947845459036,0.6256634440922169,-2.858750713276241,0.0014453802999945388,0.00543370669468691,0
-0.29209832998783813,1.4057447756182453,0.3293635083149269,-3.1175787404922017,-2.641482656360454,1.787539835925856,2.5956991312048427,0.037827192801673085,0.020258778550698478,0
1.6511384706195105,0.07422201412863205,-2.9080831198991515,-2.56880534967115,1.1488143578156236,1.8220901651648977,-2.2213984422764663,0.020275725185935373,0.0010215528274097397,0
-1.2347398428537235,-0.5577565429945914,-0.6746147069665729,-2.734177445070024,2.5056506631274673,0.9881746620136179,-0.9478146222744148,0.019643621581336815,0.018742642527640307,0
1.0515624592046966,-0.2827783364545986,-2.0787545391228868,-3.1151072340654373,-2.3234011395917333,3.399784117462693,2.264249389385418,0.03917872558958119,0.024562674871315957,0
-1.1232602738604571,-0.7013463533752882,-2.8852116692094554,-2.270110276426134,-1.4134009580136675,3.355442725769505,-0.3021030319017046,0.008949009439962885,0.03229732634218652,0
2.1498653787907283,-1.1990671779203577,-2.3406603966501707,-2.491504812247108,0.07692025134108604,1.6140746652416211,2.7367415380001643,0.024089859561479195,0.004730511802875363,0
-2.3074446919305194,-1.0711469410530947,1.5379593655926498,-0.6814822394218885,-1.1396992112315778,0.9426246841920815,1.8073670626379612,0.010820916716395427,0.02218044567937387,0
-1.9629549841496348,1.2379383666339587,2.1584708804676187,-2.063868091519973,2.0386676837278794,0.2663494486816838,-2.060625624073361,0.01251560686710694,0.01744968499600676,0
-2.694363264308004,1.4516971085844663,2.1474272726722456,-2.369213846211681,-2.2681691359659313,1.7934064735582158,-2.5543653976158534,0.034829572733269525,0.02510046762086886,0
0.2914162210044844,1.607038369648382,1.004249579924517,-0.8341744771116062,2.0395897472213975,0.14039718580365784,-1.7707671347928602,0.033849363008061045,0.012704832188975383,0
-0.9877484280403281,0.08144876378341381,1.0673644443173296,-2.783901324300817,-2.8628964431622235,2.4553673333847956,2.3114774872016652,0.004592342979786861,0.026632048934118968,0
-0.15030648784412604,-0.900705330288371,-1.8079312171955373,-0.48655800747341704,0.04456726027239677,0.9558417830589897,0.8187797538012473,0.010413239837811554,0.0011320954664955573,0
1.8187176542837098,-1.1442598592924325,-0.006963535114402841,-0.1887485651707963,2.374091694182478,3.6642095250937166,-2.5945482357967755,0.03937650124458642,0.013077241216856455,0
-2.0633339008846328,-0.8144224380248115,-0.9527373667703984,-1.6875505246714249,-1.2515307685074937,2.177573630106944,-1.0319351096275005,0.012288114785689102,0.013930679862642292,0
1.2912792817170407,0.08571738918524296,-2.555526526611151,-0.2326424299479366,-0.670662923632638,0.12921017816700087,1.0760902054908024,0.02475162841852118,0.024088343730787956,0
2.9384882820299656,1.7386673472038396,-1.8970441388896129,-1.3625931670759528,0.6492475458656144,2.896616640992451,2.3235863553794496,0.004518499226693158,0.012486596704013055,0
1.253968457250005,-0.07236457332598567,1.3764687460124256,-1.3273082234746527,-2.7274272500594585,2.472055185185798,-0.9874188169646148,0.03918709643032784,0.006902570133624377,0
0.8876376128008729,-0.9315608018297175,-0.9789945377266034,-2.4620625526989484,1.5565065739101036,1.8269051447739115,-0.5630520062133262,0.0270961433482792,0.007975971099790096,0
-2.715839869548852,-1.755873443261003,2.624729760689537,-2.623307744150158,-1.725335623029301,3.093505506188379,1.1792586547340815,0.03181784647808322,0.018238256549399725,0
2.362601068419361,0.9695593416535628,2.648468621306209,-1.4219565773317702,-2.925506495152076,1.5060272835901904,-1.8705767866125989,0.033910557742878426,0.025902770620615356,0
-1.7896209207186358,1.0132784482714292,-2.2390875826234784,-2.844036723185855,-2.257942133786507,3.4694972467921468,-2.334721338475341,0.020976849462019716,0.02389978707912159,0
0.6843754689750465,1.3408991523711837,-2.058862292465782,-0.4460556351907341,0.8510588546753599,3.503694664953404,-1.7256047253688582,0.003541530817474183,0.012844526036883748,0
-0.6609584195223999,0.39775667412825366,2.105256573508227,-1.2211035918538387,-2.2408349616178826,3.384459884530417,2.7606973347749464,0.030488407968948486,0.038451425789562704,0
0.8863834797352377,1.5988503103127598,-1.896116178115722,-2.3202025676894773,-2.0177190599173462,1.3706895945586912,-2.835692059496121,0.008078446564223936,0.011230093380982535,0
1.7060832736724536,-0.02701637396032419,0.10763517246094167,-1.487746920797378,2.857644227641964,3.3546290007995743,-1.9935384686814182,0.026278306933884044,0.03582823573850926,0
2.1080905668518866,1.6681854123086677,-2.4928725981463704,-2.2109916022751577,1.6050748813958742,2.1536776095569947,-0.27889748192428865,0.022750244200762212,0.03170185309573377,0
-2.0101579852260487,1.6345391401253033,-2.027286427826077,-2.551788601740837,-2.651234206254227,0.7166089378772894,0.6934616906372146,0.0029140922106091916,0.012519575239818389,0
-2.2758382264232697,-0.8953876236784888,-0.6423758130369985,-0.536159415252965,-1.9762006282642073,2.8717150368835935,0.4350823473340757,0.03207607796126922,0.025536423649898717,0
-2.1720554956208646,0.012455884258431249,1.8560940538512454,-0.8543180679967,0.19245692229918543,1.0754329930388136,-2.822854706191633,0.022123910642524,0.009655810095062533,0
-0.9766659995487548,-0.021690566060363015,-0.6025259683283744,-2.710528218753887,-0.18604065082972143,1.7377088034951613,-0.3865842535669226,0.03706342392959779,0.032789983126445155,0
2.0723413574480474,-0.8430718879709296,2.316232159428687,-2.1573571583726534,2.752041006933131,1.8044714690130081,-1.9614134254725586,0.010295286708522951,0.02872734346292172,0
-2.7924169937759658,1.4314827218446575,1.4393490564152782,-0.4182438739643719,0.06974887357389203,1.3132870565687935,2.046524673028451,0.034723230773442165,0.00253187317128138,0
-2.420380970617261,-0.4868132614883276,2.2422654275433085,-0.37103363420243474,0.6030430224141003,2.2577901995120504,0.19944548351756008,0.03354455263999748,0.033747483553407384,0
-0.0896027389793197,-0.9331460321771021,1.6487094646970122,-2.3817204025315823,0.6511372618236808,3.2979129575952224,-1.6766697390845777,0.0033628913436299745,0.019402728144136693,0
1.9870653305517707,1.01057095956597,-2.517952218843025,-0.11399987809299672,-0.9988134728723823,0.9894135810635644,-1.4559451329267352,0.022777733609115555,0.00867156295761633,0
-1.794815945087296,-1.6354632061203087,-2.72540199959087,-0.48456737266633,0.018669398311888852,0.7203912144843695,-1.687341426250043,0.030140097531592195,0.01512030568192026,0
-2.767004568353655,0.664825897388597,-2.4529197519040045,-1.6659157009024608,1.8763439878798516,0.35539477777340955,0.9501374503607956,0.0056537122265820595,0.025075966259266613,0
-0.12393649951008623,-0.6675164459610734,0.0794942654423445,-0.1724003196580095,2.2057692167717593,0.1032048242032478,2.6413545573488855,0.029664329871729355,0.001360430157339434,0
-1.6728620271859163,0.12210088188571322,-2.4640596917962503,-1.0235826492224667,2.801876270172722,0.8450064391287238,0.19655027494460375,0.012747510312353345,0.0035484635521356236,0
-1.7578149240437202,-0.8268578017510135,-1.9112716827397127,-0.24237544657725163,-0.34394033931551204,1.0357944902968519,-1.8330792752684364,0.030659959696428932,0.008840907103014098,0
-0.8135990472507961,0.6790483668755953,2.329413177445368,-0.4317116364868059,2.9260887691118938,1.9786646583761063,2.1060905812506596,0.00012087828169675685,5.3681171150703476e-05,0
-0.8441785842773633,0.5055453777249774,-2.5048631079200976,-2.076762276314883,-1.485334492080223,2.004830115550834,-1.7494470991349047,0.0020011780676628633,0.017350523859125864,0
0.19948065154125016,-1.1536030136586284,0.5329229708417764,-0.06518414175339826,1.6352352606381104,1.0026041615213381,2.847456751366979,0.008951249038216057,0.013257998859495981,0
2.7927571340284003,-0.15450046443083965,-1.7922332687904263,-2.6017516285877544,1.5353917006010156,1.1480855729444692,-0.029327788004073874,0.034662152569747695,0.032007604355387714,0
2.4944708307012022,-0.9386031871430514,0.20031659215987263,-1.0942224869768937,-0.9422676101206524,2.627137047232789,-0.1490849472371627,0.00308776568195146,0.0019162217360178336,0
1.8643372241808946,0.6589960140126092,-2.4081236340808942,-2.761016469684078,-0.12792677217910553,2.65677958909174,2.018606712413089,0.025922852882617635,0.014938077465409783,0
1.4637341418102419,-0.5631632273831084,-2.8109938335864952,-1.5798224853660041,2.6264230391298535,1.32092277787519,0.3450570644837221,0.013466326887425302,0.028198153589339345,0
1.0877847792349447,1.3268499709719916,2.6696606413765998,-0.9396516504290364,-1.1624743146975558,1.3357226003440517,-1.1563594082705486,0.014239172568921186,0.031262478840939134,0
0.43820955844428067,0.006403351178186911,-0.26777042761575887,-2.92366626990229,2.6655645560269385,3.352170985396597,-2.6928602485477438,0.014303902862795726,0.01374755381054817,0
1.4001204104321112,-0.7865088142514838,1.5787851108807165,-2.0988269662277053,0.7185495080925635,0.8892335933909248,1.00749789145586,0.0001056256856788984,0.024267670657621233,0
-2.6799859797474306,-0.5334815622013016,0.18855607708657107,-1.4021845514214244,-2.1408957060382994,0.3644033271913659,-1.0587111754461276,0.03349502517630628,0.03694739740317617,0
-0.6692202211604688,0.17779538835708464,-0.9302506246161251,-0.10721111804797756,-0.027348335812571456,1.6418880809160006,0.2784752010242486,0.0011343829865867506,0.007064655517137503,0
-1.3424450114178357,1.1006036396472532,1.259709640162424,-3.0143541911780054,1.9020179057994544,0.5058284783801446,-0.6888121390290403,0.01842255346186104,0.003834682191875225,0
0.32942228956157926,-1.5621385379750738,1.9430516806103664,-1.7447467242148618,1.8747767257569552,1.8832647304684795,-1.3215698869144443,0.015165483283707273,0.022612485227075787,0
-1.3827982777045955,-1.6458651537795934,-1.1915670198998347,-1.7957380368816112,-0.21628322717445947,3.7936685842455797,0.842962495445065,0.014684700888415558,0.025590766154050253,0
-0.49662953215969674,-1.5687419667036773,0.5718870647947552,-0.5455186169452215,-1.473463599990747,0.4591698371441227,-1.7423752352953894,0.026104577230804626,0.00238613400094839,0
0.7222635289156853,-1.3963899120034156,2.3353697421693576,-2.059351395920392,0.04901838382194601,1.830824843931077,0.3410947244041225,0.008681479097553133,0.034413966925775114,0
1.3179193827294582,0.6804342491839528,-0.8923754958076411,-1.3903912205604312,-1.0486288789768048,1.903169964957762,-0.5196247900902615,0.026736505109292184,0.01872858404153911,0
-0.21762121561957226,0.002548549061906158,-1.568529088508264,-1.8193510842231975,-1.1158762439858332,1.1597073955373134,-1.7203708549179457,0.0069813005697769,0.03220906997976897,0
1.1927423620074538,0.3518776676979416,-0.39581252386565424,-0.3612125624411937,-2.6585162972082785,3.77894177760459,1.6740420553001019,0.017528843070155783,0.004472248514341897,0
-0.07775274193633797,-0.9492994342194581,-2.6708490613341462,-0.4765093289633935,0.5546654580543176,1.845167661589276,-0.25771079281634,0.03793157901550149,0.012032957994886684,0
-2.367687161856064,-0.12662292995144964,-2.910905953307104,-0.3878104720287405,-1.9062315672126116,2.61974586261223,0.8639099192238819,0.006232639314265258,0.009293737136397903,0
-0.9352435401226042,1.3419080342694454,-0.41144456421774045,-0.8020751742379586,-1.088431332167244,3.1156011422922254,-0.7354000834437082,0.02661248883021424,0.03837261206465229,0
2.362018532872622,-0.9603135054129656,-1.3840807565057756,-0.8295789895700318,0.5017669543210475,1.2990112739300355,-2.459011989352015,0.03871439754723478,0.02296241047702265,0
-0.11909490383972754,0.4794703600637009,-0.2139268611728009,-1.0836017128320008,1.2601407806865708,3.3640494660175713,-1.3862996529790734,0.03699471035267658,0.03797931694621515,0
-1.205711686374804,-0.4957570926071897,-0.12953200750359795,-0.9372860900192643,0.09076649582617113,1.2803731886477279,-1.9815388474448055,0.022646102529416047,0.0009766419282526862,0
1.8751197561680049,-1.1870544802930771,0.3415684024482366,-1.7398683186576027,-0.6505431230654328,0.5767935809787499,-0.8545770888011162,0.009661310772448384,0.0125828471255998,0
1.3032038164065205,-1.300995195226363,1.9061551200700237,-2.0144962512097524,0.6905689609018815,0.49971895399843796,2.2366943215209356,0.003524844003456087,0.022513551248206035,0
1.1168466160141741,0.7390900597318251,-2.3268508987244414,-2.8926484036902185,-2.372364490368353,0.358194148973517,-2.338431404109628,0.035875688557827225,0.03846084997614264,0
2.4528874303730723,-1.285452958063579,1.651509135429126,-2.7775183475559615,-1.587507283760558,2.8396001471124186,-0.34296566667299455,0.018016632413912773,0.008120761502594474,0
1.0238346926948245,-0.6177394397764,1.4823448440056306,-1.9056394076693932,-0.80694289617306,1.3074518996735978,2.481515887589825,0.03881146947025998,0.018282408480784298,0
-1.7377872835241384,-0.4961290942592995,-1.6161366954574972,-1.7730116917332,2.8500734117115347,0.8152488759245841,-1.48151568715754,0.017294978844444385,0.009067685570123172,0
-1.0899641705593672,-0.9011279613517428,0.265473426097258,-0.023054485810067415,0.41995356926243277,2.136727700578509,-0.26840422049468904,0.02672900367038044,0.01902942996953238,0
-0.4240504174232309,1.1376380706131684,0.6362896888315039,-1.1989272385321355,-1.6653231256000527,3.3163808464587583,-0.8826781139424686,0.015726741828558984,0.021530578636527346,0
-1.961914933176223,-0.5823315283221342,0.6997367885470442,-0.2982887836641064,2.060716953334914,0.11473889879016085,1.3877099089738887,0.003219759231658643,0.02782972829383517,0
-1.869199006348093,0.6005510701759162,1.3911115751882588,-2.26877078491625,0.062493195771011756,1.838083240509307,-2.502135993307732,0.001850913875530611,0.01319861352997775,0
1.4880374038219277,-1.5418264531929982,-1.169959426116546,-0.43517112553525683,-1.4918143596972235,3.268296015421859,-2.6235948001281675,0.03554237848456002,0.03590247794765559,0
0.6891936546264636,1.5917358527001324,-2.3351070737699935,-0.2186927289206806,1.6452812730160278,1.6023771317297781,-1.989000408075159,0.022777145012686933,0.03508075118742743,0
2.611657981608213,-0.0019091231583268087,-1.8578794596163029,-3.1114998521246235,-2.692719480933112,0.4338972734343936,1.220818694221483,0.03738169878793627,0.028466315991123793,0
1.2406756009717497,-1.5269452701829431,-0.9242680725924663,-2.179313673050613,0.923870750311373,0.3674573340098949,-1.0572442029779854,0.037508110371124344,0.01183306831580317,0
-0.6924736898466555,-1.636765966774815,-0.01633474382933242,-0.9447308739705025,0.032366818011068776,2.6795797524463865,-0.47268765178477645,0.02439103350160784,0.030003164051217765,0
-2.9444835012684134,-0.2909954809071911,0.8157210828161143,-0.01639578840940059,1.6376895809500875,3.767071813317193,-2.2398281893259306,0.027687211554566563,0.03942473731888845,0
-2.0903704748388554,-0.7684932916175347,0.14684723031832947,-2.2579591065627747,0.47718340261274284,1.1630041259761128,-0.846182423466042,0.01054604394903952,0.014919481075271373,0
-1.9387817671949947,0.3373489879571798,-0.9322826580185497,-3.061146620914193,0.7889726434505886,2.0281725977240237,-1.7305366328391316,0.030907604563919628,0.010502494667465957,0
-0.9853085952674778,-0.5600640100454075,-0.10156695703966179,-1.4930419359380578,-2.3070020376603426,1.8727509184403957,0.06599172093360428,0.02744752666407544,0.0031051311695264074,0
-2.1665557682063232,-0.6988228622728043,-1.2170010807667075,-2.0650546149208218,1.7992072213220776,0.8679838360417858,-1.8847435211371943,0.034134720441707754,0.029096880329201814,0
-2.3463938078982656,-1.5906325628816633,0.19703979611060252,-2.155996176728893,1.0025220651925513,3.0491956870038868,-2.7287075363922733,0.035422440372576774,0.02197655819902411,0
2.6309376759199865,0.9549750388955076,-0.8349679800215517,-2.3050795470303265,-0.034849092599313014,1.9910979137535842,-2.5187953956908924,0.003236435636471109,0.033260390482892366,0
0.7203597849396215,-0.24599576905983134,-0.939017099668598,-3.0498215930415427,-0.34597739009300366,0.19056981246082916,-0.6661124177593898,0.0018932575399048758,0.03701442496109269,0
2.7712575121923906,0.1024340634413412,-2.501329989906814,-0.34524649161141285,0.7126736389173791,3.6268082817509164,-1.5637162054572797,0.023956258449870198,0.012271076102996697,0
-1.624624834847641,1.433049085868318,1.855165209259693,-1.1716666994965095,-2.0426264407586294,3.3287049964835647,1.4063884404211495,0.030003341572122456,0.01104002726415703,0
2.9427055401605746,-1.2083396719221704,-0.2671034913662518,-3.0026800952640373,0.5928070187380894,1.8371611161220667,-1.5622008896697064,0.0043415549581485285,0.03477547984978188,0
0.380123222531628,-1.218409259642962,-2.5622117786514838,-2.5551268560179237,-0.3804486525858377,1.748311445580827,-0.227686379897591,0.010739639137491843,0.01544429419324088,0
1.843783251327157,-1.1628740421969526,2.3017133224216333,-1.9152911463907654,-1.565506298831407,-0.03738730306469462,0.6076277632591682,0.03357615798971381,0.002883168592315637,0
-2.1549147194365714,1.1085708816081403,-0.3915023059477778,-2.25217179091337,1.9060043303660463,1.8274311948847901,2.8900715564482238,0.019713626848479673,0.005556440455911353,0
-0.7172903828265307,-1.337691079967033,1.1944815325513551,-3.119581483342139,0.013797471400667227,2.4598435484003343,2.361749303234961,0.036245795961805875,0.0002145330601851514,0
-0.21480218956806674,-1.3612417631254556,2.617141703195298,-0.30941027439151503,0.4733151098400721,1.8523470337919732,-0.413681830844816,0.006176615893077671,0.010871033386596044,0
2.2014872940161037,-0.3681583458889117,-2.1120734100128384,-2.9295523908450005,2.4151407310335133,0.14071912656856084,1.5783198333155455,0.007952737927409652,6.2481250030757e-05,0
1.6907699330134371,-0.5374521416386251,2.3104771990456983,-2.105043198195361,-1.2737161349299766,1.7828766872426425,-1.410991163415122,0.024634908592383868,0.014718033373060586,0
2.5909961850473704,0.9896422403172751,-1.3848654426732336,-0.4337988111579345,-1.7924807621012282,3.3883019061644624,-0.14783657238593007,0.02583852328405855,0.02872414090105724,0
-0.2935838928835621,-0.3576953148830917,0.9524163583215626,-0.9574933122759406,1.7173321836086939,0.6423058284048011,-2.8060974819403652,0.03809184373200431,0.03240174024808098,0
-0.8649029414454317,-1.7739441454885054,2.238536544451821,-1.7649724524130297,2.0675762943882865,0.6241706626470448,-0.8254991698595324,0.0009855421306214306,0.0071858193308569265,0
-1.126551091776219,-1.2029034234384195,2.682626626338458,-1.0156523623887632,-1.5983220886589395,3.789221825637721,2.6823789374545917,0.030914832594416155,0.03164756120147049,0
0.9615310298963795,-0.6976843195396891,2.4271478144675984,-1.9849901508520496,-0.363943905558084,1.3270827180161107,-1.4739614252741322,0.02499541287771832,0.03080584552610629,0
-0.5080896862947926,-0.5541721785228491,0.9835761226010846,-0.7504647816468752,-1.47863330194803,3.0724505393384542,-0.7215163685376842,0.011853531600952634,0.00833666625351953,0
-0.16237475997119688,-0.7312946283512389,-0.4731285337668316,-1.8395862204511724,0.9084248277264431,2.261664927105577,-0.7091175340313631,0.003578366058159377,0.03386875866333423,0
0.43645072050712264,-1.6300859881384684,-0.03293217092123335,-0.34122856240256016,-0.8562818240149106,2.3037797335681907,2.599340401846493,0.0019140848049358583,0.007450088683738869,0
-0.28852623116187726,1.3948828697634539,-0.9348939325921695,-1.4284392057084332,0.23904517836792616,3.656648607870794,-1.9715542262752326,0.025316630630516083,0.01596259428243832,0
-2.1856168138554297,0.30485751451317467,2.7001562468184503,-1.9488591680096343,-1.3766933641726038,0.8748975544679666,-0.6967826490813263,0.010838722164772597,0.006651913674938546,0
-2.4502064703497806,1.2969521965598008,-0.6324736687953436,-2.611390769024225,1.5265218296245533,1.0380108823457046,1.9837507307710243,0.03471410370139464,0.0043183337509902445,0
1.7794895292301232,0.6642775252222688,1.6915992130608228,-0.5432012666270758,2.47904243625953,3.0233504528928457,0.3576074562011762,0.03273079779940504,7.281895065043286e-05,0
1.1909826092394256,0.7765591285488489,2.247266921382303,-0.29259306823704057,-2.4430821242902674,2.0256391621189778,-1.9561354158525202,0.004030486842899768,0.002606159135939246,0
0.21057580306139956,0.02606677388065526,0.8241795482602092,-2.585401807063914,-1.4971372609622167,3.335075612480353,2.8739145389797813,0.011599348283598059,0.01904019849033705,0
-2.1943725341519573,-1.715574917811427,-2.4832429232339983,-0.05350949978267039,-1.7822792703785426,3.0204092134696325,2.8321427573953604,0.027472617119403853,0.026143237951976345,0
-2.252275122087898,0.38349205254237684,-0.17755548172021607,-0.8991032873358802,-1.0981883617715726,3.740658376338058,-0.8889698348845436,0.011094270549414888,0.008671102981575998,0
1.10445878876232,-1.7542295190045365,-0.49294002355153754,-2.5692357237693497,2.4512931340204056,2.632914957646534,2.4207905611880407,0.007651930750404339,0.033509672320592765,0
0.030323622065064004,0.32688991510791854,-0.9335846386307218,-0.6603443427339526,-1.9853286370023855,1.8432905111380113,1.1825396770311483,0.019068613421893765,0.006265500324337947,0
-2.8206608868111203,-1.0765234050983359,-1.9679118275045617,-2.851902184568779,1.1597231253677731,3.613848356941701,2.3730246704859383,0.02860945448746773,0.005156899536238573,0
2.314865172318742,-0.03914428365473421,0.15730435687188038,-2.0062132384198392,-0.7269022862812387,0.06732007006575953,1.5012693782262168,0.007227409650221786,0.010791966141314698,0
-1.974389045769835,-1.3464967885205161,1.444752295651234,-0.5130342361703848,1.3434705773784992,2.6356961449190233,0.5101228232927784,0.015702357467437887,0.006185487298962369,0
1.3885565526771377,0.614310402798935,1.5814117214175307,-1.3580246446246034,-0.2778023710664206,3.3940339041256076,-1.4841487564438167,0.011106382890665829,0.039685803633177225,0
0.40791715932201633,0.5464417722194341,2.4545442269141895,-2.7598189633929624,-1.2947400221763776,0.9990809409198641,2.721281360255633,0.008641720440757297,0.03708154772036708,0
-2.498172993698642,-0.8823008485893405,-1.773299192693962,-2.5664380199415024,-0.634293353835127,3.3016397817768808,-2.0976247669034227,0.028927988198068213,0.01796265162774273,0
-0.1704730775230514,0.7613412661385273,2.5352556102663963,-1.4469489940894633,-1.887267572215315,2.326629838968499,2.1526803919136612,0.009434962479791618,0.011724115766561086,0
0.6783742666238006,-0.5040162685295682,-2.8589756177942807,-2.2862891528173934,1.593956602348825,1.6049747404736718,2.497631894855503,0.0034578333580446152,0.024083304255980348,0
-0.9665087011373537,-1.6654205668687732,-2.4166291528973796,-1.4058876497953459,0.83327560246539,2.9769492097381733,2.479024452178671,0.0030949999223961956,0.02549840350361422,0
1.6450256671542873,-1.3324490245136813,1.3078310984472599,-2.5417896073103465,2.406655489211435,1.9746905901227558,0.6864148220820576,0.024385991563844096,0.004033688131365744,0
0.20032455062615728,-1.2007108390075345,-0.3463271422111318,-1.651239995962736,-1.6709154701027722,1.6661749022398809,0.13033601512380288,0.01815040861451356,0.029472431811888952,0
0.3114937294140221,-0.7673427611734274,-2.1707225823340393,-2.7673050989717995,1.5778190998505308,1.5413811469552783,1.457417166760044,0.029495025721215155,0.03373730444151195,0
2.962587674989241,-0.13164370099477063,1.4207527430658167,-2.954983172138723,1.3333800519214516,0.2799755170230994,-1.8791603445720666,0.0026455652830526598,0.024815801430055413,0
-0.5386414719922561,-0.9499586306887045,0.7892272715591884,-1.9477422099579507,2.2370102964693985,2.172249731226436,2.0913382476346114,0.03988015352252707,0.017137336263738177,0
-0.3990059074889687,-0.3576902554178021,-0.2643362299954739,-1.3042467811446072,-2.375156225201775,1.0595547440344735,2.7434879514938024,0.00830890248353242,0.007693480092206917,0
-2.0645428003980846,-0.00728432122890732,-2.29378486757879,-0.15666421473715486,-1.2298525965751328,2.0584982656092925,-2.3224824775963544,0.02028199096170653,0.03881935209789777,0
0.6266134509342862,-0.2562193935722161,-1.363847957936994,-1.1962640887203837,-0.9323540308620473,1.0370451128145115,-1.6799152442613567,0.007028434832834933,0.0067476988917688765,0
-1.7639423208952902,1.0140915361108445,-2.1151129445196135,-0.4511026988420457,0.004342109366819447,2.557255464770578,0.4606674088337219,0.03733175757157364,0.003917665040364784,0
2.0928556555939175,1.3772347414134776,0.2554702438133254,-2.5711267303432512,1.2924415767630664,0.0897334175054539,0.8940358470115366,0.031118663611252654,0.00021102653583404685,0
-2.8415476468242735,1.7399159775573543,-0.14745138998774854,-1.085444254956391,-1.4807058485959126,1.3566963223001633,-1.6135858674926657,0.026025916986077705,0.025365462424096163,0
0.6907679616307631,0.6745732543534,0.5009677991991968,-1.2458542852764973,0.7688897990073746,2.6625483409317585,1.5004703395286403,0.0029792581222211865,0.018193315101852035,0
1.5927174803400566,1.3694336938182141,-2.2247306580467057,-1.6341406774709677,-0.11201588039038901,0.4451507050667968,1.4849510508018908,0.009162579246625686,0.03289297448052672,0
-2.369990705961605,0.030791854445308964,-0.9979357467089665,-2.8295100600475265,0.4345033484671528,3.711237412721962,-2.8138160405010444,0.016244558654247152,0.014448847553936202,0
2.197416689737175,0.7755739304761977,-0.2891444364712483,-0.2743419494334205,-1.6864038679832427,1.8650553611899252,-1.0637574720617442,0.03148032963859893,0.0016800257045499034,0
0.8842553332767671,-1.4234118689541542,1.9242507040376293,-2.459611876217656,-2.578957069340064,0.46350737682746795,-2.758829486754749,0.014768942082911627,0.01085184738988401,0
-0.9218559565840527,0.29264547810966524,-0.1165703917915164,-1.728530555023526,-2.862446046513819,-0.06697336545111432,2.6096658929692995,0.00432585370807697,0.020018971220140448,0
-0.6860742537489024,1.458944584604185,-0.1838853653843011,-1.2004242612295863,2.076719589040993,0.16171558103793832,0.05323801443974041,0.009608406818471131,0.0064680442498411626,0
1.362835016801498,0.5662532345164764,0.9084154100325845,-0.9510586871221878,-1.107932408347603,1.145677743779099,2.7414484638220853,0.015584060434238572,0.028309532354034814,0
-1.5319904995268896,-0.43152954848797576,2.7142953732476465,-1.5340136104527171,-1.7186847495698396,3.738732457876131,-2.501849119045017,0.013743074446442276,0.010432957981313643,0
-1.789503037116988,-1.1383343906888665,0.5375788666820234,-2.0125376336856786,-0.39103756193594696,0.20990520127150736,-2.1425420858325905,0.009516904213564584,0.013534844000462166,0
1.4849528606371298,1.7831999253677637,-1.0109529750522337,-2.2887028350909264,1.3360557034762812,1.5021463952107563,2.085447524329767,0.011035928867681757,0.006995771389779919,0
-1.2125450450711814,-0.3517634103894489,2.1777278499717174,-0.030731758245646557,1.125151884771587,1.5696608524799636,2.6451420172166267,0.003152888097648656,0.0309403738248919,0
-0.8328773916037595,0.7583174891774596,2.1782257251041863,-0.672777330050319,0.7640291967618689,1.9984180181764932,2.7158316733486987,0.017047716918688526,0.010422719478169884,0
-0.9985631589515693,-1.2893764364708071,-2.129458389141765,-1.6719042207209052,1.1590243852322186,1.9112877973793416,0.21285796911766042,0.00848473170319672,0.011795848820991703,0
0.30169493549929083,-0.7987314576323044,-1.4452291768130248,-1.8924713180865849,0.6501736560858813,1.8425863120292987,-2.3991531992831785,0.005666253907105361,0.032547581310568965,0
-1.8759340588977524,-0.4436181764406828,2.826650772475246,-0.2836806644341441,-0.50449811938413,0.6690258352492152,2.5889193066024947,0.018649259934950094,0.0009384561829449335,0
0.8522088570460857,0.906664320382794,-2.8592568857197747,-1.593169586360159,2.7796391507673284,2.422878104605364,0.9653548550777331,0.021564155519314482,0.01624007942775104,0
-0.36495023460208786,1.8266665865571035,-0.0706488775183658,-0.5594397764827224,2.4403579907337565,2.05616674677044,2.85756094722294,0.03758448222636138,0.018958987150393472,0
2.4743643392856796,0.9285290931412169,1.5777539811650718,-0.9681277695485155,2.474290980022619,2.152598121986555,-0.2619761639447944,0.02604525001630246,0.009641316598361893,0
-0.1639749560079924,1.7288403294949755,1.9020540621755697,-1.667612341672521,-2.3487871878824937,2.7457023178472544,-1.069127119432387,0.020027046956095234,0.024068325971380738,0
-0.5100430275862813,1.2326202023249457,1.7673629698322144,-0.710644201453734,-0.46256496736903197,1.5610526470671404,-1.0926284951139467,0.0005402697201897411,0.017560707693684365,0
-2.904978763126924,0.8932021491626483,-1.5339130802346423,-1.7394026026986467,-0.3589120785523021,2.2586020084646456,1.1308214309339397,0.016315247136177866,0.010422063303873106,0
2.184213253235702,1.390065996773177,0.6470655268148131,-1.5745592376946425,2.8501807181596885,0.4376163610426315,-1.2430179775733685,0.020974507228834954,0.008095302959730124,0
1.4170008659234772,0.5392848674397921,0.5074929712716196,-1.2401163599642235,-0.12023509277673528,-0.0332322621849478,2.8650539117424603,0.033965758158425244,0.02303544546337905,0
-0.4095086790835434,-1.093490644792094,1.9136447388370121,-1.6496967835695635,0.7934102089308075,1.9393852333901505,0.8092121872268048,0.029133774629389823,0.023385368343181896,0
0.9948475845961897,-0.9528325348839977,0.8135703934599401,-0.642339867983091,0.006766414377600061,2.3409706084044046,-2.027710046868401,0.0154884658767332,0.019806400085214594,0
-1.0501411473000808,-1.535514413958658,-0.4091875687293225,-2.78505431631652,0.5860243806942056,3.706822544965424,0.6258797988449958,0.01832146795993253,0.02788436048971562,0
0.9491493413524874,-0.7872913404663464,2.5696101652784997,-3.0246396374711932,-2.1029297340964366,2.9148957528122152,-1.5228816470987543,0.027306578571849257,0.029312299699582548,0
-0.504915787027866,0.7142826337311867,-0.6335427342696294,-2.339397863486982,-0.67602784260625,1.231995414718221,2.500799867569285,0.0013538934967447292,0.016304671193036822,0
2.820703893359805,-0.9999631498581787,-2.1874489214091573,-0.6936029199586913,-2.8433120375917236,3.1971218495154186,-2.532058324246601,0.030739579108663224,0.03488135997095547,0
-0.9415689829928553,1.2964229792415345,1.0250422881075072,-2.4368974374882546,-1.2621515211713217,2.98910355861384,-2.470701060424411,0.0019080997923362508,0.03995092296924362,0
-0.3548049318962945,0.028498307206550777,1.3187311658919474,-2.073914982618134,-2.8018895004333335,0.4584800003824228,-2.3436727986198798,0.03581647382668887,0.015696898105648952,0
0.8455792415319614,-0.14624655754350746,0.7383959772513142,-0.12903538077975396,-0.671813044793518,3.521067037160382,-1.1321486053041372,0.004815330470298704,0.0065378538008611375,0
1.1452777004303116,0.10822329754984183,-0.4603639419096526,-0.5522951633351307,-1.7700391647344216,0.5540354681206537,-1.9465003412974478,0.006481478803556824,0.03434127876547041,0
1.7106893363102507,1.50029389953638,0.737619563263288,-3.1042967467724027,-1.6558570045681702,1.083917630388394,-1.5365295716456666,0.011480996770037426,0.03174873914707385,0
-1.5986952101164502,-1.0960386920868364,0.21169121961754556,-0.7613813870143344,-1.301819495970758,1.179083802580929,-2.634869306343583,0.01954269179645923,0.02456836113475789,0
-0.8321100677032014,0.18467859670479325,-1.5379399877532136,-3.001032472613889,0.4801882373635622,1.5788695979065206,0.9869581421342546,0.006479223591376338,0.017201918532777288,0
-2.056812711557771,-1.5178506342607183,1.6215637275041401,-0.6054943186426218,2.3023748384296536,0.0844271979935519,2.4773543314812367,0.010008975273511266,0.029828329400302438,0
0.10545904124021144,-1.663871383950162,-0.978940210547707,-1.3351174258954288,-1.9400798204911622,2.3187597514099125,-1.6355680678125608,0.024343948170379104,0.027658010652588473,0
2.160900986990453,1.5918351803892874,-0.8993220534938304,-2.0027036841458337,1.0894402255675248,2.459623581625232,2.5986563443533925,0.03149283044007049,0.02531586565227983,0
-2.170613480327817,-1.7539393033886947,-2.5913061696418,-1.5520327351277523,-2.0691808340098694,1.421073539175451,-2.8594218959705917,5.77622437981784e-05,0.002756758784271449,0
0.870856123187711,1.3607271638029947,0.7294618526961605,-1.1864060718082612,-2.080541383969583,2.53142680062575,1.2904138742345803,0.026170318958609384,0.02757380471695747,0
1.8321038585259068,-0.5530916437709403,2.2874590358600853,-2.338540323099673,2.3600488507166113,3.750750979295357,-2.658162582069972,0.020985292620676194,0.010798472586691994,0
0.3156751621891769,1.2388572964733198,1.5328000100897037,-2.7817222378182063,-1.3350825863572973,3.315820659046986,-0.237379073460799,0.022203627829009802,0.03884528616952284,0
0.03376400746962949,1.803776866441576,-2.57136114369574,-1.3835946741649898,-0.47462171003043085,3.211898519513988,-1.91825969697813,0.011541221342064048,0.005561781742185028,0
-0.2941557123846339,1.7624847088362416,-1.0761011020668159,-0.8328752177856558,1.1889638227419073,3.3567820095619734,-2.925696837540154,0.03589777513654847,0.021594551652738544,0
2.157577280248995,-0.8592014103730009,-0.6576316689608843,-1.459818862019153,-2.477478114843949,0.12476231538895736,0.9525535045261879,0.024265997270066224,0.02260258058843131,0
1.9661270192232485,0.2597554890001452,-2.083660605376827,-0.7094251755715555,0.6363844120502975,2.9185157649746065,2.6192112417687974,0.014152487788495868,0.02258709820183416,0
2.338610519996562,-0.9994580598922349,2.7052060910723683,-1.2042940439897616,0.8722611204613386,0.14318363055374073,0.5005576493439032,0.022177717235272894,0.014888939298077518,0
-1.8873183465277874,1.1246717835956563,-1.6082877956173656,-2.5429190652070384,-2.719967339680237,0.9385216123225576,2.5111293258796237,0.016733413440827613,0.027789771597936115,0
-0.3841290107320847,-0.8808191738944393,-2.3886360515944762,-1.2681628685345785,-0.600990611441873,0.46541551783544916,1.035460572001314,0.008549157593047285,0.038394866386039575,0
0.22414981368994225,-1.4584240938815003,2.5971679724171977,-0.6349601980471684,-0.985923391539556,3.7141211740793088,0.6773812733359499,0.016642130507777454,0.013927501100156779,0
-1.3913926495153648,0.8551379134542543,-0.101214891703719,-1.7345151898660505,-2.6572929780947936,2.2591214517503913,1.6223413724669977,0.025177192821809587,0.013861342372292284,0
-2.903756356065554,1.5380532408384553,-1.4449566170171229,-2.5176986724844985,-2.401390099528674,1.0868643098198154,0.8397254840525403,0.03904139899223812,0.03846440959611193,0
-1.4960580851617369,0.6303994985604813,2.854213479513144,-0.9938420595043231,-2.2855077765450473,0.8984421828749396,-2.6091818560894224,0.022207266619632654,0.006662973709522042,0
2.079701517469356,0.7133573064519856,1.2602088163140182,-0.4252963849429756,2.3871094460531936,3.2070554971975964,1.3733185612282353,0.02210574467765523,0.021712548398395842,0
1.6218212475493181,1.7325041818637847,2.4293569587042474,-2.608690937546908,2.0757617186807464,3.3851606423579814,1.4569501856222442,0.03272225858547902,0.0049383357208705285,0
2.784997695021293,1.045657277283216,0.2757870382998222,-1.1656999152552852,-2.1989264640323616,1.0906650465132155,1.3070600179842216,0.008337361707020858,0.020508430672798852,0
1.760693833211986,0.8610592162547499,-1.0334247986653158,-3.0202976029862048,0.27756810862999703,1.4806963911043631,2.6305346974118122,0.009054187793731364,0.033455411202202835,0
-2.8240959591079644,0.11236423385745509,-1.0761412736341462,-1.6342480302880615,-1.260286611088189,1.0676665850896463,-2.4262549978978365,0.030464641367852485,0.033693292703476006,0
-0.6229916645021882,-0.30351641185535216,-0.5353662920455142,-2.8020399811164287,1.5737674573279876,3.5099185999049496,-2.360633151008491,0.02225006383624974,0.03691446420252159,0
1.9690706240418234,1.7965604383177254,1.8651855620870692,-2.813756091516032,0.8724542268801843,0.42135089426601297,2.1061819105278157,0.03305417585445532,0.02564062308984873,0
2.818635815154433,0.14104301767988625,-1.2650500383540704,-3.1119995637453153,0.24850152411178383,3.037680095393927,0.05294718582009006,0.018302733751420885,0.007740629390728971,0
0.9068449128013834,1.0478858619654645,1.8620389542480393,-0.1495958944735607,1.7829092147428285,3.3482052623436673,1.4551942181425574,0.019560477595545925,0.0013485462638445434,0
-1.5358273149661055,1.4529358632919631,-0.44493201118172143,-0.10838402296770511,-2.079499310085838,2.2429553014157793,-1.1428730680025267,0.013206884786754514,5.755587062470813e-05,0
-2.6734986086283086,-0.8792895681181127,1.1901757152597479,-2.5031563416233458,-1.9174366245694794,2.0574583683461314,-1.5603872488071686,9.848213262660722e-05,0.008652150890042955,0
-2.6082358775988035,0.19687687990996783,2.5034046827751735,-0.8722962706694748,0.03357245051937596,0.23984902098720506,-0.20950256652267507,0.03542451880514198,0.02817275663856893,0
2.155463085627956,1.4166112916284048,1.3714296159493204,-0.8493846050661382,-2.3127441028754405,2.935404137208036,-2.3319337396134827,0.021178898134968618,0.011798968130241371,0
0.8003142493501763,1.0508555682257803,-1.1888210582388206,-3.09000494801198,-2.0819870400868927,1.3336540650005795,-0.7487771422717571,0.03194803813023383,0.01866840497425595,0
-0.3275436208165572,-1.342891495254787,-0.9660499367286288,-0.28173106481284904,2.8834250222638684,1.7392955511891146,1.9191895224988413,0.026890843949618274,0.0033227957457682413,0
-0.4321710546074051,1.7854932689314797,-0.8760570168240598,-1.9419191645565017,-2.5312303270358623,0.5765487974459338,2.4547797870882015,0.026348340451605085,0.030821602640024363,0
2.7891602337882646,0.970180047111995,-0.6749541561650925,-3.0607760366207146,1.314510338060359,0.07914051111600147,-1.1380270827192176,0.037935457185333844,0.02173076102357306,0
0.5694986632040262,1.1511198734070438,0.09247710341688631,-1.7474904353389953,-1.502095226421635,2.480011268160887,0.0282878512533844,0.006380455428226988,0.021049884606879496,0
-2.5205910010871215,0.21388029444164647,-2.493069929988448,-1.839284441612127,1.7908450551949158,-0.011070434307877408,-2.557929230693321,0.013913489965206357,0.021391944242052246,0
-2.2740099109867815,-0.7329372828614333,0.9053701763213002,-3.048502515972113,1.7799516221860752,1.8523629694375294,2.1941169539324847,0.02361433332513772,0.021607776386091734,0
-1.3925829399893819,-1.7793869937009543,2.4910784383513973,-2.281031314478897,2.0776927933699922,3.5728434673124236,1.1437270596854252,0.00046332761485103904,0.017670382860235288,0
-2.251609242754761,1.0519166969531428,-0.7212745863803671,-2.4661789334171944,1.9181164487761913,2.961472900443863,0.3904545279203737,0.026818397176735956,0.014714389525993972,0
1.0054491287072298,1.3475480846370662,1.994624652467237,-1.4807020910376336,-2.907772196372787,1.9047196887465017,-2.9239614863270367,0.039586010527408975,0.00471629974894002,0
-2.4220126673430444,-0.3894895776324241,-2.465550003908921,-2.7554430582994156,-0.027249466687989,2.5092440389696438,-0.06213751296032477,0.025368479322686103,0.031262810425430214,0
-0.5379039157983052,-1.0153232357998954,2.4884353921895817,-1.0884073537523968,-1.1040243087481005,3.719475017590926,-1.7266897399738712,0.02982594314667986,0.002087754981692611,0
-1.9121356408264614,-0.5869777172021493,-2.6920801418589653,-2.68409143745098,-1.6398072345325916,0.1793373370929432,1.1271982154697313,0.014858800653504263,0.03771387835293684,0
-2.885395125827921,-0.1039193267629741,-1.662467381618419,-1.4409798078944769,-2.737849340918819,3.680224278514183,0.37396613191422023,0.02279340411959229,0.036505681953016116,0
0.1387042216099985,1.1363133852151799,1.7861590257122422,-0.3476755652249115,2.476286284746649,0.3141929227833132,1.2972858225727797,0.004694875049413825,0.01782709219200817,0
1.996825846971038,-1.627368454913724,-2.5120556036395176,-0.9438065936136204,-2.8326106763591423,1.9020074475029474,2.111426841185747,0.022389505049590627,0.030909791104347068,0
1.7833916358433384,1.5930607643906771,0.23239712612439778,-2.9623069292127098,-2.531402284235119,-0.046113479258613956,0.18712059405930148,0.008866897614457159,0.011281576443280596,0
-2.488906568372571,-0.6763595955256367,0.8490600910229249,-1.8151300988116215,0.9950685437405871,1.2244089135804597,1.51528499764393,0.030182452215317988,0.0035178386776309445,0
-1.0153156624244837,-1.6702494042627176,2.508864053791578,-1.5981119616189163,2.0678941405398246,3.0427237446266036,1.233307047230157,0.01382096678178947,0.00013648065804860998,0
-2.9388479663717146,-0.7338542358132889,-1.4634869687590675,-0.6033062364248236,-1.8739247838570268,1.7625339795815267,-0.5179478737915546,0.02358124502212591,0.004297929660288289,0
0.7302874369497907,0.7928017691644327,-1.7691098560817138,-2.6382082844710837,-2.93038285986005,0.4928485367800883,2.5006371819575084,0.014198086311558833,0.025779963741380675,0
0.7996241198670884,0.20642467598119674,-0.05098638421040036,-3.006185832877103,2.527726228679113,2.562106764334888,1.9756561469696385,0.018061698978459568,0.000728215767799667,0
-1.842354925647759,-0.9648158500137546,1.9404460209705685,-3.0645308582642974,2.439280400104147,2.601635206593586,-0.49644968122697763,0.01011757187270946,0.021912941905912336,0
-0.4074692343387163,1.5006198666351394,2.249722785659309,-0.8734429849243517,-0.9901585292681148,0.341520881778149,2.5956850990302462,0.02857276716231823,0.009572755667969744,0
1.9547875383235227,-1.7102877126345948,-1.6068438832012062,-0.07740913018469131,-0.8308036150402498,1.9469706244531655,1.7308520415914335,0.029450558430529225,0.013443997691501166,0
-0.6157582248759561,0.15298830876592961,1.0323384297322176,-2.8047259340998916,-2.221650742693246,0.7439889892573313,0.3629524699811073,0.005635305251134044,0.00434082495481281,0
0.6618309631676871,-1.7808549332211923,1.1969114030903492,-3.016500409252669,2.232565908132693,2.271010678500691,0.6994672540177009,0.03387556727512656,0.03914674031813958,0
-2.7571784785660634,-0.06957854383985063,1.1329937627838436,-1.6946175053162604,-1.1262791932163114,1.9558028072663762,-0.6277709683414145,0.0024445793197187538,0.02112936842279283,0
1.81549858595656,0.07856198350267363,-1.6957825725161648,-2.9747103872465943,-2.8959118875457546,3.42316049337473,-2.5585707567123763,0.015055153343747407,0.03157348130516969,0
1.669170602749206,-0.05352069464094855,-0.05501842440993965,-1.883781937783818,-2.5030866920281336,0.6563385862888249,0.07996139833047566,0.031094187074654778,0.021134938195611654,0
-2.8681111927114293,-1.2034295607097443,2.3497844424478296,-1.5346793778950123,0.35259283127633045,1.3826198924165392,-0.3163684084044016,0.004961735637816247,0.029113499753226586,0
-0.825197824451239,-1.4259017384588422,-0.03389721500107301,-1.2979820864395066,0.39924362902175803,1.5555895513321298,-0.7103314890304859,0.03176539023310775,0.03278475062305554,0
-2.5225212455872112,-1.0821952486575606,1.0170489435123988,-2.846795885394987,0.8418872839535534,3.749686380979905,-1.7392744143267416,0.01409573133383438,0.03202020360240805,0
-2.2011062517617557,-1.279535817155165,1.7106941281863226,-1.967988794291886,0.6798064642386841,3.2598039127571674,-2.246171703866691,0.02351447882666371,0.014474209874540183,0
-1.2020380730088687,0.19430640738230198,2.5480371188818407,-0.04013767284061176,0.4826739054598188,1.4052280106428505,-1.8803230451360637,0.01168304277837136,0.03826695372651278,0
-1.929491913428852,0.2666239058784441,-1.5426971448863531,-1.6165082705755116,-0.22799300500618047,3.131389876969054,-0.05484069764424504,0.004715814260760633,0.013949691529958886,0
2.5701557768909544,0.2919187256212912,0.5934783215158665,-1.0059787999643564,-1.7845202582164574,0.22469527255808242,-1.8144309743058276,0.025421957791819057,0.008282201881027,0
1.9254251811218386,1.160411422439761,-1.8293907524115776,-0.8689853892965425,2.3602160170390944,2.4854962673612184,-2.136033575877415,0.028109472784741178,0.038124991392170494,0
-0.10356438643943955,-1.3455809153004588,2.621579248615307,-0.9958043816516486,-1.0587343567408656,2.9542235269586183,-2.239882655031304,0.0360490544457734,0.02187858965606481,0
-1.4081767937770258,1.6970662971619708,1.6387249579299081,-1.063097832332613,-0.4370365130687146,1.1848546780730558,0.21854166218853033,0.031426575584991776,0.010984106201262191,0
-2.708376501987931,1.5354288648180427,0.6976005587904788,-2.5645644572155075,2.330000141148236,2.833915340751717,-2.9598403416258305,0.025814239328535993,0.010074898597950245,0
-0.05779818724173813,-1.1090449510784337,-1.867446686418908,-0.409364495179414,-1.3041375981810748,0.7695489802006361,0.5179647116404689,0.023942848316906108,0.02697241850841858,0
-1.292922983114571,-0.26372926862551993,2.101072807903565,-2.827613198165511,-0.47823494742329853,-0.08505387943180968,0.9108862785813923,0.037254370003204126,0.009935762909703372,0
-2.6123499728988397,0.3604432077144988,-2.199510112178517,-1.5864769403423906,0.3339522860707791,0.24251146951415448,0.649117661322236,0.026961941076607276,0.009494059016473537,0
0.3534335934119297,-1.362213468678558,-1.973077844107908,-0.2531333046971813,-1.0030348454283062,1.1030649615586874,-0.8371018595830608,0.034716158049987074,0.020339091272626657,0
-0.7975786696044396,-1.1601177372913432,1.3976419192186094,-1.7668468977407972,0.426659074524514,1.3773892854125436,2.120746709162439,0.03400630227939395,0.030607695577451577,0
-0.5873532025141133,-0.7216721117534115,2.543818128633554,-1.4887810462522055,0.0896778763160162,2.3501311563607983,-0.29252077006614696,0.023834045968748607,0.005500358405713484,0
1.5399496432086637,-1.2444639167087401,2.695565003774919,-2.4180923225844384,-2.1254953438323776,0.23376372096834208,-1.1978616582425747,0.027211068381227523,0.00020873514399371462,0
-0.9839724787346931,1.0485224915383744,2.9475969612263992,-1.061452634760482,-2.6191714854758046,1.5677772331255353,2.910761105172116,0.02901971960818899,0.021225309070861346,0
0.07117972895687918,0.4295776614235167,-2.284691763635798,-2.8240762402882296,0.30282034156743576,0.684674257922525,-2.224938455871576,0.009513215610247752,0.03210980486852581,0
-0.3678987352517904,-1.7149202356847704,2.349706926414266,-1.5654236187922195,0.8324054829664984,2.418327480476859,1.9733680528179076,0.017302080257121148,0.027502969034728212,0
-1.0049659262010244,1.4960683297203128,2.663621444801857,-1.5068511262979192,2.441322523041809,0.47298646064332445,-2.9533631619245306,0.02638057037140792,0.018168432344325552,0
0.6830404566276251,0.3788786752279376,0.8622161616873925,-1.7536376017989932,2.777684641733336,2.904997345141101,-2.5105387487669377,0.027747814757078118,0.026060814220254334,0
-2.8962091434807675,-0.23234543585770462,2.937319027427844,-0.7388092095451673,1.7545413461799755,1.7386775765827716,2.6853167910253046,0.015401817132276521,0.02480569982714466,0
1.7665543622387534,-0.6167117836418428,1.4407926534884887,-2.8971275920488253,-0.8630264716668541,0.8670359203155807,-0.751349634784336,0.03280472601734245,0.027141719024734615,0
-2.0873010678146047,1.1577716814519954,1.5723319936557831,-0.1519132577409663,-0.28320211483832036,3.423628538433798,0.6626800912303099,0.003859861462511689,0.00015160522255938335,0
-0.2065376218886068,0.9096439163568173,-2.679417280412467,-3.0534262900270184,-2.3304845722396696,1.7893513687742728,-1.4503043933066266,0.027264954078248704,0.0045263059294878,0
-0.5632072455175785,1.2815121990514189,-1.8666604637446722,-0.8964205268005747,-2.3246384002643787,3.366709295166973,-1.4700414385761837,0.014149315396365231,0.007718392408442623,0
0.8848226956041603,0.21148767670050472,1.5325805497223928,-2.1956147433121,2.2305986795266874,0.23598824292121734,2.1223144335339232,0.03402630340947939,0.01695902581273784,0
2.3077209110580594,0.19941734713377213,2.75480534112126,-1.1143634270516047,2.00401794408431,1.269649480832317,2.780347540005835,0.03376294961256142,0.03915700277165565,0
2.0763349273009655,-0.20019185178490817,-2.5826746145445716,-2.5482671932781034,-0.4678601236764388,2.21189554486221,-2.9078364317753254,0.03402305489932664,0.037745998990643195,0
-1.2335993853106157,-0.29870915380193996,2.8497731385529055,-2.3488331528921873,-1.8140537395514114,3.1691313752966215,1.5479531341352755,0.035895515593669915,0.03288101734957783,0
-1.9869948306563696,-0.4191694076506445,-0.7091335292312166,-1.0365587852478875,-0.2330066562584232,0.4209609236882886,-2.274736727701514,0.009611437139761567,0.03435805153472979,0
1.9891438993700379,1.2230347612445749,-1.4711144079086793,-1.9837758936097278,2.305653448385334,1.5979692427012613,0.03638978404801785,0.006697556103128202,0.026235605709242632,0
-1.5715013396031259,-0.5230616744677856,2.44564238928069,-2.2154676918633127,-2.182835826714606,0.2712456452922402,2.8521279137514486,0.017232854726457844,0.0014581817501445294,0
-1.3870911329120417,0.3811519591629373,1.4160329764890398,-1.378505121783521,-2.127145026980627,2.1220626880641276,0.7304416686245898,0.005735971569724385,0.015501964648151111,0
-0.8023748054481139,0.34566952449617205,-2.9452789272909645,-2.6905524213108643,1.630731339905005,3.0202794839384577,2.607880255331073,0.016195001754814337,0.026503218965322088,0
-0.43491751449174565,-1.1970505459960035,-0.18746360385668925,-1.3420096211360502,-1.5366159211794537,1.6510491704864552,-2.471027113172498,0.0021387319315511457,0.001707959697102095,0
-1.6296656778587255,-0.3615186643729642,1.0790830906889561,-1.038729770067631,1.045231027873625,3.424699635117671,1.75030004746827,0.024616988132075916,0.009416585114723293,0
2.6472825104878885,-0.23358565281821408,0.27852649273451924,-1.6288319955100383,0.22107524781563592,0.7435622975669455,-1.746250493175319,0.0021671489480783322,0.00038626593200831395,0
0.17008365671978698,0.4809703271076675,-0.24691591951689285,-0.8690121843022327,0.7024106366975271,0.8408680328849802,-2.469093284413221,0.014932826517345444,0.03769873473520692,0
-1.6114333682625086,-1.7960919379047817,-0.9913761898824816,-0.8663258558366094,2.14390369540101,2.638297025965647,-0.18513748408858222,0.039241776039124675,0.02724854081953619,0
1.815516711101155,-1.8080138544891446,-1.0460636404912382,-0.6151715791620647,-2.0160027569976635,2.6923504834143177,2.9383751274579475,0.011081637955213157,0.039875404690152924,0
-2.954111400266859,1.360551601400206,-0.48480582554439566,-0.6171731345829969,-0.2758651909249834,3.664517029005167,1.680086152319022,0.038987112590750994,0.006118412871842782,0
0.3929861189176962,0.21117961598576884,1.586549419176008,-0.13212350447801535,-1.67734350786216,1.8998775320301042,0.765155393151522,0.03470030402112298,0.03853597522145485,0
-1.0442518074113458,0.46299184274398875,2.809950855712238,-1.3524871682739128,-0.9166736590309452,1.1416240088366074,-1.2125804178801889,0.002622439898892157,0.0034002993686956494,0
2.6631847677743603,-0.3312116311531921,-1.1854622096310279,-0.04788558022212408,-2.932924896900497,0.05611193910944946,1.079345576698619,0.031884071477512696,0.03024390629516699,0
-0.9141249362054902,-0.28546542566677613,-2.201365320379944,-1.1071226335943027,-0.4359621482477998,2.8102091846786377,-2.092508566748722,0.004663275822358144,0.03294494729034284,0
-2.5261567841706256,-0.33546677381732337,-1.5723040910203578,-0.9377267003981955,0.21949386274815907,0.01804613682032037,-2.6457692498511243,0.02451633070433375,0.03676453919289632,0
-1.798548676271027,1.1644967397198578,-2.2264210561079905,-2.6632169020848306,2.329010644321879,1.2155054831330858,-1.433438675039954,0.0040882380989092585,0.02740849192230286,0
-2.2635094132099534,0.49067680099566213,-1.8427356681406133,-2.800200112635572,2.0265258969193485,1.9363807673872828,0.33600833064110747,0.03195983702962681,0.0025721201111538017,0
-0.1948965755176828,-1.081812384888385,0.1548672921475296,-1.1402592236004185,-0.6900249300428238,0.37854540576545626,-0.07222093262654505,0.008414875413281396,0.013811203534162923,0
1.4746355800986763,1.3680047938469062,-1.0610654582285255,-1.1114435254046695,0.14145702931176274,2.113122553173886,2.1876454218765384,0.02333423893479888,0.021922558075304265,0
-0.12327578583964183,1.3247891846540722,-2.2669951278958007,-2.6209384037778394,1.4083123009622756,3.5531375778700345,-2.9288477676889992,0.03614001498783377,0.01922856953566067,0
-0.3078413457428222,-0.16267521555485365,1.8426929439777031,-2.475951733519221,-2.102148012784885,3.270596547640225,0.4948382669030331,0.036325787401259205,0.03666491826247868,0
-0.4904637968302272,-1.5835807181033734,1.8156937173994199,-2.34592611899955,0.5770240199601804,1.8088483799677393,1.9447427103853356,0.020998144783514198,0.005880626798385582,0
0.5090360441980177,0.21310301319549096,1.882060741785836,-0.79287671561011,-0.19757727536359493,1.6256487291091157,2.091630781912547,0.015754408617450113,0.03363424450710762,0
0.8713077673318015,1.2053920377753642,-1.2428152297492197,-2.0015005774436734,2.7108566228232225,3.102670375231199,-2.839661527506458,0.005996324384177987,0.03140804350326014,0
-1.6447783759074985,-0.6734538356129076,1.051350061447375,-0.3444240510733221,-2.195853691980952,3.5412815610151,2.4823804672318492,0.03611285149508421,0.008865753533881523,0
-1.9482036732855357,0.13521940082135475,-1.160064758275863,-1.1306729968912141,2.4971636702471085,2.9490550546758487,-1.5152880197208807,0.015591005165033499,0.00034133612506868086,0
2.2507208567210353,-1.516616835502046,-1.865269264353242,-2.37679156423305,-2.415086939683475,1.2521151652482192,1.8339377175864464,0.0007740040370123725,0.03790443507579254,0
0.041324972977755614,1.768735730389858,1.3952666261406983,-1.213925968419366,-0.9066083842195112,0.5179272338386278,1.9740346076633384,0.02631135552386553,0.008025337905693241,0
0.3926092836203261,-0.9401286906905927,-1.0010163592675592,-0.8377072798550707,0.5212069755963529,0.7760533501604711,-1.4619504788956283,0.001030853659057338,0.02434504704339584,0
2.4095732622094954,0.7540234648780271,-0.5283019074439577,-1.5992942520349074,-1.9529962254698634,3.072538135148329,-2.796094599964495,0.03105369540638332,0.03924280510888116,0
1.4743844260053378,1.6319436890091235,2.1260813920091723,-1.637529431119972,2.2986552927684225,2.3354566072641902,-1.9275704805952987,0.004615421915796474,0.00020466974120872728,0
2.7933943576647766,-0.6425395892846415,-2.0747457778464966,-2.4019954672097255,1.209563637728729,1.7204794837216058,-2.905659549409673,0.02219083910237238,0.023358874793471696,0
-1.1853431385945394,-0.8948564389096845,1.5046807611001323,-2.903964987337921,0.5963733545312997,1.165499090311732,0.9220721443242628,0.0070769129656328466,0.00037427148741086657,0
2.0631742336973136,1.3554259731027096,-1.6466565084748768,-0.17555550439282452,0.18394539021832434,1.7643684891156766,2.095795545204377,0.029616875642685586,0.017865312564391216,0
-0.8921838630797736,-0.14775217717852396,2.960163524205431,-1.9370101356434335,-2.8409714844115617,0.1698962971436147,0.7042962743695624,0.03953768217079362,0.009760248464535319,0
-2.5684380107055205,1.0782646740541166,-0.33682954292893497,-1.0772572510675915,-2.3337028564094897,1.0924984287767454,-1.8507531446805754,0.028073692007121703,0.0031230198589842083,0
-1.870365249799755,1.3180553974256994,0.5412147293070992,-0.2832434841803657,0.8339085570058629,3.7799145340462617,1.775368131203828,0.023917961431117313,0.022097553374471897,0
-1.6552917788063823,-0.8477127622515864,1.887449569814097,-1.150490006217288,0.7615362363578808,0.8554699715527045,2.301307654823835,0.0228943864221706,0.029753080729551594,0
-0.4134334515653788,0.8228960924694746,-2.3352501634668696,-2.169235602722379,-2.3969435445285967,2.348155049022862,-0.007207499854198662,0.017684605553701178,0.018647539120520713,0
0.7406188752357514,-0.13804042611648004,-1.261378972103497,-0.8152605231705543,2.333766363725164,1.1267405293465313,2.2873179920238544,0.02344911708391579,0.01949369211226675,0
2.6964595712685653,0.7176893649867637,1.9056267824762272,-1.3271508365119564,0.5201283668613677,1.838220669106172,-0.7746054830104341,0.0024953819792624897,0.0247125293277991,0
-0.60080065551473,-0.8699415818286912,2.845663623605065,-0.8395977743643743,-0.009405045759641961,2.929972339672084,-2.326289552890737,0.01901422135802936,0.03652738997732551,0
-1.4370439903735759,-1.2016360140122995,-1.6924704087765599,-1.0335289738534823,1.3163179815557329,3.416400949076682,1.7631696917275606,0.0067352089066527255,0.018015568580978508,0
-2.7354475003117575,1.2650634584837441,-1.581778823397663,-2.679235939893121,-0.18107241986094325,2.049174960621364,0.7398090937779522,0.015894626064547997,0.032721328798103654,0
0.5781057947328168,0.26051231395325947,-2.6885022498522964,-2.1892773491293602,2.4153707770230297,1.9827842805049145,-1.4041661290958471,0.02540917903738215,0.03138671456189039,0
0.6974156997382872,0.027637578838427546,1.1879481953362352,-0.4641657731098099,1.9508806201142295,2.6338099421182095,2.795232353172222,0.012901116593058225,0.018723640956525026,0
-1.450135724763689,0.5944813389623438,2.0041595727704373,-2.9361190578943877,-0.43746732022959156,3.7865780049499507,-0.048653554765480944,0.03395779567657395,0.010612582675647037,0
-2.5224072564455735,-0.8807916840188416,-2.8697278857894144,-3.0316775593383807,2.1136971954519335,1.5893403987944792,-2.7272486315240054,0.03352369233032903,0.005247086528938798,0
1.847239978020386,0.7368704901461818,2.8899412136330596,-0.8919978613306916,-2.2073961688748467,3.416523934791578,1.3014596599358108,0.034854473535984025,0.016220915124122333,0
-1.990602022667487,1.7768533240412732,-0.7591022375574279,-2.9429952717982797,0.9538878237408639,3.211529565142233,-0.8026376822922301,0.02113564839773855,0.013806534726823525,0
1.3920241718197501,-0.6172992056158704,1.4718443322033328,-1.1772837113225387,-2.9481092060411855,1.0763589707743157,2.1729690993787645,0.026758392608771872,0.0357349098037019,0
-0.09088833613436753,-0.6244468836755788,1.9500926500943891,-0.5385426344924831,-0.30128208167703585,1.5726828138862456,-0.18133515346463236,0.032097509249865465,0.03106842131539144,0
0.19521530612424787,1.2794083349624692,-1.4161822808419744,-0.8551936673254388,-0.06868791492865034,2.653739126083321,1.5419459530912003,0.017540111485095388,0.024527204856605152,0
0.6074362087298435,-1.2270919396520878,1.9506663577311323,-1.4226600286719489,0.3679192034226033,3.687824662798032,-1.9295333198907267,0.0023225192946294236,0.02205420886245887,0
-1.6459714632150957,-1.6317977240607215,1.7425445812408564,-2.4659258567251205,0.29511032955465044,2.8523913733480493,2.8503591536889563,0.03826986921294281,0.006069207938828032,0
0.7916302915392341,1.737918649415201,-0.8397962838440232,-2.6269841898172697,1.1292433982281032,0.6987687893352033,0.7471752710933077,0.008697910122581596,0.03609724692944331,0
1.433607744037348,-0.7991495440545346,2.2208637327883927,-2.8682162622844145,-2.9225971441874394,2.4130377769304925,0.8252132435952526,0.03756351173998943,0.008524869589513177,0
0.10862399331168104,0.49457961831492736,1.3488934132837112,-3.0517725616199844,0.7644379856737351,2.046210105048782,-0.5495765486571837,0.02997746543529275,0.008520243341560315,0
2.309530144655344,1.2322032895738777,1.0061595593776254,-1.0279044461464157,2.3958294198529617,3.5196351731695277,-2.025488678812001,0.00937812363949333,0.013266122372756418,0
-2.1092465422135205,0.11871816009315883,2.276425710751101,-0.766846901928592,1.6270498358531085,1.3402751840785785,-1.5869231416766483,0.035569088980534,0.03821767733344451,0
-0.07143051724216543,1.7403056974326672,-1.7636263004039958,-0.8071434419259478,0.15233317240223165,2.1026401116917928,-1.5230668158188827,0.03543679340802285,0.0025623608610615013,0
1.3240959660225804,-0.3022090530164301,-1.657312500198467,-0.5735177298575902,-0.6238159453876602,3.128897258946976,-0.460684315916021,0.02242934584406378,0.017359423737222206,0
2.3668357342324664,0.2379323029978171,-1.0087336206666482,-2.2369961531677305,-2.8117716392277963,0.903583394663502,2.0695522004393623,0.03938165012344729,0.031218664398546713,0
-1.0568509355876488,-1.6009725645129462,-1.0516053648457524,-0.7739784959771461,-2.1356102590750154,2.850686098608528,-0.871509256971859,0.029569525512890653,0.021385105954087123,0
2.611445519071514,0.20730003750443315,2.5672872324328275,-0.8897706658669824,-2.197343664726961,2.4717318711817806,1.3898527067734752,0.0391979280580996,0.008643909308939443,0
1.2626879351048124,-1.0255042029741768,-0.7336427288141141,-2.549813317878689,-1.727801960950563,3.4628673389280595,2.1237419058689846,0.0270111100636332,0.0010230925003206926,0
1.2897767192772904,0.9291632543081845,-0.13499229753886155,-3.086035075698278,-0.03021048321999764,2.8831159871998655,-0.004906519926332731,0.02435735568411329,0.0332016568666281,0
0.9113335268536868,0.9823615299567943,-2.936217417008652,-2.1419611143751394,-2.370520488582572,2.9815793675979347,2.3801056035924426,0.022960689856935876,0.027820028002466413,0
-0.5405314645377408,-0.8498103091068782,-1.0539003056950973,-2.8577847293569847,2.8518138340280053,0.29045111562734915,-0.5498314112604157,0.016990472546893995,0.021527700847017224,0
-0.3383495954341873,1.5947952630358906,-0.8808411869880226,-1.458142084675538,1.0429848118887368,1.3814182639011552,-0.9153883558560474,0.02249795554691938,0.022195017999159957,0
-0.8843167708174073,0.883344721933377,1.7317752163105644,-2.6581627307494196,-0.6192996085742015,3.5980813371563904,-1.441341958033846,0.030769547313544376,0.0011411614111651947,0
0.09291763342689086,1.6663405467394419,2.8049097801511835,-1.487004675449065,-1.8912950835846531,0.545990095806771,-0.39336652381896675,0.015148422014696945,0.028285821389285565,0
-0.15576694736459062,-1.559254256347504,0.9598727299981564,-1.6525375626629386,0.1712975173032616,3.5263218788542123,1.513952849350186,0.012282408887816874,0.02795778628921893,0
-0.7999501705850913,-1.1063102333098758,1.6020338108396301,-2.458307939730627,2.234982737285374,0.540740393784252,1.779460995213403,0.019811797929108137,0.03526879972860044,0
-1.6973862502951274,0.24940015006322258,0.7661397505565928,-2.661856508139645,-0.07239242529254541,2.92684818642272,-2.423368602468261,0.029665674522651266,0.007689933921131425,0
-2.2602597693714603,-0.12839160705405495,0.19476245478272647,-2.0425576335182645,2.0077558047935793,0.8212634272507172,1.3769590253833157,0.012646556425133673,0.008518868758122774,0
-2.5367316526782657,-0.6706244245455408,-2.4576198979920294,-1.4041655082357016,2.597515421362241,1.9179496802024878,0.7115012645156975,0.014598469376263398,0.015021253557310299,0
1.6949032322373427,1.011689095208398,-2.1940378762965986,-2.602056544390879,-1.657696011444204,1.8495262704538964,0.9521317780539849,0.033636315417169126,0.029765701223228903,0
-0.9019186081953827,-0.9751287898902831,0.7593767919672878,-2.133903654748253,-0.09457968340982825,1.1524444583998061,-0.05425277332849765,0.01804702245014414,0.018058179975469955,0
0.876768509705868,-0.3519905764614999,1.7065011945009796,-0.816950967698558,0.6580170465437996,3.77102705370383,-0.8652657828921702,0.0076120123548458945,0.01377463866504343,0
-0.5220050351215062,1.5312524661965623,1.4866013992072102,-0.4072642300783813,-1.954296543332583,0.8107746160683977,-0.09258907395605487,0.032371123244864665,0.027117381781270197,0
-1.240688342958201,1.2863783671338276,2.745960492048155,-1.2150884261810564,-2.069459061176011,3.03101293457269,0.4120028380323588,0.039716026202780745,0.004406628664960039,0
-0.5080851808134526,1.7482990706945547,0.6939766679092019,-1.9374734473315691,-1.1489978672922967,1.9748068255984448,-2.0148778789637323,0.010813351647557142,0.02780245622229799,0
-0.5018506418887987,-0.21420906708358056,-2.359382892391565,-2.384563422765928,-2.8074519241300164,1.1219095941664345,-1.563965439761098,0.011804041937258081,0.015359103103192911,0
2.3871135461693656,0.9799602529569593,1.327476042520995,-1.7681422027345837,-0.589055380214691,3.290039841050939,1.7927821750871744,0.015275615624741886,0.028685537186460126,0
1.3443426931371927,-0.5445337649737021,-0.11809857993656969,-0.6446289196600943,-0.4423801081238561,3.3820151669436718,-1.0782763323209192,0.026665145163941712,0.011740827149999876,0
1.737452466096689,1.5939254280081017,1.7137863493358156,-2.5371505114260753,1.8144342105630575,2.822488329675559,1.6385451462874303,0.01857414072644246,0.009229803963134145,0
-1.839523991716915,-0.49404446811178726,-1.6374735421111322,-1.4321906830525688,0.9268380407738888,3.057676644683957,2.407781701749754,0.02681007814495431,0.00863261480190903,0
2.164939503579381,0.9472725543787599,-0.14986513792856115,-2.1444768929199913,0.18368444448704802,0.29540470091666904,-0.2573591672576523,0.03943631675016986,0.015290152841443666,0
1.937458158722817,-0.6175581013350948,-0.12934042766545595,-0.007192526338176464,2.5478241451704915,1.321008653084001,-2.345087980165039,0.0031170000997678793,0.0005311083937204453,0
-0.27900089552420226,0.24235589568276183,1.2869797484957437,-2.668512305531448,0.4042660337613717,0.37673704774082567,-2.5247322999185613,0.03375599496989774,0.008785445886807604,0
-0.890465984953551,-0.9461890789462585,-2.9601233066139385,-0.5015383448536839,0.028047726017820906,1.416343925304347,0.3544033376677209,0.025445036093515085,0.01026422496543904,0
0.2662679475024752,-1.4871046446919194,2.888406989871101,-0.07930444735101672,2.7774939459413734,1.2543216333868188,-1.644912939666995,0.0060952720803575874,0.013691645905402687,0
-1.651906542536498,-0.7109066579162493,-0.029801802504320296,-0.3649319347473172,-0.07682973066431709,0.8597530393193814,-2.1602519161381,0.007766112320054601,0.030353755134349358,0
-0.45061726412569536,1.0340315656771593,2.5018136317608426,-2.91009132402306,-0.6154653653830899,3.6720043664645274,2.0016198085475447,0.026890510862719416,0.010254616125391048,0
-2.128047484679977,-0.15435903908539594,0.9707469975969358,-1.2457369231809827,-2.542541374386592,1.3563300009263912,-2.0964422083322143,7.263375117243509e-05,0.0024860133377882575,0
1.5620426752272532,0.29481439806982856,-0.13969201355604843,-2.0042053424548065,-2.0080808317409407,0.5243271778878783,-1.163682866518427,0.03765525187419483,0.00044409627945116273,0
1.056475393131311,0.3508302685175384,1.9147132056030842,-2.4513337505371466,-0.47408501053019236,1.6795890940919966,-0.48683652996483584,0.0009708437473005738,0.030379150271945484,0
0.7601233114708661,-1.7999381507755399,2.6586742173139526,-2.3964014890691354,-0.6082300744655802,2.1976042597745855,2.3492026653299116,0.03057372774884489,0.008198391563952816,0
1.650841510768418,-0.9559482978106232,0.3022211130392738,-1.5590011294868298,2.835713681879174,0.23577431853564862,-1.6150365299300817,0.026685751075222676,0.03245369649245779,0
-1.8840347085548115,0.6802393829678322,-1.5933113690492966,-1.5939988082651817,0.4727886373905812,1.525263782759642,-0.9409323723395224,0.008084813713056147,0.010760723656244604,0
-1.6305077769906127,-0.2585278766095491,-0.15275744469151498,-2.43179584496204,-2.676163781990485,0.6354972485274536,-1.8754425272597453,0.0035351838297327733,0.0395379556319324,0
-0.7116172157080567,-1.632432033226563,-1.4476870796881616,-1.2369067680897736,2.9280794871954847,1.718399401531518,2.1952169696781216,0.0035922230904746355,0.02574896458836072,0
2.8722024330369904,0.5413488219394991,2.36573349884284,-1.8987680019619024,2.352250939774604,0.3222779336215687,-2.656891902912016,0.0358600234798984,0.0028288797734865234,0
-1.1324636687206053,-1.785393585584177,2.6672635915692093,-0.3849919953088743,2.52979075783592,1.2514065353331487,2.6508070361795046,0.025874432077565547,0.009404797874786004,0
2.005187462978595,1.6190751023122771,0.08869220682335532,-0.9479010479823455,0.5430817792008638,0.1230075967779246,-2.0047597146873612,0.012600605121295554,0.025367536312188684,0
-1.9776519759489903,1.369471149094058,-0.41979872357747183,-2.7906146631996185,2.800464801534726,1.9072204972956048,-0.6393821950317427,0.010515357067640658,0.009069181645093316,0
-2.323084669913737,1.6315394811953616,-0.5030177624411656,-1.8063432194141509,-2.0115761232916842,3.6919434687849884,0.05704310032248383,0.014255011796556624,0.03817507170989518,0
-0.5400934418502925,1.5557147941593683,-2.8527395098055486,-1.22251076494828,-2.675528611576682,3.7845933339656685,-1.8324608376702605,0.039166433493545705,0.009393038930793539,0
0.14415761130550564,-0.02622570927494583,-2.6059328885973416,-1.6628743282429466,-2.5011226131473636,0.6178269296359581,-0.08374751626318089,0.03913360645902479,0.01592008787622342,0
-2.5998459284328246,-1.6368923012320684,2.538761159718572,-1.6388788485434256,-2.0942766639265957,1.1124156128996856,-2.249734156306248,0.03216664530417251,0.009339231849510332,0
-1.7023193332670479,0.6962166647096535,0.6942096542354372,-0.06535667703102499,-1.495140328711749,2.229279307936498,-2.274944970344024,0.005416634639554285,0.03741403264981429,0
-2.7714540339589284,1.2694254130710931,0.2772035371470687,-0.060196827702574396,2.694157833222779,2.8403307258121164,1.2027444971454684,0.006745332974671574,0.015599038422407206,0
1.1583480887236743,0.399476558781662,-1.7281728147742597,-2.1163989228172024,1.5469265597920967,2.4160257326582415,2.299773057264677,0.011337693180233104,0.029542715881926092,0
-2.5899151312279125,0.8025814116760006,1.452746478815969,-0.8691674443227178,2.1463358434457986,0.37503887871232405,0.6087837490507613,0.002685837822928763,0.015600713396818327,0
-0.6926076076457304,1.4914001099436127,1.6422709629837882,-1.9935572135202095,0.7153614096233367,3.6451884861475294,-2.1921891398008286,0.028720036733794557,0.01240037063687239,0
-1.4084895006356077,-0.2561717786463291,0.13952400022735656,-0.5677851827530107,2.397402874959637,2.357096415696673,2.4749455914326073,0.039838526766339956,0.006249194576618833,0
-2.311992565780254,-0.336828734181398,0.4472610088078657,-0.5475971739284415,2.6591979516359703,1.9986810564225501,-1.8731140920614546,0.023524186401845337,0.01586144279943354,0
-0.08753073323908378,1.3904874824541438,-0.2874068623173809,-2.9832019963199095,-0.19866277311484026,0.20096537569892486,-0.5479804409012172,0.016585504294649004,0.02156170740083926,0
2.329358300847257,-0.14845138045175887,-0.5732723701651223,-0.048075751843312364,0.035476491114267095,2.97381863113479,0.5575712701414153,0.025046291278586277,0.024088813211157092,0
2.2792087875477933,-0.4086582233061622,1.1033281470867773,-0.37300000147204226,0.7667105794173903,0.8765744496794196,1.3808427215377743,0.0333599261175416,0.0055591100421942975,0
-2.717301686288173,-0.7175698397248891,-0.5901203437044091,-2.543361345480151,-0.11396011431622277,1.6870323533702078,-0.3403560034847053,0.03157550611900433,0.029944945938092875,0
0.21393650534829156,-1.3628112436270161,1.4570391820324908,-0.40983984478480995,-1.9810310272497256,2.1814745697301174,0.4953671442040415,0.001237629199123318,0.03268843413912729,0
2.7404407604125383,-0.820738360776095,-2.0663108931758982,-1.2959791582629923,-2.8144443615966734,1.1678615148257583,1.4836769212237182,0.000559352166814966,0.003073280279662072,0
-2.1281371460184335,-0.7686359089396175,2.7951881684169257,-2.954306752419181,-1.3776250269190848,0.21098170005249173,-2.066295835130145,0.019031597900115164,0.02887429958962534,0
-1.4167941870409082,1.559503776824075,1.6537219528383367,-2.7499851444588654,1.9055401687167852,2.8368914395289835,-2.8449728900222317,0.03922163107658485,0.03178692696940798,0
-1.0914364218481682,-0.6894893473719688,2.0983321148527083,-2.444727584808903,-2.60202135803525,0.08958801277991134,1.273092067024765,0.03876565073319772,0.030266889759636897,0
-0.7108480496995133,-1.2862324933255436,-1.4443919075310534,-1.9397281828115651,-0.8420176120379708,1.8783547218644827,-0.7402232266324562,0.013881984670887332,0.025291161367764825,0
0.9588474595803755,-1.0931268826211333,-2.623152271146413,-0.945808565594263,-2.57671965535692,0.34389452232826817,-2.819811041156917,0.0006914733929414619,0.022969160479704577,0
-2.5507127359656434,-1.3115757521880047,0.30095527485442863,-1.4430313774656778,2.9599769294579077,0.03403594622202717,0.03436161153844974,0.00208663283450913,0.029720794608989562,0
1.5573558106020573,0.23288737355810363,-2.9360049224645253,-1.8866210964072763,-0.4244445176483844,3.5410699854109398,0.779129750532003,0.026647710637567053,0.03512065033893976,0
-2.592155903830146,-0.6496351045798496,-2.2804430800258304,-3.0002637374094947,-2.842644689696231,0.46149638247513497,-1.2132530671359325,0.014278711782502139,0.026909363619356863,0
1.1702384185994474,-0.33452115422743844,2.400712746643324,-1.8885907878497088,2.4254330579894625,1.5646116967025236,-0.5599774414715428,0.008893023986375526,0.0016839714428083451,0
-0.23247704291518367,1.5910130413148729,-0.9488788131330654,-0.06868389256385621,-2.690759703642306,2.465667277132132,2.7520386238353196,0.038247741843310014,0.03626197401637533,0
-0.3409771753499311,1.2855937118832446,-0.6574870641667205,-0.2798114466373627,-2.4902170058412074,1.7935786016494621,2.327253838236284,0.00927696004078071,0.015855475556417337,0
0.20310112440697203,1.0355923487592034,2.387426604809568,-1.7974440527987103,0.539856602816954,2.252859569830181,-0.6528522373898804,0.02236550636726569,0.02732437002476428,0
-1.8311289349640234,-1.362088412799614,-1.282407728625075,-1.151933365933257,0.15417824911765754,1.7158488780720131,-2.626209863258136,0.010116323058197136,0.024110086449126523,0
0.9763900038774551,0.43689240116291317,0.9311626761955352,-0.04116891647323806,-1.5272367441508234,1.67723476498341,-1.9426373936570862,0.0025465807320774704,0.03157143842068309,0
1.441715009941546,-1.0352276891314602,-1.9855802786851693,-1.2445837277566707,-2.0979263196068416,2.485718495842847,2.5694267491108325,0.03146631352376425,0.0340045416304217,0
-1.331283663598395,0.7374234321605766,-0.8414574482336508,-2.932297347536017,-2.7574426870611184,0.73783370642509,2.7974429912169314,0.01382066437874708,0.001128987571100848,0
-1.3794592596902109,-0.4460099831304165,0.15271265092347752,-1.4695814730961239,-2.2523992819088234,2.2475411294964216,-2.5297040779386357,0.014670179357282334,0.024472947302628716,0
0.822492441449969,-0.8256265337623026,2.2463922571191595,-2.611459226485715,-1.1849424320381003,0.6938818545413842,2.966446080156951,0.005818683235370999,0.0329682408834686,0
-2.091691958508128,0.624160117936311,-1.9266789646718299,-2.2311923817745587,-2.341846983063063,2.026858441424209,-1.2843995036960791,0.0380989523836906,0.039506463483937784,0
2.040187121049581,1.4254857176889522,0.5594273134418364,-1.8732276556973055,0.032990795042049825,3.457658828554111,2.760202665232947,0.026058487252842537,0.03793757163688751,0
2.6580830434911973,1.7987181759012143,2.722865603201837,-1.7260076892211829,1.5978220425988385,2.2678902917951613,0.9693745433170382,0.003742938735687007,0.0036983846833081335,0
-1.0045710049559557,-0.6583400693504982,0.7810725489505606,-1.9150356252863754,-0.48426179856698104,3.0211823328696266,-2.319286943697439,0.017303276206903008,0.004210915793313785,0
2.896420131988885,-1.5421098881349753,-1.9580590330907155,-0.9208104288749066,0.12100379356139923,0.19977671879434705,-1.4490413891483989,0.009306155904501448,0.014587855599939102,0
-1.8363631051539846,1.3913146555651317,-2.4887053665508114,-2.5413165655020027,2.03378450580777,2.4250503757787434,-0.18386134238801288,0.02482109082289111,0.020025789305807392,0
0.862323596160353,1.4520771331912117,-1.7958909622003378,-0.6835179161992286,0.29037902965469975,3.3088334260097407,-2.22995687464303,0.023523928521021278,0.016260872653891797,0
-2.8041241741707394,-0.07769484462039933,-1.5076801973368246,-0.3638776990210042,1.0689077438298455,2.8396876828149584,-2.779003186258479,0.032076234026189886,0.028920091353689604,0
-1.2014324476986193,0.6471384691156878,0.9290552693220246,-1.5361018954091594,0.41183732887375113,1.478024996764463,0.7749002895296022,0.02705025042039874,0.014150513220500273,0
-1.3551587354725911,-1.063460388831269,0.456492156675393,-1.0716417421015176,0.3044799755443215,1.5649346843810499,-2.1635296869161884,0.0004172495873222992,0.021244742557120583,0
2.6177925919336595,-1.5336022526969961,-1.7616962568845895,-1.8634399253028346,-0.31097194819736806,2.6023115417437546,2.3256123424812576,0.014005567683289453,0.03283230893467296,0
2.8909205101728044,-1.0806262918262284,1.5261670794076827,-0.5703847694521347,-2.2561175709850287,0.2890532076932991,0.21974381340836402,0.035940438170459096,0.02356695089396692,0
-0.4420332257985633,1.6086505937208304,2.6315628517223844,-1.7127093956329462,-1.5094771094861175,0.1195727296794515,-1.7482927230917429,0.013596669238566653,0.00404549813058551,0
-1.1698322988367638,0.8140949725505828,-0.9381373117405074,-1.788229634095775,2.0488647272539313,1.2201271766125414,1.7236114722819749,0.009322281979168463,0.03948220390012565,0
1.209433296036377,-0.47161053084122084,2.205429265622674,-2.951794674048813,2.0409448377851622,-0.0341150857544496,-1.654611153921237,0.012718980691458506,0.010496280063722718,0
0.14009421885411566,0.015462640043202747,-1.3649381413842776,-0.22661866797669772,-2.8267509342921504,2.6938619719300223,-1.408518599730715,0.0020348376565511206,0.003936631461868742,0
0.8417148453944883,0.4765890780548869,2.8145054809834114,-2.705093734295741,-1.445002889762636,3.1530423463083057,-1.7989550521571813,0.02816766524004214,0.03694134999713504,0
-0.04426880442408265,-1.3199124818646506,-0.6872667200273419,-2.754400617089145,2.033744133825856,1.8918864856467514,-1.1410378495473623,0.024494636255408226,0.010867503696114693,0
-1.6375283042302449,1.2861956012205222,-0.8707737750945928,-1.007483375445596,2.07829288987651,1.2024245121287505,-1.0215412346918438,0.01477402063278197,0.02396515738912622,0
-0.9553998363453298,-0.9929918620107511,1.6913711481625602,-0.371307092547835,1.6795686786690003,2.143744606076121,-2.174365897850826,0.020365034353674802,0.03920250323390468,0
0.4647410708468729,0.23222947455041143,2.6733331129325797,-1.9890076466313324,1.0658887427081551,3.6889334280443946,0.24448586442760467,0.0001701812063890218,0.03339593684601939,0
-2.2890368330683355,-1.5053049641404808,1.2513039331271307,-2.9998733792174366,1.2947393594543581,0.7845959341265051,-0.3883762544552454,0.031067953483941962,0.02576627412480205,0
1.1977021775076806,-0.9214347517446734,2.1178193576758884,-2.4307034516480064,-0.2029111158163115,0.7490978821492038,-0.37938822706268827,0.03086479408719495,0.0017483445972558843,0
-2.8298850736916585,0.9656464686188542,0.9804253897135475,-1.9546657900548967,-2.934647475483323,2.6527845256025415,2.8373470009527018,0.02064513780084316,0.00833095465586724,0
-1.7584748009253985,-1.6230222446083689,2.9252154751245354,-2.6538245903524316,-0.07079568559370975,0.21205767978474566,-0.7745958825332662,0.012550378925412317,0.037960583755664516,0
2.3314938432651036,-0.33775061423208386,0.1380736438778385,-0.9382586454304009,-0.708492580120379,3.433031978377476,1.2282478347932853,0.02629261054728639,0.036486914980600534,0
1.4182415175415612,-0.5097805866604335,0.6321450125210726,-2.7438922371167473,-2.3896945538354366,-0.057046120522441984,-1.7159817161985271,0.00925706160898077,0.0033258742717618174,0
-1.31581737125452,1.4247235381307986,0.6384680457068606,-2.280468890817933,-2.7385777582466306,0.09728026465837562,1.522075915133693,0.00856495237463303,0.016675598502681757,0
-2.6629348795796086,-0.4561152881032291,-1.1935291439040034,-0.6656726522859961,-1.8958948254588404,1.07685944984229,-2.313367365002209,0.013658946629290281,0.012448736918145645,0
2.237913892425722,0.33280233015679284,2.5070404582519763,-2.753648198416825,0.43660740468081505,1.3586716967103665,-1.6113681260088848,0.0028691716587124993,0.029377420461655472,0
0.7462419666340807,-1.1421221536872603,-2.7995185383517827,-2.3044627512561897,-0.17293122036648878,2.2423429513003805,-2.387893882471437,0.029956982947247926,0.004973808303877232,0
1.5057081258527112,1.3768952757678774,-1.7949715778096387,-3.070383220202504,2.702632563828445,1.2884273518981502,-0.8500234936498887,0.038085155836616515,0.022624389790125835,0
2.2947933438935775,0.0030687977116747867,1.364236198057712,-1.274731891736419,1.4302787560054253,2.6982719056903464,2.2835008871712383,0.013142733192195584,0.019166651258106127,0
1.831692334432463,0.2537079851172155,-1.8606929267125614,-0.06445019935838836,1.7718277696710767,0.34683180154707155,-2.9621039602431596,0.028728971660993842,0.016486839774420226,0
-0.1398642599535287,-0.7782693674772188,1.5393960023853785,-1.1502490528839073,1.3348014223980305,1.0861816440411036,-1.217145273633969,0.005655670537075421,0.0010750000434141737,0
0.498712408399848,1.7446511077411622,0.7129404708236642,-2.478075053115367,-2.251825554429451,1.0371952809243794,-2.182228489895862,0.018884941638534478,0.012498652512094824,0
-0.28559379076985536,0.9966448528621277,2.348081311464109,-2.1717991256853653,-0.6732372888834859,2.3962596552366096,0.1213896975708586,0.029781469454880496,0.032569769916335777,0
1.8656651035654463,-0.6814555649129352,-0.045731198368613946,-2.7018609152956428,-0.23535937620109326,1.878261602211753,0.04142684767138993,0.005563895930923337,0.02816107987934688,0
2.7621980168088514,0.9145013252784484,-0.7836006268033637,-2.4328269062654573,-0.05568061548893688,2.550290536088696,-0.5394446524466585,0.03131763075929224,0.014642047270905643,0
1.151616441120717,-1.4838000655701804,-1.068995792278371,-3.0126612148637912,-0.4396025964128123,-0.024681295416701193,-2.1253666981209722,0.030255402107391315,0.036084769689232,0
2.1848610030878235,0.9245619113997383,2.0333850592270086,-1.5375420195366092,0.2158736382729156,3.7096742425180347,2.6237316145479403,0.0374794112542985,0.02826834798079057,0
-1.8824973348647964,0.5260485175617593,-0.8642964851229662,-0.1076131015279218,-1.8304770369303147,1.7290090662408597,0.3831789876898619,0.008387385471959271,0.03266075040030305,0
-0.1992001814788371,0.7874982639420891,2.793790780063976,-1.9563578774665942,-2.492732120176613,2.795927041189611,-2.3718671157977327,0.025477311397119444,0.020514637880199894,0
-0.1304476081359427,-0.6656523783316846,-2.555442888069247,-1.0833409875411824,2.285050316838769,0.24241735015338645,1.1948097072788584,0.038208505348544,0.016088844491370137,0
-1.174642289704276,-1.793055307870316,-0.2635666349410841,-2.943661998917627,-1.008165179269145,2.9358413635258813,1.7012487221775614,0.0017223879911811447,0.03713902498869313,0
-0.5565594202992932,-1.5049391785940007,-1.3425148397672146,-1.401016060396721,-0.5046075959567893,2.2380262017290784,1.1373977499011523,0.02138466849796652,0.03224170056387238,0
-1.7267209722553902,0.06566052791176169,-1.2036562489772284,-1.3885077546081535,-1.9537979047385177,2.7135458740569125,1.298391518090925,0.03849615171439798,0.03924869345447897,0
1.9505591117639045,0.4218383866088373,2.8437497079457175,-2.3793003107099366,-0.21292774589945607,0.7267428176973381,-1.436254720204224,0.03515218516847964,0.004307802840928105,0
0.40639202568846633,0.9858350595885439,1.5974452089233817,-1.2236488154274199,-1.3579338103443594,1.3380180313505,-2.1007594406657035,0.016467305487667026,0.03973941955513081,0
1.7903008226076902,1.2224120624365178,1.691050280912053,-0.05438029683819989,-2.0213153585538857,3.6056388942235644,2.058523100508698,0.018967929225980115,0.022977775685792342,0
0.23545949087938522,-0.019444148288283447,0.1460664961532001,-1.3501041086004808,-1.1683518448637586,0.7901233881937921,-0.49634755140017983,0.02904012297697972,0.013124304955729317,0
-1.627975780918943,-0.8523021702399517,-2.9022563073721415,-2.0293254736230457,-0.352878619690451,1.0713886059164468,-2.13300908209537,0.02440329201781918,0.019193897826290062,0
-1.9897599942933804,-0.9586658501499605,-1.8971578728827927,-1.100511129992002,-0.4595581790405583,2.152811506409564,-1.0738486079617668,0.036527758276918676,0.00985366792790042,0
-0.2767506739401395,1.7225405533291542,1.6943780425475423,-0.9692426546174326,-0.7338184347751597,-0.07380506257577432,1.6238955269727282,0.0006680409892269435,0.02449307121559107,0
1.3454683778915588,0.2302308930159518,-2.583166490193125,-2.288366514257259,-2.711042835929171,0.2598993372522444,1.4349377468396045,0.03315719867011668,0.026801766336773947,0
2.952785741641152,-0.27454153463491426,2.771270762317345,-1.9641860372717321,-0.7613641728148353,3.4995182132053513,0.6780573638569014,0.02603497585627671,0.019346813357684213,0
-0.7091073729150259,1.7766094733462514,-1.747376648486024,-2.4414912367649078,-0.02313096102429979,-0.03737394085114542,2.783341352608501,0.02545689379798755,0.029271234355055104,0
-1.7600026746447641,1.4651886304600794,2.346814916149983,-1.9043821881281209,1.2443460748696862,3.768362537835487,2.1279199897893784,0.007467410532279479,0.03231417741010619,0
-1.748703408174884,0.20318042149161264,-1.9086504679345815,-2.1125356648038,-0.944242669311171,1.8248725520199942,-1.3966391813861856,0.01688985463358951,0.021902622403749347,0
-2.0723726574939363,-1.8163217474945332,-0.4622137716686856,-2.0406472530260524,0.5745452384183856,2.8824455140428613,-2.6677425568279625,0.024579724229450067,0.03219045652666196,0
1.5806080363374577,0.037649547630767444,1.415054404831419,-1.6966898903156997,-0.9573614125769425,2.2754942107322975,-1.9220578749699024,0.017641925233064095,0.03743543397651418,0
-2.7234032579462126,-1.7346194774228345,-1.2165716090314282,-1.7778313197948132,2.0219530775759673,0.5860107139749432,2.1974556586790785,0.019113352472393284,0.00808641001456893,0
-0.5716489592175842,0.10957273294470316,2.1007456658032253,-3.1001392834892716,-2.753613498380467,2.641336082840691,0.1976520713468779,0.0061625047111217995,0.020246171794243276,0
-1.62798690990625,1.1688390611811494,-0.01308646318219342,-0.2896425876862314,-0.4985285506798096,0.9037397283766052,0.5849720173756778,0.01157152088361722,0.02474455614894158,0
1.096357063337026,-0.4654092131484169,-2.9250122016015614,-0.6508513406853571,-1.12594743019895,1.2303479106583215,-2.2152251230238376,0.0007062023395000016,0.015188209081486286,0
-1.3199670793102396,-1.339394538170167,-2.3832141887733727,-1.2818678563954007,1.880935482834404,1.3139046302239186,-2.156701910346173,0.007106723967554287,0.004554783550498396,0
-0.4144733426183538,-0.7793282152410514,-0.4625270115131248,-3.1216302177256368,-2.9169231277433645,0.7252370027881662,0.8438419908005161,0.0016500987980436444,0.020263951083139352,0
1.8473192629216384,-0.826087870547743,1.7724097950156943,-2.1570900784241047,-1.6309095941919562,3.5020303585090464,-1.8490508123792684,0.017726142276808327,0.022348942912782,0
-1.6632340446425584,-1.2972548286168821,0.08098650915668104,-2.15776587264575,2.176071653619888,1.636588312483982,1.0059047752855972,0.008824923800903637,0.037311570033803226,0
2.372149878268504,-0.9193110297234488,-0.6735314722726136,-2.418684437207025,-2.65038571733413,0.09319367320892026,-0.8581926323645939,0.002325050567974425,0.0026083571516165318,0
1.0254065911653765,0.8435121987059893,-2.7967884651333383,-2.123239843625073,1.1050929640604177,2.0797422647489365,0.8618511567182678,0.002740939309630477,0.02285242454544299,0
2.2849697906747655,0.8402062611175294,2.4068999103805733,-1.241278450388417,1.285071122452543,1.5074812621192575,-1.743193038796267,0.011949259919998702,0.0029128649688838016,0
-0.49021578049820835,-0.8981981388063404,1.61228665717725,-0.28404384807458927,-2.593274900890092,0.1833904080692616,-0.5698361381098564,0.002779915082173763,0.03855802393453861,0
-0.7451679607472181,-1.137814014481724,-0.4718496496453439,-0.391904607991008,2.7934489188673948,3.349753646500622,-2.203927510129463,0.009346303916332812,0.03843679143577201,0
-1.062743303693739,-0.37217540630475576,2.0134283178467034,-0.6439004584996288,-2.946371126116137,3.6420996393150924,-2.4550263836114254,0.0025815553415294403,0.01896168415969379,0
0.31326214948097775,1.357630487943273,1.1825772153273912,-1.3544866238278515,-2.4554196352466224,3.348636210894836,0.08457096824090193,0.03355484400895407,0.021849309787643205,0
-0.31293356957913687,-1.8252220135761803,1.5642262761101153,-0.6989064904270541,-2.679457805905255,3.535474560022596,2.6132784731011243,0.025576319718871282,0.02755150860878598,0
-0.7639783990684776,-0.6318032633033102,-0.2704326530554084,-1.5063574211029955,0.5726826332283106,0.9471823535359792,2.685228504037235,0.00657063674368918,0.030094146113669708,0
0.6999975035565065,-0.4075851090724134,-2.7977461656760583,-2.144947785561512,-1.7150169028195585,2.1192228235421258,-0.07795064647645189,0.009007395120966169,0.0036325682102916978,0
-2.787141455104384,1.1967944821805256,0.3560241015481713,-2.138766280459227,-1.4848846351323517,1.5851847824369338,2.8475581331981954,0.013858769857057408,0.03516238777517265,0
1.892014014970321,-0.13864731064723124,1.4792501888721508,-1.553970916117007,-1.5392737197925948,2.6394330812316658,1.9611860650409878,0.026833007480703528,0.011699391474752172,0
-0.426286187912317,-0.8893677663522965,2.022245944284561,-1.128190094979506,2.4734674456889985,0.5064381205821119,-1.6829467852750253,0.03735619264468339,0.02881810757449717,0
2.3476230345549376,-1.242207895689368,-1.572960449629383,-2.2433455699636093,0.2649907094091106,1.0884963642764942,0.39839639855811715,0.01977901559037384,0.016310968339200167,0
-1.6767597820251106,-1.6343117434288434,-1.9170894267606065,-1.4315683209500527,0.3657713140293364,2.5687210775107787,1.4134561373306753,0.021885000117275306,0.02115725810979271,0
0.2572562574901225,-1.2744594647414211,-2.717547957295243,-0.4980097344829404,2.9324147140454895,2.2862085571223645,-0.46236470919974826,0.01226193269113686,0.031296998353924306,0
1.6780527065521755,-0.12593157475050964,1.7771562281329687,-0.1936120837397084,0.6806063184482412,2.968674249600876,1.8994865107467755,0.03663801714143561,0.027268633015576388,0
-1.4945336805579787,-0.7420809016964176,-2.2804222829477467,-1.4859943798173307,1.5020176867278345,0.6854949293021693,2.145166964880921,0.015746089468427142,0.018155312781999333,0
-0.834902560543056,-0.5865266666775484,-1.1800225856165816,-2.225013912342034,2.706089113447088,3.5418298952785237,1.9304634611982707,0.013822060842886001,0.004169280610060904,0
2.3718485782512375,1.7253983306399479,1.6250329168577138,-2.4838038554903217,0.465969896119633,3.204673635242978,2.868185533970426,0.03136044660305054,0.02191554197891572,0
2.9209383028987372,1.0473205520692213,1.330630745300661,-1.8612779934053327,-1.90730284452095,2.9271727682939064,-0.1544740947587684,0.009532692232644396,0.020086664484883762,0
-1.4039419174605536,-1.6906643242351795,1.2870480565758382,-0.7017767088202489,1.5265310424801117,1.7003792442068573,-0.7839341646524685,0.02220276436782412,0.018152104129791104,0
1.7490982712998702,0.7467681573729259,-0.5349472957356518,-1.3131461866126042,-2.3087393522271693,1.4237803357682064,1.6011318242211696,0.02802816406880461,0.025813371823784653,0
-2.3813968784440913,-0.06746975061213245,2.5253044835810754,-0.6095967434944578,-0.30277190881570526,1.2755551560996774,2.6412818562961893,0.024509109931774666,0.03913437644007184,0
0.23520251294106842,0.5358079492206731,0.4165245073735342,-0.6961815988230673,-0.8381168348088837,2.7384947451805806,2.707319426686404,0.013438319135481871,0.021822685409174373,0
-2.0109096169790472,0.42519221077669456,-2.272358805394929,-0.3168570410871361,0.23544679885934228,0.9916794038637214,2.7596249515508027,0.03918688779683604,0.029851207111282446,0
-2.8044323162969267,-1.6702137191469544,1.9288595950613403,-0.3807280692437556,-2.497818244517568,-0.03695098503746449,-2.498588116719683,0.02874332395114087,0.02788153281951185,0
-2.4927207126760553,-1.4139058187473803,-2.1918357520373144,-0.6740418540051905,1.3563813502893738,3.258296491323481,2.0611095435859554,0.021643969046613306,0.038942081171665574,0
2.157021855105795,0.08553067142099313,-0.6746208474634523,-2.3535424503172586,1.781708910266007,2.4290716539652255,-2.3668553130695216,0.029321470787212523,0.024954883224594153,0
0.4671030727451835,0.39008171295009775,2.0721379605651973,-2.544443500902021,-1.3705030667909754,0.21228280141592115,-2.3057598108261126,0.017935244728192534,0.01222693107639265,0
1.9703790586236622,-0.2494868233852987,-2.7699432835217745,-2.1078377937594355,2.241773011216074,0.9792526417944353,-2.006605421548072,0.007192482676773811,0.025795251391003166,0
2.4575472478377125,-0.09563161912001661,-2.4782009371169407,-2.7126103073300207,-1.3162518335670887,0.5649242658741251,1.7430649991061764,0.01798363738773819,0.026261452386598338,0
1.374117755466068,-0.6116577202122022,-0.5291661275898791,-0.295619986744152,0.9989464147395251,1.188849802655499,2.322274414023474,0.030390604973606534,0.025705041994868894,0
2.1500478779895,0.9688473380627138,-2.7432513327305843,-1.9286635315573581,1.8042680690338888,3.1424628196051407,-1.9241084272912197,0.03453350643944989,0.028789257390750573,0
-2.4653741161931575,-1.6341940367727514,-1.195475420454986,-1.1863177978076647,2.9169900315781594,1.6226526434748805,-0.8334387378243417,0.03337731182039544,0.009479165840199224,0
-2.787074763975886,-1.2111296812065213,1.2377490767244184,-0.2093196974922229,-0.33869291935490375,0.670693984865568,0.23953621263248914,0.01426376168453401,0.0372138822041898,0
-1.0897800445172776,0.13174211795899438,0.5081446586193792,-0.3313806123424907,-0.532598057255691,1.7633885152432294,-2.1394044356099937,0.020800759073819286,0.01729153438081704,0
1.3192112290516431,0.3433849607859074,-2.5661441850582856,-0.5535081955426322,-1.3782293515742747,0.5266834908951304,-1.8027201591723216,0.03985768563580426,0.015785728511430813,0
2.3176674376418043,-0.6045555916808905,-0.6641042010483154,-2.8233476587244883,-0.41606510927044704,1.626207862503394,-2.911695959325295,0.0027447961261717513,0.01973488035163101,0
2.718311244617469,1.2061485267995755,-2.0573003641024816,-1.5017676537136442,-2.760573608800099,0.2260689856721967,1.4594811137088937,0.010988913046084004,0.013176264818387113,0
-2.166350736805899,0.7424147893030779,-1.8927187166786528,-0.996986271940203,-2.41433069384253,3.6395600018742966,0.9853025574508436,0.01599671713489993,0.0007701499180483306,0
-1.9960665530054125,0.14493228730027585,0.2256770036826654,-1.3002003527122628,-0.3363610342595682,0.43413498554962565,0.40846833943397165,0.038489130570571385,0.03614892358306704,0
-2.5160401980749025,-0.9478273040141305,1.142273565668423,-2.131878097934728,-2.1941281351193607,3.5436112748764046,2.2730515745720976,0.03904272251862769,0.017195478789004074,0
-1.9962457273915588,-0.49563626264105687,-0.8806490259799085,-0.22928180561225586,-1.13348475421978,1.179613123499189,0.6997931589036046,0.020620710075942156,0.0230630926181099,0
-2.410078250169498,-1.2104295062616415,-1.3768868049878122,-1.2591157330782023,0.6198612108658685,2.0338443402459787,0.8918187421816719,0.005608175363852266,0.023762986324212698,0
-0.3861239842234565,0.9088771073355144,0.4201601084157387,-1.6457546020331846,2.242466222448251,0.7358616369625757,1.3716839868162505,0.00769761204447434,0.002462064795988148,0
0.24077140044757828,-0.06810771260342507,-2.848869474519837,-0.7383364767532465,-0.35574173631934114,0.9158999356319143,0.34433466027778614,0.027463510568791698,0.018786137457559308,0
-2.046660621943414,-0.6766589851811056,2.9116492947510593,-0.7312035586418144,1.1220750089590408,3.342074269636526,1.163313954873899,0.03694685718456965,0.010716952959442541,0
-2.9303660557308318,0.3515588461517163,0.7783882351168554,-3.0894746552690893,-1.853601147922484,1.8288095103730648,1.8260930357617808,0.03382474608012235,0.035121376042994756,0
-1.5522756392295896,-0.8880461301502639,1.5877840577282902,-0.9034295485757635,1.7994742557176937,2.4474788294924874,-2.484538542970618,0.0012666257089468803,0.0176395116955411,0
2.947920532695353,0.3094484120451837,-1.9823457729949563,-1.8094641667429527,-1.1651783598692194,2.3037332772700525,2.2790439833089775,0.029809553866224067,0.021469650495232667,0
-0.5070758751038493,-1.0973948253200039,-2.9300818103984034,-0.032896947559914125,2.469233955565532,1.0040213281061765,0.9350471328575596,0.0189430685568189,0.004978862567882807,0
-0.31631330541864466,-0.9402810992511258,1.2617715155719815,-2.971169047209525,-2.2256183776758407,1.57052405953192,-0.5820007980361428,0.013382865118115156,0.009788609258942574,0
-2.4476579129797686,1.6618640316636901,2.181077505912271,-1.2838690886964073,-1.3519472776694708,3.210107470649555,-0.04914299327102123,0.0016901459990961687,0.021184522244729564,0
1.5145306409402868,0.8100553687560341,-0.8684813359718246,-1.2645251816711947,0.1916811357648447,2.2626261593386943,2.0285986986254048,0.03949227198209479,0.012415154531969784,0
-2.6090972202490534,0.4619762476729752,1.3100659429128485,-1.6474002194791155,-0.8906559272312022,0.5809565565456555,1.8968211234247998,0.00025612900615747504,0.009576059623493097,0
1.5687455999150495,0.483630585232411,1.1509375416780228,-1.809482770970758,-1.1218012494047214,0.820689779985591,1.7991146629003736,0.008426402123727202,0.013934856707039329,0
-1.2200738122815413,-0.7300616804918778,2.7949462888957464,-0.40778354365362324,-1.3407602613636271,3.25543472524945,-0.4979679558671277,0.011644807023095395,0.009133669961506037,0
2.718093526273013,-0.09331842830831483,-2.2152098480126208,-1.5137955503972382,1.0688236759222645,0.6056900315561828,2.961039376744733,0.017421455444949774,0.009875430356128128,0
-2.631661781756005,-0.12008077594118838,1.761927936547313,-0.7206759304779626,0.10237086305081311,0.8207386930259577,-0.3264768880717157,0.0027431789048986445,0.0171893173930701,0
0.5203274826599054,-1.786151608060032,1.6611776316365447,-0.2422736703586681,-0.322224133042444,1.6269169049467374,-0.4823462368582301,0.03807282587015549,0.00046801734097889013,0
1.2780480398564769,-1.5372495918820033,1.356881971962356,-0.8718413656958974,-2.581252111368555,3.212970354355067,-1.7825863428449047,0.03708454608209509,0.03792380270278785,0
-0.4357402895489879,1.482101744730983,-1.5196320618086,-1.1739921830031075,0.7262164213441666,0.9323754836543628,1.5481010953571235,0.02476904965808112,0.004107733690488691,0
-2.7457078003383875,-0.7069892289091038,-0.19703039808094713,-0.6064191348389918,-1.7602824922234386,1.4804005678368204,-1.2643063053264627,0.03824039191459717,0.026949392021359195,0
-0.5767825804253786,0.9749441382214565,0.23551785701495698,-1.1944032393402677,-2.262782886668214,1.226906702159405,1.5371925697876843,0.018151727459976782,0.012652528174618417,0
0.41358391553192364,0.487165924265758,0.458818859451247,-1.8628786142822389,1.8104368974057619,1.9680436308772569,-2.9046400772502476,0.0396809401503687,0.015590359697182246,0
-0.5690371259659415,-0.7126728083999438,-0.1284835772996753,-2.414882346674422,0.23028743843389954,1.4292082822568868,-2.38911767600929,0.010833671671312288,0.0037141233801313025,0
-2.25612540562562,1.3484411104538416,0.6183633802944883,-3.1095256395695023,-2.6346119923035585,1.2750816518468693,0.4473342770798201,0.013167275885024771,0.01385162072990839,0
1.0386602207335085,-0.3783074953349532,-1.276297583209025,-1.000696874519206,-0.6444515269029303,2.328537616822176,-1.539612809603399,0.012400580175319397,0.010604115422689148,0
