time,dist,gamma,real_dist,tar_dist,pred_dist
0.002,0.06802353888085752,18.174203872680664,0.24007869507236734,0.7974475440378651,0.24286192655563354
0.004,0.06802377151417,18.17169761657715,0.23929063847390758,0.7974475440378651,0.24276283383369446
0.006,0.06802411996986328,18.168060302734375,0.23850468294226995,0.7973877520329082,0.2425365149974823
0.008,0.06802458238619265,18.165464401245117,0.23772113185575416,0.7972686948669092,0.24218621850013733
0.01,0.0680251559343679,18.162307739257812,0.23694033038318874,0.797090809100509,0.24171662330627441
0.012,0.06802583661495021,18.159465789794922,0.23616260814071405,0.796854523673819,0.2411295473575592
0.014,0.068026619420729,18.156238555908203,0.23538832204033744,0.7965602022967591,0.240428626537323
0.016,0.06802749822354136,18.153474807739258,0.23461782202309067,0.7962081936360503,0.23961539566516876
0.018000000000000002,0.06802846587324163,18.15033721923828,0.23385147634944814,0.7957987977545684,0.2386922985315323
0.020000000000000004,0.0680295141378159,18.147371292114258,0.23308965107386548,0.7953322968191378,0.23766066133975983
0.022000000000000006,0.06803063376470216,18.144107818603516,0.23233272493323037,0.7948089357186955,0.23652254045009613
0.024000000000000007,0.06803181445174387,18.141124725341797,0.23158107701546715,0.7942289410316276,0.23527905344963074
0.02600000000000001,0.06803304488631097,18.13809585571289,0.23083509549185255,0.7935925099871668,0.23393197357654572
0.02800000000000001,0.06803431273362222,18.13496971130371,0.23009517018036196,0.7928998223190045,0.2324826717376709
0.030000000000000013,0.06803560466263947,18.13178253173828,0.2293592525344329,0.7921510341176761,0.23093295097351074
0.032000000000000015,0.06803690634374565,18.128549575805664,0.22861808234657816,0.791346285347736,0.22928369045257568
0.034000000000000016,0.06803820246654922,18.125347137451172,0.22787089378037823,0.7904856965499343,0.22753706574440002
0.03600000000000002,0.06803947674218183,18.122432708740234,0.22711789678819871,0.7895693736960969,0.22569483518600464
0.03800000000000002,0.0680407119159258,18.119556427001953,0.22635889240147805,0.7885974065364237,0.2237585484981537
0.04000000000000002,0.06804188977135771,18.11669921875,0.22559140747701678,0.7875698718059628,0.2217305600643158
0.04200000000000002,0.0680429911394094,18.113666534423828,0.22481493052293994,0.7864868325085405,0.2196129411458969
0.044000000000000025,0.0680429241299482,18.110614776611328,0.22404000797608337,0.7853483400922,0.21740825474262238
0.04600000000000003,0.06804265571957721,-9.191650390625,0.22333228427688306,0.784154434255389,0.223329097032547
0.04800000000000003,0.06804213994221266,16.9190616607666,0.22262277264647024,0.7828952523302937,0.22658395767211914
0.05000000000000003,0.06804136983823454,12.017854690551758,0.2219294715877173,0.7815677393328279,0.22538064420223236
0.05200000000000003,0.06804031436745275,17.851829528808594,0.22123906086266376,0.7801931500750741,0.22201929986476898
0.054000000000000034,0.06803895314473486,17.51296615600586,0.220563335416588,0.7787561479930171,0.21445178985595703
0.056000000000000036,0.06803726145784099,18.06035041809082,0.2198938858159628,0.7772695178910848,0.19852419197559357
0.05800000000000004,0.06803521172905692,17.974397659301758,0.21923840292764107,0.7757233205972089,0.20662972331047058
0.06000000000000004,0.06803278078600035,18.077320098876953,0.21859177498629734,0.7741257610107721,0.1933414787054062
0.06200000000000004,0.06802993741289358,18.008934020996094,0.21795891000831802,0.7724705390209727,0.19447162747383118
0.06400000000000004,0.06802665737471712,18.0546875,0.21733690299177305,0.7707627388664994,0.1882343292236328
0.06600000000000004,0.06802290755137655,17.98252296447754,0.21672884592817354,0.7689985135386885,0.1872451901435852
0.06800000000000005,0.06801866155869396,18.0244140625,0.21613320030703354,0.7671808975844576,0.18319979310035706
0.07000000000000005,0.06801388505059436,17.962940216064453,0.2155519716591372,0.7653075778544138,0.18107038736343384
0.07200000000000005,0.06800854914228449,17.992034912109375,0.21498442314569227,0.7633803558682175,0.1777203232049942
0.07400000000000005,0.06800261842014006,17.94845199584961,0.21443190742780788,0.7613978299909642,0.1750616729259491
0.07600000000000005,0.06799606146871426,17.962812423706055,0.21389415356786085,0.7593610583329743,0.17192396521568298
0.07800000000000006,0.06798884174103224,17.93208885192871,0.21337211879427365,0.7572691798054649,0.16902776062488556
0.08000000000000006,0.06797733812978887,17.937213897705078,0.21285404813483066,0.7551228031709246,0.16594198346138
0.08200000000000006,0.06796792668125397,16.195728302001953,0.21243877445142245,0.7529213869823406,0.18988972902297974
0.08400000000000006,0.067959004807876,4.991330146789551,0.21193558005291208,0.7506049233501029,0.1913658231496811
0.08600000000000006,0.06795066163848708,17.33513832092285,0.21142945321360196,0.7482924574355244,0.1595623940229416
0.08800000000000006,0.06794285616644062,16.92589569091797,0.21093493568759658,0.7459126216321036,0.15734605491161346
0.09000000000000007,0.06793564641751708,17.785602569580078,0.2103823649205797,0.7434825730050486,0.14207832515239716
0.09200000000000007,0.06792901929927304,17.42388153076172,0.20886717984955688,0.7409890866149769,0.15229389071464539
0.09400000000000007,0.06792301518530851,17.82136344909668,0.2073619495529102,0.7384432415990072,0.13651777803897858
0.09600000000000007,0.06791763791680765,17.751007080078125,0.20581301414095549,0.7358366131232388,0.14081412553787231
0.09800000000000007,0.0679129183702564,17.80059814453125,0.20427306403223938,0.7331761931872136,0.13324430584907532
0.10000000000000007,0.06790887049462999,17.719356536865234,0.20269723106200455,0.7304567754451012,0.13288043439388275
0.10200000000000008,0.06790552107631652,17.759740829467773,0.201127796922139,0.7276825696677691,0.12852874398231506
0.10400000000000008,0.0679028898943826,17.688350677490234,0.19953088942163588,0.7248504816592849,0.12639673054218292
0.10600000000000008,0.06790100251934177,17.717456817626953,0.19793810468857426,0.7219630280752505,0.12312416732311249
0.10800000000000008,0.06789988231311721,17.662036895751953,0.1963242592485535,0.7190183660448194,0.12051047384738922
0.11600000000000009,0.06790283820871366,17.72073745727539,0.19017603975626218,0.7070165825821624,0.12110088765621185
0.12000000000000009,0.06790842631728644,17.731616973876953,0.18738363872506697,0.70118182117004,0.12005006521940231
0.12600000000000008,0.0679214022323507,17.771774291992188,0.18355601134426452,0.6924483828683616,0.1206960678100586
0.1300000000000001,0.06793299925050988,17.77867889404297,0.18124818350150063,0.6867126205574532,0.1208031103014946
0.1320000000000001,0.06793985381006887,17.767723083496094,0.18014335407084653,0.6838705415312256,0.12005775421857834
0.1360000000000001,0.06795517223286027,17.774404525756836,0.178038161752943,0.6780090358760834,0.12157990038394928
0.1380000000000001,0.06796392832395616,17.764062881469727,0.17704033161304417,0.6751047500450349,0.12227790802717209
0.1400000000000001,0.06797345130754746,17.748010635375977,0.17606142132834618,0.6721413818886224,0.1229252889752388
0.1420000000000001,0.0679837685643692,17.735496520996094,0.17510381764797184,0.6691193675172271,0.12276750057935715
0.1440000000000001,0.0679949086386103,17.71906089782715,0.1741708467264406,0.666038945578557,0.1237935796380043
0.1460000000000001,0.06800690047987763,17.703039169311523,0.17326001481362552,0.6629004548936384,0.12564390897750854
0.1480000000000001,0.06801977402588959,17.684232711791992,0.17235414303803198,0.6597041110165931,0.12803635001182556
0.1500000000000001,0.0680335596918893,17.66663932800293,0.17147705679557051,0.6564501836426478,0.13077719509601593
0.1520000000000001,0.06804828875784293,17.648845672607422,0.17063597187615656,0.6531388648710398,0.1306174397468567
0.1540000000000001,0.06806318743501293,17.629589080810547,0.16983381410089773,0.6497703752556413,0.12901842594146729
0.1560000000000001,0.06807919172180243,-8.653088569641113,0.1693916253010572,0.6463448863026742,0.12753722071647644
0.1580000000000001,0.0680961582839273,16.092069625854492,0.16853755430969622,0.6427585606443355,0.12247886508703232
0.16000000000000011,0.06811318947225824,9.14360523223877,0.1681440523388608,0.6391253157933054,0.12328119575977325
0.16200000000000012,0.06812921083953369,17.259477615356445,0.16744459323717223,0.6354714919788124,0.12197336554527283
0.16400000000000012,0.06814424407134255,16.439163208007812,0.16711121941185042,0.6317750832858173,0.12051420658826828
0.18400000000000014,0.06821896612546278,17.721271514892578,0.16794753180912067,0.5946808328755341,0.12135189771652222
0.18600000000000014,0.06822013913479147,17.724655151367188,0.16854806694207852,0.5909364995796366,0.12232910841703415
0.18800000000000014,0.06822028817566678,17.691238403320312,0.16920355616088867,0.5871473061784863,0.12268863618373871
0.19000000000000014,0.06821936278088271,17.68419647216797,0.16986747206331354,0.5833146265150606,0.12349996715784073
0.19200000000000014,0.0682173116421462,17.656028747558594,0.17057611784470694,0.5794383762816983,0.12471261620521545
0.19400000000000014,0.06821408090545965,17.64200782775879,0.16995147630343976,0.5755196579015407,0.12362366169691086
0.19600000000000015,0.06820961513575416,17.613605499267578,0.16822396928370886,0.5715586439431833,0.12198473513126373
0.21800000000000017,0.06812753992986245,17.872364044189453,0.15049800651140846,0.5296555468154994,0.12006401270627975
0.2420000000000002,0.06804253563584274,18.044403076171875,0.13502297366880409,0.49076474704269774,0.12022878974676132
0.2580000000000002,0.06799302457139499,18.1173095703125,0.12737064174453383,0.46873906257321274,0.12058447301387787
0.32600000000000023,0.06798524045538624,18.291568756103516,0.11823287966290846,0.39496307185634294,0.12088536471128464
0.32800000000000024,0.06798729482034155,18.290164947509766,0.1187443662788833,0.3935515536096234,0.12035539001226425
0.33200000000000024,0.06799156558071408,18.290237426757812,0.11979639554582121,0.3906221967632356,0.12176092714071274
0.33400000000000024,0.06799312586963405,18.288917541503906,0.12033898619782529,0.38919504013326817,0.12134511023759842
0.33600000000000024,0.0679942881276272,18.285228729248047,0.12088958219128246,0.3877329365555811,0.12093976885080338
0.33800000000000024,0.0679950430669345,18.283145904541016,0.12143973436579839,0.38623627924586845,0.1205538660287857
0.34000000000000025,0.06799538190976145,18.27965545654297,0.12198112560583042,0.3847052479341728,0.1201828196644783
0.34400000000000025,0.06799613781326894,18.27933692932129,0.12256537248459283,0.38154128172503465,0.1218184158205986
0.34600000000000025,0.06799587081386399,18.278087615966797,0.12286597570830575,0.379998121521819,0.12156487256288528
0.34800000000000025,0.0679923006100374,18.2733097076416,0.12317881225648912,0.3784212461725222,0.12132301181554794
0.35000000000000026,0.06798841577192502,18.238250732421875,0.12339465697012321,0.376811070452906,0.12174110859632492
0.35200000000000026,0.0679842353405491,18.286354064941406,0.12362186407235437,0.37525859531885813,0.12166482955217361
0.35400000000000026,0.06797973439292036,18.243947982788086,0.12384980536040345,0.37365624307501527,0.12126822024583817
0.35600000000000026,0.06797492303045453,18.27401351928711,0.12407166045297566,0.37201254470198103,0.12107390910387039
0.35800000000000026,0.06796978848892762,18.241764068603516,0.12428519647161262,0.3703235554658255,0.12068808823823929
0.36000000000000026,0.06796433733307244,18.25796890258789,0.12449017157679867,0.368594533742361,0.12041187286376953
0.36200000000000027,0.06795856461547936,18.233097076416016,0.12468436145584236,0.36682342492331665,0.12001967430114746
0.36600000000000027,0.06794736958939876,18.232173919677734,0.12509953873177368,0.3631633359156312,0.12169313430786133
0.36800000000000027,0.06794128595582763,18.236326217651367,0.12531780483896282,0.3613603670592589,0.12140272557735443
0.3700000000000003,0.06793488312617081,18.222057342529297,0.12552050885496197,0.35951899574741325,0.12106364220380783
0.3720000000000003,0.06792816836544321,18.220979690551758,0.12570927021792064,0.3576407084509952,0.12074317783117294
0.3740000000000003,0.06792114791646475,18.209529876708984,0.12589613519270665,0.3557253068616384,0.12039391696453094
0.3760000000000003,0.06791383082187798,18.205486297607422,0.1260825038825755,0.35377382376896366,0.12005120515823364
0.3800000000000003,0.0678995623210389,18.20292854309082,0.12651163568475376,0.3497635668185284,0.12177587300539017
0.3820000000000003,0.06789200748724876,18.195892333984375,0.12675244804852018,0.34780949293661073,0.1214902251958847
0.3840000000000003,0.06788418584508689,18.18749237060547,0.12698909604732075,0.34581971882035917,0.12019224464893341
0.3900000000000003,0.06786204887868029,18.189964294433594,0.12784630118088977,0.3397407129182013,0.1210070326924324
0.3980000000000003,0.06783455395630979,18.181991577148438,0.1294155710360863,0.3318863367672555,0.12199468910694122
0.4100000000000003,0.0677986905857502,18.224071502685547,0.1327326489956065,0.32137503902500997,0.12031544744968414
0.4140000000000003,0.06778746730529522,18.22631072998047,0.13402817100435468,0.3182603457171212,0.1201266199350357
0.4180000000000003,0.0677762824108597,18.227783203125,0.13532668768364414,0.31519780546917964,0.12009045481681824
0.4220000000000003,0.06776582381256639,18.22890281677246,0.13661148143261917,0.31218688457389976,0.12013798207044601
0.4260000000000003,0.06775638102140966,18.22808074951172,0.1378763868384209,0.30922697404767124,0.12026967853307724
0.4300000000000003,0.06774794226231463,18.228130340576172,0.1391157353510298,0.30631726167543294,0.1204422265291214
0.43200000000000033,0.06774381333740917,18.22403335571289,0.13971021357466681,0.3049068564165244,0.12012079358100891
0.43600000000000033,0.06773652970056043,18.223194122314453,0.14084460837737434,0.30196876133421247,0.12029415369033813
0.44000000000000034,0.06773027648067272,18.221288681030273,0.14195267323428534,0.2990818067734995,0.12049297243356705
0.44200000000000034,0.06772816001489095,18.216766357421875,0.14248559477856457,0.2976795478932769,0.12020619213581085
0.44400000000000034,0.06772611585316482,8.841266632080078,0.14306069929104095,0.29623835212437344,0.12858228385448456
0.44600000000000034,0.06772419801927793,17.74050521850586,0.14319437079835556,0.2946945122706607,0.12736876308918
0.44800000000000034,0.06772097915988677,16.898923873901367,0.14305476225020486,0.2931076812320027,0.12753450870513916
0.45200000000000035,0.06771561474557884,17.84809112548828,0.14285823941697365,0.2899518435924508,0.1268376260995865
0.45600000000000035,0.0677114513655266,18.160526275634766,0.14264850103878984,0.28693832224157206,0.12625059485435486
0.46000000000000035,0.06770845549628882,18.17169189453125,0.14242256678737683,0.2839672801865574,0.12399996817111969
0.46400000000000036,0.06770659814294991,18.178123474121094,0.14217677438317933,0.28103933550636284,0.12163956463336945
0.46800000000000036,0.06770585372362664,18.17994499206543,0.141907049660213,0.27815486224985764,0.12084409594535828
0.47200000000000036,0.06770619925360363,18.181507110595703,0.14160910621597686,0.275314009779071,0.12058408558368683
0.47600000000000037,0.06770761371050617,18.18210220336914,0.14127857908368918,0.27251675245230955,0.12049487978219986
0.48000000000000037,0.06771007753940862,18.182056427001953,0.14091111762401148,0.26976292847147165,0.12044613808393478
0.4840000000000004,0.0677135722665647,18.18175506591797,0.1404893691420465,0.2670522708032314,0.12038819491863251
0.4880000000000004,0.06771808019769411,18.181339263916016,0.14000000341921667,0.26438443210202084,0.12029960751533508
0.4920000000000004,0.06772358529966731,18.17999267578125,0.13943470967365934,0.26175900496403787,0.12022306025028229
0.4960000000000004,0.06772970562389827,18.17873764038086,0.13877816685198496,0.2591206983490246,0.12010375410318375
0.5020000000000003,0.06773893298399565,18.185646057128906,0.13766363964824088,0.2551612630756577,0.12028522044420242
0.5060000000000003,0.0677452016526932,18.183021545410156,0.136829691226301,0.25256766138269077,0.12010280787944794
0.5120000000000003,0.0677540629062911,18.187519073486328,0.13544748683735602,0.2486838758377511,0.1201476976275444
0.5160000000000003,0.06775983416306063,18.056249618530273,0.13447077411338929,0.24625439233277563,0.12245994806289673
0.5200000000000004,0.06776620922878097,18.1492862701416,0.13336695584017894,0.24389606045365006,0.12022382020950317
0.5780000000000004,0.0678105540039641,18.272062301635742,0.11925403606181476,0.22111979900672318,0.12013596296310425
0.5800000000000004,0.06781008399423452,18.27078628540039,0.11890314435045415,0.2209520402777539,0.1202646866440773
0.5820000000000004,0.06780978222360423,18.268722534179688,0.11850428595988784,0.22075326803001585,0.12033861875534058
0.5840000000000004,0.06780964646495158,18.2669677734375,0.11805776257752626,0.22052388732032102,0.12035153806209564
0.5860000000000004,0.06780967444201298,18.264514923095703,0.1175644910148519,0.22026421155269846,0.12031238526105881
0.5880000000000004,0.067809863939904,18.26211929321289,0.11702478673127578,0.2199740470201138,0.12021803110837936
0.5900000000000004,0.06781021289831166,18.259315490722656,0.11643956748366964,0.21965318537020187,0.1200743168592453
0.6080000000000004,0.06781105854855166,18.26588249206543,0.11086200269831144,0.2164682321538511,0.12003913521766663
0.6100000000000004,0.06781126248380538,18.26396369934082,0.1102320736058983,0.21616184803319138,0.12015325576066971
0.6120000000000004,0.06781125718136882,18.261322021484375,0.10956947925163218,0.21583580533902,0.12021151930093765
0.8520000000000006,0.06806677816348036,18.423847198486328,0.10200998021515181,0.4051285841721547,0.12162752449512482
0.8540000000000006,0.06807787430474903,18.42503547668457,0.10405340537822384,0.40890296594854714,0.12421885132789612
0.8560000000000006,0.06808650475055454,18.422557830810547,0.10609213203869916,0.4126347973408755,0.12684166431427002
0.8580000000000007,0.06809280057384579,18.422550201416016,0.1081246266849664,0.4163231106317388,0.12949176132678986
0.8600000000000007,0.06809688846467003,18.42023277282715,0.11014978340212905,0.4199668676220626,0.1321655958890915
0.8620000000000007,0.06809889104536702,18.419300079345703,0.11216641542555542,0.4235652144324345,0.13486248254776
0.8640000000000007,0.06809892692661348,18.417259216308594,0.11417361230408657,0.42711727785036013,0.137581929564476
0.8660000000000007,0.06809711081422606,18.415498733520508,0.1161704456662706,0.43062231115833144,0.1403251439332962
0.8680000000000007,0.06809355367189848,18.41279411315918,0.11815314966040955,0.4340795750967015,0.14309358596801758
0.8700000000000007,0.06808836275724986,18.41041374206543,0.12011675931825955,0.4374884206681775,0.1458882987499237
0.8720000000000007,0.0680816418044421,18.407215118408203,0.12206166510687046,0.44084821934458773,0.148710697889328
0.8740000000000007,0.06807349104627693,18.40412139892578,0.12399030663906661,0.44415840959699426,0.15143273770809174
0.8760000000000007,0.06806400738405241,18.400712966918945,0.1259060991060573,0.44741845573341155,0.1536436676979065
0.8780000000000007,0.06805328441580927,18.39727020263672,0.12780864539086015,0.45062787365885004,0.1558091789484024
0.8800000000000007,0.06804141258446313,18.39361000061035,0.12969754654941482,0.45378620636461614,0.1579267382621765
0.8820000000000007,0.06802853649854469,18.389923095703125,0.13157243658244694,0.45689303786838253,0.15999287366867065
0.8840000000000007,0.06801603845893167,18.386123657226562,0.13343299696361124,0.4599479784065111,0.16200366616249084
0.8860000000000007,0.06800443611253772,18.382335662841797,0.1352789392139309,0.4629506716998754,0.1639557182788849
0.8880000000000007,0.06799367573489455,18.378448486328125,0.1371100121778272,0.4659007858229788,0.16584588587284088
0.8900000000000007,0.06798370580473502,18.374431610107422,0.1389259914602697,0.4687980167412407,0.16767169535160065
0.8920000000000007,0.06797447696446114,18.370281219482422,0.14072668279673392,0.471642082524074,0.16943135857582092
0.8940000000000007,0.06796594195921196,18.366046905517578,0.1425119155042399,0.4744327248315679,0.17112411558628082
0.8960000000000007,0.06795805559032925,18.361812591552734,0.14428154379269756,0.4771697051182103,0.17274928092956543
0.8980000000000007,0.06795077465908284,18.357629776000977,0.14603544258673506,0.4798528050188603,0.17430828511714935
0.9000000000000007,0.06794405791690313,18.35340118408203,0.1477735077863714,0.4824818237557866,0.1758032888174057
0.9020000000000007,0.06793786601147159,18.348709106445312,0.14949565350648417,0.4850565779572706,0.17723670601844788
0.9040000000000007,0.0679327875819151,18.343849182128906,0.1512018118276855,0.48757689980758906,0.17861215770244598
0.9060000000000007,0.06792855906937705,18.282093048095703,0.15281452660524927,0.4900426365942444,0.1798349767923355
0.9080000000000007,0.06792510973890795,18.223533630371094,0.15441834799599075,0.4923975694748377,0.18100254237651825
0.9100000000000007,0.0679223637080126,18.373394012451172,0.15599969784559242,0.49471151170081684,0.18211336433887482
0.9120000000000007,0.06792025268059555,18.328617095947266,0.1575693583928355,0.4969751550836976,0.18317878246307373
0.9140000000000007,0.06791871514612711,18.36559295654297,0.15911971764426328,0.4991937626733658,0.18420132994651794
0.9160000000000007,0.06791768924063363,18.314064025878906,0.16065679257524768,0.5013616380402082,0.18518787622451782
0.9180000000000007,0.06791712279247285,18.346460342407227,0.16217647019001988,0.5034815203711006,0.18614184856414795
0.9200000000000007,0.06791696145435547,18.308441162109375,0.1636821362318427,0.505549954513104,0.18706877529621124
0.9220000000000007,0.06791715997013754,18.32784652709961,0.1651716017850445,0.507568294516719,0.18797138333320618
0.9240000000000007,0.06791767126306585,18.303691864013672,0.1666467997832535,0.509534405197271,0.18885378539562225
0.9260000000000007,0.06791845575221986,18.313440322875977,0.1681065979671866,0.5114488956356364,0.18971966207027435
0.9280000000000007,0.06791947293295736,18.298553466796875,0.16955212717093207,0.5133104176113171,0.19057349860668182
0.9300000000000007,0.06792068818031145,18.301584243774414,0.1709828344412208,0.5151191920341328,0.19141961634159088
0.9320000000000007,0.0679220667826171,18.291759490966797,0.17239940774341694,0.5168743478251269,0.19226491451263428
0.9340000000000007,0.06792192262805556,18.290693283081055,0.17380161099958732,0.5185759142647807,0.19311676919460297
0.9360000000000007,0.06792178074596891,18.10161590576172,0.17521886909068718,0.520223315969865,0.1940603405237198
0.9380000000000007,0.06792167112646803,18.301076889038086,0.17661542002372232,0.5217049318082684,0.19518251717090607
0.9400000000000007,0.06792155932197984,18.263050079345703,0.17800251676658724,0.5231296035273726,0.19649727642536163
0.9420000000000007,0.06792168748418372,18.30034065246582,0.17937181684055326,0.5245052651909033,0.19781313836574554
0.9440000000000007,0.0679220901238993,18.246225357055664,0.18072960332726062,0.5258253232150942,0.19911913573741913
0.9460000000000007,0.06792274916367423,18.27647590637207,0.18207133335655895,0.5270942445130183,0.2004241645336151
0.9480000000000007,0.0679236194370739,18.22958755493164,0.18340046898136275,0.528308225505535,0.2017223834991455
0.9500000000000007,0.06792467845690965,18.2490234375,0.18471458449698114,0.5294697156458061,0.203018918633461
0.9520000000000007,0.06792588855513994,18.217910766601562,0.18601560843711606,0.5305765275044391,0.20431025326251984
0.9540000000000007,0.06792722570871947,18.226682662963867,0.18730227220256135,0.5316299921936571,0.20559944212436676
0.9560000000000007,0.06792865764611404,18.207965850830078,0.1885756721909536,0.5326288449675178,0.20688441395759583
0.9580000000000007,0.06793016050548305,18.210445404052734,0.1898351713533391,0.5335738016164068,0.2081667184829712
0.9600000000000007,0.06793170620756978,18.19890785217285,0.19108141493433245,0.5344641274242665,0.20944510400295258
0.9620000000000007,0.06793327205867458,18.197433471679688,0.19231410949397015,0.5353002033652721,0.21072088181972504
0.9640000000000007,0.06793483348930215,18.18927001953125,0.1935336551871234,0.5360816019139638,0.211993008852005
0.9660000000000007,0.06793636957546222,18.185922622680664,0.19473994406501782,0.5368085249485862,0.21326212584972382
0.9680000000000007,0.06793785887651149,18.179168701171875,0.19593324190625627,0.5374807252246868,0.21452777087688446
0.9700000000000008,0.06793928260083873,18.175003051757812,0.19711353900186823,0.5380983114216406,0.2157898247241974
0.9720000000000008,0.06794062222865098,18.16864776611328,0.19828102558784105,0.5386611439253656,0.21704888343811035
0.9740000000000008,0.06794186132172281,18.163658142089844,0.19943574159745725,0.5391692851616497,0.21830420196056366
0.9760000000000008,0.06794298417090007,18.157257080078125,0.20057783239487792,0.5396226612486646,0.21955566108226776
0.9780000000000008,0.06794397682745856,18.152114868164062,0.20170736003310824,0.5400213136649084,0.22080422937870026
0.9800000000000008,0.06794345592293648,18.14637565612793,0.2028244404338374,0.5403652098486841,0.22204835712909698
0.9820000000000008,0.06794299790024337,12.96221923828125,0.20398103063318035,0.5406543836880844,0.2233697772026062
0.9840000000000008,0.06794268240987666,17.855113983154297,0.20511087906608938,0.5408816636455066,0.22470130026340485
0.9860000000000008,0.06794130629925942,17.905733108520508,0.20622966692704076,0.5410392890854475,0.22601111233234406
0.9880000000000008,0.06794049281490358,15.039468765258789,0.20735365527964567,0.541144762729768,0.22738420963287354
0.9900000000000008,0.06794038218589468,-10.344566345214844,0.20847328860056008,0.5411961214663994,0.22872115671634674
0.9920000000000008,0.06794063425129224,17.29541778564453,0.2096180140933636,0.5411951018670882,0.23010708391666412
0.9940000000000008,0.0679410073492754,17.90157127380371,0.21075290916698075,0.5412415219276915,0.23146748542785645
0.9960000000000008,0.06794072721864677,17.997352600097656,0.2118577456851362,0.5412314383123971,0.2328309565782547
0.9980000000000008,0.06794025635631118,18.095226287841797,0.21288429193925867,0.5411494033758106,0.23410919308662415
1.0000000000000007,0.06793959992007413,18.07341766357422,0.21390132830396308,0.5411232204194864,0.23537620902061462
1.0020000000000007,0.06793877040852576,18.07778549194336,0.21490767845404118,0.5410374401678043,0.2361883521080017
1.0040000000000007,0.06793777569603343,18.06425666809082,0.2159036287948352,0.5408920428282094,0.2362072914838791
1.0060000000000007,0.06793662785020772,18.063919067382812,0.21688844413100067,0.5406881056595453,0.23569567501544952
1.0080000000000007,0.06793533664548593,18.05471420288086,0.21786218701287824,0.5404257959304044,0.23522910475730896
1.0100000000000007,0.06793391425221337,18.05196762084961,0.21882460353029076,0.5401058750098967,0.2347647100687027
1.0120000000000007,0.06793237171663347,18.044240951538086,0.21977602104936583,0.5397289163004434,0.2343410700559616
1.0140000000000007,0.06793072153751012,18.039918899536133,0.22071638616851497,0.539296050607212,0.23392795026302338
1.0160000000000007,0.06792897584437858,18.032176971435547,0.22164581911894676,0.5388080298989083,0.23353661596775055
1.0180000000000007,0.0679271477692828,18.02701759338379,0.22256422024982048,0.5382657192246453,0.233153834939003
1.0200000000000007,0.0679252505725269,18.020065307617188,0.2234713253983026,0.53766975005041,0.23277878761291504
1.0220000000000007,0.0679232983681876,18.014217376708984,0.2243667056065396,0.5370204202205588,0.23240706324577332
1.0240000000000007,0.06792130562172405,18.007339477539062,0.22525002252423393,0.5363177939718866,0.23204247653484344
1.0260000000000007,0.06791928750680216,18.00135040283203,0.22612090841133908,0.5355619945974629,0.23168441653251648
1.0280000000000007,0.06791725965219554,17.99529266357422,0.22697904617447678,0.5347530969167074,0.23133450746536255
1.0300000000000007,0.06791523832284434,17.989612579345703,0.22782410322365965,0.5338912068867153,0.23099373281002045
1.0320000000000007,0.06791324029689325,17.98363494873047,0.22865577377219004,0.5329764018618199,0.23064623773097992
1.0340000000000007,0.06791053330927241,17.978118896484375,0.2294737420935576,0.5320087750818504,0.23022815585136414
1.0360000000000007,0.06790841890630299,17.932064056396484,0.2302041062370609,0.530988402548228,0.2327900379896164
1.0380000000000007,0.06790642893031955,17.92392349243164,0.2309531086772426,0.5300198167889314,0.2392786592245102
1.0400000000000007,0.06790456498570986,17.792179107666016,0.2316918389283551,0.528850206785785,0.2393370270729065
1.0420000000000007,0.06790285892556835,17.990917205810547,0.23241240454667667,0.5276302933198331,0.23925146460533142
1.0440000000000007,0.06790132452122254,17.92238998413086,0.23312019763005448,0.5263524145792129,0.22672930359840393
1.0460000000000007,0.06789998748105558,17.974323272705078,0.23381063922933726,0.5250229163320934,0.22560985386371613
1.0480000000000007,0.06789886800470295,17.90328025817871,0.23448651042785756,0.5236374882930824,0.22455523908138275
1.0500000000000007,0.06789774042446432,17.944625854492188,0.2351451426045798,0.5221997560618502,0.22337885200977325
1.0520000000000007,0.06789698695964642,17.28034019470215,0.23571119399317408,0.5207073922301849,0.23910383880138397
1.0540000000000007,0.06789662777127739,17.70989227294922,0.236254565167844,0.5191415890175048,0.23904815316200256
1.0560000000000007,0.06789669897052467,17.476743698120117,0.23678649227974558,0.5175092526151368,0.23899777233600616
1.0580000000000007,0.06789721754745251,17.857196807861328,0.23729760340078754,0.5158242993435735,0.23895160853862762
1.0600000000000007,0.06789822332137507,17.791364669799805,0.23779428165374278,0.5140772709647815,0.22307738661766052
1.0620000000000007,0.06789973562300369,17.862730026245117,0.23826869673410261,0.5122766198954045,0.2133735865354538
1.0640000000000007,0.06790026867854798,17.783119201660156,0.23872274228686013,0.5104169695603058,0.2113545536994934
1.0660000000000007,0.06790166487237681,17.39303207397461,0.2391120769329595,0.508503246580368,0.23894567787647247
1.0680000000000007,0.06790395343364455,17.839862823486328,0.2394736550136543,0.5065462657355473,0.23026537895202637
1.0700000000000007,0.0679072047549659,17.75768280029297,0.2398195597241799,0.5045289376816788,0.2295083999633789
1.0720000000000007,0.06791143404420172,17.877769470214844,0.24014396513826436,0.5024623542582793,0.19709157943725586
1.0740000000000007,0.06791670500262731,17.794979095458984,0.24045372622217376,0.5003396307994965,0.20389488339424133
1.0760000000000007,0.06792304426772777,17.849651336669922,0.24074319315771603,0.49816763034846645,0.19384831190109253
1.0780000000000007,0.0679305109231083,17.772693634033203,0.2410158037876085,0.4959428037114539,0.19529369473457336
1.0800000000000007,0.06793914010772842,17.812206268310547,0.24126824809076858,0.4936693228314863,0.19123919308185577
1.0820000000000007,0.06794898823064635,17.75611114501953,0.24150220038615522,0.49134555400577795,0.1908387988805771
1.0840000000000007,0.06796009664580917,17.774993896484375,0.2417156240426121,0.48897414760671293,0.18829967081546783
1.0860000000000007,0.06797213211275051,17.736225128173828,0.2419092150029044,0.4865545149812864,0.18702511489391327
1.0880000000000007,0.06798395904173503,17.741348266601562,0.242081624950308,0.48408843829372633,0.18492987751960754
1.0900000000000007,0.06799546813892064,17.71266746520996,0.24223300196892367,0.48157588997183387,0.18326127529144287
1.0920000000000007,0.06800661722516153,17.708885192871094,0.24236236507371273,0.47901814934052633,0.1812622845172882
1.0940000000000007,0.06801736742131897,17.68692398071289,0.24246955083311061,0.47641548161570485,0.17938879132270813
1.0960000000000008,0.06802756456261612,17.678678512573242,0.24255376964138392,0.4737688680756319,0.1773608922958374
1.0980000000000008,0.06803682515075929,17.660205841064453,0.24261467660619618,0.4710787187386892,0.17534874379634857
1.1000000000000008,0.06804506370054657,17.649677276611328,0.2426515772903048,0.46834583217067355,0.17324498295783997
1.1020000000000008,0.06805221531537844,17.633155822753906,0.24266401725310033,0.46557068228538095,0.17111614346504211
1.1040000000000008,0.06805821340895903,17.618270874023438,0.24265134493374335,0.4627539504832054,0.16891834139823914
1.1060000000000008,0.0680629901693874,17.598630905151367,0.24261303649062882,0.45989613105424404,0.16667978465557098
1.1080000000000008,0.06806647629119875,17.580480575561523,0.24254845519666052,0.45699782610964523,0.16438114643096924
1.1100000000000008,0.06806860104577893,17.560638427734375,0.24245703064200563,0.45405952763618335,0.16203618049621582
1.1120000000000008,0.06806929225493685,17.54166030883789,0.2423381263307533,0.4510817809835671,0.15963563323020935
1.1140000000000008,0.06806847621985714,17.52080535888672,0.24219113871857978,0.44806506478092434,0.15718740224838257
1.1160000000000008,0.06806691165628836,17.50168228149414,0.24201542443140517,0.4450098816592416,0.1546873301267624
1.1180000000000008,0.06806389593095229,17.34374237060547,0.24183213849454827,0.44191669233780256,0.1757361739873886
1.1200000000000008,0.06805928958543252,16.866592407226562,0.2407260869913918,0.43872790085452895,0.1706027388572693
1.1220000000000008,0.06805305627462344,17.547508239746094,0.2396413769199895,0.43551402094125996,0.1363367885351181
1.1240000000000008,0.06804506541007836,17.459980010986328,0.23849587357665186,0.43226140472797087,0.1685650795698166
1.1260000000000008,0.06803526667165569,17.565387725830078,0.23734711343626907,0.42898123223621115,0.1296936720609665
1.1280000000000008,0.06802353966847485,17.463085174560547,0.23615464796019603,0.4256654903234683,0.14735426008701324
1.1300000000000008,0.06801009871774627,17.522640228271484,0.23494543395012402,0.42232075954262005,0.13373246788978577
1.1320000000000008,0.06799697848435203,17.429462432861328,0.23370102207819793,0.4189426223125176,0.13765107095241547
1.1340000000000008,0.06798468549026947,17.464670181274414,0.2324330215656989,0.4155348430646152,0.13168944418430328
1.1360000000000008,0.06797328172457005,17.392627716064453,0.2311335691159458,0.4120951295606713,0.13083572685718536
1.1380000000000008,0.06796284678675557,17.408390045166016,0.22980705646940625,0.40862568549439476,0.12710893154144287
1.1400000000000008,0.06795339266230829,17.355693817138672,0.22845046755822201,0.40512539273842857,0.1248445063829422
1.1420000000000008,0.06794515563717636,16.11776351928711,0.22705289352301056,0.40159560086396234,0.15569880604743958
1.1440000000000008,0.06793810062748773,5.53782844543457,0.22558389218305064,0.3979773835694549,0.15348351001739502
1.1460000000000008,0.06793235784776447,17.067832946777344,0.2241193413703293,0.39434495838133377,0.14264394342899323
1.1480000000000008,0.06792794237825213,16.22533416748047,0.22261749880661424,0.3906793966562025,0.1272464096546173
1.1520000000000008,0.06792338494560798,17.186893463134766,0.21962725729501492,0.38329841050113145,0.12812218070030212
1.1820000000000008,0.06804590604422481,17.52499771118164,0.20041444871245168,0.3346244344404215,0.12070003151893616
1.1880000000000008,0.06809635210282404,17.553546905517578,0.197112610408755,0.3263818725021331,0.12003976851701736
1.1960000000000008,0.0681480210736074,17.61106300354004,0.19275008011768963,0.3158273658768967,0.12010987102985382
1.2040000000000008,0.06817574906488244,17.66729736328125,0.18844875552297796,0.3058512380055056,0.1200314462184906
1.2140000000000009,0.06818031934471402,17.741924285888672,0.18319447121399057,0.2942100182977098,0.12057262659072876
1.2220000000000009,0.06816400017665984,17.790447235107422,0.17905954653115308,0.28557538441335967,0.1201973557472229
1.2320000000000009,0.06812928740441215,17.854934692382812,0.17393689098796067,0.2755578451281201,0.1202787235379219
1.2340000000000009,0.06812143547893762,17.825014114379883,0.1729371253857109,0.27370349220334955,0.13130775094032288
1.2360000000000009,0.06811374682623471,17.761871337890625,0.17186320858706705,0.2717082545730346,0.12945765256881714
1.2380000000000009,0.0681060699126383,17.764205932617188,0.17075838373740235,0.2696952075012781,0.12523677945137024
1.2400000000000009,0.06809825655896311,17.71654510498047,0.16959067474393505,0.26766059697358485,0.12268684059381485
1.302000000000001,0.06786554296542804,18.15020179748535,0.1405356056111932,0.22927129515005298,0.1201179251074791
1.438000000000001,0.0680710828635924,18.20980453491211,0.13742374135106014,0.2815916482074492,0.12015547603368759
1.442000000000001,0.0680880254707562,18.20687484741211,0.13681733703490465,0.2828783993923866,0.12025608867406845
1.446000000000001,0.0681069093730713,18.204242706298828,0.13636503311913306,0.2840249933873362,0.12066934257745743
1.452000000000001,0.06813497036411324,12.031139373779297,0.13600798230241415,0.2853842464821511,0.12435884028673172
1.454000000000001,0.06814211472175223,17.911849975585938,0.13595287477394416,0.28578060876553807,0.125618577003479
1.456000000000001,0.06814824956495351,17.931968688964844,0.13592223785872887,0.28613414189729686,0.12700709700584412
1.458000000000001,0.06814464491608517,18.21319007873535,0.1359008405664493,0.2864537780170173,0.1276925504207611
1.462000000000001,0.06814317373514851,17.507511138916016,0.13582845597350587,0.28704597272253407,0.12719674408435822
1.466000000000001,0.06814614769830087,18.044113159179688,0.1356740287309205,0.28774236179213974,0.12387838959693909
1.468000000000001,0.06814845851429331,18.079334259033203,0.13558676865795574,0.2881460050004253,0.13019819557666779
1.470000000000001,0.06815107319829877,18.08636474609375,0.1355175914156911,0.2884969377230322,0.1356641799211502
1.472000000000001,0.06815387906214686,18.129806518554688,0.13546251622669536,0.28879895008821865,0.13899873197078705
1.474000000000001,0.068156774525177,18.12537384033203,0.1354234732777429,0.28905159666446906,0.13901494443416595
1.476000000000001,0.06815970165523519,18.144906997680664,0.13539810452029225,0.2892572818148204,0.1390478014945984
1.478000000000001,0.06816260616139955,18.146020889282227,0.1353872974993751,0.2894160702770016,0.1390979140996933
1.480000000000001,0.06817128279067805,18.15685272216797,0.1353896169398061,0.28952953855296737,0.13692738115787506
1.488000000000001,0.06820691858229631,17.81842803955078,0.1351806925189607,0.2900403054684187,0.12783657014369965
1.490000000000001,0.06821336860426264,18.03989601135254,0.13507271680032915,0.2903025224708245,0.1293797343969345
1.492000000000001,0.06821905777891982,18.096067428588867,0.1349672345526702,0.2905292022271382,0.12392579019069672
1.494000000000001,0.06822402723408089,18.06676483154297,0.13487936205721884,0.2907100995621869,0.12827974557876587
1.496000000000001,0.06822840496448447,18.105125427246094,0.1348027938962903,0.2908433297956039,0.13292905688285828
1.498000000000001,0.0682322400336338,18.098079681396484,0.1347410933856906,0.2909273876749031,0.13743054866790771
1.500000000000001,0.06823561993546896,18.13373565673828,0.1346905812640288,0.29096570879871636,0.1390354186296463
1.5020000000000011,0.06823859211884886,18.12159538269043,0.13465306705540936,0.2909578312279065,0.1390618532896042
1.5040000000000011,0.06824122005573821,18.135738372802734,0.13462629045210875,0.2909059287944518,0.1391005516052246
1.5060000000000011,0.06824354617867842,18.128494262695312,0.1346110724444609,0.2908100302287999,0.13853812217712402
1.5080000000000011,0.06824561870476797,18.13912582397461,0.1346060344418693,0.29067155690800905,0.13584208488464355
1.5100000000000011,0.06824747419606104,18.13754653930664,0.1346120599094197,0.2904907430213212,0.1334409862756729
1.5120000000000011,0.06825209701535788,18.14266586303711,0.13462843758303122,0.2902685487350612,0.13122563064098358
1.5140000000000011,0.06825622681990968,17.962257385253906,0.13463235691531342,0.290005271364297,0.13478054106235504
1.5160000000000011,0.06825996649635577,18.053451538085938,0.1346408703311552,0.28964441344040964,0.1322767585515976
1.5180000000000011,0.06826334152410907,18.02059555053711,0.1346626232707168,0.2892439650185481,0.1251460611820221
1.5200000000000011,0.06826803082612991,18.042953491210938,0.1346908124586002,0.28880895731445866,0.13163766264915466
1.5320000000000011,0.06828315684806599,18.057464599609375,0.13431076283989787,0.2865423426491745,0.12128358334302902
1.5340000000000011,0.06828426846443715,18.066059112548828,0.13413489212209131,0.2864393406313337,0.12812601029872894
1.5360000000000011,0.06828516969555949,18.031509399414062,0.13397015238771234,0.28630026501615446,0.12948888540267944
1.5380000000000011,0.06828717203772244,18.05352210998535,0.13381459633906967,0.28612653861263065,0.13636504113674164
1.5400000000000011,0.06828871693798642,17.04891586303711,0.13365904961678735,0.28591719765606943,0.12407843768596649
1.5420000000000011,0.06828988604023062,5.253662109375,0.1335102504148758,0.28570938977541716,0.12844251096248627
1.5440000000000011,0.0682907056851175,17.844112396240234,0.13335378350957566,0.2854722953435722,0.13498751819133759
1.5460000000000012,0.06829123742048182,17.942955017089844,0.13320443807470178,0.28519897764170615,0.122154600918293
1.5480000000000012,0.06829149478798105,18.028270721435547,0.1330561501832741,0.2848923521861082,0.13865375518798828
1.5520000000000012,0.06829110193749695,18.031494140625,0.13272222146968635,0.2841674939627346,0.1379537135362625
1.5540000000000012,0.0682906275934548,17.979196548461914,0.1325384347321658,0.2838634844392475,0.13104553520679474
1.5560000000000012,0.06828998690291742,18.010528564453125,0.1323608524105528,0.283523240773128,0.130010724067688
1.5580000000000012,0.06828920053536387,17.988718032836914,0.1321911787862099,0.28314592390911064,0.12639111280441284
1.5600000000000012,0.068288274121673,18.00780487060547,0.13202795179490429,0.2827328510913628,0.12288489937782288
1.5640000000000012,0.06828582653771575,18.016475677490234,0.13176952499230551,0.28179920127876823,0.1211044043302536
1.5700000000000012,0.06828087592999568,18.029285430908203,0.131618065760396,0.28024808797517353,0.12074027210474014
1.5760000000000012,0.06827465384802421,18.043987274169922,0.13174863586681188,0.2785664447367063,0.12069113552570343
1.5820000000000012,0.06826735731641055,18.054534912109375,0.13214957164584665,0.2767689184658888,0.12093140184879303
1.5880000000000012,0.06825911339786338,18.064537048339844,0.1328163571239756,0.2748715978321088,0.1217350959777832
1.5920000000000012,0.06825320041866682,18.067237854003906,0.13339374262588036,0.27356107297098403,0.12151790410280228
1.5960000000000012,0.06824698529135631,18.069355010986328,0.13404912419123852,0.27220553705795336,0.12169037759304047
1.6000000000000012,0.06824047804900804,18.071163177490234,0.13477799971014987,0.2708094084651167,0.12219294905662537
1.6020000000000012,0.06823719053831863,18.070392608642578,0.13515277814019866,0.27010260252047097,0.1205701231956482
1.6060000000000012,0.06823035101685107,18.070362091064453,0.1359229716450381,0.2686320934211543,0.12147118151187897
1.6080000000000012,0.06822689336889909,18.067665100097656,0.13631682550797844,0.26788934364131695,0.1200060173869133
1.6120000000000012,0.06821971019053776,18.067243576049805,0.13712207638353555,0.26634883722564434,0.12121663242578506
1.6160000000000012,0.0682122292999896,18.0667724609375,0.1379891941434389,0.26477835571809616,0.12258852273225784
1.6180000000000012,0.06820843526126355,18.064558029174805,0.13842837781989983,0.263988508132699,0.12137002497911453
1.6200000000000012,0.06820459219957314,18.06041717529297,0.13884994999403993,0.2631822278840692,0.12017401307821274
1.6220000000000012,0.06820105024049863,11.821557998657227,0.1392460066709248,0.2623588817966956,0.12586557865142822
1.6240000000000012,0.06819766794164403,17.908584594726562,0.13962509788587554,0.2615446543916581,0.12512531876564026
1.6260000000000012,0.06819449452348592,17.873981475830078,0.1399907579268835,0.2607072247002338,0.12389649450778961
1.6280000000000012,0.06819144037800723,18.072345733642578,0.13978328282437402,0.2598460394995614,0.1230904757976532
1.6300000000000012,0.06818851033398629,18.061599731445312,0.13921658015133287,0.25896131817938683,0.12193983793258667
1.6320000000000012,0.06818564678457284,18.070926666259766,0.13865527945220285,0.2580524538888905,0.12113572657108307
1.6340000000000012,0.06818283199314427,18.041366577148438,0.13809425378391513,0.2571196074568137,0.12012911587953568
1.6380000000000012,0.06817707188482128,18.021556854248047,0.13692223710999452,0.25518047358824436,0.12187798321247101
1.6400000000000012,0.06817414144132392,18.024953842163086,0.13631120636489638,0.254154893323859,0.12115637958049774
1.6420000000000012,0.06817113105421468,18.006359100341797,0.13570175613822247,0.2531062725475034,0.12039358168840408
1.6460000000000012,0.06816466078907733,17.991235733032227,0.13443086622269212,0.2509386584124284,0.12231910973787308
1.6480000000000012,0.06816117992882341,17.98686981201172,0.1337699119439073,0.2498014072311793,0.12172462791204453
1.6500000000000012,0.06815748446147071,17.974573135375977,0.13311098199087013,0.24864204231046522,0.12114474922418594
1.6520000000000012,0.06815353628438285,17.967777252197266,0.13245416420289682,0.24746026235149726,0.12064066529273987
1.6540000000000012,0.06814929568338454,17.956462860107422,0.13179887259395295,0.24625593469788717,0.12016570568084717
1.6580000000000013,0.06813978852095033,17.935752868652344,0.1304339153415978,0.24377880332058027,0.12231174856424332
1.6600000000000013,0.06813445307864392,17.92611312866211,0.1297249867924974,0.24248996133691772,0.12195251137018204
1.6620000000000013,0.06812867319616911,17.913480758666992,0.12901780310355024,0.24117969147707274,0.12162943184375763
1.6640000000000013,0.0681224069273325,17.902631759643555,0.1283120260760284,0.23984780034128828,0.12136448174715042
1.6660000000000013,0.0681156116912992,17.889896392822266,0.12760709693924754,0.2384954904541577,0.12114112079143524
1.6680000000000013,0.06810824586624992,17.878070831298828,0.12690269397913467,0.23712429863868864,0.12096945196390152
1.6700000000000013,0.06810026759820684,17.865116119384766,0.12619845425370246,0.23573556297340953,0.12083830684423447
1.6720000000000013,0.06809163587332683,17.85344696044922,0.12549416090375679,0.2343303768793518,0.12075299769639969
1.6740000000000013,0.06808230978424412,17.84194564819336,0.1247895878116855,0.23290968355948416,0.12070665508508682
1.6760000000000013,0.06807224923749777,17.830646514892578,0.12408460072396083,0.23147425595980284,0.1207018718123436
1.6780000000000013,0.06806079089738014,17.8190975189209,0.12337882848154762,0.23002475566791367,0.1207343190908432
1.6840000000000013,0.06802131878443005,17.731698989868164,0.12100941285822554,0.22550904933220406,0.12230201810598373
1.6860000000000013,0.06800626715974088,17.73385238647461,0.1201613856456156,0.22393333071971042,0.12253352254629135
1.6880000000000013,0.0679901680307621,17.698856353759766,0.11931198944776544,0.22234991128927195,0.12257552146911621
1.6900000000000013,0.06797360919660828,17.693958282470703,0.11846347390234208,0.22075715835501536,0.12282850593328476
1.6920000000000013,0.06795637336906662,17.66938591003418,0.11761450102581447,0.2191551457323627,0.12299434095621109
1.6940000000000013,0.0679398324279028,15.897701263427734,0.11675674297440179,0.21754278485643339,0.12545932829380035
1.6960000000000013,0.06792366386804297,3.205770254135132,0.11588148327007626,0.21595731730898013,0.12410072237253189
1.6980000000000013,0.06790700854461464,17.3077392578125,0.1150176702141256,0.2143568699374542,0.12276717275381088
1.7000000000000013,0.06789146784825031,-0.10833846032619476,0.11410493423512584,0.21275188143419874,0.12146850675344467
1.7020000000000013,0.06787674794379887,17.150814056396484,0.1132537065546467,0.21107570036925308,0.12022583931684494
1.9480000000000015,0.06798120594535702,14.02833366394043,0.11928699871235701,0.2199615099736832,0.12094876170158386
1.9500000000000015,0.06796585943523371,14.025252342224121,0.12086837017663246,0.2222935986315065,0.12249515950679779
1.9520000000000015,0.06795225258987153,14.017045974731445,0.12248785351120925,0.224593234360831,0.12406633049249649
1.9540000000000015,0.06794032822645829,14.02884292602539,0.12415349667990419,0.22686024738771363,0.12566088140010834
1.9560000000000015,0.06793002704873728,14.039169311523438,0.12586088833982229,0.22909429942891446,0.12727798521518707
1.9580000000000015,0.06792128901660408,14.060784339904785,0.12760579647956077,0.23129524145153346,0.12891656160354614
1.9600000000000015,0.06791405289978282,14.077505111694336,0.12937320427133417,0.2334628412568093,0.1305779367685318
1.9620000000000015,0.06790825707448919,14.100605010986328,0.1311068254654861,0.23559697929238135,0.13226336240768433
1.9640000000000015,0.06790384482249415,14.124395370483398,0.13281031978041005,0.23769749892988665,0.1339726597070694
1.9660000000000015,0.06790069800773484,-7.8903350830078125,0.1345618560626017,0.23976431345600735,0.13573119044303894
1.9680000000000015,0.06789903351865373,12.910621643066406,0.1363504757112915,0.2418504897775943,0.13751746714115143
1.9700000000000015,0.06789866166327463,1.1861987113952637,0.1381556561777703,0.24389381354961076,0.13930541276931763
1.9720000000000015,0.06789960472091032,14.055235862731934,0.13996991361260172,0.24591922660577883,0.14105983078479767
1.9740000000000015,0.06790172999591486,13.38859748840332,0.14179481198111074,0.2478889120518355,0.1429196149110794
1.9760000000000015,0.06790501930203151,14.129846572875977,0.14363046271802074,0.24983403246854372,0.145603746175766
1.9780000000000015,0.06790937309728619,14.118547439575195,0.14546912109832963,0.2517367224221964,0.1482337862253189
1.9800000000000015,0.0679142560703162,14.233966827392578,0.14727875376207608,0.25361090637556327,0.1498548984527588
1.9820000000000015,0.06791834416819649,14.04789924621582,0.1490481048836453,0.25544632918137905,0.1510695219039917
1.9840000000000015,0.06792166388185412,14.270608901977539,0.15077718054600547,0.25725079783391247,0.15211839973926544
1.9860000000000015,0.06792390354840565,14.135934829711914,0.15248364443842677,0.259018721389018,0.15334489941596985
1.9880000000000015,0.06792530198936612,14.289285659790039,0.15419022768604643,0.26075443834306733,0.15450532734394073
1.9900000000000015,0.0679259284561617,14.236893653869629,0.15589552107424542,0.262454956072731,0.1557697206735611
1.9920000000000015,0.06792614935987264,14.337564468383789,0.15759765730689576,0.2641227201646611,0.1570166051387787
1.9940000000000015,0.067925455111197,14.257786750793457,0.15936890976665355,0.26575616770802574,0.15824003517627716
1.9960000000000016,0.06792391574739454,14.102048873901367,0.16113240753562738,0.26738780385728533,0.15961813926696777
1.9980000000000016,0.0679216082911351,14.284915924072266,0.1628867782636715,0.2689847623519829,0.16092312335968018
2.0000000000000013,0.06791859978835685,14.212695121765137,0.16463074356854918,0.27054362094835005,0.1623145490884781
2.002000000000001,0.06791495860644847,14.333005905151367,0.1663631185254084,0.2720675750470543,0.16368041932582855
2.004000000000001,0.0679108745722043,14.316534042358398,0.16808264666054099,0.2735549077255766,0.16509948670864105
2.0060000000000007,0.06790630895761011,14.48759651184082,0.16977711740756,0.2750075231290892,0.16618496179580688
2.0080000000000005,0.06790130479836975,13.441362380981445,0.17145561083450828,0.2763789218743671,0.167792409658432
2.0100000000000002,0.06789587836740324,14.622369766235352,0.17311904860022725,0.27772783245409893,0.1690577119588852
2.012,0.06789013585747686,-4.427590847015381,0.17473975179076054,0.2790337698397769,0.17105932533740997
2.014,0.06788419856142167,14.074581146240234,0.17636345241904322,0.28043213177845183,0.1722848117351532
2.0159999999999996,0.0678780649226269,14.77635383605957,0.17796723626882982,0.2817967574794961,0.17373275756835938
2.0179999999999993,0.06787178659715774,14.399213790893555,0.17953646898651227,0.2830758695011722,0.17548035085201263
2.019999999999999,0.06786540075289735,14.73127555847168,0.18107189813879632,0.2843306767389471,0.17703087627887726
2.021999999999999,0.06785895520837927,14.616170883178711,0.1825736643394647,0.28554578999479424,0.1787433624267578
2.0239999999999987,0.06785248306431516,14.802221298217773,0.1840412871754738,0.2867334890574073,0.18035632371902466
2.0259999999999985,0.0678460266954432,14.630498886108398,0.18548470601900674,0.28788519442582905,0.18205402791500092
2.0279999999999982,0.06783961643424277,14.803069114685059,0.18690663901103438,0.2890077852576643,0.18369872868061066
2.029999999999998,0.06783328919541079,14.695451736450195,0.18830672145366684,0.2900967009096814,0.1853848695755005
2.031999999999998,0.06782707282492512,14.801584243774414,0.1896840165994617,0.29115583686431007,0.1870373636484146
2.0339999999999976,0.0678209911588216,14.760967254638672,0.19103798454595017,0.2921828280528199,0.1887037456035614
2.0359999999999974,0.067814895232914,14.826488494873047,0.1923679171436446,0.2931799339509805,0.19033974409103394
2.037999999999997,0.06780874798902291,14.809198379516602,0.1936732599370959,0.2941461015014514,0.19196592271327972
2.039999999999997,0.06780258012284925,14.849552154541016,0.1949534446133495,0.2950828358587071,0.19355349242687225
2.0419999999999967,0.067796421960262,14.841329574584961,0.19620795076508696,0.2959897040822201,0.1951093226671219
2.0439999999999965,0.06778946733355977,14.861940383911133,0.1974362936928875,0.29686759045522926,0.19661261141300201
2.0459999999999963,0.06778272545817178,1.4324346780776978,0.19865601089557283,0.29771631217884836,0.19429810345172882
2.047999999999996,0.0677760454946824,14.9658203125,0.19986514364292152,0.29848088248509624,0.1988348811864853
2.049999999999996,0.06776947112009389,13.944313049316406,0.2010469950717378,0.29923799597328754,0.20008978247642517
2.0519999999999956,0.0677630113266766,14.874406814575195,0.20220261174065268,0.29998215554884194,0.20107129216194153
2.0539999999999954,0.06775669424613481,14.827390670776367,0.20333037592875897,0.3006937124275166,0.202294260263443
2.055999999999995,0.06775053393982118,14.911760330200195,0.2044311507122787,0.3013875955779897,0.20336908102035522
2.057999999999995,0.06774455000717483,14.73030948638916,0.20550371339210532,0.30205253494003914,0.20458348095417023
2.0599999999999947,0.06773875700046438,14.886701583862305,0.2065486453103212,0.3026967963650274,0.2057207077741623
2.0619999999999945,0.06773495772943502,14.742809295654297,0.20756508675181223,0.3033142112308127,0.20693956315517426
2.0639999999999943,0.06773134170774378,11.265188217163086,0.20858861043502752,0.30390931272579785,0.19834163784980774
2.065999999999994,0.06772792834546928,15.06429386138916,0.20957816975604043,0.30446590135430496,0.2090645432472229
2.067999999999994,0.06772472804896632,14.620955467224121,0.21053158063136074,0.30498219997196263,0.21027734875679016
2.0699999999999936,0.06772175704611635,14.916287422180176,0.21145044310195793,0.30547950206510216,0.20689968764781952
2.0719999999999934,0.0677190220360252,14.798294067382812,0.2123352328923589,0.30594232094960877,0.20934320986270905
2.073999999999993,0.06771653657326383,14.94327449798584,0.21318627748439228,0.30638280312308896,0.20800574123859406
2.075999999999993,0.06771430662029616,14.76814079284668,0.2140047067372282,0.3067922362312961,0.20974722504615784
2.0779999999999927,0.06771234311367198,14.904512405395508,0.21479360075046228,0.3071772717726832,0.2100907862186432
2.0799999999999925,0.06771065135331707,14.784439086914062,0.21555805475157785,0.307533224037982,0.2113121747970581
2.0819999999999923,0.06770923979084552,14.862838745117188,0.21629776131573103,0.3078637513326063,0.21208670735359192
2.083999999999992,0.0677081128837138,14.800360679626465,0.21701304440232178,0.30816635219919036,0.2131376564502716
2.085999999999992,0.06770727684735296,14.84309196472168,0.21770378995038547,0.30844305342372436,0.2140512615442276
2.0879999999999916,0.06770672521818515,14.807453155517578,0.21837019587603573,0.3086925359931433,0.21506257355213165
2.0899999999999914,0.0677064517449922,14.829856872558594,0.2190122159171301,0.3089159362267168,0.21604140102863312
2.091999999999991,0.06770644905121416,14.80803108215332,0.21962993924324037,0.30911262511620247,0.2170698195695877
2.093999999999991,0.06770671072287578,14.819095611572266,0.22022336580553548,0.30928330682816607,0.21809794008731842
2.0959999999999908,0.06770722973578748,14.805301666259766,0.22079255976294576,0.3094276942706091,0.21915628015995026
2.0979999999999905,0.06770799967912423,14.81103515625,0.2213375483239406,0.3095462165169713,0.2202245444059372
2.0999999999999903,0.06770901383862359,14.802356719970703,0.22185838811698116,0.30963876262129847,0.22131551802158356
2.10199999999999,0.06771026589925838,14.80455207824707,0.2223551224469555,0.3097056071764962,0.22242332994937897
2.10399999999999,0.0677117494166614,14.798746109008789,0.22282780866312396,0.3097467298374959,0.2235565185546875
2.1059999999999897,0.06771676743973117,14.799653053283691,0.22327650119498144,0.3097623168550664,0.22471003234386444
2.1079999999999894,0.06772190317980048,14.843456268310547,0.2236956200996117,0.30975239269411536,0.22701165080070496
2.109999999999989,0.06772713043101992,14.766609191894531,0.22409176236188322,0.30974335045816587,0.2289566546678543
2.111999999999989,0.06773245280434433,14.868151664733887,0.22446462838577397,0.3097154099897203,0.22701813280582428
2.1139999999999888,0.06773787599626481,14.679019927978516,0.22481410715468603,0.3096581893811585,0.22946971654891968
2.1159999999999886,0.06774334038227517,14.750843048095703,0.22519153282905868,0.3095796421079446,0.23062099516391754
2.1179999999999883,0.06774884732880218,14.829313278198242,0.22554277407979062,0.3095036544307518,0.23209886252880096
2.119999999999988,0.06775439299130102,14.765560150146484,0.22586792624663765,0.3094014546888941,0.233364999294281
2.121999999999988,0.06775997722935712,14.808038711547852,0.22616714682061573,0.30927505019029866,0.2336382120847702
2.1239999999999877,0.06776559706882751,14.772294998168945,0.2264405263856994,0.30912335719522543,0.23388686776161194
2.1259999999999875,0.06777125143845196,14.795695304870605,0.22668820977677429,0.308947526461311,0.23411071300506592
2.1279999999999872,0.06777693769321781,14.775423049926758,0.2269102906679455,0.3087470320199018,0.23430943489074707
2.129999999999987,0.06778265411180896,14.78864860534668,0.2271069030761541,0.3085225493184504,0.23448285460472107
2.131999999999987,0.06778839805660283,14.777063369750977,0.2272781460406869,0.3082738427339483,0.2346307784318924
2.1339999999999866,0.06779416727734126,14.784839630126953,0.22742414651302545,0.30800132066466684,0.2347530722618103
2.1359999999999864,0.0677999589412462,14.778934478759766,0.22754500928961918,0.307704895066668,0.23484954237937927
2.137999999999986,0.06780577030411121,14.784578323364258,0.2276408579051401,0.30738482152778024,0.23492035269737244
2.139999999999986,0.06781159819998468,14.782672882080078,0.2277118028447599,0.3070410838696817,0.23496513068675995
2.1419999999999857,0.06781743937941477,14.787076950073242,0.22775796718197794,0.30667384790729574,0.23498399555683136
2.1439999999999855,0.06782336235660652,14.788137435913086,0.22777946703798263,0.30628312956219167,0.23497678339481354
2.1459999999999853,0.0678294614586687,-7.642040252685547,0.2277654727113685,0.3058690399481225,0.23492936789989471
2.147999999999985,0.06783556072976815,13.808149337768555,0.22777857378061228,0.30544157487377965,0.23490871489048004
2.149999999999985,0.0678417455952908,1.5478925704956055,0.22776554859053816,0.305024167467158,0.23486608266830444
2.1519999999999846,0.06784787468122996,14.878083229064941,0.22775169234186765,0.30460115478679783,0.2348267287015915
2.1539999999999844,0.06785392707899082,13.767753601074219,0.2277122655597545,0.3041791968877181,0.23476329445838928
2.155999999999984,0.06785991723161042,14.857770919799805,0.22764941943106537,0.30374439168987355,0.2346714437007904
2.157999999999984,0.06786583387370841,14.810850143432617,0.2275616575066839,0.3032791464115107,0.23455455899238586
2.1599999999999837,0.06787273059984635,14.913909912109375,0.22745031824597528,0.30279682626851745,0.234410360455513
2.1619999999999835,0.0678794471516109,14.802319526672363,0.22731214290869478,0.3022874840946069,0.23423409461975098
2.1639999999999833,0.06788679352769306,14.851953506469727,0.2271494867794704,0.30168361419405026,0.23403067886829376
2.165999999999983,0.06789276725038469,14.918157577514648,0.22699651640528506,0.3010608538200114,0.2338232547044754
2.167999999999983,0.06789822138022482,-8.31572151184082,0.22686222198322148,0.300408469901476,0.23367077112197876
2.1699999999999826,0.06790246678933262,12.645041465759277,0.22671078941812284,0.2997447022700245,0.23348408937454224
2.1719999999999824,0.06790669881537886,14.878578186035156,0.22651012600378095,0.2990254979051208,0.23324015736579895
2.173999999999982,0.06791091260308939,14.975624084472656,0.22628560024977412,0.29828092358355596,0.23296967148780823
2.175999999999982,0.06791510103040545,14.90752124786377,0.22603724498559635,0.29751424734407855,0.2326735407114029
2.1779999999999817,0.06791925665486553,14.963418960571289,0.22576561236449844,0.29672714376157444,0.23235176503658295
2.1799999999999815,0.06792408717476707,14.930606842041016,0.22547085082595303,0.29591805260415327,0.23200500011444092
2.1819999999999813,0.06792879536736061,15.052306175231934,0.22507297531066262,0.29508782047158105,0.22812367975711823
2.183999999999981,0.067933371956324,14.604257583618164,0.22465321446041542,0.29417516446352915,0.22716321051120758
2.185999999999981,0.06793780289461412,15.000661849975586,0.22421426370139447,0.2932491297652209,0.22593118250370026
2.1879999999999806,0.06794207879561562,14.908772468566895,0.22375439188105928,0.29229529062306575,0.22484345734119415
2.1899999999999804,0.06794618388972402,15.068790435791016,0.22327522686003937,0.29132412670340097,0.22360284626483917
2.19199999999998,0.06794986469470811,14.903365135192871,0.22277591349232057,0.29032755507085384,0.22242294251918793
2.19399999999998,0.06795337820919206,15.08226203918457,0.22225077793754117,0.28931116662707806,0.22046707570552826
2.1959999999999797,0.06795671728317995,15.033241271972656,0.22170513518598967,0.2883151446466751,0.2192791998386383
2.1979999999999795,0.06795985707812856,15.10771369934082,0.22114119976904956,0.28730113301337745,0.21795333921909332
2.1999999999999793,0.06796278654673168,14.948684692382812,0.22055775053841653,0.2862585709692362,0.21669025719165802
2.201999999999979,0.0679654818426482,15.129730224609375,0.2199561187666748,0.2851951875771039,0.21535561978816986
2.203999999999979,0.06796792626844783,14.990560531616211,0.21933577623775613,0.2841052387986419,0.2140447199344635
2.2059999999999786,0.06797009536518533,15.116978645324707,0.2186972057934018,0.28299284957917065,0.21269410848617554
2.2079999999999784,0.06797197028288031,15.044472694396973,0.21803977663800855,0.28185494671544875,0.2113492637872696
2.209999999999978,0.06797352703109365,15.11976432800293,0.217363976019952,0.28069374739398767,0.2099853903055191
2.211999999999978,0.06797474527387751,15.086418151855469,0.2166698009737199,0.2795075961256313,0.20862379670143127
2.2139999999999778,0.06797560651716408,15.135046005249023,0.2159576006834028,0.27829765752234464,0.20725706219673157
2.2159999999999775,0.06797598861357813,14.389461517333984,0.21521511436391688,0.2770629099561654,0.20529145002365112
2.2179999999999773,0.06797594345469517,1.7364726066589355,0.21445450910951158,0.27581757906652765,0.20397113263607025
2.219999999999977,0.0679754444856948,15.140405654907227,0.21370608610480246,0.27456032200715774,0.2037625014781952
2.221999999999977,0.06797452729845274,13.737570762634277,0.21293986305963908,0.27328446302251796,0.20243316888809204
2.2239999999999767,0.06797312675726097,15.28422737121582,0.21215832233307902,0.2719903821676851,0.20121034979820251
2.2259999999999764,0.06797125656779207,15.24398422241211,0.2113599457882287,0.27066010112660177,0.20009666681289673
2.227999999999976,0.06796886635875136,15.311509132385254,0.21054601860574484,0.2693079323867631,0.1987748146057129
2.229999999999976,0.06796595407196701,15.162240028381348,0.2097159059194656,0.2679238963847694,0.19725695252418518
2.231999999999976,0.0679624786071642,15.349445343017578,0.20887027180245715,0.2665161954315694,0.19566451013088226
2.2339999999999756,0.06795848095489776,15.216957092285156,0.2080089346686687,0.2650797679042352,0.19408880174160004
2.2359999999999753,0.06795381401507596,14.374836921691895,0.20714876797059445,0.26361915298379424,0.1929139941930771
2.237999999999975,0.06794859186733539,2.8866066932678223,0.20627269207208354,0.2621402407736895,0.1915060579776764
2.239999999999975,0.06794267344919207,15.301004409790039,0.20538285733871003,0.26065375633162646,0.18979805707931519
2.2419999999999747,0.06793612416113887,14.051431655883789,0.20447830407272521,0.2591308870861925,0.1882653385400772
2.2439999999999745,0.06792885026583388,15.446447372436523,0.20356046537121691,0.25759421021006645,0.18659694492816925
2.2459999999999742,0.06792105203634809,15.413402557373047,0.20262927719840756,0.25602698365263554,0.185003861784935
2.247999999999974,0.06791274809768422,15.49783706665039,0.20168547744304766,0.25444233188246207,0.18334496021270752
2.249999999999974,0.06790394539674961,15.346658706665039,0.2007293912667072,0.25283081814818387,0.1817142218351364
2.2519999999999736,0.06789459807116478,15.523726463317871,0.19976150729486808,0.25119972427334203,0.18005314469337463
2.2539999999999734,0.06788492214312787,15.396394729614258,0.19878218790254565,0.2495440858000216,0.17840051651000977
2.255999999999973,0.06787587902876475,15.520865440368652,0.19779021639026245,0.24786793532323562,0.1767340898513794
2.257999999999973,0.06786762576557341,15.454822540283203,0.19678530998291577,0.2461687458827914,0.17507028579711914
2.2599999999999727,0.06786019889407725,15.526529312133789,0.19576776553493364,0.24444882023963205,0.17340140044689178
2.2619999999999725,0.06785364276109034,15.494484901428223,0.19473783249406956,0.24270694883388924,0.1717354655265808
2.2639999999999723,0.06784799693071743,15.539865493774414,0.19369582767606175,0.240944517386226,0.1700718253850937
2.265999999999972,0.06784330384227727,15.525405883789062,0.19264237312133342,0.2391610323169386,0.16841517388820648
2.267999999999972,0.06783960508801463,15.555059432983398,0.19158147410939963,0.23735739678828865,0.16681969165802002
2.2699999999999716,0.06783694640185162,15.551944732666016,0.19051747420225018,0.23553307867980508,0.16540181636810303
2.2719999999999714,0.06783537458979008,15.572427749633789,0.1894520234242375,0.23368744511618564,0.16405948996543884
2.273999999999971,0.06783493287521791,15.57579231262207,0.1883863387483955,0.231821283023495,0.1627795398235321
2.275999999999971,0.06783566122391763,15.591544151306152,0.18732161028115513,0.22993574653125745,0.16156011819839478
2.2779999999999707,0.06783759641325864,15.597890853881836,0.1862589481927429,0.22803170139519757,0.16039976477622986
2.2799999999999705,0.06784077264813437,15.611052513122559,0.1851994384459022,0.22611021305471718,0.1592966914176941
2.2819999999999703,0.06784522140627265,15.618973731994629,0.18414424766758214,0.22417218981935316,0.15824933350086212
2.28399999999997,0.06785097202870465,15.630319595336914,0.18309490262754718,0.22221864460275434,0.15725570917129517
2.28599999999997,0.06785805154162167,15.638891220092773,0.18205237780080774,0.22025050348698355,0.15631507337093353
2.2879999999999696,0.06786648512722299,15.649505615234375,0.18101756699402205,0.21826874597694057,0.15542544424533844
2.2899999999999694,0.06787629598311097,15.658685684204102,0.17999113856213944,0.2162743021339004,0.15458600223064423
2.291999999999969,0.06788750566694032,15.669041633605957,0.17897249297712126,0.2142681275738517,0.15379531681537628
2.293999999999969,0.06790013399537352,15.678947448730469,0.17796204058919918,0.21225114801209244,0.1530526876449585
2.2959999999999687,0.06791395582099226,15.689458847045898,0.17696044147427276,0.2102242991746878,0.15235726535320282
2.2979999999999685,0.06792874003707328,15.699777603149414,0.17596832513883792,0.208188496701238,0.15170809626579285
2.2999999999999683,0.06794448881156039,15.710334777832031,0.174986293756288,0.20614465716957242,0.1511048674583435
2.301999999999968,0.06796120381957858,15.720589637756348,0.17401325957832942,0.20409368154541851,0.15054680407047272
2.303999999999968,0.06797888642083216,15.731647491455078,0.17304798480689648,0.20203646602749517,0.15003377199172974
2.3059999999999676,0.06799737212033907,15.742635726928711,0.17209110319553156,0.19997389272383628,0.14956508576869965
2.3079999999999674,0.06801490754737205,15.753742218017578,0.17114323738466156,0.19790683500369846,0.14914128184318542
2.309999999999967,0.06803101222063734,15.764729499816895,0.1702049970893606,0.1958361520244145,0.14876197278499603
2.311999999999967,0.06804567503925565,15.775751113891602,0.16927700915991944,0.193762691118268,0.14842773973941803
2.3139999999999668,0.06805888571296603,15.786611557006836,0.16836012004699188,0.19168728437218693,0.14813943207263947
2.3159999999999665,0.06807063467257513,15.797735214233398,0.16745560352445615,0.1896107494188755,0.1478981077671051
2.3179999999999663,0.06808091297629087,15.808462142944336,0.16656799945608863,0.18753388711773986,0.1477053165435791
2.319999999999966,0.06808971223426674,15.818868637084961,0.16569819646975617,0.18545748149713823,0.1475639045238495
2.321999999999966,0.06809702453414333,15.829255104064941,0.1648464386509246,0.18338229803826214,0.14747659862041473
2.3239999999999656,0.0681028423775368,15.839496612548828,0.16401314821786775,0.18130908318090408,0.14744767546653748
2.3259999999999654,0.0681071586192713,15.849308967590332,0.16319872322837678,0.17923856295470256,0.1474824994802475
2.327999999999965,0.06810996641354732,15.858587265014648,0.16240345257605754,0.17717144228089282,0.14758847653865814
2.329999999999965,0.06811125916315924,15.867803573608398,0.16162443728837447,0.17510840382496823,0.14777377247810364
2.3319999999999648,0.06811103047335602,15.876891136169434,0.1608614932174226,0.1730501072298007,0.14804913103580475
2.3339999999999645,0.06810927410851506,15.886003494262695,0.16011609480853453,0.1709971881326449,0.14823102951049805
2.3359999999999643,0.06810598395211064,15.894645690917969,0.15938846488144845,0.168950257412224,0.14837051928043365
2.337999999999964,0.06810115396911401,15.902911186218262,0.15867880651379454,0.1669099003491105,0.1485706865787506
2.339999999999964,0.0680947781708792,15.911006927490234,0.15798730411094444,0.1648766759401231,0.14883063733577728
2.3419999999999637,0.06808685058210784,15.918902397155762,0.15731412387083538,0.16285111619939896,0.14914897084236145
2.3439999999999634,0.06807736520980463,15.927074432373047,0.15665941426940355,0.16083372557658157,0.1495242416858673
2.3459999999999632,0.06806631601404242,15.935239791870117,0.15602330656840513,0.1588249804043577,0.14995503425598145
2.347999999999963,0.06805369688042585,15.94308853149414,0.1554059153424382,0.15682532844641206,0.15043984353542328
2.349999999999963,0.06803950159417631,15.950719833374023,0.15480733902748775,0.15483518850013506,0.15097679197788239
2.3519999999999626,0.06802372381575239,15.958505630493164,0.15422766048678263,0.15285495009296673,0.15130260586738586
2.3539999999999623,0.06800683555251537,15.96611499786377,0.1536669475954116,0.15088497324871325,0.15084680914878845
2.355999999999962,0.067990741608248,15.973634719848633,0.15312525383945202,0.148925588345019,0.15050029754638672
2.357999999999962,0.06797564838613636,15.98091983795166,0.15259683030142265,0.14697709604954373,0.15028192102909088
2.3599999999999617,0.06796156569786478,15.987993240356445,0.15206701458117128,0.14503976734604176,0.1502087563276291
2.3619999999999615,0.06794850356498822,15.995027542114258,0.15156257002454598,0.14311384364332977,0.15029506385326385
2.3639999999999612,0.06793647221497809,16.003238677978516,0.15108376989846917,0.14119953697244575,0.150549978017807
2.365999999999961,0.0679254820763711,16.011486053466797,0.1506308640166249,0.13929703026734103,0.150977224111557
2.367999999999961,0.06791689932473208,16.019508361816406,0.150202705107944,0.13740647773073872,0.15157489478588104
2.3699999999999606,0.06790925980341019,2.2511019706726074,0.1498482598743617,0.13552800528121817,0.15459828078746796
2.3719999999999604,0.0679022471610989,15.923920631408691,0.14950874763343952,0.133652070085162,0.15400370955467224
2.37399999999996,0.06789594137590359,13.33854866027832,0.1491856916364007,0.13182483522891522,0.15417039394378662
2.37599999999996,0.06789007490736372,16.162071228027344,0.1488768709984246,0.1300168661515458,0.15389622747898102
2.3779999999999597,0.06788512361721871,16.172399520874023,0.14852810651234089,0.12821402124873513,0.1514226198196411
2.3799999999999595,0.06788113384317229,16.173995971679688,0.14819666806577844,0.12643869138729077,0.15233255922794342
2.3819999999999593,0.0678785986971675,16.17340660095215,0.14788129839442446,0.12467707257268132,0.15302303433418274
2.383999999999959,0.06787673097394821,16.238746643066406,0.14757115363967133,0.12292188251109473,0.15104907751083374
2.385999999999959,0.06787562767350104,16.089962005615234,0.14726876823358354,0.12115874796091128,0.1509612500667572
2.3879999999999586,0.06787523247710583,16.097322463989258,0.14698059893735474,0.11941032869867262,0.15111805498600006
2.3899999999999584,0.06787560319453463,16.264570236206055,0.1467001525464257,0.11765238333781575,0.15107426047325134
2.391999999999958,0.06787679554421606,16.140079498291016,0.1464286726573892,0.11590875983434318,0.15119284391403198
2.393999999999958,0.06787886379129376,16.26247787475586,0.14616691366747783,0.11418019699004682,0.15130117535591125
2.3959999999999577,0.06788185735802282,16.179580688476562,0.14591869396976895,0.11246333917444824,0.15160934627056122
2.3979999999999575,0.06788582143446945,16.25348663330078,0.14568513755755982,0.1107576268862295,0.15147735178470612
2.3999999999999573,0.06789079622757091,16.205284118652344,0.14546679615185842,0.10906087120082289,0.1513802409172058
2.401999999999957,0.06789681964306697,16.24624252319336,0.14526379796584218,0.10737338037685372,0.1513262242078781
2.403999999999957,0.06790392544372482,16.21929359436035,0.1450764741075032,0.10569461128315959,0.15132686495780945
2.4059999999999566,0.06791214562843802,16.242473602294922,0.1449049086899857,0.10402489671125842,0.1513962745666504
2.4079999999999564,0.06792150903518755,16.228296279907227,0.14474928643713297,0.1023638923731702,0.15137521922588348
2.409999999999956,0.06793204310310469,16.24212074279785,0.1446096414100889,0.10071171113477793,0.15123341977596283
2.411999999999956,0.067943772904791,16.235082626342773,0.14448605389695007,0.09906809845046678,0.15113092958927155
2.4139999999999557,0.06795672238794198,16.24367904663086,0.14437851029769502,0.09743303551265453,0.15106794238090515
2.4159999999999555,0.06797091374340407,16.240938186645508,0.1442870151244651,0.09580630256901967,0.15104489028453827
2.4179999999999553,0.06798636825332914,16.248332977294922,0.14421151310417218,0.09418779942084497,0.151061549782753
2.419999999999955,0.06800310589635995,16.248659133911133,0.14415195324012775,0.09257731490471875,0.15111815929412842
2.421999999999955,0.0680211459152495,16.25429344177246,0.14410824572052416,0.09097469716648951,0.15103866159915924
2.4239999999999546,0.0680405065792336,16.256511688232422,0.14408029882240353,0.08937973249637209,0.15068718791007996
2.4259999999999544,0.06806120555854484,16.261680603027344,0.1440679952636786,0.087792235859625,0.15034911036491394
2.427999999999954,0.06808325978623402,16.26443099975586,0.14407121366054995,0.0862119875920689,0.150027334690094
2.429999999999954,0.06810541311210433,16.26844024658203,0.14408981571198762,0.08463878164201702,0.14972525835037231
2.4319999999999538,0.06812602623326439,16.27103042602539,0.14412365882590095,0.08307239278524313,0.14944669604301453
2.4339999999999535,0.06814506591996715,16.274477005004883,0.14417258931091698,0.08151260245173793,0.14919553697109222
2.4359999999999533,0.06816250582756707,16.27738380432129,0.14423644991872892,0.0799591819716791,0.14897634088993073
2.437999999999953,0.06817832044565512,16.280681610107422,0.14431507634234628,0.07841190651663212,0.1487937867641449
2.439999999999953,0.06819248495318625,16.28357696533203,0.14440830180505954,0.0768705467169238,0.14865288138389587
2.4419999999999527,0.06820497513320281,16.286407470703125,0.1445159553567162,0.07533487628908322,0.1485585868358612
2.4439999999999524,0.06821576727627977,16.288917541503906,0.14463786472613674,0.07380466798739774,0.14851586520671844
2.445999999999952,0.06822483810986257,16.291154861450195,0.14477385557619213,0.07227969786349836,0.14852942526340485
2.447999999999952,0.06823216473219773,16.293045043945312,0.14492375331905477,0.07075974343298748,0.14860357344150543
2.4499999999999518,0.06823772455737193,16.294689178466797,0.14508738286622627,0.06924458612502614,0.14874166250228882
2.4519999999999516,0.068241061869187,16.29575538635254,0.14526456981204316,0.06773401055868745,0.14894677698612213
2.4539999999999513,0.06824291460834771,15.357980728149414,0.14547769858166879,0.06622780600837033,0.14924080669879913
2.455999999999951,0.06824328703766641,8.655749320983887,0.14570311819060236,0.0647275207457732,0.14960116147994995
2.457999999999951,0.06824207982075067,16.180925369262695,0.14593383832740997,0.06324490981124332,0.15002010762691498
2.4599999999999507,0.0682392950146475,15.513632774353027,0.1461752677978004,0.06177063723992447,0.15050271153450012
2.4619999999999505,0.06823484644467755,16.362537384033203,0.1464229477262961,0.060309849143463864,0.15104156732559204
2.4639999999999502,0.06822872948195981,16.43622589111328,0.1466801740945635,0.05885712988069652,0.15163888037204742
2.46599999999995,0.06822087356500303,16.367454528808594,0.14694412545580393,0.05741497103143085,0.15228800475597382
2.46799999999995,0.06821126710885078,16.236013412475586,0.1472166960884912,0.05598025489905775,0.15298910439014435
2.4699999999999496,0.0681998536236637,16.367549896240234,0.1474961691896089,0.05455400529382103,0.15373679995536804
2.4719999999999493,0.06818661699818092,16.2108211517334,0.1477835563696246,0.05313445041052173,0.15452997386455536
2.473999999999949,0.06817151196735455,16.342500686645508,0.14807780737224116,0.051721878390370776,0.15536414086818695
2.475999999999949,0.06815452035616251,16.23204803466797,0.1483794310739935,0.050315255672840925,0.1562376320362091
2.4779999999999487,0.06813631673472446,16.313623428344727,0.14868775961973277,0.048914552959676845,0.15714696049690247
2.4799999999999485,0.0681169384668321,-8.198295593261719,0.1489981353176069,0.047519141928165,0.15806785225868225
2.4819999999999482,0.06809569000290634,15.7682466506958,0.14930896680727257,0.0461617251309928,0.15885424613952637
2.483999999999948,0.06807273968145838,11.164608001708984,0.1496305163735293,0.04482634439946749,0.15957507491111755
2.485999999999948,0.068047899592111,16.239852905273438,0.14995557058343076,0.043497738456794104,0.1602976769208908
2.4879999999999476,0.06802192737383987,16.2303524017334,0.15028956521770875,0.04217345933745109,0.16103042662143707
2.4899999999999474,0.06799693527564564,16.307254791259766,0.15062794794111126,0.04085456591120397,0.16176824271678925
2.491999999999947,0.06797321509721861,16.344650268554688,0.15097399157877364,0.03953998113216107,0.16251593828201294
2.493999999999947,0.06795074042128588,16.32023811340332,0.15132486504551035,0.038229948588169735,0.16327054798603058
2.4959999999999467,0.06792868326197306,16.145854949951172,0.15168240450359663,0.03692408666218356,0.16403459012508392
2.4979999999999465,0.06790818703999013,16.118303298950195,0.1519916549323317,0.03562232186416425,0.1647350788116455
2.4999999999999463,0.06788916692299536,16.276798248291016,0.15230577699428527,0.03432955289957312,0.16544318199157715
2.501999999999946,0.06787171693255968,16.34641456604004,0.15262854097677517,0.03303726806871725,0.16616322100162506
2.503999999999946,0.0678557969326067,16.281949996948242,0.15295651775121838,0.03174535088579519,0.166889950633049
2.5059999999999456,0.06784146180607924,16.12578010559082,0.15329185942724094,0.03045448116459903,0.16762502491474152
2.5079999999999454,0.06782869551023644,16.28023338317871,0.15363251236263326,0.029164579598210113,0.16836486756801605
2.509999999999945,0.06781753048195836,16.11107635498047,0.15397964379585538,0.02787639039785926,0.16910983622074127
2.511999999999945,0.06780796295085198,16.254802703857422,0.1543320458615674,0.026589968365669396,0.1698567122220993
2.5139999999999447,0.06780001283049199,16.137493133544922,0.15469030211552506,0.025306122801116278,0.17060522735118866
2.5159999999999445,0.06779368090391558,16.226699829101562,0.15505367478868176,0.02402498429587784,0.1713525503873825
2.5179999999999443,0.06778897928624666,16.16280746459961,0.1554224506189387,0.022747361949705027,0.17209748923778534
2.519999999999944,0.06778590974217623,16.212453842163086,0.15579617304642301,0.021473619248485495,0.1728382706642151
2.521999999999944,0.06778447896366492,16.174489974975586,0.15617497484200243,0.02020466009585218,0.17357322573661804
2.5239999999999436,0.06778468767501303,16.2020263671875,0.15655857391572559,0.018941157853769517,0.17241224646568298
2.5259999999999434,0.0677865381045923,16.178699493408203,0.15694703124068285,0.017684266718192388,0.17119517922401428
2.527999999999943,0.0677900284804632,16.193416595458984,0.15734018083227388,0.01643513619036533,0.17009469866752625
2.529999999999943,0.06779515643073236,16.180110931396484,0.15773806130755508,0.01519545762512941,0.16908347606658936
2.5319999999999427,0.06780191597222947,16.18730926513672,0.15814059272861183,0.013967231495658173,0.1681814193725586
2.5339999999999425,0.06781029854581273,16.178680419921875,0.15854782254915684,0.012753284073554739,0.1673744022846222
2.5359999999999423,0.0678202906768844,16.180696487426758,0.15895974202318372,0.011557346152910932,0.16666574776172638
2.537999999999942,0.06783187472597828,16.172500610351562,0.15937642460405008,0.0103847845959643,0.16604486107826233
2.539999999999942,0.06784502384359384,16.16999626159668,0.15979751122712474,0.0092432936873425,0.16550609469413757
2.5419999999999416,0.06785969668625856,16.163047790527344,0.1602226236825108,0.008144235100414432,0.16503947973251343
2.5439999999999414,0.06787582840810917,16.1589298248291,0.16065138888081554,0.007105058856908869,0.1646350920200348
2.545999999999941,0.06789331675994979,16.15125846862793,0.16108345222790124,0.006153370170751532,0.16428187489509583
2.547999999999941,0.06791254793309152,16.143733978271484,0.16151836465419037,0.005332512004147139,0.16396793723106384
2.5499999999999408,0.06793297808943409,16.259584426879883,0.16197943294820533,0.004706560006387275,0.16368751227855682
2.5519999999999405,0.06795449444496367,16.497922897338867,0.1624403985228171,0.004291891713683997,0.16344811022281647
2.5539999999999403,0.06797696919912054,16.266647338867188,0.16289496385921975,0.004230649975608595,0.16318555176258087
2.55599999999994,0.06800029820172701,16.102535247802734,0.16334502960843178,0.0045274798576520805,0.16294370591640472
2.55799999999994,0.0680243970790704,16.23645782470703,0.16378654116745772,0.005099006341923556,0.16266709566116333
2.5599999999999397,0.06804833697691218,16.02678871154785,0.1642205005169629,0.005854949553703807,0.16239994764328003
2.5619999999999394,0.0680702489797338,16.18697166442871,0.16464686584199553,0.0067177387884263485,0.16210806369781494
2.563999999999939,0.06809023069743061,16.045652389526367,0.16506738808758545,0.007641534628756016,0.16183775663375854
2.565999999999939,0.06810841434594779,16.147899627685547,0.1654819210324604,0.008599678506697695,0.16156719624996185
2.5679999999999388,0.06812490550914653,16.072174072265625,0.16589142422611194,0.009577294391985796,0.16134068369865417
2.5699999999999386,0.0681397888097664,16.129194259643555,0.166295652073729,0.010564629393467069,0.16113749146461487
2.5719999999999383,0.0681531368729122,16.08612823486328,0.16669518866854374,0.0115563569558919,0.1610008180141449
2.573999999999938,0.06816501061357016,16.116613388061523,0.1670899253096949,0.012548745224976234,0.16091088950634003
2.575999999999938,0.06817546517839751,16.09280014038086,0.16748021485883077,0.013539640150421717,0.16090746223926544
2.5779999999999377,0.06818454869465124,16.109344482421875,0.16786601151264288,0.014527435385423811,0.16097204387187958
2.5799999999999375,0.06819230624345869,16.096149444580078,0.16824752660048542,0.015511148750489874,0.16113872826099396
2.5819999999999372,0.0681987784843241,16.10530662536621,0.16862474207567094,0.016490013693620277,0.1613900065422058
2.583999999999937,0.06820378824225927,16.099315643310547,0.16899778260720366,0.01746353239214129,0.1617518663406372
2.585999999999937,0.06820769203389858,16.167709350585938,0.16932064880358083,0.018431303106497456,0.16156649589538574
2.5879999999999366,0.06821056938833778,16.425209045410156,0.1696453036473002,0.019421854116796596,0.1628858894109726
2.5899999999999364,0.06821201959109663,16.202857971191406,0.1699664978953007,0.02040020158501338,0.16309328377246857
2.591999999999936,0.06821272968731622,15.793527603149414,0.1703073329169278,0.021367734148907667,0.16227826476097107
2.593999999999936,0.06821282113323135,14.225872039794922,0.1706506102398948,0.02233435574844076,0.16463667154312134
2.5959999999999357,0.06821221516282466,16.140886306762695,0.17098685095476954,0.023280961415976686,0.16440540552139282
2.5979999999999355,0.06821099711033922,16.4250545501709,0.17132368461737088,0.024210092806030297,0.16653282940387726
2.5999999999999353,0.06820911901737987,16.182456970214844,0.17165490763804633,0.025121859969980488,0.16682471334934235
2.601999999999935,0.06820720032743631,16.22620391845703,0.17198503995049655,0.026017980268940404,0.1687065213918686
2.603999999999935,0.06820477917756497,14.08848762512207,0.17229225893541994,0.026898975751179475,0.1659308820962906
2.6059999999999346,0.06820221098147201,1.8542046546936035,0.17260470408849313,0.027760631210295234,0.1705556958913803
2.6079999999999344,0.06819976285526043,15.61423110961914,0.17290554333213784,0.028600820741344055,0.1690666377544403
2.609999999999934,0.06819774575328545,12.69958209991455,0.1732002325536788,0.029403422547890384,0.17310962080955505
2.611999999999934,0.06819563828838689,16.485149383544922,0.17345256885627341,0.030202713653385817,0.17602232098579407
2.6139999999999337,0.06819334692008631,16.114023208618164,0.17369643222613596,0.031021786111621714,0.17585322260856628
2.6159999999999335,0.06819104552761136,16.513900756835938,0.17393786465686972,0.03181138852588172,0.1779622733592987
2.6179999999999333,0.06818864185528027,16.00716209411621,0.1742133030383487,0.032574283842132554,0.17916907370090485
2.619999999999933,0.06818612586939415,16.04864501953125,0.17448357376269727,0.033373088944292396,0.18017864227294922
2.621999999999933,0.06818452487991211,16.033557891845703,0.17474934088817554,0.03414069601101697,0.1812288463115692
2.6239999999999326,0.06818332673406056,16.381303787231445,0.17500622558391032,0.034879954044794145,0.18335244059562683
2.6259999999999324,0.06818193442166659,14.482221603393555,0.17433043915771892,0.03563776685495061,0.18114501237869263
2.627999999999932,0.06818067740113155,-5.467879295349121,0.1733462275889416,0.036302570422730954,0.18567587435245514
2.629999999999932,0.06817933540755142,14.955076217651367,0.17233160997784847,0.03691994090331875,0.1838258057832718
2.6319999999999317,0.06817805223163606,13.516974449157715,0.17136625813539288,0.037518327687133875,0.18571746349334717
2.6339999999999315,0.0681767128191686,15.881649017333984,0.17041742041702848,0.03808867669052686,0.18517810106277466
2.6359999999999313,0.06817539942428813,16.327804565429688,0.16951113986636807,0.03863227904078183,0.18467175960540771
2.637999999999931,0.06817366417954003,16.033048629760742,0.16862697727753093,0.03915360564178247,0.17454791069030762
2.639999999999931,0.06817199563842428,13.543060302734375,0.1678292787647887,0.039653879938672955,0.18371006846427917
2.6419999999999306,0.06817028533208426,15.895906448364258,0.16704626991031363,0.040080716356754136,0.18325501680374146
2.6439999999999304,0.06816860559914015,16.35393524169922,0.16630421596335265,0.0404963618254016,0.18283405900001526
2.64599999999993,0.06816675650163814,16.044095993041992,0.16558217922912055,0.04090340056289983,0.16873261332511902
2.64799999999993,0.06816496207224726,16.3325252532959,0.16494450964829954,0.041301148543208877,0.1820647418498993
2.6499999999999297,0.06816303709342694,14.103622436523438,0.16428938131955584,0.041650925132964395,0.18166343867778778
2.6519999999999295,0.06816113897092348,10.843399047851562,0.16368733023980642,0.041943721460807076,0.18130339682102203
2.6539999999999293,0.06815914742558772,15.533100128173828,0.16309570889417782,0.042238680362864975,0.18096773326396942
2.655999999999929,0.06815716134120645,15.184440612792969,0.16254717665312773,0.04253214143532131,0.18066522479057312
2.657999999999929,0.06815510761533035,15.966487884521484,0.16201525339247233,0.042826042681167874,0.16742703318595886
2.6599999999999286,0.06815304737749972,16.314960479736328,0.16151970787047196,0.0431179584241403,0.18013811111450195
2.6619999999999284,0.06815093805769429,16.003150939941406,0.1610443734560626,0.043409030008249534,0.170554056763649
2.663999999999928,0.06814881668911961,16.082061767578125,0.1606008030874331,0.04369765066308116,0.1796855628490448
2.665999999999928,0.06814665996363194,16.012306213378906,0.16017939723713465,0.043984447815709884,0.17930369079113007
2.6679999999999278,0.06814449033330143,15.88134765625,0.15978659215582036,0.04426836779841244,0.17895729839801788
2.6699999999999275,0.06814229567792567,15.989018440246582,0.15941681932070095,0.04454971162169072,0.1786351501941681
2.6719999999999273,0.06814009015447867,15.876411437988281,0.15907359887381106,0.044827796473334756,0.1783449649810791
2.673999999999927,0.0681378680849662,15.964472770690918,0.1587536598358988,0.045102741049648586,0.17807979881763458
2.675999999999927,0.06813563890557002,15.897138595581055,0.15845889184875603,0.04537409172390419,0.17784392833709717
2.6779999999999267,0.0681334006556456,15.949441909790039,0.15818734080939595,0.04564187128530755,0.17763347923755646
2.6799999999999264,0.06813116007950477,15.911386489868164,0.15793998924876004,0.045905770241009655,0.17745035886764526
2.681999999999926,0.06812891736066383,15.940557479858398,0.15771564381680145,0.04616576369579398,0.1772923618555069
2.683999999999926,0.06812667769917244,15.918776512145996,0.1575147867687162,0.046421634610711075,0.17716056108474731
2.685999999999926,0.06812444250749776,15.934907913208008,0.15733666916142014,0.04667333693938792,0.1770535409450531
2.6879999999999256,0.06812221608628014,15.922262191772461,0.15718150145965049,0.046920714272373,0.17697174847126007
2.6899999999999253,0.06812000053888108,15.931400299072266,0.1570487984232051,0.04716371365717753,0.17691420018672943
2.691999999999925,0.06811779962470903,15.924074172973633,0.1569386266776757,0.047402219416196,0.17688138782978058
2.693999999999925,0.06811561581705187,15.929136276245117,0.15685066085392252,0.04763617901583791,0.1768723428249359
2.6959999999999247,0.06811345252902613,15.92470932006836,0.15678489500318185,0.047865504846819396,0.17688724398612976
2.6979999999999245,0.0681113124084752,15.927425384521484,0.1567411034541815,0.04809014826197898,0.17692549526691437
2.6999999999999242,0.0681107485400453,15.92477798461914,0.15671924698717146,0.04831004148731586,0.17698730528354645
2.701999999999924,0.06811048289648831,-4.714222431182861,0.1567379974766374,0.048525141110375675,0.1770859807729721
2.703999999999924,0.06811016854069943,14.705572128295898,0.156765372680272,0.04870053896252608,0.1771680861711502
2.7059999999999236,0.06810992562996794,13.932661056518555,0.15682760516091543,0.048858885048026865,0.17730045318603516
2.7079999999999234,0.06811017476198167,15.86966323852539,0.15689734852024056,0.04901144036073978,0.17742672562599182
2.709999999999923,0.06811045592216122,16.353273391723633,0.15702503411724167,0.049155152465568556,0.1776294857263565
2.711999999999923,0.06811072132267988,16.035472869873047,0.15716452569200917,0.04927415492334374,0.1696414202451706
2.7139999999999227,0.06811101262543509,16.1688232421875,0.15732817589232256,0.04938764878084149,0.17807194590568542
2.7159999999999225,0.068111302966024,16.036479949951172,0.15750683333018317,0.04949717966772149,0.17831820249557495
2.7179999999999223,0.06811161714215644,15.9010009765625,0.15770782386697477,0.04960144423924594,0.17858955264091492
2.719999999999922,0.06811194014828986,16.006103515625,0.15792586736052108,0.04970138262557639,0.17887546122074127
2.721999999999922,0.06811228687913941,15.88144588470459,0.15816527791899695,0.04979618189132654,0.179184228181839
2.7239999999999216,0.06811264878700753,15.973175048828125,0.15842302570368366,0.04988637962374846,0.1795102208852768
2.7259999999999214,0.06811303472719102,15.894719123840332,0.15870166951126533,0.049971459762831974,0.17985796928405762
2.727999999999921,0.0681134394242506,15.948246002197266,0.15899948979497272,0.05005169865359094,0.18022435903549194
2.729999999999921,0.06811386779481385,15.90341567993164,0.1593180278149438,0.0501267492731749,0.18061165511608124
2.7319999999999207,0.0681132231236678,15.932441711425781,0.1596563327422076,0.05019670911667208,0.18101835250854492
2.7339999999999205,0.06811259838949546,15.18504524230957,0.16001448835983847,0.050261314451240366,0.1814725697040558
2.7359999999999203,0.06811206913824568,15.02165699005127,0.16040483773894618,0.0503948209790232,0.1819705069065094
2.73799999999992,0.06811155539227431,15.982181549072266,0.16080191116379167,0.050523422741981336,0.17679551243782043
2.73999999999992,0.06811111981288318,16.36220932006836,0.1612270972472992,0.05064107287195345,0.18298882246017456
2.7419999999999196,0.06811071402342822,16.03494644165039,0.1616642552813303,0.050751809309269494,0.1711302548646927
2.7439999999999194,0.06811037541585524,16.15807342529297,0.16212661028540482,0.05085300870802456,0.18407678604125977
2.745999999999919,0.06811007598824734,16.037445068359375,0.16260440938930806,0.050947246897677066,0.18458004295825958
2.747999999999919,0.06810983739460534,15.9100341796875,0.16310549496322124,0.0510329760321351,0.18503157794475555
2.7499999999999187,0.0681096435416355,16.00901222229004,0.16362421918131306,0.05111178556616737,0.18549661338329315
2.7519999999999185,0.0681095069587873,15.88967514038086,0.1641651955719667,0.05118283358168789,0.18597866594791412
2.7539999999999183,0.0681094183856578,15.978605270385742,0.16472515701527163,0.05124710395119664,0.18647609651088715
2.755999999999918,0.0681093850406002,15.904131889343262,0.16530681853337714,0.0513041589290814,0.18699119985103607
2.757999999999918,0.06810940155966465,15.956245422363281,0.16590828877039704,0.05135461968393785,0.1875230222940445
2.7599999999999176,0.06810947204799886,15.91379165649414,0.1665311618595527,0.05139827693189581,0.18807359039783478
2.7619999999999174,0.06810959333850566,15.942503929138184,0.16717433687129962,0.051435533410480266,0.18864226341247559
2.763999999999917,0.06810976768893064,15.91720199584961,0.16783874172256155,0.051466306806780444,0.18923026323318481
2.765999999999917,0.06810999314509317,15.932184219360352,0.16852372514369007,0.05149086721092812,0.1898375302553177
2.7679999999999167,0.06811027084570428,15.917195320129395,0.16922981481005092,0.05150920119950257,0.1904650628566742
2.7699999999999165,0.06811059947997561,15.924760818481445,0.1699566108200715,0.0515214973810892,0.1911085695028305
2.7719999999999163,0.06811097948642565,15.915576934814453,0.170704396296392,0.051527778363391355,0.19177135825157166
2.773999999999916,0.06811140986830437,15.919300079345703,0.1714729073770993,0.051528181961266434,0.19245418906211853
2.775999999999916,0.06811189060483534,15.91329574584961,0.17226227383701184,0.05152274850937369,0.19315862655639648
2.7779999999999156,0.06811242082330837,15.914654731750488,0.17307222174232526,0.05151158358888458,0.19332356750965118
2.7799999999999154,0.06811300018251769,15.910316467285156,0.17390083831079484,0.05149473528762284,0.1931820958852768
2.781999999999915,0.06811362782479212,15.910218238830566,0.1747470464197214,0.05147228830858116,0.19300980865955353
2.783999999999915,0.06811430316907681,15.906891822814941,0.175610697681285,0.051444293238810584,0.19282664358615875
2.7859999999999148,0.06811502531094037,15.906030654907227,0.17649153539183393,0.0514108209560917,0.19261908531188965
2.7879999999999145,0.06811579347694,15.903305053710938,0.17739062363540553,0.05137192193070385,0.19239841401576996
2.7899999999999143,0.06811660668170194,15.901960372924805,0.1783096765265061,0.05132765767830751,0.19215857982635498
2.791999999999914,0.06811746398817829,15.899518966674805,0.17924859062383164,0.05127807738235897,0.1919071525335312
2.793999999999914,0.06811836431212012,15.897851943969727,0.18020720130103968,0.05122323608334115,0.19164229929447174
2.7959999999999137,0.06811930657123945,15.895532608032227,0.18118535504433292,0.05116318127739432,0.19137008488178253
2.7979999999999134,0.06812028957411949,15.89364242553711,0.18218286913659565,0.051097963443595316,0.1910913735628128
2.7999999999999132,0.0681213121058797,15.891361236572266,0.1831995626348209,0.05102762838060278,0.19081196188926697
2.801999999999913,0.06812237286542092,15.889312744140625,0.18367943211379162,0.05095222330801366,0.19053465127944946
2.803999999999913,0.06812347051485663,15.887025833129883,0.18366054355607347,0.050871792498128225,0.19026511907577515
2.8059999999999126,0.06812460364440742,15.884878158569336,0.18364133244802017,0.05078638081987659,0.19000749289989471
2.8079999999999123,0.06812577080119041,15.882593154907227,0.18362182645215774,0.050696031259296344,0.1897675096988678
2.809999999999912,0.06812697046992178,15.88035774230957,0.18360205176261574,0.0506007869845804,0.18954998254776
2.811999999999912,0.06812820108997203,15.87801742553711,0.18358203527214179,0.050500689946619916,0.18936046957969666
2.8139999999999117,0.06812946104510201,15.87570571899414,0.18356180298553298,0.05039578208771753,0.18920402228832245
2.8159999999999115,0.06813074867386038,15.87337875366211,0.18354138127578534,0.05028610455791484,0.1890859603881836
2.8179999999999112,0.06813206226448433,15.871062278747559,0.18352079597556575,0.05017169842681054,0.18901050090789795
2.819999999999911,0.06813200961559569,15.868684768676758,0.18350007310645577,0.05005260424955751,0.18898245692253113
2.821999999999911,0.06813210034850274,12.086019515991211,0.18349209880504141,0.049928862489451095,0.19195805490016937
2.8239999999999106,0.06813222751401714,15.525459289550781,0.1834794162337658,0.04983095130886669,0.1902734339237213
2.8259999999999104,0.06813247061377387,15.653425216674805,0.18347325029208683,0.04972778598184563,0.19178713858127594
2.82799999999991,0.06813276281784751,15.911886215209961,0.18346458298237195,0.04962489463290486,0.1909617930650711
2.82999999999991,0.0681331509847482,16.28278350830078,0.1834603804902349,0.049517603991132905,0.1918882429599762
2.8319999999999097,0.06813359448354644,15.949424743652344,0.18345505675676732,0.04940922473191078,0.18948635458946228
2.8339999999999095,0.06813342520540959,15.981180191040039,0.18345277881933963,0.04929690199003713,0.1922600418329239
2.8359999999999093,0.06813326899564963,13.663999557495117,0.1834246143054466,0.049182544404725664,0.19137093424797058
2.837999999999909,0.06813325626428418,11.43995475769043,0.18340589786795375,0.049097855768676535,0.19277618825435638
2.839999999999909,0.06813327991205458,15.435452461242676,0.18338186511396648,0.04901470363748114,0.192677840590477
2.8419999999999086,0.06813342042846056,15.367911338806152,0.1833642037348751,0.04892610489592136,0.19367559254169464
2.8439999999999084,0.06813361062966071,15.90362548828125,0.18334359704775588,0.04883723501905713,0.19403307139873505
2.845999999999908,0.06813389835643878,16.27274513244629,0.18332731069310398,0.04874376593643956,0.19486741721630096
2.847999999999908,0.06813424249430478,15.945716857910156,0.183309576707488,0.04864880881066802,0.19548606872558594
2.8499999999999077,0.06813466981833369,16.015356063842773,0.18329476410839896,0.04854971936797748,0.19629225134849548
2.8519999999999075,0.06813515559876655,15.947982788085938,0.18327942452636375,0.04844830475486979,0.1970410943031311
2.8539999999999073,0.0681357138434818,15.818681716918945,0.18326607595877747,0.04834299806057112,0.19790050387382507
2.855999999999907,0.0681363292486553,15.922262191772461,0.18325272214025673,0.048234800360082895,0.19863934814929962
2.857999999999907,0.06813896501373615,15.80908203125,0.183240802948112,0.048122812177274765,0.19948963820934296
2.8599999999999066,0.06814023598865579,16.216371536254883,0.18325387229614237,0.0480075817917986,0.20052732527256012
2.8619999999999064,0.0681414833311724,14.364788055419922,0.18321592904901657,0.0478371923380781,0.20134416222572327
2.863999999999906,0.06814280165791281,13.277658462524414,0.18318750606091516,0.04761630196023626,0.20211654901504517
2.865999999999906,0.068144111945751,15.685868263244629,0.18315628754587188,0.04739846186755954,0.2030055671930313
2.8679999999999057,0.06814546999766403,16.182552337646484,0.18313185972456525,0.0471785818585491,0.20388004183769226
2.8699999999999055,0.06814682756150536,15.849248886108398,0.18310649365971365,0.046959987334421104,0.20482927560806274
2.8719999999999053,0.06814821576061214,16.253862380981445,0.18308607600488952,0.04673956546243579,0.2057943493127823
2.873999999999905,0.06814960595248387,15.870177268981934,0.18306586539056952,0.04651920849643117,0.20680613815784454
2.875999999999905,0.0681510140827487,15.790666580200195,0.1830493007770203,0.04629703370964792,0.2068043202161789
2.8779999999999046,0.06815242287378591,15.85548210144043,0.1830336058779778,0.046074048597580665,0.2067815363407135
2.8799999999999044,0.06815360341800143,15.722526550292969,0.18302073873517555,0.045849156213880346,0.2067607343196869
2.881999999999904,0.06815477750428832,15.660776138305664,0.182962166189659,0.0456228642362264,0.20658130943775177
2.883999999999904,0.06815599201806181,16.217662811279297,0.18290931530860283,0.04544890566364802,0.2065567672252655
2.8859999999999038,0.06815720327216597,15.863468170166016,0.18285453574696076,0.0452714909357013,0.20647363364696503
2.8879999999999035,0.06815843678783993,16.280229568481445,0.18280387303846113,0.0450884580318259,0.20643776655197144
2.8899999999999033,0.06815966645449921,15.882579803466797,0.1827526595052238,0.04490177348845871,0.20636862516403198
2.891999999999903,0.06816090485388553,15.805068969726562,0.18270445209834868,0.04471021533108278,0.20632657408714294
2.893999999999903,0.06816213607262832,15.865289688110352,0.18265653985496327,0.04451493550854372,0.20626670122146606
2.8959999999999027,0.06816336552633992,15.732123374938965,0.18261096764097284,0.04431530022917806,0.20622208714485168
2.8979999999999024,0.0681645830077035,15.833215713500977,0.1825661740801534,0.044111982225412134,0.20616883039474487
2.899999999999902,0.06816579004705593,15.738080978393555,0.18252333478219462,0.043904672610406426,0.20612448453903198
2.901999999999902,0.06816697964599364,15.804003715515137,0.18248155022767454,0.04369377629315195,0.20607560873031616
2.9039999999999018,0.06816815125710733,15.749162673950195,0.18244149637544133,0.043479157949322125,0.20603275299072266
2.9059999999999016,0.06816929970306865,15.785350799560547,0.18240265499512837,0.04326107150452459,0.20598812401294708
2.9079999999999013,0.06817042335039003,15.752418518066406,0.1823654149415918,0.043039473101638095,0.20594748854637146
2.909999999999901,0.06817151807155812,15.770673751831055,0.18232947781929942,0.04281453055493464,0.20590640604496002
2.911999999999901,0.0681725816882533,15.750712394714355,0.1822950676159062,0.04258624717657576,0.205868199467659
2.9139999999999007,0.06817361069398173,15.759361267089844,0.1822620128241268,0.0423547409079962,0.20583072304725647
2.9159999999999004,0.06817460265908856,15.74656867980957,0.1822304428592289,0.04212003852857743,0.20579524338245392
2.9179999999999002,0.06817619763101508,15.74997329711914,0.18220025956780556,0.041882228520122036,0.20576122403144836
2.9199999999999,0.06817760386746667,14.390186309814453,0.18217780907439968,0.04164134861526085,0.20573480427265167
2.9219999999999,0.06817887112954156,13.25408935546875,0.18216333966584042,0.0413460172101618,0.20573261380195618
2.9239999999998996,0.0681799654968601,15.524698257446289,0.18214468838374437,0.04104752225671758,0.20570310950279236
2.9259999999998993,0.06818091501573226,16.015583038330078,0.18213162660933102,0.040743800360509466,0.2056971937417984
2.927999999999899,0.06818170206684745,15.684164047241211,0.1821165524327517,0.04043694516156358,0.2056768387556076
2.929999999999899,0.0681823420349711,16.108497619628906,0.1821055014152898,0.04012574460045629,0.20567062497138977
2.9319999999998987,0.06818282661779469,15.70898723602295,0.18209384080582103,0.039811514314757414,0.20565758645534515
2.9339999999998985,0.06818316403382568,15.613222122192383,0.18208512460153276,0.03949357114572405,0.20565277338027954
2.9359999999998982,0.06818335584945637,15.694669723510742,0.18207666862952893,0.039172720216191746,0.20564526319503784
2.937999999999898,0.06818337055040509,15.681806564331055,0.18210536379153425,0.03884862002907047,0.2056957334280014
2.939999999999898,0.06818326480624762,15.63115119934082,0.18213406417035294,0.03854567935334822,0.2057201862335205
2.9419999999998976,0.06818310882318433,15.810057640075684,0.18219125327003405,0.038238118359355595,0.20577505230903625
2.9439999999998974,0.0681829096739932,16.257671356201172,0.18225117748839487,0.037949617689006995,0.20583276450634003
2.945999999999897,0.06818266013514492,15.843229293823242,0.18230803173830756,0.03766282779279853,0.2058873176574707
2.947999999999897,0.06818236239260864,15.782777786254883,0.18236609220191963,0.03737648915040816,0.20594321191310883
2.9499999999998967,0.06818201209015456,15.831533432006836,0.18242189808004095,0.037091002026491904,0.20599707961082458
2.9519999999998965,0.06818143593651614,15.68626594543457,0.1824778830895788,0.036805577431383206,0.20605099201202393
2.9539999999998963,0.06818075502835383,12.615336418151855,0.18255291403105806,0.036520383646934836,0.20612505078315735
2.955999999999896,0.06817997589997064,9.186527252197266,0.18263321885280376,0.03622949585744791,0.20620465278625488
2.957999999999896,0.06817909250799442,15.131263732910156,0.1827007284760509,0.035936604536071344,0.20627112686634064
2.9599999999998956,0.0681781041530428,14.769726753234863,0.18277035029220579,0.035639382282981,0.20633989572525024
2.9619999999998954,0.06817707306189429,15.667318344116211,0.18283057978835765,0.03533999112945896,0.2063995599746704
2.963999999999895,0.06817593833483684,15.683420181274414,0.18285271410154996,0.035037058776207414,0.20641972124576569
2.965999999999895,0.0681746967993649,16.039182662963867,0.18287990055937514,0.034719353445933084,0.20644530653953552
2.9679999999998947,0.06817334964376368,15.695220947265625,0.18290746275034941,0.03440103286142337,0.20647159218788147
2.9699999999998945,0.06817189385623233,15.576963424682617,0.18293872187927723,0.03408134343200892,0.2065020352602005
2.9719999999998943,0.06817033037548943,15.674062728881836,0.1829709553180564,0.03376070406575636,0.20653383433818817
2.973999999999894,0.06816865681273802,15.539778709411621,0.18300605124565889,0.03343869723154976,0.20656876266002655
2.975999999999894,0.06816687377887226,15.643289566040039,0.18304204482947017,0.033115541912641315,0.20660482347011566
2.9779999999998936,0.06816497931907961,15.553712844848633,0.18307983440999487,0.03279103304683327,0.2066432684659958
2.9799999999998934,0.06816297365085802,15.61821174621582,0.18311814190752845,0.03246529679858326,0.20668232440948486
2.981999999999893,0.06816085516061927,15.567619323730469,0.18315743143098112,0.032138227903803135,0.2067229449748993
2.983999999999893,0.06815862376343798,15.603330612182617,0.1831969178174334,0.03180989658499447,0.20676381886005402
2.9859999999998927,0.06815600261719261,15.573116302490234,0.1832365920707389,0.03148024839196445,0.20680561661720276
2.9879999999998925,0.06815326910844942,12.497934341430664,0.18324527333643942,0.03114932494940183,0.2068164199590683
2.9899999999998923,0.06815026233311146,0.8753700256347656,0.18326413028800642,0.030868332170708834,0.20683816075325012
2.991999999999892,0.06814714930900129,14.907506942749023,0.18326465293660987,0.030582885025342916,0.20684193074703217
2.993999999999892,0.06814390222465494,14.096769332885742,0.18327212251828023,0.03031125131201735,0.20685338973999023
2.9959999999998916,0.06814054905436603,15.543392181396484,0.18327540197252223,0.03003614126141515,0.20686106383800507
2.9979999999998914,0.06813657889308729,15.905405044555664,0.18328332315929924,0.029756702600565635,0.20687396824359894
2.999999999999891,0.0681324628617512,12.605762481689453,0.18326740291367144,0.02947415522734395,0.20686349272727966
3.001999999999891,0.06812824264159038,15.35174560546875,0.18324766160490774,0.02918724329645351,0.2068495899438858
3.0039999999998908,0.0681238926458709,15.861687660217285,0.18323471978622485,0.028897313698043055,0.2068435549736023
3.0059999999998905,0.06811944248419892,15.526008605957031,0.1832200459158001,0.028605597961208457,0.20683611929416656
3.0079999999998903,0.06811272570319746,16.004966735839844,0.1832101508448863,0.02831147341519239,0.20683449506759644
3.00999999999989,0.06810578526948632,15.476806640625,0.1832318382117451,0.028015669879168245,0.20686928927898407
3.01199999999989,0.06809862981001538,15.371038436889648,0.18325394450507165,0.027716287256021738,0.2069058120250702
3.0139999999998897,0.06809127614115017,15.457796096801758,0.18327550229782363,0.027407749647397252,0.20694221556186676
3.0159999999998894,0.06808373324037838,15.398012161254883,0.1832974440489345,0.027090960710832654,0.2069806307554245
3.017999999999889,0.06807601504348772,15.448845863342285,0.1833192388327654,0.0267668943724791,0.20701943337917328
3.019999999999889,0.06806813029639766,15.413259506225586,0.18334144702944588,0.026436304504197233,0.2070598602294922
3.0219999999998888,0.06806009063237185,15.441947937011719,0.18336378324288544,0.02609996093939093,0.2071012407541275
3.0239999999998886,0.06805296599413935,15.423370361328125,0.1833865887258243,0.02575847893561239,0.20714415609836578
3.0259999999998883,0.06804578299126315,15.541827201843262,0.1833935892208275,0.025412462463358963,0.20716899633407593
3.027999999999888,0.06803851800550964,15.859256744384766,0.18340312042851875,0.025079002200588882,0.20719745755195618
3.029999999999888,0.06803119674972993,15.576547622680664,0.18341084981148648,0.024745330224939837,0.207224503159523
3.0319999999998877,0.06802380568650232,15.459173202514648,0.1834202149846058,0.024410992005490635,0.20725394785404205
3.0339999999998875,0.06801636113519642,15.571486473083496,0.18342873566652557,0.024076317088002983,0.20728354156017303
3.0359999999998872,0.06800885554117486,15.44805908203125,0.1834384118869984,0.023741030948982823,0.2073148638010025
3.037999999999887,0.06800129932260844,15.551700592041016,0.1834478280426059,0.02340532930244948,0.2073468267917633
3.039999999999887,0.0679936884131314,15.470845222473145,0.1834581510979068,0.023069050297191158,0.20738010108470917
3.0419999999998866,0.06798602950846745,15.535935401916504,0.1834685764214385,0.02273230968076461,0.2074141502380371
3.0439999999998864,0.06797835756519749,15.491682052612305,0.1834797874913115,0.022395015119368995,0.20744988322257996
3.045999999999886,0.0679708706631492,15.529736518859863,0.1834913295059057,0.02205723621520995,0.20748646557331085
3.047999999999886,0.0679635879536538,15.5044527053833,0.1835036047379242,0.021718923364605708,0.20752471685409546
3.0499999999998857,0.06795650326206311,15.526290893554688,0.1835163580762056,0.021380120611365398,0.20756381750106812
3.0519999999998855,0.06794960808865534,15.512672424316406,0.1835298277478099,0.021040804795811843,0.20760418474674225
3.0539999999998853,0.06794289639672871,15.525736808776855,0.18354387213914186,0.02070100661904723,0.20764566957950592
3.055999999999885,0.06793439834834739,15.518775939941406,0.1835586333830097,0.02036071958698977,0.20768879354000092
3.057999999999885,0.067926240578846,14.19558334350586,0.1835870768284219,0.02001996813215727,0.20774930715560913
3.0599999999998846,0.06791832519728319,12.459068298339844,0.18362307296868913,0.01964605492070364,0.20781905949115753
3.0619999999998844,0.06791070975535375,15.291319847106934,0.18365327854452645,0.019271090944674378,0.20788292586803436
3.063999999999884,0.06790333479039108,15.777966499328613,0.18368841178613549,0.018893935225953225,0.20795273780822754
3.065999999999884,0.06789576655704116,15.466320037841797,0.1837201150490787,0.01851588485318653,0.20801904797554016
3.0679999999998837,0.06788850133732599,15.253676414489746,0.18379260902398348,0.018136173009426278,0.20813192427158356
3.0699999999998835,0.06788148188649065,15.807361602783203,0.18386931495559444,0.017728893457223636,0.2082497924566269
3.0719999999998833,0.06787473275388903,15.503646850585938,0.18394152081978488,0.017321400418934575,0.20836323499679565
3.073999999999883,0.06786821396616594,16.000795364379883,0.18401637206585103,0.016912663463241072,0.20848000049591064
3.075999999999883,0.06786195189560408,15.742774963378906,0.18408300099220676,0.01650369552326611,0.20858897268772125
3.0779999999998826,0.06785575813787197,15.48419189453125,0.1841475246974742,0.016100578967646436,0.20869570970535278
3.0799999999998824,0.06784945091058409,-0.8752041459083557,0.18419536057474012,0.01569979889441751,0.20878256857395172
3.081999999999882,0.0678434721663117,14.74128532409668,0.18422223698213136,0.015334865735570401,0.2088458389043808
3.083999999999882,0.06783776464612964,13.695649147033691,0.18425454146336812,0.015002402460989122,0.2089153230190277
3.0859999999998817,0.06783349174238242,15.471996307373047,0.1842810361186144,0.014671015400315334,0.20897847414016724
3.0879999999998815,0.06782951502922235,-8.920547485351562,0.18435381168936577,0.01433890758442586,0.20908567309379578
3.0899999999998813,0.06782567638318635,13.557449340820312,0.18441858876388323,0.014041512654198946,0.2091866284608841
3.091999999999881,0.06782193260764324,12.27284049987793,0.18448967546161066,0.013705677382929287,0.20929493010044098
3.093999999999881,0.06781727895231668,15.396276473999023,0.18455334973681242,0.013369723115562343,0.20939478278160095
3.0959999999998806,0.0678128099194597,15.672327995300293,0.18458112038363422,0.01303112696911052,0.2094568908214569
3.0979999999998804,0.06780851227388318,15.91462230682373,0.18460912743418473,0.01273945222840728,0.20951949059963226
3.09999999999988,0.06780438875616022,15.693994522094727,0.18463325446643053,0.012444734125482259,0.2095777690410614
3.10199999999988,0.06780043085806287,15.565011978149414,0.1846570138681789,0.012146134200019068,0.20963555574417114
3.1039999999998797,0.0677966371622465,15.676867485046387,0.184678079498859,0.011844642843310833,0.20969031751155853
3.1059999999998795,0.06779300136195111,15.553873062133789,0.18469852638545692,0.011539824004841553,0.20974452793598175
3.1079999999998793,0.06778952014253302,15.6502046585083,0.18471705133589617,0.011232425385223602,0.20979627966880798
3.109999999999879,0.06778583541910095,15.568132400512695,0.18473488992315007,0.010922260917914572,0.2098470777273178
3.111999999999879,0.06778277516343029,10.957025527954102,0.18480321599769978,0.010609890507492142,0.20995192229747772
3.1139999999998786,0.06777984793266623,15.810234069824219,0.18482631053825532,0.010338302641580104,0.21000607311725616
3.1159999999998784,0.06777705114699856,15.599452018737793,0.18484651550017406,0.010047089481716134,0.21005651354789734
3.117999999999878,0.06777437919253583,15.925466537475586,0.1848696468243839,0.009754019020405586,0.2101098746061325
3.119999999999878,0.06777182794436512,15.643096923828125,0.18489123832044752,0.009461065841422969,0.2101610004901886
3.1219999999998778,0.06776939317066454,15.534967422485352,0.1849146921122417,0.009166973583105795,0.21021388471126556
3.1239999999998775,0.06776707038629626,15.644022941589355,0.18493742743554786,0.008872905754842814,0.21026501059532166
3.1259999999998773,0.06776364457560548,15.527073860168457,0.18496141325274806,0.008578189523792837,0.21031729876995087
3.127999999999877,0.06776045328117024,15.734939575195312,0.18499099941400043,0.008283508365125173,0.2103794813156128
3.129999999999877,0.06775748547887307,15.52011489868164,0.18501771501729297,0.00798679012095687,0.21043772995471954
3.1319999999998767,0.06775457234363771,-8.642470359802246,0.1850443725592777,0.007686407681868529,0.21049699187278748
3.1339999999998764,0.06775188103365962,13.993559837341309,0.18505324156933278,0.007352010391430665,0.21053817868232727
3.135999999999876,0.06774941751603386,11.715543746948242,0.18507156531446362,0.006993271942396878,0.21058885753154755
3.137999999999876,0.06774715587029542,15.261190414428711,0.18508518985869715,0.006639306304459701,0.2106325328350067
3.139999999999876,0.0677447635121697,15.616988182067871,0.18510528684749494,0.006286668527288725,0.21068234741687775
3.1419999999998756,0.06774261275183528,15.470539093017578,0.18516756146170676,0.005938406987727959,0.21077698469161987
3.1439999999998753,0.06774069936581589,15.725851058959961,0.1852322648332258,0.00557739099780659,0.21087291836738586
3.145999999999875,0.06773900457131726,15.524974822998047,0.18529508001766548,0.005216746038408627,0.2109656035900116
3.147999999999875,0.06773752231707271,15.407267570495605,0.18535922679331973,0.00485603991607528,0.211058109998703
3.1499999999998747,0.06773614793333478,15.534326553344727,0.18542218542002753,0.004496688530591785,0.21114785969257355
3.1519999999998745,0.0677350510843545,-9.751665115356445,0.1854824872600122,0.004138749175381351,0.21123474836349487
3.1539999999998742,0.0677341006967828,14.164861679077148,0.1855466268353117,0.0037866880109787416,0.21132372319698334
3.155999999999874,0.06773332735982923,12.27062702178955,0.18561726655545174,0.003393184673754904,0.21141797304153442
3.157999999999874,0.06773268770777473,15.379789352416992,0.1856814044742141,0.003005863744761179,0.21150337159633636
3.1599999999998736,0.06773220035378553,15.740711212158203,0.18574957443071494,0.0026224274043972584,0.21159102022647858
3.1619999999998734,0.06773183267827691,15.566503524780273,0.18581356518365866,0.0022492679596692352,0.21167197823524475
3.163999999999873,0.06773159367650887,16.055187225341797,0.18587990106228275,0.0018883639607226062,0.21175353229045868
3.165999999999873,0.0677314582863553,15.626327514648438,0.18594347127559724,0.0015509108634735559,0.21183010935783386
3.1679999999998727,0.067731427393347,15.56312370300293,0.1860080627552716,0.0012520063924998876,0.2119053155183792
3.1699999999998725,0.0677314800203149,15.652565002441406,0.1860705351666318,0.0010261420797195797,0.21197639405727386
3.1719999999998723,0.0677316135113033,15.53597640991211,0.1861329185197601,0.0009242124920406289,0.21204547584056854
3.173999999999872,0.0677319286255033,15.646020889282227,0.1861933979653147,0.0009837784669484559,0.21211056411266327
3.175999999999872,0.06773231748586775,15.436270713806152,0.18621555039662963,0.0011785434453117566,0.2121330201625824
3.1779999999998716,0.0677328191276498,15.589818954467773,0.18624268948582245,0.001528407319464409,0.21215876936912537
3.1799999999998714,0.06773340482969159,15.502121925354004,0.18626703078209483,0.0018988569551341386,0.21218019723892212
3.181999999999871,0.06773409904843862,15.936124801635742,0.18629464706653565,0.0022780471746888086,0.21220287680625916
3.183999999999871,0.06773488283325423,15.548097610473633,0.18632072327885973,0.002659998164608637,0.21222253143787384
3.1859999999998707,0.06773577055464218,15.45462703704834,0.1863488027961614,0.0030428948207923585,0.21224229037761688
3.1879999999998705,0.0677367496605895,15.55673599243164,0.18637606342136787,0.003424920361977518,0.21225936710834503
3.1899999999998703,0.06773782822355,15.439691543579102,0.18640454070859286,0.0038058330671811792,0.21227596700191498
3.19199999999987,0.06773899770014874,15.545783996582031,0.18643258314285815,0.004184892190168022,0.2122902274131775
3.19399999999987,0.06774026224248401,15.461585998535156,0.18646135697114247,0.004562135340435683,0.21230345964431763
3.1959999999998696,0.06774161578548597,15.532739639282227,0.18648989283902784,0.004937213633301847,0.2123146504163742
3.1979999999998694,0.06774306004108614,15.486835479736328,0.1865188559347083,0.005310196751218135,0.21232444047927856
3.199999999999869,0.06774459046056891,15.529787063598633,0.18654767474719147,0.005680907488692332,0.21233230829238892
3.201999999999869,0.06774620723913806,15.503478050231934,0.186576726080094,0.0060494001486389145,0.21233852207660675
3.2039999999998687,0.06774790674852264,15.529306411743164,0.18660567082144158,0.006415579791813106,0.21234309673309326
3.2059999999998685,0.06774968824377452,15.515024185180664,0.18663472017123378,0.0067794809290395285,0.21234573423862457
3.2079999999998683,0.06775154865261701,15.531003952026367,0.18666367107522358,0.007141049606157379,0.21234677731990814
3.209999999999868,0.06775348665025686,15.524126052856445,0.18669263993335738,0.00750030458121398,0.21234604716300964
3.211999999999868,0.06775543639737634,15.534355163574219,0.18672150357854078,0.007857212502046693,0.21139900386333466
3.2139999999998676,0.06775748352817376,15.572900772094727,0.1868010192188081,0.008211780914089686,0.2089548110961914
3.2159999999998674,0.0677596242700858,15.573432922363281,0.1868808052073231,0.00854861618194756,0.20669439435005188
3.217999999999867,0.06776185516237632,15.569869995117188,0.1869608625202997,0.008889149055999301,0.20444586873054504
3.219999999999867,0.06776417241216637,15.570108413696289,0.18704114242272274,0.009232297709585563,0.20221886038780212
3.2219999999998667,0.06776657246723668,15.568100929260254,0.1871216337809231,0.009577215000392872,0.20000648498535156
3.2239999999998665,0.06776905163148965,15.56829833984375,0.1872022974077392,0.009923215584035755,0.19781415164470673
3.2259999999998663,0.0677716064035487,15.567317962646484,0.18728311659271363,0.010269749719797987,0.19563956558704376
3.227999999999866,0.06777423324585574,15.567647933959961,0.18736405889183894,0.010616361361964052,0.19348524510860443
3.229999999999866,0.06777599542013897,15.567218780517578,0.18744510537912112,0.010962675235889171,0.19135090708732605
3.2319999999998656,0.0677777454045432,13.520187377929688,0.18747952759942627,0.011308372690271812,0.19211533665657043
3.2339999999998654,0.06777960942159407,11.15845775604248,0.1875226571493503,0.011588882667975758,0.1889514923095703
3.235999999999865,0.06778148040336986,15.327632904052734,0.18756013568003155,0.011869915139560667,0.18755117058753967
3.237999999999865,0.06778343746014012,15.401390075683594,0.18760344003937668,0.012154982971367299,0.18492251634597778
3.2399999999998648,0.06778541226271348,15.611878395080566,0.18764345757126066,0.012439497321460682,0.18323476612567902
3.2419999999998645,0.06778745274814775,15.995920181274414,0.18768735707753426,0.0127260373271041,0.18093697726726532
3.2439999999998643,0.0677895166589668,15.665178298950195,0.18772946320646772,0.013011416167812335,0.17911338806152344
3.245999999999864,0.06779163150824963,15.658638000488281,0.1877740794210635,0.01329740538726299,0.1759885549545288
3.247999999999864,0.06779377152117096,15.687261581420898,0.1878178283137522,0.013581902267267656,0.17516109347343445
3.2499999999998637,0.06779595198967403,15.569099426269531,0.18786319272822688,0.013866012180123755,0.1723572164773941
3.2519999999998634,0.06779815689963639,15.675262451171875,0.1879081944303435,0.014148407597138297,0.1710846871137619
3.2539999999998632,0.06780039443633612,15.580303192138672,0.18795426083092315,0.014429738902298782,0.16884642839431763
3.255999999999863,0.0678026543936056,15.655029296875,0.18800022830122032,0.014709169768446936,0.16717518866062164
3.257999999999863,0.06780494084155379,15.595977783203125,0.18804691282619884,0.014987069569662276,0.16531793773174286
3.2599999999998626,0.06780724705119133,15.64356803894043,0.187477872333627,0.015262909307776695,0.16358961164951324
3.2619999999998623,0.06780957472661743,15.609549522399902,0.18613920298703235,0.015536889102196846,0.1618528664112091
3.263999999999862,0.06781191923763054,15.637290000915527,0.18480306504689092,0.01580867099341987,0.16015547513961792
3.265999999999862,0.06781428094363823,15.617193222045898,0.18347308743980095,0.01607835548718783,0.15848223865032196
3.2679999999998617,0.06781665649530688,15.633338928222656,0.18214815319055622,0.016345723182917684,0.15683168172836304
3.2699999999998615,0.06781904550207749,15.621929168701172,0.1808293627809865,0.016610817393450238,0.15520742535591125
3.2719999999998612,0.06782144540811322,15.631490707397461,0.17951713487059384,0.016873492497271367,0.15360331535339355
3.273999999999861,0.06782385541767275,15.625316619873047,0.17821159389638136,0.017133759966325456,0.15202370285987854
3.275999999999861,0.06782627347645424,15.631070137023926,0.17691366257750696,0.01739152041403909,0.1504642367362976
3.2779999999998606,0.06782869858206352,15.627798080444336,0.1756231804143738,0.017646768352203846,0.14892776310443878
3.2799999999998604,0.06783112900561122,15.631233215332031,0.17434113723182126,0.01789943370085087,0.14741283655166626
3.28199999999986,0.06783356365119847,15.629730224609375,0.17306736772486397,0.01814950257927221,0.14592158794403076
3.28399999999986,0.06783600100813904,15.632024765014648,0.17180276885532172,0.01839692378482919,0.14445377886295319
3.2859999999998597,0.06784014388147926,15.631494522094727,0.1705472634076389,0.018641679863577915,0.14301182329654694
3.2879999999998595,0.06784423971762228,-9.862499237060547,0.1690894576636761,0.018883732028807113,0.1422453373670578
3.2899999999998593,0.0678482515260475,14.048067092895508,0.1679222732984019,0.019169172337612457,0.14060048758983612
3.291999999999859,0.06785231576139227,11.786529541015625,0.166589941993291,0.01943119938684583,0.1393994837999344
3.293999999999859,0.0678563177019776,15.424882888793945,0.16540864091806062,0.019688896475741218,0.1378568857908249
3.2959999999998586,0.06786034326864712,15.644861221313477,0.16414886403825005,0.019948870905132112,0.13671283423900604
3.2979999999998584,0.06786431996671764,15.605428695678711,0.16297600946790047,0.020205344655538342,0.1352834552526474
3.299999999999858,0.06786830125986627,16.0669002532959,0.1617739786708771,0.020462424973383738,0.13419893383979797
3.301999999999858,0.06787224326578618,15.651505470275879,0.1606233536156752,0.020716474920846124,0.13057802617549896
3.3039999999998577,0.06787575701952205,15.596841812133789,0.15947084399869005,0.020969917838586385,0.13188104331493378
3.3059999999998575,0.06787914815958024,12.250970840454102,0.15849096552069694,0.02122053580416019,0.13011792302131653
3.3079999999998573,0.06788231401856698,-5.5660529136657715,0.15738754734494081,0.02141685945177876,0.12991085648536682
3.309999999999857,0.06788542417191963,14.378650665283203,0.15640821552362283,0.02160754328764858,0.12835724651813507
3.311999999999857,0.06788861259557276,12.097869873046875,0.1553916328914083,0.02183540480534096,0.1282065510749817
3.3139999999998566,0.06789176247470532,15.51318359375,0.1544177576231227,0.022059243118692458,0.12687738239765167
3.3159999999998564,0.0678949570657348,15.588155746459961,0.1534493440029664,0.022285136818833366,0.12671306729316711
3.317999999999856,0.06789812248369471,15.633298873901367,0.15249716974746114,0.02250746935183507,0.12350351363420486
3.319999999999856,0.06790130932162143,16.070453643798828,0.1515544849176245,0.022730130784003922,0.1254281848669052
3.3219999999998557,0.06790378415415987,15.671786308288574,0.1506268877334989,0.02294954457828984,0.120595283806324
3.3239999999998555,0.06790628124933167,16.092870712280273,0.14970449002643785,0.023168076546282498,0.12456686794757843
3.327999999999855,0.06791074545359721,15.6400728225708,0.1479588449019991,0.023563729768687973,0.12375892698764801
3.329999999999855,0.0679130129147921,15.71270751953125,0.1471326767379463,0.02378132324618432,0.12029902637004852
3.3319999999998546,0.06791530916894709,15.60165786743164,0.14629768011619232,0.023997567285234334,0.12318342179059982
3.3339999999998544,0.06791779749170403,15.697854995727539,0.1454897785117472,0.02421102594661414,0.12146017700433731
3.335999999999854,0.06792045223806376,7.952739715576172,0.14454993190431423,0.02442249993949935,0.1251532882452011
3.337999999999854,0.06792438086616888,15.061168670654297,0.14387161767945048,0.02464656372951044,0.12329253554344177
3.3399999999998538,0.06792827206532065,15.389814376831055,0.1431110257002517,0.024872733729157194,0.12178688496351242
3.3419999999998535,0.06793222400294686,15.495380401611328,0.1421963436672504,0.025130897744787165,0.1230405792593956
3.345999999999853,0.06793953295934153,16.00562286376953,0.14061468815349848,0.025631347301361938,0.12290959060192108
3.3499999999998527,0.06794633828538707,15.635335922241211,0.1391585335873622,0.026172383820724177,0.12295892834663391
3.353999999999852,0.06795267398770237,15.571615219116211,0.1378274027026698,0.026755511094680558,0.123124860227108
3.355999999999852,0.06795596348500833,15.672271728515625,0.13721675972149067,0.027070909604795308,0.12169855087995529
3.3579999999998518,0.06795933013625877,15.577174186706543,0.13658051706484317,0.027383225128815084,0.12328027188777924
3.3599999999998515,0.0679627461265234,15.649163246154785,0.13598929811003344,0.027691685810853444,0.12267843633890152
3.3619999999998513,0.06796621622755664,15.587713241577148,0.13539268168039773,0.027996686371012467,0.12336057424545288
3.363999999999851,0.06796972173783941,15.635391235351562,0.13482849846495432,0.028298126827789823,0.1228879913687706
3.365999999999851,0.06797325281750845,15.600318908691406,0.13426904131325687,0.02859605140234521,0.12314365059137344
3.3679999999998507,0.06797675828119397,15.626996994018555,0.13373498457587985,0.028890401182539372,0.12283863127231598
3.3699999999998504,0.0679802327749048,15.606727600097656,0.13321148789925508,0.029181310719139895,0.12286871671676636
3.3719999999998502,0.06798366762688982,15.622001647949219,0.13271008741088344,0.029468502299840528,0.12269377708435059
3.37399999999985,0.06798706078440837,15.610280990600586,0.13222253992254887,0.029751907860485212,0.1226404532790184
3.37599999999985,0.06799040783849838,15.61920166015625,0.13175512643481896,0.030031494352096327,0.12250635027885437
3.3779999999998496,0.06799370703128545,15.612686157226562,0.1313034510657275,0.030307290905123525,0.12241792678833008
3.3799999999998493,0.06799695535174495,15.618003845214844,0.13087098381286785,0.030579188031430518,0.12229409068822861
3.381999999999849,0.06800015142473274,15.614574432373047,0.13045533185869973,0.03084719464852801,0.12218791246414185
3.383999999999849,0.06800329323702928,15.617870330810547,0.13005841378559807,0.03111123955511692,0.1220645159482956
3.3859999999998487,0.06800637980159685,15.616308212280273,0.12967892377873244,0.03137132107937923,0.12194832414388657
3.3879999999998485,0.06800940983057044,15.618541717529297,0.12931792182683577,0.03162739137555326,0.12182251363992691
3.3899999999998482,0.06801238269186172,15.618038177490234,0.12897469092769598,0.03187944352691183,0.12169937044382095
3.391999999999848,0.06801529763271974,15.619763374328613,0.12864981471120826,0.032127444122247065,0.12157140672206879
3.393999999999848,0.06801815432786779,15.619987487792969,0.1283428951013602,0.03237138394116736,0.12144457548856735
3.3959999999998476,0.06802095242360144,15.621503829956055,0.12805425128564732,0.03261123866849558,0.12131515890359879
3.3979999999998474,0.06802369185047007,15.62211799621582,0.12778365878585987,0.0328469983814862,0.12118647992610931
3.399999999999847,0.0680263725543257,15.62348461151123,0.12753129073073538,0.033078644660706064,0.12105663120746613
3.401999999999847,0.0680289946735444,15.624320983886719,0.12729701871655497,0.03330616774132639,0.12092779576778412
3.4039999999998467,0.06803155837937042,15.625574111938477,0.12708093668791562,0.03352955317756792,0.12079868465662003
3.4059999999998465,0.06803452214461375,15.626513481140137,0.12688297156674141,0.033748791816790503,0.12067089974880219
3.409999999999846,0.0680386934748952,14.944913864135742,0.12654500129595952,0.03421515397327481,0.12061130255460739
3.4139999999998456,0.06804126595290569,15.23878002166748,0.12633586882193176,0.03481106226716477,0.12006860226392746
3.4259999999998443,0.06804553420672052,15.568204879760742,0.12705318829749482,0.037098892752189506,0.12004046142101288
3.427999999999844,0.0680463001305578,15.671445846557617,0.12734966249619714,0.03757459804496013,0.12005908042192459
3.429999999999844,0.06804725928782232,15.580175399780273,0.12763442835685496,0.03804674130806025,0.12031342834234238
3.4319999999998436,0.06804838508993206,15.654163360595703,0.12793652204035888,0.03851407250100838,0.12035661190748215
3.4339999999998434,0.06804967126991293,15.594228744506836,0.12823514785034332,0.038976943903840204,0.12053130567073822
3.435999999999843,0.06805109705650755,15.643423080444336,0.12854717750547212,0.03943457230529471,0.12058033049106598
3.437999999999843,0.06805265403845463,15.609628677368164,0.12886088321723782,0.03988710608138097,0.12070260941982269
3.4399999999998427,0.06805432363506315,15.636648178100586,0.12918631907133687,0.04033404829542545,0.12074939161539078
3.4419999999998425,0.06805613248556187,15.617204666137695,0.12951685626379644,0.04077544482947331,0.12083637714385986
3.445999999999842,0.06805932566372332,13.204524993896484,0.13017121952029703,0.04165812226927573,0.12025606632232666
3.453999999999841,0.06806417526514418,15.914863586425781,0.13202703841215277,0.043677361791514366,0.12010051310062408
3.4579999999998408,0.06806630122097398,15.650006294250488,0.13321425542287293,0.044853000920149474,0.12040918320417404
3.4599999999998405,0.06806763117072447,15.744089126586914,0.13385576218673534,0.045478837459454864,0.12043583393096924
3.4619999999998403,0.06806912964522398,15.640568733215332,0.13447216150930844,0.04609870655179988,0.12079275399446487
3.46399999999984,0.06807076321871693,15.721458435058594,0.13511521283781824,0.04671124986923401,0.12088830769062042
3.46599999999984,0.06807253089890002,15.643667221069336,0.1357463472525558,0.047316801132923955,0.12117674946784973
3.4679999999998397,0.06807440835045712,15.698471069335938,0.13639751690681895,0.04791459233164308,0.12131540477275848
3.4699999999998394,0.0680763890449539,15.653580665588379,0.13704540111732744,0.04850475122776444,0.12156841158866882
3.471999999999839,0.06807845627107158,15.683822631835938,0.13770973777483725,0.049086810368905075,0.12173768132925034
3.473999999999839,0.06808060238004454,15.657279968261719,0.138376550349668,0.0496608666060627,0.12197727710008621
3.4759999999998388,0.06808281412970348,15.673322677612305,0.13905816407051513,0.05022658646733768,0.12217371165752411
3.4779999999998386,0.06808508377064514,15.657257080078125,0.13974619721653023,0.05078401427010422,0.12241631746292114
3.4799999999998383,0.06808740058036158,15.665545463562012,0.14044840479269646,0.0513329489523306,0.12264066934585571
3.481999999999838,0.0680897572386813,15.655620574951172,0.14115980505515918,0.051873410776058664,0.1228988990187645
3.483999999999838,0.06809214493581696,15.659934043884277,0.14188532041894633,0.05240528038913398,0.12315485626459122
3.4859999999998377,0.06809378009745658,15.653712272644043,0.1426220302890093,0.052928568361690194,0.12343934923410416
3.4879999999998375,0.06809551388422219,14.221948623657227,0.14360732811864388,0.05344320602014228,0.12233532220125198
3.4899999999998372,0.06809737767880399,11.464004516601562,0.14423428020259854,0.05396796912471083,0.12401352822780609
3.491999999999837,0.06810140640604233,15.49431324005127,0.14516353636775786,0.054478620190180536,0.12354310601949692
3.493999999999837,0.06810539553303825,15.547636032104492,0.14594615642599934,0.054982766454756644,0.1244262084364891
3.4959999999998366,0.06810931112522244,15.63620662689209,0.14678991846672385,0.055518908271919215,0.1248769462108612
3.4979999999998364,0.06811316483712646,15.520463943481445,0.1476017899059375,0.056045177467944206,0.12562760710716248
3.499999999999836,0.06811693632150699,15.615392684936523,0.14845127742461686,0.05656068535851822,0.1261451095342636
3.501999999999836,0.06812063145743492,15.530473709106445,0.149288015316984,0.05706644702771571,0.12683527171611786
3.5039999999998357,0.06812423816876718,15.594804763793945,0.15014934569534108,0.057562029194106905,0.127407044172287
3.5059999999998355,0.06812775951628974,15.545827865600586,0.15100851782458455,0.05804807699038009,0.12808409333229065
3.5079999999998353,0.06813118853159357,15.586311340332031,0.15188516870935262,0.05852440098243017,0.12870919704437256
3.509999999999835,0.06813452701822748,15.559642791748047,0.152765384970663,0.058991420717502074,0.12940475344657898
3.511999999999835,0.06813777120997891,15.582239151000977,0.15365921743661745,0.05944907290161092,0.13008786737918854
3.5139999999998346,0.06814092244850427,15.56782341003418,0.15455959722806648,0.05989763664695972,0.13082410395145416
3.5159999999998344,0.06814517403316314,15.580974578857422,0.15547147471138228,0.06033711023376866,0.13157086074352264
3.517999999999834,0.06814922119840201,15.583931922912598,0.15639505175205284,0.060767683293456214,0.13235251605510712
3.519999999999834,0.06815307238973933,15.531787872314453,0.15731161042166206,0.06119146739598335,0.1332237422466278
3.5219999999998337,0.06815672574271657,15.580442428588867,0.15823475613192486,0.06160513154513478,0.1335601955652237
3.5239999999998335,0.06816018889596495,15.551103591918945,0.15915750310325363,0.062009154162100344,0.1342424750328064
3.5259999999998333,0.06816346381151711,15.578224182128906,0.1600876162270026,0.06240352368815958,0.13486620783805847
3.527999999999833,0.06816655779777482,15.562549591064453,0.16102723681528067,0.06278860962104167,0.13568425178527832
3.529999999999833,0.06816947499292156,15.578498840332031,0.1619806708349157,0.06316449088726604,0.13653302192687988
3.5319999999998326,0.06817222251198604,15.569939613342285,0.16294623029616848,0.06353145146115118,0.1374875158071518
3.5339999999998324,0.0681748056534189,15.58030891418457,0.1639267839222313,0.06388959977111393,0.1384914368391037
3.535999999999832,0.06817723133401128,15.576652526855469,0.1649210337425298,0.06423915192519178,0.13956649601459503
3.537999999999832,0.06817950538402583,15.583759307861328,0.16593100021018886,0.06458021582835573,0.14069199562072754
3.5399999999998317,0.06818163447035046,15.582925796508789,0.16695571191496097,0.06491295375077846,0.1418737769126892
3.5419999999998315,0.06818362456741522,15.588167190551758,0.16799651657323222,0.06523745987851957,0.14310289919376373
3.5439999999998313,0.06818548203638887,15.588732719421387,0.1690526747158697,0.06555385406634491,0.14438092708587646
3.545999999999831,0.06818721276018314,15.592682838439941,0.170122267329712,0.06586221246996878,0.14570395648479462
3.547999999999831,0.06818882275101536,15.593536376953125,0.1712023816009448,0.06616262189560146,0.1470712274312973
3.5499999999998306,0.06819031766159185,15.596454620361328,0.17229334280228567,0.06645514060894801,0.1484806388616562
3.5519999999998304,0.06819170312891783,15.59822940826416,0.17339470154306366,0.06673983003004988,0.14993076026439667
3.55399999999983,0.0681929844991198,15.60136604309082,0.17450648584155265,0.06701673269205422,0.15142051875591278
3.55599999999983,0.06819416702366367,15.60361099243164,0.17562831185203953,0.06728589085278613,0.1529475599527359
3.5579999999998297,0.06819525570574672,15.606542587280273,0.17676168233415301,0.06754733418514851,0.15450967848300934
3.5599999999998295,0.06819625541384947,15.609001159667969,0.17790622034681342,0.0678010907949128,0.15610475838184357
3.5619999999998293,0.06819717079737701,15.61178970336914,0.1790575612837485,0.06804718041678831,0.15772977471351624
3.563999999999829,0.06819742785851049,15.61422061920166,0.18021536258737253,0.06828562099866994,0.15938155353069305
3.565999999999829,0.06819770088991146,11.898853302001953,0.1813370522522203,0.06851642499719636,0.16177302598953247
3.5679999999998286,0.06819792719158702,15.539989471435547,0.18254295089194672,0.06871040957102487,0.16348344087600708
3.5699999999998284,0.06819815676733264,15.300056457519531,0.18371009587957993,0.06889789469797931,0.1651819944381714
3.571999999999828,0.06819835140464614,15.593069076538086,0.18491600454584634,0.06907550495790754,0.16692528128623962
3.573999999999828,0.06819854129499174,15.973676681518555,0.18611287821549066,0.06924588812771054,0.16865427792072296
3.5759999999998278,0.06819859693051308,15.648752212524414,0.18732475112059366,0.06940689975197177,0.17028701305389404
3.5779999999998275,0.06819858524170967,14.417389869689941,0.1884678913295939,0.069560231397993,0.17205752432346344
3.5799999999998273,0.06819858828987657,11.44787311553955,0.18966184635597005,0.06967623726408556,0.17371229827404022
3.581999999999827,0.06819845044823289,15.522785186767578,0.1908075668855025,0.06978120965787532,0.17533409595489502
3.583999999999827,0.06819828966100681,15.537458419799805,0.19192463980166263,0.06987980957694742,0.1769106388092041
3.5859999999998267,0.06819815507899589,15.330960273742676,0.19313822248597867,0.06994619054581024,0.17853263020515442
3.5879999999998264,0.06819786141921215,15.622901916503906,0.19428265043399362,0.07000375449790272,0.18008524179458618
3.589999999999826,0.0681975580750144,15.628013610839844,0.19551724841760315,0.07005527650706996,0.1817147433757782
3.591999999999826,0.06819718881155752,15.81671142578125,0.19680512876329298,0.07009322558697836,0.18337798118591309
3.593999999999826,0.0681967869684141,15.335357666015625,0.1980314304107768,0.07012125950535236,0.1849759966135025
3.5959999999998256,0.06819641782702311,14.230788230895996,0.1993522104064816,0.07015110281895671,0.18667161464691162
3.5979999999998253,0.06819602969549544,15.59212875366211,0.20062178790397045,0.07017032016228554,0.18839001655578613
3.599999999999825,0.06819566393291669,15.662189483642578,0.20111940234415837,0.07018276314660953,0.19021223485469818
3.601999999999825,0.06819528836036383,15.63943099975586,0.20115456355817185,0.07018507607296517,0.19216196238994598
3.6039999999998247,0.06819515745686587,15.748309135437012,0.2011925274984071,0.07017977331936517,0.19426700472831726
3.6059999999998245,0.0681950342408851,15.623893737792969,0.20121083444951976,0.07016475167672222,0.19517703354358673
3.6079999999998242,0.06819490276429144,15.683091163635254,0.20122740835390196,0.07010501699948349,0.19625838100910187
3.609999999999824,0.06819477492478582,15.59227466583252,0.20124421097780287,0.07003798032786868,0.19709765911102295
3.611999999999824,0.06819464119197738,15.684310913085938,0.2012595791216399,0.06996260749741871,0.19836246967315674
3.6139999999998236,0.06819450845234619,15.609260559082031,0.20127463239735666,0.06987965802396523,0.1993812620639801
3.6159999999998234,0.06819437095181326,15.673906326293945,0.2012883768198102,0.06978854362398641,0.20067225396633148
3.617999999999823,0.06819423260188742,15.626054763793945,0.20130144433601532,0.06968972927736564,0.2018056958913803
3.619999999999823,0.06819408986198552,15.668396949768066,0.20131323507843712,0.06958289290364579,0.20310285687446594
3.6219999999998227,0.06819394487486877,15.640849113464355,0.2013240996384511,0.06946833005070335,0.20432625710964203
3.6239999999998225,0.06819379539077493,15.664710998535156,0.20133367116695167,0.0693458778896066,0.20561298727989197
3.6259999999998223,0.06819345129273525,15.648799896240234,0.20134213882703145,0.0692157354333289,0.20689897239208221
3.627999999999822,0.06819314086190939,11.878677368164062,0.20127727341082507,0.0690778354569151,0.20806893706321716
3.629999999999822,0.06819279384342543,15.597389221191406,0.20120621352686152,0.06891246766470614,0.2098250687122345
3.6319999999998216,0.06819246596279213,15.436809539794922,0.2011375237786171,0.06874114983057304,0.21108345687389374
3.6339999999998214,0.06819211299847097,15.68730354309082,0.2010645922458894,0.06855982791062178,0.2126750946044922
3.635999999999821,0.06819176892391902,16.083280563354492,0.2009927797597592,0.06837181535019297,0.2126578837633133
3.637999999999821,0.06819140708832427,15.725472450256348,0.20091799137932415,0.06817462634595899,0.21265175938606262
3.6399999999998207,0.06819104735126527,15.664608001708984,0.20084342252482212,0.06797035733746852,0.21264106035232544
3.6419999999998205,0.06819067371750061,15.737895011901855,0.20076667178822927,0.0677575778412432,0.21263782680034637
3.6439999999998203,0.0681902976249402,15.645868301391602,0.20068960731741164,0.06753755659359943,0.21263249218463898
3.64599999999982,0.06818990933790128,15.726228713989258,0.20061082826007953,0.06730950861682057,0.21263185143470764
3.64799999999982,0.06818951529526548,15.651424407958984,0.20053142638050608,0.06707421466374652,0.21263115108013153
3.6499999999998196,0.06818910942866867,15.70754623413086,0.20045058411491556,0.06683126417827735,0.212633416056633
3.6519999999998194,0.06818869520156846,15.661884307861328,0.2003689390375315,0.06658115428207045,0.2126360535621643
3.653999999999819,0.06818826868507413,15.696283340454102,0.20028601356835052,0.06632369123139628,0.2126411348581314
3.655999999999819,0.0681878315633223,15.669355392456055,0.20020217959745307,0.06605920705794119,0.21264691650867462
3.6579999999998187,0.0681873811466076,15.688199996948242,0.2001171577444154,0.06578763320683585,0.21265435218811035
3.6599999999998185,0.06818691804646615,15.67178726196289,0.2000311645599976,0.0655092053572338,0.2126626819372177
3.6619999999998183,0.0681864402818097,15.682174682617188,0.19994403629943813,0.06522392689411055,0.2126721739768982
3.663999999999818,0.06818594780887767,15.672162055969238,0.19985589880961435,0.06493197698582412,0.21267381310462952
3.665999999999818,0.06818543904229608,15.677720069885254,0.19976665594537235,0.06463340002500312,0.2126402109861374
3.6679999999998176,0.06818491352912893,15.67169189453125,0.19967638074296873,0.06432834175473308,0.21260681748390198
3.6699999999998174,0.06818436989489425,15.674564361572266,0.19958501673942086,0.0640168696205045,0.21257351338863373
3.671999999999817,0.0681838074223396,15.670852661132812,0.19949260639906968,0.06369910931552733,0.21254059672355652
3.673999999999817,0.06818322483839466,15.672256469726562,0.19939911673696253,0.063375140928849,0.21250773966312408
3.6759999999998167,0.06818262124645326,15.669906616210938,0.19930457271286872,0.06304507785668681,0.2124750018119812
3.6779999999998165,0.06818269227647994,15.670503616333008,0.19920895542821432,0.06270900680877962,0.21244238317012787
3.6799999999998163,0.06818275157273912,15.92735481262207,0.19908159431270617,0.06236703338441648,0.21208730340003967
3.681999999999816,0.06818277057731456,15.691384315490723,0.19895058347389355,0.062010587120169734,0.2120072841644287
3.683999999999816,0.06818276876685345,15.605772018432617,0.19881880508544236,0.06164858344494314,0.21197164058685303
3.6859999999998156,0.0681827291575746,15.698371887207031,0.1986840381522621,0.061280063275777584,0.21190030872821808
3.6879999999998154,0.06818266270500224,15.603313446044922,0.19854797548663866,0.06090622569400122,0.21185508370399475
3.689999999999815,0.06818255911919599,15.685941696166992,0.1984093290945534,0.06052661717054373,0.2117883265018463
3.691999999999815,0.06818242439245403,15.613309860229492,0.19826909974841023,0.0601419929113311,0.21173708140850067
3.6939999999998148,0.06818225209742688,15.67084789276123,0.1981265470069677,0.059752170343377986,0.21167269349098206
3.6959999999998145,0.06818204530744368,15.627971649169922,0.19798226934804442,0.05935764171202002,0.21161732077598572
3.6979999999998143,0.06818179980909612,15.662656784057617,0.19783584815146654,0.05895836576611179,0.21155409514904022
3.699999999999814,0.06818151693418194,15.637721061706543,0.19768764833137265,0.058554676316713405,0.21149605512619019
3.701999999999814,0.06818119372028475,15.657026290893555,0.19753744073331703,0.05814660261153236,0.21143309772014618
3.7039999999998137,0.06818083043777623,15.641895294189453,0.19738545488808107,0.05773438106440409,0.21137328445911407
3.7059999999998134,0.0681804248116792,15.652619361877441,0.1972315733908539,0.057318073394977236,0.2113104909658432
3.7079999999998132,0.06817997644532764,15.643876075744629,0.19707594744811596,0.05689785476051655,0.2112496793270111
3.709999999999813,0.0681794834213123,15.649852752685547,0.1969185256917252,0.056473799483326585,0.21118678152561188
3.711999999999813,0.06817894490603461,15.644981384277344,0.196759414106718,0.05604604324218988,0.21112531423568726
3.7139999999998126,0.06817835914711637,15.648390769958496,0.19659860041450372,0.05561466303665587,0.2110627442598343
3.7159999999998123,0.06817772500963946,15.64564323425293,0.1964361645366598,0.055179768472158414,0.21100099384784698
3.717999999999812,0.06817704079478079,15.647628784179688,0.19627211735581346,0.05474143465536973,0.21093858778476715
3.719999999999812,0.06817630514757225,15.646080017089844,0.19610652378068172,0.054299753573987815,0.21087686717510223
3.7219999999998117,0.06817588784312759,15.647266387939453,0.195939408407598,0.053854796680827884,0.21081480383872986
3.7239999999998115,0.06817544782384041,11.462732315063477,0.1957807045047687,0.05340664382300858,0.21058712899684906
3.7259999999998112,0.0681748981353685,15.48104476928711,0.19561526521819567,0.05296835478817409,0.21043570339679718
3.727999999999811,0.06817430759797961,15.345876693725586,0.1954518494210568,0.05253038773614479,0.21045753359794617
3.729999999999811,0.06817362092341182,15.57379150390625,0.19528362042468422,0.05209019110387977,0.21034003794193268
3.7319999999998106,0.0681728801403416,16.006776809692383,0.19511607277512383,0.0516493799526224,0.21033231914043427
3.7339999999998104,0.06817205140179367,15.626970291137695,0.1949449809035379,0.05120642861342208,0.2102372944355011
3.73599999999981,0.06817115919546836,15.580663681030273,0.19477364324900304,0.05076227774172398,0.21020866930484772
3.73799999999981,0.0681701828133153,15.657968521118164,0.194599589979645,0.05031605630664022,0.21012741327285767
3.7399999999998097,0.06816913616142635,15.563125610351562,0.19442476477454146,0.04986827212053429,0.21008586883544922
3.7419999999998095,0.06816800626925007,15.657641410827637,0.19424774491512198,0.049418444424627214,0.21001295745372772
3.7439999999998093,0.06816680070674352,15.580621719360352,0.19406968445927225,0.04896684397943447,0.20996332168579102
3.745999999999809,0.06816551104710443,15.646851539611816,0.19388977294692533,0.04851320955765616,0.20989520847797394
3.747999999999809,0.06816414105208876,15.600122451782227,0.19370870434185888,0.04805768798795616,0.20984068512916565
3.7499999999998086,0.06816268495220848,15.64299488067627,0.19352602624622384,0.04760014223539176,0.20977526903152466
3.7519999999998084,0.06816114420900178,15.616464614868164,0.19334216459041953,0.04714065606009458,0.20971781015396118
3.753999999999808,0.0681595145978309,15.641050338745117,0.19315687638379525,0.04667916335728786,0.20965369045734406
3.755999999999808,0.06815779618198403,15.626131057739258,0.19297043139972764,0.04621571714778341,0.20959432423114777
3.7579999999998077,0.06815598562733406,15.640612602233887,0.19278270907073936,0.04575029243152537,0.20953060686588287
3.7599999999998075,0.0681540821405128,15.632658958435059,0.19259388813288547,0.04528292836590942,0.2094692438840866
3.7619999999998073,0.06815208289466602,15.641294479370117,0.19240391950502306,0.04481362427344662,0.20940527319908142
3.763999999999807,0.06814998656681763,15.637420654296875,0.19221292875268015,0.044342414037539066,0.20934230089187622
3.765999999999807,0.06814779061450747,15.64293098449707,0.19202090842285058,0.04386931178313172,0.20927773416042328
3.7679999999998066,0.068145493384279,15.641107559204102,0.19182795290139987,0.043394350321648935,0.20921337604522705
3.7699999999998064,0.0681430924899672,15.644709587097168,0.19163407883798478,0.04291755311183503,0.20914776623249054
3.771999999999806,0.06814058607034267,15.644059181213379,0.1914393621881409,0.04243895381173161,0.2090819925069809
3.773999999999806,0.06813855342784016,15.646480560302734,0.19124383339983447,0.04195858201516348,0.20901532471179962
3.7759999999998057,0.06813629370233336,13.007819175720215,0.1910607820427802,0.04147647298599237,0.20861567556858063
3.7779999999998055,0.068134255998732,-3.7482285499572754,0.19088306892269752,0.04103480576085256,0.2087332308292389
3.7799999999998053,0.06813203647640778,14.865406036376953,0.19068981110097194,0.040592105548037716,0.20826227962970734
3.781999999999805,0.06812976059205302,12.531099319458008,0.190499704454699,0.0401704296970424,0.20831593871116638
3.783999999999805,0.0681273269170736,15.58881950378418,0.19030257320381044,0.03974757478174222,0.208100363612175
3.7859999999998046,0.06812336830031444,15.55347728729248,0.1901063138962576,0.039323708082926886,0.20810239017009735
3.7879999999998044,0.0681191475921363,14.00509262084961,0.1898671030889696,0.03889861882432288,0.2073233425617218
3.789999999999804,0.06811484214442451,9.372640609741211,0.18963316821759635,0.03845463308210355,0.2074529528617859
3.791999999999804,0.06811190985359052,15.311309814453125,0.18939148471751205,0.038008964601122006,0.20714984834194183
3.7939999999998038,0.06810893238739507,12.772043228149414,0.18923410388424228,0.037561216184585994,0.2081509828567505
3.7959999999998035,0.06810580060793117,15.63331413269043,0.1890707279102326,0.037111795414064626,0.20810054242610931
3.7979999999998033,0.06810259570644125,15.626472473144531,0.18890921332295124,0.03666113271820291,0.2080518901348114
3.799999999999803,0.06809924866107434,15.689130783081055,0.18874351018397884,0.03620951201932759,0.2080007791519165
3.801999999999803,0.06809580817603669,15.963327407836914,0.18857855578737115,0.0357567016375837,0.20795075595378876
3.8039999999998027,0.0680922321692271,15.733763694763184,0.18841061355794125,0.03530293908301816,0.2078990936279297
3.8059999999998024,0.06808854858430555,15.641946792602539,0.18824264336003937,0.03484806664718158,0.20784804224967957
3.807999999999802,0.06808473156294968,15.738396644592285,0.18807246385703652,0.03439226652781442,0.20779567956924438
3.809999999999802,0.06808079680366434,15.636442184448242,0.18790183434008767,0.033935434053792665,0.20774364471435547
3.8119999999998018,0.06807672809598693,15.722785949707031,0.18772948755897578,0.03347770714416055,0.20769065618515015
3.8139999999998015,0.0680703337868882,15.644485473632812,0.187556475234267,0.03301902277177934,0.20763742923736572
3.8159999999998013,0.06806371332249025,14.873428344726562,0.18733495217602408,0.03255948504036655,0.2075480818748474
3.817999999999801,0.0680570244517006,11.934008598327637,0.18712041035571408,0.03205713529999647,0.20746511220932007
3.819999999999801,0.06805013837262751,15.571481704711914,0.1869022505734561,0.03155338692030031,0.20738011598587036
3.8219999999998007,0.06804315680026671,15.537992477416992,0.18668956871240489,0.03104739130882971,0.20729930698871613
3.8239999999998004,0.06803599716407926,15.653759002685547,0.18647537073124731,0.030539964524376215,0.2072174847126007
3.8259999999998002,0.06802872254982531,16.067720413208008,0.18626507965740613,0.030030625327910156,0.20713838934898376
3.8279999999998,0.06802128236501857,15.696723937988281,0.18605435991717395,0.029519896916137125,0.20705895125865936
3.8299999999998,0.06801371420939209,15.620609283447266,0.18584641999785184,0.029007533272657687,0.20698121190071106
3.8319999999997996,0.06800598728110288,15.713251113891602,0.18563870518658482,0.028493872281986826,0.20690293610095978
3.8339999999997993,0.06799819627384429,15.602649688720703,0.18543307796152575,0.02797880318824334,0.20682568848133087
3.835999999999799,0.06798848928870103,15.703289985656738,0.18522803810065025,0.027462556357909618,0.20674815773963928
3.837999999999799,0.06797896122259135,14.610586166381836,0.1850289691348771,0.0269450975681866,0.20668213069438934
3.8399999999997987,0.06796979276298977,11.267768859863281,0.18483954500953476,0.02637337732729862,0.20662349462509155
3.8419999999997985,0.06796082003509563,15.512611389160156,0.18464785207478024,0.02580220539949431,0.2065630406141281
3.8439999999997982,0.06795215221792393,15.738643646240234,0.18446328358639114,0.025230595427773655,0.2065076231956482
3.845999999999798,0.06794368644511571,15.682482719421387,0.1842782408584444,0.024658968173892147,0.2064513862133026
3.847999999999798,0.06793357299156341,16.09555435180664,0.18409859609422768,0.02408689021379137,0.20639875531196594
3.8499999999997976,0.06792381727391017,15.676156997680664,0.18397513279254085,0.023514502349269214,0.20641301572322845
3.8519999999997974,0.06791442056389195,15.604394912719727,0.18385384850716918,0.02297669801027717,0.20642754435539246
3.853999999999797,0.06790536631592231,15.666070938110352,0.18373402272140876,0.022436716302387673,0.20644162595272064
3.855999999999797,0.06789665128627752,15.626314163208008,0.18361612644902886,0.021894689654668825,0.20645545423030853
3.8579999999997967,0.06788826206328584,15.662759780883789,0.18349972407895004,0.021350758158181205,0.20646843314170837
3.8599999999997965,0.0678801929884061,15.640979766845703,0.18338507775981527,0.020805070502719045,0.20648044347763062
3.8619999999997963,0.06787243266764405,15.663505554199219,0.18327192033332773,0.020257764812149012,0.20649127662181854
3.863999999999796,0.06786497427048248,15.652190208435059,0.18316039336188022,0.019708987221977347,0.20650094747543335
3.865999999999796,0.0678561353023823,15.667009353637695,0.18305032971887586,0.019158867803214918,0.20647816359996796
3.8679999999997956,0.06784770638234114,15.364385604858398,0.18285600975231592,0.01860754203549251,0.20580406486988068
3.8699999999997954,0.06783980229142644,13.677482604980469,0.18266913616151909,0.018008208276845558,0.2057468742132187
3.871999999999795,0.06783230095266508,15.631139755249023,0.18248021147422794,0.017407335468203007,0.205588236451149
3.873999999999795,0.06782526580792961,15.789436340332031,0.18229674121461115,0.016805670007791252,0.20550203323364258
3.8759999999997947,0.06781861782420662,15.676419258117676,0.18211274859379722,0.016202986858609034,0.20535212755203247
3.8779999999997945,0.06781238815705963,15.850602149963379,0.18193284979028085,0.015599875022312037,0.2052449882030487
3.8799999999997943,0.06780652556962379,15.727655410766602,0.1817533706117614,0.01499620252275471,0.20509806275367737
3.881999999999794,0.06780104180414463,15.610488891601562,0.18157702292863087,0.014392423822251952,0.20497500896453857
3.883999999999794,0.06779590210938985,15.730215072631836,0.18140165172491063,0.013788489172393668,0.20482778549194336
3.8859999999997936,0.06779110761545104,15.614768028259277,0.18122882509584587,0.013184731592684058,0.20469342172145844
3.8879999999997934,0.06778663331546587,15.716873168945312,0.18105727575401498,0.012581162372265342,0.20454436540603638
3.889999999999793,0.06778247469102852,15.635530471801758,0.18088790668001042,0.011978035733019015,0.20440159738063812
3.891999999999793,0.06777861260157321,15.704580307006836,0.1807199694908882,0.011375406455110591,0.2042495310306549
3.8939999999997927,0.06777503964973253,15.65953254699707,0.18055398074315987,0.010773484448965538,0.20410065352916718
3.8959999999997925,0.06777174030914636,15.6992769241333,0.18038949547735972,0.010172362269998804,0.2039458006620407
3.8979999999997923,0.06776870581861967,15.67306900024414,0.18022680592191248,0.009572236416418573,0.20379211008548737
3.899999999999792,0.06776592293078186,15.696300506591797,0.18006564457787244,0.008973244014685206,0.2036346197128296
3.901999999999792,0.0677634669970489,15.681075096130371,0.17990617350528376,0.008375602710844055,0.2034776359796524
3.9039999999997916,0.06776113368713317,15.720746994018555,0.1798143086551907,0.0077795191568641444,0.20371045172214508
3.9059999999997914,0.06775877596720974,15.93482780456543,0.17972758470546707,0.007194344224796109,0.203637957572937
3.907999999999791,0.06775662874153257,15.944428443908691,0.179594319193648,0.006613604344971695,0.20327013731002808
3.909999999999791,0.06775462437826629,15.74431037902832,0.17945988409628,0.0059918182109132126,0.20313824713230133
3.9119999999997908,0.06775280298788905,16.19586181640625,0.17933017631983872,0.005373016994546517,0.20300507545471191
3.9139999999997905,0.06775113156617033,15.76984977722168,0.17920077712115068,0.00475668863592937,0.20287425816059113
3.9159999999997903,0.06774960558054459,15.705631256103516,0.17907527831340203,0.004145146284416673,0.2027449607849121
3.91799999999979,0.06774784202838424,15.753767013549805,0.1789674397717052,0.003539259935068923,0.20255295932292938
3.91999999999979,0.06774629717998533,16.22458267211914,0.17888867921456864,0.002959188204269076,0.20225606858730316
3.9219999999997897,0.06774492576313558,15.811080932617188,0.17881115667440994,0.002439177977299996,0.20220151543617249
3.9239999999997894,0.06774373691700909,15.755538940429688,0.17873897197489297,0.0020081950558652087,0.20217835903167725
3.925999999999789,0.06774269609280419,15.809453964233398,0.17866985857847012,0.0017239126986617803,0.20215819776058197
3.927999999999789,0.06774180109259545,15.670181274414062,0.1786059416417578,0.0016613619175635823,0.2021571397781372
3.9299999999997888,0.067741037590307,15.781315803527832,0.17854463146043603,0.0018375317643245393,0.20213395357131958
3.9319999999997886,0.06774041690254354,15.674238204956055,0.1784857335220968,0.002194443370456627,0.20208899676799774
3.9339999999997883,0.06774014479772178,15.751384735107422,0.1784273853401544,0.0026546774404220836,0.2020176500082016
3.935999999999788,0.06774003228580916,14.070215225219727,0.17836119280836848,0.003169210313687156,0.20207899808883667
3.937999999999788,0.06774003853726206,15.756213188171387,0.17828923974166816,0.003681573426430692,0.20197133719921112
3.9399999999997877,0.06774020448875101,16.045137405395508,0.1782193604500782,0.0042078138520788766,0.20186872780323029
3.9419999999997875,0.06774050739960957,15.79973030090332,0.17814610206082648,0.004737067089464673,0.20176394283771515
3.9439999999997872,0.06774097000998891,15.98483657836914,0.1780743746165383,0.005269443788357834,0.1996505856513977
3.945999999999787,0.06774158018036222,15.823762893676758,0.17800085585362546,0.005800765626121687,0.20094342529773712
3.947999999999787,0.06774234981761357,15.695051193237305,0.1779284938871159,0.006331555698603735,0.19789160788059235
3.9499999999997866,0.06774327229732022,15.806821823120117,0.17785537208130747,0.006860010863880331,0.1968928724527359
3.9519999999997864,0.06774435346215582,15.681204795837402,0.17778324554080727,0.007386511231701083,0.19483840465545654
3.953999999999786,0.06774558937363219,15.777368545532227,0.17771101411960422,0.007910211881154008,0.19305646419525146
3.955999999999786,0.06774698242582294,15.689780235290527,0.1776397273800105,0.00843135089770499,0.1911906599998474
3.9579999999997857,0.067748529883216,15.751338958740234,0.17756875810509243,0.008949505528670139,0.18950115144252777
3.9599999999997855,0.06775023213155787,15.702230453491211,0.1774987371863374,0.009464816190371365,0.1878250241279602
3.9619999999997852,0.06775208688102126,15.736994743347168,0.17742931007938761,0.009977059142001319,0.18627886474132538
3.963999999999785,0.06775409330859072,15.706180572509766,0.1773608581086904,0.01048631274236643,0.1847936511039734
3.965999999999785,0.06775721452276469,15.725447654724121,0.17729318292963508,0.010992451240720123,0.18341529369354248
3.9679999999997846,0.0677605861875362,15.68988037109375,0.17716283187204296,0.011495514314925522,0.18215854465961456
3.9699999999997844,0.06776420188060318,15.647003173828125,0.17703603482203262,0.01206668897494263,0.1809820532798767
3.971999999999784,0.06776805414752787,15.686853408813477,0.17691223157991598,0.0126354763764791,0.1799030900001526
3.973999999999784,0.06777213649065933,15.662343978881836,0.17679156351879566,0.013201776422561267,0.1789008229970932
3.9759999999997837,0.0677764421283272,15.685930252075195,0.17667366885177127,0.013765327576662455,0.17796894907951355
3.9779999999997835,0.06778001341287189,15.672510147094727,0.17655859953090203,0.014326049617620478,0.177098348736763
3.9799999999997833,0.0677837248485465,14.554708480834961,0.17646069598432046,0.014883760453779291,0.17625097930431366
3.981999999999783,0.06778757412882944,12.517463684082031,0.17636855213451302,0.015412601120871335,0.17560003697872162
3.983999999999783,0.06779156226089167,15.595231056213379,0.17627141188528944,0.01593508365247861,0.1748604029417038
3.9859999999997826,0.06779568364776736,16.10617446899414,0.1761783263989749,0.016454538580055987,0.1742713302373886
3.9879999999997824,0.06779994037403807,15.782285690307617,0.17608247570683078,0.016968414745730548,0.17363497614860535
3.989999999999782,0.06780323799418866,16.280174255371094,0.17598957430974693,0.017478689625099898,0.17306838929653168
3.991999999999782,0.06780664344647394,14.415306091308594,0.1759268692928897,0.017983914925843832,0.1725465953350067
3.9939999999997817,0.06781014084136801,12.33083724975586,0.17586991137892194,0.018490644136191916,0.1721453070640564
3.9959999999997815,0.06781374637204195,15.553802490234375,0.17580773084201984,0.01898789512473815,0.1717028170824051
3.9979999999997813,0.06781744633101494,16.18864631652832,0.1757496236486608,0.019478844733297525,0.17123983800411224
3.999999999999781,0.0678212526316881,15.817869186401367,0.17568860395580727,0.019961610019192912,0.1708206981420517
4.001999999999781,0.06782515429982751,16.306480407714844,0.17563056751948963,0.02043830716835208,0.17032234370708466
4.003999999999781,0.06782915911430526,15.838905334472656,0.1755711608577697,0.020907882141709654,0.16989105939865112
4.005999999999781,0.06783531255199107,15.801481246948242,0.1755139804130158,0.02137172325790406,0.16938304901123047
4.007999999999781,0.06784158246253766,13.30258560180664,0.17545941656685538,0.02182927760252779,0.16877804696559906
4.00999999999978,0.0678479887460462,15.686361312866211,0.17540191772430852,0.022307202178410583,0.16837197542190552
4.01199999999978,0.06785450310949526,16.057388305664062,0.1753493608694825,0.022782875657645342,0.16791148483753204
4.01399999999978,0.06786113865516982,15.768743515014648,0.17529550131015365,0.02325430161855156,0.16750191152095795
4.01599999999978,0.06786787409624213,16.192344665527344,0.17524526794668077,0.023722881778932947,0.16718429327011108
4.0179999999997795,0.06787471669943354,15.799554824829102,0.17519478079537143,0.02418734372676106,0.16682618856430054
4.019999999999779,0.0678816505597758,15.706727981567383,0.1747481602768708,0.02464852837396953,0.1666395515203476
4.021999999999779,0.06788867883810089,15.79893684387207,0.17378679521952675,0.025105655935604383,0.16637863218784332
4.023999999999779,0.06789578939777596,15.668403625488281,0.17284116146882597,0.02555920110838007,0.1663135290145874
4.025999999999779,0.06790298264225837,15.778228759765625,0.17191600776426422,0.026008685108338033,0.16617681086063385
4.027999999999778,0.0679102490196219,15.683849334716797,0.17100798100142162,0.026454368477128416,0.16622668504714966
4.029999999999778,0.06791708646040802,15.758101463317871,0.1701200130302596,0.026895952174319022,0.16622351109981537
4.031999999999778,0.06792405682583817,14.922109603881836,0.1692620212930563,0.027333572735285524,0.16511590778827667
4.033999999999778,0.06793108315202237,12.785924911499023,0.16840162279898552,0.027758055818467957,0.16616077721118927
4.0359999999997775,0.06793821576023687,15.626382827758789,0.16757772066795545,0.028179087062419415,0.16534778475761414
4.037999999999777,0.06794540101611898,16.09370231628418,0.16675859826294084,0.0285987905425579,0.16634245216846466
4.039999999999777,0.06795267040106272,15.74744701385498,0.16596972440474939,0.029014981812963563,0.16585692763328552
4.041999999999777,0.06795998735801562,16.239492416381836,0.16519062458343584,0.029428911136267742,0.16673146188259125
4.043999999999777,0.0679673697657318,15.779670715332031,0.1644374855953696,0.02983922796966675,0.16622787714004517
4.045999999999776,0.06797479288065067,15.719552993774414,0.16369768987232605,0.030246632455894245,0.16731539368629456
4.047999999999776,0.06798226585395908,15.787267684936523,0.16298107779740875,0.030650309227927934,0.16737885773181915
4.049999999999776,0.06798968091613018,15.653076171875,0.16228002242222705,0.03105061852851797,0.1680455505847931
4.051999999999776,0.0679968928343166,15.769659042358398,0.16160044633076567,0.03144706513144733,0.16826891899108887
4.053999999999776,0.06800389446066475,15.670799255371094,0.16093773114261803,0.03183982105907673,0.16886837780475616
4.055999999999775,0.06801069337926532,15.751703262329102,0.16029541932152497,0.032228577021649545,0.16919025778770447
4.057999999999775,0.06801728849286695,15.697550773620605,0.15967069882391946,0.03261340398825789,0.16973775625228882
4.059999999999775,0.06802368561740499,15.746527671813965,0.1590656643603532,0.03299410217231866,0.17011262476444244
4.061999999999775,0.06802988574358147,15.715232849121094,0.15847858285508487,0.033370689601276364,0.17061743140220642
4.0639999999997745,0.06803770154099051,15.743953704833984,0.1579106660354602,0.033743032173979795,0.16997921466827393
4.065999999999774,0.06804522954347192,15.692544937133789,0.15715715105382602,0.03411112135461208,0.1692015528678894
4.067999999999774,0.06805243383321438,16.063705444335938,0.15638312166701623,0.0344309736701186,0.16847394406795502
4.069999999999774,0.06806005781827361,15.767874717712402,0.1556180024301829,0.03474943280945718,0.16350366175174713
4.071999999999774,0.06806733316514658,15.256244659423828,0.15485529418906593,0.03506711109449154,0.16700617969036102
4.073999999999773,0.06807422137239885,13.567811965942383,0.15413535626895697,0.03537190019467319,0.1663273274898529
4.075999999999773,0.06808077868132255,15.726770401000977,0.1534214337373773,0.03567440104253981,0.16564542055130005
4.077999999999773,0.06808698952821,16.07891845703125,0.15274174584063915,0.0359758450872205,0.1650131642818451
4.079999999999773,0.06809289156893973,15.787887573242188,0.15207367140821232,0.036274668745667274,0.16294828057289124
4.0819999999997725,0.06809848273500625,16.1453857421875,0.15143424946053097,0.03657162757036643,0.16380271315574646
4.083999999999772,0.06810378905574477,15.8219633102417,0.15080992121417552,0.03686566775678091,0.1632307767868042
4.085999999999772,0.06810881559229513,15.72110366821289,0.150210493011978,0.03715721086146145,0.162691131234169
4.087999999999772,0.06811358163349622,15.81662368774414,0.14962817451170923,0.03744556506837202,0.16216878592967987
4.089999999999772,0.06811809549735011,15.687335968017578,0.14906855721807563,0.03773093296572159,0.16167409718036652
4.091999999999771,0.0681223724398879,15.797545433044434,0.14852715887846912,0.03801285423398684,0.16119875013828278
4.093999999999771,0.06812642197825224,15.711111068725586,0.1480071708817765,0.03829140656916432,0.16074858605861664
4.095999999999771,0.06813025680581658,15.786886215209961,0.147506011174395,0.03856627648231944,0.16031864285469055
4.097999999999771,0.06813388657935998,15.740728378295898,0.1470255033734037,0.03883747382494103,0.15991203486919403
4.0999999999997705,0.06813732223518779,15.786288261413574,0.14656415849586654,0.03910477968110604,0.15952616930007935
4.10199999999977,0.06814057305138943,15.761604309082031,0.14612302002739075,0.03936816982412093,0.1591624915599823
4.10399999999977,0.06814364866003517,15.788961410522461,0.14570122857227877,0.03962748760674218,0.15881942212581635
4.10599999999977,0.0681465577308181,15.776552200317383,0.1452993822310603,0.039882694173227304,0.15849809348583221
4.10799999999977,0.06814930885860292,15.793685913085938,0.14491698470005818,0.040133675005713625,0.158197283744812
4.109999999999769,0.06815191002556693,15.788069725036621,0.14455437960043307,0.04038038742768926,0.15791769325733185
4.111999999999769,0.06815436895859049,15.79914665222168,0.1442112803922681,0.040622746301535576,0.15765832364559174
4.113999999999769,0.06815669294916146,15.797005653381348,0.14388788531600696,0.04086071081792742,0.15741999447345734
4.115999999999769,0.0681588889732474,15.804433822631836,0.1435840294242107,0.041094216970720236,0.15720191597938538
4.1179999999997685,0.06816096366452905,15.80434799194336,0.1432998281575245,0.0413232285342516,0.15700435638427734
4.119999999999768,0.06816358821405831,15.809707641601562,0.14303518758314374,0.041547697149619554,0.15682721138000488
4.121999999999768,0.0681660311348631,16.339279174804688,0.1428553127748884,0.041767592213524274,0.15677036345005035
4.123999999999768,0.068168302645469,15.929662704467773,0.1426843561124703,0.0420004362534663,0.1567152589559555
4.125999999999768,0.06817041737520296,15.958127975463867,0.14253357840743938,0.0422289587342965,0.15668408572673798
4.127999999999767,0.06817238363264179,15.939556121826172,0.1423948246376165,0.04245240799774178,0.15666070580482483
4.129999999999767,0.06817421420843367,15.813108444213867,0.1422747861414509,0.042671256830490674,0.15665820240974426
4.131999999999767,0.06817591638849323,15.917314529418945,0.14216883416016576,0.042885063047745774,0.15666693449020386
4.133999999999767,0.06817750106154381,15.809648513793945,0.14208104810939776,0.043094095142986594,0.15669502317905426
4.1359999999997665,0.06817897482929963,15.893173217773438,0.14200876286800104,0.04329809277413535,0.15673679113388062
4.137999999999766,0.06818034688308108,15.828530311584473,0.14195445882418828,0.04349720952700246,0.15679694712162018
4.139999999999766,0.06818162325741058,15.881196975708008,0.1419166269767794,0.043691292814185635,0.1568722277879715
4.141999999999766,0.06818281171565962,15.844600677490234,0.14189678189767346,0.04388043196371446,0.15696583688259125
4.143999999999766,0.06818391776414429,15.875032424926758,0.14189408712564078,0.04406453883923487,0.1570756882429123
4.145999999999765,0.06818450109325291,15.854557037353516,0.1419094719076244,0.04424366717782212,0.1572035253047943
4.147999999999765,0.06818506544403638,15.84750747680664,0.14189699170702405,0.04441776779911542,0.1562206745147705
4.149999999999765,0.06818563176609163,16.285594940185547,0.14191194530244386,0.04452645222595106,0.156472846865654
4.151999999999765,0.06818618287538546,15.924214363098145,0.14193826849711014,0.04462861921086987,0.15637868642807007
4.1539999999997645,0.06818673260595295,16.154747009277344,0.14198940200837593,0.044725335397886236,0.15658403933048248
4.155999999999764,0.06818726989251701,15.94247055053711,0.14205557576816086,0.04481600696263265,0.15662190318107605
4.157999999999764,0.06818780339783324,15.836149215698242,0.1421446435787619,0.04490127519347919,0.15682150423526764
4.159999999999764,0.06818896581137494,15.922933578491211,0.1422508531969041,0.04498085223060418,0.15694843232631683
4.161999999999764,0.06819005924567544,13.895817756652832,0.14239298583470664,0.04505512462308219,0.15646177530288696
4.1639999999997634,0.06819115066281901,11.247858047485352,0.14257559357950444,0.045167014257144325,0.1574055552482605
4.165999999999763,0.06819218707142088,15.384763717651367,0.14275989630388422,0.045273963378395274,0.15726682543754578
4.167999999999763,0.06819321595999006,15.040740966796875,0.14297721345233766,0.04537765122107407,0.1579509675502777
4.169999999999763,0.06819420109435992,15.857333183288574,0.14320262653916363,0.045476601079647676,0.15804360806941986
4.171999999999763,0.06819540095212763,16.27726173400879,0.1434561105831605,0.04557183055366338,0.15859435498714447
4.173999999999762,0.06819653953771974,13.937740325927734,0.1437778887742498,0.04566242707079695,0.15942658483982086
4.175999999999762,0.06819770125612329,11.07056999206543,0.144139100088111,0.045662938106547195,0.16014164686203003
4.177999999999762,0.06819881462820973,15.386150360107422,0.14449999447251557,0.04566261239539193,0.1603514552116394
4.179999999999762,0.0681999385735945,15.000847816467285,0.14489276441917692,0.04566246474697731,0.16094622015953064
4.1819999999997615,0.06820102439509003,15.851062774658203,0.14529174910431397,0.045660872393377946,0.16131924092769623
4.183999999999761,0.06820212930244748,16.28611183166504,0.14571758513871538,0.04565834096516486,0.1618812382221222
4.185999999999761,0.06820275501129512,16.351423263549805,0.14619571832226355,0.04565384899022213,0.16331514716148376
4.187999999999761,0.06820339581473595,15.944751739501953,0.1466213303781459,0.04566768703358634,0.16298866271972656
4.189999999999761,0.06820400168332663,15.903088569641113,0.14705409537105826,0.045662106667750745,0.16325023770332336
4.19199999999976,0.06820461172371084,16.368886947631836,0.14751374821263702,0.045650911168119646,0.16390465199947357
4.19399999999976,0.0682051945198506,15.964454650878906,0.14798520984342342,0.04563373504476991,0.16432160139083862
4.19599999999976,0.06820576982717651,16.001190185546875,0.14848076496871865,0.045611109819401446,0.16495423018932343
4.19799999999976,0.0682063111048268,15.970252990722656,0.14899128393591338,0.045582879359277635,0.1654738336801529
4.1999999999997595,0.06820683220260175,15.84998893737793,0.1495241577237413,0.04554938657309565,0.16611497104167938
4.201999999999759,0.06820732223838981,15.943944931030273,0.15007395923359565,0.04551058873735732,0.1667073369026184
4.203999999999759,0.06820778916352434,15.838663101196289,0.15064513909002603,0.04546671824433539,0.16737371683120728
4.205999999999759,0.06820822650578134,15.91722297668457,0.15123447207926174,0.045417788822248104,0.1680246889591217
4.207999999999759,0.06820863862680446,15.853429794311523,0.15184463738024082,0.04536396682592561,0.16872483491897583
4.209999999999758,0.0682088703704473,15.901800155639648,0.15247371495390327,0.045305292626784864,0.16942691802978516
4.211999999999758,0.06820903857579665,15.118181228637695,0.15312181354429774,0.045241891616606786,0.17042012512683868
4.213999999999758,0.06820921536933054,14.22299861907959,0.15380695871021663,0.04516245917324706,0.171417236328125
4.215999999999758,0.06820934243722503,15.88093376159668,0.154497016097491,0.0450781591547599,0.17201073467731476
4.2179999999997575,0.06820946410035415,16.313278198242188,0.1552181881546162,0.044989751374950315,0.17293678224086761
4.219999999999757,0.0682095443797302,15.95895004272461,0.15594983457785436,0.04489674876740384,0.17340439558029175
4.221999999999757,0.06820960946806766,16.21251678466797,0.15670852071136546,0.04479968465216002,0.17457883059978485
4.223999999999757,0.06820963796734815,15.978074073791504,0.15748133952863044,0.044698247911152615,0.17338384687900543
4.225999999999757,0.06820964451697974,15.881610870361328,0.15827827788501128,0.044592803279121615,0.17631927132606506
4.227999999999756,0.06820961629871314,15.958070755004883,0.15909158728613917,0.044483169367280605,0.17587821185588837
4.229999999999756,0.06820956124244702,15.842358589172363,0.1599272055378199,0.04436959431886275,0.17780248820781708
4.231999999999756,0.06820947145580429,15.931533813476562,0.16078045757537485,0.04425197988562393,0.1771266758441925
4.233999999999756,0.068209350969059,15.852399826049805,0.16165484700602048,0.044130498380483024,0.17744068801403046
4.2359999999997555,0.06820919470543262,15.911136627197266,0.16167091620047933,0.04400510362752515,0.1772509068250656
4.237999999999755,0.06820900442468851,15.865918159484863,0.16153128000767394,0.04387591881787087,0.17708362638950348
4.239999999999755,0.0682087766499758,15.899811744689941,0.1613921399990769,0.04374292995961026,0.17690019309520721
4.241999999999755,0.06820851181498583,15.873414039611816,0.16125375832070926,0.04360622848624253,0.17673030495643616
4.243999999999755,0.06820820734473747,15.892054557800293,0.16111592603872754,0.043465820018809075,0.17655159533023834
4.245999999999754,0.06820786289472955,15.876724243164062,0.1609787941033522,0.04332177546118041,0.17638038098812103
4.247999999999754,0.0682074763927616,15.886898040771484,0.1608422382357102,0.043174112198032286,0.1762046217918396
4.249999999999754,0.06820704703457489,15.877874374389648,0.16070634453102425,0.043022887840453695,0.1760336011648178
4.251999999999754,0.06820657302401303,15.883306503295898,0.16057103829519426,0.042868126696974485,0.17586007714271545
4.2539999999997535,0.06820605328286261,15.877866744995117,0.1604363678708878,0.042709877745180154,0.17568965256214142
4.255999999999753,0.06820548616342113,15.880800247192383,0.1603022876946717,0.04254816927438689,0.17551778256893158
4.257999999999753,0.06820487042270973,15.877275466918945,0.160168824214806,0.042383044631533924,0.1753484457731247
4.259999999999753,0.06820420449078153,15.87867546081543,0.16003594907043467,0.04221453432606328,0.1751784384250641
4.261999999999753,0.06820348702483947,15.87623119354248,0.15990367609821984,0.042042678015814565,0.1750100702047348
4.263999999999752,0.06820271649453977,15.876708984375,0.15977198718420513,0.04186750739856159,0.17484165728092194
4.265999999999752,0.0682018914966632,15.874963760375977,0.15964088898882187,0.041689059705234524,0.17467474937438965
4.267999999999752,0.06820101052085707,15.874927520751953,0.15951036958823236,0.04150736723392038,0.17450813949108124
4.269999999999752,0.0682002862325994,15.873563766479492,0.1593804316490274,0.04132246561550002,0.17434242367744446
4.2719999999997516,0.0681995153733796,16.098228454589844,0.15921462497701763,0.0411343874266193,0.17263275384902954
4.273999999999751,0.06819868471435679,15.979843139648438,0.15904852748122222,0.04101930415373465,0.17235031723976135
4.275999999999751,0.06819780373328065,15.868354797363281,0.15888407454384504,0.040898390889756296,0.1721898466348648
4.277999999999751,0.06819686468772099,15.954889297485352,0.1587195427317266,0.04077151444019768,0.17193932831287384
4.279999999999751,0.0681958725799959,15.844745635986328,0.1585560492172373,0.04063927597966558,0.17176011204719543
4.2819999999997505,0.06819482271552087,15.928184509277344,0.15839272808253765,0.04050166617227501,0.17152881622314453
4.28399999999975,0.0681937175312667,15.85604190826416,0.15823027075503343,0.04035912138735774,0.17133967578411102
4.28599999999975,0.06819255401008802,15.909635543823242,0.15806817065342796,0.04021169666227791,0.17112047970294952
4.28799999999975,0.06819133310979202,15.867822647094727,0.15790683891009494,0.04005971528711749,0.17092649638652802
4.28999999999975,0.06819005272376158,15.898467063903809,0.15774598012365923,0.03990326200420929,0.1707155406475067
4.291999999999749,0.06818871294981811,15.873499870300293,0.1575858396380999,0.039742581466686376,0.17051923274993896
4.293999999999749,0.06818731216550065,15.89022445678711,0.15742624603234734,0.039577768612897746,0.17031387984752655
4.295999999999749,0.06818584996309515,15.875513076782227,0.1572673464499713,0.03940901259265813,0.1701176017522812
4.297999999999749,0.06818432496969987,15.884727478027344,0.15710904214261742,0.03923640811604026,0.16991640627384186
4.2999999999997485,0.06818273647642038,15.876136779785156,0.15695142197900908,0.03906010455466618,0.16972091794013977
4.301999999999748,0.06818108323299399,15.881219863891602,0.15679442971191038,0.03888019129131949,0.16952268779277802
4.303999999999748,0.06817936434855817,15.875923156738281,0.156638119542253,0.03869678876340567,0.1693284511566162
4.305999999999748,0.06817757862875712,15.878568649291992,0.15648245999777263,0.0385099789607075,0.16913312673568726
4.307999999999748,0.06817572507160223,15.875238418579102,0.15632748458650575,0.03831986098409567,0.16894052922725677
4.309999999999747,0.06817380250534195,15.876522064208984,0.15617317621100055,0.038126509022282234,0.1687474250793457
4.311999999999747,0.06817180986014487,15.874332427978516,0.15601955597203815,0.037930006251240406,0.1685565561056137
4.313999999999747,0.0681703808298,15.874845504760742,0.155866615056812,0.037730419497531094,0.16836611926555634
4.315999999999747,0.06816867311182702,-8.695566177368164,0.15573345552395906,0.03752781992979854,0.1688385009765625
4.3179999999997465,0.06816687188028675,13.55505084991455,0.15558317983203646,0.03731747740133829,0.1680172085762024
4.319999999999746,0.06816500716504861,11.987968444824219,0.1554387638747986,0.037089189280250574,0.1681128591299057
4.321999999999746,0.06816305192349989,15.57893180847168,0.155290163827605,0.03685775977388952,0.16768282651901245
4.323999999999746,0.06816102313455143,15.75969123840332,0.15514560781478884,0.03662627531732467,0.1676805019378662
4.325999999999746,0.0681589044898515,15.88742733001709,0.15499864927597592,0.0363920509415539,0.16734366118907928
4.327999999999745,0.0681567050577052,16.353137969970703,0.15485450392035116,0.036157104085981925,0.16727709770202637
4.329999999999745,0.06815441515797309,15.957910537719727,0.1547091243758545,0.035919685209913774,0.16700202226638794
4.331999999999745,0.06815203902751779,16.026123046875,0.1545657047896506,0.03568108435777654,0.16689182817935944
4.333999999999745,0.0681495709640503,15.972169876098633,0.15442181294973895,0.035440201731326594,0.16665774583816528
4.3359999999997445,0.06814701247579527,15.857660293579102,0.15427932939562256,0.03519782847681868,0.1665204018354416
4.337999999999744,0.06814436002613826,15.947900772094727,0.1541368291011741,0.03495329878057391,0.16631151735782623
4.339999999999744,0.06814161372650296,15.845065116882324,0.15399541764810112,0.03470708933682245,0.16615945100784302
4.341999999999744,0.06813794474557434,15.922234535217285,0.15385426070562278,0.03445880008436673,0.16596619784832
4.343999999999744,0.06813417213768726,13.912369728088379,0.15371254266581133,0.034208720570991745,0.16556787490844727
4.345999999999743,0.06813030466073779,12.495100021362305,0.15357515532359056,0.033948305290002555,0.16560803353786469
4.347999999999743,0.06812633500013208,15.681010246276855,0.15343300113128833,0.033683435675540836,0.16517849266529083
4.349999999999743,0.06812226650620133,16.38450813293457,0.15329366189760293,0.0334175251993886,0.1651368886232376
4.351999999999743,0.0681180959053695,15.89565658569336,0.15315134535447383,0.033147971603158105,0.1647930145263672
4.3539999999997425,0.06811382391982969,16.36422348022461,0.15301085725036676,0.03287694075224096,0.16469718515872955
4.355999999999742,0.06810944925359895,15.948237419128418,0.15286858957566404,0.03260283781371868,0.16441239416599274
4.357999999999742,0.0681079171420915,15.937873840332031,0.1527274737604887,0.03232701779605879,0.1642790585756302
4.359999999999742,0.06810569230465131,12.077016830444336,0.1526382172001253,0.0320485471444905,0.16582366824150085
4.361999999999742,0.0681034237438482,12.76392650604248,0.15253288670070667,0.03180479489255012,0.165163055062294
4.363999999999741,0.06810110703544593,15.846614837646484,0.1524235632106895,0.03153557212308187,0.16486452519893646
4.365999999999741,0.06809856152264063,16.378971099853516,0.15231732115966679,0.03127191663777275,0.1648440808057785
4.367999999999741,0.06809593641207523,12.37850570678711,0.15218060600177397,0.03101058584785816,0.16347983479499817
4.369999999999741,0.06809323212995418,15.770170211791992,0.15204082804837296,0.03070805468209292,0.16312089562416077
4.3719999999997405,0.06809043844189669,16.38976287841797,0.15190523927091767,0.030410295997175704,0.16314426064491272
4.37399999999974,0.0680875565083131,15.922038078308105,0.15176795443864988,0.030114099776547668,0.1628625988960266
4.37599999999974,0.06808457790212949,16.368005752563477,0.1516335050416662,0.029820999188662805,0.16281767189502716
4.37799999999974,0.06808150351457692,15.969371795654297,0.1514982188802259,0.029528913495312246,0.16258525848388672
4.37999999999974,0.06807832674430687,15.942316055297852,0.15136480315178408,0.029238746212125306,0.16249345242977142
4.381999999999739,0.06807504806561929,15.97215461730957,0.15123107285497853,0.028949187707051915,0.16229119896888733
4.383999999999739,0.0680716624621314,15.85665512084961,0.15109859679452634,0.02866072382917089,0.16217046976089478
4.385999999999739,0.06806817003585536,15.950414657592773,0.15096608895009817,0.028372538277781946,0.1619856208562851
4.387999999999739,0.06806456705902666,15.861154556274414,0.15083445676597465,0.02808487516515783,0.1618480384349823
4.3899999999997386,0.06806085338039734,15.930551528930664,0.15070294249737953,0.02779721959084059,0.16167287528514862
4.391999999999738,0.06805702626768224,15.878847122192383,0.15057207020945865,0.027509683194891263,0.16152504086494446
4.393999999999738,0.06805308543232208,15.921636581420898,0.15044139313406502,0.027221936912439258,0.16135568916797638
4.395999999999738,0.06804902889193501,15.891006469726562,0.150311213715679,0.026934022497338655,0.1612021028995514
4.397999999999738,0.06804488918063051,15.915613174438477,0.15018126868364748,0.026645727011055914,0.16103608906269073
4.3999999999997375,0.0680435997827784,15.89840316772461,0.1500517328277946,0.026357057687353122,0.1608794629573822
4.401999999999737,0.06804264514361238,1.953176498413086,0.14994187499589484,0.026067875471059168,0.16123971343040466
4.403999999999737,0.06804381257867764,15.070698738098145,0.14983419601174014,0.025822356899226163,0.1611294001340866
4.405999999999737,0.0680447025878585,13.580178260803223,0.1497463763675115,0.025560005728223433,0.16175343096256256
4.407999999999737,0.06804534910644389,15.980178833007812,0.14965633212826993,0.025375387360506752,0.1615472286939621
4.409999999999736,0.06804574192325684,16.383331298828125,0.14956999965187076,0.025192941133751975,0.16154038906097412
4.411999999999736,0.06804590651453034,16.051362991333008,0.1494825174362596,0.025010150080419357,0.16137577593326569
4.413999999999736,0.06804584019603646,16.334957122802734,0.14939753662370228,0.024828640475835738,0.16133233904838562
4.415999999999736,0.06804556220967152,16.073659896850586,0.14931205598293765,0.024646731971751438,0.1611940562725067
4.4179999999997355,0.06804507457097486,15.97787094116211,0.14922821020366353,0.02446541091050751,0.16112641990184784
4.419999999999735,0.06804439246181573,16.050819396972656,0.1491442323601265,0.02428360137555359,0.16100437939167023
4.421999999999735,0.06804352061452765,15.938268661499023,0.14906135134863688,0.024101855961848148,0.16092273592948914
4.423999999999735,0.06804247153429346,16.021400451660156,0.1489785242156634,0.02391948780353176,0.16080966591835022
4.425999999999735,0.06804125140762456,15.944332122802734,0.1488964559995047,0.023736793686975722,0.1607200801372528
4.427999999999734,0.06803987092247674,16.000244140625,0.148814529300749,0.023553331553905932,0.1606121063232422
4.429999999999734,0.06803833693491665,15.956457138061523,0.14873314701502888,0.023369251424421044,0.16051779687404633
4.431999999999734,0.068036658842734,15.988727569580078,0.14865194258676742,0.023184266295809424,0.16041299700737
4.433999999999734,0.06803566042399835,15.963016510009766,0.1485711452940185,0.022998445032569342,0.16031628847122192
4.4359999999997335,0.06803451828005305,15.813669204711914,0.14846072243256397,0.02281160005586741,0.15943078696727753
4.437999999999733,0.06803320890704168,16.480424880981445,0.14835465182006632,0.02255261201037534,0.1594516783952713
4.439999999999733,0.06803175894873437,15.995100021362305,0.14824704858608362,0.022295921929446072,0.15923291444778442
4.441999999999733,0.06803050301186053,16.441680908203125,0.1481424694501821,0.022043802872397367,0.15920120477676392
4.443999999999733,0.06802741091235442,15.96147346496582,0.1480496024900134,0.021793588230643736,0.1593453735113144
4.445999999999732,0.06802387936157853,-8.5113525390625,0.14792252333113678,0.021544429608876488,0.15784206986427307
4.447999999999732,0.06802031127267316,13.252927780151367,0.14777855571124962,0.021249384159083947,0.15697111189365387
4.449999999999732,0.0680166556392496,10.080642700195312,0.14764105695827878,0.020939726687954168,0.1571485996246338
4.451999999999732,0.06801296222746647,15.435178756713867,0.14749900846112188,0.02062897145011434,0.15669314563274384
4.4539999999997315,0.06800920122386629,14.513181686401367,0.1473612090767293,0.02032243708705289,0.15674322843551636
4.455999999999731,0.06800540534834182,15.871976852416992,0.14722064978861582,0.020015441959522897,0.15639153122901917
4.457999999999731,0.06800155867604898,16.303592681884766,0.14708285530425777,0.019711301642163132,0.1563570201396942
4.459999999999731,0.06799768267454623,15.956390380859375,0.14694344856275604,0.01940706282003393,0.1560727208852768
4.461999999999731,0.06799377024807703,16.11064910888672,0.14680579820753625,0.01910473556441893,0.1559816151857376
4.46399999999973,0.06798983565607375,15.982917785644531,0.14666725049421317,0.01880250548394323,0.1557394415140152
4.46599999999973,0.06798587691931898,15.879058837890625,0.1465297732390619,0.018501540418945424,0.1556098610162735
4.46799999999973,0.06798190403732444,15.964624404907227,0.14639182320010688,0.018200763075207214,0.1553926020860672
4.46999999999973,0.0679779178174772,15.865066528320312,0.14625453816511824,0.01790081711261838,0.1552407145500183
4.4719999999997295,0.06797392571133011,15.943220138549805,0.14611702085106237,0.01760106383586553,0.1550375074148178
4.473999999999729,0.06796992997053854,15.878740310668945,0.145979929334281,0.017301852160461834,0.15487229824066162
4.475999999999729,0.0679659364775125,15.929476737976074,0.14584274237780587,0.01700280068276565,0.1546768844127655
4.477999999999729,0.0679619481625617,15.893073081970215,0.1457058411292343,0.01670409477968861,0.1545034497976303
4.479999999999729,0.06795597402120322,15.922242164611816,0.1455689234935059,0.016405505247738636,0.154312402009964
4.481999999999728,0.06795016625639035,14.764398574829102,0.14542408843973634,0.016107128485554508,0.1536170095205307
4.483999999999728,0.0679444920805742,12.835028648376465,0.14528269881257533,0.01576988914586104,0.15365764498710632
4.485999999999728,0.06793897333206747,15.752620697021484,0.14513674452098096,0.015429680648723977,0.15319111943244934
4.487999999999728,0.06793359142532279,16.216976165771484,0.14499282031684957,0.015090122737194173,0.15313675999641418
4.4899999999997275,0.06792799908744374,15.882791519165039,0.14484590699525535,0.014748669307223178,0.15276019275188446
4.491999999999727,0.06792284279128094,1.874668836593628,0.14466401604132434,0.014407412692348008,0.1501927375793457
4.493999999999727,0.06791557138570699,15.012374877929688,0.14448836400931508,0.01402488343389276,0.14995676279067993
4.495999999999727,0.06790959252399224,7.367554664611816,0.14437689311967555,0.01367353171481156,0.1534847766160965
4.497999999999727,0.06790388058324212,11.98082160949707,0.14424443175310853,0.013336889323272715,0.15195178985595703
4.499999999999726,0.06789866699874243,-8.317358016967773,0.1441184907484035,0.013018679964972949,0.15219487249851227
4.501999999999726,0.06789365755754513,14.682170867919922,0.14399589513241742,0.012696197152683341,0.15204299986362457
4.503999999999726,0.0678888359574425,12.20777702331543,0.14387678904479761,0.012365805733085811,0.15210232138633728
4.505999999999726,0.06788421076086722,15.65239143371582,0.14375266654985586,0.012033504953048984,0.15166409313678741
4.507999999999726,0.0678797730056208,16.12598991394043,0.14363026989438152,0.011700397500497336,0.1516205221414566
4.509999999999725,0.0678752581278809,15.803047180175781,0.14350422983121952,0.011366726721202829,0.15125791728496552
4.511999999999725,0.06787096384010312,15.847797393798828,0.14337612576812095,0.011032721531846064,0.15089350938796997
4.513999999999725,0.06786688450315423,15.782126426696777,0.1432469827828254,0.010718907347135891,0.1506926417350769
4.515999999999725,0.06786301598693385,15.85338020324707,0.14311492677156076,0.01040530495649262,0.1503715068101883
4.5179999999997245,0.0678593533883274,15.741884231567383,0.14298141467269831,0.010091881660563245,0.1501387357711792
4.519999999999724,0.06785589173389399,15.839370727539062,0.1428453627541957,0.009779444490949356,0.14983320236206055
4.521999999999724,0.06785262631169531,15.758901596069336,0.14270762235803472,0.009467929774082555,0.14957910776138306
4.523999999999724,0.06784955183373961,15.827994346618652,0.14256756858909286,0.009158059080607584,0.14928071200847626
4.525999999999724,0.06784666357047209,15.785118103027344,0.14242570067508045,0.008849808647816464,0.14901170134544373
4.527999999999723,0.06784395615610508,15.828802108764648,0.1422816601623302,0.00854379416491219,0.14871549606323242
4.529999999999723,0.0678414247829548,15.805431365966797,0.1421357416353757,0.008240054286095758,0.14843544363975525
4.531999999999723,0.06783906410445245,15.832792282104492,0.14198774155226948,0.007939115125584512,0.14813831448554993
4.533999999999723,0.06783686923309191,15.821596145629883,0.14183783585592505,0.007641083569224345,0.14784972369670868
4.5359999999997225,0.0678348348734816,15.839201927185059,0.14168591149563725,0.007346426984694932,0.14754991233348846
4.537999999999722,0.06783295607455478,15.835258483886719,0.14153207623870379,0.007055324468860365,0.147254079580307
4.539999999999722,0.06783122759468435,15.847556114196777,0.14137627070737135,0.006768221173407033,0.14689357578754425
4.541999999999722,0.06782964443608787,15.847785949707031,0.1412185646039681,0.00648537765491779,0.1464918851852417
4.543999999999722,0.0678282014006758,15.85744857788086,0.1410589318221218,0.0062072570145554305,0.14610478281974792
4.545999999999721,0.06782728194313888,15.860383033752441,0.14089742275712291,0.005934219724574847,0.1457521617412567
4.547999999999721,0.06782643494931542,14.095094680786133,0.1407326230414655,0.005666792015840923,0.14572232961654663
4.549999999999721,0.06782564015475204,15.86954116821289,0.14056316194705282,0.00538570561702816,0.1452123075723648
4.551999999999721,0.06782491101179135,16.278053283691406,0.1403945276889268,0.005106784175843302,0.14513307809829712
4.5539999999997205,0.06782423344124214,15.97530746459961,0.1402225468620572,0.004840697327746995,0.14506016671657562
4.55599999999972,0.06782361556266377,16.144384384155273,0.14005059447646198,0.004578365816454705,0.14506995677947998
4.55799999999972,0.067823047802354,16.02366065979004,0.13987616124368793,0.0043273740165200286,0.14493778347969055
4.55999999999972,0.0678225345371709,15.934587478637695,0.13970124666918035,0.004081869578789126,0.14485184848308563
4.56199999999972,0.06782206911425154,16.021345138549805,0.1395244294672506,0.003847190289526798,0.14471550285816193
4.563999999999719,0.06782165355689346,15.929056167602539,0.13934690178958584,0.003620040939027463,0.14460836350917816
4.565999999999719,0.06782128306149036,16.010154724121094,0.1391678873998618,0.003404443948102347,0.14446695148944855
4.567999999999719,0.06782095820166899,15.950016021728516,0.13898813126205817,0.0031990094754013273,0.14434349536895752
4.569999999999719,0.06782067536579871,16.006038665771484,0.13880725619875803,0.003007171728863109,0.14419744908809662
4.5719999999997185,0.06782043428128766,15.974691390991211,0.13862578129552072,0.002829064086221232,0.14406253397464752
4.573999999999718,0.06782023215237248,16.00921058654785,0.13844359966018643,0.0026680118941720295,0.14391377568244934
4.575999999999718,0.06782006828010659,15.992890357971191,0.13826114574883505,0.0025253460959135075,0.1437729299068451
4.577999999999718,0.0678199404854946,16.014934539794922,0.13807851746374902,0.00240437946610739,0.14362525939941406
4.579999999999718,0.06781984792458853,16.007381439208984,0.13789614600000905,0.002307018039085203,0.1434842348098755
4.581999999999717,0.067819788900701,16.021833419799805,0.13771427955010934,0.0022359879688061946,0.14334160089492798
4.583999999999717,0.0678197625504668,16.019567489624023,0.1375333541549211,0.0021925552544789523,0.1432061791419983
4.585999999999717,0.06781976749482119,16.02961540222168,0.1373536748973218,0.002177691370246364,0.1430722326040268
4.587999999999717,0.06781956073723623,16.03002166748047,0.13717561142051207,0.0021907463102582413,0.14294444024562836
4.5899999999997165,0.0678193886375495,16.127912521362305,0.13705920897658966,0.002230304971333827,0.14443598687648773
4.591999999999716,0.06781926010474307,16.022674560546875,0.13694641771614013,0.002215731998533154,0.14439159631729126
4.593999999999716,0.06781916799357342,16.108661651611328,0.1368361824546359,0.0022482363953389398,0.14432957768440247
4.595999999999716,0.06781925856734104,16.010570526123047,0.13672973211188494,0.0023188825477278487,0.14428552985191345
4.597999999999716,0.06781936193198379,16.104249954223633,0.13659683682968715,0.00242396596395395,0.1435358226299286
4.599999999999715,0.06781938572058824,16.00896644592285,0.13646686413904324,0.0025675848412983456,0.14347094297409058
4.601999999999715,0.06781944203966823,16.41754722595215,0.13633425747379238,0.0027231006312139587,0.14347170293331146
4.603999999999715,0.06781950205772201,16.145769119262695,0.1362004218387101,0.002850219463838634,0.14328886568546295
4.605999999999715,0.0678195874089465,16.56121063232422,0.13606949129014986,0.0029786065507601362,0.1432328075170517
4.6079999999997145,0.06781968044301931,16.190244674682617,0.13593829474764443,0.0031124231681066692,0.14307740330696106
4.609999999999714,0.06781979378905395,16.1446533203125,0.13580928878250514,0.0032476992098978675,0.14299972355365753
4.611999999999714,0.06781991675730537,16.192256927490234,0.1356805973793891,0.0033861425861276507,0.14286266267299652
4.613999999999714,0.0678200565891708,16.085487365722656,0.13555363717207933,0.0035258541374940068,0.14277155697345734
4.615999999999714,0.06782020673988083,16.169551849365234,0.13542730691524563,0.0036674230881150634,0.14264538884162903
4.6179999999997134,0.06782037128368157,16.08669662475586,0.13530241899870818,0.003809925346763636,0.14254625141620636
4.619999999999713,0.0678205461513135,16.146268844604492,0.13517832336028257,0.003953486725867956,0.14242644608020782
4.621999999999713,0.06782073356301455,16.099891662597656,0.13505548177521703,0.004097634798315055,0.14232274889945984
4.623999999999713,0.06782093093403846,16.136173248291016,0.13493350699172957,0.004242319447141681,0.14220687747001648
4.625999999999713,0.06782113940603637,16.108800888061523,0.13481265770367665,0.00438727973516777,0.1421007513999939
4.627999999999712,0.0678213572896855,16.129987716674805,0.13469269994640315,0.004532411435738923,0.1419873684644699
4.629999999999712,0.06782158510492428,16.11421775817871,0.13457377510373178,0.004677555270610316,0.14187966287136078
4.631999999999712,0.06782182170697099,16.126859664916992,0.13445573886793652,0.004822601455511029,0.14176784455776215
4.633999999999712,0.0678220672623514,16.118154525756836,0.13433866515264067,0.004967442080743764,0.14165957272052765
4.6359999999997115,0.0678223209612038,16.125789642333984,0.13422246235035362,0.005111978826347307,0.14154882729053497
4.637999999999711,0.06782258277344666,16.1212100982666,0.1341071658466831,0.005256131883464188,0.14144007861614227
4.639999999999711,0.06782285209835966,16.125925064086914,0.13399271526421624,0.005399818462952589,0.14133021235466003
4.641999999999711,0.06782312880025816,16.123790740966797,0.13387912425006132,0.005542975790923987,0.14122158288955688
4.643999999999711,0.06782341241160983,16.12691879272461,0.13376635117101998,0.005685535804149956,0.14111235737800598
4.64599999999971,0.06782370274340044,16.126251220703125,0.13365439765802067,0.005827447200593493,0.14100395143032074
4.64799999999971,0.06782399941500919,16.12857437133789,0.1335432335452882,0.005968654358248972,0.1408950537443161
4.64999999999971,0.06782430221365546,16.12870216369629,0.13343285405995717,0.006109114386693295,0.14078693091869354
4.65199999999971,0.06782461081708474,16.130578994750977,0.13332323624598275,0.006248781672497882,0.1406787633895874
4.6539999999997095,0.06782492500507037,16.131214141845703,0.1332143721490983,0.0063876198488699975,0.14057111740112305
4.655999999999709,0.06782524449583004,16.132915496826172,0.13310624351499478,0.006525591184940365,0.1404632180929184
4.657999999999709,0.06782556907034969,16.13387680053711,0.13299884104100954,0.006662664535523091,0.14035603404045105
4.659999999999709,0.06782589847586672,16.13543701171875,0.13289214968101018,0.006798808332866838,0.14024889469146729
4.661999999999709,0.06782623249886105,16.13656997680664,0.13278615980991942,0.0069339956780135655,0.14014199376106262
4.663999999999708,0.06782657090807748,16.13805389404297,0.13268085868507704,0.007068199823937875,0.14003559947013855
4.665999999999708,0.06782691349731297,16.13928985595703,0.13257623691705722,0.007201397351001466,0.1399294137954712
4.667999999999708,0.0678272600517508,16.140727996826172,0.13247228350466908,0.007333565301415888,0.1398235559463501
4.669999999999708,0.06782761037299079,16.14202308654785,0.13236898958184878,0.007464683118151644,0.1397179663181305
4.6719999999997075,0.06782796425912906,16.1434268951416,0.13226634552728916,0.007594730844765764,0.13961267471313477
4.673999999999707,0.06782832151936082,16.144744873046875,0.1321643431307946,0.007723690287257258,0.1395077258348465
4.675999999999707,0.06782868196216857,16.146141052246094,0.13206297390756308,0.00785154388909801,0.1394033432006836
4.677999999999707,0.06782904540381111,16.14748764038086,0.1319622303477011,0.007978275414703782,0.13929910957813263
4.679999999999707,0.067829411661296,16.148874282836914,0.13186210493024336,0.00810386924741279,0.13919533789157867
4.681999999999706,0.06782978055729187,16.150230407714844,0.13176259084107772,0.008228310783457714,0.13909190893173218
4.683999999999706,0.06783015191592873,16.151607513427734,0.13166368139365586,0.008351585992971707,0.13898900151252747
4.685999999999706,0.06783029167219999,16.152965545654297,0.13156537043893501,0.008473681641499272,0.13888639211654663
4.687999999999706,0.0678304927782844,8.621794700622559,0.13150071071257594,0.008594585013991506,0.1394902616739273
4.6899999999997055,0.0678306750026262,15.512516021728516,0.13143313947438948,0.008709577709780167,0.1393689662218094
4.691999999999705,0.06783089903392865,13.93769645690918,0.13137060170168804,0.008827438947632866,0.13935016095638275
4.693999999999705,0.06783111371891713,16.137222290039062,0.1313067033834333,0.008942801269850292,0.13925230503082275
4.695999999999705,0.06783135665765752,16.472248077392578,0.131246450321139,0.009059348680101116,0.1392190009355545
4.697999999999705,0.06783159601275994,16.217945098876953,0.13118581446307373,0.009173292070245672,0.1391371190547943
4.699999999999704,0.0678318542465405,16.366418838500977,0.13112786067339977,0.00928732245734242,0.13909482955932617
4.701999999999704,0.06783246195935728,16.24717903137207,0.1310701095332165,0.009398912008101267,0.1390235722064972
4.703999999999704,0.06783303675092282,15.426212310791016,0.13098852700412725,0.009509905778017904,0.1385175585746765
4.705999999999704,0.06783364323171097,13.820544242858887,0.13091036632294514,0.009617515100341456,0.13851793110370636
4.7079999999997035,0.0678342281452504,16.11260223388672,0.13082931110992618,0.00972140426167626,0.13834801316261292
4.709999999999703,0.0678348318498924,16.469871520996094,0.13075056519118178,0.009826884458070596,0.1383161097764969
4.711999999999703,0.06783542118048398,16.20400047302246,0.13067017083393356,0.009929626410957532,0.13817748427391052
4.713999999999703,0.06783567207936889,16.37468719482422,0.13059134807058878,0.010032941519107908,0.13812445104122162
4.715999999999703,0.06783604910472514,-0.18094781041145325,0.13054676056420925,0.010134181067832386,0.13846495747566223
4.717999999999702,0.06783717494924527,15.32992172241211,0.13048714553192206,0.010226199634538045,0.13825803995132446
4.719999999999702,0.06783835732561669,8.716699600219727,0.13040353766912138,0.01034718385615236,0.1380322128534317
4.721999999999702,0.06783950870946887,15.534737586975098,0.13031676934021774,0.01052140897811145,0.13784122467041016
4.723999999999702,0.06784069585793746,13.915488243103027,0.130234805918268,0.010699789758364319,0.13783518970012665
4.7259999999997016,0.0678418619782031,16.057777404785156,0.13015124264811578,0.010875354296056,0.1376853585243225
4.727999999999701,0.06784304931791961,16.387508392333984,0.13007109740078365,0.011053236392201609,0.137650728225708
4.729999999999701,0.06784422207409421,16.149091720581055,0.12999033887747669,0.011228866813341006,0.13752791285514832
4.731999999999701,0.06784540599268908,16.296756744384766,0.1299120402358759,0.011405514425003593,0.13747495412826538
4.733999999999701,0.06784657938427398,16.189252853393555,0.12983372396657084,0.011580274143559567,0.13736991584300995
4.7359999999997004,0.06784775741301989,16.096158981323242,0.1297571894972952,0.01175515518291854,0.13730552792549133
4.7379999999997,0.06784892700543026,16.18057632446289,0.12968098221168708,0.01192838598472942,0.137211412191391
4.7399999999997,0.06785009704575036,16.087934494018555,0.12960613943920102,0.012101125426843686,0.137141153216362
4.7419999999997,0.06785125963845096,16.163253784179688,0.1295318044278593,0.012272303520377437,0.13705410063266754
4.7439999999997,0.0678524199535923,16.100488662719727,0.12945857281327317,0.012442579758577021,0.13698092103004456
4.745999999999699,0.06785394114292735,16.151731491088867,0.12938593782618135,0.012611304101466169,0.13689859211444855
4.747999999999699,0.06785539721835175,15.215596199035645,0.12927345604486393,0.012778845077915858,0.13560345768928528
4.749999999999699,0.06785687341682098,13.01838493347168,0.12916371865129997,0.012905686367716138,0.13561271131038666
4.751999999999699,0.06785830159092053,16.060569763183594,0.12905011355333446,0.013029890207852288,0.1353560984134674
4.7539999999996985,0.06785973555552836,16.400545120239258,0.12893815869411623,0.01315708847160689,0.13531585037708282
4.755999999999698,0.06786113301273068,16.171051025390625,0.1288237196888431,0.013282443309032032,0.135108083486557
4.757999999999698,0.06786252678898178,16.414154052734375,0.12871023492940345,0.01340922218498388,0.13496944308280945
4.759999999999698,0.06786389187282123,16.221208572387695,0.12859518360797761,0.013534574228016901,0.13413375616073608
4.761999999999698,0.06786524768063208,16.137676239013672,0.12848061390923643,0.01366035143111441,0.13336673378944397
4.763999999999697,0.06786657955364107,16.216814041137695,0.1283650813422245,0.013784928996664742,0.13200752437114716
4.765999999999697,0.0678684209823917,16.12335968017578,0.12824979591820085,0.013909285414140897,0.13152571022510529
4.767999999999697,0.06787020830317363,16.169795989990234,0.1280844868835837,0.014032493443612515,0.12978652119636536
4.769999999999697,0.06787108624982831,16.402965545654297,0.12791892825563594,0.014182314324693811,0.13042521476745605
4.7719999999996965,0.06787189436063912,15.423364639282227,0.12779694877607914,0.014332424717643547,0.1294204294681549
4.773999999999696,0.06787272394256318,13.676309585571289,0.1276768403357613,0.014522069520080314,0.12883825600147247
4.775999999999696,0.06787351043411088,16.15359878540039,0.1275524514741465,0.014708287866982698,0.127933531999588
4.777999999999696,0.06787431131713843,16.48288345336914,0.12742909933711963,0.014894060758701639,0.1274154633283615
4.779999999999696,0.06787508721693349,16.245241165161133,0.12730296543607117,0.015076517804903895,0.12503935396671295
4.781999999999695,0.06787587314207515,16.403085708618164,0.12717736071100116,0.015257385459936514,0.12615272402763367
4.783999999999695,0.06787664620066643,16.282773971557617,0.1270499807151884,0.015435128754927823,0.12443003803491592
4.785999999999695,0.06787742707217825,16.191572189331055,0.12692280638320666,0.015610745646667926,0.12505431473255157
4.787999999999695,0.06787820252147761,16.272489547729492,0.12679453241641298,0.01578345163089609,0.12315816432237625
4.7899999999996945,0.06787898470801024,16.18029022216797,0.12666633548597672,0.01595380099905797,0.12395583838224411
4.791999999999694,0.06787976592931429,16.253036499023438,0.12653748431344006,0.016121404230387115,0.122684545814991
4.793999999999694,0.0678797585152074,16.190547943115234,0.126408683796267,0.01628657747714965,0.12293104082345963
4.795999999999694,0.06787971731356275,13.937849998474121,0.12624512061560575,0.016449131706914165,0.12200246006250381
4.797999999999694,0.06787976361038374,10.871777534484863,0.1260852771944811,0.01659069567109298,0.12249456346035004
4.799999999999693,0.06787979904809965,15.89906120300293,0.12592079459596675,0.0167291606160809,0.12149510532617569
4.801999999999693,0.0678798988266988,16.280433654785156,0.12575872774997698,0.01686695540669946,0.12181739509105682
4.803999999999693,0.06788000148631906,16.25545883178711,0.1255938140927289,0.017002105976243874,0.12107835710048676
4.805999999999693,0.0678801521545244,16.642333984375,0.12543049265873885,0.01713596473412584,0.12126278132200241
4.809999999999692,0.06788019242703483,16.35418701171875,0.12511239486340028,0.017397204017958013,0.12087371200323105
4.813999999999692,0.06788002018767074,16.258222579956055,0.124815362287434,0.017610987118515664,0.12066659331321716
4.817999999999691,0.06787963795407703,16.259828567504883,0.12453929448158821,0.01777996019347596,0.12061358243227005
4.819999999999691,0.06787949627690433,16.327743530273438,0.12440603875592854,0.01784377171404088,0.12004083395004272
4.821999999999691,0.0678792640187071,16.266817092895508,0.12427254587320713,0.017906705612585987,0.12063657492399216
4.823999999999691,0.06787927849952287,1.1874312162399292,0.12412105358341274,0.01796850291834777,0.12289540469646454
4.8259999999996905,0.06787928581854233,15.12806224822998,0.12397749450062952,0.01805475098168322,0.12121719121932983
4.82799999999969,0.06787937503934406,12.570577621459961,0.12383672259692273,0.01816224911504447,0.12272068858146667
4.82999999999969,0.06787946858031206,16.22468376159668,0.12369223822890801,0.018269136162361654,0.1216476708650589
4.83199999999969,0.06787962033424755,16.55724334716797,0.12354949486127924,0.018375238362276163,0.122615285217762
4.835999999999689,0.06787965035557986,16.680145263671875,0.12326804242662574,0.018583346949485123,0.12260469049215317
4.839999999999689,0.06787949771912226,16.33844757080078,0.12299992112751466,0.018869540653376916,0.12272482365369797
4.8439999999996886,0.06787919224610127,16.31092643737793,0.12274483697875083,0.01923846018014352,0.12293489277362823
4.845999999999688,0.06787914916573563,16.385955810546875,0.12261993603346913,0.019467444579782563,0.12190859019756317
4.847999999999688,0.06787917424808851,16.306718826293945,0.12249460683545756,0.019695146126545514,0.12314160168170929
4.849999999999688,0.06787925618835829,16.35894203186035,0.12236835038949431,0.019921041573097435,0.12282424420118332
4.851999999999688,0.0678793938735183,16.313716888427734,0.1222416432597861,0.02014459302142654,0.12329787015914917
4.8539999999996875,0.06787957944878649,16.345890045166016,0.12211421716386328,0.020365478909963805,0.12321019917726517
4.855999999999687,0.06787981104305772,16.319007873535156,0.1219863679071568,0.020583354854349187,0.12340375781059265
4.857999999999687,0.06788008300786533,16.337440490722656,0.12185795664548549,0.020798026286024965,0.12337713688611984
4.859999999999687,0.06788039323774227,16.321500778198242,0.12172917196776481,0.021009278673225048,0.1234620064496994
4.861999999999687,0.06788073752984193,16.332109451293945,0.12159994852333553,0.021216998102641403,0.12343154847621918
4.863999999999686,0.06788111380084613,16.32282257080078,0.12147041074256006,0.021421056030695544,0.1234627291560173
4.865999999999686,0.06788134775277024,16.32900619506836,0.1213405344217823,0.02162139002938167,0.12341915816068649
4.867999999999686,0.06788164530559063,12.33510684967041,0.12114771271488041,0.021817927836535675,0.12387236952781677
4.869999999999686,0.06788193582707998,16.21993637084961,0.12095055379908759,0.02199654979638173,0.1234341487288475
4.8719999999996855,0.06788227160187527,16.542972564697266,0.12075455792994128,0.02217171164436292,0.12336373329162598
4.875999999999685,0.06788267206095928,16.692859649658203,0.12036573548336063,0.02251444700019477,0.12326958030462265
4.879999999999685,0.06788287146370692,16.351036071777344,0.11999017475730922,0.022954168453909945,0.12318198382854462
4.881999999999684,0.06788304296844595,16.407617568969727,0.1198048114879897,0.023225441312997766,0.12135612964630127
4.883999999999684,0.0678832633523844,16.31063461303711,0.11961879372264024,0.02349270268535184,0.12271107733249664
4.885999999999684,0.06788352071710459,16.387104034423828,0.11943124238445528,0.023756288705829194,0.12245932966470718
4.887999999999684,0.06788381832940127,16.314002990722656,0.11924293192928066,0.02401560031892578,0.12225420773029327
4.8899999999996835,0.06788414849034348,16.36767578125,0.11905337172471804,0.024270845660401597,0.12201826274394989
4.891999999999683,0.067884512282863,16.327739715576172,0.11886303409947924,0.02452163663718791,0.12181112170219421
4.893999999999683,0.06788490454222063,16.361530303955078,0.11867165319007085,0.024768099645800703,0.12158665060997009
4.895999999999683,0.06788532521102883,16.338645935058594,0.11847952365631595,0.025009987486915086,0.12137982994318008
4.897999999999683,0.06788533908883605,16.35889434814453,0.11828650909454068,0.025247376739790134,0.1211637482047081
4.899999999999682,0.06788534579302238,16.274734497070312,0.11812781943290077,0.025480113082152554,0.1225586012005806
4.901999999999682,0.0678853950275486,16.604509353637695,0.11797110310536088,0.025645809969625444,0.12251055985689163
4.905999999999682,0.06788523539230613,16.741191864013672,0.11766534965458471,0.025969524948720964,0.12240470945835114
4.9079999999996815,0.0678851916042473,16.444061279296875,0.1175168722272176,0.026121123605749846,0.12056724727153778
4.909999999999681,0.06788518010938388,16.383359909057617,0.11736880792228963,0.026268072232302167,0.12207042425870895
4.911999999999681,0.06788518651545573,16.444076538085938,0.11721961892659297,0.026411642590912117,0.12184001505374908
4.913999999999681,0.06788521972709474,16.35216522216797,0.11707057628259122,0.026550714660719624,0.12174642086029053
4.915999999999681,0.06788527097485514,16.425613403320312,0.11692079880914681,0.026686042321452462,0.12157128751277924
4.91799999999968,0.0678853449235514,16.356395721435547,0.1167710393102527,0.026816947704452837,0.12143013626337051
4.91999999999968,0.06788543606430052,16.407941818237305,0.11662079660332184,0.026943875858648027,0.12126492708921432
4.92199999999968,0.06788554664652939,16.370553970336914,0.11647051978503221,0.027066419257973467,0.12112008035182953
4.92399999999968,0.06788567306451376,16.402469635009766,0.11631992706930569,0.0271848410229139,0.12096121907234192
4.9259999999996795,0.0678858162013833,16.381010055541992,0.11616928912409791,0.027298898876234226,0.1208149716258049
4.927999999999679,0.06788597357316793,16.40005111694336,0.11601845041873289,0.027408750167742496,0.12066100537776947
4.929999999999679,0.06788614529964804,16.387981414794922,0.11586757643270366,0.027514253883678463,0.12051454931497574
4.931999999999679,0.06788632956764756,16.399662017822266,0.11571658395007972,0.02761550683021391,0.12036395072937012
4.933999999999679,0.06788652607964804,16.393171310424805,0.11556557614601633,0.02771243037419003,0.12021809816360474
4.935999999999678,0.06788673343206848,16.400598526000977,0.11541451094164082,0.027805087353389144,0.12007017433643341
4.939999999999678,0.06788748385545496,16.386045455932617,0.1151290813059163,0.027977526228011345,0.12001615762710571
4.945999999999677,0.06788943406257018,16.366905212402344,0.1147743713981431,0.028050971296238583,0.12010835856199265
4.949999999999677,0.06789110583749096,16.356380462646484,0.11458445768486286,0.027956423104475107,0.12012624740600586
4.951999999999677,0.06789186210820998,16.366025924682617,0.1144954485327475,0.027868216773246045,0.12001681327819824
4.955999999999676,0.06789367312147868,16.354995727539062,0.11432944239656859,0.027691466485300256,0.12004630267620087
4.959999999999676,0.06789570556003482,16.346399307250977,0.11419069210874248,0.02743835536886917,0.12009105831384659
4.963999999999675,0.06789793434230516,16.339139938354492,0.11407778375281266,0.027115349876528312,0.12014930695295334
4.965999999999675,0.06789889832096618,16.354251861572266,0.11402537249608197,0.026920759962646274,0.12005532532930374
4.969999999999675,0.06790109896349127,16.343626022338867,0.11392882500611526,0.026541920317913928,0.12011709809303284
4.9719999999996745,0.06790202623955217,16.351221084594727,0.11388404081462233,0.026322803361297973,0.12002723664045334
4.975999999999674,0.0679041435081863,16.342220306396484,0.1138016119392082,0.02589758609028693,0.12009072303771973
4.977999999999674,0.06790500606275106,16.353891372680664,0.113763337076039,0.025659128509222386,0.12000443786382675
4.981999999999673,0.06790698370869983,16.344058990478516,0.11369289204871391,0.02519782081527783,0.1200697273015976
4.985999999999673,0.06790905207890972,16.336177825927734,0.11364301182360513,0.02469972938803909,0.12014602869749069
4.987999999999673,0.06790983877323639,16.351295471191406,0.11361984162448112,0.02443392555334421,0.12006907910108566
4.991999999999672,0.06791164659699077,16.341495513916016,0.11357737043122818,0.023925319806486663,0.1201467514038086
4.993999999999672,0.0679122855947869,16.35224151611328,0.11355751985366128,0.023659571172961316,0.12007547914981842
4.995999999999672,0.06791275562895153,16.35841178894043,0.11353154590732634,0.023402579578820828,0.12000399082899094
4.999999999999671,0.06791392618537406,16.350780487060547,0.11348307049637112,0.02291047240546023,0.12007460743188858
