time,dist,gamma,real_dist,tar_dist,pred_dist,pred_distv
0.002,0.06802353888085752,18.174203872680664,0.24007869507236734,0.7974475440378651,0.24286192655563354,0.24286192655563354
0.004,0.06802377151417,18.17169761657715,0.24007036519775388,0.7974475440378651,0.24279582500457764,0.24279582500457764
0.006,0.06802411996986328,18.168060302734375,0.24005365445009746,0.7973877520329082,0.2426656037569046,0.2426656037569046
0.008,0.06802458238619265,18.165464401245117,0.24002849029028228,0.7972686948669092,0.24247156083583832,0.24247156083583832
0.01,0.0680251559343679,18.162307739257812,0.23999485133064147,0.797090809100509,0.24221552908420563,0.24221552908420563
0.012,0.06802583661495021,18.159465789794922,0.23995271001490515,0.796854523673819,0.24189838767051697,0.24189838767051697
0.014,0.068026619420729,18.156238555908203,0.2399020757298984,0.7965602022967591,0.24152062833309174,0.24152062833309174
0.016,0.06802749822354136,18.153474807739258,0.23984296053145993,0.7962081936360503,0.24108348786830902,0.24108348786830902
0.018000000000000002,0.06802846587324163,18.15033721923828,0.23977540469260028,0.7957987977545684,0.24058791995048523,0.24058791995048523
0.020000000000000004,0.0680295141378159,18.147371292114258,0.23969945617415866,0.7953322968191378,0.24003419280052185,0.24003419280052185
0.022000000000000006,0.06803063376470216,18.144107818603516,0.23961518574656154,0.7948089357186955,0.23942343890666962,0.23942343890666962
0.024000000000000007,0.06803181445174387,18.141124725341797,0.2395226746700807,0.7942289410316276,0.23875625431537628,0.23875625431537628
0.02600000000000001,0.06803304488631097,18.13809585571289,0.23942202363124088,0.7935925099871668,0.23803335428237915,0.23803335428237915
0.02800000000000001,0.06803431273362222,18.13496971130371,0.2393133453352574,0.7928998223190045,0.23725509643554688,0.23725509643554688
0.030000000000000013,0.06803560466263947,18.13178253173828,0.23919676977775622,0.7921510341176761,0.23642238974571228,0.23642238974571228
0.032000000000000015,0.06803690634374565,18.128549575805664,0.23907243978291792,0.791346285347736,0.23553550243377686,0.23553550243377686
0.034000000000000016,0.06803820246654922,18.125347137451172,0.23894051410848655,0.7904856965499343,0.23459561169147491,0.23459561169147491
0.03600000000000002,0.06803947674218183,18.122432708740234,0.2388011647554512,0.7895693736960969,0.23360277712345123,0.23360277712345123
0.03800000000000002,0.0680407119159258,18.119556427001953,0.23865457879606006,0.7885974065364237,0.23255755007266998,0.23255755007266998
0.04000000000000002,0.06804188977135771,18.11669921875,0.23850095675288718,0.7875698718059628,0.23146101832389832,0.23146101832389832
0.04200000000000002,0.0680429911394094,18.113666534423828,0.23834051367766923,0.7864868325085405,0.23031331598758698,0.23031331598758698
0.044000000000000025,0.0680439959027606,18.110614776611328,0.23817347817898055,0.7853483400922,0.2291150540113449,0.2291150540113449
0.04600000000000003,0.06804488300221664,18.106977462768555,0.23745329957601674,0.784154434255389,0.22786729037761688,0.22786729037761688
0.04800000000000003,0.06804563044043517,18.10312271118164,0.23653019029034922,0.7829051444697751,0.2265700250864029,0.2265700250864029
0.05000000000000003,0.06804621528609361,18.099102020263672,0.2355695813460289,0.7816004900684091,0.2252243012189865,0.2252243012189865
0.05200000000000003,0.06804661367644252,18.093734741210938,0.23457164944057718,0.7802404813497242,0.22383089363574982,0.22383089363574982
0.054000000000000034,0.06804680081951742,18.088233947753906,0.23353656784673343,0.778825119810111,0.22239036858081818,0.22239036858081818
0.056000000000000036,0.06804675099523763,18.08249282836914,0.2324645109815286,0.7773543989750203,0.2209031730890274,0.2209031730890274
0.05800000000000004,0.06804643755579848,18.076560974121094,0.23135609373142946,0.7758283046987337,0.21937042474746704,0.21937042474746704
0.06000000000000004,0.06804583292517492,18.070598602294922,0.23021490258263738,0.7742468158147379,0.21779300272464752,0.21779300272464752
0.06200000000000004,0.06804490859776233,18.064796447753906,0.229042313197155,0.7726099044606635,0.21617159247398376,0.21617159247398376
0.06400000000000004,0.068043635136224,18.058826446533203,0.22783912708693382,0.7709175366070413,0.2145073115825653,0.2145073115825653
0.06600000000000004,0.0680419821684171,18.052684783935547,0.2266061844547564,0.7691696723856732,0.21280109882354736,0.21280109882354736
0.06800000000000005,0.06803991838356095,18.04623031616211,0.22534436737122082,0.7673662665353509,0.21105380356311798,0.21105380356311798
0.07000000000000005,0.06803741152747601,18.03938102722168,0.22405460113506387,0.765507268723468,0.209266796708107,0.209266796708107
0.07200000000000005,0.06803442839706746,18.03226661682129,0.22273785715123845,0.763592623934393,0.20744094252586365,0.20744094252586365
0.07400000000000005,0.06803093483389779,18.02484893798828,0.22139515486284755,0.761622272780541,0.20557767152786255,0.20557767152786255
0.07600000000000005,0.06802689571699541,18.0174560546875,0.22002756456168848,0.7595961518508971,0.20367850363254547,0.20367850363254547
0.07800000000000006,0.0680222749547737,18.010311126708984,0.21863620974117604,0.7575141940111921,0.20174449682235718,0.20174449682235718
0.08000000000000006,0.06801703547618074,18.00325584411621,0.2172222699730007,0.7553763287247985,0.19977746903896332,0.19977746903896332
0.08200000000000006,0.0680111392209787,17.996089935302734,0.21578698359616738,0.7531824823433593,0.1977786421775818,0.1977786421775818
0.08400000000000006,0.06800454712924614,17.989131927490234,0.21433165073346366,0.7509325784088114,0.1957496702671051,0.1957496702671051
0.08600000000000006,0.06799721913003584,17.981666564941406,0.21285763626482135,0.7486265379365832,0.1936923861503601,0.1936923861503601
0.08800000000000006,0.06798940020913002,17.973894119262695,0.21136637301762057,0.7462642797051632,0.19160842895507812,0.19160842895507812
0.09000000000000007,0.06798175419862826,17.965816497802734,0.20985936498496977,0.7438457205342246,0.1894996464252472,0.1894996464252472
0.09200000000000007,0.06797433282023957,17.957469940185547,0.20833819069376736,0.7413707755665804,0.18736806511878967,0.18736806511878967
0.09400000000000007,0.06796716104498714,17.948484420776367,0.20680435049858142,0.7388393585435403,0.1852153092622757,0.1852153092622757
0.09600000000000007,0.06796026440404233,17.93896484375,0.20525539064987935,0.7362513820829937,0.1830437034368515,0.1830437034368515
0.09800000000000007,0.06795366899867164,17.929039001464844,0.20369071124500232,0.733606757954155,0.18085475265979767,0.18085475265979767
0.10000000000000007,0.06794740151034524,17.918437957763672,0.2021114401721218,0.7309053973547144,0.17865072190761566,0.17865072190761566
0.10200000000000008,0.06794148921096137,17.907007217407227,0.20051874268568803,0.728147211186927,0.17643357813358307,0.17643357813358307
0.10400000000000008,0.06793595997315352,17.895414352416992,0.1989138223771552,0.7253321103362105,0.17420528829097748,0.17420528829097748
0.10600000000000008,0.0679308422806443,17.883136749267578,0.19729792211177632,0.7224600059503149,0.1719675362110138,0.1719675362110138
0.10800000000000008,0.06792616523860608,17.870086669921875,0.19567232493763903,0.7195308097213307,0.16972270607948303,0.16972270607948303
0.11000000000000008,0.06792195858399601,17.8565673828125,0.19403769995903186,0.7165444341694922,0.167472243309021,0.167472243309021
0.11200000000000009,0.06791825269582036,17.842355728149414,0.192381184005958,0.7135007929302497,0.16521792113780975,0.16521792113780975
0.11400000000000009,0.0679150786052971,17.827526092529297,0.19071091763394993,0.7103998010441014,0.16296157240867615,0.16296157240867615
0.11600000000000009,0.06791246800587455,17.810314178466797,0.18903056351657166,0.7072413752501621,0.1607048064470291,0.1607048064470291
0.11800000000000009,0.06791045326306665,17.79308319091797,0.18734711423243827,0.7040254342832778,0.1584491729736328,0.1584491729736328
0.12000000000000009,0.067909067424069,17.7747745513916,0.18567472976074023,0.7007518991753726,0.15619654953479767,0.15619654953479767
0.1220000000000001,0.06790834422710822,17.756481170654297,0.1840167368612597,0.6974206935610076,0.1539481282234192,0.1539481282234192
0.1240000000000001,0.06790831811049508,17.7377986907959,0.18237624810642555,0.6940317439876696,0.15170572698116302,0.15170572698116302
0.12600000000000008,0.06790902422132686,17.719701766967773,0.1807565118585095,0.6905849802308744,0.14947091042995453,0.14947091042995453
0.12800000000000009,0.06791049842380951,17.70046043395996,0.17916091390207772,0.6870803356144978,0.14724501967430115,0.14724501967430115
0.1300000000000001,0.06791277730714901,17.67976188659668,0.17759297826149484,0.683517747336485,0.14503037929534912,0.14503037929534912
0.1320000000000001,0.06791589819297106,17.65913963317871,0.17605636705692607,0.6798971568002962,0.14282840490341187,0.14282840490341187
0.1340000000000001,0.06791989914222772,17.637372970581055,0.17455487923965315,0.6762185099522834,0.14064118266105652,0.14064118266105652
0.1360000000000001,0.06792481896154573,17.613853454589844,0.17309244803898904,0.6724817576253229,0.13847039639949799,0.13847039639949799
0.1380000000000001,0.06793069720897028,17.586225509643555,0.17167313694570965,0.6686868558889464,0.13631866872310638,0.13631866872310638
0.1400000000000001,0.06793757419906164,17.556127548217773,0.17030113405378108,0.6648337664062779,0.13418716192245483,0.13418716192245483
0.1420000000000001,0.06794549100729975,17.524269104003906,0.16897869541192015,0.6609224567980586,0.13207851350307465,0.13207851350307465
0.1440000000000001,0.06795448947374685,17.4907283782959,0.16767977542351514,0.656952901014075,0.12999410927295685,0.12999410927295685
0.1460000000000001,0.06796461220593007,17.455585479736328,0.16643286830570853,0.6529250797123097,0.12793536484241486,0.12793536484241486
0.1480000000000001,0.06797590258088805,17.418731689453125,0.16525031211278807,0.6488389806461551,0.1259034126996994,0.1259034126996994
0.1500000000000001,0.06798840474634549,17.38021469116211,0.1641368188583656,0.6446945990600491,0.1238994374871254,0.1238994374871254
0.1520000000000001,0.06800216362096101,17.343658447265625,0.1630971563010355,0.6404919380939116,0.12192419916391373,0.12192419916391373
0.1540000000000001,0.06801676453831046,17.305946350097656,0.16213612699588248,0.6362310091967929,0.11997953802347183,0.11997953802347183
0.1560000000000001,0.06803214730489254,17.327049255371094,0.1613167864437748,0.6319118325501641,0.11817668378353119,0.11817668378353119
0.1580000000000001,0.06804825054042833,17.35179328918457,0.16063873525542324,0.6276032507987162,0.11651505529880524,0.11651505529880524
0.16000000000000011,0.06806484577357141,17.376190185546875,0.16010513279625185,0.6233046329330479,0.1150016114115715,0.1150016114115715
0.16200000000000012,0.0680800134493054,17.404376983642578,0.15971557678953222,0.6190155493808234,0.11364971846342087,0.11364971846342087
0.16400000000000012,0.06809334472996806,17.433212280273438,0.15947208190193812,0.614735569335756,0.1124843955039978,0.1124843955039978
0.16600000000000012,0.06810557527526544,17.46268081665039,0.1593740380977415,0.610464401091358,0.11154355108737946,0.11154355108737946
0.16800000000000012,0.06811702039295975,17.475845336914062,0.15942251938584845,0.6062017708834492,0.11089343577623367,0.11089343577623367
0.17000000000000012,0.06812779215348562,17.49053955078125,0.15961865270667022,0.6019080393028073,0.11067940294742584,0.11067940294742584
0.17200000000000013,0.06813800196651636,17.503896713256836,0.1599644067216262,0.5975842894195453,0.11140024662017822,0.11140024662017822
0.17400000000000013,0.06814776019314872,17.514892578125,0.1604602574157207,0.5932315490273483,0.11266696453094482,0.11266696453094482
0.17600000000000013,0.06815717601333478,17.52386474609375,0.1611049345639675,0.5888507637053413,0.11345431953668594,0.11345431953668594
0.17800000000000013,0.06816635713409684,17.536388397216797,0.16186618141668357,0.5844428331467805,0.11561533063650131,0.11561533063650131
0.18000000000000013,0.06817540581233958,17.54936981201172,0.16273505727348367,0.5800085974054874,0.11856307089328766,0.11856307089328766
0.18200000000000013,0.06818461416566048,17.566150665283203,0.1637127816765802,0.5755488932900252,0.121752068400383,0.121752068400383
0.18400000000000014,0.06819398078842821,17.542118072509766,0.16474259081593934,0.5710670208788486,0.12497498095035553,0.12497498095035553
0.18600000000000014,0.06820303450139115,17.5146484375,0.16582854103245692,0.5665376553045345,0.1281992793083191,0.1281992793083191
0.18800000000000014,0.06821114075012595,17.488094329833984,0.16696724687085757,0.5619642308226207,0.13128237426280975,0.13128237426280975
0.19000000000000014,0.06821824706678663,17.459205627441406,0.1681606783709618,0.5573498165606635,0.13407978415489197,0.13407978415489197
0.19200000000000014,0.0682243021030251,17.430068969726562,0.16937508663881537,0.5526973089512489,0.1368740051984787,0.1368740051984787
0.19400000000000014,0.06822925333070533,17.39870834350586,0.17058740794904134,0.5480093276509073,0.13968317210674286,0.13968317210674286
0.19600000000000015,0.06823304708890635,17.366168975830078,0.17181961928557038,0.5432883345319258,0.14251314103603363,0.14251314103603363
0.19800000000000015,0.06823562858596825,17.332748413085938,0.17308309747524195,0.5385365781472004,0.14536871016025543,0.14536871016025543
0.20000000000000015,0.06823694195274534,17.296449661254883,0.17437716937641146,0.5337561686217461,0.14824774861335754,0.14824774861335754
0.20200000000000015,0.06823693023022549,17.258296966552734,0.1757019717181692,0.5289490495594608,0.15114833414554596,0.15114833414554596
0.20400000000000015,0.06823553541593265,17.21942901611328,0.17705698866994524,0.5241170461674717,0.15406577289104462,0.15406577289104462
0.20600000000000016,0.06823269844910915,17.17911148071289,0.17844209572709896,0.5192618524509965,0.15699607133865356,0.15699607133865356
0.20800000000000016,0.0682283592467849,17.13945770263672,0.1796946127753739,0.514385062881346,0.15993471443653107,0.15993471443653107
0.21000000000000016,0.06822245669081381,17.099729537963867,0.1797407457353032,0.5094881679083144,0.16287820041179657,0.16287820041179657
0.21200000000000016,0.06821492866406569,17.059354782104492,0.17987746476428723,0.5045725753541551,0.16582483053207397,0.16582483053207397
0.21400000000000016,0.06820571206497784,17.01749038696289,0.18010223072288978,0.49963931149338403,0.16877496242523193,0.16877496242523193
0.21600000000000016,0.06819474284592553,16.97441291809082,0.18041271671278641,0.4946889541859743,0.17172862589359283,0.17172862589359283
0.21800000000000017,0.06818195602491194,16.930221557617188,0.18080678758739704,0.4897220754235893,0.17468619346618652,0.17468619346618652
0.22000000000000017,0.06816728571191052,16.885190963745117,0.18128245165998658,0.48473924588732187,0.17764809727668762,0.17764809727668762
0.22200000000000017,0.06815066507126613,16.840951919555664,0.18183939066732674,0.4797410358690231,0.18061262369155884,0.18061262369155884
0.22400000000000017,0.06813202632726434,16.797019958496094,0.1802610299482813,0.47472867380439154,0.18357901275157928,0.18357901275157928
0.22600000000000017,0.06811130074926283,16.752504348754883,0.17756972846146624,0.4697033312723713,0.18654651939868927,0.18654651939868927
0.22800000000000017,0.06808841865461236,16.707935333251953,0.17485235745047156,0.4646661311159902,0.1895151436328888,0.1895151436328888
0.23000000000000018,0.06806330939834507,16.663585662841797,0.17210959127943426,0.45961815042519627,0.18693678081035614,0.18693678081035614
0.23200000000000018,0.06803696266597531,16.618803024291992,0.16934210520490262,0.454560426699698,0.18436956405639648,0.18436956405639648
0.23400000000000018,0.06801122657410101,16.573265075683594,0.16655060844370015,0.44949396088638977,0.1818203181028366,0.1818203181028366
0.23600000000000018,0.0679861930717528,16.527132034301758,0.16373599292600477,0.44441972218919407,0.17928139865398407,0.17928139865398407
0.23800000000000018,0.06796192219400744,16.479570388793945,0.16089894033760882,0.43933865095807756,0.17674580216407776,0.17674580216407776
0.24000000000000019,0.06793847475809481,16.431324005126953,0.15804009459158358,0.4342516625423802,0.17515014111995697,0.17515014111995697
0.2420000000000002,0.06791591232129277,16.384525299072266,0.15516010198538474,0.4291596499494558,0.17363320291042328,0.17363320291042328
0.2440000000000002,0.06789429714254235,16.337112426757812,0.15225961085036752,0.42406348700977436,0.1720605492591858,0.1720605492591858
0.2460000000000002,0.0678736921443472,16.289743423461914,0.14933927178046907,0.4189640307897674,0.17047645151615143,0.17047645151615143
0.2480000000000002,0.06785416354816871,16.24273109436035,0.14639973748344123,0.4138621242572754,0.16888873279094696,0.16888873279094696
0.25000000000000017,0.06783578745133861,16.1983642578125,0.14344177854729384,0.408758598468619,0.16728129982948303,0.16728129982948303
0.25200000000000017,0.06781863305419564,16.157840728759766,0.14046667853775913,0.4036544183738777,0.16562598943710327,0.16562598943710327
0.25400000000000017,0.06780276339632185,16.12102508544922,0.13747567186068776,0.39855116678784297,0.1638917326927185,0.1638917326927185
0.25600000000000017,0.06778823601654219,16.088409423828125,0.13446994782398475,0.39345033572069293,0.1620492786169052,0.1620492786169052
0.2580000000000002,0.06777510354337893,16.059341430664062,0.13145065425867725,0.3883533352381794,0.16007931530475616,0.16007931530475616
0.2600000000000002,0.06776341422205512,16.032546997070312,0.12841890095710853,0.38326150145947296,0.15796905755996704,0.15796905755996704
0.2620000000000002,0.06775321238397251,16.007728576660156,0.12537576277531626,0.37817610393366613,0.15571564435958862,0.15571564435958862
0.2640000000000002,0.06774453886419575,15.984367370605469,0.12232228172229397,0.37309835233198657,0.1522643268108368,0.1522643268108368
0.2660000000000002,0.06773743137205009,15.963048934936523,0.11925925674391794,0.36802940261631667,0.14710035920143127,0.14710035920143127
0.2680000000000002,0.06773192481957813,15.94343376159668,0.11618750035022024,0.36297036266536137,0.1419961005449295,0.1419961005449295
0.2700000000000002,0.06772805160946171,15.924449920654297,0.11310741818488919,0.357922292160466,0.136983260512352,0.136983260512352
0.2720000000000002,0.06772584188508773,15.90614128112793,0.11001939826916443,0.3528858897999036,0.13206380605697632,0.13206380605697632
0.2740000000000002,0.0677255283307319,15.88895320892334,0.10692381415637078,0.34786183233609724,0.12722235918045044,0.12722235918045044
0.2760000000000002,0.0677279829904669,15.872297286987305,0.10366844294632253,0.34285078024536847,0.12243634462356567,0.12243634462356567
0.2780000000000002,0.06773315066500325,15.855571746826172,0.09988861626994228,0.3378533807988424,0.11768419295549393,0.11768419295549393
0.2800000000000002,0.06774091946888129,15.888256072998047,0.09616650962427577,0.3328702727026028,0.11300048232078552,0.11300048232078552
0.2820000000000002,0.06775117682125305,15.93077278137207,0.09250394679567996,0.32797020444718444,0.10837606340646744,0.10837606340646744
0.2840000000000002,0.06776381686205528,15.973663330078125,0.08890212049726218,0.32315189941427713,0.10380911082029343,0.10380911082029343
0.2860000000000002,0.06777873571890088,16.023197174072266,0.08536163484858957,0.3184049157824242,0.09930388629436493,0.09930388629436493
0.2880000000000002,0.06779583225426034,16.077146530151367,0.08188319037183499,0.31372904555377507,0.09486842900514603,0.09486842900514603
0.2900000000000002,0.06781500737302948,16.137985229492188,0.07846764501691351,0.3091242308265239,0.0905127301812172,0.0905127301812172
0.2920000000000002,0.06783616441459066,16.20212745666504,0.07511599265168686,0.3045902844108453,0.08624732494354248,0.08624732494354248
0.2940000000000002,0.06785920875515683,16.26543426513672,0.0718294200265712,0.3001271015427823,0.08208243548870087,0.08208243548870087
0.2960000000000002,0.06788404800422344,16.329666137695312,0.06860930423652843,0.29573449797781654,0.07802689075469971,0.07802689075469971
0.2980000000000002,0.06791059177342564,16.394329071044922,0.06545727033259786,0.29141233271030625,0.07408846914768219,0.07408846914768219
0.3000000000000002,0.06793856939048726,16.458593368530273,0.06237520899752681,0.2871604142059741,0.0702730268239975,0.0702730268239975
0.3020000000000002,0.06796693414985253,16.520729064941406,0.059365635298193234,0.282978571499495,0.06658615916967392,0.06658615916967392
0.3040000000000002,0.06799410870032388,16.582624435424805,0.05643176970207375,0.27887490524232583,0.06303270906209946,0.06303270906209946
0.3060000000000002,0.06801955075732331,16.645854949951172,0.05357729769964186,0.2748483763571713,0.05961664021015167,0.05961664021015167
0.3080000000000002,0.06801668577938565,16.708595275878906,0.05080643789928268,0.2708979955754379,0.05634119734168053,0.05634119734168053
0.3100000000000002,0.06800200626471982,16.53271484375,0.050004169392387936,0.26702285335107595,0.05537769943475723,0.05537769943475723
0.3120000000000002,0.06798668354939173,7.302148818969727,0.05000297043673976,0.2648524845468552,0.055331140756607056,0.055331140756607056
0.3140000000000002,0.06797205028772325,16.270973205566406,0.05002985013948798,0.2634469646542415,0.05530744418501854,0.05530744418501854
0.3160000000000002,0.06795853065748063,16.81671905517578,0.05008362313391716,0.26216287641881747,0.055309806019067764,0.055309806019067764
0.3180000000000002,0.06794599846679054,17.158470153808594,0.05016320482866163,0.26098907546214317,0.05533990263938904,0.05533990263938904
0.32000000000000023,0.0679343463045429,17.405189514160156,0.05026819035226233,0.25991688747137237,0.05539989098906517,0.05539989098906517
0.32200000000000023,0.0679234843580352,17.563716888427734,0.050398187120292065,0.2589386797188762,0.055490653961896896,0.055490653961896896
0.32400000000000023,0.0679133372369183,17.691455841064453,0.05055316874242599,0.2580484515464412,0.055613551288843155,0.055613551288843155
0.32600000000000023,0.06790384271329346,17.806137084960938,0.05073307895248336,0.2572409739939399,0.055768877267837524,0.055768877267837524
0.32800000000000024,0.06789494962724671,17.938087463378906,0.05093804435399108,0.2565120971809874,0.05595739930868149,0.05595739930868149
0.33000000000000024,0.06788661676251982,18.062923431396484,0.051168145250353396,0.2558582356799044,0.05617933347821236,0.05617933347821236
0.33200000000000024,0.06787881141859978,18.12505340576172,0.05142354306600476,0.2552765209951485,0.0564347580075264,0.0564347580075264
0.33400000000000024,0.06787150848022833,18.155288696289062,0.05170435118302757,0.25476449397139445,0.05672384798526764,0.05672384798526764
0.33600000000000024,0.06786469489986278,18.167556762695312,0.05201189569397217,0.25432017540621404,0.05704652890563011,0.05704652890563011
0.33800000000000024,0.06785836150170994,18.176773071289062,0.05234562009006815,0.2539315514603841,0.057402390986680984,0.057402390986680984
0.34000000000000025,0.06785250248636454,18.186054229736328,0.05254937911141826,0.25359793836926825,0.05779106542468071,0.05779106542468071
0.34200000000000025,0.06784711504548718,18.19495391845703,0.05246463797506493,0.2533187549829549,0.058212123811244965,0.058212123811244965
0.34400000000000025,0.06784219899540551,18.202831268310547,0.05241112058033942,0.25309354931652317,0.058665044605731964,0.058665044605731964
0.34600000000000025,0.06783775646989551,18.210121154785156,0.05238920218222392,0.2529219451447163,0.05914962664246559,0.05914962664246559
0.34800000000000025,0.06783379164325624,18.21697998046875,0.05239916828032811,0.2528036540152299,0.059665337204933167,0.059665337204933167
0.35000000000000026,0.06783031048763022,18.223590850830078,0.05244123812065456,0.2527384433923431,0.06021208316087723,0.06021208316087723
0.35200000000000026,0.06782732056020781,18.230039596557617,0.052515562117210667,0.2527261413675667,0.0607893243432045,0.0607893243432045
0.35400000000000026,0.06782483081207877,18.236474990844727,0.052622237322130234,0.25276661740508755,0.061397116631269455,0.061397116631269455
0.35600000000000026,0.06782285142257197,18.242755889892578,0.0527613087150634,0.25285978353651545,0.0620352104306221,0.0620352104306221
0.35800000000000026,0.06782139364850821,18.248994827270508,0.052932779977401014,0.2530055825254371,0.06270341575145721,0.06270341575145721
0.36000000000000026,0.06782046969382541,18.25558853149414,0.053136616471073095,0.25320398748330913,0.06340178847312927,0.06340178847312927
0.36200000000000027,0.06782009259019915,18.262123107910156,0.053372753114287554,0.2534549944392309,0.06413015723228455,0.06413015723228455
0.36400000000000027,0.06782027609342019,18.26852798461914,0.05364109788914002,0.25375862133730503,0.0648888573050499,0.0648888573050499
0.36600000000000027,0.06782103458824233,18.274768829345703,0.05394151342311439,0.25411490324942615,0.06567778438329697,0.06567778438329697
0.36800000000000027,0.06782238300521545,18.28097915649414,0.05427245168613164,0.2545238912085092,0.06649712473154068,0.06649712473154068
0.3700000000000003,0.06782433674419064,18.287067413330078,0.0546331315794256,0.2549856490269654,0.06734730303287506,0.06734730303287506
0.3720000000000003,0.06782691160686834,18.293014526367188,0.05502365832454055,0.2555002521646723,0.06822837144136429,0.06822837144136429
0.3740000000000003,0.06783012373464778,18.298999786376953,0.055444123365788425,0.2560677855376699,0.06914077699184418,0.06914077699184418
0.3760000000000003,0.06783398955327317,18.30492401123047,0.05589460508179476,0.25668834249523065,0.07008503377437592,0.07008503377437592
0.3780000000000003,0.06783852572169262,18.310821533203125,0.05637519833631922,0.25736202325034074,0.07106152921915054,0.07106152921915054
0.3800000000000003,0.06784374908601372,18.316650390625,0.05688679286792981,0.2580889339828445,0.07207072526216507,0.07207072526216507
0.3820000000000003,0.06784967663679292,18.322345733642578,0.057429672337660366,0.2588691856689923,0.0731135904788971,0.0731135904788971
0.3840000000000003,0.06785632547013828,18.327985763549805,0.05800368078873266,0.2597028933036717,0.07419033348560333,0.07419033348560333
0.3860000000000003,0.06786371275143134,18.333301544189453,0.058608665490018926,0.2605901749929547,0.07530193775892258,0.07530193775892258
0.3880000000000003,0.06787185568189352,18.338520050048828,0.05924447783555877,0.26153115128040727,0.07644941657781601,0.07644941657781601
0.3900000000000003,0.06788077146718682,18.34363555908203,0.05991097407960731,0.26252594441854804,0.07763312757015228,0.07763312757015228
0.3920000000000003,0.06789047728813093,18.348731994628906,0.060608015791207656,0.26357467778328036,0.07885419577360153,0.07885419577360153
0.3940000000000003,0.06790099027297664,18.353872299194336,0.06133547014864503,0.26467747527162866,0.0801137164235115,0.0801137164235115
0.3960000000000003,0.06791232747124348,18.358993530273438,0.062093210020465334,0.26583446079014006,0.08141235262155533,0.08141235262155533
0.3980000000000003,0.06792450582873133,18.364089965820312,0.06288111390686835,0.2670457577454412,0.0827515572309494,0.0827515572309494
0.4000000000000003,0.06793754216367025,18.369140625,0.0636990657210413,0.26831148859498327,0.08413193374872208,0.08413193374872208
0.4020000000000003,0.06795145314374292,18.374141693115234,0.06454695445809219,0.2696317744087431,0.0855550765991211,0.0855550765991211
0.4040000000000003,0.06796625526392111,18.37908363342285,0.06542467374775486,0.27100673447306656,0.08702167123556137,0.08702167123556137
0.4060000000000003,0.0679819648249298,18.384002685546875,0.06633212132320311,0.27243648590911584,0.08853301405906677,0.08853301405906677
0.4080000000000003,0.06799859791228187,18.389015197753906,0.0672691984098865,0.2739211433225104,0.09009028226137161,0.09009028226137161
0.4100000000000003,0.06801617037574949,18.3944091796875,0.06823580905721423,0.27546081846862275,0.091694675385952,0.091694675385952
0.4120000000000003,0.0680346978092182,18.399837493896484,0.06923185941995623,0.2770556199421899,0.0933467298746109,0.0933467298746109
0.4140000000000003,0.06805419553082778,18.405441284179688,0.07025725700586605,0.27870565288234234,0.09504812955856323,0.09504812955856323
0.4160000000000003,0.06807467856335764,18.411113739013672,0.07131190989684785,0.2804110186974135,0.09679950028657913,0.09679950028657913
0.4180000000000003,0.06809595179476642,18.41675567626953,0.07239572595568051,0.28217181480430076,0.0986018031835556,0.0986018031835556
0.4200000000000003,0.06811646379184734,18.422138214111328,0.0735086120248532,0.2839881343844243,0.10045602917671204,0.10045602917671204
0.4220000000000003,0.06813587837330674,18.427356719970703,0.07465047312615017,0.2858600661530817,0.10236236453056335,0.10236236453056335
0.4240000000000003,0.06815417211352189,18.432762145996094,0.07582121166626896,0.28778769414299016,0.10432172566652298,0.10432172566652298
0.4260000000000003,0.06817132141920125,18.438091278076172,0.07702072665450091,0.28977109749994456,0.10633443295955658,0.10633443295955658
0.4280000000000003,0.06818730185265325,18.44397735595703,0.07825169176363767,0.2918103502907071,0.10840057581663132,0.10840057581663132
0.4300000000000003,0.06820208911181663,18.449979782104492,0.0795136490735524,0.2939113037906626,0.11052042245864868,0.11052042245864868
0.43200000000000033,0.06821565895392777,18.456012725830078,0.08080617714447955,0.29607352887981914,0.11269430816173553,0.11269430816173553
0.43400000000000033,0.068227987250236,18.462203979492188,0.08212887643242675,0.29829664806815787,0.11492154002189636,0.11492154002189636
0.43600000000000033,0.06823904995165563,18.468231201171875,0.08348137129481564,0.3005803180290789,0.11720171570777893,0.11720171570777893
0.43800000000000033,0.06824882311972863,18.47429084777832,0.0848633008044714,0.3029242334176569,0.1195337101817131,0.1195337101817131
0.44000000000000034,0.06825708510135711,18.480213165283203,0.08627399045763766,0.30532811593493336,0.12191636860370636,0.12191636860370636
0.44200000000000034,0.06826393440092628,18.48371696472168,0.08764514357505272,0.30779069444704316,0.12424691021442413,0.12424691021442413
0.44400000000000034,0.06826946518163081,18.485597610473633,0.08897719290018465,0.31019480436097147,0.12569260597229004,0.12569260597229004
0.44600000000000034,0.06827376874998597,18.48853302001953,0.09027041473397075,0.31254030876733324,0.12661923468112946,0.12661923468112946
0.44800000000000034,0.06827693270831518,18.49039077758789,0.0915251759659655,0.31482689151709176,0.1274690330028534,0.1274690330028534
0.45000000000000034,0.06827904168934555,18.49279022216797,0.09274175404499445,0.3170543862813899,0.12824727594852448,0.12824727594852448
0.45200000000000035,0.0682801770062359,18.494449615478516,0.09392047100479042,0.3192225338768846,0.12895986437797546,0.12895986437797546
0.45400000000000035,0.06828041702620924,18.496498107910156,0.09506159626981979,0.3213311620833493,0.129611536860466,0.129611536860466
0.45600000000000035,0.06827983705181918,18.498111724853516,0.09616541939519889,0.3233800529847912,0.13020800054073334,0.13020800054073334
0.45800000000000035,0.06827850952246715,18.499774932861328,0.09723219765971282,0.3253690411644718,0.1307532787322998,0.1307532787322998
0.46000000000000035,0.06827650399966959,18.500946044921875,0.09826219556757959,0.32729794113470506,0.13125237822532654,0.13125237822532654
0.46200000000000035,0.06827388728718836,18.501893997192383,0.09925565662883881,0.3291666008902873,0.13170936703681946,0.13170936703681946
0.46400000000000036,0.06827072346061377,18.502605438232422,0.10021282482796613,0.33097486214771166,0.1321275383234024,0.1321275383234024
0.46600000000000036,0.06826707394915763,18.50324821472168,0.10113392944948285,0.3327225894818229,0.13251055777072906,0.13251055777072906
0.46800000000000036,0.06826299758226986,18.503719329833984,0.10201919675583726,0.33440964847493526,0.13286150991916656,0.13286150991916656
0.47000000000000036,0.06825855065321187,18.504119873046875,0.10286884183801587,0.3360359214987294,0.1331833004951477,0.1331833004951477
0.47200000000000036,0.06825378697069841,18.504291534423828,0.10368307497205591,0.33760129563873703,0.1334782987833023,0.1334782987833023
0.47400000000000037,0.06824875791349563,18.50404167175293,0.10446209724596979,0.339105671173164,0.13374847173690796,0.13374847173690796
0.47600000000000037,0.06824351248210549,18.50330352783203,0.10520610402008182,0.3405489548338084,0.1339961439371109,0.1339961439371109
0.47800000000000037,0.0682380973485538,18.50235939025879,0.10591528257999372,0.3419310642936401,0.13422299921512604,0.13422299921512604
0.48000000000000037,0.06823255690626391,18.50124740600586,0.10658981401840228,0.34325192434335305,0.1344301849603653,0.1344301849603653
0.4820000000000004,0.06822693331686752,18.500030517578125,0.10722987197317839,0.34451146920102055,0.13461895287036896,0.13461895287036896
0.4840000000000004,0.06822126655773789,18.498790740966797,0.10783562364804569,0.3457096402851028,0.13479094207286835,0.13479094207286835
0.4860000000000004,0.06821559446660734,18.497356414794922,0.1084072291314906,0.34684638733969253,0.1349465548992157,0.1349465548992157
0.4880000000000004,0.0682099527867405,18.4956111907959,0.10894484194809108,0.34792166708578914,0.1350870281457901,0.1350870281457901
0.4900000000000004,0.06820437520968563,18.493642807006836,0.10944860868920285,0.34893544370694696,0.13521279394626617,0.13521279394626617
0.4920000000000004,0.06819889341822738,18.491519927978516,0.10991866930989094,0.3498876879882806,0.1353243738412857,0.1353243738412857
0.4940000000000004,0.06819353712740489,18.489225387573242,0.11035515692880195,0.35077837746157003,0.1354222148656845,0.1354222148656845
0.4960000000000004,0.06818833412540153,18.486774444580078,0.11075819798943226,0.3516074958199219,0.1355070024728775,0.1355070024728775
0.4980000000000004,0.068183310313179,18.484100341796875,0.1111279145876414,0.3523750328866805,0.13557884097099304,0.13557884097099304
0.5000000000000003,0.06817848974651707,18.481342315673828,0.11146444599084744,0.3530809925315754,0.13563764095306396,0.13563764095306396
0.5020000000000003,0.06817389467467823,18.478286743164062,0.11176792534659818,0.3537254662431048,0.13568401336669922,0.13568401336669922
0.5040000000000003,0.06816954557764623,18.474994659423828,0.11203847970120828,0.3543085534266889,0.13571816682815552,0.13571816682815552
0.5060000000000003,0.06816546120278837,18.471590042114258,0.11227623013323822,0.3548303612332751,0.1357395350933075,0.1357395350933075
0.5080000000000003,0.06816165860029255,18.467777252197266,0.11248129180304889,0.3552910045589257,0.13574880361557007,0.13574880361557007
0.5100000000000003,0.0681581531578917,18.463680267333984,0.11265377406634297,0.3556906059070325,0.13574574887752533,0.13574574887752533
0.5120000000000003,0.06815495863448955,18.45928192138672,0.11279378054448531,0.3560292953423225,0.13573037087917328,0.13573037087917328
0.5140000000000003,0.06815208719298424,18.45465660095215,0.11290140923181792,0.3563072103687303,0.13570261001586914,0.13570261001586914
0.5160000000000003,0.06814954943206704,18.449974060058594,0.1129767525821913,0.3565244958563475,0.13566240668296814,0.13566240668296814
0.5180000000000003,0.06814735441716319,18.44529914855957,0.11301989761827011,0.3566813039260919,0.13561007380485535,0.13561007380485535
0.5200000000000004,0.06814550971039082,18.440471649169922,0.11303092603251158,0.3567777938605729,0.13554500043392181,0.13554500043392181
0.5220000000000004,0.06814402139962444,18.435535430908203,0.11300991430350817,0.35681413199153833,0.13546769320964813,0.13546769320964813
0.5240000000000004,0.06814289412659731,18.430479049682617,0.1129569338109766,0.3567904916014175,0.1353776603937149,0.1353776603937149
0.5260000000000004,0.06814213111408993,18.42517852783203,0.11287205096230954,0.35670705281209253,0.13527490198612213,0.13527490198612213
0.5280000000000004,0.06814173419216042,18.419845581054688,0.11275532732172797,0.3565640024815156,0.13515956699848175,0.13515956699848175
0.5300000000000004,0.06814170382345118,18.41437530517578,0.11260681974909431,0.3563615340936985,0.13503171503543854,0.13503171503543854
0.5320000000000004,0.06814203912754044,18.408668518066406,0.11242658054360696,0.3560998476534736,0.13489080965518951,0.13489080965518951
0.5340000000000004,0.06814273790435935,18.403125762939453,0.1122146575962556,0.355779149578301,0.13473744690418243,0.13473744690418243
0.5360000000000004,0.06814379665665343,18.39746856689453,0.11197109454851671,0.35539965259349776,0.1345711499452591,0.1345711499452591
0.5380000000000004,0.06814521061150547,18.39175033569336,0.11169593095944408,0.3549615756268404,0.13439208269119263,0.13439208269119263
0.5400000000000004,0.06814697374090377,18.386028289794922,0.11138920247986286,0.3544651437061733,0.13419975340366364,0.13419975340366364
0.5420000000000004,0.06814907878800501,18.380157470703125,0.11105096979442386,0.3539105878579974,0.13399501144886017,0.13399501144886017
0.5440000000000004,0.06815151728593226,18.374059677124023,0.11068129177270039,0.35329822956681534,0.1337774097919464,0.1337774097919464
0.5460000000000004,0.06815427957380336,18.36781120300293,0.1102802162160981,0.35262840413826296,0.13354651629924774,0.13354651629924774
0.5480000000000004,0.06815735481157174,18.361377716064453,0.10984778096757992,0.3519014327244306,0.13330283761024475,0.13330283761024475
0.5500000000000004,0.06816073099422412,18.35462760925293,0.10938401495546192,0.3511176240292639,0.13304610550403595,0.13304610550403595
0.5520000000000004,0.06816439496498745,18.34773826599121,0.10888893911665888,0.35027727588121693,0.1327764242887497,0.1327764242887497
0.5540000000000004,0.06816833242784526,18.340688705444336,0.10836256726082488,0.3493806765814785,0.13249343633651733,0.13249343633651733
0.5560000000000004,0.06817252795918444,18.333335876464844,0.10780490684947527,0.34842810613266306,0.13219718635082245,0.13219718635082245
0.5580000000000004,0.06817696501873668,18.325740814208984,0.10721595972680877,0.3474198373036474,0.13188757002353668,0.13188757002353668
0.5600000000000004,0.06818162595972285,18.317916870117188,0.10659572279130747,0.34635613659290676,0.1315644085407257,0.1315644085407257
0.5620000000000004,0.06818649203828718,18.31000518798828,0.10594418863093613,0.34523726507071567,0.1312272697687149,0.1312272697687149
0.5640000000000004,0.06819154342217358,18.301782608032227,0.10526134611875333,0.3440634791382959,0.1308763176202774,0.1308763176202774
0.5660000000000004,0.06819675919869937,18.293292999267578,0.1045471809839037,0.3428350311968356,0.130511075258255,0.130511075258255
0.5680000000000004,0.0682021173819903,18.284557342529297,0.10380167635876791,0.34155217025039086,0.13013151288032532,0.13013151288032532
0.5700000000000004,0.06820759491950862,18.275527954101562,0.10302481331281207,0.340215142441723,0.12973684072494507,0.12973684072494507
0.5720000000000004,0.06821316769786251,18.265722274780273,0.10221657137597928,0.3388241915367614,0.1293264925479889,0.1293264925479889
0.5740000000000004,0.06821881054789859,18.254941940307617,0.10137692905978053,0.33737955935950753,0.1289004534482956,0.1289004534482956
0.5760000000000004,0.06822449724907897,18.243894577026367,0.10050586438010657,0.3358814861880496,0.12845759093761444,0.12845759093761444
0.5780000000000004,0.06823020053314066,18.2322940826416,0.09960335538879832,0.33433021111455047,0.12799713015556335,0.12799713015556335
0.5800000000000004,0.068235892093627,18.22027587890625,0.09866941845683397,0.3327259723767453,0.12751859426498413,0.12751859426498413
0.5820000000000004,0.0682415425872866,18.207416534423828,0.09770407511074311,0.3310691219953424,0.12702123820781708,0.12702123820781708
0.5840000000000004,0.06824712163424951,18.194053649902344,0.09670734837179272,0.3293600269399212,0.12650352716445923,0.12650352716445923
0.5860000000000004,0.06825259781699226,18.180269241333008,0.09567926335582594,0.32759905680431534,0.12596438825130463,0.12596438825130463
0.5880000000000004,0.06825793867867135,18.166160583496094,0.09461984795303767,0.32578658409332883,0.12540265917778015,0.12540265917778015
0.5900000000000004,0.06826311072042232,18.151609420776367,0.0935291334974418,0.32392298459662827,0.12481755763292313,0.12481755763292313
0.5920000000000004,0.06826807939792039,18.136648178100586,0.0924071555039216,0.3220086376843772,0.12420684844255447,0.12420684844255447
0.5940000000000004,0.06827280911700315,18.12102508544922,0.09125395442857893,0.3200439266532574,0.12356910109519958,0.12356910109519958
0.5960000000000004,0.06827726322850587,18.104564666748047,0.09006957649950648,0.3180292390345672,0.12290287017822266,0.12290287017822266
0.5980000000000004,0.0682814040222148,18.087581634521484,0.08885407460001256,0.3159649669356856,0.12220633029937744,0.12220633029937744
0.6000000000000004,0.06828519272001199,18.069896697998047,0.08760746846995275,0.31385150736846634,0.12147757411003113,0.12147757411003113
0.6020000000000004,0.06828858946817129,18.051712036132812,0.08632908192019557,0.3116892626047411,0.1207151934504509,0.1207151934504509
0.6040000000000004,0.06829141350634078,18.034099578857422,0.08501864096821612,0.3094786405352648,0.11991684883832932,0.11991684883832932
0.6060000000000004,0.06829370119502054,18.04448699951172,0.08372768284743086,0.30722005505548594,0.1191210225224495,0.1191210225224495
0.6080000000000004,0.0682954877362831,18.057527542114258,0.08245605036708946,0.3049797561325487,0.11832632124423981,0.11832632124423981
0.6100000000000004,0.06829680758152018,18.069015502929688,0.08120368722287824,0.3027572148209555,0.11753199249505997,0.11753199249505997
0.6120000000000004,0.06829769443977757,18.08145523071289,0.07998370329963596,0.3005521091761554,0.11673835664987564,0.11673835664987564
0.6140000000000004,0.06829818091322476,18.092838287353516,0.07879617539958979,0.2984095073691439,0.11594704538583755,0.11594704538583755
0.6160000000000004,0.0682982984270676,18.104732513427734,0.07764113039126798,0.2963290382519287,0.11516012996435165,0.11516012996435165
0.6180000000000004,0.06829807733416635,18.116052627563477,0.07651861590612084,0.2943102935370286,0.11437965929508209,0.11437965929508209
0.6200000000000004,0.0682975469022154,18.126962661743164,0.07542864982795251,0.2923529327959883,0.11360698938369751,0.11360698938369751
0.6220000000000004,0.06829673536846323,18.137256622314453,0.07437126020003648,0.2904566024435725,0.11284436285495758,0.11284436285495758
0.6240000000000004,0.0682956699481872,18.147377014160156,0.07334645703548001,0.2886209920783217,0.11209338903427124,0.11209338903427124
0.6260000000000004,0.0682943768662531,18.157135009765625,0.07235453495833434,0.2868457901562377,0.11135552078485489,0.11135552078485489
0.6280000000000004,0.06829288137182124,18.166248321533203,0.07139582083420447,0.28513071408548696,0.11063266545534134,0.11063266545534134
0.6300000000000004,0.06829120775881815,18.174846649169922,0.0704702325485863,0.28347548588144067,0.10992620140314102,0.10992620140314102
0.6320000000000005,0.06828937938103939,18.18329429626465,0.06957768205561633,0.28187984813873357,0.10923758894205093,0.10923758894205093
0.6340000000000005,0.06828741866699124,18.191377639770508,0.06871808391855491,0.2803435505883665,0.10856806486845016,0.10856806486845016
0.6360000000000005,0.06828534713347903,18.199169158935547,0.06789135057884695,0.27886635849611074,0.10791879147291183,0.10791879147291183
0.6380000000000005,0.06828318539733234,18.206710815429688,0.06709739590197106,0.2774480451841409,0.10729093104600906,0.10729093104600906
0.6400000000000005,0.0682809531871351,18.214134216308594,0.06633613284938412,0.27608839638696153,0.10668548941612244,0.10668548941612244
0.6420000000000005,0.06827866935305449,18.220989227294922,0.06560747560770318,0.27478720604896006,0.1061030775308609,0.1061030775308609
0.6440000000000005,0.06827635187692398,18.227500915527344,0.06491133860302405,0.27354427853676044,0.10554446280002594,0.10554446280002594
0.6460000000000005,0.06827401788083097,18.23360824584961,0.06424763792044604,0.27235942624559045,0.10501069575548172,0.10501069575548172
0.6480000000000005,0.06827168363590812,18.23931312561035,0.06361629107455334,0.27123247068523865,0.10450189560651779,0.10450189560651779
0.6500000000000005,0.06826936457007324,18.244945526123047,0.06301721807779102,0.2701632410919972,0.10401889681816101,0.10401889681816101
0.6520000000000005,0.06826707527588505,18.250442504882812,0.06245034163323887,0.26915157492992764,0.10356198996305466,0.10356198996305466
0.6540000000000005,0.06826482951770553,18.255847930908203,0.06191558802256654,0.26819731706631583,0.10302986949682236,0.10302986949682236
0.6560000000000005,0.06826264030883733,18.259275436401367,0.06141029145895445,0.26730031997420933,0.10249433666467667,0.10249433666467667
0.6580000000000005,0.06826051984772488,18.262636184692383,0.06093463608920604,0.2664536012713133,0.10200215876102448,0.10200215876102448
0.6600000000000005,0.06825847952641706,18.266098022460938,0.060488782189232114,0.26565750191091236,0.10155241936445236,0.10155241936445236
0.6620000000000005,0.06825652992985243,18.26964569091797,0.06007287453326693,0.2649123204853475,0.10114419460296631,0.10114419460296631
0.6640000000000005,0.06825468084314892,18.273101806640625,0.059687040809731716,0.2642183257895782,0.1007770225405693,0.1007770225405693
0.6660000000000005,0.0682529412537366,18.27643394470215,0.059331397048695035,0.26357575412373413,0.10045015066862106,0.10045015066862106
0.6680000000000005,0.06825131935817316,18.279834747314453,0.059006047640219814,0.26298481722770894,0.10016292333602905,0.10016292333602905
0.6700000000000005,0.06824982256615726,18.283416748046875,0.0587110890159176,0.26244570188842115,0.09991486370563507,0.09991486370563507
0.6720000000000005,0.06824845750727518,18.287229537963867,0.05844661035282698,0.2619585751652304,0.09970542788505554,0.09970542788505554
0.6740000000000005,0.0682472300362918,18.29102325439453,0.05821269615068552,0.2615235850417416,0.09953401982784271,0.09953401982784271
0.6760000000000005,0.06824614524005304,18.29483985900879,0.05800942713291808,0.261140864012073,0.0994006022810936,0.0994006022810936
0.6780000000000005,0.06824520744368638,18.298690795898438,0.05783688206614785,0.26081053012957117,0.09930465370416641,0.09930465370416641
0.6800000000000005,0.06824442021777465,18.302690505981445,0.05769513860170083,0.2605326895598705,0.09924589842557907,0.09924589842557907
0.6820000000000005,0.06824378638524581,18.306743621826172,0.05758427452863824,0.26030743770457293,0.09922430664300919,0.09922430664300919
0.6840000000000005,0.06824330802887475,18.310932159423828,0.057504368426323005,0.2601348610720857,0.09923967719078064,0.09923967719078064
0.6860000000000005,0.06824298649872712,18.315202713012695,0.05745550046270053,0.2600150383256576,0.0992918610572815,0.0992918610572815
0.6880000000000005,0.0682428224200185,18.319414138793945,0.05743775280015652,0.2599480416816388,0.09938102960586548,0.09938102960586548
0.6900000000000005,0.0682428157010325,18.323715209960938,0.05745121001214968,0.25993393781991503,0.09950701147317886,0.09950701147317886
0.6920000000000005,0.068242965541348,18.328052520751953,0.057495959226861675,0.25997278893976833,0.09967031329870224,0.09967031329870224
0.6940000000000005,0.06824327044018555,18.33251953125,0.057572090218560676,0.26006465351540353,0.09982915222644806,0.09982915222644806
0.6960000000000005,0.06824372813369999,18.337860107421875,0.05768229423328395,0.26020958709401226,0.09992866218090057,0.09992866218090057
0.6980000000000005,0.06824433569813149,18.34348487854004,0.05782643762171021,0.2604147802689264,0.10005347430706024,0.10005347430706024
0.7000000000000005,0.06824508955404535,18.349159240722656,0.05800441852565616,0.2606797659249582,0.10020282864570618,0.10020282864570618
0.7020000000000005,0.06824598547964854,18.354747772216797,0.058216158063342786,0.2610041305524302,0.1003762036561966,0.1003762036561966
0.7040000000000005,0.06824701861759515,18.360469818115234,0.05846160042923613,0.2613875017329996,0.10057290643453598,0.10057290643453598
0.7060000000000005,0.06824818348632256,18.3662166595459,0.0587407069499113,0.26182954956838067,0.10079243034124374,0.10079243034124374
0.7080000000000005,0.0682494739882992,18.371875762939453,0.05905345500963805,0.26232997868435315,0.10103384405374527,0.10103384405374527
0.7100000000000005,0.06825088342052221,18.37752914428711,0.05939983379847643,0.26288852781796684,0.10129649192094803,0.10129649192094803
0.7120000000000005,0.0682524044836609,18.383159637451172,0.05977984275276512,0.2635049644676174,0.10157947987318039,0.10157947987318039
0.7140000000000005,0.06825402929233415,18.388734817504883,0.06019339324538078,0.26417908369706944,0.10188218206167221,0.10188218206167221
0.7160000000000005,0.06825574938489334,18.39415740966797,0.060639492195865084,0.26491070438365305,0.10220369696617126,0.10220369696617126
0.7180000000000005,0.06825755573381331,18.399417877197266,0.06111773908354986,0.26569966776580917,0.10254323482513428,0.10254323482513428
0.7200000000000005,0.06825943875600181,18.404638290405273,0.0616279707322549,0.26654583469269927,0.10289982706308365,0.10289982706308365
0.7220000000000005,0.06826138832347721,18.40966033935547,0.06217002956166168,0.26744908416576196,0.10327237099409103,0.10327237099409103
0.7240000000000005,0.06826339377415551,18.414630889892578,0.06274376290758295,0.2684093112422354,0.10366010665893555,0.10366010665893555
0.7260000000000005,0.06826544392290515,18.419490814208984,0.06334902212185664,0.26942642567988334,0.10406172275543213,0.10406172275543213
0.7280000000000005,0.06826752707279075,18.424301147460938,0.06398566190682152,0.27050035028622804,0.10447632521390915,0.10447632521390915
0.7300000000000005,0.0682696310265438,18.42894744873047,0.0646535395557411,0.27163101970508363,0.10490259528160095,0.10490259528160095
0.7320000000000005,0.06827174309824978,18.43368911743164,0.06535251432910914,0.27281837908242496,0.10533931106328964,0.10533931106328964
0.7340000000000005,0.0682738501252504,18.438575744628906,0.06608252995356263,0.2740623829996201,0.10578574985265732,0.10578574985265732
0.7360000000000005,0.06827593848026141,18.443397521972656,0.06684515764931746,0.2753629943727909,0.10624014586210251,0.10624014586210251
0.7380000000000005,0.06827799408370037,18.448143005371094,0.06764103437565482,0.2767201835227345,0.10670110583305359,0.10670110583305359
0.7400000000000005,0.06828000241622587,18.452823638916016,0.068470141902668,0.27813392725199965,0.10716782510280609,0.10716782510280609
0.7420000000000005,0.0682819485314725,18.457460403442383,0.06933244942622663,0.2796042080359915,0.1076389029622078,0.1076389029622078
0.7440000000000005,0.06828381706899636,18.462051391601562,0.07022791307358872,0.2811310132388297,0.10811277478933334,0.10811277478933334
0.7460000000000006,0.06828559245940961,18.46595573425293,0.07114202109161859,0.28271433440914817,0.10858993232250214,0.10858993232250214
0.7480000000000006,0.06828725854591344,18.469730377197266,0.07207439573137281,0.2843059864875636,0.10907098650932312,0.10907098650932312
0.7500000000000006,0.0682887985893072,18.47342300415039,0.07302468174964198,0.2859057178149069,0.10955769568681717,0.10955769568681717
0.7520000000000006,0.06829019527292673,18.477039337158203,0.07399254553293656,0.2875133060655272,0.11005046218633652,0.11005046218633652
0.7540000000000006,0.06829143070767149,18.480518341064453,0.07497767424180003,0.2891285568041152,0.1105506420135498,0.1105506420135498
0.7560000000000006,0.068292486436984,18.483924865722656,0.0759797748875469,0.2907513022161193,0.11105954647064209,0.11105954647064209
0.7580000000000006,0.06829334344189311,18.48733139038086,0.07699857342474899,0.29238139981920236,0.11157744377851486,0.11157744377851486
0.7600000000000006,0.06829398214602504,18.490612030029297,0.07803381381451475,0.2940187312889472,0.11210577934980392,0.11210577934980392
0.7620000000000006,0.06829438242065508,18.493810653686523,0.07908525710530459,0.29566320129478574,0.11264544725418091,0.11264544725418091
0.7640000000000006,0.06829452358973664,18.496850967407227,0.08015268050865844,0.2973147364157478,0.11319682747125626,0.11319682747125626
0.7660000000000006,0.06829438443494926,18.499713897705078,0.08123587649610102,0.29897328407940865,0.11376146227121353,0.11376146227121353
0.7680000000000006,0.06829394320072406,18.502471923828125,0.08233465190597353,0.3006388115599175,0.11433978378772736,0.11433978378772736
0.7700000000000006,0.06829317759927028,18.505165100097656,0.0834488270748898,0.30231130500391185,0.11493225395679474,0.11493225395679474
0.7720000000000006,0.06829206481557622,18.50775146484375,0.08457823498819522,0.30399076850241197,0.11554031819105148,0.11554031819105148
0.7740000000000006,0.06829058151239334,18.510244369506836,0.0857227204575112,0.30567722319118634,0.11616382002830505,0.11616382002830505
0.7760000000000006,0.06828870383518218,18.512611389160156,0.08688213932242592,0.30737070638835917,0.11680413782596588,0.11680413782596588
0.7780000000000006,0.0682864074170277,18.51498794555664,0.08805635768057338,0.30907127075916463,0.11746123433113098,0.11746123433113098
0.7800000000000006,0.06828366738350486,18.51738739013672,0.08924525114437057,0.3107789835117738,0.11813604831695557,0.11813604831695557
0.7820000000000006,0.06828045835749266,18.519933700561523,0.090448704126413,0.3124939256181611,0.11882878094911575,0.11882878094911575
0.7840000000000006,0.0682767544639254,18.522449493408203,0.09166660915227345,0.3142161910614771,0.11954034864902496,0.11954034864902496
0.7860000000000006,0.06827278238775115,18.524871826171875,0.09289886620139244,0.3159458861061346,0.12027069926261902,0.12027069926261902
0.7880000000000006,0.06826858443312775,18.523330688476562,0.09409424332635151,0.31768312859086506,0.12098367512226105,0.12098367512226105
0.7900000000000006,0.06826420129174128,18.520362854003906,0.09525312518669367,0.31936037955581126,0.12168002873659134,0.12168002873659134
0.7920000000000006,0.06825967130952297,18.518266677856445,0.09637579806061429,0.3209780703157015,0.12235988676548004,0.12235988676548004
0.7940000000000006,0.06825503115281126,18.515575408935547,0.09746258039983,0.32253645955489363,0.12302426993846893,0.12302426993846893
0.7960000000000006,0.0682503154010771,18.513427734375,0.09851373096779743,0.32403587181786964,0.12367270886898041,0.12367270886898041
0.7980000000000006,0.06824555695007498,18.510879516601562,0.09952951854594215,0.3254765318646795,0.12430602312088013,0.12430602312088013
0.8000000000000006,0.06824078679562828,18.50873565673828,0.1005101739070255,0.3268586923724508,0.12492427974939346,0.12492427974939346
0.8020000000000006,0.06823603428116984,18.506418228149414,0.1014559271740022,0.32818254743334907,0.12552760541439056,0.12552760541439056
0.8040000000000006,0.068231326991382,18.504276275634766,0.10236698289374903,0.3294483012746154,0.12611572444438934,0.12611572444438934
0.8060000000000006,0.06822669090842787,18.502002716064453,0.10324354018344133,0.3306561234322335,0.1266891360282898,0.1266891360282898
0.8080000000000006,0.06822215036755035,18.499828338623047,0.10408577993413609,0.3318061860000848,0.1272474080324173,0.1272474080324173
0.8100000000000006,0.06821772815989446,18.49738311767578,0.10489387577834934,0.33289864067091307,0.12779057025909424,0.12779057025909424
0.8120000000000006,0.06821344552227325,18.49474334716797,0.10566798763242752,0.3339336391341349,0.12831862270832062,0.12831862270832062
0.8140000000000006,0.06820932220865154,18.49191665649414,0.10640826775103712,0.3349113215285697,0.12883195281028748,0.12883195281028748
0.8160000000000006,0.06820537649817411,18.488910675048828,0.10711485755971932,0.3358318277683351,0.12932975590229034,0.12932975590229034
0.8180000000000006,0.06820162524804746,18.48569679260254,0.10778789106418886,0.33669529190153047,0.1298118680715561,0.1298118680715561
0.8200000000000006,0.0681980839108452,18.48227310180664,0.1084274933739233,0.3375018485129735,0.13027872145175934,0.13027872145175934
0.8220000000000006,0.06819476657608604,18.478824615478516,0.1090337826751311,0.3382516300996283,0.13073012232780457,0.13073012232780457
0.8240000000000006,0.06819168599180286,18.475210189819336,0.10960686961074945,0.3389447707704407,0.13116560876369476,0.13116560876369476
0.8260000000000006,0.06818885359897849,18.47130584716797,0.11014685846426354,0.3395814051304432,0.13158543407917023,0.13158543407917023
0.8280000000000006,0.06818627955461681,18.467212677001953,0.11065384696372386,0.340161670472281,0.1319890022277832,0.1319890022277832
0.8300000000000006,0.06818397276140775,18.462844848632812,0.11112792702527682,0.3406857063883418,0.13237708806991577,0.13237708806991577
0.8320000000000006,0.06818194089079961,18.45831871032715,0.11156918475971875,0.341153656101945,0.1327487975358963,0.1327487975358963
0.8340000000000006,0.0681801904092398,18.453704833984375,0.1119777009657155,0.3415656664087026,0.1331043243408203,0.1331043243408203
0.8360000000000006,0.06817872660044988,18.448936462402344,0.112353551227438,0.34192188850307836,0.13344347476959229,0.13344347476959229
0.8380000000000006,0.06817755358901165,18.4439697265625,0.11269680626244162,0.3422224780496481,0.13376618921756744,0.13376618921756744
0.8400000000000006,0.06817667436143028,18.43898582458496,0.11300753205589968,0.3424675957036828,0.13407285511493683,0.13407285511493683
0.8420000000000006,0.06817609078750775,18.433849334716797,0.1132857901222948,0.3426574072163762,0.13436287641525269,0.13436287641525269
0.8440000000000006,0.06817580363998427,18.42853546142578,0.11353163765091985,0.3427920837630813,0.13463647663593292,0.13463647663593292
0.8460000000000006,0.06817581261396145,18.423255920410156,0.1137451277155555,0.3428718020395301,0.13489361107349396,0.13489361107349396
0.8480000000000006,0.06817611634502038,18.417943954467773,0.11392630942055354,0.3428967444648103,0.1351340115070343,0.1351340115070343
0.8500000000000006,0.06817671242685028,18.412582397460938,0.11407522807884425,0.3428670992522194,0.1353578120470047,0.1353578120470047
0.8520000000000006,0.06817759742780685,18.4071044921875,0.11419192535502584,0.34278306052819524,0.13556495308876038,0.13556495308876038
0.8540000000000006,0.06817876690683793,18.401676177978516,0.11427643942422903,0.3426448283743891,0.1357552707195282,0.1357552707195282
0.8560000000000006,0.0681802154284758,18.396087646484375,0.11432880511189787,0.34245260888908546,0.13592900335788727,0.13592900335788727
0.8580000000000007,0.0681819365771227,18.390592575073242,0.11434905404148352,0.3422066142030189,0.13608568906784058,0.13608568906784058
0.8600000000000007,0.06818392297047997,18.384960174560547,0.11433721477194161,0.34190706250126573,0.13622581958770752,0.13622581958770752
0.8620000000000007,0.06818616627224214,18.379131317138672,0.11429331293947856,0.3415541780177603,0.13634896278381348,0.13634896278381348
0.8640000000000007,0.06818865720397488,18.373125076293945,0.11421737139419957,0.34114819103047933,0.13645510375499725,0.13645510375499725
0.8660000000000007,0.06819138555624892,18.366931915283203,0.11410941033942207,0.34068933784035316,0.13654421269893646,0.13654421269893646
0.8680000000000007,0.0681943401989885,18.36058807373047,0.11396944746887928,0.3401778607493502,0.1366160362958908,0.1366160362958908
0.8700000000000007,0.06819750909107235,18.35397720336914,0.11379749810602434,0.33961400802942665,0.1366707980632782,0.1366707980632782
0.8720000000000007,0.06820087928916986,18.347230911254883,0.11359357534301545,0.3389980338910595,0.13670803606510162,0.13670803606510162
0.8740000000000007,0.06820443695583758,18.34040069580078,0.11335769018169757,0.33833019844753,0.13672791421413422,0.13672791421413422
0.8760000000000007,0.06820816736686332,18.333452224731445,0.11308985167538944,0.3376107676800774,0.13673017919063568,0.13673017919063568
0.8780000000000007,0.06821205491787993,18.326221466064453,0.11279006707275713,0.3368400134024022,0.1367146372795105,0.1367146372795105
0.8800000000000007,0.0682160831302418,18.31885528564453,0.11245834196322595,0.3360182132276955,0.1366807520389557,0.1366807520389557
0.8820000000000007,0.06822023465617826,18.31136703491211,0.11209468042466325,0.33514565053786516,0.13662868738174438,0.13662868738174438
0.8840000000000007,0.06822449128322453,18.30367660522461,0.11169908517310823,0.33422261445709156,0.13655802607536316,0.13655802607536316
0.8860000000000007,0.06822883393793894,18.29593276977539,0.11127155771500558,0.3332493998299868,0.13646838068962097,0.13646838068962097
0.8880000000000007,0.06823324268890985,18.28769874572754,0.11081209850188853,0.3322263072059418,0.1363597810268402,0.1363597810268402
0.8900000000000007,0.06823769674906105,18.27893829345703,0.11032070708783467,0.3311536428302462,0.1362312287092209,0.1362312287092209
0.8920000000000007,0.06824217447725915,18.269601821899414,0.10979738228975139,0.3300317186432775,0.13608276844024658,0.13608276844024658
0.8940000000000007,0.06824665337922767,18.25996208190918,0.10924212235075816,0.3288608522885311,0.13591386377811432,0.13591386377811432
0.8960000000000007,0.0682511101077804,18.24990463256836,0.10865492510680759,0.3276413671306434,0.1357235461473465,0.1357235461473465
0.8980000000000007,0.0682555204623698,18.239479064941406,0.10803578815681986,0.3263735922843034,0.13551196455955505,0.13551196455955505
0.9000000000000007,0.06825985938796565,18.228225708007812,0.1073847090365483,0.32505786265516773,0.13527753949165344,0.13527753949165344
0.9020000000000007,0.06826410097326435,18.216815948486328,0.10670168539650461,0.32369451899376417,0.13502022624015808,0.13502022624015808
0.9040000000000007,0.06826821844823754,18.205293655395508,0.10598671518424702,0.32228390796353407,0.13473908603191376,0.13473908603191376
0.9060000000000007,0.06827218418102331,18.19345474243164,0.10523979683144782,0.32082638222409043,0.13443289697170258,0.13443289697170258
0.9080000000000007,0.06827596967416891,18.18106460571289,0.10446092944616572,0.3193223005309142,0.13410116732120514,0.13410116732120514
0.9100000000000007,0.06827954556022907,18.16805648803711,0.10365011301084866,0.317772027852694,0.1337425857782364,0.1337425857782364
0.9120000000000007,0.06828288159672505,18.154869079589844,0.10280734858666041,0.3161759355076245,0.13335634768009186,0.13335634768009186
0.9140000000000007,0.0682859466604717,18.141311645507812,0.10193263852481263,0.3145344013200274,0.13294075429439545,0.13294075429439545
0.9160000000000007,0.06828870874127776,18.127304077148438,0.10102598668569811,0.31284780979875304,0.13249459862709045,0.13249459862709045
0.9180000000000007,0.06829113493502402,18.113380432128906,0.10008739866673687,0.3111165523389012,0.13201689720153809,0.13201689720153809
0.9200000000000007,0.06829319143612482,18.098651885986328,0.099116882039991,0.3093410274485097,0.13150565326213837,0.13150565326213837
0.9220000000000007,0.06829484352938076,18.083688735961914,0.09811444660076138,0.30752164100196683,0.1309591680765152,0.1309591680765152
0.9240000000000007,0.06829605558122508,18.068618774414062,0.09708010462858029,0.305658806522022,0.13037648797035217,0.13037648797035217
0.9260000000000007,0.0682967910303691,18.053268432617188,0.09601387116222386,0.3037529454924189,0.1297549158334732,0.1297549158334732
0.9280000000000007,0.06829701241497498,18.037477493286133,0.09491574349282511,0.30180448770330975,0.12909281253814697,0.12909281253814697
0.9300000000000007,0.06829668156562846,18.021163940429688,0.09378574935173699,0.29981516516214624,0.12838855385780334,0.12838855385780334
0.9320000000000007,0.06829575978353425,18.00466537475586,0.09262394723376591,0.29778663838840946,0.12764009833335876,0.12764009833335876
0.9340000000000007,0.06829420799833669,17.9879150390625,0.0914303325677085,0.2957204242586456,0.126845121383667,0.126845121383667
0.9360000000000007,0.068291986908437,17.970497131347656,0.09020459238873106,0.29361791776306945,0.12600238621234894,0.12600238621234894
0.9380000000000007,0.06828905710649122,17.952625274658203,0.08894678335918102,0.2914804104262488,0.1251092553138733,0.1251092553138733
0.9400000000000007,0.0682853791920562,17.934627532958984,0.08765703105843137,0.28930910581465025,0.12416432052850723,0.12416432052850723
0.9420000000000007,0.06828091387326454,17.91630744934082,0.08633547857888316,0.28710513263933196,0.12316606193780899,0.12316606193780899
0.9440000000000007,0.06827562205890034,17.897945404052734,0.08498228529020865,0.2848695557794949,0.1221127063035965,0.1221127063035965
0.9460000000000007,0.0682694649313584,17.87948989868164,0.08359762636226907,0.2826033855811085,0.12100347131490707,0.12100347131490707
0.9480000000000007,0.06826270733596411,17.860628128051758,0.08218170914169551,0.2803075557516061,0.1198369637131691,0.1198369637131691
0.9500000000000007,0.06825540052577689,17.877826690673828,0.08080088858184455,0.2779819707421795,0.11866997927427292,0.11866997927427292
0.9520000000000007,0.06824759392803807,17.895919799804688,0.07945510774953901,0.275718953793276,0.11750546097755432,0.11750546097755432
0.9540000000000007,0.06823933440147813,17.91169548034668,0.0781443660836913,0.27351816782155836,0.11634697765111923,0.11634697765111923
0.9560000000000007,0.06823066712390359,17.927692413330078,0.07686861664192424,0.2713793745179849,0.11519745737314224,0.11519745737314224
0.9580000000000007,0.06822163517854317,17.94213104248047,0.07562784409615203,0.26930226575797805,0.11358984559774399,0.11358984559774399
0.9600000000000007,0.06821228762581788,17.955665588378906,0.07441924113241778,0.26728658503538244,0.11200565844774246,0.11200565844774246
0.9620000000000007,0.06820266530789108,17.96724510192871,0.07324317568001273,0.26533520158575036,0.11047634482383728,0.11047634482383728
0.9640000000000007,0.06819280755616332,17.979042053222656,0.07209972560795319,0.2634362594987535,0.10900139808654785,0.10900139808654785
0.9660000000000007,0.06818275207482527,17.990516662597656,0.07098905349262999,0.2615900324571168,0.10758065432310104,0.10758065432310104
0.9680000000000007,0.06817253517377343,18.002174377441406,0.06991149980787514,0.2597967559646751,0.10621348023414612,0.10621348023414612
0.9700000000000008,0.06816219172010342,18.014015197753906,0.06886715636096634,0.25805660610710235,0.10489971190690994,0.10489971190690994
0.9720000000000008,0.06815175528542881,18.025461196899414,0.06785608003752577,0.25636972439940214,0.10363879054784775,0.10363879054784775
0.9740000000000008,0.06814125813267358,18.036388397216797,0.06687832403310838,0.25473620831172605,0.10243022441864014,0.10243022441864014
0.9760000000000008,0.06813073131112049,18.047130584716797,0.06593393336408752,0.25315612589141534,0.1012735664844513,0.1012735664844513
0.9780000000000008,0.06812020466030065,18.05775260925293,0.06502294907921694,0.2516295122018909,0.10016820579767227,0.10016820579767227
0.9800000000000008,0.06810970687289707,18.067764282226562,0.06414540622650099,0.2501563782980871,0.09911353141069412,0.09911353141069412
0.9820000000000008,0.06809926550597133,18.07738494873047,0.06330133637264636,0.248736710541977,0.09810875356197357,0.09810875356197357
0.9840000000000008,0.06808891884014666,18.08678436279297,0.06249076686831387,0.24737047639549517,0.09715323150157928,0.09715323150157928
0.9860000000000008,0.06807896916926558,18.09566879272461,0.06171372249405141,0.24605762505524265,0.09624598175287247,0.09624598175287247
0.9880000000000008,0.0680695251421349,18.10341453552246,0.06097022541043337,0.2447980913992502,0.09538646042346954,0.09538646042346954
0.9900000000000008,0.06806056832112017,18.110733032226562,0.06026029634989726,0.24359179715555204,0.09457375109195709,0.09457375109195709
0.9920000000000008,0.06805208111722107,18.117977142333984,0.05958395492107442,0.24243865373622003,0.09380685538053513,0.09380685538053513
0.9940000000000008,0.0680440467571098,18.124958038330078,0.058941220554540534,0.24133856355435232,0.09308550506830215,0.09308550506830215
0.9960000000000008,0.06803644925776894,18.13184356689453,0.058332112976373085,0.24029142215484975,0.09240826964378357,0.09240826964378357
0.9980000000000008,0.06802927339984367,18.138633728027344,0.057756653003174674,0.23929711949905727,0.09177485853433609,0.09177485853433609
1.0000000000000007,0.06802250470547555,18.14533042907715,0.05721486307427007,0.2383555416262263,0.09118446707725525,0.09118446707725525
1.0020000000000007,0.0680161294161395,18.15192413330078,0.05670676793107414,0.2374665718280103,0.09063630551099777,0.09063630551099777
1.0040000000000007,0.06801013447326225,18.15787124633789,0.05623239513520056,0.23663009197825186,0.09012969583272934,0.09012969583272934
1.0060000000000007,0.0680045074993351,18.163463592529297,0.05579177563532938,0.23584598356990114,0.08966417610645294,0.08966417610645294
1.0080000000000007,0.06799923678083376,18.168651580810547,0.05538494421842193,0.23511412879696786,0.089239202439785,0.089239202439785
1.0100000000000007,0.06799431125176128,18.17363739013672,0.055011939951431846,0.23443441144993812,0.08885413408279419,0.08885413408279419
1.0120000000000007,0.06798972047841474,18.17857551574707,0.05467280652474726,0.23380671780297194,0.08850883692502975,0.08850883692502975
1.0140000000000007,0.06798545464474753,18.18343162536621,0.05436759255012649,0.2332309373739297,0.08820255100727081,0.08820255100727081
1.0160000000000007,0.06798150453858454,18.188270568847656,0.054096351764734346,0.23270696365180185,0.08793506026268005,0.08793506026268005
1.0180000000000007,0.06797786153834474,18.193065643310547,0.053859143167303315,0.2322346947309769,0.08770617842674255,0.08770617842674255
1.0200000000000007,0.06797451760037661,18.197858810424805,0.05365603106033589,0.23181403390290253,0.08751563727855682,0.08751563727855682
1.0220000000000007,0.06797146524669273,18.202571868896484,0.05348708501181628,0.23144489017475417,0.08736301958560944,0.08736301958560944
1.0240000000000007,0.06796869755314602,18.207237243652344,0.05335237972342919,0.23112717874248115,0.08724863827228546,0.08724863827228546
1.0260000000000007,0.06796620813791356,18.211868286132812,0.05325199481373163,0.2308608214033617,0.0871719941496849,0.0871719941496849
1.0280000000000007,0.06796399115028917,18.216426849365234,0.0531860145116486,0.23064574692320067,0.0871332660317421,0.0871332660317421
1.0300000000000007,0.06796204125970576,18.22081756591797,0.05315452726760339,0.23048189135125238,0.0871325358748436,0.0871325358748436
1.0320000000000007,0.06796035364496343,18.225101470947266,0.053157625283460526,0.23036919829151647,0.08716977387666702,0.08716977387666702
1.0340000000000007,0.0679589239836219,18.229368209838867,0.0531954039693046,0.2303076191275516,0.08724504709243774,0.08724504709243774
1.0360000000000007,0.0679577484415228,18.233728408813477,0.05326796133241837,0.23029711320601287,0.08735876530408859,0.08735876530408859
1.0380000000000007,0.06795682366241428,18.238086700439453,0.05337539730780732,0.2303376479781324,0.0875110924243927,0.0875110924243927
1.0400000000000007,0.06795614675764981,18.24229621887207,0.0535178130385363,0.23042919910253065,0.08770216256380081,0.08770216256380081
1.0420000000000007,0.0679557152959385,18.24643325805664,0.05369531011640271,0.23057175050963769,0.08793249726295471,0.08793249726295471
1.0440000000000007,0.0679555272931221,18.25055694580078,0.05390798979293429,0.23076529443016888,0.08820262551307678,0.08820262551307678
1.0460000000000007,0.06795558120196263,18.255027770996094,0.05415595217179342,0.2310098313884847,0.08851271867752075,0.08851271867752075
1.0480000000000007,0.06795587590191891,18.259933471679688,0.054439295393162,0.23130537016280375,0.08886349946260452,0.08886349946260452
1.0500000000000007,0.0679564106888977,18.26504898071289,0.05475811461813638,0.23165192771340692,0.08925537019968033,0.08925537019968033
1.0520000000000007,0.06795718526496397,18.270221710205078,0.05511217138574475,0.23204952908056303,0.0896887257695198,0.0896887257695198
1.0540000000000007,0.06795819972799436,18.275371551513672,0.055501211163505655,0.23249820725350054,0.09016458690166473,0.09016458690166473
1.0560000000000007,0.06795945456126498,18.280521392822266,0.05592525507781438,0.23299800301206144,0.09068339318037033,0.09068339318037033
1.0580000000000007,0.06796095062295682,18.28556251525879,0.05638432232003038,0.23354896474246417,0.09124590456485748,0.09124590456485748
1.0600000000000007,0.06796268913557342,18.290552139282227,0.056878430033694756,0.23415114822879385,0.0918528363108635,0.0918528363108635
1.0620000000000007,0.06796467167525322,18.29546356201172,0.05740759319459922,0.23480461642170963,0.09250469505786896,0.09250469505786896
1.0640000000000007,0.06796690016097594,18.30037498474121,0.05797182448370526,0.23550943918599015,0.09320256859064102,0.09320256859064102
1.0660000000000007,0.06796937684364608,18.30519676208496,0.05857113415297952,0.23626569302844572,0.09394696354866028,0.09394696354866028
1.0680000000000007,0.06797210429505161,18.309783935546875,0.05920552988416898,0.23707346080781777,0.09473856538534164,0.09473856538534164
1.0700000000000007,0.06797508539668375,18.3142032623291,0.059875016640574694,0.23793283142821864,0.09557810425758362,0.09557810425758362
1.0720000000000007,0.06797832332841798,18.318401336669922,0.06057959651186611,0.2388438995177103,0.0964660719037056,0.0964660719037056
1.0740000000000007,0.06798182155704209,18.322391510009766,0.06131926855199465,0.23980676509358012,0.09740336984395981,0.09740336984395981
1.0760000000000007,0.0679855838246301,18.326370239257812,0.06209402861026077,0.24082153321586866,0.09838998317718506,0.09838998317718506
1.0780000000000007,0.06798961413675259,18.330230712890625,0.06290401518283462,0.24188831363068747,0.09942677617073059,0.09942677617073059
1.0800000000000007,0.06799391675052119,18.334129333496094,0.06374999141666297,0.24300722040482073,0.10051371902227402,0.10051371902227402
1.0820000000000007,0.06799849616245614,18.338008880615234,0.0646320617040307,0.24417837155309524,0.10165125876665115,0.10165125876665115
1.0840000000000007,0.06800335709618088,18.34178352355957,0.06555020795587786,0.24540188865993628,0.10283936560153961,0.10283936560153961
1.0860000000000007,0.0680085128058754,18.345985412597656,0.06650440109457142,0.24667789649650398,0.10407856106758118,0.10407856106758118
1.0880000000000007,0.06801397637965736,18.350330352783203,0.06749483668409949,0.24801641481153597,0.10536914318799973,0.10536914318799973
1.0900000000000007,0.06801976080065629,18.35468864440918,0.06852167119085957,0.24941715077314194,0.10671182721853256,0.10671182721853256
1.0920000000000007,0.06802587900075174,18.35895347595215,0.06958502489935872,0.25087987111206494,0.1081073135137558,0.1081073135137558
1.0940000000000007,0.06803234390546055,18.36311149597168,0.07068498464350964,0.25240439451791774,0.1095561534166336,0.1095561534166336
1.0960000000000008,0.06803916847229893,18.367155075073242,0.07182160625890323,0.2539905850664988,0.11105888336896896,0.11105888336896896
1.0980000000000008,0.06804636572201289,18.371200561523438,0.07299491685282124,0.2556383463672205,0.1124383807182312,0.1124383807182312
1.1000000000000008,0.06805393842989171,18.375099182128906,0.07420742318704414,0.25734761645265763,0.11344780772924423,0.11344780772924423
1.1020000000000008,0.06806188976124958,18.379173278808594,0.07545866432491422,0.2591167512712662,0.11446563154459,0.11446563154459
1.1040000000000008,0.06807022318841452,18.38329315185547,0.0767481980145839,0.26094548037948356,0.11548850685358047,0.11548850685358047
1.1060000000000008,0.06807894245967007,18.38760757446289,0.07807559681233252,0.2628335742554327,0.1165136992931366,0.1165136992931366
1.1080000000000008,0.06808805153757051,18.39228057861328,0.07944044642011457,0.2647808372502956,0.11753831803798676,0.11753831803798676
1.1100000000000008,0.0680975331816776,18.397018432617188,0.08084234287763092,0.26678710424233587,0.11855962872505188,0.11855962872505188
1.1120000000000008,0.06810711449291144,18.4017333984375,0.08228089099290595,0.2688522356775032,0.11957529932260513,0.11957529932260513
1.1140000000000008,0.0681162136678374,18.406299591064453,0.08375570222959193,0.2709761146815404,0.12058290094137192,0.12058290094137192
1.1160000000000008,0.06812483888912026,18.406761169433594,0.08519536469477114,0.2731586434522822,0.12153457850217819,0.12153457850217819
1.1180000000000008,0.06813299861193423,18.406082153320312,0.08659967339923214,0.27528651476826566,0.12243421375751495,0.12243421375751495
1.1200000000000008,0.06814070302007262,18.406047821044922,0.08796842263150359,0.27735948597663457,0.12328530102968216,0.12328530102968216
1.1220000000000008,0.06814796265440935,18.405521392822266,0.08930146393877883,0.27937724750289855,0.12409109622240067,0.12409109622240067
1.1240000000000008,0.06815478909736489,18.405223846435547,0.09059865553025673,0.2813395501277206,0.12485478073358536,0.12485478073358536
1.1260000000000008,0.06816119420184154,18.40450668334961,0.09185989187241698,0.2832461142727621,0.1255798637866974,0.1255798637866974
1.1280000000000008,0.06816719038757352,18.40396499633789,0.09308507612294387,0.28509669588757797,0.12626855075359344,0.12626855075359344
1.1300000000000008,0.06817279018968757,18.403223037719727,0.09427413496323339,0.2868910400914409,0.1269243061542511,0.1269243061542511
1.1320000000000008,0.06817800636351129,18.40243148803711,0.09542700340276473,0.28862891541926544,0.12754905223846436,0.12754905223846436
1.1340000000000008,0.06818285160646805,18.401351928710938,0.0965436319966074,0.2903100902730157,0.12814532220363617,0.12814532220363617
1.1360000000000008,0.06818733857156334,18.400123596191406,0.09762397832590487,0.2919343508374867,0.1287148892879486,0.1287148892879486
1.1380000000000008,0.06819147968594803,18.398569107055664,0.09866801033217112,0.2935014892350396,0.1292596459388733,0.1292596459388733
1.1400000000000008,0.06819528712375493,18.39681625366211,0.09967570142767035,0.2950113129916768,0.12978121638298035,0.12978121638298035
1.1420000000000008,0.06819877268074687,18.394824981689453,0.10064703188330944,0.2964636391720501,0.13028042018413544,0.13028042018413544
1.1440000000000008,0.06820194773175926,18.392704010009766,0.1015819859348439,0.2978582994527607,0.13075880706310272,0.13075880706310272
1.1460000000000008,0.0682048231396285,18.390213012695312,0.1024805522220138,0.29919513729086417,0.13121730089187622,0.13121730089187622
1.1480000000000008,0.06820740920951096,18.38748550415039,0.10334272201023596,0.30047401069432916,0.13165634870529175,0.13165634870529175
1.1500000000000008,0.06820971562010764,18.38451385498047,0.1041684891896858,0.30169479090915857,0.13207711279392242,0.13207711279392242
1.1520000000000008,0.06821175138056332,18.381315231323242,0.10495784913523812,0.3028573639653399,0.1324799656867981,0.1324799656867981
1.1540000000000008,0.06821352477718141,18.377849578857422,0.10571079852121366,0.303961630106149,0.13286492228507996,0.13286492228507996
1.1560000000000008,0.06821504333531232,18.374053955078125,0.10642733455859334,0.3050075046678214,0.13323284685611725,0.13323284685611725
1.1580000000000008,0.06821631377754461,18.370140075683594,0.10710745475127831,0.30599491785526667,0.13358357548713684,0.13358357548713684
1.1600000000000008,0.06821734199137616,18.366073608398438,0.1077511563662121,0.30692381524629336,0.13391734659671783,0.13391734659671783
1.1620000000000008,0.0682181329963849,18.36186408996582,0.10835843619104252,0.3077941577140413,0.13423454761505127,0.13423454761505127
1.1640000000000008,0.06821869091772986,18.357765197753906,0.10892929015606244,0.3086059217090472,0.13453486561775208,0.13453486561775208
1.1660000000000008,0.06821901896066425,18.35344886779785,0.10946371312017858,0.30935909922951127,0.13481837511062622,0.13481837511062622
1.1680000000000008,0.06821911938958569,18.348854064941406,0.10996169859822728,0.31005369796363536,0.13508524000644684,0.13508524000644684
1.1700000000000008,0.0682189935087595,18.344085693359375,0.11042323858601451,0.31068974126049753,0.13533517718315125,0.13533517718315125
1.1720000000000008,0.06821864313534844,18.33917999267578,0.11084832336575584,0.31126726817845224,0.1355682611465454,0.1355682611465454
1.1740000000000008,0.06821807006849703,18.334434509277344,0.11123697618728026,0.3117863334356971,0.13578444719314575,0.13578444719314575
1.1760000000000008,0.06821727498158162,18.32971954345703,0.11158923986070447,0.3122469245494538,0.13598357141017914,0.13598357141017914
1.1780000000000008,0.06821625746393177,18.3248291015625,0.1119051499377082,0.31264899789301,0.13616600632667542,0.13616600632667542
1.1800000000000008,0.06821501605893035,18.319746017456055,0.11218473525423192,0.31299254468418614,0.13633079826831818,0.13633079826831818
1.1820000000000008,0.06821354829887323,18.314517974853516,0.11242801841085663,0.313277587581775,0.136478453874588,0.136478453874588
1.1840000000000008,0.06821185073755875,18.309162139892578,0.11263501618673454,0.313504177821342,0.1366090178489685,0.1366090178489685
1.1860000000000008,0.06820991898091451,18.30361557006836,0.11280573991114687,0.31367239277785497,0.13672205805778503,0.13672205805778503
1.1880000000000008,0.06820774771627698,18.29802131652832,0.11294019579274375,0.31378233389970933,0.13681749999523163,0.13681749999523163
1.1900000000000008,0.06820533074055217,18.292308807373047,0.11303838522091193,0.3138341249406219,0.13689576089382172,0.13689576089382172
1.1920000000000008,0.06820266098765256,18.286380767822266,0.11310030504082971,0.31382791044778624,0.13695640861988068,0.13695640861988068
1.1940000000000008,0.06819973055538314,18.28033447265625,0.11312594781105431,0.31376385445752797,0.13699908554553986,0.13699908554553986
1.1960000000000008,0.06819653073201974,18.274127960205078,0.11311530204552098,0.31364213936792434,0.1370241940021515,0.1370241940021515
1.1980000000000008,0.0681930520227139,18.267738342285156,0.11306835244546021,0.31346296495566794,0.13703115284442902,0.13703115284442902
1.2000000000000008,0.06818928417587528,18.26104736328125,0.11298508012295201,0.31322654751508233,0.137020543217659,0.137020543217659
1.2020000000000008,0.06818521613978956,18.254234313964844,0.11286554115399898,0.3129331190971426,0.1369916796684265,0.1369916796684265
1.2040000000000008,0.06818083609004008,18.247257232666016,0.11270979138219936,0.3125830075846116,0.1369449347257614,0.1369449347257614
1.2060000000000008,0.06817613146392514,18.23992347717285,0.11251788324331483,0.31217657711690955,0.1368798017501831,0.1368798017501831
1.2080000000000009,0.06817108899010915,18.23249053955078,0.11228986644973944,0.311714221681829,0.13679656386375427,0.13679656386375427
1.2100000000000009,0.068165694719927,18.224998474121094,0.11202578849728448,0.3111963622248114,0.13669507205486298,0.13669507205486298
1.2120000000000009,0.0681599340561663,18.217283248901367,0.1117256952080282,0.31062344403731623,0.13657522201538086,0.13657522201538086
1.2140000000000009,0.06815379178284568,18.209468841552734,0.11138963117132736,0.30999593460189984,0.13643626868724823,0.13643626868724823
1.2160000000000009,0.06814725209374155,18.201305389404297,0.11101764019657706,0.30931432165678335,0.13627882301807404,0.13627882301807404
1.2180000000000009,0.06814029862159322,18.19253921508789,0.11060976570696351,0.30857911155881645,0.13610270619392395,0.13610270619392395
1.2200000000000009,0.06813291446676899,18.183691024780273,0.11016605113483532,0.30779082781237044,0.13590779900550842,0.13590779900550842
1.2220000000000009,0.0681250822264464,18.174606323242188,0.10968654028258767,0.3069500097962624,0.13569344580173492,0.13569344580173492
1.2240000000000009,0.06811678402364763,18.16533660888672,0.1091712776815801,0.30605721161338534,0.13545973598957062,0.13545973598957062
1.2260000000000009,0.0681080015366927,18.1558837890625,0.1086203089307899,0.3051130010738099,0.135206937789917,0.135206937789917
1.2280000000000009,0.06809871602870589,18.146133422851562,0.10803368103273367,0.3041179587677348,0.1349339336156845,0.1349339336156845
1.2300000000000009,0.0680890421479704,18.136249542236328,0.10741144271744613,0.3030726772299711,0.13464102149009705,0.13464102149009705
1.2320000000000009,0.06807926639315735,18.12603187561035,0.1067536447640138,0.301977760170256,0.13432760536670685,0.13432760536670685
1.2340000000000009,0.06806941579335665,18.11542510986328,0.10606034031505344,0.300833821767733,0.13399340212345123,0.13399340212345123
1.2360000000000009,0.06805950828503407,18.104251861572266,0.1053315851892867,0.29964148601424123,0.1336382031440735,0.1336382031440735
1.2380000000000009,0.06804956191091435,18.093063354492188,0.10456743987668073,0.298401386103937,0.133261039853096,0.133261039853096
1.2400000000000009,0.06803959443401784,18.08167266845703,0.10376798897924204,0.2971141287383888,0.1328616440296173,0.1328616440296173
1.2420000000000009,0.06802962338897854,18.070011138916016,0.10293331233953172,0.29577988818904993,0.132439523935318,0.132439523935318
1.2440000000000009,0.06801966613090726,18.058128356933594,0.1020634857047616,0.29439886903987456,0.13199372589588165,0.13199372589588165
1.2460000000000009,0.06800973988031758,18.046289443969727,0.10115858137760801,0.2929713041752576,0.13152329623699188,0.13152329623699188
1.2480000000000009,0.06799986176560781,18.034832000732422,0.10021866880690489,0.2914974530478026,0.13102780282497406,0.13102780282497406
1.2500000000000009,0.06799004886247335,18.02306365966797,0.0992438151608896,0.2899776001373433,0.13050569593906403,0.13050569593906403
1.252000000000001,0.06798031823108568,18.010601043701172,0.09823408585997724,0.2884120536334616,0.12995652854442596,0.12995652854442596
1.254000000000001,0.06797068695081707,17.997974395751953,0.09718954509312733,0.2868011442899027,0.12937836349010468,0.12937836349010468
1.256000000000001,0.06796117215300573,17.985057830810547,0.09611025630716212,0.28514522446394547,0.12877045571804047,0.12877045571804047
1.258000000000001,0.06795179105172756,17.972606658935547,0.0949962822658987,0.28344466730994494,0.1281309723854065,0.1281309723854065
1.260000000000001,0.06794256097288451,17.959625244140625,0.09384763116753916,0.2816998661311283,0.12745866179466248,0.12745866179466248
1.262000000000001,0.06793350250448905,17.946380615234375,0.09266432041003882,0.27991123387098177,0.12675124406814575,0.12675124406814575
1.264000000000001,0.06792463872844964,17.933103561401367,0.0914465323290076,0.2780792027445651,0.12600797414779663,0.12600797414779663
1.266000000000001,0.06791599188067951,17.919811248779297,0.09019457925051552,0.27620440981643035,0.12522652745246887,0.12522652745246887
1.268000000000001,0.06790758329439506,17.90658950805664,0.08890878694271317,0.274287692300798,0.12440565973520279,0.12440565973520279
1.270000000000001,0.06789943334237497,17.89337158203125,0.08758949524611898,0.2723299164511083,0.12354355305433273,0.12354355305433273
1.272000000000001,0.06789156137848947,17.880022048950195,0.08623705868188684,0.27033197678489634,0.12263858318328857,0.12263858318328857
1.274000000000001,0.06788398567865948,17.86660385131836,0.084851847042565,0.2682947953435123,0.12168906629085541,0.12168906629085541
1.276000000000001,0.06787672338153633,17.853303909301758,0.08343424596065273,0.2662193209856712,0.12069408595561981,0.12069408595561981
1.278000000000001,0.06787005890089959,17.840072631835938,0.08198465745660657,0.264106528701458,0.11965183913707733,0.11965183913707733
1.280000000000001,0.06786395002077532,17.85563850402832,0.0805747814415648,0.261957418943231,0.11861483007669449,0.11861483007669449
1.282000000000001,0.06785835801458816,17.871681213378906,0.07920439849256435,0.2598680435689164,0.1175851821899414,0.1175851821899414
1.284000000000001,0.06785324678337984,17.885366439819336,0.07787334733859957,0.2578383585303957,0.11656555533409119,0.11656555533409119
1.286000000000001,0.06784858289232315,17.898906707763672,0.07658145966124559,0.25586834674738684,0.11505810171365738,0.11505810171365738
1.288000000000001,0.0678443374458658,17.910968780517578,0.07532602845563731,0.25395791978234367,0.11341004818677902,0.11341004818677902
1.290000000000001,0.06784048229355644,17.925107955932617,0.07410734177742306,0.2521083053830767,0.11181975901126862,0.11181975901126862
1.292000000000001,0.06783699003920422,17.937984466552734,0.07292567684434022,0.25031906188469294,0.11028534173965454,0.11028534173965454
1.294000000000001,0.06783383411537337,17.950965881347656,0.07178128552336627,0.24858978039594917,0.1088060513138771,0.1088060513138771
1.296000000000001,0.06783098882040732,17.96337890625,0.07067440713468512,0.2469200574242886,0.10738130658864975,0.10738130658864975
1.298000000000001,0.06782842935243719,17.975509643554688,0.06960526139628413,0.2453095131438193,0.1060108169913292,0.1060108169913292
1.300000000000001,0.06782613184618452,17.986812591552734,0.06857405547609535,0.2437577768374599,0.10469438880681992,0.10469438880681992
1.302000000000001,0.06782407338930098,17.997188568115234,0.06758098071020278,0.24226449655621785,0.1034325659275055,0.1034325659275055
1.304000000000001,0.06782223205058201,18.00690460205078,0.06662621662076276,0.2408293314268619,0.10222505033016205,0.10222505033016205
1.306000000000001,0.06782058688774735,18.016218185424805,0.06570992952872035,0.23945195683324152,0.10107235610485077,0.10107235610485077
1.308000000000001,0.06781911780964517,18.02375030517578,0.06483227494602747,0.23813206042073698,0.09997465461492538,0.09997465461492538
1.310000000000001,0.06781780636594538,18.030860900878906,0.06399318164002306,0.23686003262722946,0.0989319309592247,0.0989319309592247
1.312000000000001,0.06781663560399187,18.03772735595703,0.06319258718821986,0.23563630293749252,0.09794418513774872,0.09794418513774872
1.314000000000001,0.06781558993665572,18.044179916381836,0.0624304530247522,0.23446123493388193,0.09701119363307953,0.09701119363307953
1.316000000000001,0.06781465503304028,18.05016326904297,0.06170674570822973,0.23333513258498745,0.09613224118947983,0.09613224118947983
1.318000000000001,0.06781381771838918,18.055274963378906,0.06102141606952053,0.23225824770513764,0.09530752897262573,0.09530752897262573
1.320000000000001,0.06781306589033663,18.06037139892578,0.06037442160509384,0.23123078556388146,0.09453602880239487,0.09453602880239487
1.322000000000001,0.06781238844281262,18.065242767333984,0.05976572555464948,0.23025291091001107,0.09381760656833649,0.09381760656833649
1.324000000000001,0.06781177520162479,18.06963348388672,0.059195296280950084,0.22932475283630402,0.09315164387226105,0.09315164387226105
1.326000000000001,0.06781121686629296,18.07391929626465,0.05866310652368624,0.22844640969042565,0.09253735840320587,0.09253735840320587
1.328000000000001,0.06781070496026267,18.078243255615234,0.058169132857528213,0.22761795322066133,0.09197446703910828,0.09197446703910828
1.330000000000001,0.06781023178612677,18.08254623413086,0.05771335510473074,0.22683943260070202,0.09146221727132797,0.09146221727132797
1.332000000000001,0.0678097903868904,18.086912155151367,0.05729575587302541,0.22611087792115891,0.09100012481212616,0.09100012481212616
1.334000000000001,0.06780937451118257,18.091236114501953,0.056916320086396945,0.22543230349497365,0.09058758616447449,0.09058758616447449
1.336000000000001,0.06780897858284197,18.095508575439453,0.0565750345961984,0.2248037107716041,0.09022428095340729,0.09022428095340729
1.338000000000001,0.06780859767356638,18.099843978881836,0.05627188780195076,0.22422509104974836,0.08990946412086487,0.08990946412086487
1.340000000000001,0.06780822747874259,18.10413360595703,0.05600686932600838,0.22369642789004926,0.08964269608259201,0.08964269608259201
1.342000000000001,0.06780786429561766,18.10800552368164,0.05577996970399616,0.22321769933379773,0.08942389488220215,0.08942389488220215
1.344000000000001,0.0678075050037837,18.11174774169922,0.05559118011284304,0.2227888798831862,0.08925248682498932,0.08925248682498932
1.346000000000001,0.06780714704743113,18.11544418334961,0.05544049211553612,0.22240994230420982,0.0891280248761177,0.0891280248761177
1.348000000000001,0.06780678841927752,18.11919403076172,0.05532789743297115,0.2220808592347239,0.08905047923326492,0.08905047923326492
1.350000000000001,0.06780642764581404,18.122913360595703,0.05525338773117251,0.22180160463434775,0.08901956677436829,0.08901956677436829
1.352000000000001,0.06780606377375739,18.126523971557617,0.055216954428465345,0.22157215507176853,0.08903499692678452,0.08903499692678452
1.354000000000001,0.06780569635746696,18.130138397216797,0.055218588515779925,0.22139249087261526,0.08909670263528824,0.08909670263528824
1.356000000000001,0.0678053254472165,18.13391876220703,0.05525828039179223,0.22126259712946067,0.08920459449291229,0.08920459449291229
1.358000000000001,0.0678049515781571,18.13776206970215,0.05533601970874256,0.22118246458945504,0.08935873210430145,0.08935873210430145
1.360000000000001,0.06780457575987363,18.141708374023438,0.05545179522925069,0.22115209042365355,0.08955887705087662,0.08955887705087662
1.362000000000001,0.06780419946642012,18.145687103271484,0.05560559469145075,0.22117147888906044,0.08980529010295868,0.08980529010295868
1.364000000000001,0.06780382462675108,18.14971351623535,0.05579740468212487,0.22124064188829648,0.09009789675474167,0.09009789675474167
1.366000000000001,0.06780345361546687,18.15380096435547,0.056027210516002256,0.22135959943519087,0.09043699502944946,0.09043699502944946
1.368000000000001,0.06780308924380823,18.157962799072266,0.05629499612065108,0.22152838003129643,0.09082259237766266,0.09082259237766266
1.370000000000001,0.06780273475083486,18.162166595458984,0.056600743925630616,0.2217470209599297,0.09125486016273499,0.09125486016273499
1.372000000000001,0.0678023937947402,18.16625213623047,0.0569444347552547,0.22201556850251955,0.09173384308815002,0.09173384308815002
1.374000000000001,0.06780207044425397,18.17040252685547,0.05732604772395293,0.22233407808276495,0.09226007759571075,0.09226007759571075
1.376000000000001,0.06780176917009006,18.174610137939453,0.05774556013360232,0.22270261434307279,0.09283337742090225,0.09283337742090225
1.378000000000001,0.06780149483640695,18.178852081298828,0.058202947372022196,0.22312125115805637,0.0934542641043663,0.0934542641043663
1.380000000000001,0.06780125269224521,18.183208465576172,0.05869818281206247,0.22359007158924699,0.09412269294261932,0.09412269294261932
1.382000000000001,0.06780104836291773,18.18759536743164,0.059231237710643564,0.2241091677852895,0.094838947057724,0.094838947057724
1.384000000000001,0.0678008878413234,18.192012786865234,0.05980208110723721,0.22467864083151864,0.09560322016477585,0.09560322016477585
1.386000000000001,0.06780077747916387,18.19643783569336,0.060410679721277755,0.22529860055280068,0.09641531109809875,0.09641531109809875
1.388000000000001,0.067800723978045,18.200878143310547,0.06105699668717733,0.22596916527330918,0.09727562963962555,0.09727562963962555
1.390000000000001,0.06780073438043951,18.20526885986328,0.061740962605210115,0.2266904615368496,0.0981840118765831,0.0981840118765831
1.392000000000001,0.06780081606050083,18.209447860717773,0.062462515399772364,0.22746262379117543,0.09914027154445648,0.09914027154445648
1.394000000000001,0.0678009767147092,18.213401794433594,0.06322160079925099,0.22828579403969346,0.10014458000659943,0.10014458000659943
1.396000000000001,0.0678012243523359,18.217330932617188,0.06401816056037585,0.22916012146381065,0.10119642317295074,0.10119642317295074
1.398000000000001,0.06780156664553731,18.221817016601562,0.06485213228605632,0.23008576201910233,0.102295882999897,0.102295882999897
1.400000000000001,0.06780201207500473,18.226238250732422,0.0657236560526719,0.23107186075606007,0.10344349592924118,0.10344349592924118
1.402000000000001,0.06780256991119497,18.230724334716797,0.06663284629078035,0.23211826582729822,0.10463963449001312,0.10463963449001312
1.404000000000001,0.06780325019394517,18.235485076904297,0.0675797934673793,0.23322488445383444,0.10588454455137253,0.10588454455137253
1.406000000000001,0.06780406371234532,18.240737915039062,0.06856456563066105,0.23439167536345565,0.10717868059873581,0.10717868059873581
1.408000000000001,0.0678050219834858,18.245738983154297,0.06958720973099668,0.23561864223265616,0.10852252691984177,0.10852252691984177
1.410000000000001,0.06780613723100846,18.250648498535156,0.07064775281439167,0.23690582783707279,0.10991638153791428,0.10991638153791428
1.412000000000001,0.06780742236283646,18.25562286376953,0.07174620304803044,0.23825330892228602,0.11136120557785034,0.11136120557785034
1.414000000000001,0.06780889094854194,18.26043701171875,0.07288255063354415,0.23966119161656155,0.11241855472326279,0.11241855472326279
1.416000000000001,0.06781055690376633,18.265247344970703,0.07405931934457578,0.24112960736988856,0.1133134588599205,0.1133134588599205
1.418000000000001,0.0678124339817,18.270021438598633,0.07527606459777406,0.24265782081701426,0.1142251268029213,0.1142251268029213
1.420000000000001,0.06781453578185731,18.274967193603516,0.07653236264582676,0.24424558394256513,0.11515124142169952,0.11515124142169952
1.422000000000001,0.06781687574633229,18.279895782470703,0.07782780766185339,0.24589269380768125,0.11608989536762238,0.11608989536762238
1.424000000000001,0.06781946716418187,18.2847900390625,0.07916201018930429,0.24759898566485677,0.11703911423683167,0.11703911423683167
1.426000000000001,0.06782232317008688,18.290035247802734,0.08053459475497542,0.2493643286230648,0.11799710988998413,0.11799710988998413
1.428000000000001,0.06782545674572524,18.295181274414062,0.08194519826037375,0.2511886206300711,0.11896216124296188,0.11896216124296188
1.430000000000001,0.06782888071836694,18.300329208374023,0.0833934679756549,0.2530717849355092,0.11993224918842316,0.11993224918842316
1.432000000000001,0.06783240196968077,18.30548858642578,0.08487905999260817,0.2550137663337365,0.12090662121772766,0.12090662121772766
1.434000000000001,0.06783600226258987,18.306711196899414,0.08633003371617248,0.2570145282923836,0.1218402236700058,0.1218402236700058
1.436000000000001,0.06783966386549029,18.307361602783203,0.08774637441114616,0.25896216313555603,0.12273523211479187,0.12273523211479187
1.438000000000001,0.0678433695495078,18.30832290649414,0.08912802928975709,0.260856720096878,0.12359467148780823,0.12359467148780823
1.440000000000001,0.06784710257444748,18.308940887451172,0.09047496109867816,0.2626981686717415,0.12442076206207275,0.12442076206207275
1.442000000000001,0.0678508467536585,18.309547424316406,0.09178711187079248,0.26448647573573314,0.1252158135175705,0.1252158135175705
1.444000000000001,0.06785458640566495,18.30984115600586,0.09306443181320904,0.26622155987454643,0.1259816586971283,0.1259816586971283
1.446000000000001,0.06785830642200225,18.310077667236328,0.09430694548411601,0.2679033322571486,0.12672004103660583,0.12672004103660583
1.448000000000001,0.06786199222266137,18.31012535095215,0.09551466789300186,0.2695316747292944,0.12743328511714935,0.12743328511714935
1.450000000000001,0.06786562980923554,18.310081481933594,0.09668753116759567,0.27110646181938053,0.12812195718288422,0.12812195718288422
1.452000000000001,0.06786920573307664,18.309833526611328,0.09782546779385463,0.2726275506126999,0.1287883222103119,0.1287883222103119
1.454000000000001,0.06787270713261645,18.309446334838867,0.09892840592772253,0.2740947928454222,0.12943300604820251,0.12943300604820251
1.456000000000001,0.0678761217133895,18.308900833129883,0.09999627414645304,0.2755080305200961,0.1300569623708725,0.1300569623708725
1.458000000000001,0.06787943777298637,18.308116912841797,0.10102899920093064,0.2768671027224718,0.13066132366657257,0.13066132366657257
1.460000000000001,0.06788264418976549,18.306991577148438,0.10202650864637038,0.2781718439599119,0.1312466710805893,0.1312466710805893
1.462000000000001,0.06788573043925435,18.30562973022461,0.10298872980637806,0.27942208811725583,0.13181327283382416,0.13181327283382416
1.464000000000001,0.06788868658853363,18.30394172668457,0.1039155912505698,0.2806176680294463,0.13236168026924133,0.13236168026924133
1.466000000000001,0.06789150330706206,18.302135467529297,0.10480702234451986,0.2817584178508189,0.13289286196231842,0.13289286196231842
1.468000000000001,0.06789417186448213,18.300168991088867,0.10566295408863284,0.28284417314349436,0.133406400680542,0.133406400680542
1.470000000000001,0.06789668413789586,18.298004150390625,0.10648331893795582,0.28387477234421693,0.13390249013900757,0.13390249013900757
1.472000000000001,0.0678990326115703,18.295734405517578,0.10726805127756456,0.28485005703478483,0.13438129425048828,0.13438129425048828
1.474000000000001,0.06790121038194741,18.293502807617188,0.10801708735430623,0.2857698728831839,0.13484300673007965,0.13484300673007965
1.476000000000001,0.0679032111582742,18.29104232788086,0.10873036553698737,0.2866340699520808,0.13528764247894287,0.13528764247894287
1.478000000000001,0.06790502926610716,18.288358688354492,0.10940782628195189,0.28744250332914584,0.13571502268314362,0.13571502268314362
1.480000000000001,0.0679066596482673,18.28550148010254,0.11004941225826871,0.28819503342136943,0.13612495362758636,0.13612495362758636
1.482000000000001,0.06790809786726805,18.282447814941406,0.11065506830878011,0.2888915264028621,0.13651758432388306,0.13651758432388306
1.484000000000001,0.06790934010622289,18.279327392578125,0.11122474148353628,0.28953185448569935,0.13689301908016205,0.13689301908016205
1.486000000000001,0.06791038317043462,18.27589988708496,0.1117583809772945,0.2901158962662016,0.13725046813488007,0.13725046813488007
1.488000000000001,0.06791122448802442,18.272132873535156,0.11225593809414088,0.290643536982066,0.13759048283100128,0.13759048283100128
1.490000000000001,0.06791186211080028,18.268047332763672,0.11271736615158869,0.2911146688117385,0.1379123330116272,0.1379123330116272
1.492000000000001,0.0679122942355129,18.263751983642578,0.11314262038804483,0.29152919113535114,0.1382160782814026,0.1382160782814026
1.494000000000001,0.0679125192906426,18.25930404663086,0.11353163358664542,0.2918870108268217,0.13850168883800507,0.13850168883800507
1.496000000000001,0.06791253657108205,18.25478744506836,0.11388432255230858,0.2921882994838483,0.1387690156698227,0.1387690156698227
1.498000000000001,0.0679123462081016,18.25011444091797,0.11420062190656818,0.29243349047376227,0.13901759684085846,0.13901759684085846
1.500000000000001,0.0679119491416055,18.245323181152344,0.11448048115971143,0.29262297964835327,0.13924744725227356,0.13924744725227356
1.5020000000000011,0.0679113470943395,18.240480422973633,0.1147238623038415,0.29275713412977966,0.13945773243904114,0.13945773243904114
1.5040000000000011,0.06791054254777212,18.23556900024414,0.11493073783557335,0.29283629956134744,0.13964936137199402,0.13964936137199402
1.5060000000000011,0.06790953871936281,18.230533599853516,0.11510108913548568,0.29286080608545073,0.1398216336965561,0.1398216336965561
1.5080000000000011,0.067908339540978,18.225234985351562,0.11523490514182916,0.2928309732698731,0.13997440040111542,0.13997440040111542
1.5100000000000011,0.06790694963822541,18.219646453857422,0.1153321812682848,0.2927471141643207,0.1401076316833496,0.1401076316833496
1.5120000000000011,0.06790537431051256,18.214004516601562,0.11539291852318054,0.2926095386394849,0.14022095501422882,0.14022095501422882
1.5140000000000011,0.06790362123790271,18.208406448364258,0.11541712279581387,0.29241855613388273,0.14031463861465454,0.14031463861465454
1.5160000000000011,0.06790170004171005,18.20266342163086,0.11540476598378611,0.2921744779128427,0.14038825035095215,0.14038825035095215
1.5180000000000011,0.06789962078772223,18.19681739807129,0.11535578138096336,0.2918776182840937,0.1404409557580948,0.1404409557580948
1.5200000000000011,0.06789739393269756,18.190834045410156,0.11527008721275009,0.2915283250989549,0.1404729187488556,0.1404729187488556
1.5220000000000011,0.06789503027138465,18.184749603271484,0.11514758917712009,0.2911270011797114,0.14048343896865845,0.14048343896865845
1.5240000000000011,0.06789254062278516,18.178592681884766,0.11498818291607589,0.29067410040973074,0.14047203958034515,0.14047203958034515
1.5260000000000011,0.06788993297779346,18.172435760498047,0.11479176435427724,0.2901701240409006,0.1404387503862381,0.1404387503862381
1.5280000000000011,0.0678872159183369,18.166194915771484,0.11455832047868836,0.2896156087414271,0.14038300514221191,0.14038300514221191
1.5300000000000011,0.06788439856439651,18.159805297851562,0.1142878525498091,0.28901102578275667,0.1402181088924408,0.1402181088924408
1.5320000000000011,0.06788149052597536,18.15325927734375,0.11398037428103855,0.2883568382790293,0.1398392766714096,0.1398392766714096
1.5340000000000011,0.06787850185880209,18.146560668945312,0.11363591041177262,0.2876535053491515,0.1394464671611786,0.1394464671611786
1.5360000000000011,0.0678754430230876,18.139663696289062,0.11325449559062217,0.2869014854611043,0.13904044032096863,0.13904044032096863
1.5380000000000011,0.0678723248445624,18.132598876953125,0.11283617351918815,0.286101239104796,0.13862206041812897,0.13862206041812897
1.5400000000000011,0.06786915847731448,18.12537956237793,0.11238099630283918,0.28525323092530863,0.1381923109292984,0.1381923109292984
1.5420000000000011,0.06786595536794485,18.118282318115234,0.11188902397459465,0.28435793141561433,0.13775217533111572,0.13775217533111572
1.5440000000000011,0.06786272722071887,18.11153793334961,0.11136032415761828,0.28341581825555234,0.13730274140834808,0.13730274140834808
1.5460000000000012,0.06785948596341504,18.104637145996094,0.1107949718432994,0.28242737736333623,0.13684485852718353,0.13684485852718353
1.5480000000000012,0.06785624372933495,18.09690284729004,0.11019304926255888,0.28139310371643594,0.1363799124956131,0.1363799124956131
1.5500000000000012,0.06785301362337605,18.088943481445312,0.10955464676892093,0.2803135019857465,0.13590885698795319,0.13590885698795319
1.5520000000000012,0.06784980858395599,18.080778121948242,0.10887991317048296,0.27918907714392827,0.13543207943439484,0.13543207943439484
1.5540000000000012,0.06784664137947279,18.072345733642578,0.10816899593014977,0.27801980140648397,0.13494962453842163,0.13494962453842163
1.5560000000000012,0.06784352460306187,18.063697814941406,0.10742204265733603,0.27680568325571614,0.13446205854415894,0.13446205854415894
1.5580000000000012,0.0678404706653569,18.05496597290039,0.10663920248496234,0.27554676844680803,0.13396985828876495,0.13396985828876495
1.5600000000000012,0.06783749178529655,18.046127319335938,0.10582062685984168,0.2742431408159249,0.13347388803958893,0.13347388803958893
1.5620000000000012,0.06783460001582929,18.036937713623047,0.10496636374960643,0.2728949229086941,0.13297471404075623,0.13297471404075623
1.5640000000000012,0.06783180722517997,18.02750015258789,0.10407654605085317,0.27150227648317016,0.13247379660606384,0.13247379660606384
1.5660000000000012,0.06782912504832653,18.017873764038086,0.10315143863247046,0.27006563452011456,0.13197262585163116,0.13197262585163116
1.5680000000000012,0.06782656485747315,18.00826072692871,0.10219130750982694,0.2685856499968045,0.1314728856086731,0.1314728856086731
1.5700000000000012,0.06782413773158129,17.99859046936035,0.10119642092716659,0.2670629926116956,0.13097640872001648,0.13097640872001648
1.5720000000000012,0.0678218544249895,17.988574981689453,0.10016705036661472,0.26549834889812757,0.1304851621389389,0.1304851621389389
1.5740000000000012,0.06781972533517586,17.978492736816406,0.09910347149999398,0.2638924223667925,0.1300009936094284,0.1300009936094284
1.5760000000000012,0.0678177604696997,17.96833610534668,0.09800596508776387,0.26224593367577975,0.12952633202075958,0.12952633202075958
1.5780000000000012,0.06781596941238546,17.95810317993164,0.096874817835528,0.26055962081908296,0.12906308472156525,0.12906308472156525
1.5800000000000012,0.0678143612888024,17.94769287109375,0.09571032321216334,0.2588342393320431,0.1286136358976364,0.1286136358976364
1.5820000000000012,0.06781294473111406,17.937246322631836,0.09451278223648978,0.2570705625080338,0.12818005681037903,0.12818005681037903
1.5840000000000012,0.0678117278423605,17.926738739013672,0.09328250423589178,0.25526938162485824,0.12734907865524292,0.12734907865524292
1.5860000000000012,0.06781071816026008,17.916141510009766,0.0920198075815483,0.253431506177121,0.12629736959934235,0.12629736959934235
1.5880000000000012,0.06780992262061226,17.90544891357422,0.09072502040295134,0.2515577641130878,0.12525251507759094,0.12525251507759094
1.5900000000000012,0.06780934752039632,17.894500732421875,0.0893984812848608,0.2496490020733481,0.12421655654907227,0.12421655654907227
1.5920000000000012,0.06780899848066267,17.883567810058594,0.08804053994867017,0.24770608562978388,0.123191699385643,0.123191699385643
1.5940000000000012,0.06780888040932669,17.872486114501953,0.08665155792025184,0.2457298995226383,0.12217990309000015,0.12217990309000015
1.5960000000000012,0.06780899746397917,17.86093521118164,0.0852319091856157,0.2437213478940615,0.12118340283632278,0.12118340283632278
1.5980000000000012,0.06780932108920365,17.84909439086914,0.08378205524249775,0.24168135451603526,0.11942388862371445,0.11942388862371445
1.6000000000000012,0.06780982273710794,17.861129760742188,0.08237192484864578,0.23961086301080228,0.11747582256793976,0.11747582256793976
1.6020000000000012,0.06781047455347236,17.87388038635254,0.08100167595123899,0.23760092667944532,0.11562778800725937,0.11562778800725937
1.6040000000000012,0.06781125048909366,17.88506507873535,0.07967146010328971,0.23565117458393034,0.11387162655591965,0.11387162655591965
1.6060000000000012,0.06781212540375824,17.895130157470703,0.07838140650114256,0.23376126193830254,0.11219926923513412,0.11219926923513412
1.6080000000000012,0.06781307570437112,17.90430450439453,0.07713164818923782,0.23193082281003194,0.1106037050485611,0.1106037050485611
1.6100000000000012,0.0678140788201675,17.91373062133789,0.07592230366038438,0.23015950729212362,0.10907907038927078,0.10907907038927078
1.6120000000000012,0.06781511356004105,17.922603607177734,0.07475349093302322,0.2284469565637396,0.10762031376361847,0.10762031376361847
1.6140000000000012,0.0678161598067131,17.931245803833008,0.07362531798479285,0.22679282349476793,0.10622385889291763,0.10622385889291763
1.6160000000000012,0.06781719871123414,17.939464569091797,0.07253789039949997,0.22519675975357364,0.10488633811473846,0.10488633811473846
1.6180000000000012,0.06781821251408876,17.947223663330078,0.07149130647955594,0.2236584274424033,0.10360608249902725,0.10360608249902725
1.6200000000000012,0.06781918464702341,17.954734802246094,0.07048566147987705,0.22217749267636325,0.10238132625818253,0.10238132625818253
1.6220000000000012,0.0678200996268483,17.961538314819336,0.06952104519419133,0.220753632353564,0.10121115297079086,0.10121115297079086
1.6240000000000012,0.06782094310537978,17.968048095703125,0.06859754437180621,0.21938653119165652,0.10009509325027466,0.10009509325027466
1.6260000000000012,0.06782170180454754,17.97429656982422,0.06771524160529836,0.21807588584467907,0.09903257340192795,0.09903257340192795
1.6280000000000012,0.06782236353774553,17.9801082611084,0.06687421677198561,0.21682140376746975,0.09802347421646118,0.09802347421646118
1.6300000000000012,0.06782291716831929,17.98590087890625,0.06607454659707075,0.21562280586770344,0.09706788510084152,0.09706788510084152
1.6320000000000012,0.06782335261543625,17.991744995117188,0.06531630556131747,0.21447982631497362,0.09616588801145554,0.09616588801145554
1.6340000000000012,0.06782366082581574,17.997337341308594,0.06459956580289486,0.2133922143632295,0.09531736373901367,0.09531736373901367
1.6360000000000012,0.06782383377139464,18.002933502197266,0.06392439772018467,0.2123597346234247,0.09452234208583832,0.09452234208583832
1.6380000000000012,0.06782386442860343,18.00857925415039,0.06329087002866178,0.2113821683927133,0.09378106892108917,0.09378106892108917
1.6400000000000012,0.06782374677181198,18.014102935791016,0.06269905017510985,0.2104593141260026,0.09309329092502594,0.09309329092502594
1.6420000000000012,0.0678234757569594,18.019502639770508,0.06214900444730277,0.20959098844708307,0.09245912730693817,0.09245912730693817
1.6440000000000012,0.06782304731292411,18.024946212768555,0.0616407982567371,0.20877702667101014,0.0918784812092781,0.0918784812092781
1.6460000000000012,0.0678224733205769,18.030094146728516,0.06117449624288361,0.2080172835857179,0.09135106205940247,0.09135106205940247
1.6480000000000012,0.06782180007176224,18.0350399017334,0.06075016245130517,0.20731163394022906,0.09087705612182617,0.09087705612182617
1.6500000000000012,0.06782102297323532,18.040048599243164,0.06036786039899793,0.2066599730391594,0.09045574814081192,0.09045574814081192
1.6520000000000012,0.06782013400497275,18.045242309570312,0.06002765316042805,0.20606221714629194,0.09008750319480896,0.09008750319480896
1.6540000000000012,0.06781912633862042,18.050411224365234,0.05972960337553225,0.20551830391032938,0.08977188915014267,0.08977188915014267
1.6560000000000012,0.06781799433010124,18.055559158325195,0.05947377325074909,0.205028192652811,0.08950883895158768,0.08950883895158768
1.6580000000000013,0.06781673351176522,18.06049156188965,0.059260224501512936,0.204591864631569,0.08929795771837234,0.08929795771837234
1.6600000000000013,0.06781534058540915,18.065296173095703,0.05908901827482725,0.20420932319354523,0.08913902938365936,0.08913902938365936
1.6620000000000013,0.06781381341522368,18.070194244384766,0.05896021502590604,0.20388059387726057,0.08903215080499649,0.08903215080499649
1.6640000000000013,0.0678121510213407,18.074691772460938,0.05887387437086645,0.20360572441865296,0.08897697180509567,0.08897697180509567
1.6660000000000013,0.06781035357350608,18.078981399536133,0.05883005490347963,0.20338478469254276,0.08897344022989273,0.08897344022989273
1.6680000000000013,0.06780842238521799,18.083221435546875,0.05882876521207143,0.20321786656519014,0.08902143687009811,0.08902143687009811
1.6700000000000013,0.06780635990808605,18.087413787841797,0.058869749124766925,0.20310508367560798,0.08912073820829391,0.08912073820829391
1.6720000000000013,0.06780416972658908,18.091609954833984,0.058952951978243066,0.20304657113315916,0.0892714336514473,0.0892714336514473
1.6740000000000013,0.0678018565531022,18.095802307128906,0.05907835994029081,0.20304248514171194,0.08947353810071945,0.08947353810071945
1.6760000000000013,0.0677994262232822,18.100099563598633,0.059245955184390076,0.20309300254476242,0.08972693234682083,0.08972693234682083
1.6780000000000013,0.06779688569174783,18.10448455810547,0.0594557158605861,0.20319832029827545,0.09003163874149323,0.09003163874149323
1.6800000000000013,0.06779424302809234,18.108867645263672,0.05970761605743653,0.20335865486973742,0.09038777649402618,0.09038777649402618
1.6820000000000013,0.06779150741320263,18.11313247680664,0.06000162575392144,0.2035742415687048,0.0907953679561615,0.0907953679561615
1.6840000000000013,0.0677886891358916,18.117359161376953,0.06033771076231008,0.2038453338099072,0.09125454723834991,0.09125454723834991
1.6860000000000013,0.06778579958983491,18.121597290039062,0.06071583266142081,0.20417220231376865,0.09176528453826904,0.09176528453826904
1.6880000000000013,0.06778285127081357,18.12598419189453,0.06113594872086533,0.20455513424712485,0.09232781082391739,0.09232781082391739
1.6900000000000013,0.06777985777424678,18.13055419921875,0.06159801181601321,0.2049944323090889,0.09294217079877853,0.09294217079877853
1.6920000000000013,0.06777683379302314,18.13513946533203,0.062102064046113015,0.20549041376603194,0.09360858052968979,0.09360858052968979
1.6940000000000013,0.06777379511560969,18.139793395996094,0.0626488375661533,0.2060434094409236,0.0943269282579422,0.0943269282579422
1.6960000000000013,0.06777075862444347,18.144412994384766,0.06323851819956304,0.20665376266184063,0.09509750455617905,0.09509750455617905
1.6980000000000013,0.06776774229458991,18.149038314819336,0.06387112476928632,0.20732182817519434,0.09592045843601227,0.09592045843601227
1.7000000000000013,0.06776476519266604,18.153898239135742,0.06454667049347465,0.208047971029047,0.09679552167654037,0.09679552167654037
1.7020000000000013,0.06776184747601496,18.158973693847656,0.0652651627643018,0.20883256543229411,0.09772291779518127,0.09772291779518127
1.7040000000000013,0.06775901039212812,18.164140701293945,0.06602660295035459,0.20967599359540007,0.09870275855064392,0.09870275855064392
1.7060000000000013,0.06775627627829744,18.169525146484375,0.06683098622154719,0.21057864455854622,0.09973480552434921,0.09973480552434921
1.7080000000000013,0.06775366856149702,18.175437927246094,0.06767830139508163,0.2115409130129643,0.10081924498081207,0.10081924498081207
1.7100000000000013,0.06775121175847464,18.18140411376953,0.06856853080057011,0.21256319812122448,0.1019560843706131,0.1019560843706131
1.7120000000000013,0.06774893147604631,18.187358856201172,0.06950165016214341,0.2136459023421146,0.10314533114433289,0.10314533114433289
1.7140000000000013,0.0677468544115817,18.193395614624023,0.07047762849512293,0.2147894302656149,0.10438697785139084,0.10438697785139084
1.7160000000000013,0.06774500835366432,18.199373245239258,0.07149642801469595,0.21599418746325555,0.10568151623010635,0.10568151623010635
1.7180000000000013,0.06774342218291621,18.20534896850586,0.07255800405394221,0.21726057935891613,0.10702941566705704,0.10702941566705704
1.7200000000000013,0.06774212587297404,18.211322784423828,0.073662304988546,0.2185890101248355,0.10843153297901154,0.10843153297901154
1.7220000000000013,0.06774115049159615,18.217227935791016,0.07480927216556686,0.21997988160728302,0.10988916456699371,0.10988916456699371
1.7240000000000013,0.06774052820189243,18.222942352294922,0.07599883983373157,0.2214335922859843,0.11140413582324982,0.11140413582324982
1.7260000000000013,0.06774029226365622,18.22859764099121,0.07723093507283577,0.2229505362710198,0.11297928541898727,0.11297928541898727
1.7280000000000013,0.06774047703478323,18.234302520751953,0.07850547772001382,0.22453110234050008,0.11461850255727768,0.11461850255727768
1.7300000000000013,0.06774111797276029,18.239978790283203,0.07982238029080702,0.22617567302191105,0.11632692068815231,0.11632692068815231
1.7320000000000013,0.06774225163620451,18.245628356933594,0.08118154789317233,0.22788462371957452,0.11811144649982452,0.11811144649982452
1.7340000000000013,0.06774391568643702,18.251319885253906,0.08258287813277473,0.2296583218902357,0.11998126655817032,0.11998126655817032
1.7360000000000013,0.06774599187743012,18.257160186767578,0.08402626100812312,0.2314971262683393,0.121479831635952,0.121479831635952
1.7380000000000013,0.06774844356236527,18.25988006591797,0.0854451330400273,0.2334013861421174,0.12265012413263321,0.12265012413263321
1.7400000000000013,0.06775123485497916,18.26180648803711,0.08683885339210465,0.2352606678419042,0.12378615885972977,0.12378615885972977
1.7420000000000013,0.06775432978409084,18.263914108276367,0.08820605917106045,0.237073561281696,0.12488887459039688,0.12488887459039688
1.7440000000000013,0.06775767323511377,18.26563835144043,0.08954624687931582,0.23883881589209058,0.1259591430425644,0.1259591430425644
1.7460000000000013,0.06776120256173296,18.267127990722656,0.09085917565026944,0.24055541269609948,0.12699830532073975,0.12699830532073975
1.7480000000000013,0.06776488715073309,18.268070220947266,0.09214465499587884,0.2422224615550254,0.12793006002902985,0.12793006002902985
1.7500000000000013,0.06776869746016265,18.26874351501465,0.09340251400239051,0.2438392329711059,0.1281070113182068,0.1281070113182068
1.7520000000000013,0.06777260495353589,18.26906967163086,0.09463261743130756,0.24540509854231887,0.1282815933227539,0.1282815933227539
1.7540000000000013,0.06777658206173626,18.26905059814453,0.09583484747969813,0.24691954311063138,0.12845361232757568,0.12845361232757568
1.7560000000000013,0.06778060230387897,18.26875877380371,0.09700911151951513,0.24838212953668912,0.12862306833267212,0.12862306833267212
1.7580000000000013,0.06778464028257775,18.268096923828125,0.09815533110320711,0.24979250170831946,0.12878911197185516,0.12878911197185516
1.7600000000000013,0.06778867174235044,18.26703453063965,0.09927344532755314,0.2511503631916222,0.12895147502422333,0.12895147502422333
1.7620000000000013,0.06779267357157846,18.26583480834961,0.1003634040544538,0.2524554763329248,0.1291092485189438,0.1291092485189438
1.7640000000000013,0.06779662382697656,18.264415740966797,0.10142540568305665,0.2537076489727143,0.12926140427589417,0.12926140427589417
1.7660000000000013,0.06780050173253542,18.262744903564453,0.10245987927754492,0.254906732158229,0.12940724194049835,0.12940724194049835
1.7680000000000013,0.06780428768467205,18.26087188720703,0.1034667842534414,0.2560526116486106,0.12954534590244293,0.12954534590244293
1.7700000000000014,0.06780796324564742,18.258832931518555,0.10444607254521424,0.2571452053855494,0.12967483699321747,0.12967483699321747
1.7720000000000014,0.06781151113728628,18.256732940673828,0.10539770131385742,0.25818445792091865,0.12979431450366974,0.12979431450366974
1.7740000000000014,0.06781491522822408,18.254409790039062,0.1063215910554377,0.2591703381198818,0.1299027055501938,0.1299027055501938
1.7760000000000014,0.06781816051894539,18.251888275146484,0.10721763780949065,0.26010286563639595,0.12999895215034485,0.12999895215034485
1.7780000000000014,0.06782123312486042,18.249135971069336,0.10808573662904494,0.2609820869088297,0.1300818771123886,0.1300818771123886
1.7800000000000014,0.06782412025864137,18.246192932128906,0.10892578156985058,0.2618080483703512,0.13015036284923553,0.13015036284923553
1.7820000000000014,0.06782681021186804,18.24306869506836,0.1097376652139731,0.26258079788606065,0.1302032321691513,0.1302032321691513
1.7840000000000014,0.06782929233607723,18.23969268798828,0.110521278474881,0.26330038548945395,0.13023947179317474,0.13023947179317474
1.7860000000000014,0.06783155702366338,18.236026763916016,0.1112765101621551,0.26396686434989386,0.13025787472724915,0.13025787472724915
1.7880000000000014,0.06783359568850221,18.2321720123291,0.11200324669660969,0.26458029134264394,0.13025768101215363,0.13025768101215363
1.7900000000000014,0.06783540074675261,18.228168487548828,0.11270137170574496,0.2651407277104561,0.13023783266544342,0.13023783266544342
1.7920000000000014,0.06783696559771064,18.223918914794922,0.11337076570418245,0.26564823949650185,0.13019756972789764,0.13019756972789764
1.7940000000000014,0.06783828460507227,18.219467163085938,0.1140113057196122,0.26610289800653003,0.1301359087228775,0.1301359087228775
1.7960000000000014,0.06783935307853252,18.21465301513672,0.11462286497165353,0.2665047801385699,0.13005243241786957,0.13005243241786957
1.7980000000000014,0.0678401672559719,18.209556579589844,0.11520531253184586,0.2668539687172163,0.12994636595249176,0.12994636595249176
1.8000000000000014,0.06784072428621052,18.204345703125,0.11575851302133901,0.2671505527520096,0.12981730699539185,0.12981730699539185
1.8020000000000014,0.06784102221249848,18.198978424072266,0.11628232630956588,0.2673946276935727,0.12966464459896088,0.12966464459896088
1.8040000000000014,0.0678410599567484,18.193389892578125,0.11677660724390518,0.2675862956483842,0.12948806583881378,0.12948806583881378
1.8060000000000014,0.06784083730463286,18.18756866455078,0.11724120539177467,0.2677256655924951,0.1292872577905655,0.1292872577905655
1.8080000000000014,0.06784035489156037,18.18167495727539,0.11767596481130038,0.26781285356599166,0.12906205654144287,0.12906205654144287
1.8100000000000014,0.06783961418961335,18.175756454467773,0.11808072384141759,0.26784798287088096,0.12881217896938324,0.12881217896938324
1.8120000000000014,0.0678386174954755,18.169891357421875,0.11845531492032237,0.267831184264699,0.12853769958019257,0.12853769958019257
1.8140000000000014,0.0678373679193997,18.164134979248047,0.11879956442802818,0.2677625961631547,0.12823837995529175,0.12823837995529175
1.8160000000000014,0.067835869375242,18.1583194732666,0.11911329255818912,0.26764236484934045,0.1279144436120987,0.1279144436120987
1.8180000000000014,0.06783412657160157,18.15239715576172,0.11939631321749537,0.26747064469784093,0.12756597995758057,0.12756597995758057
1.8200000000000014,0.06783214501954522,18.146240234375,0.11964835742354134,0.26724759841386914,0.12719281017780304,0.12719281017780304
1.8220000000000014,0.06782993102581723,18.139827728271484,0.11986915515836831,0.26697330400711283,0.1267952024936676,0.1267952024936676
1.8240000000000014,0.06782749168416485,18.133150100708008,0.1200584527787439,0.2666478743693411,0.12637300789356232,0.12637300789356232
1.8260000000000014,0.0678248348669335,18.12628173828125,0.12021601150492439,0.26627147969997017,0.12592656910419464,0.12592656910419464
1.8280000000000014,0.06782196921789989,18.119224548339844,0.1203416060259949,0.26584434267490925,0.12545622885227203,0.12545622885227203
1.8300000000000014,0.0678189041459202,18.11196517944336,0.12043502351233504,0.26536673398821264,0.12496225535869598,0.12496225535869598
1.8320000000000014,0.06781564986049074,18.104530334472656,0.1204960795760313,0.2648389685619198,0.12444528937339783,0.12444528937339783
1.8340000000000014,0.06781221743812582,18.096920013427734,0.12052464115801613,0.26426160163664436,0.12390681356191635,0.12390681356191635
1.8360000000000014,0.06780861878160933,18.089218139648438,0.12052059948297601,0.2636356256478946,0.12334804236888885,0.12334804236888885
1.8380000000000014,0.06780486658224043,18.081443786621094,0.12048386807498883,0.2629620051457099,0.12277045845985413,0.12277045845985413
1.8400000000000014,0.06780097428482663,18.0734920501709,0.12041438110719443,0.2622416828762146,0.1221751719713211,0.1221751719713211
1.8420000000000014,0.06779695605519685,18.065370559692383,0.12031209213192942,0.2614755848040379,0.12156368046998978,0.12156368046998978
1.8440000000000014,0.06779282674993672,18.056846618652344,0.1201769730549523,0.2606646243289343,0.12093682587146759,0.12093682587146759
1.8460000000000014,0.06778860188818484,18.04803466796875,0.12000901336446188,0.2598097057437889,0.12029580026865005,0.12029580026865005
1.8480000000000014,0.06778443789689978,18.039052963256836,0.11980821953260389,0.2589117270968396,0.11964187771081924,0.11964187771081924
1.8500000000000014,0.06778035433850967,18.034645080566406,0.11963655850954445,0.25797158251090346,0.1190439909696579,0.1190439909696579
1.8520000000000014,0.06777637097028524,18.029224395751953,0.11949439033878496,0.2570853358214767,0.11849808692932129,0.11849808692932129
1.8540000000000014,0.06777250743706494,18.0237979888916,0.11938203951829385,0.25625183475944063,0.11800380796194077,0.11800380796194077
1.8560000000000014,0.0677687835899411,18.01784896850586,0.1192998558607453,0.25547000489391675,0.11755858361721039,0.11755858361721039
1.8580000000000014,0.06776521928442855,18.011573791503906,0.1192481708791233,0.25473890440070596,0.11716166883707047,0.11716166883707047
1.8600000000000014,0.0677618429434248,18.005094528198242,0.11922732948506266,0.2540576697219899,0.11681102961301804,0.11681102961301804
1.8620000000000014,0.06775868703610163,17.998760223388672,0.11923766707008096,0.2534255413364721,0.1165059357881546,0.1165059357881546
1.8640000000000014,0.06775576768978891,17.992313385009766,0.11927952594238081,0.2528418330602062,0.11624480783939362,0.11624480783939362
1.8660000000000014,0.06775310118851081,17.985694885253906,0.11935324310194989,0.25230594329542394,0.11602670699357986,0.11602670699357986
1.8680000000000014,0.06775070438680446,17.979045867919922,0.11945915862474352,0.2518173369750353,0.11585047096014023,0.11585047096014023
1.8700000000000014,0.06774859467864675,17.972148895263672,0.11959760894908657,0.251375549613872,0.11571481823921204,0.11571481823921204
1.8720000000000014,0.06774679005653912,17.964866638183594,0.11976893096841622,0.25098017613406004,0.11561883240938187,0.11561883240938187
1.8740000000000014,0.06774530910108331,17.95769500732422,0.11997345814047104,0.25063087141741236,0.11556140333414078,0.11556140333414078
1.8760000000000014,0.06774417102216038,17.950246810913086,0.12021152226584175,0.2503273429501548,0.11554154008626938,0.11554154008626938
1.8780000000000014,0.06774339565964019,17.942527770996094,0.12048345102857484,0.2500693497318769,0.115557961165905,0.115557961165905
1.8800000000000014,0.06774300351360128,17.93404769897461,0.1207895685114765,0.2498566970871278,0.11560966819524765,0.11560966819524765
1.8820000000000014,0.06774301575076785,17.925111770629883,0.1211301934543972,0.24968923484855365,0.11569536477327347,0.11569536477327347
1.8840000000000015,0.06774345409719147,17.91822052001953,0.1214915161987389,0.24956685342676233,0.11581414192914963,0.11581414192914963
1.8860000000000015,0.06774434098711431,17.91153907775879,0.12187391568678596,0.2494817747129776,0.11596489697694778,0.11596489697694778
1.8880000000000015,0.06774569957580702,17.90543556213379,0.12227776270821725,0.2494340922411632,0.11614684015512466,0.11614684015512466
1.8900000000000015,0.06774755374596753,17.898954391479492,0.12270336512663006,0.24942393922622344,0.11635910719633102,0.11635910719633102
1.8920000000000015,0.06774992902385524,17.891881942749023,0.12314951386836162,0.24945148610360857,0.11660142242908478,0.11660142242908478
1.8940000000000015,0.06775285017549978,17.88534164428711,0.12361561729226754,0.24951693848270032,0.11687267571687698,0.11687267571687698
1.8960000000000015,0.06775634386765308,17.87801742553711,0.12410180419398323,0.24962049521349616,0.11717299371957779,0.11717299371957779
1.8980000000000015,0.06776043665312725,17.870216369628906,0.1246081420663705,0.24976246575252403,0.11750122159719467,0.11750122159719467
1.9000000000000015,0.0677651565093106,17.862043380737305,0.12513472515775179,0.24994312944432928,0.11785783618688583,0.11785783618688583
1.9020000000000015,0.0677705316746704,17.853778839111328,0.12568241617515472,0.2501628348916985,0.11824199557304382,0.11824199557304382
1.9040000000000015,0.06777659153547537,17.845291137695312,0.1262536317617642,0.2504219240226383,0.11865456402301788,0.11865456402301788
1.9060000000000015,0.06778336595434628,17.836406707763672,0.12684877339598524,0.2507207842505576,0.11909547448158264,0.11909547448158264
1.9080000000000015,0.0677908857787413,17.826923370361328,0.12746810806267794,0.2510598070535032,0.11956591159105301,0.11956591159105301
1.9100000000000015,0.06779873782109233,17.81673812866211,0.1281118808150491,0.251439414966206,0.12006641924381256,0.12006641924381256
1.9120000000000015,0.06780688278991304,17.825740814208984,0.1287340766603499,0.2518600385654485,0.12051309645175934,0.12051309645175934
1.9140000000000015,0.06781528449658022,17.833032608032227,0.12933408667650845,0.25223650630273686,0.12091204524040222,0.12091204524040222
1.9160000000000015,0.06782390722720234,17.839584350585938,0.12929648572362049,0.2525689274355293,0.12126283347606659,0.12126283347606659
1.9180000000000015,0.06783271759081216,17.845348358154297,0.12826634143093488,0.2528573144879217,0.12156938761472702,0.12156938761472702
1.9200000000000015,0.06784168302156757,17.850788116455078,0.12729446617775556,0.25310169546919575,0.12183195352554321,0.12183195352554321
1.9220000000000015,0.06785077243970578,17.855754852294922,0.12638045494603795,0.25330204888443264,0.12205270677804947,0.12205270677804947
1.9240000000000015,0.06785995505355705,17.860042572021484,0.1255157477075257,0.2534584017120143,0.1222325786948204,0.1222325786948204
1.9260000000000015,0.06786920318574421,17.864051818847656,0.12469745043437006,0.25357100642705355,0.12237336486577988,0.12237336486577988
1.9280000000000015,0.06787849658166004,17.86792755126953,0.1239255874351053,0.25364010938753917,0.12247581779956818,0.12247581779956818
1.9300000000000015,0.06788782860403285,17.87221908569336,0.1232003958167491,0.2536659349153905,0.12254210561513901,0.12254210561513901
1.9320000000000015,0.06789719679173493,17.876121520996094,0.12252161131316426,0.2536496600686128,0.12257388979196548,0.12257388979196548
1.9340000000000015,0.06790660256247219,17.878372192382812,0.12188882022840478,0.2535916539751736,0.12257333844900131,0.12257333844900131
1.9360000000000015,0.06791604868454693,17.87997817993164,0.12130162062944068,0.25349246357876226,0.12254311144351959,0.12254311144351959
1.9380000000000015,0.06792553920320922,17.881004333496094,0.12075963953335546,0.2533527371084533,0.12248549610376358,0.12248549610376358
1.9400000000000015,0.06793507933326098,17.88125228881836,0.12026252767399077,0.25317304035641286,0.12240233272314072,0.12240233272314072
1.9420000000000015,0.06794467721035954,17.880859375,0.11980996200493903,0.2529538709819076,0.12229541689157486,0.12229541689157486
1.9440000000000015,0.06795433911904812,17.8801326751709,0.11940164256180734,0.2526956751293871,0.12216603010892868,0.12216603010892868
1.9460000000000015,0.0679640685476304,17.879140853881836,0.11903764944148891,0.252398858012839,0.12201520055532455,0.12201520055532455
1.9480000000000015,0.06797386994252293,17.877901077270508,0.118723194073832,0.2520637199224859,0.12184267491102219,0.12184267491102219
1.9500000000000015,0.06798364909395173,17.87637710571289,0.11845934405924638,0.2516904828230554,0.12164878100156784,0.12164878100156784
1.9520000000000015,0.06799303475448847,17.874553680419922,0.11824537979502532,0.25127943398071845,0.12143339961767197,0.12143339961767197
1.9540000000000015,0.06800200962781158,17.872417449951172,0.11808060503038248,0.25083092138234303,0.12119678407907486,0.12119678407907486
1.9560000000000015,0.06801059362030888,17.87033462524414,0.11796434159991258,0.2503453501810624,0.12093894928693771,0.12093894928693771
1.9580000000000015,0.0680188054032448,17.868282318115234,0.11789592506109801,0.24982317888571032,0.1206604391336441,0.1206604391336441
1.9600000000000015,0.06802666251522932,17.866016387939453,0.11787470015814837,0.2492649161624374,0.12036129087209702,0.12036129087209702
1.9620000000000015,0.06803418146003479,17.863746643066406,0.11790001687693,0.24867111757690954,0.12004180252552032,0.12004180252552032
1.9640000000000015,0.0680417595392215,17.861406326293945,0.11797122657626749,0.24804238271827692,0.11970251798629761,0.11970251798629761
1.9660000000000015,0.06804936345821537,17.856815338134766,0.11800761386032278,0.24737935235062888,0.11942097544670105,0.11942097544670105
1.9680000000000015,0.06805696130893596,17.85165023803711,0.11800917922899093,0.24676273462892134,0.11919286847114563,0.11919286847114563
1.9700000000000015,0.06806452003772681,17.84632110595703,0.1179759152775099,0.24619189225324978,0.11902031302452087,0.11902031302452087
1.9720000000000015,0.06807200713695562,17.84039306640625,0.11790789732810315,0.2456662340267783,0.11890089511871338,0.11890089511871338
1.9740000000000015,0.06807938941050055,17.834396362304688,0.11780521884874642,0.24518528174291535,0.11883600801229477,0.11883600801229477
1.9760000000000015,0.06808663379120113,17.828166961669922,0.11766803372519608,0.24474861050589378,0.1188242956995964,0.1188242956995964
1.9780000000000015,0.06809370674669347,17.82178497314453,0.11749652627420076,0.24435588176484194,0.1188671812415123,0.1188671812415123
1.9800000000000015,0.06810057467541952,17.814884185791016,0.11729093078885275,0.24400681007842084,0.11896398663520813,0.11896398663520813
1.9820000000000015,0.06810720362755616,17.807552337646484,0.11705151817416773,0.24370117877773334,0.11911595612764359,0.11911595612764359
1.9840000000000015,0.06811355949996847,17.79956817626953,0.11677860507872631,0.24343882084930324,0.11932336539030075,0.11932336539030075
1.9860000000000015,0.06811960791155648,17.791778564453125,0.11647254852709252,0.24321962571970263,0.11958710104227066,0.11958710104227066
1.9880000000000015,0.06812498290403658,17.783573150634766,0.1161337504993249,0.24304352775985144,0.11920026689767838,0.11920026689767838
1.9900000000000015,0.06812972811733449,17.78797149658203,0.11585905690574529,0.2429105085673825,0.11883096396923065,0.11883096396923065
1.9920000000000015,0.06813388392978123,17.792613983154297,0.11564522940977147,0.24272769057575688,0.11852623522281647,0.11852623522281647
1.9940000000000015,0.06813749033949695,17.79771614074707,0.11549016577482774,0.24249572396816124,0.11828625947237015,0.11828625947237015
1.9960000000000016,0.06814058525103404,17.802406311035156,0.11539301278065842,0.2422153060584412,0.11811065673828125,0.11811065673828125
1.9980000000000016,0.06814320583454893,17.80682945251465,0.11535292977221974,0.24188703198389844,0.1179995909333229,0.1179995909333229
2.0000000000000013,0.06814538779430128,17.81112289428711,0.11536907383071297,0.24151151029355442,0.11795279383659363,0.11795279383659363
2.002000000000001,0.06814716601364526,17.815288543701172,0.11544061643266625,0.24108928583697392,0.11797022074460983,0.11797022074460983
2.004000000000001,0.06814857426470369,17.81917381286621,0.11556674183621263,0.2406209020570403,0.11805225163698196,0.11805225163698196
2.0060000000000007,0.06814964551920823,17.822734832763672,0.11574665464647094,0.24010686192950034,0.11819825321435928,0.11819825321435928
2.0080000000000005,0.06815041185000804,17.825809478759766,0.11597958242573532,0.23954766192868562,0.11840835958719254,0.11840835958719254
2.0100000000000002,0.06815090458541254,17.828407287597656,0.11626477964335107,0.23894377286601434,0.11868257075548172,0.11868257075548172
2.012,0.0681511542895834,17.83080291748047,0.11660153100023392,0.23829565882649167,0.11902064830064774,0.11902064830064774
2.014,0.068151239396538,17.832988739013672,0.1169891538008684,0.23760376833193428,0.11917214840650558,0.11917214840650558
2.0159999999999996,0.06815113122797621,17.828140258789062,0.11733580936283464,0.23686854530662144,0.1188904196023941,0.1188904196023941
2.0179999999999993,0.0681508009824719,17.82300567626953,0.11764201806529487,0.2361825664505448,0.1186651736497879,0.1186651736497879
2.019999999999999,0.06815021919223148,17.817609786987305,0.11790831829333166,0.23554508986764328,0.11851243674755096,0.11851243674755096
2.021999999999999,0.06814935605099381,17.81182098388672,0.11813524349454811,0.23495538761202328,0.11841772496700287,0.11841772496700287
2.0239999999999987,0.06814818131858473,17.805648803710938,0.11832334385206328,0.23441289216713704,0.11838936060667038,0.11838936060667038
2.0259999999999985,0.06814666438181397,17.79913330078125,0.11847317033527247,0.23391707688695004,0.11841952055692673,0.11841952055692673
2.0279999999999982,0.06814477431031722,17.792430877685547,0.11858529034615563,0.23346753001682755,0.11851213127374649,0.11851213127374649
2.029999999999998,0.06814247983464662,17.785381317138672,0.11866027736037653,0.23306388985499826,0.11866268515586853,0.11866268515586853
2.031999999999998,0.06813974943592786,17.7779541015625,0.11869927496661031,0.2327058815073254,0.11887351423501968,0.11887351423501968
2.0339999999999976,0.0681365513099217,17.77033233642578,0.11870481007186151,0.23239328090291106,0.11914215236902237,0.11914215236902237
2.0359999999999974,0.06813285346979664,17.762413024902344,0.11866829185804899,0.23212593237288956,0.1194695383310318,0.1194695383310318
2.037999999999997,0.06812862369864141,17.754175186157227,0.1185904104335309,0.23190836506253748,0.11985484510660172,0.11985484510660172
2.039999999999997,0.06812407566327953,17.74643325805664,0.11847190649343774,0.23174039596007662,0.12029854953289032,0.12029854953289032
2.0419999999999967,0.06811924970697171,17.752655029296875,0.11839916055489227,0.23162187536282117,0.12029404938220978,0.12029404938220978
2.0439999999999965,0.06811418499378719,17.759443283081055,0.11836985342745901,0.23146856440136712,0.12017026543617249,0.12017026543617249
2.0459999999999963,0.06810891810267891,17.766159057617188,0.11838183600367902,0.23128140164327773,0.12009372562170029,0.12009372562170029
2.047999999999996,0.06810348037353925,17.772401809692383,0.11843329107833075,0.23106135085879503,0.12006277590990067,0.12006277590990067
2.049999999999996,0.06809789760680945,17.778047561645508,0.11852283586567099,0.2308091886189333,0.12011422216892242,0.12011422216892242
2.0519999999999956,0.06809219342902739,17.782947540283203,0.1186494391558534,0.23052562517665565,0.12021085619926453,0.12021085619926453
2.0539999999999954,0.06808638926699775,17.787254333496094,0.11881210001774038,0.23021124898988582,0.12034960091114044,0.12034960091114044
2.055999999999995,0.06808050482302293,17.790935516357422,0.11900986663124245,0.22986667577805794,0.12052816897630692,0.12052816897630692
2.057999999999995,0.06807455810222394,17.794097900390625,0.11924181702511723,0.22949252096188755,0.12074471265077591,0.12074471265077591
2.0599999999999947,0.0680685657425363,17.796798706054688,0.11950706820286516,0.22908941629659113,0.1209980770945549,0.1209980770945549
2.0619999999999945,0.06806254307599871,17.799102783203125,0.11980476420985608,0.22865799753200547,0.12128636986017227,0.12128636986017227
2.0639999999999943,0.06805650436113572,17.800952911376953,0.12013408037559109,0.22819891296059935,0.12160888314247131,0.12160888314247131
2.065999999999994,0.06805046285490128,17.802127838134766,0.1204942157793047,0.22771281674708238,0.1219647228717804,0.1219647228717804
2.067999999999994,0.0680444309786942,17.803173065185547,0.12088439482668432,0.2272003731887942,0.1219436451792717,0.1219436451792717
2.0699999999999936,0.06803842038841675,17.80402946472168,0.12130386235630017,0.22666225298175846,0.12178506702184677,0.12178506702184677
2.0719999999999934,0.06803244209448028,17.804285049438477,0.12175188384382675,0.22609913519678648,0.12159676849842072,0.12159676849842072
2.073999999999993,0.06802650652394447,17.804500579833984,0.12222774211709866,0.2255117050529243,0.12137988209724426,0.12137988209724426
2.075999999999993,0.06802062360785198,17.80422592163086,0.12273073691950753,0.22490065466722425,0.12113579362630844,0.12113579362630844
2.0779999999999927,0.06801480283313317,17.803573608398438,0.12313941975098838,0.22426668159163846,0.12086576223373413,0.12086576223373413
2.0799999999999925,0.06800905330614142,17.802650451660156,0.12269382061962442,0.2236104888968087,0.12057127058506012,0.12057127058506012
2.0819999999999923,0.06800338379401104,17.801651000976562,0.12222984121887556,0.22293278408761952,0.1202535554766655,0.1202535554766655
2.083999999999992,0.06799730779323558,17.800559997558594,0.12174817152922394,0.22223427881956728,0.11991405487060547,0.11991405487060547
2.085999999999992,0.06799080286403295,17.797714233398438,0.12130913019659759,0.22151568799606686,0.11964595317840576,0.11964595317840576
2.0879999999999916,0.06798384462102262,17.794849395751953,0.12091270418419081,0.22084374208043675,0.11943285167217255,0.11943285167217255
2.0899999999999914,0.06797647665096776,17.79149055480957,0.12055814775072962,0.22021798169389056,0.1192837581038475,0.1192837581038475
2.091999999999991,0.06796892464922445,17.787368774414062,0.1202453048151769,0.21963796129867275,0.11919000744819641,0.11919000744819641
2.093999999999991,0.06796122095114991,17.78249168395996,0.11997367733550043,0.2191033314622333,0.11915544420480728,0.11915544420480728
2.0959999999999908,0.06795337918495639,17.777355194091797,0.11974307037934505,0.21861377290172876,0.11917553097009659,0.11917553097009659
2.0979999999999905,0.0679454141336231,17.77164077758789,0.11955313338980791,0.218169038645656,0.11925168335437775,0.11925168335437775
2.0999999999999903,0.06793734125416084,17.7657470703125,0.11940367696155132,0.2177689180552613,0.11938117444515228,0.11938117444515228
2.10199999999999,0.06792917705283219,17.759220123291016,0.11929444421768277,0.2174132580278872,0.11956474184989929,0.11956474184989929
2.10399999999999,0.06792093884084542,17.75238037109375,0.1192252677751972,0.21710194291775614,0.11980035901069641,0.11980035901069641
2.1059999999999897,0.06791324386815772,17.74517059326172,0.1191959458181169,0.2168349047754142,0.12008848041296005,0.12008848041296005
2.1079999999999894,0.06790607420056156,17.75022315979004,0.11914019922194573,0.21661211173932815,0.12032584100961685,0.12032584100961685
2.109999999999989,0.06789941198089186,17.75470733642578,0.11905741959551515,0.21636099644831694,0.12052758783102036,0.12052758783102036
2.111999999999989,0.06789323074182955,17.75849723815918,0.11894845601558111,0.21608262466647987,0.12068478763103485,0.12068478763103485
2.1139999999999888,0.06788750151483026,17.761789321899414,0.11881371895216251,0.21577811705222785,0.12080643326044083,0.12080643326044083
2.1159999999999886,0.0678821972696418,17.764429092407227,0.11865439807285486,0.21544827950534667,0.12088905274868011,0.12088905274868011
2.1179999999999883,0.06787729357360643,17.76654052734375,0.11847130844923473,0.2150937594890601,0.12093853950500488,0.12093853950500488
2.119999999999988,0.06787276779668876,17.767894744873047,0.11826549551753968,0.21471518029627404,0.12095411866903305,0.12095411866903305
2.121999999999988,0.0678685993814487,17.76896095275879,0.11803777171999198,0.21431317769467081,0.12093938887119293,0.12093938887119293
2.1239999999999877,0.06786476937340682,17.76972198486328,0.1177890791156477,0.2138883737959351,0.12089473754167557,0.12089473754167557
2.1259999999999875,0.06786126050302364,17.77030372619629,0.11752021739100939,0.21344139640156673,0.12082283943891525,0.12082283943891525
2.1279999999999872,0.06785805689160324,17.77080535888672,0.11723205521284172,0.21297286527062048,0.12072480469942093,0.12072480469942093
2.129999999999987,0.06785514404577814,17.771224975585938,0.11692537466798641,0.21248340229317955,0.12060247361660004,0.12060247361660004
2.131999999999987,0.06785250866141415,17.771488189697266,0.11660099205120868,0.21197362424270647,0.12045746296644211,0.12045746296644211
2.1339999999999866,0.06785013858046628,17.771669387817383,0.11625967068708398,0.21144414807510953,0.12029127031564713,0.12029127031564713
2.1359999999999864,0.06784802265210332,17.771785736083984,0.1158697567476516,0.2108955870524835,0.1201053112745285,0.1201053112745285
2.137999999999986,0.06784575860463891,17.771759033203125,0.11531573197834899,0.2103285534403703,0.11990132927894592,0.11990132927894592
2.139999999999986,0.06784335264220348,17.769577026367188,0.11479447711022381,0.2097436563696056,0.11976481229066849,0.11976481229066849
2.1419999999999857,0.06784081085705368,17.76714324951172,0.11430618920048373,0.20920425437508558,0.11968307942152023,0.11968307942152023
2.1439999999999855,0.06783814128672115,17.76454734802246,0.11385115119900259,0.20871000362126071,0.11966235190629959,0.11966235190629959
2.1459999999999853,0.06783535242733733,17.761938095092773,0.11342957463165818,0.2082605603869479,0.11961700022220612,0.11961700022220612
2.147999999999985,0.06783245289987383,17.75859832763672,0.11305044925437865,0.20785567524761975,0.11935387551784515,0.11935387551784515
2.149999999999985,0.06782945442646751,17.754772186279297,0.1127140683350139,0.20749823645987048,0.1191529706120491,0.1191529706120491
2.1519999999999846,0.0678263683032822,17.751117706298828,0.11242056185804544,0.2071879559499436,0.1190139576792717,0.1190139576792717
2.1539999999999844,0.06782320783162521,17.746713638305664,0.11217017494850326,0.20692467994460842,0.11893634498119354,0.11893634498119354
2.155999999999984,0.06781998199574493,17.742034912109375,0.111963066577663,0.20670821327132927,0.1189197227358818,0.1189197227358818
2.157999999999984,0.0678167056243626,17.73651123046875,0.11179945513739831,0.20653844358243684,0.11896368861198425,0.11896368861198425
2.1599999999999837,0.06781339743258014,17.730863571166992,0.11167951277647872,0.20641524741952397,0.11906763166189194,0.11906763166189194
2.1619999999999835,0.06781007690236418,17.724641799926758,0.11160344129737633,0.2063385553514004,0.11923126876354218,0.11923126876354218
2.1639999999999833,0.06780676381058191,17.71807861328125,0.11157141649970499,0.20630830136413986,0.11945424973964691,0.11945424973964691
2.165999999999983,0.06780347853899721,17.711139678955078,0.1115836275207496,0.20632445673267413,0.1197362169623375,0.1197362169623375
2.167999999999983,0.06780053041162264,17.70378875732422,0.1116316419444281,0.20638700240976762,0.12007712572813034,0.12007712572813034
2.1699999999999826,0.06779791053626401,17.708005905151367,0.11165636614233229,0.20649316830427417,0.12034143507480621,0.12034143507480621
2.1719999999999824,0.0677956100797577,17.711835861206055,0.11165764651797759,0.2065652108860391,0.12054836004972458,0.12054836004972458
2.173999999999982,0.06779361152118185,17.71542739868164,0.11163545263386732,0.20660477670012764,0.12070848792791367,0.12070848792791367
2.175999999999982,0.06779189564707597,17.71845245361328,0.11159015981588569,0.20661358821453701,0.12082197517156601,0.12082197517156601
2.1779999999999817,0.06779044304057334,17.72102165222168,0.11152217872008625,0.20659292887417388,0.12088935077190399,0.12088935077190399
2.1799999999999815,0.06778923397334687,17.722949981689453,0.11143186749021929,0.20654398432500212,0.12091131508350372,0.12091131508350372
2.1819999999999813,0.06778824597439428,17.724061965942383,0.11131959840939992,0.20646791216490734,0.120888352394104,0.120888352394104
2.183999999999981,0.06778745836676854,17.724939346313477,0.11118544532910006,0.20636580122101708,0.12082190066576004,0.12082190066576004
2.185999999999981,0.06778685243339364,17.725650787353516,0.11102950332007323,0.2062382112256111,0.12071339786052704,0.12071339786052704
2.1879999999999806,0.06778641108982744,17.726234436035156,0.11085187389922739,0.2060856718109185,0.12056345492601395,0.12056345492601395
2.1899999999999804,0.0677861188209248,17.7266845703125,0.11065268212708418,0.20590871945562125,0.12037324160337448,0.12037324160337448
2.19199999999998,0.06778596146368145,17.726978302001953,0.11043206305651217,0.20570788482747848,0.12014400959014893,0.12014400959014893
2.19399999999998,0.06778577252158222,17.727128982543945,0.11019017036808765,0.20548370226597962,0.11987684667110443,0.11987684667110443
2.1959999999999797,0.06778556114712334,17.724273681640625,0.1099910895124336,0.2052367031196638,0.11966503411531448,0.11966503411531448
2.1979999999999795,0.06778533833852461,17.721195220947266,0.10983506611379122,0.20503708749800068,0.11951005458831787,0.11951005458831787
2.1999999999999793,0.06778511568482193,17.717802047729492,0.10972224282499635,0.20488451775470584,0.1194130927324295,0.1194130927324295
2.201999999999979,0.06778490602077221,17.714139938354492,0.10965282179647376,0.20477876274950182,0.1193755492568016,0.1193755492568016
2.203999999999979,0.06778472278829879,17.710262298583984,0.10962694783475524,0.20471957632407028,0.11939951777458191,0.11939951777458191
2.2059999999999786,0.06778458033961121,17.706153869628906,0.10964479343687011,0.20470678149756213,0.1194876879453659,0.1194876879453659
2.2079999999999784,0.06778449361231174,17.701833724975586,0.10970649749819526,0.204740205203986,0.11964332312345505,0.11964332312345505
2.209999999999978,0.06778447826490976,17.697002410888672,0.10981220969818849,0.20481972199672574,0.119870625436306,0.119870625436306
2.211999999999978,0.06778462300111845,17.69183349609375,0.10996205824889191,0.20494521858811457,0.12017422169446945,0.12017422169446945
2.2139999999999778,0.0677849118761903,17.69314193725586,0.11008746030771792,0.20511661619240026,0.1204463317990303,0.1204463317990303
2.2159999999999775,0.06778532829819671,17.694355010986328,0.11018875055568997,0.20525583141564407,0.12068440765142441,0.12068440765142441
2.2179999999999773,0.06778585663050554,17.69515609741211,0.11026633920407666,0.20536421209927372,0.12088684737682343,0.12088684737682343
2.219999999999977,0.06778648240469216,17.69580841064453,0.1103203863052879,0.20544295267188528,0.12105154246091843,0.12105154246091843
2.221999999999977,0.0677871926132939,17.696205139160156,0.11035097720551491,0.20549291552591498,0.12117695808410645,0.12117695808410645
2.2239999999999767,0.06778797535297817,17.696571350097656,0.11035817876508006,0.20551463964063602,0.12126152962446213,0.12126152962446213
2.2259999999999764,0.06778881990457347,17.69680404663086,0.11034210156174497,0.2055086931953481,0.12123660743236542,0.12123660743236542
2.227999999999976,0.06778971652044857,17.6968936920166,0.11030285330563808,0.2054756223324458,0.12106858938932419,0.12106858938932419
2.229999999999976,0.06779065642179982,17.69695472717285,0.11024057110620955,0.20541598832425156,0.12088806182146072,0.12088806182146072
2.231999999999976,0.06779163166088581,17.696935653686523,0.11015539669976328,0.20533034060431174,0.12069511413574219,0.12069511413574219
2.2339999999999756,0.0677926350855848,17.696849822998047,0.11004749305964492,0.20521923638479594,0.12048903107643127,0.12048903107643127
2.2359999999999753,0.06779366024305876,17.69672393798828,0.10991703110049639,0.2050832264746839,0.12026974558830261,0.12026974558830261
2.237999999999975,0.06779470133453436,17.696578979492188,0.10976419811149274,0.204922865614435,0.12003722041845322,0.12003722041845322
2.239999999999975,0.06779564935267397,17.696453094482422,0.10958919051199005,0.20473870500897118,0.11979164928197861,0.11979164928197861
2.2419999999999747,0.06779649482690553,17.70041275024414,0.10945971954308435,0.2045312977454083,0.11959659308195114,0.11959659308195114
2.2439999999999745,0.06779722967473739,17.704265594482422,0.10937578306841603,0.20435995460937223,0.11945223808288574,0.11945223808288574
2.2459999999999742,0.06779784675573315,17.708194732666016,0.10933730200855311,0.20422476343506205,0.11935755610466003,0.11935755610466003
2.247999999999974,0.06779834002649165,17.712249755859375,0.10934427169238417,0.20412591164721802,0.11931256204843521,0.11931256204843521
2.249999999999974,0.06779870431436759,17.71651840209961,0.10939665299267602,0.20406356275899218,0.11931667476892471,0.11931667476892471
2.2519999999999736,0.06779893538280013,17.720779418945312,0.10949445184410292,0.2040379479072725,0.11936935782432556,0.11936935782432556
2.2539999999999734,0.06779902981322138,17.725173950195312,0.10963766214236334,0.20404930106183328,0.1194707527756691,0.1194707527756691
2.255999999999973,0.06779898503144915,17.729501724243164,0.10982630754139824,0.20409790767847705,0.11962071061134338,0.11962071061134338
2.257999999999973,0.06779879924355785,17.733905792236328,0.11006041145798981,0.20418407071484213,0.11981859058141708,0.11981859058141708
2.2599999999999727,0.06779864906142355,17.738155364990234,0.11034001902308294,0.2043081365136177,0.12006435543298721,0.12006435543298721
2.2619999999999725,0.06779853920545097,17.736286163330078,0.11059161831066606,0.20447047692673886,0.12028008699417114,0.12028008699417114
2.2639999999999723,0.06779847117278692,17.734806060791016,0.11081490658486522,0.2046035309175142,0.12046541273593903,0.12046541273593903
2.265999999999972,0.06779844458698939,17.733068466186523,0.11101023260644446,0.2047075867445293,0.12062130123376846,0.12062130123376846
2.267999999999972,0.06779845862530758,17.731517791748047,0.11117795219437476,0.204783051578738,0.12074841558933258,0.12074841558933258
2.2699999999999716,0.06779851235353411,17.729944229125977,0.11131846165295008,0.2048304308107809,0.12084735929965973,0.12084735929965973
2.2719999999999714,0.06779860465839722,17.72845458984375,0.11143212011818476,0.2048502095319839,0.12091878056526184,0.12091878056526184
2.273999999999971,0.06779873435234408,17.72701644897461,0.11151930720885761,0.20484291655984022,0.1209636777639389,0.1209636777639389
2.275999999999971,0.0677989001420987,17.725677490234375,0.11158038281545274,0.20480907377523158,0.12098268419504166,0.12098268419504166
2.2779999999999707,0.0677991006872403,17.724367141723633,0.11161571769030272,0.20474922941108994,0.1209765300154686,0.1209765300154686
2.2799999999999705,0.06779933458651317,17.723125457763672,0.11162567247937877,0.20466393089435367,0.12094594538211823,0.12094594538211823
2.2819999999999703,0.06779960041094568,17.72193145751953,0.1116106139953961,0.20455374189021558,0.12089237570762634,0.12089237570762634
2.28399999999997,0.06779989669868648,17.72079849243164,0.11157090431977514,0.20441922760798797,0.12081632763147354,0.12081632763147354
2.28599999999997,0.06780022197408678,17.719741821289062,0.11150690948247675,0.20426096337104935,0.12071888148784637,0.12071888148784637
2.2879999999999696,0.06780057474653435,17.718734741210938,0.1114189938150334,0.20407952654031228,0.1206008568406105,0.1206008568406105
2.2899999999999694,0.06780095352180433,17.717754364013672,0.11130752458715353,0.2038755006803139,0.12046331912279129,0.12046331912279129
2.291999999999969,0.06780135680271464,17.716773986816406,0.11117286908213413,0.20364947100397437,0.12030714750289917,0.12030714750289917
2.293999999999969,0.06780178309623149,17.7158203125,0.1110153970668749,0.2034020262611726,0.12013376504182816,0.12013376504182816
2.2959999999999687,0.06780208476442028,17.714914321899414,0.1108354792652753,0.20313375606362863,0.11994392424821854,0.11994392424821854
2.2979999999999685,0.06780226055174653,17.71956443786621,0.11070085714310472,0.2028452516033582,0.11980199813842773,0.11980199813842773
2.2999999999999683,0.06780231063747709,17.724088668823242,0.11061170104371917,0.20259418933194545,0.11970693618059158,0.11970693618059158
2.301999999999968,0.06780223625015257,17.728748321533203,0.11056809719227059,0.20238077977355098,0.11965695023536682,0.11965695023536682
2.303999999999968,0.06780203976350065,17.73343276977539,0.11057020268107512,0.20220534387557973,0.11965014785528183,0.11965014785528183
2.3059999999999676,0.06780172447828661,17.73831558227539,0.11061813475528082,0.20206818187084863,0.11968430131673813,0.11968430131673813
2.3079999999999674,0.06780129466687376,17.74327850341797,0.11071205252618385,0.20196966879619604,0.11975604295730591,0.11975604295730591
2.309999999999967,0.06780075544591042,17.74850082397461,0.11085209872324318,0.20191018557197576,0.11986204981803894,0.11986204981803894
2.311999999999967,0.06780011279625395,17.753562927246094,0.11103844277320628,0.20189016934941142,0.11999795585870743,0.11999795585870743
2.3139999999999668,0.06779956299316355,17.758819580078125,0.11127125007815267,0.20191007717735446,0.1201578751206398,0.1201578751206398
2.3159999999999665,0.06779910222183551,17.757129669189453,0.11147635769625107,0.20197041245402353,0.12024351954460144,0.12024351954460144
2.3179999999999663,0.06779872538541588,17.75589370727539,0.11165387484610295,0.20200495814528385,0.12027250230312347,0.12027250230312347
2.319999999999966,0.06779842778040263,17.754396438598633,0.11180429634535934,0.20201408608455917,0.1202516034245491,0.1202516034245491
2.321999999999966,0.06779820480610484,17.753036499023438,0.11192804314417348,0.20199822030825057,0.12018348276615143,0.12018348276615143
2.3239999999999656,0.06779805217699883,17.751476287841797,0.11202558344150262,0.2019578714929633,0.12007156014442444,0.12007156014442444
2.3259999999999654,0.06779790802122596,17.750019073486328,0.11209734545882634,0.2018935304955031,0.11991911381483078,0.11991911381483078
2.327999999999965,0.06779776506825977,17.752456665039062,0.11221120111829248,0.20180573867068688,0.11981912702322006,0.11981912702322006
2.329999999999965,0.06779761750641077,17.754486083984375,0.11236727303636522,0.20176490236932865,0.11976552754640579,0.11976552754640579
2.3319999999999648,0.06779746048181688,17.756175994873047,0.11256559167676802,0.2017704389327149,0.11975166201591492,0.11975166201591492
2.3339999999999645,0.06779729034739913,17.757701873779297,0.11279837766730234,0.20182188717485738,0.1197742223739624,0.1197742223739624
2.3359999999999643,0.0677971042836374,17.759000778198242,0.11306567415944609,0.20191649933987202,0.11987827718257904,0.11987827718257904
2.337999999999964,0.06779681125567182,17.759937286376953,0.11336754727891797,0.2020538697532968,0.11998056620359421,0.11998056620359421
2.339999999999964,0.06779656078441802,17.764278411865234,0.1137085754992096,0.20223362322400615,0.12004201114177704,0.12004201114177704
2.3419999999999637,0.06779635697471342,17.761669158935547,0.11386436554124398,0.20244916836711116,0.12009301036596298,0.12009301036596298
2.3439999999999634,0.06779620134285255,17.759571075439453,0.11395362252955493,0.20263392585813947,0.12013433873653412,0.12013433873653412
2.3459999999999632,0.06779609347327223,17.757366180419922,0.1140174057094085,0.20278847942344125,0.12016601860523224,0.12016601860523224
2.347999999999963,0.06779603257405666,17.755298614501953,0.11405772775125819,0.2029134044656543,0.12018728256225586,0.12018728256225586
2.349999999999963,0.06779601778796737,17.753192901611328,0.11407435336152166,0.20300943305867908,0.12019757926464081,0.12019757926464081
2.3519999999999626,0.06779604802948509,17.751155853271484,0.11406863250256592,0.20307725154038764,0.12019633501768112,0.12019633501768112
2.3539999999999623,0.06779612215580239,17.749107360839844,0.11404073383101546,0.20311757752313023,0.1201832965016365,0.1201832965016365
2.355999999999962,0.06779623888507981,17.747146606445312,0.11399164470188416,0.20313110257348826,0.12015824764966965,0.12015824764966965
2.357999999999962,0.06779639689084149,17.745208740234375,0.11392172126487242,0.20311853257168216,0.12012092769145966,0.12012092769145966
2.3599999999999617,0.06779659476220175,17.743364334106445,0.11383174539003614,0.20308055744336992,0.12007112056016922,0.12007112056016922
2.3619999999999615,0.06779683105640893,17.74160385131836,0.11372216715639294,0.20301787225290746,0.12000890076160431,0.12000890076160431
2.3639999999999612,0.06779697647090858,17.73989486694336,0.113593654895784,0.20293116118630208,0.1199343279004097,0.1199343279004097
2.365999999999961,0.06779702949008289,17.744470596313477,0.11349858498219353,0.20282110852311674,0.11990738660097122,0.11990738660097122
2.367999999999961,0.067796990002422,17.748985290527344,0.11343483602689033,0.20275029100961306,0.11993036419153214,0.11993036419153214
2.3699999999999606,0.06779699811731635,17.753583908081055,0.11340406446331582,0.20271903119980575,0.12000560760498047,0.12000560760498047
2.3719999999999604,0.06779705255655134,17.75153350830078,0.11335052843003819,0.2027277599773461,0.12006781250238419,0.12006781250238419
2.37399999999996,0.0677971515793069,17.749807357788086,0.11327781381039184,0.20271152734997913,0.12011668086051941,0.12011668086051941
2.37599999999996,0.0677972936691858,17.747920989990234,0.11318435638600109,0.20267102086224234,0.12015239894390106,0.12015239894390106
2.3779999999999597,0.06779747706521881,17.746292114257812,0.11307229413397896,0.20260682446071251,0.1201745793223381,0.1201745793223381
2.3799999999999595,0.06779770012949703,17.744577407836914,0.1129410655128778,0.20251960319866805,0.12018360197544098,0.12018360197544098
2.3819999999999593,0.06779796110039818,17.74296760559082,0.11279204245393835,0.20240996696951147,0.12017951160669327,0.12017951160669327
2.383999999999959,0.06779825828839696,17.741363525390625,0.1126251785198662,0.20227856717983034,0.12016239017248154,0.12016239017248154
2.385999999999959,0.06779858994722827,17.739824295043945,0.11244143887211587,0.20212602484011824,0.12013262510299683,0.12013262510299683
2.3879999999999586,0.06779895437781422,17.738330841064453,0.11224104577257399,0.2019529810193816,0.12009045481681824,0.12009045481681824
2.3899999999999584,0.06779934986155041,17.73686981201172,0.11202474605361903,0.2017600588037381,0.120036281645298,0.120036281645298
2.391999999999958,0.06779966197577866,17.73541259765625,0.11179289659703005,0.20154788951155495,0.11997045576572418,0.11997045576572418
2.393999999999958,0.06779989023936285,17.740039825439453,0.11159619085544624,0.20131709247496926,0.11996263265609741,0.11996263265609741
2.3959999999999577,0.06780015425095669,17.744415283203125,0.1114323577906269,0.20112656710192167,0.1200137585401535,0.1200137585401535
2.3979999999999575,0.0678003364258165,17.742862701416016,0.11125103848968763,0.2009765107980096,0.11996237188577652,0.11996237188577652
2.3999999999999573,0.06780050104345003,17.74957275390625,0.11110774469081922,0.20080680031431475,0.11972890049219131,0.11972890049219131
2.401999999999957,0.06780064492456173,17.750534057617188,0.11100072918808729,0.20068468931449396,0.11955104768276215,0.11955104768276215
2.403999999999957,0.06780076507787465,17.7519588470459,0.11093565810605309,0.20060363249374177,0.11941536515951157,0.11941536515951157
2.4059999999999566,0.06780086005837802,17.752639770507812,0.11090771385225733,0.20056321067289598,0.11934922635555267,0.11934922635555267
2.4079999999999564,0.06780092884519785,17.753421783447266,0.11091972393759454,0.20056283519522677,0.11933136731386185,0.11933136731386185
2.409999999999956,0.06780097154137248,17.753643035888672,0.11096903567144871,0.2006021479847925,0.11937584728002548,0.11937584728002548
2.411999999999956,0.06780098877378976,17.754039764404297,0.1110568901582286,0.200680725408493,0.11947150528430939,0.11947150528430939
2.4139999999999557,0.06780098204735927,17.75409507751465,0.11118144647908106,0.20079828806321454,0.11962506175041199,0.11962506175041199
2.4159999999999555,0.06780095342467536,17.753849029541016,0.11134357311959614,0.20095454341575741,0.11983062326908112,0.11983062326908112
2.4179999999999553,0.0678009576348581,17.752979278564453,0.11154252079620453,0.20114929556251473,0.12009203433990479,0.12009203433990479
2.419999999999955,0.06780099687130899,17.751060485839844,0.11171359103342203,0.20138236105591656,0.1203097328543663,0.1203097328543663
2.421999999999955,0.06780107170513051,17.748790740966797,0.11185546062578998,0.20158458251569641,0.12050038576126099,0.12050038576126099
2.4239999999999546,0.067801182214736,17.746597290039062,0.11197078099270898,0.2017567743483473,0.12065420299768448,0.12065420299768448
2.4259999999999544,0.06780132839613898,17.744258880615234,0.11205929399716853,0.20189980770526794,0.12078024446964264,0.12078024446964264
2.427999999999954,0.06780150992886745,17.74204444885254,0.11212276146300966,0.20201446987702806,0.12087415158748627,0.12087415158748627
2.429999999999954,0.06780172639402679,17.739845275878906,0.11216142816664308,0.20210158215056248,0.12094110250473022,0.12094110250473022
2.4319999999999538,0.06780197716294081,17.737783432006836,0.1121765714480161,0.20216191491077434,0.12097903341054916,0.12097903341054916
2.4339999999999535,0.06780226151480062,17.735746383666992,0.11216867195130634,0.2021962500484376,0.1209910660982132,0.1209910660982132
2.4359999999999533,0.06780257858612643,17.733795166015625,0.1121387350085533,0.20220533643953256,0.12097680568695068,0.12097680568695068
2.437999999999953,0.06780292743562306,17.731870651245117,0.11208734313959991,0.20218992303726735,0.12093812972307205,0.12093812972307205
2.439999999999953,0.0678033070232352,17.730026245117188,0.11201534234612327,0.20215073561023666,0.12087501585483551,0.12087501585483551
2.4419999999999527,0.0678037162469816,17.728233337402344,0.11192335065305434,0.20208849433088258,0.12078917771577835,0.12078917771577835
2.4439999999999524,0.0678041539360218,17.726505279541016,0.11181211536706849,0.20200390167502777,0.12068074196577072,0.12068074196577072
2.445999999999952,0.067804618872411,17.724851608276367,0.11168225785531974,0.20189765180004943,0.12055090069770813,0.12055090069770813
2.447999999999952,0.06780510979050672,17.723270416259766,0.11153445998604095,0.2017704242824964,0.12040012329816818,0.12040012329816818
2.4499999999999518,0.06780562539046614,17.72173309326172,0.11136933146289518,0.2016228891359413,0.12022953480482101,0.12022953480482101
2.4519999999999516,0.06780616434029513,17.72024154663086,0.11118750739472757,0.20145570358615236,0.12003966420888901,0.12003966420888901
2.4539999999999513,0.06780671615375704,17.718826293945312,0.11098957929361919,0.20126951476223948,0.11983127892017365,0.11983127892017365
2.455999999999951,0.06780728191690437,17.718351364135742,0.11083095890022351,0.20106495804021982,0.11968915164470673,0.11968915164470673
2.457999999999951,0.06780786358890922,17.71774673461914,0.11071292159146044,0.20089927093233548,0.11959924548864365,0.11959924548864365
2.4599999999999507,0.06780846419977944,17.716745376586914,0.11063377104294228,0.20077206327710007,0.11957015842199326,0.11957015842199326
2.4619999999999505,0.06780908757667996,17.715709686279297,0.11059404064949167,0.20068292563071063,0.11959405243396759,0.11959405243396759
2.4639999999999502,0.06780973841698253,17.714645385742188,0.11059273595417059,0.2006315630911679,0.11967488378286362,0.11967488378286362
2.46599999999995,0.06781042214001784,17.713329315185547,0.11063003706906945,0.2006176926214694,0.11980840563774109,0.11980840563774109
2.46799999999995,0.06781114490461346,17.711814880371094,0.11070534913654939,0.20064111263504722,0.1199965626001358,0.1199965626001358
2.4699999999999496,0.06781189261420631,17.710063934326172,0.11081869871347926,0.2007016477681091,0.12023665010929108,0.12023665010929108
2.4719999999999493,0.0678126632149365,17.708534240722656,0.1109066977350606,0.2007991847318434,0.12043348699808121,0.12043348699808121
2.473999999999949,0.06781345481466704,17.70673370361328,0.11096881395602436,0.2008705456117662,0.12060077488422394,0.12060077488422394
2.475999999999949,0.06781426552692414,17.705101013183594,0.11100705676580964,0.20091645062703103,0.12073114514350891,0.12073114514350891
2.4779999999999487,0.0678150935617701,17.703392028808594,0.11102153543668392,0.2009376775479422,0.12083227932453156,0.12083227932453156
2.4799999999999485,0.0678159371579944,17.701858520507812,0.11101365284414132,0.20093493180830005,0.12090107053518295,0.12090107053518295
2.4819999999999482,0.06781679461784383,17.70025634765625,0.1109838190608029,0.2009089422296706,0.1209421157836914,0.1209421157836914
2.483999999999948,0.06781766427801608,17.698768615722656,0.11093309955137681,0.20086039272174946,0.12095437943935394,0.12095437943935394
2.485999999999948,0.06781854452096599,17.697345733642578,0.1108620352810829,0.20078997310278265,0.12094050645828247,0.12094050645828247
2.4879999999999476,0.06781943376267369,17.69607925415039,0.1107714959480192,0.20069834330366773,0.12090057879686356,0.12090057879686356
2.4899999999999474,0.06782033045483372,17.694862365722656,0.11066206966907521,0.20058616040306812,0.12083636224269867,0.12083636224269867
2.491999999999947,0.06782123307977173,17.69374656677246,0.11053450611924788,0.20045405994589974,0.12074847519397736,0.12074847519397736
2.493999999999947,0.06782214014958246,17.692697525024414,0.11038940016267255,0.20030267037124413,0.12063827365636826,0.12063827365636826
2.4959999999999467,0.067823050204083,17.691692352294922,0.11022742281075953,0.20013260331642066,0.12050627917051315,0.12050627917051315
2.4979999999999465,0.06782396180934377,17.690723419189453,0.11004915692610288,0.1999444613514002,0.12035372853279114,0.12035372853279114
2.4999999999999463,0.06782487355697994,17.689769744873047,0.10985521806147679,0.19973883298272832,0.12018132954835892,0.12018132954835892
2.501999999999946,0.06782585294155899,17.688819885253906,0.10964616902244124,0.19951629682362487,0.11999015510082245,0.11999015510082245
2.503999999999946,0.06782690220249254,17.688148498535156,0.10947673548397731,0.1992774190433339,0.11986445635557175,0.11986445635557175
2.5059999999999456,0.06782802459983177,17.687082290649414,0.10934784871556047,0.19907646030653978,0.11979077756404877,0.11979077756404877
2.5079999999999454,0.06782922425675217,17.68602752685547,0.10925801444791197,0.19891310990977618,0.11977709829807281,0.11977709829807281
2.509999999999945,0.06783050616783287,17.684913635253906,0.10920757884289184,0.19878703315589383,0.11981598287820816,0.11981598287820816
2.511999999999945,0.06783187608298072,17.683399200439453,0.10919564439406079,0.1986980089969889,0.11991135776042938,0.11991135776042938
2.5139999999999447,0.06783323461180542,17.681636810302734,0.1092222864869796,0.19864582481754725,0.1200590431690216,0.1200590431690216
2.5159999999999445,0.06783457981166334,17.680469512939453,0.10922652109340689,0.1986303482278753,0.12016823142766953,0.12016823142766953
2.5179999999999443,0.06783590981721653,17.67923355102539,0.10920806930638657,0.19859272361850744,0.12025109678506851,0.12025109678506851
2.519999999999944,0.06783722297682865,17.678077697753906,0.10916862669121706,0.19853358082042358,0.12030135840177536,0.12030135840177536
2.521999999999944,0.06783851771178272,17.676971435546875,0.10910839687572108,0.19845360446902793,0.12032601237297058,0.12032601237297058
2.5239999999999436,0.06783979259897525,17.67587661743164,0.10902859105299922,0.19835341113519397,0.12032222747802734,0.12032222747802734
2.5259999999999434,0.06784104628192733,17.674816131591797,0.10892963457294812,0.19823363987022674,0.12029404938220978,0.12029404938220978
2.527999999999943,0.06784227751852315,17.673858642578125,0.10881246422394189,0.19809488752358884,0.12024084478616714,0.12024084478616714
2.529999999999943,0.06784348512587855,17.67310333251953,0.10867759730136967,0.19793775682298753,0.1201651468873024,0.1201651468873024
2.5319999999999427,0.06784466800675967,17.672447204589844,0.10852580763042684,0.19776282242359114,0.12006674706935883,0.12006674706935883
2.5339999999999425,0.0678459567292208,17.671802520751953,0.10835764081570284,0.19757065648767652,0.11994771659374237,0.11994771659374237
2.5359999999999423,0.06784735409048276,17.67070770263672,0.10822861354079978,0.19736181093352115,0.11989292502403259,0.11989292502403259
2.537999999999942,0.06784886399716641,17.669601440429688,0.10813950061141205,0.19719016564109632,0.11988955736160278,0.11988955736160278
2.539999999999942,0.06785019950990198,17.668500900268555,0.1080889908151102,0.1970555101552669,0.1197730079293251,0.1197730079293251
2.5419999999999416,0.06785135811360221,17.670063018798828,0.10806038765742497,0.19695760627584147,0.11967846751213074,0.11967846751213074
2.5439999999999414,0.06785233711173892,17.67178726196289,0.10805146277022959,0.19689577857516205,0.11964830756187439,0.11964830756187439
2.545999999999941,0.06785313458398919,17.67379379272461,0.10806502348100236,0.19686990781067257,0.11968059837818146,0.11968059837818146
2.547999999999941,0.06785374869382425,17.675628662109375,0.1081000834158813,0.1968800821341475,0.11977418512105942,0.11977418512105942
2.5499999999999408,0.0678541782277454,17.677318572998047,0.1081582508314846,0.19692625552663998,0.11992751806974411,0.11992751806974411
2.5519999999999405,0.06785461636838687,17.67898178100586,0.10823914123127348,0.19700850244841556,0.12013959139585495,0.12013959139585495
2.5539999999999403,0.06785506220982425,17.678207397460938,0.10829986548251232,0.19712683849768786,0.12032878398895264,0.12032878398895264
2.55599999999994,0.06785551499505453,17.677486419677734,0.1083416067347666,0.19722244636611216,0.12041383981704712,0.12041383981704712
2.55799999999994,0.06785597383191588,17.676706314086914,0.1083642048844439,0.19729580825314869,0.12043684720993042,0.12043684720993042
2.5599999999999397,0.06785643790059301,17.675880432128906,0.10836847588517386,0.1973473561426755,0.12043824046850204,0.12043824046850204
2.5619999999999394,0.06785690630087184,17.67502212524414,0.10835453841222056,0.19737756656216773,0.12042165547609329,0.12042165547609329
2.563999999999939,0.0678573781642135,17.67420196533203,0.10832301948567431,0.1973868903640368,0.12038532644510269,0.12038532644510269
2.565999999999939,0.06785785257198026,17.673381805419922,0.1082741830042747,0.19737580219818698,0.12033109366893768,0.12033109366893768
2.5679999999999388,0.06785832861629547,17.672611236572266,0.10820855798892447,0.1973447632923779,0.12025818973779678,0.12025818973779678
2.5699999999999386,0.0678588053566707,17.67185401916504,0.10812648342906234,0.19729424716232047,0.12016785889863968,0.12016785889863968
2.5719999999999383,0.06785928185344423,17.671138763427734,0.10802843644481974,0.19722471976947245,0.12005996704101562,0.12005996704101562
2.573999999999938,0.0678598822604668,17.6704158782959,0.10791479384184381,0.19713665277476494,0.1199355199933052,0.1199355199933052
2.575999999999938,0.06786060487047361,17.6712646484375,0.10784212776326735,0.19703051286111822,0.11987815797328949,0.11987815797328949
2.5779999999999377,0.06786144934125206,17.671749114990234,0.10781098481981592,0.19696109585890734,0.11987505853176117,0.11987505853176117
2.5799999999999375,0.06786241611714207,17.67167854309082,0.10782004208379811,0.19692817322187217,0.11993318051099777,0.11993318051099777
2.5819999999999372,0.06786336034060292,17.67117691040039,0.10786942177926084,0.19693149361187584,0.12004578858613968,0.12004578858613968
2.583999999999937,0.06786428213313642,17.67013168334961,0.1078974320757377,0.19697092044936806,0.1201256588101387,0.1201256588101387
2.585999999999937,0.06786518134912752,17.669010162353516,0.10790400046272633,0.19698806044890718,0.12018284946680069,0.12018284946680069
2.5879999999999366,0.0678660579610587,17.667984008789062,0.10789041378265436,0.19698347825083629,0.12021231651306152,0.12021231651306152
2.5899999999999364,0.0678669117777303,17.666980743408203,0.10785693269811183,0.196957789744854,0.1202191635966301,0.1202191635966301
2.591999999999936,0.06786774265492271,17.666080474853516,0.10780451548956761,0.19691155615959713,0.12020130455493927,0.12020130455493927
2.593999999999936,0.06786855034371814,17.665264129638672,0.1077335771170536,0.19684536128534555,0.12016192823648453,0.12016192823648453
2.5959999999999357,0.06786933460608895,17.664499282836914,0.10764488858360478,0.1967597556677828,0.12010038644075394,0.12010038644075394
2.5979999999999355,0.06787009513415422,17.663818359375,0.10753892920378155,0.196655297415716,0.12001872062683105,0.12001872062683105
2.5999999999999353,0.06787099168045471,17.66320037841797,0.10741635771586656,0.19653252282931602,0.1199166402220726,0.1199166402220726
2.601999999999935,0.06787202394657106,17.66366958618164,0.10733364577753077,0.19639196797331662,0.11988010257482529,0.11988010257482529
2.603999999999935,0.0678731929799049,17.663713455200195,0.10729139765169851,0.19628771362692252,0.11989527940750122,0.11989527940750122
2.6059999999999346,0.0678741434098133,17.6634521484375,0.1072883614185914,0.196219594701461,0.11981478333473206,0.11981478333473206
2.6079999999999344,0.06787487577721742,17.665267944335938,0.10730698967567565,0.19618741173821322,0.11978691071271896,0.11978691071271896
2.609999999999934,0.06787539002518903,17.666736602783203,0.10734548812295408,0.1961904031423584,0.11982337385416031,0.11982337385416031
2.611999999999934,0.06787568706061659,17.66822052001953,0.10740628908770802,0.19622849137542986,0.1199224442243576,0.1199224442243576
2.6139999999999337,0.06787598884597743,17.669673919677734,0.10748862217721089,0.19630181617889594,0.12008349597454071,0.12008349597454071
2.6159999999999335,0.0678762945363852,17.66876220703125,0.10755030858951936,0.19641038792010598,0.12021806091070175,0.12021806091070175
2.6179999999999333,0.06787660338344516,17.667945861816406,0.10759218441026731,0.19649619758033438,0.12032639980316162,0.12032639980316162
2.619999999999933,0.06787691452277662,17.667137145996094,0.10761449881127953,0.19655975548346757,0.12040025740861893,0.12040025740861893
2.621999999999933,0.06787722713154264,17.66638946533203,0.1076179169988645,0.19660154412953504,0.12040223926305771,0.12040223926305771
2.6239999999999326,0.06787754031648235,17.665653228759766,0.1076027957267009,0.19662206637758112,0.12038499116897583,0.12038499116897583
2.6259999999999324,0.0678778531985367,17.66488265991211,0.10756970674482533,0.19662180952923342,0.12034762650728226,0.12034762650728226
2.627999999999932,0.06787816485434266,17.66415023803711,0.10751905802743136,0.1966012704786424,0.12029169499874115,0.12029169499874115
2.629999999999932,0.06787847436220851,17.663467407226562,0.10745136778824957,0.1965609366167475,0.12021709978580475,0.12021709978580475
2.6319999999999317,0.06787878077207408,17.662853240966797,0.10736706582000138,0.1965012988818615,0.12012456357479095,0.12012456357479095
2.6339999999999315,0.06787908313101185,17.662315368652344,0.1072666373678854,0.19642284153702316,0.12001436948776245,0.12001436948776245
2.6359999999999313,0.06787953468031567,17.66182518005371,0.10715051859078453,0.19632604887308583,0.1198875904083252,0.1198875904083252
2.637999999999931,0.06788013265585693,17.66323471069336,0.10707525207353585,0.19621139967413495,0.11982736736536026,0.11982736736536026
2.639999999999931,0.06788087577283897,17.664295196533203,0.10704125052547407,0.19613289861587752,0.1198207214474678,0.1198207214474678
2.6419999999999306,0.0678817634575895,17.664958953857422,0.1070472900458028,0.19609035998473812,0.11987514793872833,0.11987514793872833
2.6439999999999304,0.06788279628221595,17.665016174316406,0.10709342543498306,0.1960835710447697,0.11998347193002701,0.11998347193002701
2.64599999999993,0.06788379237923454,17.664913177490234,0.10717887549924597,0.19611243226922817,0.12000586837530136,0.12000586837530136
2.64799999999993,0.06788455499640861,17.66376495361328,0.10724151002412101,0.1961768499707084,0.11999969184398651,0.11999969184398651
2.6499999999999297,0.06788529366400484,17.665203094482422,0.10732435632569386,0.19621824915490726,0.12005779147148132,0.12005779147148132
2.6519999999999295,0.0678860082091168,17.66413688659668,0.1073841939300924,0.19629442679734985,0.12009277194738388,0.12009277194738388
2.6539999999999293,0.0678866988613297,17.663164138793945,0.10742276881579241,0.19634764729845858,0.12010464072227478,0.12010464072227478
2.655999999999929,0.06788736545893875,17.662281036376953,0.10744002268522795,0.19637854054751933,0.12009318172931671,0.12009318172931671
2.657999999999929,0.06788800803417881,17.661426544189453,0.1074371569879346,0.1963876355263328,0.12005876004695892,0.12005876004695892
2.6599999999999286,0.06788862639026277,17.66055679321289,0.10741442419181778,0.19637552150535134,0.12000136822462082,0.12000136822462082
2.6619999999999284,0.06788901063429328,17.659753799438477,0.1073727266514683,0.19634273084290815,0.11992126703262329,0.11992126703262329
2.663999999999928,0.06788916300543214,17.661285400390625,0.10735288759314034,0.19628982406534667,0.11990250647068024,0.11990250647068024
2.665999999999928,0.06788908566292841,17.662765502929688,0.10735469599222702,0.19627193797042305,0.11994436383247375,0.11994436383247375
2.6679999999999278,0.06788902573040545,17.664295196533203,0.10737919871790336,0.19628907320404917,0.12004607170820236,0.12004607170820236
2.6699999999999275,0.0678889812428745,17.663711547851562,0.1073844981219188,0.19634132110552907,0.12012097984552383,0.12012097984552383
2.6719999999999273,0.06788895083821986,17.663223266601562,0.10737223365847012,0.19637226533618818,0.1201697438955307,0.1201697438955307
2.673999999999927,0.06788893275676759,17.662750244140625,0.10734195508110407,0.19638243662146163,0.12019284069538116,0.12019284069538116
2.675999999999927,0.0678889255654956,17.662227630615234,0.1072947279278765,0.1963722542370894,0.12019070982933044,0.12019070982933044
2.6779999999999267,0.06788892763113347,17.661685943603516,0.10723051658757302,0.1963422200320284,0.12016379088163376,0.12016379088163376
2.6799999999999264,0.06788893750180118,17.66116714477539,0.10715008365464104,0.1962927765971305,0.12011260539293289,0.12011260539293289
2.681999999999926,0.06788895362951046,17.660686492919922,0.10705360899815779,0.19622440906239802,0.12003744393587112,0.12003744393587112
2.683999999999926,0.06788874278425111,17.66027069091797,0.10694169327069654,0.1961375702728888,0.1199389100074768,0.1199389100074768
2.685999999999926,0.0678886973808303,17.662059783935547,0.10685266337437936,0.19603273411628844,0.11989991366863251,0.11989991366863251
2.6879999999999256,0.06788881180961334,17.66460418701172,0.10680437794441608,0.19596322057746549,0.11984547227621078,0.11984547227621078
2.6899999999999253,0.06788908283028537,17.666309356689453,0.10679867763923956,0.19592964521258485,0.11983782052993774,0.11983782052993774
2.691999999999925,0.06788950742566029,17.667593002319336,0.1068332275418325,0.19593191250200095,0.11989863216876984,0.11989863216876984
2.693999999999925,0.06788969247649596,17.66857147216797,0.10690881787067993,0.19596976170288802,0.11998999863862991,0.11998999863862991
2.6959999999999247,0.06788987984159522,17.669954299926758,0.1070057898256436,0.1960431479876688,0.12011195719242096,0.12011195719242096
2.6979999999999245,0.06789006835214863,17.668792724609375,0.10707964182235799,0.19615128705810045,0.1202082708477974,0.1202082708477974
2.6999999999999242,0.0678902576513368,17.667739868164062,0.10713276954359252,0.19623596135382834,0.12027353793382645,0.12027353793382645
2.701999999999924,0.0678904467233358,17.666776657104492,0.1071645509967569,0.19629782184555128,0.12031842023134232,0.12031842023134232
2.703999999999924,0.06789063496811416,17.665912628173828,0.10717651417573824,0.19633735180245546,0.1203356608748436,0.1203356608748436
2.7059999999999236,0.06789082142544424,17.665138244628906,0.1071686011657404,0.19635514798861378,0.12033488601446152,0.12033488601446152
2.7079999999999234,0.06789100534458228,17.664348602294922,0.10714187467323855,0.19635171599490947,0.12030994147062302,0.12030994147062302
2.709999999999923,0.06789118577548289,17.66358184814453,0.10709655853777131,0.1963276183982927,0.12026077508926392,0.12026077508926392
2.711999999999923,0.0678913618715215,17.66284942626953,0.10703346035397027,0.19628336682027683,0.12018516659736633,0.12018516659736633
2.7139999999999227,0.06789153267478512,17.66220474243164,0.10695294017713698,0.19621949994560645,0.12008652091026306,0.12008652091026306
2.7159999999999225,0.0678914711502749,17.66166114807129,0.10685566102282645,0.1961365265842482,0.11996503174304962,0.11996503174304962
2.7179999999999223,0.06789118130629682,17.663372039794922,0.10678060164008411,0.19603496672366774,0.11990499496459961,0.11990499496459961
2.719999999999922,0.06789105863226036,17.66506576538086,0.10672744961044534,0.19596852518547891,0.11982493847608566,0.11982493847608566
2.721999999999922,0.06789109770074415,17.667522430419922,0.10671558431905309,0.19593719675310406,0.11980635672807693,0.11980635672807693
2.7239999999999216,0.06789129494285552,17.66919708251953,0.10674577845143281,0.1959416361870707,0.11984024941921234,0.11984024941921234
2.7259999999999214,0.06789164735557236,17.670623779296875,0.10681650111246037,0.19598173479535444,0.11993831396102905,0.11993831396102905
2.727999999999921,0.067891991427878,17.671649932861328,0.10692798603379967,0.19605731236645021,0.12008994817733765,0.12008994817733765
2.729999999999921,0.06789232706142205,17.670387268066406,0.10701637829167661,0.196168333544354,0.12021005153656006,0.12021005153656006
2.7319999999999207,0.06789265382977257,17.66918182373047,0.10708191963118707,0.19625544983699197,0.12027043849229813,0.12027043849229813
2.7339999999999205,0.06789297143965975,17.66809844970703,0.10712570958754243,0.1963192238843971,0.12029483914375305,0.12029483914375305
2.7359999999999203,0.06789327940276117,17.66712188720703,0.10714818024156557,0.19636026057872094,0.12029499560594559,0.12029499560594559
2.73799999999992,0.06789357728208661,17.66619873046875,0.10715020244789626,0.19637912156579249,0.12027134001255035,0.12027134001255035
2.73999999999992,0.06789386452005342,17.665342330932617,0.1071322885901647,0.19637638706918287,0.12022373825311661,0.12022373825311661
2.7419999999999196,0.06789414057097382,17.664493560791016,0.1070951729682553,0.19635261076657853,0.12015268951654434,0.12015268951654434
2.7439999999999194,0.06789440481187263,17.66370391845703,0.10703939363688297,0.19630835241581138,0.120058573782444,0.120058573782444
2.745999999999919,0.06789443280791749,17.662967681884766,0.10696559825765961,0.19624415405395906,0.11994155496358871,0.11994155496358871
2.747999999999919,0.06789422832774196,17.664642333984375,0.10691374744963769,0.19616055721136838,0.11988573521375656,0.11988573521375656
2.7499999999999187,0.0678937949590481,17.666236877441406,0.10688355282104545,0.19611194410193092,0.11989045143127441,0.11989045143127441
2.7519999999999185,0.06789313692298284,17.66762924194336,0.10687611347781531,0.19609831520493617,0.11995536834001541,0.11995536834001541
2.7539999999999183,0.06789252741278966,17.66927719116211,0.10689139920609322,0.19611977299478986,0.12008025497198105,0.12008025497198105
2.755999999999918,0.06789196291437141,17.668926239013672,0.10688863637700863,0.19617638312384042,0.12004406750202179,0.12004406750202179
2.757999999999918,0.06789156902775632,17.6685791015625,0.10686884448948161,0.19621183526017155,0.11997458338737488,0.11997458338737488
2.7599999999999176,0.06789133922062311,17.67141342163086,0.1068908460318606,0.1962266053143814,0.11997688561677933,0.11997688561677933
2.7619999999999174,0.06789113262562084,17.673660278320312,0.10695525974926091,0.1962771865411387,0.12003307789564133,0.12003307789564133
2.763999999999917,0.06789094758456256,17.672645568847656,0.10699912345379291,0.19636348020046893,0.12006571143865585,0.12006571143865585
2.765999999999917,0.06789078233793117,17.671762466430664,0.1070227754601444,0.1964270319297324,0.12007831782102585,0.12007831782102585
2.7679999999999167,0.06789063523387313,17.670942306518555,0.10702695247150251,0.1964683580904901,0.12006915360689163,0.12006915360689163
2.7699999999999165,0.06789050457542946,17.67020034790039,0.10701208133201104,0.19648799530517586,0.12004082649946213,0.12004082649946213
2.7719999999999163,0.06789053383490036,17.669483184814453,0.10697879402514512,0.19648646056784608,0.1199922263622284,0.1199922263622284
2.773999999999916,0.06789056936612203,17.67142105102539,0.10698636475220237,0.19646427946116918,0.12001056224107742,0.12001056224107742
2.775999999999916,0.06789076182074517,17.670442581176758,0.10697512889403707,0.19647768555910602,0.11999475955963135,0.11999475955963135
2.7779999999999156,0.06789095161774318,17.671966552734375,0.10700363482956605,0.19646982035346394,0.12005311250686646,0.12005311250686646
2.7799999999999154,0.06789113877308152,17.67083740234375,0.10701266559021233,0.1964973901444519,0.12006910890340805,0.12006910890340805
2.781999999999915,0.06789132206193967,17.67003631591797,0.1070005616495321,0.19650311027976672,0.1200755164027214,0.1200755164027214
2.783999999999915,0.06789150109198124,17.669050216674805,0.10696967030585841,0.19648742275511955,0.1200498417019844,0.1200498417019844
2.7859999999999148,0.06789167480313361,17.66827392578125,0.10691939265886961,0.19645098704832212,0.12000978738069534,0.12000978738069534
2.7879999999999145,0.06789200686621598,17.667415618896484,0.10685123415915891,0.19639429076508438,0.11994392424821854,0.11994392424821854
2.7899999999999143,0.06789249442470334,17.668983459472656,0.10682304108599625,0.1963179323280174,0.11994704604148865,0.11994704604148865
2.791999999999914,0.06789313633052259,17.669872283935547,0.10683565270703703,0.1962770732535921,0.11999964714050293,0.11999964714050293
2.793999999999914,0.06789375080542337,17.670440673828125,0.10688763049496973,0.1962716479074976,0.12011406570672989,0.12011406570672989
2.7959999999999137,0.06789433844658653,17.669254302978516,0.10691778124816247,0.1963015113925394,0.12013094872236252,0.12013094872236252
2.7979999999999134,0.06789489904269974,17.66835594177246,0.10692553116905654,0.19630895022133774,0.12005679309368134,0.12005679309368134
2.7999999999999132,0.06789522072312192,17.66730499267578,0.10691265502408766,0.19629449715099678,0.11996044963598251,0.11996044963598251
2.801999999999913,0.06789530626427172,17.668712615966797,0.10692052458013829,0.19625880952637745,0.11992641538381577,0.11992641538381577
2.803999999999913,0.06789515851855338,17.6701717376709,0.10694947633196426,0.1962579075294959,0.11995406448841095,0.11995406448841095
2.8059999999999126,0.06789502733794946,17.67176055908203,0.10700033955221815,0.19629183757192156,0.12004225701093674,0.12004225701093674
2.8079999999999123,0.06789491084743719,17.67101287841797,0.10703062089570335,0.19636069791092942,0.12010373920202255,0.12010373920202255
2.809999999999912,0.06789480772695365,17.670211791992188,0.1070418273183607,0.1964072835588509,0.12013883143663406,0.12013883143663406
2.811999999999912,0.06789471628047353,17.669570922851562,0.10703374838215708,0.19643215240102258,0.12014829367399216,0.12014829367399216
2.8139999999999117,0.0678946351105393,17.668922424316406,0.10700740866407292,0.19643576291583048,0.12013224512338638,0.12013224512338638
2.8159999999999115,0.06789456262906728,17.668325424194336,0.10696292320116121,0.1964186435832878,0.1200912743806839,0.1200912743806839
2.8179999999999112,0.067894497412496,17.667709350585938,0.10690105679988533,0.19638126911429235,0.12002569437026978,0.12002569437026978
2.819999999999911,0.06789420426542817,17.667137145996094,0.10682208963317952,0.19632414948469995,0.11993594467639923,0.11993594467639923
2.821999999999911,0.06789368763100315,17.668821334838867,0.10676587405045725,0.19624776459892587,0.11990687251091003,0.11990687251091003
2.8239999999999106,0.06789295172504435,17.670433044433594,0.10673190195432512,0.1962065638204496,0.11993841826915741,0.11993841826915741
2.8259999999999104,0.06789238973863845,17.67202377319336,0.10672129686500562,0.19620054919978222,0.11986465752124786,0.11986465752124786
2.82799999999991,0.06789199405511376,17.67536163330078,0.10675228513357526,0.19622984041278074,0.11987005174160004,0.11987005174160004
2.82999999999991,0.06789175943557832,17.677976608276367,0.1068263819917845,0.19629492669875345,0.11992504447698593,0.11992504447698593
2.8319999999999097,0.06789154814451381,17.679916381835938,0.10694145738703413,0.19639576424147148,0.12004930526018143,0.12004930526018143
2.8339999999999095,0.06789135910836529,17.678821563720703,0.10703498545154515,0.19653216119488195,0.12013610452413559,0.12013610452413559
2.8359999999999093,0.0678911903828883,17.677772521972656,0.10710590983233616,0.1966443646127564,0.12020903825759888,0.12020903825759888
2.837999999999909,0.06789104067007705,17.676639556884766,0.10715608095164021,0.19673282683351564,0.1202520877122879,0.1202520877122879
2.839999999999909,0.06789090821877826,17.675704956054688,0.10718521522581614,0.19679816253062485,0.12027796357870102,0.12027796357870102
2.8419999999999086,0.06789079162054057,17.67477798461914,0.1071945500428389,0.1968408640772492,0.12027855962514877,0.12027855962514877
2.8439999999999084,0.06789068923305427,17.673986434936523,0.10718419428783559,0.1968615073579134,0.12026090174913406,0.12026090174913406
2.845999999999908,0.06789059959846493,17.67318344116211,0.10715505288950733,0.19686060164034905,0.12022087723016739,0.12022087723016739
2.847999999999908,0.06789052114101193,17.672443389892578,0.1071074299916231,0.19683869789803746,0.12016252428293228,0.12016252428293228
2.8499999999999077,0.06789045238746731,17.671722412109375,0.1070420455767152,0.19679630959973748,0.12008396536111832,0.12008396536111832
2.8519999999999075,0.06789054225669754,17.671049118041992,0.10695929679866213,0.19673396967014223,0.11998780816793442,0.11998780816793442
2.8539999999999073,0.06789078689522907,17.673017501831055,0.10691740442073282,0.1966521886649049,0.1199570968747139,0.1199570968747139
2.855999999999907,0.06789118392271894,17.674346923828125,0.10691662210671371,0.196606050872582,0.11998029798269272,0.11998029798269272
2.857999999999907,0.06789156625317307,17.675321578979492,0.10695585790126746,0.1965954298150585,0.12006387859582901,0.12006387859582901
2.8599999999999066,0.06789193403825494,17.674163818359375,0.10697384889513185,0.19662017423568728,0.12011200189590454,0.12011200189590454
2.8619999999999064,0.06789228675038252,17.67322540283203,0.10697016455375068,0.1966226029443278,0.12014180421829224,0.12014180421829224
2.863999999999906,0.06789262425095259,17.67217254638672,0.10694639136947923,0.19660324849352853,0.12014252692461014,0.12014252692461014
2.865999999999906,0.06789294602128046,17.671283721923828,0.10690260181219778,0.1965627487875896,0.12012358754873276,0.12012358754873276
2.8679999999999057,0.06789325173161238,17.670345306396484,0.10683992097680699,0.19650164782153476,0.12001125514507294,0.12001125514507294
2.8699999999999055,0.06789332729182777,17.669540405273438,0.10675866547277336,0.196420540633062,0.11985352635383606,0.11985352635383606
2.8719999999999053,0.0678931765249538,17.671201705932617,0.10669919547995195,0.196319968169173,0.11975764483213425,0.11975764483213425
2.873999999999905,0.06789280296766168,17.673049926757812,0.10666106362705748,0.19625449401478817,0.11972330510616302,0.11972330510616302
2.875999999999905,0.06789221086637555,17.67459487915039,0.10664556679732573,0.19622410232896415,0.11974944174289703,0.11974944174289703
2.8779999999999046,0.06789178749803117,17.676212310791016,0.10665260142750763,0.19622889768230461,0.11980486661195755,0.11980486661195755
2.8799999999999044,0.06789152630237649,17.679222106933594,0.10670126611756373,0.19626893209725002,0.1198389008641243,0.1198389008641243
2.881999999999904,0.06789142267920271,17.681346893310547,0.1067924403692242,0.1963446870256509,0.11992555856704712,0.11992555856704712
2.883999999999904,0.06789133476061787,17.682945251464844,0.1069244984690848,0.19645611246465286,0.12007796764373779,0.12007796764373779
2.8859999999999038,0.067891261807114,17.6817626953125,0.10703402149227843,0.19660307255171544,0.12019342929124832,0.12019342929124832
2.8879999999999035,0.06789120231625333,17.6806640625,0.10712023904151143,0.1967253275136611,0.12029208242893219,0.12029208242893219
2.8899999999999033,0.06789115531108703,17.679466247558594,0.1071848575444961,0.19682335537581833,0.12036047130823135,0.12036047130823135
2.891999999999903,0.06789111940820095,17.678443908691406,0.10722775696652705,0.19689777178044235,0.12040995806455612,0.12040995806455612
2.893999999999903,0.06789109349582848,17.677440643310547,0.10725010960716416,0.19694908706945624,0.12043318152427673,0.12043318152427673
2.8959999999999027,0.06789107624467042,17.676570892333984,0.10725212148744795,0.19697788192816693,0.1204366683959961,0.1204366683959961
2.8979999999999024,0.06789106646562407,17.67571258544922,0.10723467261299073,0.19698467917952947,0.12041713297367096,0.12041713297367096
2.899999999999902,0.06789106285330425,17.674911499023438,0.10719812772155364,0.19697003628928975,0.12037806957960129,0.12037806957960129
2.901999999999902,0.0678910641754284,17.674114227294922,0.10714320190332033,0.19693447768557257,0.12031780183315277,0.12031780183315277
2.9039999999999018,0.0678910691387762,17.67337417602539,0.10707033242119772,0.19687854343253733,0.12023895233869553,0.12023895233869553
2.9059999999999016,0.06789107649004654,17.672643661499023,0.10698013712986967,0.19680275347728907,0.12014074623584747,0.12014074623584747
2.9079999999999013,0.06789108494630434,17.672014236450195,0.1068730816313893,0.19670763322464316,0.12002476304769516,0.12002476304769516
2.909999999999901,0.06789125195433528,17.671459197998047,0.10674972292340955,0.19659369462364812,0.11989109963178635,0.11989109963178635
2.911999999999901,0.06789119390955509,17.67346954345703,0.10666702876430918,0.1964614495745352,0.11978371441364288,0.11978371441364288
2.9139999999999007,0.06789091541744846,17.674972534179688,0.10660715997287896,0.19636493557608864,0.11970172077417374,0.11970172077417374
2.9159999999999004,0.06789042009851284,17.676931381225586,0.10656822862936892,0.19630366750918027,0.11968139559030533,0.11968139559030533
2.9179999999999002,0.06789008854734044,17.678443908691406,0.10655254239327766,0.1962775632638865,0.11961991339921951,0.11961991339921951
2.9199999999999,0.06788991438796366,17.68126678466797,0.10657745412329757,0.19628679283013192,0.1196398064494133,0.1196398064494133
2.9219999999999,0.06788989378685219,17.683168411254883,0.10664514175136093,0.19633164974979772,0.11970487236976624,0.11970487236976624
2.9239999999998996,0.06789002295471938,17.684783935546875,0.10675305056112712,0.19641214054708767,0.11983996629714966,0.11983996629714966
2.9259999999998993,0.06789015521653695,17.68575668334961,0.10690215310953809,0.1965280684381166,0.12002502381801605,0.12002502381801605
2.927999999999899,0.06789029007698709,17.684486389160156,0.10702664696717956,0.19667947584305245,0.12018054723739624,0.12018054723739624
2.929999999999899,0.06789042691766198,17.683238983154297,0.1071271720403983,0.1968055687356665,0.12030928581953049,0.12030928581953049
2.9319999999998987,0.06789056511779695,17.68194580078125,0.1072045718893231,0.19690693270992893,0.12036874890327454,0.12036874890327454
2.9339999999998985,0.06789070397282278,17.680763244628906,0.1072594948558646,0.19698416117936746,0.12040171027183533,0.12040171027183533
2.9359999999998982,0.06789084275984733,17.67966079711914,0.10729268627524668,0.19703783264273766,0.12040942162275314,0.12040942162275314
2.937999999999898,0.06789098069642248,17.678665161132812,0.10730478020712184,0.19706852661843627,0.12039252370595932,0.12039252370595932
2.939999999999898,0.06789111697686347,17.677730560302734,0.10729645335607457,0.19707681159957366,0.1203508973121643,0.1203508973121643
2.9419999999998976,0.0678912507521975,17.676815032958984,0.10726831611661007,0.19706325342875544,0.12028505653142929,0.12028505653142929
2.9439999999998974,0.0678913811510618,17.675922393798828,0.10722099411038785,0.19702840891088083,0.12019532918930054,0.12019532918930054
2.945999999999897,0.06789150727079803,17.67506980895996,0.1071550711315084,0.19697283020415887,0.12008199840784073,0.12008199840784073
2.947999999999897,0.06789141125626319,17.674293518066406,0.10707113263047242,0.19689706142502017,0.11994513869285583,0.11994513869285583
2.9499999999998967,0.06789109712231531,17.676002502441406,0.10700945752707273,0.19680164093970662,0.11986985802650452,0.11986985802650452
2.9519999999998965,0.0678905687240509,17.677837371826172,0.10696970730463447,0.19674154783127004,0.11985515803098679,0.11985515803098679
2.9539999999998963,0.06788983056972461,17.679428100585938,0.10695300545445717,0.19671678667681336,0.11990080028772354,0.11990080028772354
2.955999999999896,0.0678891458352506,17.681121826171875,0.10695929206569631,0.19672746635048366,0.12000662088394165,0.12000662088394165
2.957999999999896,0.06788851071852306,17.680801391601562,0.10694752381631863,0.19677365605652108,0.12004180252552032,0.12004180252552032
2.9599999999998956,0.06788803922736002,17.680435180664062,0.10691871949685103,0.19679845877767155,0.11995948851108551,0.11995948851108551
2.9619999999998954,0.0678877246591367,17.683574676513672,0.1069317866971163,0.19680234818967707,0.1199495792388916,0.1199495792388916
2.963999999999895,0.0678875621174972,17.685871124267578,0.10698736318078314,0.19684215460540067,0.1199936792254448,0.1199936792254448
2.965999999999895,0.06788741895384233,17.687755584716797,0.10708396740400004,0.19691777155244766,0.12010249495506287,0.12010249495506287
2.9679999999998947,0.06788729418711832,17.68655776977539,0.10715887338836436,0.19702903248133213,0.12017638981342316,0.12017638981342316
2.9699999999998945,0.06788718616276473,17.685449600219727,0.10721134647248122,0.19711617466125986,0.12023408710956573,0.12023408710956573
2.9719999999998943,0.06788709370362665,17.68434715270996,0.10724303417360824,0.19717968457970314,0.12026315182447433,0.12026315182447433
2.973999999999894,0.06788701527735792,17.683412551879883,0.10725382534489641,0.1972201761055318,0.12027375400066376,0.12027375400066376
2.975999999999894,0.0678869496014958,17.682456970214844,0.10724485627581846,0.19723816409589773,0.12025966495275497,0.12025966495275497
2.9779999999998936,0.06788689520681464,17.681594848632812,0.10721632996065528,0.1972342281447261,0.12022677809000015,0.12022677809000015
2.9799999999998934,0.06788685075623727,17.68069839477539,0.10716910225375534,0.19720889313113885,0.12017196416854858,0.12017196416854858
2.981999999999893,0.06788681481607535,17.679895401000977,0.10710352995646814,0.19716271544766398,0.12009847164154053,0.12009847164154053
2.983999999999893,0.06788678602475269,17.679107666015625,0.1070203104333279,0.19709621995673957,0.12000509351491928,0.12000509351491928
2.9859999999998927,0.0678869083378082,17.678375244140625,0.10691987133303785,0.19700994535663174,0.11989393085241318,0.11989393085241318
2.9879999999998925,0.06788717824866122,17.680347442626953,0.10686013364699123,0.19690441088478586,0.1198485717177391,0.1198485717177391
2.9899999999998923,0.06788759369135101,17.681713104248047,0.10684140289582662,0.19683462758281645,0.11985667049884796,0.11985667049884796
2.991999999999892,0.06788815325172205,17.68268585205078,0.10686254788495135,0.1968004594288333,0.11992530524730682,0.11992530524730682
2.993999999999892,0.06788848795459998,17.683191299438477,0.10692357282076224,0.19680174420762458,0.11992549151182175,0.11992549151182175
2.9959999999998916,0.0678886004948023,17.684612274169922,0.10700565642738964,0.1968384279048602,0.11995787173509598,0.11995787173509598
2.9979999999998914,0.06788871702528286,17.686187744140625,0.10710794924600726,0.19691016121008884,0.12005361169576645,0.12005361169576645
2.999999999999891,0.0678888368049206,17.68497085571289,0.1071873176720579,0.1970169710279135,0.12012325972318649,0.12012325972318649
3.001999999999891,0.06788895908689872,17.683818817138672,0.10724450652062403,0.19709960883647656,0.12016697973012924,0.12016697973012924
3.0039999999998908,0.06788908305953607,17.682741165161133,0.1072801127993734,0.1971586407692958,0.12018527090549469,0.12018527090549469
3.0059999999998905,0.06788920789468288,17.681766510009766,0.10729480759054731,0.19719462192845374,0.12017834931612015,0.12017834931612015
3.0079999999998903,0.06788933271801832,17.680862426757812,0.1072891774744807,0.19720810821012016,0.12014617770910263,0.12014617770910263
3.00999999999989,0.0678894566361414,17.67995834350586,0.10726384157690247,0.19719964719946637,0.12008965015411377,0.12008965015411377
3.01199999999989,0.0678895787224094,17.679073333740234,0.10721936841416155,0.19716978433332544,0.12000869959592819,0.12000869959592819
3.0139999999998897,0.0678894844816449,17.678226470947266,0.1071563379661179,0.19711905802704457,0.11990400403738022,0.11990400403738022
3.0159999999998894,0.06788917763544741,17.679950714111328,0.10711576994341263,0.19704800285786572,0.11986032128334045,0.11986032128334045
3.017999999999889,0.06788866177254348,17.681623458862305,0.10709729235999538,0.19701238827688686,0.11987727135419846,0.11987727135419846
3.019999999999889,0.06788794114291823,17.68319320678711,0.10710202262778545,0.19701222894900888,0.11995451152324677,0.11995451152324677
3.0219999999998888,0.06788727443010462,17.68488883972168,0.10712988027144293,0.19704764437991937,0.120091512799263,0.120091512799263
3.0239999999998886,0.06788665790347989,17.68445587158203,0.10713903443340338,0.19711871476958404,0.12020017206668854,0.12020017206668854
3.0259999999998883,0.06788608830707439,17.683990478515625,0.10713051627090793,0.19716769544593724,0.12014774978160858,0.12014774978160858
3.027999999999888,0.06788556230714654,17.68360137939453,0.10710421322817178,0.19719506040633597,0.12007371336221695,0.12007371336221695
3.029999999999888,0.06788519313211785,17.683155059814453,0.10706085614827456,0.19720122754908978,0.11998212337493896,0.11998212337493896
3.0319999999998877,0.06788497469806001,17.68621063232422,0.10705935475263309,0.19718666448823988,0.11996091902256012,0.11996091902256012
3.0339999999998875,0.06788490259725345,17.68834686279297,0.10710020761306206,0.19720808687746116,0.11999468505382538,0.11999468505382538
3.0359999999998872,0.06788484550717873,17.69009780883789,0.10718203977516044,0.1972653657784166,0.12009221315383911,0.12009221315383911
3.037999999999887,0.06788480262878724,17.688844680786133,0.10724233793664673,0.1973583277609857,0.1201549842953682,0.1201549842953682
3.039999999999887,0.06788477252378572,17.687763214111328,0.10728041007856261,0.19742739520374972,0.12020130455493927,0.12020130455493927
3.0419999999998866,0.06788475418306779,17.686674118041992,0.10729788338354684,0.19747306530205086,0.12021893262863159,0.12021893262863159
3.0439999999998864,0.0678847462551489,17.685726165771484,0.10729467053123151,0.19749595573040538,0.12021828442811966,0.12021828442811966
3.045999999999886,0.06788474760936136,17.684743881225586,0.10727189855124981,0.19749658869107464,0.12019291520118713,0.12019291520118713
3.047999999999886,0.06788475693090372,17.683826446533203,0.10722978405156754,0.19747554722573027,0.12014870345592499,0.12014870345592499
3.0499999999998857,0.06788477301858566,17.68292236328125,0.10716917903415756,0.19743336127934064,0.1200825423002243,0.1200825423002243
3.0519999999998855,0.06788493564657733,17.682119369506836,0.10709044826747134,0.1973705900392001,0.11999791115522385,0.11999791115522385
3.0539999999998853,0.0678852417233398,17.683876037597656,0.10705237738443103,0.1972877618117905,0.11997853219509125,0.11997853219509125
3.055999999999885,0.067885538902509,17.685049057006836,0.10705525079736043,0.19724070764380616,0.12001270800828934,0.12001270800828934
3.057999999999885,0.06788582688320971,17.683923721313477,0.10703750545797922,0.1972293057572286,0.12001874297857285,0.12001874297857285
3.0599999999998846,0.06788610508212237,17.682920455932617,0.10699934869676674,0.19719611055278882,0.12000392377376556,0.12000392377376556
3.0619999999998844,0.06788652839386419,17.68189239501953,0.1069418183447883,0.19714168521055098,0.11996467411518097,0.11996467411518097
3.063999999999884,0.06788673564226315,17.68317413330078,0.10692402633107083,0.197066629002138,0.1198645755648613,0.1198645755648613
3.065999999999884,0.06788673025592824,17.68456268310547,0.1069285911185531,0.19702718548070763,0.1198267862200737,0.1198267862200737
3.0679999999998837,0.06788651469440428,17.686233520507812,0.1069534994800386,0.1970230867461351,0.11985129117965698,0.11985129117965698
3.0699999999998835,0.06788609265250971,17.687786102294922,0.10700128021231771,0.19705427181977966,0.11993725597858429,0.11993725597858429
3.0719999999998833,0.06788570668198034,17.68936538696289,0.1070710223740631,0.1971209421988586,0.12008421123027802,0.12008421123027802
3.073999999999883,0.06788535439306438,17.68854522705078,0.10712033970402496,0.19722314109566128,0.12012536078691483,0.12012536078691483
3.075999999999883,0.0678850335483335,17.687728881835938,0.10714988815564003,0.19730204853601863,0.12012860178947449,0.12012860178947449
3.0779999999998826,0.06788474191134722,17.686973571777344,0.10716000225690317,0.1973581587990718,0.12011336535215378,0.12011336535215378
3.0799999999998824,0.0678844773475426,17.686264038085938,0.10715124679789248,0.19739195171406024,0.12007865309715271,0.12007865309715271
3.081999999999882,0.06788423774388674,17.68558692932129,0.10712401542148138,0.1974039213077351,0.12002582103013992,0.12002582103013992
3.083999999999882,0.06788414758682333,17.684917449951172,0.1070788220599784,0.1973945538076785,0.11995470523834229,0.11995470523834229
3.0859999999998817,0.06788420241390242,17.687232971191406,0.10707498787908021,0.19736434245575032,0.11995155364274979,0.11995155364274979
3.0879999999998815,0.06788426446696362,17.688722610473633,0.1071128972389641,0.1973700109421284,0.12000270932912827,0.12000270932912827
3.0899999999998813,0.06788433290376968,17.687633514404297,0.10712993598915357,0.1974114420036296,0.12002718448638916,0.12002718448638916
3.091999999999881,0.06788440665941428,17.68665885925293,0.10712631147870649,0.1974301422172537,0.12003117054700851,0.12003117054700851
3.093999999999881,0.06788448478066164,17.6856689453125,0.1071029532801916,0.1974266511787915,0.1200113594532013,0.1200113594532013
3.0959999999998806,0.0678847073708673,17.68472671508789,0.10706023660436378,0.19740154215785793,0.119971364736557,0.119971364736557
3.0979999999998804,0.06788507182690451,17.68627166748047,0.10705803986142814,0.19735535442329397,0.11999640613794327,0.11999640613794327
3.09999999999988,0.06788542585799041,17.68716049194336,0.10709666366859817,0.1973448760883206,0.12007474154233932,0.12007474154233932
3.10199999999988,0.06788576930730676,17.68598747253418,0.10711351700772279,0.1973700190728145,0.12012325972318649,0.12012325972318649
3.1039999999998797,0.06788610172458401,17.684926986694336,0.10710882889370091,0.19737239041552626,0.12012138217687607,0.12012138217687607
3.1059999999998795,0.06788642276853185,17.683826446533203,0.10708367061293694,0.19735256052510783,0.12003173679113388,0.12003173679113388
3.1079999999998793,0.06788653261840046,17.682830810546875,0.10703845688881329,0.19731113722385613,0.11991908401250839,0.11991908401250839
3.109999999999879,0.06788643443457322,17.68446159362793,0.1070151856962032,0.19724868578411622,0.11986881494522095,0.11986881494522095
3.111999999999879,0.06788613118755518,17.68616485595703,0.10701339279624551,0.19722171283935877,0.11988052725791931,0.11988052725791931
3.1139999999998786,0.06788562654754839,17.68764877319336,0.10703438719839696,0.19723023116105165,0.11995313316583633,0.11995313316583633
3.1159999999998784,0.06788516319450544,17.689186096191406,0.10707806001289712,0.1972743693788143,0.12008395045995712,0.12008395045995712
3.117999999999878,0.06788473824146464,17.68853759765625,0.10710208289100458,0.1973542051820883,0.1200728639960289,0.1200728639960289
3.119999999999878,0.06788434918713167,17.687849044799805,0.10710751429077986,0.19741140643985075,0.12004086375236511,0.12004086375236511
3.1219999999998778,0.06788411137017202,17.687274932861328,0.10709431329549543,0.19744647129986284,0.1199934333562851,0.1199934333562851
3.1239999999998775,0.06788389809608776,17.689922332763672,0.10712300517050467,0.19745984355469956,0.12001311779022217,0.12001311779022217
3.1259999999998773,0.06788370791505219,17.688941955566406,0.10713265159898215,0.1975091812737513,0.1200013980269432,0.1200013980269432
3.127999999999877,0.06788366357411779,17.68816566467285,0.10712232418626634,0.19753610954225775,0.1199776828289032,0.1199776828289032
3.129999999999877,0.06788363243873524,17.69007682800293,0.10715356992338583,0.19754106707972538,0.12001524120569229,0.12001524120569229
3.1319999999998767,0.06788361354713478,17.68899154663086,0.10716478770770402,0.1975818596095295,0.12002265453338623,0.12002265453338623
3.1339999999998764,0.06788360545011206,17.68808364868164,0.10715550322053123,0.19760006530035099,0.12001390755176544,0.12001390755176544
3.135999999999876,0.06788374075884512,17.687095642089844,0.10712707756316163,0.19759617599355117,0.11997978389263153,0.11997978389263153
3.137999999999876,0.06788387816547088,17.68874740600586,0.10713907959531002,0.1975707766418769,0.12001479417085648,0.12001479417085648
3.139999999999876,0.06788401734690983,17.687530517578125,0.10713155413163351,0.19758110407664842,0.12001240253448486,0.12001240253448486
3.1419999999998756,0.06788429849279709,17.686594009399414,0.10710321960466386,0.19756934114529337,0.11999771744012833,0.11999771744012833
3.1439999999998753,0.06788457341305286,17.687850952148438,0.10711573598531421,0.19753595431414228,0.12004096806049347,0.12004096806049347
3.145999999999875,0.06788484183630844,17.68667984008789,0.10710769307582363,0.1975382702908901,0.1200532540678978,0.1200532540678978
3.147999999999875,0.06788510303974568,17.685646057128906,0.10707889144891254,0.19751846085142716,0.1200467199087143,0.1200467199087143
3.1499999999998747,0.06788535654154733,17.684589385986328,0.1070306375521393,0.19747706280185262,0.12001395970582962,0.12001395970582962
3.1519999999998745,0.06788540335696495,17.683626174926758,0.10696310516653063,0.19741468547704777,0.11995669454336166,0.11995669454336166
3.1539999999998742,0.06788524689452488,17.685331344604492,0.10691776752550525,0.197331871175529,0.11989139020442963,0.11989139020442963
3.155999999999874,0.0678852392939535,17.687145233154297,0.10689402239746006,0.19728467871842173,0.11986462026834488,0.11986462026834488
3.157999999999874,0.06788537654135832,17.689123153686523,0.10691129212318073,0.19727310861334904,0.11989223212003708,0.11989223212003708
3.1599999999998736,0.06788530596705823,17.690441131591797,0.1069702725135745,0.1972973531878378,0.11995101720094681,0.11995101720094681
3.1619999999998734,0.06788525095539104,17.691997528076172,0.10705149163792245,0.1973573362922925,0.12004931271076202,0.12004931271076202
3.163999999999873,0.06788520981056592,17.690982818603516,0.1071098645910867,0.1974528151482842,0.12011614441871643,0.12011614441871643
3.165999999999873,0.0678851816516845,17.6898193359375,0.107147809050009,0.19752446285258235,0.12015033513307571,0.12015033513307571
3.1679999999998727,0.06788516498543828,17.68889617919922,0.10716458390641118,0.19757291383089615,0.1201692670583725,0.1201692670583725
3.1699999999998725,0.06788515874352674,17.687931060791016,0.10716171798810875,0.19759863365001146,0.12016177177429199,0.12016177177429199
3.1719999999998723,0.06788516153231218,17.687076568603516,0.10713907238161745,0.1976022067353855,0.1201367899775505,0.1201367899775505
3.173999999999872,0.06788517217998517,17.686141967773438,0.10709770060214155,0.19758412679616083,0.12008872628211975,0.12008872628211975
3.175999999999872,0.0678851893422129,17.68531608581543,0.10703777116455397,0.19754494831930947,0.12002298980951309,0.12002298980951309
3.1779999999998716,0.06788535312092765,17.684452056884766,0.10696007913822753,0.19748517600420587,0.11993654817342758,0.11993654817342758
3.1799999999998714,0.06788531157322832,17.686336517333984,0.10692311236338607,0.19740534446780442,0.11989454925060272,0.11989454925060272
3.181999999999871,0.06788506859908945,17.68785858154297,0.10690937268548358,0.1973613641157958,0.11988237500190735,0.11988237500190735
3.183999999999871,0.06788497402686744,17.689537048339844,0.10691674173042026,0.19735304121854855,0.11987406760454178,0.11987406760454178
3.1859999999998707,0.06788502374032482,17.691635131835938,0.10696572632384074,0.1973803196912108,0.1199272945523262,0.1199272945523262
3.1879999999998705,0.06788508195892791,17.693103790283203,0.10705624285578819,0.19744345039126474,0.12003762274980545,0.12003762274980545
3.1899999999998703,0.06788514800212625,17.69185447692871,0.10712453763564249,0.19754233502867252,0.12011757493019104,0.12011757493019104
3.19199999999987,0.0678852208390863,17.690719604492188,0.10717057794918587,0.19761709305275452,0.12017693370580673,0.12017693370580673
3.19399999999987,0.06788529963267043,17.689598083496094,0.10719550507853105,0.19766825167562918,0.12020988762378693,0.12020988762378693
3.1959999999998696,0.06788538334922636,17.688610076904297,0.10719957865445451,0.1976963975050525,0.1202218160033226,0.1202218160033226
3.1979999999998694,0.06788547104696736,17.6876163482666,0.10718366899389557,0.1977020670412378,0.12019290775060654,0.12019290775060654
3.199999999999869,0.06788556167149065,17.686649322509766,0.10714817618270593,0.19768582569225424,0.12013652920722961,0.12013652920722961
3.201999999999869,0.06788565420945049,17.685714721679688,0.10709381665460142,0.19764820994505225,0.12005583941936493,0.12005583941936493
3.2039999999998687,0.06788554437470908,17.684803009033203,0.10702105306938757,0.19758976895486177,0.1199515238404274,0.1199515238404274
3.2059999999998685,0.06788523585609463,17.686569213867188,0.1069708898547728,0.19751103398350192,0.11990880221128464,0.11990880221128464
3.2079999999998683,0.06788507797319276,17.688186645507812,0.1069428569959574,0.19746806022516356,0.11991601437330246,0.11991601437330246
3.209999999999868,0.06788506587377865,17.690738677978516,0.10695619372878216,0.19746086286826955,0.11992638558149338,0.11992638558149338
3.211999999999868,0.06788519641569421,17.692398071289062,0.10701167341731026,0.19748959957788892,0.11998976767063141,0.11998976767063141
3.2139999999998676,0.0678853309535568,17.6937255859375,0.10710777386629118,0.19755417751263815,0.12011748552322388,0.12011748552322388
3.2159999999998674,0.06788546921884317,17.692386627197266,0.10718156809361384,0.19765443695203166,0.12018553167581558,0.12018553167581558
3.217999999999867,0.06788561022786997,17.691219329833984,0.10723229786398548,0.19773035699881353,0.12022299319505692,0.12022299319505692
3.219999999999867,0.06788575343433746,17.69001007080078,0.107261694240668,0.1977824396221057,0.1202351301908493,0.1202351301908493
3.2219999999998667,0.06788589789791102,17.688987731933594,0.10726964845334343,0.1978113156738194,0.12022222578525543,0.12022222578525543
3.2239999999998665,0.06788604289488559,17.68792724609375,0.10725735143676934,0.19781751351942073,0.12018481642007828,0.12018481642007828
3.2259999999998663,0.06788618748050745,17.68692398071289,0.10722501936212357,0.1978016267070083,0.12012286484241486,0.12012286484241486
3.227999999999866,0.0678863308135017,17.685932159423828,0.10717354666476289,0.1977641918465107,0.1200370341539383,0.1200370341539383
3.229999999999866,0.06788627118300852,17.684986114501953,0.10710330714385219,0.19770577701456937,0.11992752552032471,0.11992752552032471
3.2319999999998656,0.06788601213365582,17.686744689941406,0.10705560221304407,0.1976269172993918,0.11987978219985962,0.11987978219985962
3.2339999999998654,0.06788555705615493,17.688411712646484,0.10702992480442589,0.19758380836069914,0.11989348381757736,0.11989348381757736
3.235999999999865,0.06788491005361456,17.689849853515625,0.10702750595837895,0.1975764619905887,0.11996767669916153,0.11996767669916153
3.237999999999865,0.06788431387800459,17.691539764404297,0.10704819571117853,0.19760500417832055,0.12000124156475067,0.12000124156475067
3.2399999999998648,0.06788387080215308,17.691043853759766,0.10705017235019317,0.19766951241795858,0.11995305866003036,0.11995305866003036
3.2419999999998645,0.06788357475397154,17.694080352783203,0.10709467885088046,0.19771188463010736,0.11997146904468536,0.11997146904468536
3.2439999999998643,0.06788330844844605,17.696483612060547,0.10718157498755197,0.1977903723276799,0.1200491338968277,0.1200491338968277
3.245999999999864,0.0678830702023775,17.695369720458984,0.1072471341912884,0.19790483284091406,0.12009913474321365,0.12009913474321365
3.247999999999864,0.06788285805502224,17.694292068481445,0.10729123264722913,0.19799513949077202,0.12013094872236252,0.12013094872236252
3.2499999999998637,0.06788267029562148,17.693246841430664,0.10731493411071188,0.19806178688709908,0.12013863027095795,0.12013863027095795
3.2519999999998634,0.06788250507753427,17.692296981811523,0.10731842395970066,0.19810533235132424,0.12012746930122375,0.12012746930122375
3.2539999999998632,0.06788236069418667,17.691362380981445,0.1073025091419634,0.19812628651987005,0.12009429931640625,0.12009429931640625
3.255999999999863,0.06788223537665108,17.690460205078125,0.1072675296641509,0.19812519182574645,0.12004256993532181,0.12004256993532181
3.257999999999863,0.06788225178077557,17.68954849243164,0.10721415013569735,0.19810256470749646,0.11997054517269135,0.11997054517269135
3.2599999999998626,0.06788240631710434,17.691638946533203,0.10720181655885429,0.19805893677044834,0.11996611952781677,0.11996611952781677
3.2619999999998623,0.06788256379773741,17.693029403686523,0.107230990158379,0.19805117406044553,0.12001518160104752,0.12001518160104752
3.263999999999862,0.06788272357418938,17.691837310791016,0.10723896435359641,0.1980791577774718,0.12003670632839203,0.12003670632839203
3.265999999999862,0.06788288477427158,17.690715789794922,0.10722601221132523,0.1980843410996637,0.12003675848245621,0.12003675848245621
3.2679999999998617,0.06788304661388979,17.689598083496094,0.10719308484219195,0.19806728754594627,0.12001258134841919,0.12001258134841919
3.2699999999998615,0.06788334775149898,17.688552856445312,0.10714060516808876,0.19802859027775166,0.11996736377477646,0.11996736377477646
3.2719999999998612,0.06788378624228708,17.68994140625,0.1071285087923932,0.19796880841793346,0.11998686194419861,0.11998686194419861
3.273999999999861,0.06788421165762176,17.69072723388672,0.10715711858340513,0.19794474331464915,0.12005948275327682,0.12005948275327682
3.275999999999861,0.06788462390552143,17.68948745727539,0.10716385390982232,0.19795629945386392,0.12010182440280914,0.12010182440280914
3.2779999999998606,0.06788502260071927,17.688312530517578,0.10714897038736697,0.1979451340206255,0.12012125551700592,0.12012125551700592
3.2799999999998604,0.06788540746114138,17.687145233154297,0.1071135576436847,0.1979118302861174,0.1201145276427269,0.1201145276427269
3.28199999999986,0.06788577802772362,17.686080932617188,0.10705805165521391,0.19785700754856136,0.12008555978536606,0.12008555978536606
3.28399999999986,0.06788594665836026,17.685016632080078,0.10698331804684867,0.19778124177502632,0.11994723230600357,0.11994723230600357
3.2859999999998597,0.06788591617719747,17.686717987060547,0.1069304306814598,0.19768512350865913,0.11985943466424942,0.11985943466424942
3.2879999999998595,0.06788568935614457,17.688610076904297,0.10689917191455911,0.19762474458405233,0.11983366310596466,0.11983366310596466
3.2899999999998593,0.06788526960614347,17.69007682800293,0.1068906799256159,0.19760011490940252,0.11986903846263885,0.11986903846263885
3.291999999999859,0.06788500132233359,17.691543579101562,0.10690497595890933,0.1976113366822016,0.1198715940117836,0.1198715940117836
3.293999999999859,0.06788487907086159,17.694400787353516,0.106960867082068,0.1976584757196525,0.11991915106773376,0.11991915106773376
3.2959999999998586,0.06788477619188965,17.696380615234375,0.10705940302311108,0.19774156968142875,0.12001893669366837,0.12001893669366837
3.2979999999998584,0.06788469137361156,17.69520378112793,0.1071356889200416,0.19786056169287342,0.12009450793266296,0.12009450793266296
3.299999999999858,0.06788462326548819,17.694046020507812,0.10719025079483563,0.19795518962963554,0.12014733999967575,0.12014733999967575
3.301999999999858,0.06788457053453166,17.69293212890625,0.10722372514711453,0.19802598751275466,0.1201772540807724,0.1201772540807724
3.3039999999998577,0.06788453182509072,17.691913604736328,0.10723664790162958,0.19807349484965417,0.12018562853336334,0.12018562853336334
3.3059999999998575,0.06788450578901947,17.69095802307129,0.10722960850749685,0.1980982448265905,0.12017218768596649,0.12017218768596649
3.3079999999998573,0.06788449106517315,17.69001007080078,0.10720313912681677,0.19810077208166763,0.12013829499483109,0.12013829499483109
3.309999999999857,0.0678844862959965,17.689071655273438,0.10715779597222926,0.19808160632989813,0.12008392810821533,0.12008392810821533
3.311999999999857,0.06788449011749431,17.68817901611328,0.10709410100647365,0.19804127631446317,0.12001007050275803,0.12001007050275803
3.3139999999998566,0.06788463795065457,17.687328338623047,0.10701258504715533,0.197980306311167,0.11991700530052185,0.11991700530052185
3.3159999999998564,0.06788492678782103,17.68926429748535,0.10697202135638587,0.19789921808001562,0.11989109963178635,0.11989109963178635
3.317999999999856,0.06788535504831625,17.69051742553711,0.10697278897365017,0.19785399453402291,0.11991871148347855,0.11991871148347855
3.319999999999856,0.06788577021501765,17.691360473632812,0.10701370217942635,0.19784450079657623,0.12000752240419388,0.12000752240419388
3.3219999999998557,0.06788617242005936,17.690065383911133,0.10703295133789531,0.19787057088888318,0.1200602650642395,0.1200602650642395
3.3239999999998555,0.06788656113069544,17.68895721435547,0.10703000009189606,0.1978736761917938,0.12006164342164993,0.12006164342164993
3.3259999999998553,0.06788674744456644,17.687744140625,0.10700650256254556,0.19785435150291708,0.11997250467538834,0.11997250467538834
3.327999999999855,0.06788673381562817,17.68939971923828,0.10700448047276137,0.19781324186664717,0.11994610726833344,0.11994610726833344
3.329999999999855,0.06788652283122629,17.690994262695312,0.10702412824254337,0.19780776410581666,0.11998194456100464,0.11998194456100464
3.3319999999998546,0.06788633529310992,17.692462921142578,0.1070663044239791,0.19783797573413875,0.12007894366979599,0.12007894366979599
3.3339999999998544,0.06788616914128648,17.691612243652344,0.10708781063460801,0.1979039912287286,0.12014589458703995,0.12014589458703995
3.335999999999854,0.06788602285453564,17.69074249267578,0.10709022339625562,0.19794720553598605,0.12012770026922226,0.12012770026922226
3.337999999999854,0.06788589456513934,17.689990997314453,0.10707323509932007,0.19796817292472219,0.12009450793266296,0.12009450793266296
3.3399999999998538,0.06788578269767415,17.68916893005371,0.10703790108989678,0.197967347093378,0.12003890424966812,0.12003890424966812
3.3419999999998535,0.06788581815653236,17.68838882446289,0.10698427966798685,0.19794525589065787,0.11996697634458542,0.11996697634458542
3.3439999999998533,0.06788599737948263,17.690528869628906,0.10697212186419065,0.1979023735374313,0.1199612021446228,0.1199612021446228
3.345999999999853,0.06788617656495309,17.691871643066406,0.10700155974397121,0.19789539336597303,0.12001098692417145,0.12001098692417145
3.347999999999853,0.06788635515131532,17.690757751464844,0.1070101324140384,0.19792417782147098,0.12003279477357864,0.12003279477357864
3.3499999999998527,0.06788653227414063,17.689716339111328,0.10699793079847472,0.1979303369225487,0.12003433704376221,0.12003433704376221
3.3519999999998524,0.06788670721894229,17.688629150390625,0.10696598231857439,0.19791440565985027,0.12001127749681473,0.12001127749681473
3.353999999999852,0.06788668344282112,17.687618255615234,0.1069146038929769,0.19787696472711439,0.11996482312679291,0.11996482312679291
3.355999999999852,0.06788680671624776,17.68933868408203,0.10688569608224302,0.1978185514863266,0.11992334574460983,0.11992334574460983
3.3579999999998518,0.06788673028072618,17.691173553466797,0.10689681755207606,0.19779595487519233,0.11994150280952454,0.11994150280952454
3.3599999999998515,0.06788680060202384,17.692514419555664,0.10693197139585187,0.19780908745821796,0.11997102946043015,0.11997102946043015
3.3619999999998513,0.06788687752551818,17.694210052490234,0.10700605261595432,0.1978580359908271,0.12007845938205719,0.12007845938205719
3.363999999999851,0.06788696133789017,17.692947387695312,0.1070604603666532,0.19794261289937942,0.1201295405626297,0.1201295405626297
3.365999999999851,0.06788705027114465,17.691980361938477,0.10709159407492695,0.1980035316561207,0.12018007040023804,0.12018007040023804
3.3679999999998507,0.0678871439936928,17.690784454345703,0.10710313478520062,0.19804111585435832,0.12019011378288269,0.12019011378288269
3.3699999999998504,0.06788724107861807,17.689891815185547,0.10709345881152288,0.1980560827877532,0.12017299979925156,0.12017299979925156
3.3719999999998502,0.06788734084802711,17.688783645629883,0.1070647659105602,0.198048857735802,0.12013105303049088,0.12013105303049088
3.37399999999985,0.06788744203740943,17.687870025634766,0.10701645638852941,0.19802007138189393,0.12006469070911407,0.12006469070911407
3.37599999999985,0.06788734596412052,17.68682098388672,0.10694994267613683,0.1979701981586975,0.1199742928147316,0.1199742928147316
3.3779999999998496,0.06788705595704826,17.688579559326172,0.10690582628521374,0.1978998184059541,0.11994564533233643,0.11994564533233643
3.3799999999998493,0.06788691714542969,17.690139770507812,0.10688415618888286,0.19786532198428022,0.11992408335208893,0.11992408335208893
3.381999999999849,0.06788692482084212,17.692684173583984,0.10690384956985505,0.197866753742687,0.11994203180074692,0.11994203180074692
3.383999999999849,0.06788694283248384,17.694412231445312,0.10696591368088122,0.1979040851470727,0.12001156061887741,0.12001156061887741
3.3859999999998487,0.06788697014733472,17.6932373046875,0.10700637026908874,0.19797723730113134,0.1200568825006485,0.1200568825006485
3.3879999999998485,0.0678870056705524,17.692153930664062,0.1070257538984602,0.19802691754822646,0.12007971107959747,0.12007971107959747
3.3899999999998482,0.06788704831322853,17.691143035888672,0.10702472160958411,0.19805367091309833,0.12007975578308105,0.12007975578308105
3.391999999999848,0.06788709694673394,17.690143585205078,0.10700381713664292,0.19805804664892565,0.12005847692489624,0.12005847692489624
3.393999999999848,0.06788715043960278,17.689144134521484,0.10696364346064814,0.19804058502798147,0.12001591175794601,0.12001591175794601
3.3959999999998476,0.06788734993303899,17.688175201416016,0.1069047388187757,0.19800182639443795,0.11995323747396469,0.11995323747396469
3.3979999999998474,0.06788769282238215,17.689895629882812,0.10688663862081244,0.1979423041004775,0.11995699256658554,0.11995699256658554
3.399999999999847,0.06788783359788955,17.69092559814453,0.10690971161286056,0.19791855188601404,0.11996950209140778,0.11996950209140778
3.401999999999847,0.06788797674728567,17.692401885986328,0.10695471440366928,0.19793046031308478,0.12000741809606552,0.12000741809606552
3.4039999999998467,0.06788812095418072,17.691394805908203,0.10697719490250757,0.19797798615286166,0.1200200691819191,0.1200200691819191
3.4059999999998465,0.06788826578730217,17.690258026123047,0.10697967279329572,0.19800246037297267,0.12000773102045059,0.12000773102045059
3.4079999999998463,0.06788821191333992,17.689281463623047,0.10696138987167682,0.1980045426535121,0.1199706420302391,0.1199706420302391
3.409999999999846,0.06788796267624608,17.69080352783203,0.10696598855182664,0.1979847091210354,0.11999519914388657,0.11999519914388657
3.411999999999846,0.06788773824349294,17.692245483398438,0.10699237221263742,0.19800068968750886,0.12008112668991089,0.12008112668991089
3.4139999999998456,0.06788753669125702,17.691421508789062,0.10699916220648378,0.19805248945927467,0.12008507549762726,0.12008507549762726
3.4159999999998454,0.06788735615613548,17.690654754638672,0.10698687924925143,0.19808189101074636,0.12005013972520828,0.12005013972520828
3.417999999999845,0.06788732496841633,17.689878463745117,0.1069559596940232,0.19808938766367054,0.11999676376581192,0.11999676376581192
3.419999999999845,0.06788730489390223,17.69205093383789,0.10696655736553487,0.19807546939245987,0.12001099437475204,0.12001099437475204
3.4219999999998447,0.0678874309745729,17.690990447998047,0.1069580854587119,0.19809742208587455,0.11999212205410004,0.11999212205410004
3.4239999999998445,0.06788755957342596,17.692691802978516,0.10698990517964138,0.19809729579197952,0.12004867196083069,0.12004867196083069
3.4259999999998443,0.06788769053340518,17.691434860229492,0.10700193657124345,0.19813285665128882,0.12006311863660812,0.12006311863660812
3.427999999999844,0.06788782249296935,17.690479278564453,0.10699242152419669,0.1981457335258959,0.12006796151399612,0.12006796151399612
3.429999999999844,0.06788795490642405,17.689308166503906,0.10696370976275671,0.19813635541001048,0.12004095315933228,0.12004095315933228
3.4319999999998436,0.06788823304808424,17.6883487701416,0.10691514097036262,0.1981053727224701,0.11999934166669846,0.11999934166669846
3.4339999999998434,0.06788850352168578,17.68979263305664,0.1069075658612739,0.1980532660156002,0.12001892179250717,0.12001892179250717
3.435999999999843,0.06788857453070417,17.688541412353516,0.10688016186151003,0.1980368880695717,0.11997391283512115,0.11997391283512115
3.437999999999843,0.0678884487539891,17.690279006958008,0.10687434172906815,0.19799885357678246,0.11996494978666306,0.11996494978666306
3.4399999999998427,0.06788847238803068,17.691795349121094,0.10689057519085617,0.19799653490782623,0.11999854445457458,0.11999854445457458
3.4419999999998425,0.06788850480883162,17.693740844726562,0.10694763212317034,0.19803001126464873,0.1200723722577095,0.1200723722577095
3.4439999999998423,0.06788854559501939,17.692462921142578,0.10698449638066622,0.19809923046780606,0.1201060339808464,0.1201060339808464
3.445999999999842,0.06788859322131136,17.691478729248047,0.10699959665211914,0.19814519500508287,0.12012920528650284,0.12012920528650284
3.447999999999842,0.06788864692612202,17.69042205810547,0.10699509139383591,0.19816832654348157,0.12012134492397308,0.12012134492397308
3.4499999999998416,0.06788870535870468,17.68946075439453,0.10697041147983645,0.1981692513907512,0.1200985312461853,0.1200985312461853
3.4519999999998414,0.06788876756553452,17.68841552734375,0.10692694708590164,0.19814844211172372,0.12005016207695007,0.12005016207695007
3.453999999999841,0.06788897790046203,17.687503814697266,0.10686464511471208,0.19810647715579785,0.11998526006937027,0.11998526006937027
3.455999999999841,0.06788898919149484,17.68924331665039,0.10684342027642783,0.19804385184186296,0.11995812505483627,0.11995812505483627
3.4579999999998408,0.06788880486138783,17.69076156616211,0.10684516291603874,0.19801700560032287,0.11996825039386749,0.11996825039386749
3.4599999999998405,0.06788877067662473,17.692272186279297,0.10686821270589734,0.1980259650087218,0.11997978389263153,0.11997978389263153
3.4619999999998403,0.06788874891257164,17.6943359375,0.10693288303207744,0.19807069905508623,0.12005312740802765,0.12005312740802765
3.46399999999984,0.06788873877930901,17.6931095123291,0.10697682872993311,0.1981512216732917,0.12009298801422119,0.12009298801422119
3.46599999999984,0.06788873879183198,17.692066192626953,0.10699928341502203,0.19820827758272305,0.12011776864528656,0.12011776864528656
3.4679999999998397,0.06788874794565784,17.691038131713867,0.10700180364432132,0.1982423277682928,0.12011496722698212,0.12011496722698212
3.4699999999998394,0.06788876486577232,17.69009017944336,0.10698424118134285,0.19825396116032787,0.12009507417678833,0.12009507417678833
3.471999999999839,0.06788878842697878,17.689083099365234,0.10694766623681057,0.1982436699155367,0.12005150318145752,0.12005150318145752
3.473999999999839,0.0678889602217689,17.68813705444336,0.106892245889768,0.19821201189146828,0.11998982727527618,0.11998982727527618
3.4759999999998388,0.06788927757205819,17.689971923828125,0.10687793979665464,0.19815949209049763,0.11999361217021942,0.11999361217021942
3.4779999999998386,0.06788958630390185,17.691070556640625,0.10690490169784547,0.19814273968660803,0.12005213648080826,0.12005213648080826
3.4799999999998383,0.0678898861266737,17.689884185791016,0.10691056490334092,0.19816163143073992,0.12007354199886322,0.12007354199886322
3.481999999999838,0.067890176425946,17.688737869262695,0.10689509407676487,0.1981579220617643,0.12001442909240723,0.12001442909240723
3.483999999999838,0.06789026705969997,17.687545776367188,0.10685953824556858,0.19813216347305734,0.11993201822042465,0.11993201822042465
3.4859999999998377,0.06789016080067216,17.689266204833984,0.1068459328066611,0.19808495093148012,0.11991176754236221,0.11991176754236221
3.4879999999998375,0.06788986041755464,17.690876007080078,0.10685417621154393,0.1980734909927651,0.11995292454957962,0.11995292454957962
3.4899999999998372,0.06788958776206212,17.692258834838867,0.10688527792960498,0.19809782416112773,0.1200469508767128,0.1200469508767128
3.491999999999837,0.06788934041910119,17.691490173339844,0.10689620218029121,0.19815807487508552,0.12003543227910995,0.12003543227910995
3.493999999999837,0.06788924553775695,17.690711975097656,0.10688856077845661,0.19819582235744918,0.11999841034412384,0.11999841034412384
3.4959999999998366,0.06788916573588379,17.693056106567383,0.10692230461552993,0.1982116122700421,0.12003467231988907,0.12003467231988907
3.4979999999998364,0.06788910017877237,17.691932678222656,0.10693675589301732,0.19826322523731107,0.12003400176763535,0.12003400176763535
3.499999999999836,0.06788904702235238,17.691055297851562,0.10693048139217727,0.19829218635947868,0.12002337723970413,0.12002337723970413
3.501999999999836,0.06788914270063996,17.690052032470703,0.1069054575097697,0.19829890781916654,0.1199842095375061,0.1199842095375061
3.5039999999998357,0.06788924182043911,17.691890716552734,0.10692116273791522,0.1982839916726775,0.12001794576644897,0.12001794576644897
3.5059999999998355,0.06788934405287826,17.690677642822266,0.10691747685505398,0.19830477580511882,0.12001270800828934,0.12001270800828934
3.5079999999998353,0.06788959312300467,17.689697265625,0.10689292515308729,0.19830330375984667,0.11999692022800446,0.11999692022800446
3.509999999999835,0.0678898370588521,17.691082000732422,0.10690972017330246,0.19828000991750783,0.12003882974386215,0.12003882974386215
3.511999999999835,0.06789007547570504,17.689889907836914,0.10690582316637232,0.19829238221324358,0.12005092203617096,0.12005092203617096
3.5139999999998346,0.06789030756219298,17.688758850097656,0.10688116523691983,0.1982824148469599,0.12004371732473373,0.12004371732473373
3.5159999999998344,0.06789053273964839,17.687599182128906,0.10683691925466435,0.19825063850042568,0.12001081556081772,0.12001081556081772
3.517999999999834,0.0678909062273396,17.686569213867188,0.10677332298868113,0.19819764830540115,0.11995844542980194,0.11995844542980194
3.519999999999834,0.0678910790230188,17.687986373901367,0.10675030702142393,0.19812398069276618,0.11989957094192505,0.11989957094192505
3.5219999999998337,0.06789105413819539,17.689483642578125,0.10674985360462345,0.19808596016946503,0.11988130211830139,0.11988130211830139
3.5239999999998335,0.0678908337283213,17.691165924072266,0.10677032785377431,0.19808367984998068,0.11992474645376205,0.11992474645376205
3.5259999999998333,0.06789063625329832,17.692562103271484,0.10681390967668052,0.1981170947934332,0.12000366300344467,0.12000366300344467
3.527999999999833,0.06789045939004477,17.69171905517578,0.10683640429771862,0.19818639661650528,0.1200132742524147,0.1200132742524147
3.529999999999833,0.06789043525996753,17.69082260131836,0.10684004432288462,0.19823286320835573,0.11999311298131943,0.11999311298131943
3.5319999999998326,0.067890422027888,17.69296646118164,0.10688474532423284,0.19825708618160007,0.12004835158586502,0.12004835158586502
3.5339999999998324,0.06789041914784165,17.691753387451172,0.10690978019410226,0.1983170446873869,0.12006381899118423,0.12006381899118423
3.535999999999832,0.06789042491156519,17.69082260131836,0.10691353716365982,0.1983540858926054,0.12007005512714386,0.12007005512714386
3.537999999999832,0.0678904384349573,17.689773559570312,0.10689816087171349,0.19836861665711503,0.12004581838846207,0.12004581838846207
3.5399999999998317,0.0678904582181669,17.688827514648438,0.10686305159431052,0.19836125611464436,0.12000738084316254,0.12000738084316254
3.5419999999998315,0.06789062830467199,17.687793731689453,0.10680958542396736,0.19833246518475073,0.11994406580924988,0.11994406580924988
3.5439999999998313,0.06789094584167131,17.689735412597656,0.10679695021351392,0.19828281487424051,0.11995118856430054,0.11995118856430054
3.545999999999831,0.06789125450564822,17.69081687927246,0.10682591805280438,0.19826885683695594,0.1200096607208252,0.1200096607208252
3.547999999999831,0.06789155389869146,17.68963623046875,0.10683335221025232,0.19829050393778433,0.12004134804010391,0.12004134804010391
3.5499999999998306,0.06789184347207261,17.68844223022461,0.10681976173017292,0.1982895124190049,0.12005007266998291,0.12005007266998291
3.5519999999998304,0.06789212269755625,17.68726348876953,0.1067859441287791,0.1982664512932963,0.12000875174999237,0.12000875174999237
3.55399999999983,0.06789220292103254,17.686168670654297,0.10673245017022966,0.1982219001122429,0.11990760266780853,0.11990760266780853
3.55599999999983,0.06789208705182737,17.687877655029297,0.10670112383854213,0.19815641812322138,0.11986849457025528,0.11986849457025528
3.5579999999998297,0.06789177785578608,17.689594268798828,0.10669162277485678,0.1981267504837859,0.11989068984985352,0.11989068984985352
3.5599999999998295,0.0678916252075354,17.69103240966797,0.10670511706494168,0.19813291290193946,0.11990885436534882,0.11990885436534882
3.5619999999998293,0.06789162425364907,17.693622589111328,0.10675985556464883,0.19817502928953512,0.1199653223156929,0.1199653223156929
3.563999999999829,0.06789163431379423,17.6953125,0.10685735591342822,0.19825290046604763,0.12007039040327072,0.12007039040327072
3.565999999999829,0.0678916542667496,17.694059371948242,0.10693211971045694,0.19836650821613686,0.12015275657176971,0.12015275657176971
3.5679999999998286,0.06789168309445766,17.69284439086914,0.10698500363293305,0.198455768098788,0.12020984292030334,0.12020984292030334
3.5699999999998284,0.06789171966502137,17.691688537597656,0.1070164487105702,0.19852123887166556,0.12024463713169098,0.12024463713169098
3.571999999999828,0.06789176289285286,17.69062042236328,0.10702717266476537,0.1985634540697026,0.1202559769153595,0.1202559769153595
3.573999999999828,0.06789181162527985,17.689605712890625,0.10701766985279239,0.19858296170242076,0.12024583667516708,0.12024583667516708
3.5759999999998278,0.06789186472802661,17.68854331970215,0.10698857511274877,0.1985802947517907,0.12021399289369583,0.12021399289369583
3.5779999999998275,0.06789192102646262,17.687524795532227,0.1069404009548358,0.19855599197433949,0.12016160786151886,0.12016160786151886
3.5799999999998273,0.0678919793518126,17.68655776977539,0.10687372947500236,0.19851058223176643,0.12008903920650482,0.12008903920650482
3.581999999999827,0.067892189791285,17.685649871826172,0.10678907383822157,0.19844459534206887,0.11999707669019699,0.11999707669019699
3.583999999999827,0.06789254979166638,17.68755340576172,0.10674547952083632,0.19835855371346275,0.1199718564748764,0.1199718564748764
3.5859999999998267,0.06789289657583109,17.688764572143555,0.10674324207822104,0.19830824839522887,0.12000065296888351,0.12000065296888351
3.5879999999998264,0.06789304299174123,17.687496185302734,0.10672035897023163,0.1982935449147531,0.11999369412660599,0.11999369412660599
3.589999999999826,0.06789299159756897,17.68917465209961,0.10671911673292277,0.19825704238362413,0.11998087167739868,0.11998087167739868
3.591999999999826,0.06789295134909787,17.6907958984375,0.10673957080944413,0.1982562531397431,0.12001433223485947,0.12001433223485947
3.593999999999826,0.06789292073095685,17.689861297607422,0.10673971280090719,0.19829122822527395,0.12000904232263565,0.12000904232263565
3.5959999999998256,0.06789304417770207,17.68888282775879,0.10672063578229178,0.19830395238529322,0.1199798583984375,0.1199798583984375
3.5979999999998253,0.06789316823331064,17.690710067749023,0.10674266038750671,0.19829497163311038,0.12002028524875641,0.12002028524875641
3.599999999999825,0.06789329256717926,17.689462661743164,0.10674494919932939,0.1983216370518313,0.12002400308847427,0.12002400308847427
3.601999999999825,0.06789341587026873,17.688514709472656,0.10672641294188122,0.19832598278764188,0.12001562863588333,0.12001562863588333
3.6039999999998247,0.0678936921859515,17.687355041503906,0.10668886898965463,0.19830845394510424,0.11997818946838379,0.11997818946838379
3.6059999999998245,0.06789376786304153,17.68901824951172,0.10669178424122805,0.1982696622854995,0.11995170265436172,0.11995170265436172
3.6079999999998242,0.06789364626714485,17.690338134765625,0.10671783495452633,0.1982664405112762,0.11998412758111954,0.11998412758111954
3.609999999999824,0.06789354054910614,17.691997528076172,0.10676481403296381,0.19829899902482948,0.12007013708353043,0.12007013708353043
3.611999999999824,0.06789344942371162,17.69097137451172,0.10679160460421068,0.1983672735567603,0.12008403241634369,0.12008403241634369
3.6139999999998236,0.06789337126137325,17.690046310424805,0.10679810832987667,0.1984126509623396,0.12008070945739746,0.12008070945739746
3.6159999999998234,0.06789330469532036,17.68909454345703,0.10678529381230378,0.19843560200840207,0.1200544610619545,0.1200544610619545
3.617999999999823,0.06789324818075398,17.68817901611328,0.10675334425150189,0.1984366605540275,0.12001024931669235,0.12001024931669235
3.619999999999823,0.06789334658230185,17.687232971191406,0.10670300276691276,0.1984163139416531,0.11994510143995285,0.11994510143995285
3.6219999999998227,0.06789359674241534,17.6893310546875,0.10669397878131731,0.1983750816817393,0.11994847655296326,0.11994847655296326
3.6239999999998225,0.06789384089705008,17.69059181213379,0.10672668699069365,0.19836953621405515,0.12000546604394913,0.12000546604394913
3.6259999999998223,0.06789407857341706,17.689380645751953,0.10673807458962298,0.1983995674130396,0.12003529071807861,0.12003529071807861
3.627999999999822,0.06789430906057695,17.688251495361328,0.1067284731586235,0.19840690954002158,0.12004303932189941,0.12004303932189941
3.629999999999822,0.06789453174276915,17.68707847595215,0.10669876966017688,0.198392110735288,0.12002656608819962,0.12002656608819962
3.6319999999998216,0.06789455553422771,17.686004638671875,0.10664941477688855,0.1983557470153966,0.11994818598031998,0.11994818598031998
3.6339999999998214,0.06789438349439056,17.687694549560547,0.10662236406330661,0.1982983633671743,0.11992421001195908,0.11992421001195908
3.635999999999821,0.06789436921455061,17.689319610595703,0.10661724067298735,0.19827681557265187,0.11992312967777252,0.11992312967777252
3.637999999999821,0.06789450887945558,17.691547393798828,0.10665358561028966,0.19829112098386834,0.11996776610612869,0.11996776610612869
3.6399999999998207,0.06789465003096853,17.692989349365234,0.10673202964477078,0.19834108830220257,0.12006548047065735,0.12006548047065735
3.6419999999998205,0.06789479198931257,17.691726684570312,0.10678813997829066,0.198426648989211,0.12013620883226395,0.12013620883226395
3.6439999999998203,0.06789493391046054,17.690532684326172,0.10682235654660664,0.19848837807600986,0.12018364667892456,0.12018364667892456
3.64599999999982,0.06789507500355678,17.689376831054688,0.10683546879311823,0.19852682003121322,0.12020503729581833,0.12020503729581833
3.64799999999982,0.06789521437784285,17.68829345703125,0.1068279834693169,0.19854253751484702,0.12018738687038422,0.12018738687038422
3.6499999999998196,0.06789535115903411,17.68718719482422,0.10680058466775635,0.19853607310993848,0.12014500051736832,0.12014500051736832
3.6519999999998194,0.06789548440987513,17.686138153076172,0.10675380195789308,0.1985079766513864,0.12007848173379898,0.12007848173379898
3.653999999999819,0.06789541972553714,17.685138702392578,0.10668825287641277,0.1984587849637233,0.11998777836561203,0.11998777836561203
3.655999999999819,0.06789516039186881,17.68682098388672,0.10664522919400739,0.1983890361985764,0.11995824426412582,0.11995824426412582
3.6579999999998187,0.06789506136225505,17.688488006591797,0.10662444493519459,0.19835520460209333,0.1199631318449974,0.1199631318449974
3.6599999999998185,0.06789511830609402,17.691017150878906,0.10664534852099,0.19835730895763573,0.11998394876718521,0.11998394876718521
3.6619999999998183,0.06789518063982543,17.692691802978516,0.10670859850095409,0.1983951354678033,0.12005788832902908,0.12005788832902908
3.663999999999818,0.0678952474566198,17.69148063659668,0.10675012375580624,0.19846859679442086,0.12010625004768372,0.12010625004768372
3.665999999999818,0.06789531771628168,17.69033432006836,0.10677036705937396,0.1985186081691838,0.1201324611902237,0.1201324611902237
3.6679999999998176,0.0678953904308908,17.689228057861328,0.10677006578200268,0.19854570610668323,0.12013524025678635,0.12013524025678635
3.6699999999998174,0.06789546453367647,17.688167572021484,0.10674971839008042,0.19855044252542745,0.12011653184890747,0.12011653184890747
3.671999999999817,0.06789553897820862,17.687105178833008,0.10670997291644291,0.19853335218502208,0.1200760155916214,0.1200760155916214
3.673999999999817,0.0678956126703937,17.68610382080078,0.10665134637311147,0.19849497581224396,0.12001530826091766,0.12001530826091766
3.6759999999998167,0.0678958427311111,17.685157775878906,0.10657442986436388,0.1984358428359625,0.11993426084518433,0.11993426084518433
3.6779999999998165,0.06789587276687394,17.68694305419922,0.10653851686104825,0.1983564834867048,0.11988633126020432,0.11988633126020432
3.6799999999998163,0.0678957063198829,17.688465118408203,0.1065255412712976,0.1983127395890919,0.11987551301717758,0.11987551301717758
3.681999999999816,0.06789569840604871,17.690155029296875,0.10653379813913139,0.19830482213697634,0.1198866218328476,0.1198866218328476
3.683999999999816,0.0678958455828976,17.69225311279297,0.10658386369564697,0.1983326759143121,0.1199449896812439,0.1199449896812439
3.6859999999998156,0.06789599372469005,17.693653106689453,0.10667564550814093,0.19839613825263167,0.12006063759326935,0.12006063759326935
3.6879999999998154,0.0678961423231936,17.692333221435547,0.10674482319305147,0.19849511312973364,0.12014560401439667,0.12014560401439667
3.689999999999815,0.0678962904744075,17.69110107421875,0.10679148453803529,0.1985699163954971,0.12020886689424515,0.12020886689424515
3.691999999999815,0.0678964374916772,17.689861297607422,0.10681670539782637,0.19862107468023607,0.12023617327213287,0.12023617327213287
3.6939999999998148,0.06789658246497726,17.688735961914062,0.10682081445218397,0.198649172260311,0.12023139744997025,0.12023139744997025
3.6959999999998145,0.067896724586392,17.687620162963867,0.10680465194553806,0.19865474457039745,0.12020182609558105,0.12020182609558105
3.6979999999998143,0.06789686291864944,17.686532974243164,0.10676865932545417,0.19863835507519453,0.12014757841825485,0.12014757841825485
3.699999999999814,0.06789699656870689,17.685482025146484,0.10671354147250889,0.19860053901982247,0.12006926536560059,0.12006926536560059
3.701999999999814,0.06789693198290297,17.684505462646484,0.10663978743102039,0.19854184390594556,0.11996713280677795,0.11996713280677795
3.7039999999998137,0.06789667250386451,17.686195373535156,0.10658858478313045,0.19846279975877906,0.11992598325014114,0.11992598325014114
3.7059999999998134,0.06789622131302171,17.687904357910156,0.10655959855191506,0.19841969042659882,0.11994549632072449,0.11994549632072449
3.7079999999998132,0.06789593460175497,17.689544677734375,0.10655391415299233,0.19841252608986734,0.11990982294082642,0.11990982294082642
3.709999999999813,0.06789580679924462,17.69247817993164,0.10658994685233135,0.1984414261510849,0.11993511021137238,0.11993511021137238
3.711999999999813,0.06789569557758426,17.694576263427734,0.1066690697771906,0.19850606207535196,0.12000963091850281,0.12000963091850281
3.7139999999998126,0.06789559942090788,17.693401336669922,0.10672622252077765,0.19860638754655532,0.12006300687789917,0.12006300687789917
3.7159999999998123,0.06789551695009147,17.692256927490234,0.10676221148241884,0.19868284579898846,0.12009244412183762,0.12009244412183762
3.717999999999812,0.06789544669194704,17.691173553466797,0.10677745263248772,0.19873598096230558,0.12010084837675095,0.12010084837675095
3.719999999999812,0.0678953872460422,17.690135955810547,0.10677262590380716,0.19876631282771087,0.12008705735206604,0.12008705735206604
3.7219999999998117,0.06789533716363876,17.689132690429688,0.10674820160723152,0.19877437640503928,0.12005298584699631,0.12005298584699631
3.7239999999998115,0.0678954434445861,17.688098907470703,0.10670478501196079,0.19876069243667455,0.11999817937612534,0.11999817937612534
3.7259999999998112,0.06789554986218041,17.690048217773438,0.10670265406160713,0.19872578808925226,0.12001081556081772,0.12001081556081772
3.727999999999811,0.06789581081473585,17.688739776611328,0.10668109753293889,0.19872645666837627,0.11998872458934784,0.11998872458934784
3.729999999999811,0.06789606378405384,17.690380096435547,0.10669975050277165,0.1987053137520483,0.12004145234823227,0.12004145234823227
3.7319999999998106,0.06789630894470981,17.688884735107422,0.10669829394583255,0.19871957786355976,0.12005137652158737,0.12005137652158737
3.7339999999998104,0.06789654509941294,17.687843322753906,0.10667525567055272,0.19871148534050717,0.12005072087049484,0.12005072087049484
3.73599999999981,0.06789677197221713,17.686546325683594,0.10663285368217355,0.19868147850796483,0.12001761049032211,0.12001761049032211
3.73799999999981,0.06789715464829224,17.685543060302734,0.10657059225550196,0.19863022177594183,0.11996923387050629,0.11996923387050629
3.7399999999998097,0.06789769184669717,17.686878204345703,0.10654927943407977,0.1985582058466021,0.11998189240694046,0.11998189240694046
3.7419999999998095,0.06789802567802519,17.687694549560547,0.10656862238273221,0.19852167549674044,0.11999858915805817,0.11999858915805817
3.7439999999998093,0.06789834827550574,17.689125061035156,0.10660958175924794,0.19852050222965054,0.12000904232263565,0.12000904232263565
3.745999999999809,0.06789846924251366,17.68812370300293,0.10662759958263358,0.19855494983943048,0.11999522894620895,0.11999522894620895
3.747999999999809,0.06789859087834264,17.689517974853516,0.10666839698292475,0.1985665089645842,0.12004256248474121,0.12004256248474121
3.7499999999998086,0.06789871141432549,17.688644409179688,0.10668676576161519,0.198613835009377,0.12006429582834244,0.12006429582834244
3.7519999999998084,0.06789883057326686,17.68737030029297,0.10668565839301457,0.19863832555221111,0.1200605183839798,0.1200605183839798
3.753999999999808,0.06789894694606093,17.68648910522461,0.10666393523550488,0.19864066166811803,0.12003166228532791,0.12003166228532791
3.755999999999808,0.06789886506716161,17.685346603393555,0.10662340477865208,0.19862126378963826,0.11997788399457932,0.11997788399457932
3.7579999999998077,0.06789858783100788,17.68701171875,0.10660516357412278,0.19858073634583118,0.11998491734266281,0.11998491734266281
3.7599999999998075,0.06789833303619072,17.688549041748047,0.10660957980809371,0.1985760936349419,0.12005195766687393,0.12005195766687393
3.7619999999998073,0.06789809838006476,17.687868118286133,0.10659477448928752,0.19860740364212737,0.12007221579551697,0.12007221579551697
3.763999999999807,0.06789788207168662,17.687089920043945,0.10656191078875087,0.1986169791037501,0.12000976502895355,0.12000976502895355
3.765999999999807,0.06789782899084536,17.686359405517578,0.10651089993497125,0.1986053360089838,0.11993248015642166,0.11993248015642166
3.7679999999998066,0.06789793532152609,17.6888427734375,0.10650200218016971,0.1985729137822723,0.11992159485816956,0.11992159485816956
3.7699999999998064,0.06789819859802292,17.690519332885742,0.10653514792162036,0.19857616958030816,0.11996796727180481,0.11996796727180481
3.771999999999806,0.06789845518967352,17.69183349609375,0.10660942319038393,0.19861495288675338,0.12007571756839752,0.12007571756839752
3.773999999999806,0.06789870495871395,17.690385818481445,0.10666143602116825,0.19868911363826242,0.12014871090650558,0.12014871090650558
3.7759999999998057,0.06789894707259797,17.68918800354004,0.1066908967035989,0.19873953905167552,0.12020263820886612,0.12020263820886612
3.7779999999998055,0.06789918111826032,17.68792724609375,0.10669920199415298,0.19876674056427313,0.12022743374109268,0.12022743374109268
3.7799999999998053,0.06789940629752447,17.686817169189453,0.10668649046959616,0.19877133254936574,0.12019137293100357,0.12019137293100357
3.781999999999805,0.0678996220188436,17.685638427734375,0.10665377794314426,0.19875384482845693,0.12012786418199539,0.12012786418199539
3.783999999999805,0.06789982747297885,17.6845645904541,0.10660141173279533,0.19871485860078553,0.12004059553146362,0.12004059553146362
3.7859999999998046,0.06789983301035639,17.683513641357422,0.10653019464490929,0.19865490746408218,0.11992980539798737,0.11992980539798737
3.7879999999998044,0.06789964171092018,17.685279846191406,0.10648124997611419,0.19857454910996805,0.11987991631031036,0.11987991631031036
3.789999999999804,0.06789925657697099,17.68695831298828,0.1064544472107007,0.19853007832394484,0.11989079415798187,0.11989079415798187
3.791999999999804,0.06789903893981283,17.688560485839844,0.10645075982995755,0.19852151111722735,0.11994357407093048,0.11994357407093048
3.7939999999998038,0.06789898362164103,17.691436767578125,0.10648878493927127,0.1985489561423662,0.11997611820697784,0.11997611820697784
3.7959999999998035,0.06789893969650736,17.693401336669922,0.10656976986968475,0.19861203955832438,0.12005826085805893,0.12005826085805893
3.7979999999998033,0.06789890584885708,17.69219207763672,0.1066286009578683,0.19871072088044564,0.12011835724115372,0.12011835724115372
3.799999999999803,0.06789888087343866,17.690967559814453,0.10666606016574995,0.1987855325415656,0.12015417218208313,0.12015417218208313
3.801999999999803,0.06789886347011057,17.68984603881836,0.1066826045632224,0.1988370198329969,0.12016840279102325,0.12016840279102325
3.8039999999998027,0.06789885239374424,17.688777923583984,0.10667890551239334,0.19886570650335847,0.1201600506901741,0.1201600506901741
3.8059999999998024,0.0678988463468004,17.687763214111328,0.10665545895916187,0.19887212876857277,0.12013095617294312,0.12013095617294312
3.807999999999802,0.06789884405906511,17.686716079711914,0.1066128692335538,0.19885680990757143,0.12008081376552582,0.12008081376552582
3.809999999999802,0.06789884423181068,17.685733795166016,0.10655164390152053,0.19882027805041788,0.12001103907823563,0.12001103907823563
3.8119999999998018,0.06789900552786886,17.68480682373047,0.10647234371683155,0.19876305265836985,0.1199214905500412,0.1199214905500412
3.8139999999998015,0.06789932526450115,17.686790466308594,0.106434339643663,0.19868565377346073,0.11989928781986237,0.11989928781986237
3.8159999999998013,0.067899802236007,17.688051223754883,0.10643787600156618,0.19864379238836835,0.11993099004030228,0.11993099004030228
3.817999999999801,0.06790025903309069,17.68893051147461,0.10648187284231266,0.19863733929879523,0.12002447992563248,0.12002447992563248
3.819999999999801,0.06790069589943444,17.68749237060547,0.10650381761552144,0.1986661320511858,0.12002475559711456,0.12002475559711456
3.8219999999998007,0.06790092929208807,17.686355590820312,0.10650338839592652,0.19867196232886536,0.11996553093194962,0.11996553093194962
3.8239999999998004,0.06790096175584658,17.68781280517578,0.10652483510752422,0.1986553571537669,0.11996825039386749,0.11996825039386749
3.8259999999998002,0.06790099858825648,17.689559936523438,0.10656746014602717,0.19867442965922918,0.12003207206726074,0.12003207206726074
3.8279999999998,0.06790103866957778,17.688451766967773,0.10658913266418106,0.1987291814046668,0.1200694665312767,0.1200694665312767
3.8299999999998,0.06790108090758643,17.687408447265625,0.10659048280793632,0.19876113830583034,0.12008104473352432,0.12008104473352432
3.8319999999997996,0.06790112416265863,17.686433792114258,0.1065720189724977,0.19877082587473727,0.12006699293851852,0.12006699293851852
3.8339999999997993,0.06790116730505691,17.685420989990234,0.10653432074965193,0.19875876049112443,0.12002792954444885,0.12002792954444885
3.835999999999799,0.06790101261410397,17.68445587158203,0.10647789964040684,0.19872546160001392,0.11996405571699142,0.11996405571699142
3.837999999999799,0.06790066352277642,17.686059951782227,0.10644427119975239,0.19867144220839722,0.11996063590049744,0.11996063590049744
3.8399999999997987,0.06790048323542626,17.687740325927734,0.10643314119553453,0.19865338266618307,0.11998461931943893,0.11998461931943893
3.8419999999997985,0.06790031901884547,17.690467834472656,0.10646410758234558,0.19867130411049425,0.12000951915979385,0.12000951915979385
3.8439999999997982,0.0679003193581026,17.689327239990234,0.10647587679460035,0.19872485163353318,0.11999940127134323,0.11999940127134323
3.845999999999798,0.06790032599366526,17.69155502319336,0.10652866685678042,0.19875595617559297,0.12006787210702896,0.12006787210702896
3.847999999999798,0.06790033863643685,17.690109252929688,0.10656128981345196,0.1988225009806056,0.12009348720312119,0.12009348720312119
3.8499999999997976,0.06790035549923693,17.68915557861328,0.10657217753528761,0.19886595380075064,0.12011058628559113,0.12011058628559113
3.8519999999997974,0.06790037585845603,17.687969207763672,0.10656348737476921,0.1988867091420286,0.120095394551754,0.120095394551754
3.853999999999797,0.06790039819612756,17.68700408935547,0.10653465262803252,0.19888540301765995,0.12006630003452301,0.12006630003452301
3.855999999999797,0.0679004215519237,17.685895919799805,0.10648706354710585,0.19886249120502564,0.12001104652881622,0.12001104652881622
3.8579999999997967,0.06790060773158509,17.68497085571289,0.10642066880984451,0.19881855486822742,0.11993955820798874,0.11993955820798874
3.8599999999997965,0.06790095434081092,17.686813354492188,0.10639572757485902,0.19875407812848372,0.11993242800235748,0.11993242800235748
3.8619999999997963,0.06790146022568296,17.68798828125,0.10641214472543065,0.19872508216279086,0.11998113244771957,0.11998113244771957
3.863999999999796,0.06790194456784193,17.68874740600586,0.10646910288494608,0.19873143032229834,0.12007630616426468,0.12007630616426468
3.865999999999796,0.06790240761890026,17.68731689453125,0.1065034857317755,0.19877298915113306,0.12005358934402466,0.12005358934402466
3.8679999999997956,0.06790284891103603,17.686153411865234,0.10651513593606227,0.19879125908054385,0.12000726908445358,0.12000726908445358
3.8699999999997954,0.06790308615053962,17.68484878540039,0.10650546896908983,0.1987867770732684,0.11993774771690369,0.11993774771690369
3.871999999999795,0.06790312149075584,17.686450958251953,0.10651722951810474,0.1987601781466604,0.119929738342762,0.119929738342762
3.873999999999795,0.06790295717736242,17.688125610351562,0.10655065291588031,0.19876923720980616,0.11998245865106583,0.11998245865106583
3.8759999999997947,0.06790280906736702,17.689613342285156,0.10660657751468225,0.19881400877277344,0.12009488791227341,0.12009488791227341
3.8779999999997945,0.06790267516379088,17.688697814941406,0.10664133307532578,0.19889461039971099,0.12017972767353058,0.12017972767353058
3.8799999999997943,0.06790255413556985,17.687681198120117,0.10665632172296609,0.19895211121943537,0.12023763358592987,0.12023763358592987
3.881999999999794,0.06790244419742304,17.68682098388672,0.10665138756489527,0.1989870634950543,0.12026871740818024,0.12026871740818024
3.883999999999794,0.06790234392053178,17.685924530029297,0.10662749856964351,0.19899991606532705,0.12027347832918167,0.12027347832918167
3.8859999999997936,0.0679022516431617,17.685054779052734,0.10658479938418731,0.19899119440957702,0.1202336922287941,0.1202336922287941
3.8879999999997934,0.06790216589761408,17.684162139892578,0.10652402602624704,0.1989613689843785,0.12015479058027267,0.12015479058027267
3.889999999999793,0.06790208510008057,17.683338165283203,0.10644547696976021,0.19891094983151722,0.12005865573883057,0.12005865573883057
3.891999999999793,0.0679021714988996,17.682533264160156,0.1063497618864421,0.1988404170381603,0.1199435442686081,0.1199435442686081
3.8939999999997927,0.06790242192749862,17.684810638427734,0.10629569355686146,0.19875027036303197,0.11989720165729523,0.11989720165729523
3.8959999999997925,0.06790283478929376,17.686275482177734,0.1062835147309092,0.19869570114435328,0.11990520358085632,0.11990520358085632
3.8979999999997923,0.06790304308292765,17.687376022338867,0.10631209760072927,0.19867656095693456,0.11990465223789215,0.11990465223789215
3.899999999999792,0.06790304961800744,17.688766479492188,0.10636278577200112,0.19869266315415324,0.11994650214910507,0.11994650214910507
3.901999999999792,0.06790306231213324,17.690536499023438,0.10643440525832037,0.1987444142568303,0.1200496032834053,0.1200496032834053
3.9039999999997916,0.06790308013291425,17.68934440612793,0.10648442592652207,0.19883179747397797,0.12012561410665512,0.12012561410665512
3.9059999999997914,0.06790310188151512,17.688228607177734,0.10651322304042177,0.19889568037427013,0.1201750636100769,0.1201750636100769
3.907999999999791,0.06790312645447538,17.687164306640625,0.10652151896880545,0.1989365723468474,0.12019830197095871,0.12019830197095871
3.909999999999791,0.06790315265562251,17.68616485595703,0.10650976579453773,0.19895500567542035,0.12018399685621262,0.12018399685621262
3.9119999999997908,0.06790317933501075,17.685157775878906,0.10647859386219174,0.1989514933549482,0.12014796584844589,0.12014796584844589
3.9139999999997905,0.0679032052905929,17.684173583984375,0.10642848712415927,0.19892655900146003,0.1200919821858406,0.1200919821858406
3.9159999999997903,0.06790322934249698,17.683231353759766,0.10636001971104563,0.19888071447307037,0.12001592665910721,0.12001592665910721
3.91799999999979,0.06790342080173271,17.68234634399414,0.1062736846219071,0.1988144754960033,0.11992095410823822,0.11992095410823822
3.91999999999979,0.06790341107481748,17.684276580810547,0.10622877061781222,0.1987283497391926,0.11986221373081207,0.11986221373081207
3.9219999999997897,0.0679032038359351,17.685813903808594,0.10620680518308671,0.1986777053015659,0.1198469027876854,0.1198469027876854
3.9239999999997894,0.06790316598128399,17.687496185302734,0.10620631778749492,0.1986629248798222,0.1198333278298378,0.1198333278298378
3.925999999999789,0.06790329393558926,17.68976593017578,0.10624795593727383,0.1986839467154881,0.1198795959353447,0.1198795959353447
3.927999999999789,0.06790358541098288,17.691303253173828,0.10633158014902523,0.19874040964031653,0.11998333036899567,0.11998333036899567
3.9299999999997888,0.06790386898651166,17.692401885986328,0.10645637303678537,0.19883220955435466,0.12014853209257126,0.12014853209257126
3.9319999999997886,0.06790414464028477,17.69091796875,0.1065573347460517,0.1989592477691748,0.12026817351579666,0.12026817351579666
3.9339999999997883,0.06790441162447705,17.689594268798828,0.10663430791135249,0.19906134423199803,0.12033554166555405,0.12033554166555405
3.935999999999788,0.06790466962523328,17.688199996948242,0.10668865204720085,0.19913901291722055,0.12037746608257294,0.12037746608257294
3.937999999999788,0.06790491792438272,17.686969757080078,0.10672059061677405,0.1991928696477853,0.12039364874362946,0.12039364874362946
3.9399999999997877,0.06790515601494694,17.68576431274414,0.10673113054657497,0.19922344842420223,0.1203850731253624,0.1203850731253624
3.9419999999997875,0.06790538315910491,17.684673309326172,0.1067206768518763,0.1992313344170549,0.1203513815999031,0.1203513815999031
3.9439999999997872,0.06790559871571007,17.683502197265625,0.1066900380628635,0.1992170669485155,0.12029346078634262,0.12029346078634262
3.945999999999787,0.06790580190794158,17.68240737915039,0.10663969980509473,0.19918120964294203,0.1202111542224884,0.1202111542224884
3.947999999999787,0.06790599199841156,17.681360244750977,0.10657035385619176,0.19912429918069396,0.12010513991117477,0.12010513991117477
3.9499999999997866,0.06790597975176223,17.680389404296875,0.1064825157144642,0.19904688226908018,0.11997587978839874,0.11997587978839874
3.9519999999997864,0.06790576836672503,17.682151794433594,0.10641711055727207,0.19894948856199146,0.11990661919116974,0.11990661919116974
3.953999999999786,0.06790536083629732,17.68390655517578,0.10637392261605623,0.19888802495896718,0.1198972538113594,0.1198972538113594
3.955999999999786,0.06790476098643557,17.685565948486328,0.10635397202557607,0.19886248709769866,0.1199474185705185,0.1199474185705185
3.9579999999997857,0.06790420139725496,17.687408447265625,0.10635726138285434,0.19887297944438423,0.12005667388439178,0.12005667388439178
3.9599999999997855,0.06790367871067139,17.68692398071289,0.10634220112360361,0.1989195613058913,0.12000971287488937,0.12000971287488937
3.9619999999997852,0.06790333137189256,17.686359405517578,0.10630967128648824,0.19894452207442334,0.11992635577917099,0.11992635577917099
3.963999999999785,0.06790315392243727,17.68939208984375,0.10631972240698748,0.198948328430062,0.11991608887910843,0.11991608887910843
3.965999999999785,0.06790314273340077,17.691654205322266,0.10637273951455947,0.1989877621999781,0.11996091902256012,0.11996091902256012
3.9679999999997846,0.06790313950643126,17.693538665771484,0.10646742491358734,0.19906270007193339,0.1200714111328125,0.1200714111328125
3.9699999999997844,0.06790314359084616,17.692092895507812,0.10653986447778911,0.1991729589461386,0.12014620751142502,0.12014620751142502
3.971999999999784,0.06790315348356157,17.690860748291016,0.10658960286964354,0.19925894543762068,0.12020426243543625,0.12020426243543625
3.973999999999784,0.06790316827335544,17.68959617614746,0.10661808208773904,0.19932113524208941,0.12023289501667023,0.12023289501667023
3.9759999999997837,0.0679031865938325,17.68848991394043,0.10662534199081346,0.19936013367175717,0.12024278938770294,0.12024278938770294
3.9779999999997835,0.06790320738545061,17.6873779296875,0.1066124114332305,0.1993764467627596,0.12022718042135239,0.12022718042135239
3.9799999999997833,0.06790322934429792,17.686288833618164,0.10657957682872404,0.19937064687846773,0.12019206583499908,0.12019206583499908
3.981999999999783,0.06790325132496088,17.685192108154297,0.10652763983072892,0.19934325190253635,0.12013427913188934,0.12013427913188934
3.983999999999783,0.06790327205063508,17.68417739868164,0.10645700539466363,0.19929481245778616,0.12005741149187088,0.12005741149187088
3.9859999999997826,0.06790345952037655,17.683195114135742,0.10636834589320439,0.19922584812235417,0.11996008455753326,0.11996008455753326
3.9879999999997824,0.06790381127474435,17.685100555419922,0.10632100625971477,0.19913689331754764,0.1199301928281784,0.1199301928281784
3.989999999999782,0.06790432637573109,17.686330795288086,0.1063152217759862,0.19908334320526183,0.11995396763086319,0.11995396763086319
3.991999999999782,0.06790481742489565,17.687122344970703,0.10634992676280598,0.1990650690551851,0.12003976851701736,0.12003976851701736
3.9939999999997817,0.06790528472254571,17.685707092285156,0.10636259705885771,0.1990819025265176,0.1200883686542511,0.1200883686542511
3.9959999999997815,0.06790572772066095,17.684539794921875,0.10635299141815946,0.19907600328901087,0.12011799961328506,0.12011799961328506
3.9979999999997813,0.06790614639011784,17.6832275390625,0.10632258734728303,0.19904789988171281,0.12007240206003189,0.12007240206003189
3.999999999999781,0.06790636123161035,17.682086944580078,0.10627156720666657,0.19899823458320776,0.11995293945074081,0.11995293945074081
4.001999999999781,0.06790637487267764,17.683761596679688,0.10624236621517263,0.19892755086328354,0.1198945939540863,0.1198945939540863
4.003999999999781,0.06790618953153833,17.685585021972656,0.10623462375477713,0.1988926393649142,0.11989691853523254,0.11989691853523254
4.005999999999781,0.06790580840618339,17.68700408935547,0.10624960723027706,0.19889348941140816,0.1199590265750885,0.1199590265750885
4.007999999999781,0.06790545463543662,17.688676834106445,0.10628726678216142,0.19893022751175024,0.12005111575126648,0.12005111575126648
4.00999999999978,0.06790512570048471,17.68792724609375,0.10630513694609214,0.19900291199284986,0.12003915011882782,0.12003915011882782
4.01199999999978,0.06790481949255162,17.68715476989746,0.10630408629911871,0.19905308798682872,0.1200055405497551,0.1200055405497551
4.01399999999978,0.06790468685001398,17.686437606811523,0.10628423300549349,0.1990812466897239,0.11995596438646317,0.11995596438646317
4.01599999999978,0.06790472364530493,17.688940048217773,0.10630680772136213,0.19908782983105605,0.11997401714324951,0.11997401714324951
4.0179999999997795,0.06790476422342051,17.69074249267578,0.10637176553027645,0.19912988790935035,0.12004926800727844,0.12004926800727844
4.019999999999779,0.06790480770749104,17.689441680908203,0.10641504709822196,0.19920729798854858,0.1200963482260704,0.1200963482260704
4.021999999999779,0.06790485286904405,17.68829345703125,0.10643685141124172,0.199261266232565,0.12012297660112381,0.12012297660112381
4.023999999999779,0.06790489870327526,17.687171936035156,0.10643809129446469,0.19929230308154883,0.12012467533349991,0.12012467533349991
4.025999999999779,0.0679049440136751,17.68614387512207,0.1064191376066487,0.1993009678428119,0.12010582536458969,0.12010582536458969
4.027999999999778,0.06790498771654603,17.68505096435547,0.10638073113003285,0.19928777909417267,0.12006445974111557,0.12006445974111557
4.029999999999778,0.06790502862278057,17.684024810791016,0.10632332217413688,0.19925327917818797,0.12000317126512527,0.12000317126512527
4.031999999999778,0.06790523890365899,17.683040618896484,0.10624755148416558,0.19919798685548434,0.11992113292217255,0.11992113292217255
4.033999999999778,0.06790561619044551,17.684890747070312,0.10621315270685708,0.19912243120472417,0.11990673840045929,0.11990673840045929
4.0359999999997775,0.06790615962967456,17.685993194580078,0.1062203298315173,0.19908221079282443,0.11994609236717224,0.11994609236717224
4.037999999999777,0.06790667747033624,17.686735153198242,0.10626804460629756,0.19907720833291542,0.12004738301038742,0.12004738301038742
4.039999999999777,0.06790717006793043,17.68529510498047,0.10629336724902946,0.19910726849579527,0.12011125683784485,0.12011125683784485
4.041999999999777,0.06790763691706003,17.684173583984375,0.10629609089850689,0.19911432886962555,0.12010505050420761,0.12010505050420761
4.043999999999777,0.06790807803901533,17.682846069335938,0.1062776726236497,0.19909891479281994,0.12002194672822952,0.12002194672822952
4.045999999999776,0.06790831428390329,17.68170166015625,0.10623831504708711,0.19906166543378115,0.11991594731807709,0.11991594731807709
4.047999999999776,0.06790834815361346,17.68335723876953,0.1062207816533987,0.19900312201189221,0.11987102031707764,0.11987102031707764
4.049999999999776,0.06790818173054412,17.68511962890625,0.10622473868178074,0.1989803224154976,0.11988644301891327,0.11988644301891327
4.051999999999776,0.0679078180923776,17.68653678894043,0.10625142957824713,0.19899325839606827,0.11996112763881683,0.11996112763881683
4.053999999999776,0.06790748059303313,17.68819808959961,0.10630081894100912,0.19904205932983232,0.12009508907794952,0.12009508907794952
4.055999999999775,0.06790716677807797,17.687427520751953,0.10633007646550849,0.1991267867438086,0.12017355114221573,0.12017355114221573
4.057999999999775,0.06790687460565457,17.68661117553711,0.10634006263060723,0.19918872152166625,0.12015289813280106,0.12015289813280106
4.059999999999775,0.06790660183855707,17.68587875366211,0.10633090974371014,0.19922835468070726,0.12011566013097763,0.12011566013097763
4.061999999999775,0.06790634647681983,17.685142517089844,0.10630328150375759,0.19924612780925258,0.1200585812330246,0.1200585812330246
4.0639999999997745,0.06790626630306729,17.68439483642578,0.10625745662260985,0.19924252410331506,0.1199846863746643,0.1199846863746643
4.065999999999774,0.06790635744798956,17.686843872070312,0.10625395221542622,0.19921800104381765,0.11997881531715393,0.11997881531715393
4.067999999999774,0.06790644741663475,17.68848419189453,0.10629278236402141,0.1992289238066537,0.12002941966056824,0.12002941966056824
4.069999999999774,0.0679065354198546,17.687271118164062,0.10631048044408418,0.19927515800297033,0.12005258351564407,0.12005258351564407
4.071999999999774,0.06790662033851512,17.686193466186523,0.1063072985896844,0.19929861930774756,0.12005531042814255,0.12005531042814255
4.073999999999773,0.06790670125334744,17.685104370117188,0.10628411394618432,0.19929982375092528,0.12003385275602341,0.12003385275602341
4.075999999999773,0.06790695310762905,17.684040069580078,0.10624132425812062,0.19927933005841297,0.1199922263622284,0.1199922263622284
4.077999999999773,0.06790719204654083,17.68563461303711,0.10623989118708935,0.1992376589001009,0.12001640349626541,0.12001640349626541
4.079999999999773,0.06790741795969553,17.684316635131836,0.10621840982431933,0.19923122742085148,0.12000548839569092,0.12000548839569092
4.0819999999997725,0.06790781442787702,17.683277130126953,0.10617642022630408,0.19920307822368083,0.11998017132282257,0.11998017132282257
4.083999999999772,0.06790818955437403,17.684505462646484,0.10617567700051421,0.1991536863728425,0.12001488357782364,0.12001488357782364
4.085999999999772,0.06790854333638316,17.68317413330078,0.10615425821819938,0.19913948315690172,0.12001693993806839,0.12001693993806839
4.087999999999772,0.0679086930955157,17.68206787109375,0.10611210296945794,0.19910355730981566,0.11997003108263016,0.11997003108263016
4.089999999999772,0.06790864168741097,17.683734893798828,0.10609194602342656,0.19904642381167875,0.1199331283569336,0.1199331283569336
4.091999999999771,0.06790839142875264,17.685443878173828,0.10609331819784383,0.19902507114091827,0.11995667964220047,0.11995667964220047
4.093999999999771,0.06790831930459533,17.68691635131836,0.10611753380238802,0.19903948543419134,0.1199672594666481,0.1199672594666481
4.095999999999771,0.06790825536093542,17.68946075439453,0.10618338222484854,0.1990898072717415,0.12004263699054718,0.12004263699054718
4.097999999999771,0.06790819921623381,17.688087463378906,0.10622894657528177,0.19917542129343382,0.1200752854347229,0.1200752854347229
4.0999999999997705,0.06790814881201035,17.687145233154297,0.10625282125808817,0.19923779070374933,0.1201002448797226,0.1201002448797226
4.10199999999977,0.06790810330705123,17.686023712158203,0.10625698551956626,0.19927728166437617,0.12009289860725403,0.12009289860725403
4.10399999999977,0.06790806097687478,17.685142517089844,0.10624094891668541,0.19929451172900073,0.12007219344377518,0.12007219344377518
4.10599999999977,0.06790802073918936,17.684123992919922,0.10620599841607316,0.19928991451036138,0.1200253814458847,0.1200253814458847
4.10799999999977,0.06790815512635151,17.683204650878906,0.10615211546271798,0.19926405490607133,0.11996269226074219,0.11996269226074219
4.109999999999769,0.06790846151750436,17.685100555419922,0.10614009878880903,0.19921739952773643,0.11996472626924515,0.11996472626924515
4.111999999999769,0.06790875304793173,17.686264038085938,0.10616978041655013,0.19920604770081585,0.12002348154783249,0.12002348154783249
4.113999999999769,0.06790902944153282,17.68498992919922,0.10617802358583874,0.19922986836940307,0.12005235254764557,0.12005235254764557
4.115999999999769,0.06790928997039443,17.68389129638672,0.10616504276680808,0.1992311771030549,0.12006040662527084,0.12006040662527084
4.1179999999997685,0.06790953415963359,17.682689666748047,0.10613184014308151,0.19921050308195468,0.12004253268241882,0.12004253268241882
4.119999999999768,0.06790957524553312,17.681612014770508,0.10607881078863123,0.19916842969114207,0.11997384577989578,0.11997384577989578
4.121999999999768,0.06790941626016818,17.683364868164062,0.10604791727910601,0.19910548974837872,0.11993931978940964,0.11993931978940964
4.123999999999768,0.06790943565807217,17.684974670410156,0.10603893165732867,0.19907838380029147,0.11993546783924103,0.11993546783924103
4.125999999999768,0.06790962987765395,17.687179565429688,0.10607184405642692,0.19908711576092106,0.1199791356921196,0.1199791356921196
4.127999999999767,0.06790981729876006,17.688535690307617,0.10614700870657393,0.19913111824154803,0.12007640302181244,0.12007640302181244
4.129999999999767,0.06790999732079568,17.687225341796875,0.10619971223561783,0.19921032652769957,0.12013916671276093,0.12013916671276093
4.131999999999767,0.06791016914112953,17.68602752685547,0.10623043249165315,0.19926592594894407,0.12016286700963974,0.12016286700963974
4.133999999999767,0.06791033203992633,17.68487548828125,0.10623994727465146,0.19929845229608092,0.12016114592552185,0.12016114592552185
4.1359999999997665,0.06791048517761215,17.683809280395508,0.10622878655843615,0.19930846176798883,0.1201341524720192,0.1201341524720192
4.137999999999766,0.06791062774687308,17.682720184326172,0.10619763128405409,0.19929648889089668,0.1200827956199646,0.1200827956199646
4.139999999999766,0.06791075886700099,17.68166732788086,0.10614702606721922,0.19926307663200965,0.12000695616006851,0.12000695616006851
4.141999999999766,0.06791068756619426,17.680662155151367,0.1060775894234097,0.1992087541217301,0.11990731209516525,0.11990731209516525
4.143999999999766,0.06791041711396627,17.682390213012695,0.10603055194213544,0.19913405246781407,0.1198674663901329,0.1198674663901329
4.145999999999765,0.06790995059677078,17.684066772460938,0.10600580345652456,0.19909525023880847,0.11988719552755356,0.11988719552755356
4.147999999999765,0.0679096677849735,17.68572998046875,0.10600427220911103,0.19909235687047191,0.11990837007761002,0.11990837007761002
4.149999999999765,0.06790956323118466,17.688648223876953,0.10604497210258902,0.19912548485406426,0.11993996798992157,0.11993996798992157
4.151999999999765,0.06790946946342667,17.69072723388672,0.10612887650781208,0.19919398498938692,0.12002162635326385,0.12002162635326385
4.1539999999997645,0.06790938497392673,17.689552307128906,0.10619058916083926,0.19929782156804107,0.12008155882358551,0.12008155882358551
4.155999999999764,0.06790930840775249,17.688365936279297,0.10623086942520371,0.19937781276235408,0.12011711299419403,0.12011711299419403
4.157999999999764,0.06790923830659806,17.68728256225586,0.10625017788538002,0.19943449370707947,0.12013135850429535,0.12013135850429535
4.159999999999764,0.0679091732937503,17.68624496459961,0.10624917211595979,0.19946837679714516,0.12012291699647903,0.12012291699647903
4.161999999999764,0.06790911193947373,17.685260772705078,0.10622834833695227,0.19947998897478597,0.12009385973215103,0.12009385973215103
4.1639999999997634,0.06790905285885053,17.68425750732422,0.10618830231039202,0.19946984387077712,0.12004375457763672,0.12004375457763672
4.165999999999763,0.06790916980952645,17.683271408081055,0.10612954068192576,0.19943846130282497,0.11997391283512115,0.11997391283512115
4.167999999999763,0.06790946004062398,17.685218811035156,0.10611247032870011,0.1993863524464411,0.11997167766094208,0.11997167766094208
4.169999999999763,0.06790973559288122,17.686370849609375,0.1061371795974785,0.19936949209547217,0.12002373486757278,0.12002373486757278
4.171999999999763,0.06790999608461774,17.685108184814453,0.10614039127068049,0.19938776627854823,0.12004757672548294,0.12004757672548294
4.173999999999762,0.06791024080267896,17.6839599609375,0.10612247894208265,0.19938359314638815,0.12004944682121277,0.12004944682121277
4.175999999999762,0.06791046920219575,17.682754516601562,0.10608434359212218,0.19935751694054846,0.12002607434988022,0.12002607434988022
4.177999999999762,0.06791087301042202,17.681659698486328,0.10602646633076401,0.1993101173222332,0.11998167634010315,0.11998167634010315
4.179999999999762,0.06791107114051421,17.682994842529297,0.10600958222198774,0.19924193627341588,0.11996930837631226,0.11996930837631226
4.1819999999997615,0.0679110666619677,17.684419631958008,0.10601482900248028,0.19920887944797838,0.11995526403188705,0.11995526403188705
4.183999999999761,0.06791106351943571,17.68623161315918,0.10604113232741438,0.19921156214014898,0.12000180780887604,0.12000180780887604
4.185999999999761,0.06791106064599284,17.6851749420166,0.10604711756515126,0.19924993035583113,0.12002193182706833,0.12002193182706833
4.187999999999761,0.06791105673439696,17.68421745300293,0.10603308547417496,0.19926602231981586,0.12001635134220123,0.12001635134220123
4.189999999999761,0.06791123188313776,17.68324851989746,0.10599976401731218,0.19926032950547795,0.11998210102319717,0.11998210102319717
4.19199999999976,0.06791120351570028,17.684974670410156,0.10600806234994871,0.19923337551854003,0.11998001486063004,0.11998001486063004
4.19399999999976,0.06791117872362411,17.686363220214844,0.10603922442865318,0.1992416148367062,0.12002716958522797,0.12002716958522797
4.19599999999976,0.06791115518638138,17.685598373413086,0.10604869178060133,0.19928568075911454,0.12004228681325912,0.12004228681325912
4.19799999999976,0.06791113241026285,17.684402465820312,0.10603899952684202,0.1993072558876586,0.12002038955688477,0.12002038955688477
4.1999999999997595,0.06791128859478107,17.683612823486328,0.10600925205291446,0.1993070050669651,0.119988813996315,0.119988813996315
4.201999999999759,0.06791143577644758,17.68522071838379,0.10602165744404007,0.19928532506240715,0.12001709640026093,0.12001709640026093
4.203999999999759,0.06791157343435313,17.684051513671875,0.10601368063463347,0.19929887080709657,0.12001591175794601,0.12001591175794601
4.205999999999759,0.06791150855452928,17.68304443359375,0.105985371741083,0.19929042511655254,0.11997479945421219,0.11997479945421219
4.207999999999759,0.06791162418432116,17.68457794189453,0.10597952069945786,0.19926048108254274,0.11997365951538086,0.11997365951538086
4.209999999999758,0.06791173382098936,17.68658447265625,0.10601471545834941,0.19926638684964795,0.12002546340227127,0.12002546340227127
4.211999999999758,0.06791183768766736,17.685161590576172,0.10602988380939388,0.19930740863966326,0.12003760039806366,0.12003760039806366
4.213999999999758,0.06791193403864663,17.684303283691406,0.10602356656808332,0.19932593057610737,0.12002436816692352,0.12002436816692352
4.215999999999758,0.06791182851607108,17.683107376098633,0.1059978647251499,0.19932232376134057,0.11998622864484787,0.11998622864484787
4.2179999999997575,0.0679117284042355,17.684715270996094,0.10599410108142956,0.19929723691658316,0.12000790983438492,0.12000790983438492
4.219999999999757,0.0679118091358348,17.683895111083984,0.10597065572158341,0.19930796777797696,0.11997490376234055,0.11997490376234055
4.221999999999757,0.06791188515165544,17.685791015625,0.10598934421967311,0.19929716545726248,0.12000569701194763,0.12000569701194763
4.223999999999757,0.06791195591269131,17.684593200683594,0.10598783170448658,0.19932158347262544,0.12000472098588943,0.12000472098588943
4.225999999999757,0.067912205615186,17.68366050720215,0.10596588744878871,0.1993238725343231,0.11998803913593292,0.11998803913593292
4.227999999999756,0.06791225035845416,17.685026168823242,0.10598561227442407,0.19930449663294772,0.11998704820871353,0.11998704820871353
4.229999999999756,0.06791229446291588,17.686519622802734,0.10602769451154336,0.19932025039588624,0.12004363536834717,0.12004363536834717
4.231999999999756,0.06791233593971012,17.685619354248047,0.10604766557759329,0.19937175434819598,0.1200740858912468,0.1200740858912468
4.233999999999756,0.06791237437249395,17.68438720703125,0.10604777855787444,0.19940046276177492,0.1200786903500557,0.1200786903500557
4.2359999999997555,0.06791240817573614,17.683517456054688,0.10602740242227641,0.19940703149501113,0.12005780637264252,0.12005780637264252
4.237999999999755,0.06791243658926928,17.68239974975586,0.10598797848681828,0.19939188539302355,0.12001192569732666,0.12001192569732666
4.239999999999755,0.06791226391315477,17.681480407714844,0.10592942342545511,0.19935561250977166,0.11994156986474991,0.11994156986474991
4.241999999999755,0.067912274567481,17.683074951171875,0.10589365051177667,0.1992986772727301,0.11991040408611298,0.11991040408611298
4.243999999999755,0.06791246439662503,17.685440063476562,0.10589921123206598,0.1992776941011556,0.11992978304624557,0.11992978304624557
4.245999999999754,0.0679124499332379,17.686668395996094,0.10594751103584091,0.19929187801858184,0.11998531967401505,0.11998531967401505
4.247999999999754,0.06791243941769119,17.688335418701172,0.10601757205582718,0.1993412305891874,0.1200619488954544,0.1200619488954544
4.249999999999754,0.06791243120391674,17.687236785888672,0.10606536649897595,0.19942628156986777,0.12011490017175674,0.12011490017175674
4.251999999999754,0.06791242440320143,17.68602752685547,0.10609227889603849,0.19948786850489644,0.12013858556747437,0.12013858556747437
4.2539999999997535,0.06791241756235852,17.68501853942871,0.10609831342634397,0.19952657583416492,0.12014459818601608,0.12014459818601608
4.255999999999753,0.06791240962466508,17.68396759033203,0.10608445499033457,0.19954287680986593,0.12012529373168945,0.12012529373168945
4.257999999999753,0.06791239923353846,17.68301773071289,0.10605095838554127,0.19953732263271404,0.12008748203516006,0.12008748203516006
4.259999999999753,0.0679123852401666,17.681991577148438,0.10599859092334148,0.19951040441527176,0.1200275868177414,0.1200275868177414
4.261999999999753,0.06791255236684225,17.681060791015625,0.10592773041031638,0.19946265274708497,0.11994874477386475,0.11994874477386475
4.263999999999752,0.06791289811980518,17.682952880859375,0.10589861543430769,0.19939456479686335,0.11993679404258728,0.11993679404258728
4.265999999999752,0.06791303814120007,17.684062957763672,0.10591123510334946,0.19936167899076138,0.11997204273939133,0.11997204273939133
4.267999999999752,0.06791317106083092,17.685596466064453,0.10594566182606277,0.1993638720968033,0.1200043186545372,0.1200043186545372
4.269999999999752,0.06791329527743456,17.684640884399414,0.10595808041577377,0.19940175698833415,0.12001129239797592,0.12001129239797592
4.2719999999997516,0.06791321685496401,17.683425903320312,0.10595043323232667,0.1994170449326748,0.11999291181564331,0.11999291181564331
4.273999999999751,0.06791314269927895,17.685028076171875,0.10596469962454572,0.1994103776668489,0.12003429234027863,0.12003429234027863
4.275999999999751,0.06791307108796812,17.684144973754883,0.10595867673713685,0.19943949846381823,0.12003207206726074,0.12003207206726074
4.277999999999751,0.06791318243455426,17.68317985534668,0.10593346100133601,0.19944661914628944,0.11999465525150299,0.11999465525150299
4.279999999999751,0.06791328644698012,17.68509292602539,0.10594996968652522,0.199432286393094,0.12002866715192795,0.12002866715192795
4.2819999999997505,0.0679133829393337,17.68381118774414,0.10594650429911803,0.19945310304132555,0.12002518028020859,0.12002518028020859
4.28399999999975,0.06791347042650715,17.68292236328125,0.10592237680551837,0.19945185969626722,0.12000786513090134,0.12000786513090134
4.28599999999975,0.06791335595418276,17.681745529174805,0.10587911396281365,0.19942898276071533,0.1199476569890976,0.1199476569890976
4.28799999999975,0.06791342549787752,17.683414459228516,0.10585795666650662,0.19938507579691173,0.11992622911930084,0.11992622911930084
4.28999999999975,0.06791367554977477,17.68551254272461,0.10587837635494195,0.19937702542844835,0.1199633926153183,0.1199633926153183
4.291999999999749,0.06791391326406246,17.686660766601562,0.10594114870717568,0.19940409478724574,0.12002310901880264,0.12002310901880264
4.293999999999749,0.06791413799506633,17.68539810180664,0.10598140094787212,0.19946625557147646,0.12004827708005905,0.12004827708005905
4.295999999999749,0.06791434913750338,17.684192657470703,0.10599989412890995,0.19950510797884669,0.12004837393760681,0.12004837393760681
4.297999999999749,0.06791454598759121,17.68307113647461,0.10599722813242356,0.19952121345681692,0.12002349644899368,0.12002349644899368
4.2999999999997485,0.06791453838821056,17.68197250366211,0.10597408590704227,0.19951511713298742,0.11997396498918533,0.11997396498918533
4.301999999999748,0.06791432932160228,17.683570861816406,0.10597307494190261,0.19948736760295474,0.11998419463634491,0.11998419463634491
4.303999999999748,0.0679141323000542,17.685157775878906,0.10599416371985576,0.19949541554056774,0.12005366384983063,0.12005366384983063
4.305999999999748,0.06791394538282308,17.68431854248047,0.10599530233667091,0.1995392932904962,0.12009603530168533,0.12009603530168533
4.307999999999748,0.06791376696150798,17.683441162109375,0.10597727990071809,0.19956102823271035,0.12008585780858994,0.12008585780858994
4.309999999999747,0.06791359523372013,17.682647705078125,0.10594036330422578,0.19956112826057748,0.12003026902675629,0.12003026902675629
4.311999999999747,0.06791360858386028,17.681779861450195,0.10588519325565726,0.19954005917595652,0.11995429545640945,0.11995429545640945
4.313999999999747,0.06791380364058083,17.68402862548828,0.10587212699562995,0.1994983180506253,0.11994805186986923,0.11994805186986923
4.315999999999747,0.06791417868893813,17.685394287109375,0.10590128457089645,0.19949179211675494,0.11999649554491043,0.11999649554491043
4.3179999999997465,0.06791453462146965,17.68651580810547,0.10597163705558038,0.19952036866748463,0.1201084554195404,0.1201084554195404
4.319999999999746,0.06791487159421314,17.685035705566406,0.10601933363233798,0.19958389168336996,0.12013139575719833,0.12013139575719833
4.321999999999746,0.06791518881549767,17.68385124206543,0.10604423723785837,0.199623896150915,0.12012366950511932,0.12012366950511932
4.323999999999746,0.06791548609654521,17.682575225830078,0.10604768521944126,0.19964088282998305,0.1200910359621048,0.1200910359621048
4.325999999999746,0.06791576272856267,17.68148422241211,0.10602990672896499,0.19963547195952688,0.12003446370363235,0.12003446370363235
4.327999999999745,0.06791583347188494,17.680274963378906,0.10599189482540022,0.1996081861753761,0.11995383352041245,0.11995383352041245
4.329999999999745,0.06791570104913952,17.682016372680664,0.10597575581985424,0.1995596080562889,0.11993306130170822,0.11993306130170822
4.331999999999745,0.06791536814083043,17.68359375,0.10598164713797087,0.19954680532979374,0.11997129023075104,0.11997129023075104
4.333999999999745,0.06791505510339543,17.68520736694336,0.10601038047305904,0.1995698111042872,0.12006819993257523,0.12006819993257523
4.3359999999997445,0.06791475933389957,17.68448257446289,0.10601904701276176,0.1996287385399276,0.12013760209083557,0.12013760209083557
4.337999999999744,0.06791447907841633,17.683635711669922,0.10600886229399485,0.199665341757369,0.12015840411186218,0.12015840411186218
4.339999999999744,0.06791421205759238,17.682933807373047,0.10597972418801321,0.19968015088471913,0.12010408192873001,0.12010408192873001
4.341999999999744,0.06791395645684996,17.682146072387695,0.10593248868248485,0.19967358765133264,0.12002810090780258,0.12002810090780258
4.343999999999744,0.06791388756327289,17.681385040283203,0.10586731322687618,0.19964615615407447,0.11993660032749176,0.11993660032749176
4.345999999999743,0.0679140017846028,17.683822631835938,0.10584459909912354,0.19959830330405248,0.11991237103939056,0.11991237103939056
4.347999999999743,0.06791429695794801,17.6854305267334,0.10586420231261233,0.19958570675500015,0.11994531005620956,0.11994531005620956
4.349999999999743,0.06791457676320162,17.686656951904297,0.10592525872558471,0.19960821787112554,0.12004067003726959,0.12004067003726959
4.351999999999743,0.06791484114511956,17.685224533081055,0.10596401784129471,0.19966567982357128,0.12010068446397781,0.12010068446397781
4.3539999999997425,0.06791508919881759,17.684059143066406,0.10598042213365476,0.19969983596511656,0.12014193087816238,0.12014193087816238
4.355999999999742,0.06791532056244656,17.68282699584961,0.10597571780786726,0.19971118910102417,0.12015366554260254,0.12015366554260254
4.357999999999742,0.06791553440923247,17.681724548339844,0.1059501685773377,0.1997003483904005,0.12010855972766876,0.12010855972766876
4.359999999999742,0.0679157301861688,17.680538177490234,0.10590471424305282,0.1996678354675813,0.1200263649225235,0.1200263649225235
4.361999999999742,0.06791572156201162,17.679489135742188,0.10583977052382551,0.19961422507419102,0.11992030590772629,0.11992030590772629
4.363999999999741,0.06791551173168218,17.68124771118164,0.10579699207060955,0.19954004268625553,0.11987411975860596,0.11987411975860596
4.365999999999741,0.06791510353821777,17.68292999267578,0.10577623758066944,0.1995017283157048,0.11988726258277893,0.11988726258277893
4.367999999999741,0.06791488634327313,17.68456268310547,0.10577851221442625,0.19949928043474147,0.11991939693689346,0.11991939693689346
4.369999999999741,0.06791485506989318,17.687328338623047,0.10582303890993075,0.19953281904272452,0.11996107548475266,0.11996107548475266
4.3719999999997405,0.06791482842269886,17.689184188842773,0.1059106911036709,0.19960154256354254,0.12005230039358139,0.12005230039358139
4.37399999999974,0.06791480504284621,17.68798828125,0.10597577950270481,0.19970543169299892,0.1201212927699089,0.1201212927699089
4.37599999999974,0.06791478375223958,17.686756134033203,0.10601909591709414,0.1997853943234445,0.12016481161117554,0.12016481161117554
4.37799999999974,0.06791476323248226,17.685638427734375,0.10604111599895572,0.19984197268602222,0.12018663436174393,0.12018663436174393
4.37999999999974,0.06791474225813775,17.684547424316406,0.10604252161988313,0.1998756817802363,0.12018502503633499,0.12018502503633499
4.381999999999739,0.0679147195280419,17.68353271484375,0.10602382381644232,0.19988705352067632,0.12016236782073975,0.12016236782073975
4.383999999999739,0.06791469378891721,17.68250274658203,0.10598563736445171,0.19987660395649906,0.12011805176734924,0.12011805176734924
4.385999999999739,0.06791466374710091,17.68148422241211,0.10592848252596404,0.19984485641086225,0.12005332857370377,0.12005332857370377
4.387999999999739,0.06791481879524926,17.68051528930664,0.10585293007943128,0.19979232406844036,0.11996849626302719,0.11996849626302719
4.3899999999997386,0.06791515641991805,17.682430267333984,0.10581914508210051,0.1997195220497667,0.1199517473578453,0.1199517473578453
4.391999999999738,0.06791567565551353,17.68355369567871,0.1058271768335994,0.19968184431404626,0.11998943239450455,0.11998943239450455
4.393999999999738,0.06791616609268614,17.68439483642578,0.1058760872102582,0.19967917225635007,0.12008946388959885,0.12008946388959885
4.395999999999738,0.06791662809085569,17.68294334411621,0.10590242532875806,0.19971135240877255,0.12007474899291992,0.12007474899291992
4.397999999999738,0.06791706106737863,17.681785583496094,0.10590615199316604,0.199720535309845,0.12002109736204147,0.12002109736204147
4.3999999999997375,0.06791728675862102,17.680484771728516,0.10588859619447354,0.1997072381518769,0.11994388699531555,0.11994388699531555
4.401999999999737,0.06791730733951289,17.682125091552734,0.10589239307747748,0.19967209183803053,0.11992687731981277,0.11992687731981277
4.403999999999737,0.06791712509849779,17.683826446533203,0.10591790928660227,0.19967263119742393,0.11996936053037643,0.11996936053037643
4.405999999999737,0.06791695386858233,17.685338973999023,0.10596588963324535,0.19970890538204783,0.12007048726081848,0.12007048726081848
4.407999999999737,0.06791679152811184,17.684465408325195,0.10599292890514682,0.1997810216349505,0.12014415115118027,0.12014415115118027
4.409999999999736,0.06791663673059266,17.683483123779297,0.10600020345870244,0.1998303191202501,0.12019089609384537,0.12019089609384537
4.411999999999736,0.06791648760464591,17.682655334472656,0.10598771762341502,0.1998573401830609,0.12021086364984512,0.12021086364984512
4.413999999999736,0.06791634269498362,17.681777954101562,0.10595632034065687,0.1998625254021191,0.12020023167133331,0.12020023167133331
4.415999999999736,0.06791620027787296,17.68094253540039,0.10590624011358295,0.1998463909496733,0.12013325840234756,0.12013325840234756
4.4179999999997355,0.06791605885683816,17.68006134033203,0.1058381501309138,0.1998093988859215,0.12004568427801132,0.12004568427801132
4.419999999999735,0.06791610644579514,17.67925453186035,0.10575239278855078,0.1997520503577943,0.11994102597236633,0.11994102597236633
4.421999999999735,0.06791634001108342,17.681495666503906,0.10570884736288233,0.19967481707853207,0.11990409344434738,0.11990409344434738
4.423999999999735,0.06791675801704616,17.682907104492188,0.10570743658586682,0.1996327763554824,0.11992324143648148,0.11992324143648148
4.425999999999735,0.06791696823954901,17.68395233154297,0.10574726279313564,0.19962578183933613,0.11994674056768417,0.11994674056768417
4.427999999999734,0.06791716737444392,17.68541717529297,0.10580892669055225,0.19965366691594977,0.12000425159931183,0.12000425159931183
4.429999999999734,0.06791735372400974,17.684391021728516,0.10584745068424227,0.19971722048343635,0.12003608047962189,0.12003608047962189
4.431999999999734,0.06791752728775637,17.68305206298828,0.10586503274191948,0.19975748048128353,0.12004228681325912,0.12004228681325912
4.433999999999734,0.06791768677151819,17.682065963745117,0.10586119082340294,0.1997751256527007,0.12002316117286682,0.12002316117286682
4.4359999999997335,0.06791764177654308,17.680908203125,0.10583735411287666,0.19977059496522678,0.11997911334037781,0.11997911334037781
4.437999999999733,0.06791739508375795,17.682518005371094,0.10583552402705197,0.19974449476087708,0.11999452859163284,0.11999452859163284
4.439999999999733,0.06791716128600675,17.68410873413086,0.1058560993090498,0.19975420470747227,0.12006861716508865,0.12006861716508865
4.441999999999733,0.06791693818535267,17.683324813842773,0.10585671657321434,0.1997997920713387,0.12011586129665375,0.12011586129665375
4.443999999999733,0.06791672417775663,17.682449340820312,0.1058383460894488,0.19982326282506646,0.12008105963468552,0.12008105963468552
4.445999999999732,0.06791651728798194,17.68170166015625,0.10580110176363713,0.19982513620907041,0.12002315372228622,0.12002315372228622
4.447999999999732,0.06791650102395051,17.680850982666016,0.10574571650332869,0.1998058569564727,0.1199440211057663,0.1199440211057663
4.449999999999732,0.06791667188151419,17.683155059814453,0.1057325993356814,0.19976592556795758,0.11993587762117386,0.11993587762117386
4.451999999999732,0.06791702810471362,17.68460464477539,0.10576187676024712,0.19976113282939836,0.11998219788074493,0.11998219788074493
4.4539999999997315,0.0679173649844711,17.68576431274414,0.1058325050114095,0.1997913690573862,0.12009256333112717,0.12009256333112717
4.455999999999731,0.0679176826603223,17.684284210205078,0.10588047617351129,0.19985647233144307,0.12016571313142776,0.12016571313142776
4.457999999999731,0.06791798026849435,17.68310546875,0.10590568443988026,0.199898066136556,0.12017828226089478,0.12017828226089478
4.459999999999731,0.06791825759345844,17.68182373046875,0.1059094349082058,0.19991664452343644,0.12014976143836975,0.12014976143836975
4.461999999999731,0.06791851387141111,17.680747985839844,0.10589197180847411,0.19991282498078203,0.12009705603122711,0.12009705603122711
4.46399999999973,0.0679187486663972,17.679527282714844,0.10585426988771748,0.19988712509599504,0.12002017349004745,0.12002017349004745
4.46599999999973,0.06791877741969181,17.678457260131836,0.10579673925022237,0.19984012460544515,0.1199195608496666,0.1199195608496666
4.46799999999973,0.0679186031888823,17.680213928222656,0.10576132660284648,0.19977234744584257,0.1198783814907074,0.1198783814907074
4.46999999999973,0.06791822864282251,17.681846618652344,0.1057479245467492,0.1997404155280135,0.1198960468173027,0.1198960468173027
4.4719999999997295,0.06791765745919635,17.683488845825195,0.10575752149228308,0.19974432596203992,0.11997207254171371,0.11997207254171371
4.473999999999729,0.0679171200669464,17.68532943725586,0.10579018573937096,0.19978420017282453,0.12006021291017532,0.12006021291017532
4.475999999999729,0.06791661326306513,17.68468475341797,0.105803468434078,0.1998601038608283,0.12003187090158463,0.12003187090158463
4.477999999999729,0.06791630145564628,17.683998107910156,0.1057981384753946,0.19991366673961108,0.11998271197080612,0.11998271197080612
4.479999999999729,0.06791600753976293,17.686864852905273,0.105835755092033,0.19994535977954797,0.12000682950019836,0.12000682950019836
4.481999999999728,0.06791590388173933,17.685775756835938,0.10585372061457518,0.20001226938434866,0.11999648064374924,0.11999648064374924
4.483999999999728,0.06791580700993016,17.688135147094727,0.10591364252156354,0.2000565846256273,0.12006541341543198,0.12006541341543198
4.485999999999728,0.06791571645952608,17.6867733001709,0.10595281429725775,0.2001359242946894,0.12009184062480927,0.12009184062480927
4.487999999999728,0.06791562999861672,17.685779571533203,0.10597027667784752,0.20019201926091282,0.12010959535837173,0.12010959535837173
4.4899999999997275,0.06791554669423204,17.68459701538086,0.10596773616895358,0.20022525218454085,0.12009509652853012,0.12009509652853012
4.491999999999727,0.06791546468569004,17.683658599853516,0.1059449467653342,0.20023624550780197,0.1200665608048439,0.1200665608048439
4.493999999999727,0.06791538280014683,17.682559967041016,0.10590306056503,0.2002254444874373,0.12001166492700577,0.12001166492700577
4.495999999999727,0.0679154880102428,17.68158531188965,0.10584219583664418,0.2001934192118133,0.11994051188230515,0.11994051188230515
4.497999999999727,0.06791577782616615,17.683452606201172,0.10582341952326428,0.2001406446879754,0.11993461847305298,0.11993461847305298
4.499999999999726,0.0679162510268287,17.684616088867188,0.1058465087167653,0.20012290822544557,0.11998526006937027,0.11998526006937027
4.501999999999726,0.06791669922874048,17.68548583984375,0.10591072469604634,0.2001400760179357,0.12009720504283905,0.12009720504283905
4.503999999999726,0.06791712264021917,17.68399429321289,0.10595186736031591,0.20019201664662367,0.12017227709293365,0.12017227709293365
4.505999999999726,0.06791752062083622,17.682743072509766,0.10597004190236756,0.20022049770148456,0.12022672593593597,0.12022672593593597
4.507999999999726,0.06791789305619993,17.681434631347656,0.10596648326112447,0.20022604625864557,0.12025059759616852,0.12025059759616852
4.509999999999725,0.06791823936239663,17.680233001708984,0.10594156127095403,0.20020928885557104,0.1202528104186058,0.1202528104186058
4.511999999999725,0.06791855921669754,17.678974151611328,0.10589622674509679,0.20017076640784648,0.12022850662469864,0.12022850662469864
4.513999999999725,0.0679188520314918,17.6778564453125,0.10583096787463356,0.20011106868265235,0.12018278986215591,0.12018278986215591
4.515999999999725,0.06791911734351498,17.67676544189453,0.10574657013554033,0.2000307365545688,0.12008776515722275,0.12008776515722275
4.5179999999997245,0.06791917734699197,17.67584800720215,0.1056435672094429,0.19993033305336383,0.11992134898900986,0.11992134898900986
4.519999999999724,0.06791903503827648,17.67758560180664,0.1055625635679125,0.1998103917735945,0.11981454491615295,0.11981454491615295
4.521999999999724,0.06791869310186337,17.679420471191406,0.10550355036438966,0.19972640791524152,0.11976704001426697,0.11976704001426697
4.523999999999724,0.06791815518083473,17.68115234375,0.10546746990453514,0.19967835677661597,0.11977819353342056,0.11977819353342056
4.525999999999724,0.06791781630314629,17.682973861694336,0.10545444340147016,0.19966632589053881,0.11971773207187653,0.11971773207187653
4.527999999999723,0.06791767110718303,17.68594741821289,0.10548441610074259,0.19969035364715954,0.11973193287849426,0.11973193287849426
4.529999999999723,0.0679177163764466,17.68816375732422,0.10555770058787717,0.19974951342562333,0.11980035156011581,0.11980035156011581
4.531999999999723,0.06791794901273766,17.68993377685547,0.10567305035766562,0.19984372609686019,0.11993642151355743,0.11993642151355743
4.533999999999723,0.06791817388528192,17.69098663330078,0.10583044210479126,0.19997282313763887,0.12012842297554016,0.12012842297554016
4.5359999999997225,0.06791839056958235,17.689563751220703,0.10596269671383185,0.20013679611149818,0.12028783559799194,0.12028783559799194
4.537999999999722,0.06791859825346305,17.688201904296875,0.10607027880242542,0.2002751219524717,0.12042199820280075,0.12042199820280075
4.539999999999722,0.06791879633779345,17.68683624267578,0.10615411633142635,0.2003883343287784,0.12052714824676514,0.12052714824676514
4.541999999999722,0.06791898400258492,17.685489654541016,0.1062147635486852,0.2004770107795084,0.12060726433992386,0.12060726433992386
4.543999999999722,0.06791916052542592,17.684165954589844,0.10625300680201129,0.20054169223620572,0.12066089361906052,0.12066089361906052
4.545999999999721,0.0679193250534182,17.682964324951172,0.10626943036165061,0.20058294078327135,0.12069061398506165,0.12069061398506165
4.547999999999721,0.06791947677268574,17.681793212890625,0.10626473237052014,0.20060129707352403,0.1206958144903183,0.1206958144903183
4.549999999999721,0.06791961478911315,17.68069839477539,0.10623949859103103,0.20059731073388723,0.1206783875823021,0.1206783875823021
4.551999999999721,0.06791973821926899,17.67955780029297,0.10619436821359494,0.20057151781032204,0.12063799053430557,0.12063799053430557
4.5539999999997205,0.0679198461287023,17.678489685058594,0.10612991543288625,0.2005244567378838,0.12057629972696304,0.12057629972696304
4.55599999999972,0.0679199375813956,17.677459716796875,0.10604673705460578,0.20045665636807453,0.12049338966608047,0.12049338966608047
4.55799999999972,0.06792001160853665,17.676502227783203,0.10594539026492432,0.2003686443242224,0.12037509679794312,0.12037509679794312
4.55999999999972,0.06792006723609122,17.67568016052246,0.10582643926571317,0.20026094061794517,0.12021525204181671,0.12021525204181671
4.56199999999972,0.06792010346972036,17.67494773864746,0.10569042246894823,0.2001340619891961,0.12003267556428909,0.12003267556428909
4.563999999999719,0.06791993626890873,17.674278259277344,0.10553787753156982,0.19998851847373514,0.11982785910367966,0.11982785910367966
4.565999999999719,0.0679195693098784,17.675846099853516,0.10540782010945594,0.19982481562653526,0.11968231946229935,0.11968231946229935
4.567999999999719,0.06791900601578132,17.677703857421875,0.10530024912210653,0.19969727239412915,0.11959560215473175,0.11959560215473175
4.569999999999719,0.06791864382711221,17.679729461669922,0.1052160102347239,0.19960585029289943,0.11952129751443863,0.11952129751443863
4.5719999999997185,0.06791847720337917,17.682863235473633,0.10517451994759115,0.1995506150156847,0.11946146935224533,0.11946146935224533
4.573999999999718,0.06791850323271566,17.68509292602539,0.10517643250023828,0.19953050071030345,0.11945205181837082,0.11945205181837082
4.575999999999718,0.06791871878097462,17.68698501586914,0.1052202107516692,0.19954540633432247,0.11951255053281784,0.11951255053281784
4.577999999999718,0.06791912243223214,17.688217163085938,0.1053060084811763,0.19959508373859686,0.11962690949440002,0.11962690949440002
4.579999999999718,0.06791971296587505,17.68914794921875,0.10543284804432103,0.19967949004671248,0.11980465799570084,0.11980465799570084
4.581999999999717,0.06792009261054537,17.68954849243164,0.10560065441965345,0.19979852544413582,0.1199372187256813,0.1199372187256813
4.583999999999717,0.06792045764101107,17.690845489501953,0.10578945763940927,0.1999522181885473,0.12012753635644913,0.12012753635644913
4.585999999999717,0.0679208069015195,17.689586639404297,0.10595116077567988,0.20014153584671152,0.12029071152210236,0.12029071152210236
4.587999999999717,0.06792114065520755,17.688072204589844,0.10608769356115554,0.20030445073610856,0.12042619287967682,0.12042619287967682
4.5899999999997165,0.06792145803858742,17.68673324584961,0.10619900144317446,0.20044164018558672,0.12053462117910385,0.12053462117910385
4.591999999999716,0.06792175891624468,17.685314178466797,0.10628640878738972,0.2005535852926614,0.12061641365289688,0.12061641365289688
4.593999999999716,0.06792204253606916,17.68400001525879,0.10635020639013695,0.2006409054904675,0.12067141383886337,0.12067141383886337
4.595999999999716,0.067922308511636,17.682636260986328,0.1063913901624478,0.20070411454894288,0.1207004189491272,0.1207004189491272
4.597999999999716,0.06792255611230114,17.681447982788086,0.10641041143285634,0.20074379724211575,0.12070348858833313,0.12070348858833313
4.599999999999715,0.0679227847844219,17.680246353149414,0.10640808117250651,0.20076048038687117,0.12068112194538116,0.12068112194538116
4.601999999999715,0.06792299377726624,17.679149627685547,0.10638491901049668,0.20075472606335665,0.12063359469175339,0.12063359469175339
4.603999999999715,0.06792318242037015,17.678001403808594,0.1063416264312693,0.20072706345520885,0.12056147307157516,0.12056147307157516
4.605999999999715,0.0679233499271398,17.67693328857422,0.10627874576244034,0.20067803799322215,0.12046468257904053,0.12046468257904053
4.6079999999997145,0.06792349554322227,17.675905227661133,0.10619690942933199,0.20060817531561922,0.12034406512975693,0.12034406512975693
4.609999999999714,0.06792361844416135,17.674976348876953,0.10609666033363045,0.2005180071400212,0.12019985169172287,0.12019985169172287
4.611999999999714,0.06792371781553393,17.67416000366211,0.10597858404798338,0.20040805218470203,0.12003250420093536,0.12003250420093536
4.613999999999714,0.06792360984948011,17.67343521118164,0.10584321370729396,0.20027882975739278,0.11984209716320038,0.11984209716320038
4.615999999999714,0.06792329800727226,17.674991607666016,0.1057303513489405,0.20013084962932684,0.11970997601747513,0.11970997601747513
4.6179999999997134,0.06792278546571388,17.676891326904297,0.105640020231457,0.20001895093468128,0.11963577568531036,0.11963577568531036
4.619999999999713,0.06792207634336951,17.678878784179688,0.10557305300126088,0.19994309959317205,0.11961882561445236,0.11961882561445236
4.621999999999713,0.06792117482061902,17.680927276611328,0.10552957223583515,0.19990336842932246,0.11965963989496231,0.11965963989496231
4.623999999999713,0.06792008578709433,17.683048248291016,0.1055101204718858,0.19989978604361788,0.11975795775651932,0.11975795775651932
4.625999999999713,0.06791881438211723,17.685346603393555,0.1055148447430384,0.19993245102583182,0.11991429328918457,0.11991429328918457
4.627999999999712,0.06791775707944339,17.688030242919922,0.10554410610780751,0.20000145299862543,0.11984961479902267,0.11984961479902267
4.629999999999712,0.06791690494242601,17.69170379638672,0.10561754475635968,0.20010693322070963,0.11986222863197327,0.11986222863197327
4.631999999999712,0.06791625161703174,17.694900512695312,0.10573560451475272,0.20024790720578056,0.11993026733398438,0.11993026733398438
4.633999999999712,0.06791564387741399,17.697683334350586,0.1058968598107299,0.20042429882143978,0.12007098644971848,0.12007098644971848
4.6359999999997115,0.06791507903302703,17.696590423583984,0.1060349140831734,0.20063590976533674,0.12017610669136047,0.12017610669136047
4.637999999999711,0.06791455337141165,17.695552825927734,0.10614939306912471,0.20082164995597776,0.12026797980070114,0.12026797980070114
4.639999999999711,0.06791406417998325,17.69443130493164,0.10624154884446974,0.20098191999949483,0.12033070623874664,0.12033070623874664
4.641999999999711,0.06791360825864033,17.693363189697266,0.10631144413423281,0.20111728264802692,0.12037626653909683,0.12037626653909683
4.643999999999711,0.06791318297294711,17.692306518554688,0.10635998962391856,0.2012281898299031,0.12039675563573837,0.12039675563573837
4.64599999999971,0.06791278547191629,17.691253662109375,0.10638746951452425,0.20131517926331455,0.12039878964424133,0.12039878964424133
4.64799999999971,0.06791241323639541,17.690189361572266,0.10639461021978931,0.2013787304366575,0.12037798017263412,0.12037798017263412
4.64999999999971,0.06791206366623734,17.68918228149414,0.10638180574463404,0.20141936786951548,0.1203380823135376,0.1203380823135376
4.65199999999971,0.06791173436546587,17.688167572021484,0.10634968020178306,0.20143758503483208,0.12027739733457565,0.12027739733457565
4.6539999999997095,0.06791142292349771,17.687149047851562,0.10629867943567321,0.201433898494461,0.12019778788089752,0.12019778788089752
4.655999999999709,0.06791112706308611,17.686115264892578,0.10622936818183937,0.20140880762566743,0.12009872496128082,0.12009872496128082
4.657999999999709,0.06791101619089378,17.685123443603516,0.1061422139813773,0.20136282291640487,0.11998145282268524,0.11998145282268524
4.659999999999709,0.06791108699507933,17.6873779296875,0.10609760742954485,0.2012964445672704,0.1199326142668724,0.1199326142668724
4.661999999999709,0.06791133767941582,17.689022064208984,0.10609546183877099,0.2012651074257922,0.11993928998708725,0.11993928998708725
4.663999999999708,0.06791157724006451,17.690185546875,0.10613488404141198,0.20126864887882154,0.12000896781682968,0.12000896781682968
4.665999999999708,0.0679118054147273,17.688676834106445,0.10615206010660266,0.201306879405519,0.12004262208938599,0.12004262208938599
4.667999999999708,0.06791202103545423,17.68739891052246,0.10614703799070513,0.2013219261002406,0.12005747109651566,0.12005747109651566
4.669999999999708,0.06791222353399864,17.68598175048828,0.10612104938569325,0.2013143111683723,0.12004271149635315,0.12004271149635315
4.6719999999997075,0.0679124118506608,17.68471336364746,0.10607442523301583,0.20128466730213265,0.12000767886638641,0.12000767886638641
4.673999999999707,0.06791278322584204,17.683422088623047,0.10600810775208386,0.20123353348883977,0.11994707584381104,0.11994707584381104
4.675999999999707,0.06791333644265954,17.684749603271484,0.10598315808437743,0.2011615033164064,0.11995493620634079,0.11995493620634079
4.677999999999707,0.06791386012182866,17.685413360595703,0.1059997154540101,0.20112422778118028,0.12001502513885498,0.12001502513885498
4.679999999999707,0.06791435412521371,17.68401336669922,0.1059938367131578,0.20112162447004037,0.12004534155130386,0.12004534155130386
4.681999999999706,0.06791481805175699,17.682666778564453,0.10596615063287321,0.20109657653350588,0.1200510635972023,0.1200510635972023
4.683999999999706,0.06791525160512227,17.681320190429688,0.10591753441004903,0.20104966751734793,0.12003029882907867,0.12003029882907867
4.685999999999706,0.06791587201675309,17.680068969726562,0.10584863327010358,0.20098149928959316,0.1199861392378807,0.1199861392378807
4.687999999999706,0.06791645413672955,17.681001663208008,0.1058207771487224,0.20089264332596277,0.12000731378793716,0.12000731378793716
4.6899999999997055,0.06791722484964759,17.67954444885254,0.10577217712383835,0.20083851356980512,0.11999097466468811,0.11999097466468811
4.691999999999705,0.06791794998204366,17.680252075195312,0.10576391691624877,0.2007632766348493,0.1200486496090889,0.1200486496090889
4.693999999999705,0.06791863054877503,17.678722381591797,0.10573429404995772,0.20072265752862642,0.12006058543920517,0.12006058543920517
4.695999999999705,0.06791926578246987,17.67770004272461,0.10568284781142721,0.20066052480934404,0.12005959451198578,0.12005959451198578
4.697999999999705,0.06791985613865831,17.67635154724121,0.10561125704650254,0.2005773406359766,0.12002363055944443,0.12002363055944443
4.699999999999704,0.06792064022463541,17.675411224365234,0.10551959623903902,0.20047378413300734,0.11997111886739731,0.11997111886739731
4.701999999999704,0.06792161871285529,17.675994873046875,0.10546892507808674,0.20035035800082981,0.11997926980257034,0.11997926980257034
4.703999999999704,0.06792253782672358,17.676189422607422,0.10545889840540998,0.20026172818486562,0.12004294991493225,0.12004294991493225
4.705999999999704,0.0679232494801727,17.674827575683594,0.10542677655492977,0.2002077843482147,0.11988691985607147,0.11988691985607147
4.7079999999997035,0.0679237542476481,17.676712036132812,0.10541521685761293,0.20013255763268534,0.1197919175028801,0.1197919175028801
4.709999999999703,0.06792405289779047,17.6783447265625,0.10542478720921018,0.2000930831266318,0.11975675821304321,0.11975675821304321
4.711999999999703,0.0679241468494801,17.679931640625,0.10545626320940374,0.20008936939727012,0.11978016793727875,0.11978016793727875
4.713999999999703,0.06792403783793083,17.681488037109375,0.10551011303072985,0.20012147290489532,0.11986168473958969,0.11986168473958969
4.715999999999703,0.06792393420610594,17.683012008666992,0.10558689135388488,0.20018944388060947,0.12000031024217606,0.12000031024217606
4.717999999999702,0.06792383403002117,17.682247161865234,0.10564243114426052,0.20029337052747082,0.12011101841926575,0.12011101841926575
4.719999999999702,0.06792373614127917,17.68130874633789,0.10567769152945179,0.20037404604209624,0.12019343674182892,0.12019343674182892
4.721999999999702,0.06792363883755147,17.680496215820312,0.10569277056204514,0.20043197793989503,0.12024857848882675,0.12024857848882675
4.723999999999702,0.06792354081802303,17.679649353027344,0.10568839110312485,0.20046758256210043,0.1202768012881279,0.1202768012881279
4.7259999999997016,0.06792344050398151,17.67888641357422,0.10566482283179517,0.20048134853537994,0.12027882784605026,0.12027882784605026
4.727999999999701,0.06792333653225459,17.678117752075195,0.10562266394494191,0.2004737169230449,0.12024962157011032,0.12024962157011032
4.729999999999701,0.06792322739732984,17.677335739135742,0.105562272346707,0.2004451670439227,0.1201726570725441,0.1201726570725441
4.731999999999701,0.06792311171206553,17.67654037475586,0.10548417893025558,0.20039615309018996,0.12007654458284378,0.12007654458284378
4.733999999999701,0.06792319890873057,17.675790786743164,0.10538878584431628,0.20032714908320412,0.11996279656887054,0.11996279656887054
4.7359999999997004,0.06792348614441085,17.67807388305664,0.10533597568062072,0.20023861525659845,0.11991830170154572,0.11991830170154572
4.7379999999997,0.0679235661829379,17.679515838623047,0.10532558696391213,0.20018508071194385,0.11991359293460846,0.11991359293460846
4.7399999999997,0.06792344193899692,17.681060791015625,0.10533726327717678,0.20016639844340006,0.11992673575878143,0.11992673575878143
4.7419999999997,0.06792352057558632,17.682689666748047,0.10537087579070202,0.20018354024500487,0.11995966732501984,0.11995966732501984
4.7439999999997,0.06792359241016267,17.684795379638672,0.1054469778726872,0.20023650481243416,0.12005289644002914,0.12005289644002914
4.745999999999699,0.06792365717900412,17.68347930908203,0.10550138865710677,0.20032428144587816,0.12010860443115234,0.12010860443115234
4.747999999999699,0.06792371329374083,17.68244171142578,0.10553383964885676,0.20038864293672407,0.12015022337436676,0.12015022337436676
4.749999999999699,0.06792376009924495,17.681259155273438,0.10554555232381681,0.20043000716920695,0.12016177177429199,0.12016177177429199
4.751999999999699,0.06792379623514444,17.680286407470703,0.10553664901519884,0.20044895595922776,0.12015611678361893,0.12015611678361893
4.7539999999996985,0.06792382082861263,17.679256439208984,0.10550802891411042,0.20044594965233947,0.12012488394975662,0.12012488394975662
4.755999999999698,0.06792383263018884,17.678295135498047,0.10546000865749909,0.20042153368052895,0.12007518857717514,0.12007518857717514
4.757999999999698,0.06792383064465461,17.677288055419922,0.10539331049248485,0.20037618789961076,0.12000297009944916,0.12000297009944916
4.759999999999698,0.067924030777894,17.67638397216797,0.1053083444295516,0.2003104353825514,0.1199125126004219,0.1199125126004219
4.761999999999698,0.06792402371633445,17.678234100341797,0.10526550539860334,0.20022476284554452,0.11985807120800018,0.11985807120800018
4.763999999999697,0.06792381317076064,17.679752349853516,0.1052451140083086,0.20017395887625408,0.11983676254749298,0.11983676254749298
4.765999999999697,0.06792380704057203,17.681480407714844,0.1052465196550908,0.2001590505943493,0.11983932554721832,0.11983932554721832
4.767999999999697,0.06792400207245057,17.68369483947754,0.10529065599713079,0.2001799691084774,0.11989183723926544,0.11989183723926544
4.769999999999697,0.06792418402481387,17.685165405273438,0.10537723899039962,0.20023571201296964,0.12000245600938797,0.12000245600938797
4.7719999999996965,0.067924352417908,17.683834075927734,0.10544097502597298,0.20032619192774978,0.12008240818977356,0.12008240818977356
4.773999999999696,0.067924506266619,17.682640075683594,0.10548222298458958,0.20039290281794409,0.12012641876935959,0.12012641876935959
4.775999999999696,0.06792464490083781,17.681434631347656,0.1055018576871111,0.20043634755617346,0.12013722956180573,0.12013722956180573
4.777999999999696,0.06792476737230087,17.680322647094727,0.10550035050278599,0.2004570855207553,0.12012263387441635,0.12012263387441635
4.779999999999696,0.06792487288922588,17.679237365722656,0.10547843628961526,0.200455629654461,0.12008272856473923,0.12008272856473923
4.781999999999695,0.06792496050406907,17.67818832397461,0.1054366321757211,0.20043252069985718,0.1200181245803833,0.1200181245803833
4.783999999999695,0.06792484198745027,17.677127838134766,0.10537558832899524,0.20038827277863347,0.1199292242527008,0.1199292242527008
4.785999999999695,0.06792452064233608,17.678844451904297,0.10533684268099133,0.20032341247617394,0.11989874392747879,0.11989874392747879
4.787999999999695,0.06792399954251241,17.6805362701416,0.1053205053022205,0.20029448212125514,0.11992649734020233,0.11992649734020233
4.7899999999996945,0.06792368805823702,17.682361602783203,0.1053273439152168,0.20030149335203576,0.11992815881967545,0.11992815881967545
4.791999999999694,0.06792358076898942,17.685203552246094,0.10537714828807328,0.20034455853769498,0.11996933072805405,0.11996933072805405
4.793999999999694,0.06792347887947911,17.687240600585938,0.1054703882521843,0.20042255618245805,0.12006161361932755,0.12006161361932755
4.795999999999694,0.06792338077316995,17.68610382080078,0.10554101202084079,0.2005354641921816,0.12013130635023117,0.12013130635023117
4.797999999999694,0.06792328501753978,17.684926986694336,0.10558973151341089,0.2006243603313134,0.12017633765935898,0.12017633765935898
4.799999999999693,0.06792319006857156,17.683813095092773,0.10561705638101848,0.2006897697372479,0.12019921839237213,0.12019921839237213
4.801999999999693,0.06792309448271854,17.682727813720703,0.10562362289093762,0.20073219593435465,0.12019914388656616,0.12019914388656616
4.803999999999693,0.06792299676125457,17.681699752807617,0.10560995684234722,0.20075215715225897,0.12017770111560822,0.12017770111560822
4.805999999999693,0.06792289546212431,17.68071746826172,0.10557664637535039,0.20075015911687355,0.12013474106788635,0.12013474106788635
4.8079999999996925,0.06792278911816675,17.679710388183594,0.10552421736124258,0.20072671403452702,0.12007155269384384,0.12007155269384384
4.809999999999692,0.0679228846574883,17.678722381591797,0.1054532247428562,0.2006823260928737,0.11998806893825531,0.11998806893825531
4.811999999999692,0.06792317945611084,17.680694580078125,0.1054244653132294,0.20061750132125694,0.11997329443693161,0.11997329443693161
4.813999999999692,0.06792345088480459,17.68187713623047,0.10543783787970228,0.20058752081324466,0.12001366168260574,0.12001366168260574
4.815999999999692,0.06792369855360096,17.680618286132812,0.10542973355104149,0.2005922693973656,0.12002584338188171,0.12002584338188171
4.817999999999691,0.06792392171133056,17.679458618164062,0.10540063839161545,0.20057488792020703,0.12001597881317139,0.12001597881317139
4.819999999999691,0.06792434561262366,17.678253173828125,0.10535137467234795,0.20053591108949875,0.11998087912797928,0.11998087912797928
4.821999999999691,0.06792473603222936,17.679576873779297,0.10534347841013801,0.20047590741995794,0.12001412361860275,0.12001412361860275
4.823999999999691,0.06792491821999266,17.678146362304688,0.10531476409673647,0.20045057396854077,0.11995501071214676,0.11995501071214676
4.8259999999996905,0.06792489414663812,17.679908752441406,0.10530716318501733,0.20040373956614133,0.11992520093917847,0.11992520093917847
4.82799999999969,0.06792466647457054,17.681522369384766,0.10532146734112642,0.20039263940215568,0.11995388567447662,0.11995388567447662
4.82999999999969,0.06792444707914409,17.683130264282227,0.10535811467410054,0.20041735665079508,0.12003470212221146,0.12003470212221146
4.83199999999969,0.06792423378836122,17.68227767944336,0.10537423935584912,0.200477961759811,0.12003612518310547,0.12003612518310547
4.83399999999969,0.06792402507352267,17.68134307861328,0.10537072221225542,0.20051608235331225,0.12001264095306396,0.12001264095306396
4.835999999999689,0.0679240221942584,17.680526733398438,0.10534777445909853,0.2005322379108648,0.11997240781784058,0.11997240781784058
4.837999999999689,0.06792422199028564,17.682695388793945,0.10536756513234181,0.20052687330903068,0.11999939382076263,0.11999939382076263
4.839999999999689,0.0679244068340804,17.684158325195312,0.1054298167721611,0.20055635345018713,0.1200842633843422,0.1200842633843422
4.841999999999689,0.06792457622243099,17.68283462524414,0.10546974397390302,0.20062057236455896,0.12013920396566391,0.12013920396566391
4.8439999999996886,0.0679247291633372,17.681671142578125,0.10548772760342474,0.2006615309676218,0.12017253041267395,0.12017253041267395
4.845999999999688,0.06792486496960438,17.680471420288086,0.1054846217620168,0.20067973699738292,0.12017963081598282,0.12017963081598282
4.847999999999688,0.06792498268534913,17.67940330505371,0.10546090730118991,0.20067575131718135,0.12016519904136658,0.12016519904136658
4.849999999999688,0.06792508150667168,17.67827606201172,0.10541730679391177,0.20065008940080195,0.1201271265745163,0.1201271265745163
4.851999999999688,0.06792516047978076,17.67721176147461,0.10535434040648861,0.20060329245853886,0.12004894018173218,0.12004894018173218
4.8539999999996875,0.0679250341490915,17.676189422607422,0.1052726502131401,0.2005358753722653,0.11993283778429031,0.11993283778429031
4.855999999999687,0.06792470586119136,17.677959442138672,0.10521322104474656,0.2004483641541522,0.11987515538930893,0.11987515538930893
4.857999999999687,0.06792458660322008,17.679771423339844,0.10517618085647136,0.20039684723392376,0.1198400929570198,0.1198400929570198
4.859999999999687,0.06792467234985976,17.682239532470703,0.10518192428771943,0.20038132540184053,0.11984632164239883,0.11984632164239883
4.861999999999687,0.06792496109847648,17.68393325805664,0.10523052280925388,0.20040065124015377,0.11990702897310257,0.11990702897310257
4.863999999999686,0.06792523086192262,17.685274124145508,0.10532094932531506,0.2004547417636716,0.12003369629383087,0.12003369629383087
4.865999999999686,0.06792548171708106,17.683813095092773,0.10538820471826227,0.2005434381266117,0.12009012699127197,0.12009012699127197
4.867999999999686,0.06792571257278905,17.682594299316406,0.10543231540009326,0.20060822657936334,0.12011826038360596,0.12011826038360596
4.869999999999686,0.06792592312127091,17.68128204345703,0.10545447015178712,0.2006495793462563,0.12012071907520294,0.12012071907520294
4.8719999999996855,0.06792611242285213,17.680152893066406,0.10545498134279006,0.20066810367833854,0.12009785324335098,0.12009785324335098
4.873999999999685,0.06792627993917712,17.678993225097656,0.10543476042732562,0.20066430130202298,0.12004997581243515,0.12004997581243515
4.875999999999685,0.06792624011372042,17.677906036376953,0.10539425268925438,0.2006387427803857,0.11997776478528976,0.11997776478528976
4.877999999999685,0.0679259961325157,17.67951011657715,0.10537590292540579,0.20059194043938794,0.11996383965015411,0.11996383965015411
4.879999999999685,0.0679257579753873,17.68118667602539,0.10537974071285942,0.2005810334150063,0.12000776082277298,0.12000776082277298
4.881999999999684,0.06792552366542494,17.68036651611328,0.10536402031189748,0.20060602700431102,0.12002505362033844,0.12002505362033844
4.883999999999684,0.06792529150826346,17.679536819458008,0.1053293733398604,0.20060931277204672,0.12001625448465347,0.12001625448465347
4.885999999999684,0.06792485827820666,17.67874526977539,0.10527616939235325,0.20059138186291803,0.11998182535171509,0.11998182535171509
4.887999999999684,0.06792463625432606,17.68048858642578,0.10524601430798089,0.20055269554005214,0.11992679536342621,0.11992679536342621
4.8899999999996835,0.0679246203996266,17.683168411254883,0.10525853706156976,0.20055010917407243,0.11993711441755295,0.11993711441755295
4.891999999999683,0.06792480867520431,17.68499755859375,0.10531435987294795,0.20058237950537186,0.11999529600143433,0.11999529600143433
4.893999999999683,0.06792498423235432,17.686527252197266,0.10541204139109145,0.20064948586570824,0.12012491375207901,0.12012491375207901
4.895999999999683,0.06792514712885295,17.685087203979492,0.10548661447491242,0.20075121777620958,0.12021327018737793,0.12021327018737793
4.897999999999683,0.06792529590265431,17.68386459350586,0.10553788839660837,0.20082880674345427,0.12028615176677704,0.12028615176677704
4.899999999999682,0.06792543014882309,17.682519912719727,0.10556718546298009,0.2008826946878219,0.12032619118690491,0.12032619118690491
4.901999999999682,0.06792554864900277,17.681381225585938,0.10557470129781174,0.20091350368078156,0.12034742534160614,0.12034742534160614
4.903999999999682,0.06792565073368695,17.68018341064453,0.10556141384747249,0.20092171883292395,0.12034080922603607,0.12034080922603607
4.905999999999682,0.06792573529506762,17.679119110107422,0.1055277045211585,0.20090791816121045,0.12029688060283661,0.12029688060283661
4.9079999999996815,0.06792580150802235,17.677963256835938,0.10547435935566368,0.2008726051168448,0.12021913379430771,0.12021913379430771
4.909999999999681,0.06792584830964049,17.676918029785156,0.10540184412199008,0.20081632982825287,0.12011732906103134,0.12011732906103134
4.911999999999681,0.0679256898774152,17.675899505615234,0.10531083300122973,0.20073960065347948,0.119991734623909,0.119991734623909
4.913999999999681,0.06792532964518272,17.677696228027344,0.10524209286749568,0.2006429480815921,0.11992444843053818,0.11992444843053818
4.915999999999681,0.06792477084162962,17.67959213256836,0.10519578643250738,0.20058233357794583,0.11991529911756516,0.11991529911756516
4.91799999999968,0.06792442546708635,17.681432723999023,0.10517265172392429,0.20055775853086602,0.1198573112487793,0.1198573112487793
4.91999999999968,0.06792428811524678,17.68429946899414,0.10519259536568953,0.2005693202530774,0.11986488103866577,0.11986488103866577
4.92199999999968,0.0679243560569551,17.686412811279297,0.10525600512022658,0.20061577308467862,0.1199236661195755,0.1199236661195755
4.92399999999968,0.06792441867564858,17.688091278076172,0.10536158571917723,0.20069706793026465,0.12005279213190079,0.12005279213190079
4.9259999999996795,0.06792447566425383,17.68670082092285,0.10544404304751992,0.2008130089530342,0.1201423704624176,0.1201423704624176
4.927999999999679,0.06792452534435597,17.685489654541016,0.10550325055757075,0.20090460400866675,0.12021612375974655,0.12021612375974655
4.929999999999679,0.06792456701351893,17.68417739868164,0.10554044895577673,0.20097229549884132,0.12025807052850723,0.12025807052850723
4.931999999999679,0.06792459924054578,17.68303680419922,0.10555586107223018,0.20101669057560756,0.12028098851442337,0.12028098851442337
4.933999999999679,0.06792462110451636,17.68183135986328,0.10555041689011022,0.20103827246651068,0.12027693539857864,0.12027693539857864
4.935999999999678,0.06792463129584794,17.6807861328125,0.10552450736869178,0.20103760951765023,0.12025302648544312,0.12025302648544312
4.937999999999678,0.06792462877108375,17.67966079711914,0.10547888914605519,0.2010152027550263,0.12020513415336609,0.12020513415336609
4.939999999999678,0.06792461227915489,17.67859649658203,0.10541402946077501,0.2009715960751256,0.12013745307922363,0.12013745307922363
4.941999999999678,0.06792458070805409,17.677555084228516,0.10533058373696354,0.20090729572959037,0.12004835158586502,0.12004835158586502
4.9439999999996775,0.06792475528753064,17.676631927490234,0.10522904910363984,0.20082282835539383,0.11993994563817978,0.11993994563817978
4.945999999999677,0.0679251339273587,17.678424835205078,0.10516962223024467,0.20071869841932688,0.11989963054656982,0.11989963054656982
4.947999999999677,0.06792530481324385,17.679637908935547,0.1051521344104151,0.20064937539067215,0.11991273611783981,0.11991273611783981
4.949999999999677,0.06792527072093237,17.681194305419922,0.1051561444476948,0.20061472612836562,0.11989729106426239,0.11989729106426239
4.951999999999677,0.06792503376471556,17.682918548583984,0.10518166087796971,0.2006158769229961,0.11994076520204544,0.11994076520204544
4.953999999999676,0.06792500683490425,17.68448257446289,0.10522970460653712,0.20065282525134512,0.11997237056493759,0.11997237056493759
4.955999999999676,0.06792497861299217,17.686710357666016,0.10532015181430658,0.2007257186752176,0.12007888406515121,0.12007888406515121
4.957999999999676,0.06792494897612267,17.685409545898438,0.10538869971668051,0.2008333178023933,0.1201406717300415,0.1201406717300415
4.959999999999676,0.06792491572851124,17.684349060058594,0.10543475654848823,0.20091708148788592,0.12019339948892593,0.12019339948892593
4.961999999999676,0.06792487818111219,17.683101654052734,0.10545977806536529,0.2009773742077924,0.12021229416131973,0.12021229416131973
4.963999999999675,0.06792483455163924,17.68209457397461,0.10546371965271989,0.20101481338485,0.12021640688180923,0.12021640688180923
4.965999999999675,0.0679247838523219,17.680980682373047,0.10544760426565786,0.20102983156016088,0.12019279599189758,0.12019279599189758
4.967999999999675,0.06792472451911596,17.680049896240234,0.10541166269030142,0.20102299353476505,0.12015192955732346,0.12015192955732346
4.969999999999675,0.06792465540807643,17.678977966308594,0.10535668396538697,0.20099476533498167,0.12008734792470932,0.12008734792470932
4.9719999999996745,0.06792457507268886,17.67801284790039,0.10528303468015583,0.20094568128312,0.1200048178434372,0.1200048178434372
4.973999999999674,0.06792470235183776,17.67706298828125,0.10519137353792336,0.20087622204498942,0.11990111321210861,0.11990111321210861
4.975999999999674,0.0679250347971431,17.679012298583984,0.1051419864416715,0.200786902572672,0.11986727267503738,0.11986727267503738
4.977999999999674,0.0679255716720679,17.680252075195312,0.10513478747824018,0.20073237151288087,0.11988812685012817,0.11988812685012817
4.979999999999674,0.06792589948075896,17.681148529052734,0.10516891262878306,0.2007125083441055,0.1199645847082138,0.1199645847082138
4.981999999999673,0.0679262038479157,17.682605743408203,0.10522445658027946,0.20072714532926667,0.12000004947185516,0.12000004947185516
4.983999999999673,0.06792648309251614,17.681549072265625,0.10525679120228147,0.20077753010528854,0.12000978738069534,0.12000978738069534
4.985999999999673,0.06792655579165684,17.680160522460938,0.10526773132915233,0.2008047750992701,0.11999422311782837,0.11999422311782837
4.987999999999673,0.06792661716420018,17.68184471130371,0.10530024088840317,0.2008095665312822,0.12003732472658157,0.12003732472658157
4.9899999999996725,0.06792666589263653,17.680809020996094,0.1053115082102516,0.2008501601698407,0.12005393207073212,0.12005393207073212
4.991999999999672,0.06792670112484704,17.67970848083496,0.10530237750818087,0.20086827955102401,0.12004469335079193,0.12004469335079193
4.993999999999672,0.06792672164477216,17.678741455078125,0.10527322435692398,0.2008644661357842,0.12000994384288788,0.12000994384288788
4.995999999999672,0.06792653802568807,17.677711486816406,0.10522474613037967,0.2008392013948372,0.11995036900043488,0.11995036900043488
4.997999999999672,0.06792615356731951,17.679325103759766,0.10519876680969364,0.20079300683904835,0.11994854360818863,0.11994854360818863
4.999999999999671,0.06792578238289401,17.681137084960938,0.10519545768021689,0.2007828278245076,0.12000419944524765,0.12000419944524765
