time,dist,gamma,real_dist,tar_dist,pred_dist,pred_distv
0.002,0.06802353888085752,18.174203872680664,0.24007869507236734,0.7974475440378651,0.20405595004558563,0.24286192655563354
0.004,0.06802377151417,18.17169761657715,0.24007036519775388,0.7974475440378651,0.2039991021156311,0.24276283383369446
0.006,0.06802411996986328,18.168060302734375,0.24005365445009746,0.7973877520329082,0.20388683676719666,0.2425365149974823
0.008,0.06802458238619265,18.165464401245117,0.24002849029028228,0.7972686948669092,0.20371919870376587,0.24218621850013733
0.01,0.0680251559343679,18.162307739257812,0.23999485133064147,0.797090809100509,0.20349788665771484,0.24171662330627441
0.012,0.06802583661495021,18.159465789794922,0.23995271001490515,0.796854523673819,0.20322352647781372,0.2411295473575592
0.014,0.068026619420729,18.156238555908203,0.2399020757298984,0.7965602022967591,0.20289693772792816,0.240428626537323
0.016,0.06802749822354136,18.153474807739258,0.23984296053145993,0.7962081936360503,0.20251896977424622,0.23961539566516876
0.018000000000000002,0.06802846587324163,18.15033721923828,0.23977540469260028,0.7957987977545684,0.20209071040153503,0.2386922985315323
0.020000000000000004,0.0680295141378159,18.147371292114258,0.23969945617415866,0.7953322968191378,0.2016124278306961,0.23766066133975983
0.022000000000000006,0.06803063376470216,18.144107818603516,0.23961518574656154,0.7948089357186955,0.20108528435230255,0.23652254045009613
0.024000000000000007,0.06803181445174387,18.141124725341797,0.2395226746700807,0.7942289410316276,0.20051051676273346,0.23527905344963074
0.02600000000000001,0.06803304488631097,18.13809585571289,0.23942202363124088,0.7935925099871668,0.1998884379863739,0.23393197357654572
0.02800000000000001,0.06803431273362222,18.13496971130371,0.2393133453352574,0.7928998223190045,0.19921988248825073,0.2324826717376709
0.030000000000000013,0.06803560466263947,18.13178253173828,0.23919676977775622,0.7921510341176761,0.1985062211751938,0.23093295097351074
0.032000000000000015,0.06803690634374565,18.128549575805664,0.23907243978291792,0.791346285347736,0.19774791598320007,0.22928369045257568
0.034000000000000016,0.06803820246654922,18.125347137451172,0.23894051410848655,0.7904856965499343,0.19694635272026062,0.22753706574440002
0.03600000000000002,0.06803947674218183,18.122432708740234,0.2388011647554512,0.7895693736960969,0.1961022913455963,0.22569483518600464
0.03800000000000002,0.0680407119159258,18.119556427001953,0.23865457879606006,0.7885974065364237,0.19521647691726685,0.2237585484981537
0.04000000000000002,0.06804188977135771,18.11669921875,0.23850095675288718,0.7875698718059628,0.19429075717926025,0.2217305600643158
0.04200000000000002,0.0680429911394094,18.113666534423828,0.23834051367766923,0.7864868325085405,0.1933257281780243,0.2196129411458969
0.044000000000000025,0.0680439959027606,18.110614776611328,0.23817347817898055,0.7853483400922,0.1923227608203888,0.21740825474262238
0.04600000000000003,0.06804488300221664,18.106977462768555,0.23800009306433245,0.784154434255389,0.1912834197282791,0.2151191681623459
0.04800000000000003,0.06804563044043517,18.10312271118164,0.23782061476351368,0.7829051444697751,0.1902085542678833,0.21274863183498383
0.05000000000000003,0.06804621528609361,18.099102020263672,0.23763531371818886,0.7816004900684091,0.18910014629364014,0.21029968559741974
0.05200000000000003,0.06804661367644252,18.093734741210938,0.23744447404809849,0.7802404813497242,0.18795986473560333,0.20777644217014313
0.054000000000000034,0.06804680081951742,18.088233947753906,0.23724839379606366,0.778825119810111,0.18678906559944153,0.20518185198307037
0.056000000000000036,0.06804675099523763,18.08249282836914,0.23704738474400616,0.7773543989750203,0.18558983504772186,0.2025209665298462
0.05800000000000004,0.06804643755579848,18.076560974121094,0.2368417725757883,0.7758283046987337,0.18436385691165924,0.1997978538274765
0.06000000000000004,0.06804583292517492,18.070598602294922,0.23663189678566687,0.7742468158147379,0.18311385810375214,0.19701708853244781
0.06200000000000004,0.06804490859776233,18.064796447753906,0.23641811079428454,0.7726099044606635,0.18184158205986023,0.19418370723724365
0.06400000000000004,0.068043635136224,18.058826446533203,0.2362007819134066,0.7709175366070413,0.18054993450641632,0.19130316376686096
0.06600000000000004,0.0680419821684171,18.052684783935547,0.23598029143417798,0.7691696723856732,0.17924174666404724,0.18838103115558624
0.06800000000000005,0.06803991838356095,18.04623031616211,0.2357570346246069,0.7673662665353509,0.17791947722434998,0.1854221224784851
0.07000000000000005,0.06803741152747601,18.03938102722168,0.23553142079947187,0.765507268723468,0.17658650875091553,0.18243250250816345
0.07200000000000005,0.06803442839706746,18.03226661682129,0.23530387333446906,0.763592623934393,0.17524607479572296,0.1794176548719406
0.07400000000000005,0.06803093483389779,18.02484893798828,0.23507482972126542,0.761622272780541,0.17390210926532745,0.17638257145881653
0.07600000000000005,0.06802689571699541,18.0174560546875,0.23484387183474725,0.7595961518508971,0.17255835235118866,0.17333263158798218
0.07800000000000006,0.0680222749547737,18.010311126708984,0.23460599829895024,0.7575141940111921,0.1712189018726349,0.17027288675308228
0.08000000000000006,0.06801703547618074,18.00325584411621,0.2343602365961865,0.7553763287247985,0.16988851130008698,0.1672077775001526
0.08200000000000006,0.0680111392209787,17.996089935302734,0.23410646569761634,0.7531824823433593,0.1685715615749359,0.16414189338684082
0.08400000000000006,0.06800454712924614,17.989131927490234,0.23384456122583602,0.7509325784088114,0.16727301478385925,0.16108006238937378
0.08600000000000006,0.06799721913003584,17.981666564941406,0.23357385567026356,0.7486265379365832,0.16599851846694946,0.15802590548992157
0.08800000000000006,0.06798940020913002,17.973894119262695,0.23328910689571997,0.7462642797051632,0.1647535264492035,0.15498439967632294
0.09000000000000007,0.06798175419862826,17.965816497802734,0.23267679757432452,0.7438457205342246,0.16354377567768097,0.15196029841899872
0.09200000000000007,0.06797433282023957,17.957469940185547,0.23167673385668047,0.7413707755665804,0.1623755693435669,0.14895863831043243
0.09400000000000007,0.06796716104498714,17.948484420776367,0.2306719565145689,0.7388393585435403,0.16125507652759552,0.14598464965820312
0.09600000000000007,0.06796026440404233,17.93896484375,0.2296655726027304,0.7362513820829937,0.16018898785114288,0.14304418861865997
0.09800000000000007,0.06795366899867164,17.929039001464844,0.22866733079718138,0.733606757954155,0.1591840535402298,0.1401425153017044
0.10000000000000007,0.06794740151034524,17.918437957763672,0.22768026506350397,0.7309053973547144,0.15824711322784424,0.13728441298007965
0.10200000000000008,0.06794148921096137,17.907007217407227,0.22670664812096253,0.728147211186927,0.15738552808761597,0.13447362184524536
0.10400000000000008,0.06793595997315352,17.895414352416992,0.22574882108711924,0.7253321103362105,0.15660642087459564,0.13171227276325226
0.10600000000000008,0.0679308422806443,17.883136749267578,0.22480919268886984,0.7224600059503149,0.1559171974658966,0.12900280952453613
0.10800000000000008,0.06792616523860608,17.870086669921875,0.22389023810628683,0.7195308097213307,0.15532565116882324,0.12634974718093872
0.11000000000000008,0.06792195858399601,17.8565673828125,0.22299449740272909,0.7165444341694922,0.15483883023262024,0.1237645298242569
0.11200000000000009,0.06791825269582036,17.842355728149414,0.2221245735119574,0.7135007929302497,0.15446513891220093,0.12127169221639633
0.11400000000000009,0.06791518667423331,17.827526092529297,0.22128312974363096,0.7103998010441014,0.15421171486377716,0.11891549825668335
0.11600000000000009,0.06791263925904974,17.840030670166016,0.22052575542582764,0.7072413752501621,0.15416094660758972,0.12048192322254181
0.11800000000000009,0.06791070423930193,17.828439712524414,0.21979275570128842,0.7040924393133816,0.15423186123371124,0.11858266592025757
0.12000000000000009,0.06790929507087959,17.83957290649414,0.21910885453087203,0.7008851632686545,0.1545223742723465,0.12054155021905899
0.1220000000000001,0.06790845982886855,17.82931137084961,0.21843056745985912,0.6976486946030437,0.1549404263496399,0.11745994538068771
0.1240000000000001,0.0679081607315868,17.84636116027832,0.21780367780718257,0.6943530105506873,0.1555139273405075,0.11807654798030853
0.12600000000000008,0.06790836012648091,17.867534637451172,0.21722816862048422,0.6911143044079673,0.15574537217617035,0.11877084523439407
0.12800000000000009,0.0679090206254113,17.885122299194336,0.21670572767393081,0.6879318740828483,0.15605726838111877,0.11951539665460587
0.1300000000000001,0.06791016970464023,17.90381622314453,0.21624943400352298,0.6848052301899117,0.1565769463777542,0.12084105610847473
0.1320000000000001,0.06791183349215528,17.888460159301758,0.21580723002879448,0.6816872351726387,0.1572243571281433,0.12164977192878723
0.1340000000000001,0.06791403908416269,17.876537322998047,0.21537923354662486,0.6785075686099666,0.15797026455402374,0.12461075931787491
0.1360000000000001,0.06791681474890152,17.860919952392578,0.21496809615097257,0.675266540609386,0.15880821645259857,0.12823382019996643
0.1380000000000001,0.06792018965112555,17.846702575683594,0.21457463843929891,0.6719645603493934,0.15972420573234558,0.13230960071086884
0.1400000000000001,0.06792419404814608,17.82910919189453,0.2142013421947102,0.6686018939534909,0.16071738302707672,0.13657623529434204
0.1420000000000001,0.06792885905739525,17.81180191040039,0.21384956592372117,0.6651788585403908,0.1617787778377533,0.14075776934623718
0.1440000000000001,0.06793421681722805,17.793033599853516,0.21351516681591476,0.6616956800139345,0.16290336847305298,0.14430466294288635
0.1460000000000001,0.06794030030654595,17.774532318115234,0.2131725119652656,0.6581526089166144,0.16407744586467743,0.14793790876865387
0.1480000000000001,0.06794714346631262,17.75405502319336,0.21283294631121774,0.6545498371236125,0.16528970003128052,0.15171580016613007
0.1500000000000001,0.06795478106624707,17.733386993408203,0.21251348681772886,0.6508875672823068,0.1665269136428833,0.15564633905887604
0.1520000000000001,0.06796324879197607,17.710533142089844,0.2122162718265792,0.6471659642275248,0.16778193414211273,0.15971794724464417
0.1540000000000001,0.06797258314947723,17.68621253967285,0.21194331371665892,0.6433851968195261,0.16905422508716583,0.16390755772590637
0.1560000000000001,0.06798282152514849,17.66046905517578,0.21169686439443758,0.6395454098100141,0.17035430669784546,0.1681976616382599
0.1580000000000001,0.06799400211853038,17.63123321533203,0.2114791584125439,0.6356467492331125,0.17170116305351257,0.1725749969482422
0.16000000000000011,0.06800616398217293,17.599613189697266,0.2112925904965114,0.631689346299286,0.1731196939945221,0.17703591287136078
0.16200000000000012,0.06801934697455758,17.565692901611328,0.21113958415192774,0.6276733329640539,0.17462630569934845,0.18158243596553802
0.16400000000000012,0.06803359178533344,17.528675079345703,0.21102267440279493,0.623598832880205,0.17620889842510223,0.18584102392196655
0.16600000000000012,0.06804893990208633,17.48912811279297,0.21094444466847023,0.6194659710854759,0.17664802074432373,0.18125948309898376
0.16800000000000012,0.06806467167615636,17.450302124023438,0.21090755809595724,0.6152748690839207,0.1760481297969818,0.1767190843820572
0.17000000000000012,0.06807981941621674,17.40970230102539,0.21091472953953838,0.6110256510018978,0.17556817829608917,0.17220279574394226
0.17200000000000013,0.06809458725731178,17.36673355102539,0.2109879322157246,0.6067184410753181,0.1752166748046875,0.1685802936553955
0.17400000000000013,0.06810896351707048,17.321697235107422,0.2111548393359205,0.602353367677841,0.17500019073486328,0.16571730375289917
0.17600000000000013,0.06812293699638557,17.274343490600586,0.21141845354744865,0.5979305622031772,0.17492562532424927,0.16289420425891876
0.17800000000000013,0.06813649629360004,17.229196548461914,0.21178152451026394,0.5934501618072182,0.17499759793281555,0.16016745567321777
0.18000000000000013,0.06814962669108936,17.190269470214844,0.21224633435823587,0.5889123090952437,0.17522042989730835,0.15749973058700562
0.18200000000000013,0.06816231008621336,17.152328491210938,0.21280335348493457,0.5843192215083166,0.17559677362442017,0.1547653079032898
0.18400000000000014,0.06817452540465611,17.113792419433594,0.2134084394829946,0.5796736259752969,0.1761273294687271,0.15186123549938202
0.18600000000000014,0.0681862489141447,17.074920654296875,0.21405738467015756,0.5749794929774367,0.17681215703487396,0.1487628072500229
0.18800000000000014,0.0681974151655717,17.035696029663086,0.2147699834821763,0.5702404824644225,0.17765073478221893,0.14546945691108704
0.19000000000000014,0.06820724549874442,16.99689483642578,0.2155852188828763,0.5654599323779713,0.17864227294921875,0.13824747502803802
0.19200000000000014,0.068215392566982,16.954774856567383,0.2165033325722207,0.560640893229712,0.1797865480184555,0.13091318309307098
0.19400000000000014,0.06822178492166052,16.910615921020508,0.2175231395847051,0.5557861564819886,0.1810828298330307,0.12380608916282654
0.19600000000000015,0.06822632515208772,16.866249084472656,0.21779101643328436,0.5508982822421873,0.18253064155578613,0.11683162301778793
0.19800000000000015,0.06822908046528801,16.898128509521484,0.2155201877555053,0.5459796225924113,0.1841059774160385,0.11699018627405167
0.20000000000000015,0.0682301166942636,16.933204650878906,0.2132559350967062,0.5411200025590024,0.18580161035060883,0.11714424192905426
0.20200000000000015,0.0682294980978912,16.96851348876953,0.21099932414717792,0.5363195643875771,0.18760859966278076,0.11728983372449875
0.20400000000000015,0.06822728774201364,17.003742218017578,0.20875130864761748,0.5315785829165697,0.18951836228370667,0.11743102967739105
0.20600000000000016,0.06822354728901375,17.036880493164062,0.206512472621096,0.5268971901137834,0.19152040779590607,0.11756577342748642
0.20800000000000016,0.06821833732289599,17.072853088378906,0.20428271563730466,0.5222755891409014,0.19360458850860596,0.11769668757915497
0.21000000000000016,0.06821171718153453,17.109622955322266,0.2020640628127804,0.5177138925553235,0.19575874507427216,0.1178225576877594
0.21200000000000016,0.06820374520666939,17.148258209228516,0.19985747477229382,0.5132122486785192,0.19797205924987793,0.11794492602348328
0.21400000000000016,0.06819447862643561,17.186676025390625,0.19766381784551995,0.5087707467727376,0.20023256540298462,0.11806370317935944
0.21600000000000016,0.06818397373753302,17.227821350097656,0.19548391125521825,0.5043894916714878,0.20252986252307892,0.11817935109138489
0.21800000000000017,0.0681722858298795,17.271221160888672,0.1933185635110854,0.5000685483683465,0.2048533856868744,0.11829205602407455
0.22000000000000017,0.06815946931539528,17.314414978027344,0.1911685447946765,0.49580798614296256,0.2068212777376175,0.11840242147445679
0.22200000000000017,0.0681455776833123,17.35501480102539,0.1890346098305773,0.4916078463082831,0.20445935428142548,0.11851029098033905
0.22400000000000017,0.06813066358967676,17.395278930664062,0.18691746214681304,0.48746816836022605,0.2021588236093521,0.11861603707075119
0.22600000000000017,0.06811477883310964,17.43447494506836,0.18481698186813716,0.4833889713098306,0.1999197006225586,0.11872007697820663
0.22800000000000017,0.06809797441643733,17.47091293334961,0.182733457445742,0.47937026924258913,0.19774073362350464,0.11882230639457703
0.23000000000000018,0.06808030053516598,17.506736755371094,0.18066761704865753,0.47541206060389496,0.19562019407749176,0.11892285943031311
0.23200000000000018,0.06806180661970146,17.541580200195312,0.17862016170973133,0.4715143375192386,0.1935558319091797,0.11902249604463577
0.23400000000000018,0.06804321981358011,17.57518768310547,0.17659177049853936,0.46767707972478395,0.19154459238052368,0.11912055313587189
0.23600000000000018,0.06802538933546373,17.607189178466797,0.17458309763121269,0.4639002602101524,0.18958412110805511,0.11921757459640503
0.23800000000000018,0.06800829231178591,17.639015197753906,0.17259477558949177,0.46018384185381983,0.18767154216766357,0.1193138062953949
0.24000000000000019,0.06799190378491861,17.668764114379883,0.17062741373752618,0.45652778089593377,0.18580368161201477,0.11940916627645493
0.2420000000000002,0.0679761992944846,17.695985794067383,0.16868160029023602,0.45293202514251246,0.18397852778434753,0.1195036768913269
0.2440000000000002,0.06796115487523138,17.72240447998047,0.16675790176470007,0.4493965161550859,0.18219313025474548,0.11959761381149292
0.2460000000000002,0.06794674704821455,17.74771499633789,0.16485686430086427,0.4459211883599211,0.18044598400592804,0.11969097703695297
0.2480000000000002,0.06793295281815853,17.771896362304688,0.16297901357279973,0.44250597047617063,0.17873458564281464,0.11978409439325333
0.25000000000000017,0.06791974966768614,17.795251846313477,0.16112485574564483,0.43915078514320377,0.17705754935741425,0.11987671256065369
0.25200000000000017,0.06790711555486664,17.817764282226562,0.15929530619553064,0.4358555498942892,0.17541341483592987,0.11996902525424957
0.25400000000000017,0.06789451709475439,17.83930778503418,0.15749121903800747,0.4326201770771383,0.17380063235759735,0.12006112933158875
0.25600000000000017,0.06788248285603753,17.812397003173828,0.1556568683288021,0.4294445745539737,0.1721683293581009,0.11483066529035568
0.2580000000000002,0.06787099033682722,17.831512451171875,0.1538485221505946,0.4262167654761943,0.1705666333436966,0.11492428183555603
0.2600000000000002,0.06786001823187378,17.854938507080078,0.15206641645048688,0.4230490762411737,0.16920079290866852,0.11502135545015335
0.2620000000000002,0.06784954525543442,17.873981475830078,0.15031103024090617,0.4199411971982018,0.16825252771377563,0.11511487513780594
0.2640000000000002,0.06783955092385492,17.894704818725586,0.14858262799347413,0.416893149705171,0.1673002690076828,0.11521029472351074
0.2660000000000002,0.0678300150326202,17.912994384765625,0.14688161490404741,0.41390469981714095,0.16635757684707642,0.1153038814663887
0.2680000000000002,0.0678209179902963,17.93189239501953,0.1452082629849153,0.4109758050526108,0.16543087363243103,0.11539854109287262
0.2700000000000002,0.06781224060341938,17.9495849609375,0.14356292343501756,0.4081062744431139,0.16452287137508392,0.1154920682311058
0.2720000000000002,0.06780396420395554,17.967618942260742,0.14194586355600095,0.40529602758300276,0.16363374888896942,0.1155865266919136
0.2740000000000002,0.06779607057301484,17.984102249145508,0.14035739315613258,0.40254489773455515,0.16276127099990845,0.11568041890859604
0.2760000000000002,0.06778854197835901,18.000843048095703,0.13879776793355683,0.39985278193053675,0.16190315783023834,0.11577491462230682
0.2780000000000002,0.06778136115667796,18.01658821105957,0.13726726444257098,0.3972195270717001,0.16105610132217407,0.11586937308311462
0.2800000000000002,0.0677745113153928,18.031978607177734,0.1357661231325289,0.39464501685626335,0.16021783649921417,0.11596433073282242
0.2820000000000002,0.06776797613680847,18.046756744384766,0.1342945926837359,0.3921291059802839,0.15938588976860046,0.11605951935052872
0.2840000000000002,0.06776174220490869,18.062732696533203,0.13285289659389307,0.38967167046923223,0.15855872631072998,0.11615533381700516
0.2860000000000002,0.06775579541051216,18.0777530670166,0.13144146714321753,0.38728564776434937,0.15773548185825348,0.11626165360212326
0.2880000000000002,0.06775012114558746,18.092098236083984,0.13006069817598623,0.3849698771350289,0.15691573917865753,0.11637688428163528
0.2900000000000002,0.06774470449461398,18.106361389160156,0.12871096225217268,0.3827232928910994,0.15609927475452423,0.11649934202432632
0.2920000000000002,0.06773953038398418,18.120264053344727,0.1273926009764756,0.3805449306892158,0.15528738498687744,0.11662820726633072
0.2940000000000002,0.06773458372975022,18.13272476196289,0.12610593558099306,0.37843390561685053,0.15448008477687836,0.1167624294757843
0.2960000000000002,0.06772984955244335,18.14447021484375,0.12485126176895481,0.3763894134697514,0.15367881953716278,0.11690080910921097
0.2980000000000002,0.06772531308966241,18.15597152709961,0.12362885636498541,0.3744107160290397,0.15288440883159637,0.11704304069280624
0.3000000000000002,0.06772095988389175,18.167125701904297,0.12243897473097606,0.37249713991086125,0.15209878981113434,0.11718805879354477
0.3020000000000002,0.06771677701137457,18.17784881591797,0.12128185504506955,0.37064806641577025,0.15132276713848114,0.11733569949865341
0.3040000000000002,0.06771293675646999,18.187984466552734,0.12015771715976203,0.3688629293600446,0.15055817365646362,0.11748519539833069
0.3060000000000002,0.06770954706344066,18.19728660583496,0.1190667654355552,0.3671412078973987,0.14980608224868774,0.11763635277748108
0.3080000000000002,0.06770657568062137,18.206008911132812,0.11800918838786366,0.36548242406861337,0.149067685008049,0.11778845638036728
0.3100000000000002,0.06770399151238364,18.21438980102539,0.11698516062622862,0.36388613760395166,0.1483442485332489,0.11794174462556839
0.3120000000000002,0.0677017646436524,18.222484588623047,0.11599484291510752,0.36235194355353295,0.14753815531730652,0.11809547990560532
0.3140000000000002,0.06769986636086513,18.230117797851562,0.11503838354803168,0.36087946844391083,0.14609874784946442,0.11824975907802582
0.3160000000000002,0.06769826916685606,18.237472534179688,0.1141159186095141,0.3594683681477575,0.1447100043296814,0.11840425431728363
0.3180000000000002,0.06769694679259528,18.24464988708496,0.11322757298255683,0.3581183249895106,0.1433773636817932,0.11855895072221756
0.32000000000000023,0.06769587420470358,18.251596450805664,0.11237346069288225,0.3568290459052522,0.14210422337055206,0.1187136322259903
0.32200000000000023,0.06769502761038847,18.258331298828125,0.1115536856705829,0.3556002602286299,0.14089329540729523,0.11886824667453766
0.32400000000000023,0.06769438445941743,18.264968872070312,0.11076834211199062,0.3544317181377559,0.13974608480930328,0.1190226748585701
0.32600000000000023,0.0676939234440758,18.271400451660156,0.1100175150701082,0.3533231889380777,0.1386633813381195,0.11917692422866821
0.32800000000000024,0.06769362449705243,18.27747344970703,0.10930128080031719,0.35227445976843147,0.13764533400535583,0.11934877932071686
0.33000000000000024,0.067693468787807,18.28317642211914,0.10861970722663693,0.3512853342523579,0.13669191300868988,0.11955953389406204
0.33200000000000024,0.0676934387174995,18.28886604309082,0.1079728542549005,0.35035563142642556,0.13580279052257538,0.11980942636728287
0.33400000000000024,0.06769358098874906,18.294540405273438,0.10736077414524463,0.34948518466758705,0.1349773108959198,0.12009809166193008
0.33600000000000024,0.06769383531336885,18.288288116455078,0.10672142284587163,0.34867384080587055,0.1341104954481125,0.11866019666194916
0.33800000000000024,0.06769418563164645,18.29254722595215,0.10611710702287203,0.3477987790500658,0.13330674171447754,0.11893735080957413
0.34000000000000025,0.0676946169735753,18.29926300048828,0.10554764447378513,0.34698396740482024,0.13256527483463287,0.11925551295280457
0.34200000000000025,0.06769511558517266,18.30385398864746,0.10501323049793679,0.3462289605075977,0.13188518583774567,0.11960916966199875
0.34400000000000025,0.06769577287750245,18.309919357299805,0.10451376285334422,0.3455336892478482,0.1312657743692398,0.12000218778848648
0.34600000000000025,0.06769648702182483,18.303543090820312,0.10398680819330683,0.3448978377128482,0.1306038647890091,0.11874409765005112
0.34800000000000025,0.06769724553636004,18.308063507080078,0.10349506441005044,0.34419861518354405,0.13000185787677765,0.11912410706281662
0.35000000000000026,0.06769803716210272,18.314407348632812,0.10303837502170198,0.34355987164172314,0.12945887446403503,0.1195438876748085
0.35200000000000026,0.06769885169889601,18.31923484802246,0.10261687164093945,0.3429811843707201,0.12897436320781708,0.11999931931495667
0.35400000000000026,0.06769981364165413,18.32517433166504,0.10223045878465487,0.3424624225243156,0.12854784727096558,0.12050321698188782
0.35600000000000026,0.06770079089994106,18.319198608398438,0.10181620348297615,0.3420032797918467,0.12807723879814148,0.11941338330507278
0.35800000000000026,0.06770177439092012,18.323633193969727,0.10143728335387853,0.3414808120786586,0.12766386568546295,0.11990344524383545
0.36000000000000026,0.06770290354438217,18.33013153076172,0.10109350452970235,0.34101895691236017,0.12730734050273895,0.12044623494148254
0.36200000000000027,0.06770403224261252,18.32394790649414,0.10072179801958227,0.34061727136226344,0.12690621614456177,0.11941338330507278
0.36400000000000027,0.06770515254584356,18.328784942626953,0.10038547989621985,0.3401527584788056,0.12656113505363464,0.11994122713804245
0.36600000000000027,0.0677064164052161,18.33510398864746,0.10008438258460178,0.3397493064076127,0.126272052526474,0.12052077800035477
0.36800000000000027,0.06770766603118641,18.329341888427734,0.0997552070681845,0.3394064641869565,0.12593790888786316,0.11954567581415176
0.3700000000000003,0.06770906029546661,18.334087371826172,0.09946148250521744,0.3390010919701325,0.1256590634584427,0.12010956555604935
0.3720000000000003,0.06771043444081401,18.329669952392578,0.09913956871001817,0.33865713180920387,0.12533508241176605,0.1191534772515297
0.3740000000000003,0.06771178135109718,18.333528518676758,0.0988532580732474,0.3382511222942751,0.12506592273712158,0.11970283091068268
0.3760000000000003,0.06771327060916504,18.340660095214844,0.09860219507201932,0.33790714519234905,0.12485194951295853,0.12030599266290665
0.3780000000000003,0.06771472768128364,18.334453582763672,0.09832293897840443,0.3376245197730223,0.12459208071231842,0.11940540373325348
0.3800000000000003,0.0677161468593078,18.339752197265625,0.09807917641982876,0.3372800228840926,0.12438671290874481,0.11999207735061646
0.3820000000000003,0.0677177054282067,18.345726013183594,0.0978707798531359,0.3369975596842666,0.12423595041036606,0.12062894552946091
0.3840000000000003,0.06771922189779755,18.340656280517578,0.09763392443405419,0.3367766505049131,0.12403883039951324,0.11978823691606522
0.3860000000000003,0.06772087735543478,18.345333099365234,0.09743263427785087,0.33649378111220657,0.12389623373746872,0.12040909379720688
0.3880000000000003,0.06772248640898988,18.34144401550293,0.09720275776152702,0.3362730925908271,0.12370731681585312,0.11958766728639603
0.3900000000000003,0.06772423270260468,18.345300674438477,0.09700857471058283,0.33599075177129933,0.12357232719659805,0.120193250477314
0.3920000000000003,0.06772588779089148,18.342098236083984,0.0967857137574688,0.33577107530586087,0.12339096516370773,0.11939051747322083
0.3940000000000003,0.06772743552368206,18.34555435180664,0.0965986316346332,0.3354900118375619,0.12326344102621078,0.1199818104505539
0.3960000000000003,0.06772905971952708,18.35332489013672,0.0964468554618368,0.33527199349622056,0.12318982183933258,0.12062909454107285
0.3980000000000003,0.06773058124500092,18.34719467163086,0.09626645942844143,0.33511618445445945,0.12306953221559525,0.11988174170255661
0.4000000000000003,0.06773217493771612,18.353004455566406,0.09612161550621819,0.33489896353240994,0.12300286442041397,0.12052103132009506
0.4020000000000003,0.06773367025960957,18.3486328125,0.09594795961548576,0.3347445030109361,0.12288931757211685,0.11979249864816666
0.4040000000000003,0.06773523361180311,18.353269577026367,0.09581000726182638,0.33452876387022,0.12282959371805191,0.1204291433095932
0.4060000000000003,0.06773670261886333,18.34984588623047,0.09564310972557205,0.3343761961893801,0.1227228045463562,0.11971844732761383
0.4080000000000003,0.0677382356446468,18.35377311706543,0.09551201135954725,0.3341624815402449,0.12266939133405685,0.12035315483808517
0.4100000000000003,0.06773967814691485,18.350936889648438,0.09535186679163968,0.33401225439288845,0.12256918102502823,0.11965934932231903
0.4120000000000003,0.06774118076788166,18.354427337646484,0.09522758400282776,0.33380099703613697,0.12252221256494522,0.12029285728931427
0.4140000000000003,0.06774259652715713,18.35192108154297,0.09507417117649496,0.33365347685708535,0.12242817133665085,0.11961521208286285
0.4160000000000003,0.06774406861265585,18.355222702026367,0.09495666308898518,0.3334450233166011,0.12238758057355881,0.12024795264005661
0.4180000000000003,0.06774545736704558,18.352874755859375,0.09480994995771204,0.333300508975876,0.12229973822832108,0.11958613991737366
0.4200000000000003,0.0677468987631727,18.355995178222656,0.09469917278231849,0.33309513742907876,0.12226510047912598,0.12021807581186295
0.4220000000000003,0.06774826024624903,18.353803634643555,0.09455911980562934,0.3329538720187815,0.12218336760997772,0.11957187950611115
0.4240000000000003,0.06774967079663807,18.356792449951172,0.09445502697066255,0.33275180611173333,0.12215482443571091,0.12020314484834671
0.4260000000000003,0.06775100475197925,18.354719161987305,0.09432158937041163,0.33261398688103216,0.12207885831594467,0.11957202106714249
0.4280000000000003,0.06775238431255284,18.35757827758789,0.09422413190231214,0.3324154065036168,0.12205640971660614,0.12020307034254074
0.4300000000000003,0.06775369050446432,18.355575561523438,0.0940972612299904,0.33228119312185755,0.12198634445667267,0.11958657950162888
0.43200000000000033,0.06775503895372763,18.358383178710938,0.09400638821244958,0.3320862428925838,0.12196957319974899,0.12021730840206146
0.43400000000000033,0.0677563171748876,18.356380462646484,0.09388603346250825,0.33195576426285933,0.12190525233745575,0.11961515247821808
0.43600000000000033,0.06775763442090357,18.359188079833984,0.0938016924895842,0.3317645602598043,0.12189430743455887,0.12024566531181335
0.43800000000000033,0.06775888449757864,18.357223510742188,0.09368780090654096,0.3316379201060226,0.12183576077222824,0.11965754628181458
0.44000000000000034,0.06776017048247798,18.359989166259766,0.09360993849228723,0.3314505552372439,0.12183043360710144,0.12028799951076508
0.44200000000000034,0.06776139227784486,18.35806655883789,0.0935024561664845,0.3313278366693209,0.12177737802267075,0.11971372365951538
0.44400000000000034,0.06776264698050537,18.36081314086914,0.09343101809827523,0.3311443849771513,0.12177766859531403,0.12034378945827484
0.44600000000000034,0.06776384039652143,18.358938217163086,0.09332989041256443,0.33102565421336655,0.1217302456498146,0.11978299915790558
0.44800000000000034,0.06776506383388917,18.361621856689453,0.0932648220475945,0.3308461743367731,0.12173622101545334,0.12041301280260086
0.45000000000000034,0.06776622881206082,18.359806060791016,0.09316999401679531,0.3307314837355847,0.1216941699385643,0.1198655441403389
0.45200000000000035,0.06776742103947582,18.362422943115234,0.0931112405268025,0.33055602170368703,0.12170566618442535,0.12049534916877747
0.45400000000000035,0.06776855756080523,18.360660552978516,0.0930226570587078,0.33044541223228724,0.12166910618543625,0.11996078491210938
0.45600000000000035,0.06776971867160295,18.36322021484375,0.09297016362999772,0.33027400372414095,0.12168596684932709,0.12059054523706436
0.45800000000000035,0.06777090219582994,18.36150360107422,0.09288776972813809,0.33016750696891595,0.12165478616952896,0.12006866931915283
0.46000000000000035,0.06777203058142206,18.353517532348633,0.09277613913778701,0.3300001791459026,0.12157553434371948,0.1195172369480133
0.46200000000000035,0.06777317888182076,18.360715866088867,0.09270026612574202,0.3297731390080782,0.12154977023601532,0.12008637934923172
0.46400000000000036,0.0677742747602806,18.355388641357422,0.09259484899047339,0.32961128149150815,0.12147592008113861,0.11954934149980545
0.46600000000000036,0.06777538840224175,18.360759735107422,0.09252536973195281,0.3293893750061303,0.1214553639292717,0.12011776864528656
0.46800000000000036,0.06777645208976153,18.356891632080078,0.09242613789747428,0.32923275123930007,0.12138710916042328,0.11959375441074371
0.47000000000000036,0.06777753163164414,18.36114501953125,0.0923629546624435,0.32901584360743463,0.12137207388877869,0.12016206979751587
0.47200000000000036,0.06777856351133438,18.358116149902344,0.09226986798651066,0.3288642724896024,0.12130879610776901,0.11965043842792511
0.47400000000000037,0.06777960951625864,18.36168670654297,0.09221290138755751,0.3286522453437302,0.12129928171634674,0.12021922320127487
0.47600000000000037,0.06778061001871716,18.3591365814209,0.09212591415171276,0.3285055857562976,0.12124159932136536,0.11971960961818695
0.47800000000000037,0.0677816230600701,18.362300872802734,0.09207509653845264,0.32829833739142,0.12123730778694153,0.12028868496417999
0.48000000000000037,0.06778259265099665,18.360034942626953,0.09199416091480041,0.3281564776838328,0.12118498980998993,0.11980064958333969
0.4820000000000004,0.06778357331455052,18.362943649291992,0.09194943238558809,0.32795392175561056,0.12118594348430634,0.12037050724029541
0.4840000000000004,0.06778451248662778,18.36084747314453,0.09187450026123349,0.32781677240290785,0.12113892287015915,0.11989366263151169
0.4860000000000004,0.06778546137088379,18.363601684570312,0.09183580622250159,0.32761883602485015,0.12114553898572922,0.12046423554420471
0.4880000000000004,0.06778637063825906,18.36159896850586,0.0917668301186362,0.32748632436544567,0.12110376358032227,0.11999841779470444
0.4900000000000004,0.06778728835389755,18.364276885986328,0.09173411976758389,0.32729294608730214,0.12111561745405197,0.12056981027126312
0.4920000000000004,0.06778821396938829,18.36231231689453,0.09167105326796213,0.32716501246293656,0.12107914686203003,0.12011493742465973
0.4940000000000004,0.06778910032929124,18.35433578491211,0.09157827655002974,0.3269761403637711,0.12099424749612808,0.11962714791297913
0.4960000000000004,0.06778999352483561,18.36145782470703,0.09152144930024009,0.3267274234222299,0.1209629625082016,0.12014206498861313
0.4980000000000004,0.06779084927777912,18.356063842773438,0.0914346120265061,0.3265443789991734,0.12088348716497421,0.11966424435377121
0.5000000000000003,0.06779171109562705,18.361408233642578,0.09138390921115419,0.32630113091642826,0.12085757404565811,0.12018129974603653
0.5020000000000003,0.06779253703162619,18.357437133789062,0.09130299424856923,0.3261236259161729,0.12078336626291275,0.11971280723810196
0.5040000000000003,0.06779336845819538,18.361682891845703,0.0912583307817161,0.3258856644629525,0.12076302617788315,0.12023241817951202
0.5060000000000003,0.06779416538572856,18.358524322509766,0.09118331004224614,0.32571347591838606,0.12069395929574966,0.11977291107177734
0.5080000000000003,0.06779496736967237,18.362098693847656,0.09114461952143105,0.32548064461879544,0.12067881971597672,0.12029514461755753
0.5100000000000003,0.06779573610303237,18.359399795532227,0.09107546005780426,0.3253135976283054,0.12061537057161331,0.119844451546669
0.5120000000000003,0.06779650956600375,18.362590789794922,0.0910426881303975,0.3250857642184499,0.12060565501451492,0.1203695684671402
0.5140000000000003,0.06779725091839595,18.360157012939453,0.09097935539118701,0.324923719982966,0.12054748833179474,0.11992758512496948
0.5160000000000003,0.0677979967615725,18.363128662109375,0.09095245571985325,0.3247007736920563,0.12054319679737091,0.12045552581548691
0.5180000000000003,0.06779874778956167,18.36081886291504,0.09089491522774432,0.3245436209792388,0.12049043923616409,0.12002202868461609
0.5200000000000004,0.06779946691825305,18.352920532226562,0.09080735691069759,0.3243254694886189,0.12038914114236832,0.1195489838719368
0.5220000000000004,0.06780019123366052,18.359859466552734,0.09075594286865617,0.32404738814509654,0.1203416958451271,0.12002799659967422
0.5240000000000004,0.0678008846561429,18.354511260986328,0.09067422090256504,0.3238353182734081,0.12024574726819992,0.1195634976029396
0.5260000000000004,0.06780158351251507,18.359657287597656,0.09062883112617377,0.32356295316881256,0.12020380795001984,0.12004585564136505
0.5280000000000004,0.06780225223765105,18.35565948486328,0.09055293913734802,0.3233566504532271,0.12011340260505676,0.11958979815244675
0.5300000000000004,0.0678029268025551,18.359756469726562,0.09051350105779542,0.32308979445853364,0.12007702142000198,0.12007563561201096
0.5320000000000004,0.06780357182485496,18.356542587280273,0.09044342247742448,0.32288901506626544,0.11999205499887466,0.11962785571813583
0.5340000000000004,0.06780418691577068,18.360027313232422,0.09040988221350102,0.32262749230413496,0.11996109038591385,0.12011712044477463
0.5360000000000004,0.06780477350584266,18.36779022216797,0.0904124691987368,0.3224320449099835,0.11998429894447327,0.12066132575273514
0.5380000000000004,0.06780536669264288,18.372432708740234,0.09045146561980108,0.32230171728318985,0.12006165832281113,0.12126142531633377
0.5400000000000004,0.06780596654033691,18.36871337890625,0.09045940310109547,0.3222362260325858,0.1200902983546257,0.12091566622257233
0.5420000000000004,0.06780657285280967,18.361663818359375,0.09043672893353916,0.32210861761719284,0.12007018178701401,0.12053307145833969
0.5440000000000004,0.06780718691200971,18.35733413696289,0.09038335665981086,0.3219198747172725,0.12000135332345963,0.12011117488145828
0.5460000000000004,0.06780777344008476,18.350982666015625,0.09029958984204624,0.3216704627666282,0.11988408118486404,0.11965058743953705
0.5480000000000004,0.06780833190728595,18.35689926147461,0.09025230833146605,0.3213611432397051,0.11982078105211258,0.12009603530168533
0.5500000000000004,0.06780886234402762,18.36298179626465,0.0902414683638055,0.3211184341617964,0.11981160938739777,0.12059719860553741
0.5520000000000004,0.06780936521727238,18.368885040283203,0.09026707603502607,0.32094164126271313,0.1198565736413002,0.1211543008685112
0.5540000000000004,0.06780984156949658,18.374906539916992,0.09032910067443793,0.320830184143816,0.11995589733123779,0.12176680564880371
0.5560000000000004,0.06781032643685729,18.38067626953125,0.0904275392663199,0.3207835149286679,0.12010957300662994,0.12243641167879105
0.5580000000000004,0.06781081925026056,18.3759822845459,0.0904945855829578,0.3208011692219719,0.1202140524983406,0.12216556072235107
0.5600000000000004,0.06781131974407774,18.369861602783203,0.09053053243589007,0.32075599921776066,0.12026968598365784,0.1218613013625145
0.5620000000000004,0.0678118286811577,18.364818572998047,0.09053542790241705,0.3206488842346769,0.12027616798877716,0.12151914834976196
0.5640000000000004,0.06781234733612945,18.35906219482422,0.09050948895806009,0.32048043532360776,0.12023398280143738,0.12113939970731735
0.5660000000000004,0.06781287790411626,18.353816986083984,0.0904527900959197,0.32025136180984454,0.1201430931687355,0.12072069197893143
0.5680000000000004,0.06781342320933138,18.348045349121094,0.09036550168920188,0.31996220613932413,0.12000340968370438,0.12024326622486115
0.5700000000000004,0.06781394544825806,18.342525482177734,0.09024771125270173,0.3196135563128564,0.11981522291898727,0.11967451125383377
0.5720000000000004,0.06781444225478164,18.34773826599121,0.09016671711760293,0.3192058948334606,0.1196809932589531,0.1200978085398674
0.5740000000000004,0.06781491210857425,18.35457992553711,0.09012236207874753,0.318866062415209,0.11960102617740631,0.12053165584802628
0.5760000000000004,0.06781535367412221,18.360305786132812,0.09011474818181076,0.31859316611496974,0.1195753812789917,0.12099993973970413
0.5780000000000004,0.06781576635592419,18.366546630859375,0.09014378339717749,0.3183866168841378,0.11960403621196747,0.12152432650327682
0.5800000000000004,0.06781614993408082,18.37206268310547,0.09020952407207354,0.3182457286909577,0.11968705803155899,0.1221056655049324
0.5820000000000004,0.06781650487795027,18.37801742553711,0.09031191374270064,0.3181700106984326,0.11982455104589462,0.12274274230003357
0.5840000000000004,0.06781687434995368,18.383563995361328,0.09045098024706424,0.3181589347103541,0.1200164407491684,0.12343556433916092
0.5860000000000004,0.06781725833978386,18.378917694091797,0.0905582296364027,0.3182121014905501,0.12015921622514725,0.12321790307760239
0.5880000000000004,0.06781765715260504,18.372730255126953,0.09063398071812408,0.31820185575248083,0.120252825319767,0.12296650558710098
0.5900000000000004,0.06781807208060767,18.367839813232422,0.09067828107491875,0.31812911877875094,0.12029744684696198,0.12267820537090302
0.5920000000000004,0.06781850493046639,18.361957550048828,0.09069136604461092,0.3179945189607089,0.12029299885034561,0.1223534643650055
0.5940000000000004,0.06781895840049396,18.35666275024414,0.09067331305404747,0.3177987958640354,0.12023978680372238,0.12198857963085175
0.5960000000000004,0.0678194358160105,18.35088348388672,0.09062430612407792,0.31754250731122824,0.12013780325651169,0.12154646217823029
0.5980000000000004,0.06781988872599523,18.345516204833984,0.09054443741851487,0.31722626339795806,0.11998728662729263,0.12101411074399948
0.6000000000000004,0.06782031415692394,18.35061264038086,0.09050164866681759,0.31685055959177294,0.11989079415798187,0.12148283421993256
0.6020000000000004,0.06782070994492388,18.357345581054688,0.09049578142232363,0.3165427822663676,0.11984866112470627,0.12196147441864014
0.6040000000000004,0.06782107419537556,18.362932205200195,0.09052694112313374,0.3163020555545614,0.1198606789112091,0.12245888262987137
0.6060000000000004,0.06782140574345802,18.369029998779297,0.09059503556923047,0.3161278088060107,0.1199272871017456,0.12300869077444077
0.6080000000000004,0.06782176051953,18.374345779418945,0.09070012363720732,0.31601937137691727,0.12004832178354263,0.1236160472035408
0.6100000000000004,0.0678221402829633,18.36996841430664,0.09077339895472702,0.3159762682217997,0.1201203465461731,0.12336262315511703
0.6120000000000004,0.06782254715538263,18.36368179321289,0.09081519237917905,0.31587046713162925,0.12014343589544296,0.1230749636888504
0.6140000000000004,0.06782298421983689,18.358585357666016,0.09082553548903632,0.3157028399504765,0.12011782079935074,0.12274236232042313
0.6160000000000004,0.06782345509761908,18.352397918701172,0.09080467150307701,0.3154739494709124,0.12004342675209045,0.12232769280672073
0.6180000000000004,0.06782389681770844,18.347122192382812,0.09075267010876496,0.3151844955524007,0.11992046236991882,0.12182360142469406
0.6200000000000004,0.06782430592842484,18.352130889892578,0.09073796226711273,0.31483498876143245,0.11985175311565399,0.12232556194067001
0.6220000000000004,0.06782467980131911,18.358919143676758,0.09076037264575423,0.31455322152112275,0.11983742564916611,0.12283636629581451
0.6240000000000004,0.06782501613540508,18.364391326904297,0.09082002545211317,0.31433834015270257,0.11987754702568054,0.1233614981174469
0.6260000000000004,0.06782531337669102,18.37049102783203,0.09091681955559468,0.31418982279608165,0.11997224390506744,0.12393434345722198
0.6280000000000004,0.06782564292120234,18.375728607177734,0.09105082542527475,0.3141070220126435,0.12012143433094025,0.12456557154655457
0.6300000000000004,0.06782600684623886,18.371322631835938,0.09115276406807996,0.3140895003529407,0.12022154033184052,0.12434844672679901
0.6320000000000005,0.0678264076327564,18.36496353149414,0.0912229816058665,0.31400888983180575,0.12027282267808914,0.12409850209951401
0.6340000000000005,0.0678268486590269,18.359832763671875,0.09126151391376162,0.313866086590335,0.12027537077665329,0.12379872798919678
0.6360000000000005,0.06782733386123996,18.35363006591797,0.0912686156338988,0.31366166806389156,0.12022911012172699,0.12341445684432983
0.6380000000000005,0.06782786800250894,18.348323822021484,0.09124436141996824,0.31339635204716737,0.12013436108827591,0.12294168770313263
0.6400000000000005,0.06782836861579708,18.342437744140625,0.09118895072818173,0.31307066100011693,0.11999104917049408,0.12238118052482605
0.6420000000000005,0.06782883127276715,18.347747802734375,0.09117105014838081,0.3126851875223267,0.11990201473236084,0.12291266769170761
0.6440000000000005,0.06782925220486401,18.354156494140625,0.09119055957286099,0.3123678957723944,0.11986751854419708,0.12345358729362488
0.6460000000000005,0.06782962812171187,18.359912872314453,0.091247550369746,0.3121179668409522,0.11988738924264908,0.12400499731302261
0.6480000000000005,0.06782995639911046,18.365955352783203,0.0913419664523538,0.3119348049758256,0.11996189504861832,0.12456662207841873
0.6500000000000005,0.06783033093908146,18.37146759033203,0.09147384968641428,0.3118177759971262,0.12009098380804062,0.1251726895570755
0.6520000000000005,0.0678307547947446,18.36667823791504,0.09157358398421041,0.31176639397825817,0.12017130851745605,0.1249566525220871
0.6540000000000005,0.06783123151644306,18.360244750976562,0.09164150331998917,0.3116520156645346,0.12020288407802582,0.1246911957859993
0.6560000000000005,0.0678317654565215,18.35495376586914,0.09167766245416767,0.3114755111056659,0.1201859712600708,0.124338798224926
0.6580000000000005,0.06783236157295089,18.3487548828125,0.09168231163395285,0.31123746127946694,0.12012039124965668,0.12390046566724777
0.6600000000000005,0.06783302558966765,18.343318939208984,0.09165553910865085,0.31093856771030276,0.12000643461942673,0.12337459623813629
0.6620000000000005,0.06783364884866058,18.33727264404297,0.09159754462481519,0.3105793539874068,0.11984417587518692,0.12276224046945572
0.6640000000000005,0.06783422582698166,18.34256935119629,0.09157732437708732,0.3101604040730257,0.11973633617162704,0.12332601845264435
0.6660000000000005,0.06783475164125967,18.348949432373047,0.09159477752719085,0.30980992182887435,0.11968299746513367,0.12389927357435226
0.6680000000000005,0.06783522195372776,18.35465431213379,0.0916499825319193,0.3095270750261476,0.11968419700860977,0.12448311597108841
0.6700000000000005,0.06783563309282722,18.360702514648438,0.09174288477245084,0.3093112611562526,0.11974003911018372,0.12507638335227966
0.6720000000000005,0.06783598201208536,18.366222381591797,0.0918735321655149,0.309161836228381,0.11985072493553162,0.1256808340549469
0.6740000000000005,0.06783639337015719,18.37184715270996,0.0920418951694246,0.30907830857899826,0.1200161874294281,0.12632745504379272
0.6760000000000005,0.067836870569773,18.366817474365234,0.09217785998394955,0.30906018110349287,0.1201329454779625,0.12615665793418884
0.6780000000000005,0.06783741758573618,18.360595703125,0.09228173398509412,0.3089785223370073,0.12020092457532883,0.1259354054927826
0.6800000000000005,0.06783803905086218,18.355154037475586,0.09235361034128951,0.3088342020408315,0.12022051960229874,0.12562739849090576
0.6820000000000005,0.06783874019046779,18.349117279052734,0.09239371942236062,0.308628082588842,0.12019161880016327,0.12523366510868073
0.6840000000000005,0.0678395268757896,18.34357452392578,0.09240217852677171,0.30836120142067897,0.12011432647705078,0.12475266307592392
0.6860000000000005,0.06784025857876483,18.337604522705078,0.09237918873966869,0.30803439725251386,0.1199888214468956,0.12418550997972488
0.6880000000000005,0.06784092935113295,18.342987060546875,0.09239433960791554,0.3076484893342531,0.11991800367832184,0.12479540705680847
0.6900000000000005,0.06784153388632344,18.349346160888672,0.09244751543197237,0.3073308758185476,0.11990159004926682,0.12541446089744568
0.6920000000000005,0.06784206752080171,18.354938507080078,0.0925387966398038,0.3070807598182593,0.1199401244521141,0.12604521214962006
0.6940000000000005,0.06784268343620908,18.360931396484375,0.09266811882154918,0.3068975828282818,0.12003330141305923,0.12668576836585999
0.6960000000000005,0.06784338642216689,18.35562515258789,0.09276523031423337,0.3067807326616307,0.12007830291986465,0.12640801072120667
0.6980000000000005,0.06784418183864051,18.34938621520996,0.09283041613923504,0.3066018719877789,0.12007494270801544,0.12604600191116333
0.7000000000000005,0.06784507562348875,18.343862533569336,0.09286379117885979,0.30636207231675056,0.12002328038215637,0.12559717893600464
0.7020000000000005,0.06784590171693124,18.337764739990234,0.09286559287272457,0.3060621616330084,0.11992380023002625,0.1250637322664261
0.7040000000000005,0.06784665394913773,18.34326934814453,0.0929057780630387,0.3057029803565897,0.1198788583278656,0.1257072240114212
0.7060000000000005,0.06784732679989461,18.349580764770508,0.09298423759937978,0.3054116686065597,0.11988893896341324,0.1263604760169983
0.7080000000000005,0.06784791547076416,18.35515594482422,0.09310104209862885,0.3051874967904519,0.11995381116867065,0.12702582776546478
0.7100000000000005,0.06784859876408768,18.361087799072266,0.09325613021295699,0.3050299534200722,0.12007386237382889,0.12770147621631622
0.7120000000000005,0.06784938152012958,18.355804443359375,0.09337886175651251,0.30493848014590935,0.12014564871788025,0.12745949625968933
0.7140000000000005,0.0678502691527708,18.34961700439453,0.09346954323777285,0.30478509345664023,0.12016914039850235,0.12713366746902466
0.7160000000000005,0.06785126758827013,18.344112396240234,0.09352830139970984,0.3045708316644398,0.12014464288949966,0.12672120332717896
0.7180000000000005,0.0678523833461545,18.338008880615234,0.09355538880719642,0.3042964903072757,0.120072141289711,0.12622438371181488
0.7200000000000005,0.06785342005660909,18.33237075805664,0.09355095310828479,0.3039628851774254,0.1199517622590065,0.12564200162887573
0.7220000000000005,0.06785437073118439,18.337541580200195,0.09358526121043678,0.3035706808466059,0.11988632380962372,0.12632085382938385
0.7240000000000005,0.06785522897973001,18.344139099121094,0.0936581391404208,0.3032464974720889,0.11987597495317459,0.1270092874765396
0.7260000000000005,0.06785598924036915,18.34958267211914,0.09376969470033926,0.3029895626314673,0.11992080509662628,0.12771113216876984
0.7280000000000005,0.06785686206624059,18.353832244873047,0.09391701932342052,0.3027994030287361,0.12002094089984894,0.1284230500459671
0.7300000000000005,0.06785785290705756,18.348587036132812,0.09403238816907629,0.30267166735761203,0.12007302790880203,0.12814047932624817
0.7320000000000005,0.0678589677721789,18.342815399169922,0.09411604911719178,0.3024829224021602,0.12007728964090347,0.12777318060398102
0.7340000000000005,0.06786021313431145,18.33730697631836,0.09416812481454735,0.3022340930990524,0.12003368139266968,0.12731949985027313
0.7360000000000005,0.06786136327952623,18.331417083740234,0.09418882767782011,0.30192591617991327,0.11994241923093796,0.126781165599823
0.7380000000000005,0.06786241110446865,18.33554458618164,0.09424588120800549,0.3015591264196225,0.11990627646446228,0.12750308215618134
0.7400000000000005,0.06786335014280635,18.340484619140625,0.09433946351939895,0.30125648148876016,0.11992566287517548,0.12823881208896637
0.7420000000000005,0.06786441715254939,18.344690322875977,0.09446991310610256,0.30101764861173486,0.120000459253788,0.12899108231067657
0.7440000000000005,0.06786561807787643,18.34020233154297,0.0945691688234116,0.3008424798002111,0.12002763897180557,0.1286650449037552
0.7460000000000006,0.06786695955592076,18.334041595458984,0.09463749718158247,0.30060741657572104,0.12000703066587448,0.12825490534305573
0.7480000000000006,0.0678681926884907,18.32891845703125,0.09467486719096223,0.30031336533697983,0.11993872374296188,0.12775595486164093
0.7500000000000006,0.06786931048803106,18.33270263671875,0.09474933312198634,0.29996091212311016,0.11992602050304413,0.12851859629154205
0.7520000000000006,0.06787030645348349,18.337936401367188,0.09486092548886234,0.2996730703447421,0.11996905505657196,0.12929315865039825
0.7540000000000006,0.06787144039847465,18.341869354248047,0.09501001382447619,0.2994494045577237,0.12006774544715881,0.1300857663154602
0.7560000000000006,0.06787271819613427,18.33760643005371,0.09512814508489345,0.29928980527631505,0.12011872977018356,0.12979930639266968
0.7580000000000006,0.0678741465076456,18.331451416015625,0.09521558976410249,0.29907051592171596,0.12012198567390442,0.12942864000797272
0.7600000000000006,0.06787573217052902,18.326501846313477,0.09527224878618071,0.29879244677135924,0.12007761746644974,0.1289672553539276
0.7620000000000006,0.06787719881897164,18.32038116455078,0.0952983210472537,0.2984561309741442,0.11998563259840012,0.12842099368572235
0.7640000000000006,0.06787853863738062,18.324844360351562,0.0953618104017932,0.29806226097946076,0.1199493333697319,0.12921997904777527
0.7660000000000006,0.0678797445180241,18.329559326171875,0.09546287574480988,0.29773344031018084,0.11996902525424957,0.1300331950187683
0.7680000000000006,0.06788110470400775,18.333969116210938,0.09560175976920243,0.29746931667151977,0.12004465609788895,0.13086219131946564
0.7700000000000006,0.0678826255604674,18.32927703857422,0.09570988228656989,0.2972696583213326,0.12007272243499756,0.13052815198898315
0.7720000000000006,0.06788431418133983,18.323293685913086,0.09578743763828357,0.29701092108797755,0.12005294114351273,0.1301087588071823
0.7740000000000006,0.06788586898863909,18.318099975585938,0.09583436399988657,0.29669390325440703,0.11998578161001205,0.129599466919899
0.7760000000000006,0.06788728245029824,18.321908950805664,0.09591915328731962,0.29631912506956365,0.1199745461344719,0.1304396092891693
0.7780000000000006,0.06788886362698147,18.326955795288086,0.09604181142960322,0.2960095026791139,0.12001947313547134,0.1312907636165619
0.7800000000000006,0.06789061945893264,18.32158660888672,0.09613383880055364,0.29576458911590303,0.12001677602529526,0.13089701533317566
0.7820000000000006,0.0678922311999184,18.315967559814453,0.09619529547739004,0.29546118483628375,0.11996656656265259,0.13041552901268005
0.7840000000000006,0.06789369133218101,18.320079803466797,0.09629479396544471,0.29509992647398414,0.11997238546609879,0.1312810480594635
0.7860000000000006,0.06789532623919858,18.32489776611328,0.09643240873915469,0.294803778894843,0.12003476917743683,0.13215814530849457
0.7880000000000006,0.06789714276226982,18.31972885131836,0.09653933619922922,0.2945723697233334,0.12004940211772919,0.13179144263267517
0.7900000000000006,0.06789914828987993,18.31399154663086,0.09661567424861889,0.29428236352451276,0.12001645565032959,0.13133752346038818
0.7920000000000006,0.06790100177637032,18.308456420898438,0.09666142823698172,0.29393443091522253,0.11993575841188431,0.13079476356506348
0.7940000000000006,0.06790269509075862,18.31240463256836,0.09674536588652173,0.2935291006395823,0.11991149187088013,0.1316847950220108
0.7960000000000006,0.06790422054651683,18.317310333251953,0.09686753072717465,0.29318912981304207,0.11994396150112152,0.13258479535579681
0.7980000000000006,0.06790593161259165,18.321491241455078,0.09702822511256633,0.29291410498873793,0.12003297358751297,0.13349971175193787
0.8000000000000006,0.06790783485100231,18.316883087158203,0.09715807769696444,0.2927038652867364,0.12007433921098709,0.1331740915775299
0.8020000000000006,0.06790993776506281,18.310787200927734,0.0972573154801627,0.29243478395763806,0.12006786465644836,0.13276407122612
0.8040000000000006,0.06791224779537512,18.305639266967773,0.09732583342132478,0.2921076414897532,0.12001386284828186,0.13226275146007538
0.8060000000000006,0.06791439222193014,18.29940414428711,0.09736379896727276,0.29172289397335294,0.11991212517023087,0.13167597353458405
0.8080000000000006,0.06791636217048304,18.30384063720703,0.09744010642621492,0.2912811413563345,0.11986710876226425,0.13260024785995483
0.8100000000000006,0.06791814946358186,18.308494567871094,0.0975548934308908,0.290904907812861,0.11987896263599396,0.1335344761610031
0.8120000000000006,0.06791974699271262,18.312793731689453,0.09770839743573367,0.2905938475013701,0.11994782835245132,0.13447949290275574
0.8140000000000006,0.06792154463887852,18.317264556884766,0.09790075893299381,0.29034774187643775,0.12007404863834381,0.13543172180652618
0.8160000000000006,0.06792354901020856,18.312355041503906,0.09806216631002394,0.29016634322474627,0.12015214562416077,0.13516688346862793
0.8180000000000006,0.06792576740007542,18.306604385375977,0.09819275066714027,0.2899258953874543,0.12018244713544846,0.13481587171554565
0.8200000000000006,0.06792820716794488,18.301284790039062,0.09829246672832768,0.2896271146360672,0.12016479671001434,0.13437460362911224
0.8220000000000006,0.06793087628138307,18.29530143737793,0.09836142337049439,0.28927051007147303,0.12009940296411514,0.13384683430194855
0.8240000000000006,0.0679333601797077,18.289405822753906,0.09839963100666133,0.2888566424742458,0.11998631060123444,0.13323041796684265
0.8260000000000006,0.06793564968432542,18.293516159057617,0.09847652382831458,0.28838594875309426,0.11993023008108139,0.13419608771800995
0.8280000000000006,0.06793773596036752,18.298336029052734,0.09859215107861642,0.2879810211624359,0.11993157863616943,0.135165274143219
0.8300000000000006,0.06793961156888795,18.302440643310547,0.09874682414397336,0.2876414471068937,0.11999031901359558,0.13614144921302795
0.8320000000000006,0.06794170875997392,18.306976318359375,0.09894063475064402,0.28736706293245395,0.1201067715883255,0.13711753487586975
0.8340000000000006,0.06794403447476471,18.30184555053711,0.09910333804648605,0.2871575834525988,0.1201750785112381,0.1368265002965927
0.8360000000000006,0.06794659626180523,18.296056747436523,0.09923503656579488,0.28688927722638,0.12019548565149307,0.13644978404045105
0.8380000000000006,0.06794940176857205,18.290477752685547,0.0993357088021819,0.28656279870509516,0.12016765773296356,0.13598473370075226
0.8400000000000006,0.06795245919778292,18.284385681152344,0.09940544603290592,0.28617864316823294,0.12009190768003464,0.13543352484703064
0.8420000000000006,0.06795531000269417,18.278324127197266,0.0994442710343055,0.2857373314494896,0.11996816843748093,0.1347944289445877
0.8440000000000006,0.06795794458800113,18.28249168395996,0.09952208801758256,0.2852392887210819,0.1199021115899086,0.135787233710289
0.8460000000000006,0.06796035367743489,18.287376403808594,0.0996389563240406,0.2848071552432307,0.11989381164312363,0.13677719235420227
0.8480000000000006,0.06796252946246627,18.29151153564453,0.09979518481285127,0.28444053493614924,0.11994347721338272,0.1377667933702469
0.8500000000000006,0.06796494904652703,18.295995712280273,0.09999087286214828,0.2841392662930396,0.12005151063203812,0.1387486457824707
0.8520000000000006,0.06796761961973646,18.290771484375,0.10015522750830365,0.28390307581036095,0.12011103332042694,0.13843408226966858
0.8540000000000006,0.06797054901799875,18.284887313842773,0.10028835315520661,0.28360818340320954,0.12012232095003128,0.1380360722541809
0.8560000000000006,0.06797374511590351,18.27914047241211,0.10039022463180518,0.2832552154014815,0.1200852170586586,0.13755188882350922
0.8580000000000007,0.06797721636003377,18.272886276245117,0.10046093226316091,0.2828446426247118,0.12000000476837158,0.13698236644268036
0.8600000000000007,0.06798045793451551,18.2666015625,0.1005004945149524,0.28237696643209725,0.11986653506755829,0.13632608950138092
0.8620000000000007,0.06798345991581978,18.270816802978516,0.10057937458332543,0.281852595243662,0.1197911724448204,0.13732849061489105
0.8640000000000007,0.06798621263901881,18.275745391845703,0.100697633080417,0.2813942631276953,0.11977413296699524,0.1383208930492401
0.8660000000000007,0.06798870800244926,18.279857635498047,0.10085558199909685,0.2810015861170245,0.11981558799743652,0.1393045336008072
0.8680000000000007,0.06799093845264938,18.284299850463867,0.10105332305909961,0.2806744108360759,0.11991589516401291,0.14027272164821625
0.8700000000000007,0.06799343281121063,18.28839874267578,0.10129109996729449,0.2804124732048931,0.12007521092891693,0.14122425019741058
0.8720000000000007,0.06799619778996342,18.283376693725586,0.1014970384358105,0.28021565147733546,0.1201857179403305,0.14098480343818665
0.8740000000000007,0.06799924120780179,18.277393341064453,0.10167131813685294,0.2799597096256984,0.12024721503257751,0.14066681265830994
0.8760000000000007,0.06800257049505107,18.271881103515625,0.10181383487675985,0.27964533011636095,0.1202598512172699,0.14026635885238647
0.8780000000000007,0.06800619392200626,18.265525817871094,0.10186150730685742,0.2792729337666653,0.12022358179092407,0.13978475332260132
0.8800000000000007,0.06801011971708511,18.25933265686035,0.10179541316399217,0.2788430497912759,0.12013846635818481,0.13921856880187988
0.8820000000000007,0.06801435679349647,18.252655029296875,0.10169140023893174,0.2783560536591486,0.12000454217195511,0.13856814801692963
0.8840000000000007,0.06801833711867704,18.24604034423828,0.10154959265975791,0.2778123799290966,0.11982221901416779,0.13783115148544312
0.8860000000000007,0.06802204980479558,18.249996185302734,0.10145397290815697,0.27721237382637276,0.11969836056232452,0.13882625102996826
0.8880000000000007,0.06802548412397191,18.25465202331543,0.10140473579496258,0.2766787550936738,0.1196337565779686,0.13980504870414734
0.8900000000000007,0.06802863105628555,18.25872039794922,0.10140196106793063,0.2762111318268208,0.11962835490703583,0.14076748490333557
0.8920000000000007,0.06803148208231295,18.26306915283203,0.10144581550228282,0.27580934260106804,0.11968234926462173,0.14170999825000763
0.8940000000000007,0.06803403008917565,18.267066955566406,0.10153640059180341,0.2754731159113022,0.11979599297046661,0.1426316797733307
0.8960000000000007,0.06803626865168004,18.271108627319336,0.10167386928699017,0.27520232267948186,0.11996977031230927,0.14176221191883087
0.8980000000000007,0.06803880057446876,18.274795532226562,0.1018583382051628,0.2749967800313631,0.12020382285118103,0.14066211879253387
0.9000000000000007,0.0680416321631098,18.269824981689453,0.10200401082323202,0.27485639546346374,0.12038803845643997,0.14048877358436584
0.9020000000000007,0.06804477082966554,18.263954162597656,0.1021108376288802,0.27465638365613715,0.12052235752344131,0.140364870429039
0.9040000000000007,0.0680482235191826,18.258281707763672,0.10217889505650087,0.2743973897826843,0.12060665339231491,0.1402987390756607
0.9060000000000007,0.06805199801165028,18.25200653076172,0.10220818703841628,0.2740798240109298,0.12064076215028763,0.14028672873973846
0.9080000000000007,0.06805610200003664,18.245784759521484,0.10219879379241459,0.273704186015818,0.1206246167421341,0.1403345912694931
0.9100000000000007,0.06806054385834037,18.239131927490234,0.10215075701074086,0.2732708370976005,0.1205584704875946,0.14044085144996643
0.9120000000000007,0.06806533209864993,18.232505798339844,0.10206416581215005,0.27278018698789613,0.12044230848550797,0.14060981571674347
0.9140000000000007,0.06807047582431824,18.225576400756836,0.10193909027093752,0.27223256504996624,0.1202760636806488,0.1408415138721466
0.9160000000000007,0.06807590834493202,18.21854591369629,0.10177563112135858,0.2716283281265468,0.1200600415468216,0.14030791819095612
0.9180000000000007,0.06808089987115969,18.210895538330078,0.10157388127607828,0.2709677879271504,0.11979439109563828,0.13943283259868622
0.9200000000000007,0.06808546714274806,18.21509552001953,0.10141890378007277,0.2702512735138865,0.11958877742290497,0.14041927456855774
0.9220000000000007,0.06808962551991121,18.219459533691406,0.10131088374141539,0.2696016219359997,0.11944330483675003,0.1394299566745758
0.9240000000000007,0.06809339014279023,18.223430633544922,0.10124991570905666,0.26901845721578144,0.11935808509588242,0.13838984072208405
0.9260000000000007,0.06809677483712787,18.2276611328125,0.10123616103872754,0.26850158329606333,0.11933340132236481,0.13734960556030273
0.9280000000000007,0.06809979283461597,18.23169708251953,0.10126972963792155,0.26805073222196313,0.11936930567026138,0.13630591332912445
0.9300000000000007,0.0681024561408135,18.235572814941406,0.10135077108421431,0.2676657495165527,0.11946622282266617,0.1352609544992447
0.9320000000000007,0.06810477593587212,18.239154815673828,0.10147940638819827,0.26734644884911296,0.11962448805570602,0.13421326875686646
0.9340000000000007,0.06810676220749658,18.242801666259766,0.10165578071077508,0.26709271775040355,0.1198442131280899,0.1331634372472763
0.9360000000000007,0.0681089907036414,18.24642562866211,0.10188002396918704,0.2669044335988411,0.12012600898742676,0.1321108043193817
0.9380000000000007,0.0681114539951732,18.241455078125,0.10206437521733414,0.2667815236961655,0.1203562393784523,0.1320960819721222
0.9400000000000007,0.06811414416670326,18.23587417602539,0.10220876367361527,0.26659909682173744,0.12053446471691132,0.13214153051376343
0.9420000000000007,0.06811705140002863,18.230506896972656,0.10231323271118781,0.26635773213343816,0.12066065520048141,0.13225629925727844
0.9440000000000007,0.06812016514363105,18.224681854248047,0.10237775893862713,0.26605781641184956,0.12073473632335663,0.1324358731508255
0.9460000000000007,0.06812347331509194,18.21881866455078,0.10240238781644344,0.2656998212065722,0.12075656652450562,0.13268597424030304
0.9480000000000007,0.06812696297682666,18.212499618530273,0.1023871288389199,0.2652841066713689,0.1207261011004448,0.13300453126430511
0.9500000000000007,0.06813061989056238,18.20610809326172,0.10233203394218704,0.26481108117769064,0.12064341455698013,0.1333952248096466
0.9520000000000007,0.06813442890874104,18.19942855834961,0.10223713676410508,0.2642810902488124,0.12050847709178925,0.13385769724845886
0.9540000000000007,0.06813837372843219,18.19268035888672,0.10210249800252512,0.2636945087425825,0.1203213483095169,0.13439421355724335
0.9560000000000007,0.068142437119131,18.185380935668945,0.10192817024024103,0.26305167811177604,0.12008222192525864,0.13500522077083588
0.9580000000000007,0.06814613998421708,18.178020477294922,0.10171422421558395,0.26235295982539547,0.1197911873459816,0.1356927901506424
0.9600000000000007,0.06814950114720811,18.18191909790039,0.10154793581322208,0.2615987000576016,0.11956179141998291,0.13471616804599762
0.9620000000000007,0.06815253780961127,18.186309814453125,0.10142949133889267,0.2609110919455935,0.11939418315887451,0.1337374448776245
0.9640000000000007,0.06815526675590132,18.189998626708984,0.10135897791412943,0.26028982726509947,0.11928858608007431,0.13275036215782166
0.9660000000000007,0.06815770335356988,18.193866729736328,0.10133655673828183,0.2597347728371049,0.11924507468938828,0.1317596286535263
0.9680000000000007,0.06815986222385564,18.197351455688477,0.10136233267405863,0.25924571284538106,0.11926376819610596,0.13076157867908478
0.9700000000000008,0.06816175666684594,18.200944900512695,0.10143645455171019,0.25882254008115124,0.11934506148099899,0.12975892424583435
0.9720000000000008,0.06816339903434607,18.204309463500977,0.10155903983225373,0.258465107407549,0.1194891706109047,0.1287495344877243
0.9740000000000008,0.06816480039713636,18.20773696899414,0.10173023265601554,0.2581733371125308,0.11969640105962753,0.1277351677417755
0.9760000000000008,0.06816597075190091,18.211225509643555,0.10195016027056841,0.25794713521585416,0.11996718496084213,0.12671475112438202
0.9780000000000008,0.06816730214432097,18.2147216796875,0.10221896658413254,0.2577864538437637,0.12030186504125595,0.1256895214319229
0.9800000000000008,0.06816878583116956,18.210641860961914,0.10244664821272162,0.2576912417065684,0.12058273702859879,0.12585917115211487
0.9820000000000008,0.06817041276446294,18.205942153930664,0.10263330048505018,0.2575378205351648,0.12080954015254974,0.12609854340553284
0.9840000000000008,0.06817217262256715,18.20143699645996,0.10277912107777981,0.25732662097852504,0.12098270654678345,0.1264151930809021
0.9860000000000008,0.06817405452939891,18.196502685546875,0.10288425954837617,0.2570579744774604,0.12110192328691483,0.1268049031496048
0.9880000000000008,0.0681760465064555,18.19152069091797,0.10294893137980647,0.25673232707400245,0.12116760015487671,0.12727172672748566
0.9900000000000008,0.06817813588220462,18.186214447021484,0.10297333083432292,0.2563500766065762,0.1211797446012497,0.12781378626823425
0.9920000000000008,0.0681803089856093,18.180774688720703,0.10295769698054529,0.2559116957334329,0.12113861739635468,0.1284330189228058
0.9940000000000008,0.06818255138174596,18.175037384033203,0.10290226325956449,0.2554176386043082,0.12104466557502747,0.1291285902261734
0.9960000000000008,0.06818484770461945,18.16922378540039,0.10280729573719168,0.2548684118087962,0.12089796364307404,0.1299014687538147
0.9980000000000008,0.0681871817967128,18.163095474243164,0.10267306396418323,0.25426452094949575,0.12069900333881378,0.130751371383667
1.0000000000000007,0.06818953662310752,18.156620025634766,0.1024998631773264,0.25360651168770093,0.12044814229011536,0.13167856633663177
1.0020000000000007,0.06819189435934005,18.150012969970703,0.10228799751982152,0.2528949392445219,0.12014587223529816,0.13268300890922546
1.0040000000000007,0.06819399057215181,18.143253326416016,0.10203779297921244,0.2521303922548335,0.11979276686906815,0.13376484811306
1.0060000000000007,0.06819584577283522,18.14702606201172,0.10183603756213745,0.25131347544205973,0.11950293183326721,0.13283930718898773
1.0080000000000007,0.06819747897037166,18.15127944946289,0.10168292587798844,0.2505636074874199,0.11927682161331177,0.13190853595733643
1.0100000000000007,0.0681989085772352,18.154857635498047,0.10157855596221764,0.2498804786584053,0.11911416053771973,0.13096754252910614
1.0120000000000007,0.0682001516285581,18.158409118652344,0.10152309675486895,0.24926393589549803,0.11901557445526123,0.1300203651189804
1.0140000000000007,0.06820122427883922,18.161697387695312,0.10151666203918772,0.2487137522233326,0.11898079514503479,0.12906400859355927
1.0160000000000007,0.06820214134964023,18.16504669189453,0.10155940738398643,0.24822979794766806,0.1190100833773613,0.1281014382839203
1.0180000000000007,0.06820291660028438,18.168212890625,0.10165145727828998,0.24781190771365932,0.11910402029752731,0.1271306872367859
1.0200000000000007,0.06820356246281313,18.171415328979492,0.1017929612456818,0.24745997862399743,0.11926233023405075,0.126154363155365
1.0220000000000007,0.06820409018835871,18.174509048461914,0.10198405164217741,0.24717389360113992,0.11948570609092712,0.1251712143421173
1.0240000000000007,0.06820450969014344,18.177783966064453,0.10222487610306157,0.24695357753281127,0.11977425217628479,0.12418320029973984
1.0260000000000007,0.06820499656163073,18.18090057373047,0.10251557301146574,0.24679895307710117,0.12012842297554016,0.12318975478410721
1.0280000000000007,0.06820554183322278,18.177753448486328,0.10276683838626838,0.246709972730022,0.12043005228042603,0.12370951473712921
1.0300000000000007,0.06820613633310317,18.173860549926758,0.10297850625194384,0.24656748692827649,0.1206793487071991,0.1242821216583252
1.0320000000000007,0.06820676981161339,18.170177459716797,0.10315029316808955,0.24637198353752718,0.12087631225585938,0.12491627037525177
1.0340000000000007,0.06820743159734857,18.166141510009766,0.10328235014404807,0.24612384142549984,0.12102118879556656,0.1256076991558075
1.0360000000000007,0.06820811009814612,18.162080764770508,0.10337491739655547,0.24582355654168378,0.121114082634449,0.12636137008666992
1.0380000000000007,0.06820879317680605,18.157669067382812,0.10342821247479833,0.24547157029050728,0.12115518748760223,0.12717491388320923
1.0400000000000007,0.06820946787023474,18.153182983398438,0.10344250410599307,0.24506839963963897,0.12114515900611877,0.12805095314979553
1.0420000000000007,0.06821012060793992,18.148422241210938,0.10341805590019078,0.24461453866193592,0.12108388543128967,0.1289883702993393
1.0440000000000007,0.06821073705887938,18.143558502197266,0.10335516842399373,0.24411053354607976,0.12097182869911194,0.12998834252357483
1.0460000000000007,0.06821130226365946,18.138507843017578,0.10325414710184198,0.24355692613341595,0.12080957740545273,0.13104987144470215
1.0480000000000007,0.06821180055759275,18.133399963378906,0.10311532619515172,0.24295429724891035,0.120597243309021,0.13217319548130035
1.0500000000000007,0.06821221565733714,18.127979278564453,0.10293905052693025,0.24230323434691572,0.12033554166555405,0.13335773348808289
1.0520000000000007,0.06821253071287087,18.122314453125,0.1027256891636292,0.2416043565942097,0.12002477794885635,0.1346028447151184
1.0540000000000007,0.0682127061900339,18.116323471069336,0.10247562465837376,0.2408582963484178,0.11966565996408463,0.1359073519706726
1.0560000000000007,0.0682127641441607,18.119808197021484,0.10227427127609778,0.24006571399937746,0.11937166005373001,0.135036438703537
1.0580000000000007,0.06821272503821382,18.12352752685547,0.10212180105841029,0.2393407417490551,0.11914300918579102,0.13415659964084625
1.0600000000000007,0.06821260842522969,18.126699447631836,0.10201829598587488,0.23868299117829275,0.11897982656955719,0.13326412439346313
1.0620000000000007,0.06821243235173946,18.130138397216797,0.10196389279459157,0.23809221845481857,0.11888223886489868,0.1323637217283249
1.0640000000000007,0.06821221373690989,18.133373260498047,0.10195867579071353,0.23756812091322962,0.11885032802820206,0.13145308196544647
1.0660000000000007,0.06821196802663769,18.136669158935547,0.10200275957382392,0.2371104883730584,0.11888435482978821,0.13053573668003082
1.0680000000000007,0.06821170940585262,18.139854431152344,0.10209622824217313,0.23671908580589443,0.11898437887430191,0.12960995733737946
1.0700000000000007,0.06821145059745702,18.14306640625,0.1022391827491921,0.2363937402056041,0.11915053427219391,0.12867821753025055
1.0720000000000007,0.06821120298312427,18.146242141723633,0.1024317064735131,0.23613427291079161,0.11938314884901047,0.12773942947387695
1.0740000000000007,0.06821097648704924,18.149553298950195,0.10267389241137544,0.23594054938073347,0.11968223750591278,0.12679515779018402
1.0760000000000007,0.06821072278399001,18.152751922607422,0.10296582373026193,0.2358124401200774,0.12004810571670532,0.12584476172924042
1.0780000000000007,0.0682104325495231,18.150421142578125,0.10321965876166372,0.2357498491144292,0.12036348879337311,0.12653490900993347
1.0800000000000007,0.0682100965769203,18.147436141967773,0.10343532174301459,0.23563816561613596,0.12062803655862808,0.12727978825569153
1.0820000000000007,0.06820970502625678,18.144596099853516,0.10361305479258139,0.23547839055982747,0.12084219604730606,0.12806443870067596
1.0840000000000007,0.06820924794715091,18.141414642333984,0.1037530591945119,0.23527090876832785,0.12100618332624435,0.12888513505458832
1.0860000000000007,0.06820871480346241,18.13827133178711,0.10385560111153837,0.23501621187698324,0.1211204081773758,0.12974661588668823
1.0880000000000007,0.0682080947763815,18.13475227355957,0.10392093146899532,0.23471473956850183,0.12118501216173172,0.13064759969711304
1.0900000000000007,0.06820737649047297,18.131145477294922,0.10394934607277315,0.23436699945661388,0.12120053917169571,0.131590336561203
1.0920000000000007,0.06820654819491259,18.127277374267578,0.10394113980829385,0.23397347580835143,0.12116733193397522,0.13257408142089844
1.0940000000000007,0.06820559761240533,18.123340606689453,0.10389664076613697,0.2335346987215101,0.12108592689037323,0.13359995186328888
1.0960000000000008,0.06820451205432303,18.11918830871582,0.10381618403980634,0.23305119162991825,0.12095656991004944,0.13466745615005493
1.0980000000000008,0.06820327834534219,18.115264892578125,0.10370013105709111,0.23252351127982882,0.12077981978654861,0.13577665388584137
1.1000000000000008,0.06820188290388364,18.11121368408203,0.10354885457874773,0.23195221752260278,0.12055617570877075,0.13692714273929596
1.1020000000000008,0.06820031171394281,18.107040405273438,0.10336274962654649,0.23133789642862793,0.12028626352548599,0.13811828196048737
1.1040000000000008,0.06819873068292318,18.10270118713379,0.10314222489106897,0.23068114287088604,0.11997035145759583,0.13728126883506775
1.1060000000000008,0.0681971628083599,18.105934143066406,0.10297120425502564,0.2299825738602611,0.11972112208604813,0.13809043169021606
1.1080000000000008,0.06819562908595948,18.1094970703125,0.10284982124936391,0.22935150855216574,0.11953866481781006,0.13772137463092804
1.1100000000000008,0.06819414922870563,18.112781524658203,0.10277813522222447,0.2287874945074952,0.11942308396100998,0.13688836991786957
1.1120000000000008,0.068192741160909,18.11618423461914,0.10275624864474524,0.2282902227872793,0.1193743497133255,0.13604621589183807
1.1140000000000008,0.06819142143248814,18.11931610107422,0.10278422088049058,0.22785933917786327,0.11939263343811035,0.13519269227981567
1.1160000000000008,0.06819020492765082,18.122482299804688,0.102862135290291,0.22749458446897997,0.11947808414697647,0.13433073461055756
1.1180000000000008,0.06818910510504946,18.125598907470703,0.10299005046816936,0.22719568506414756,0.11963045597076416,0.13345888257026672
1.1200000000000008,0.06818813383021159,18.12885284423828,0.10316803876543984,0.2269624334990798,0.11985015869140625,0.1325789839029312
1.1220000000000008,0.06818704927075933,18.13201332092285,0.10339615876470304,0.22679462497878944,0.12013671547174454,0.13168969750404358
1.1240000000000008,0.06818584356260327,18.129684448242188,0.10358932429941875,0.22669210343839774,0.12037591636180878,0.13232631981372833
1.1260000000000008,0.06818450892503065,18.126907348632812,0.10374737212843078,0.22654188007871487,0.1205674409866333,0.133010134100914
1.1280000000000008,0.06818303684757773,18.124412536621094,0.10387029441955979,0.2263455248964355,0.12071160227060318,0.1337464302778244
1.1300000000000008,0.06818141865699845,18.12166976928711,0.10395810986138238,0.22610432087662632,0.12080872058868408,0.13453026115894318
1.1320000000000008,0.06817964505066192,18.118919372558594,0.10401093854835854,0.22581949241781923,0.1208590567111969,0.13536436855793
1.1340000000000008,0.06817770624003043,18.115806579589844,0.10402892681324694,0.22549208380167768,0.12086273729801178,0.13624462485313416
1.1360000000000008,0.06817559141012612,18.11267852783203,0.104012323469855,0.22512309471351055,0.12082020193338394,0.13716745376586914
1.1380000000000008,0.06817328965336361,18.10930061340332,0.1039614840044972,0.22471329658180234,0.1207321286201477,0.13811790943145752
1.1400000000000008,0.06817078979976526,18.105783462524414,0.10387679196298368,0.2242631466958033,0.12059890478849411,0.13748085498809814
1.1420000000000008,0.06816808052200389,18.101940155029297,0.10375863708929006,0.2237730952244421,0.12042113393545151,0.13655169308185577
1.1440000000000008,0.06816515025027262,18.09804916381836,0.10360743133167893,0.22324362415098442,0.1201992928981781,0.13523834943771362
1.1460000000000008,0.06816232742728623,18.093929290771484,0.1034235964052431,0.2226752173158654,0.11993379145860672,0.13388365507125854
1.1480000000000008,0.0681596341268958,18.09716033935547,0.10328961108885737,0.2220683827670208,0.11973567306995392,0.13485416769981384
1.1500000000000008,0.06815709040327694,18.10069465637207,0.10320558174120888,0.22152882203432248,0.11960470676422119,0.1358632594347
1.1520000000000008,0.06815471493966493,18.103843688964844,0.10317155359965868,0.2210560222158115,0.1195409893989563,0.1366286724805832
1.1540000000000008,0.06815252458952278,18.107261657714844,0.10318760525601109,0.22064961819065984,0.11954458057880402,0.13733668625354767
1.1560000000000008,0.06815053474792336,18.110559463500977,0.10325378040407565,0.22030921451188742,0.11961544305086136,0.13806165754795074
1.1580000000000008,0.06814875909234949,18.113990783691406,0.1033701417932708,0.22003451556051612,0.11975347250699997,0.13742323219776154
1.1600000000000008,0.06814720979743157,18.117374420166016,0.10353673279974188,0.21982522197535076,0.11995869129896164,0.1365901082754135
1.1620000000000008,0.0681454997402703,18.120807647705078,0.1037536083784067,0.21968110529700405,0.12023091316223145,0.13574780523777008
1.1640000000000008,0.06814361658505447,18.118053436279297,0.10393714699368091,0.2196019476305411,0.12045743316411972,0.13625399768352509
1.1660000000000008,0.06814154858473202,18.11478042602539,0.10408719015609988,0.2194772603873984,0.12063838541507721,0.1368071734905243
1.1680000000000008,0.06813928406624188,18.111743927001953,0.10420374522679453,0.21930846351918493,0.12077409029006958,0.13741222023963928
1.1700000000000008,0.06813681769460332,18.108509063720703,0.10428721398331987,0.21909708617462598,0.12086466699838638,0.13802261650562286
1.1720000000000008,0.06813414518494251,18.10526466369629,0.10433784069808663,0.21884453967111286,0.12091051042079926,0.1373479813337326
1.1740000000000008,0.06813126160588871,18.10162353515625,0.10435579182692467,0.21855196522133546,0.12091221660375595,0.13663575053215027
1.1760000000000008,0.06812815910747584,18.098007202148438,0.10434127736185232,0.21822040544933557,0.1208702102303505,0.13588747382164001
1.1780000000000008,0.06812482839261486,18.09434700012207,0.10429457797314705,0.21785078287138498,0.12078490108251572,0.13506253063678741
1.1800000000000008,0.06812126899295058,18.090585708618164,0.10421603340239487,0.21744365838993357,0.12065685540437698,0.13396698236465454
1.1820000000000008,0.06811748326111802,18.086645126342773,0.10410599574692368,0.2169993913515573,0.1204867735505104,0.13286790251731873
1.1840000000000008,0.06811346484536415,18.08253288269043,0.10396484038309531,0.21651836712877687,0.12027519941329956,0.13176383078098297
1.1860000000000008,0.06810920755977387,18.078208923339844,0.10379295709127243,0.2160009732797986,0.12002259492874146,0.1306539624929428
1.1880000000000008,0.06810517488483199,18.073780059814453,0.10359075635347331,0.21544761690625763,0.11972948163747787,0.12953726947307587
1.1900000000000008,0.06810138286770552,18.077377319335938,0.1034389689249893,0.21485871049003594,0.11950373649597168,0.13035742938518524
1.1920000000000008,0.06809784613352779,18.081260681152344,0.10333770588601962,0.21433670818501954,0.11934550851583481,0.13120299577713013
1.1940000000000008,0.06809457833738566,18.084766387939453,0.10328702719629339,0.2138810366666578,0.11925473064184189,0.13207924365997314
1.1960000000000008,0.06809159193183291,18.08852767944336,0.1032870304239839,0.21349128093538214,0.11923124641180038,0.13298343122005463
1.1980000000000008,0.06808889839934323,18.092147827148438,0.10333778552992781,0.21316700033535865,0.11927495151758194,0.13391786813735962
1.2000000000000008,0.06808650814688463,18.095985412597656,0.10343938624702512,0.2129078620919167,0.11938605457544327,0.13473443686962128
1.2020000000000008,0.06808443062883023,18.099655151367188,0.10359191253136271,0.21271353415932379,0.11956409364938736,0.1354077160358429
1.2040000000000008,0.06808267430093748,18.103309631347656,0.10379546043003916,0.21258376179440203,0.11980922520160675,0.13609494268894196
1.2060000000000008,0.06808073551476689,18.10683822631836,0.10405012030890033,0.21251830501781438,0.12012114375829697,0.1367940455675125
1.2080000000000009,0.06807860087865769,18.103843688964844,0.1042733409327021,0.21251698228898794,0.12038912624120712,0.1364254653453827
1.2100000000000009,0.06807625662266441,18.100215911865234,0.1044648497389144,0.2124728146208761,0.12061284482479095,0.1360267996788025
1.2120000000000009,0.0680736900908195,18.096832275390625,0.10462449425532777,0.21238602136473725,0.1207929477095604,0.1355920433998108
1.2140000000000009,0.06807088977368833,18.093189239501953,0.10475215269593662,0.21225823570536204,0.12092968076467514,0.13511496782302856
1.2160000000000009,0.06806785440261195,18.08971405029297,0.10484779305778248,0.2120910564737879,0.12102330476045609,0.13459555804729462
1.2180000000000009,0.06806458791123648,18.08605194091797,0.10491156350876121,0.2118858256793801,0.12107425183057785,0.13403744995594025
1.2200000000000009,0.06806108843841274,18.082523345947266,0.10494375149325803,0.2116436045558438,0.12108338624238968,0.13340529799461365
1.2220000000000009,0.06805735221358084,18.07874298095703,0.10494467544070621,0.21136521298233926,0.121051125228405,0.13258953392505646
1.2240000000000009,0.06805337552571718,18.074981689453125,0.10491469139954891,0.21105106329691575,0.12097813934087753,0.13177081942558289
1.2260000000000009,0.06804915476660421,18.071123123168945,0.10485416655481235,0.21070140682174096,0.12086473405361176,0.1309475302696228
1.2280000000000009,0.06804468643986014,18.067176818847656,0.10476349244431424,0.21031652165015013,0.12071175873279572,0.13011763989925385
1.2300000000000009,0.06803996719495645,18.063072204589844,0.10464307449098871,0.20989668463641722,0.12051977217197418,0.12928101420402527
1.2320000000000009,0.06803499384954496,18.05884552001953,0.1044933396934959,0.20944219180069898,0.12028917670249939,0.12843620777130127
1.2340000000000009,0.06802976342094413,18.054475784301758,0.10431473069182502,0.2089533418146883,0.12002073973417282,0.12758371233940125
1.2360000000000009,0.06802483568879539,18.05000877380371,0.10410771031766958,0.20843044754807627,0.11971529573202133,0.1267233043909073
1.2380000000000009,0.0680202263365422,18.053680419921875,0.10395136803095857,0.20787382621154502,0.11947701871395111,0.12744846940040588
1.2400000000000009,0.06801595000700314,18.057754516601562,0.103845808926677,0.20738324876008557,0.11930671334266663,0.1281951665878296
1.2420000000000009,0.0680120201480181,18.06139373779297,0.10379108795274733,0.20695812606522265,0.11920365691184998,0.12896759808063507
1.2440000000000009,0.06800844919953579,18.06532096862793,0.10378729505593366,0.20659802606992445,0.11916792392730713,0.12976281344890594
1.2460000000000009,0.06800524847901432,18.069177627563477,0.10383449292543329,0.20630249820783206,0.11919965595006943,0.1305825263261795
1.2480000000000009,0.06800242831816135,18.073095321655273,0.10393276626882862,0.2060712004194654,0.1192987710237503,0.13142427802085876
1.2500000000000009,0.06799999798784086,18.07689094543457,0.10408218608490549,0.2059037967865198,0.11946485936641693,0.13228248059749603
1.252000000000001,0.06799796579259956,18.080745697021484,0.10428283833460851,0.20580003034034378,0.11969813704490662,0.13290855288505554
1.254000000000001,0.06799633902615114,18.084476470947266,0.10453480328740618,0.20575966322835262,0.11999844759702682,0.13354623317718506
1.256000000000001,0.06799450567664754,18.08820343017578,0.10483817225586685,0.20578251819783158,0.12036609649658203,0.13420064747333527
1.258000000000001,0.0679924500601797,18.084943771362305,0.10511111610267827,0.2058684434369148,0.12069110572338104,0.13397696614265442
1.260000000000001,0.0679901555256538,18.08102798461914,0.1053532735056492,0.20591335988961396,0.12097349762916565,0.13372750580310822
1.262000000000001,0.06798762583660825,18.077529907226562,0.10556436424562389,0.20591742341331176,0.12121351808309555,0.13344380259513855
1.264000000000001,0.06798486081117017,18.073932647705078,0.1057441493423352,0.20588203343349945,0.12141130119562149,0.13311724364757538
1.266000000000001,0.06798187037520113,18.070491790771484,0.10589249203683423,0.2058088840645724,0.12156721204519272,0.1327468603849411
1.268000000000001,0.06797866968031503,18.06696319580078,0.10600957629705814,0.20569938712513783,0.12168172746896744,0.13233807682991028
1.270000000000001,0.06797526908873172,18.063472747802734,0.10609577923269421,0.20555449417769023,0.12175584584474564,0.13190945982933044
1.272000000000001,0.06797167916313941,18.059764862060547,0.10615146810441052,0.2053746563697573,0.12178967148065567,0.1314784437417984
1.274000000000001,0.06796791071682184,18.055988311767578,0.10617703668076639,0.20516004680276947,0.12178394198417664,0.13104258477687836
1.276000000000001,0.06796397477485223,18.05206298828125,0.10617289001859243,0.20491083513437056,0.12173905968666077,0.13060039281845093
1.278000000000001,0.06795988259663412,18.048078536987305,0.10613945561104979,0.2046272168583966,0.12165583670139313,0.13004189729690552
1.280000000000001,0.06795564564637784,18.044002532958984,0.10607717463214308,0.20430939030725848,0.12153447419404984,0.1294703632593155
1.282000000000001,0.06795127559744463,18.03993034362793,0.1059865084755593,0.20395757366895648,0.12137602269649506,0.12888772785663605
1.284000000000001,0.06794678430541887,18.035762786865234,0.10586793380181249,0.20357199173817406,0.12118067592382431,0.12829308211803436
1.286000000000001,0.06794218379915015,18.03157615661621,0.10572194642557489,0.20315288593090702,0.12094943970441818,0.1276860535144806
1.288000000000001,0.06793748625212802,18.027301788330078,0.10554905858921865,0.20270050681359264,0.12068304419517517,0.12706680595874786
1.290000000000001,0.06793270396241084,18.02297592163086,0.10534980132362022,0.20221512020216167,0.12038208544254303,0.12643511593341827
1.292000000000001,0.0679278493192184,18.018539428710938,0.10512472300609922,0.20169700320660097,0.12004745006561279,0.12579134106636047
1.294000000000001,0.06792339367549437,18.01395034790039,0.10487439082331154,0.2011464482392736,0.11967969685792923,0.12513607740402222
1.296000000000001,0.06791932668912645,18.017841339111328,0.10467485662241481,0.20056376129047224,0.11938044428825378,0.1258344054222107
1.298000000000001,0.06791563868502462,18.021949768066406,0.10452622003166716,0.20004591607282568,0.11914969980716705,0.12655526399612427
1.300000000000001,0.0679123203904446,18.025650024414062,0.10442853290294865,0.19959231514174314,0.11898679286241531,0.1273013949394226
1.302000000000001,0.06790936333355857,18.02953338623047,0.10438187900006984,0.1992025120800618,0.11889193207025528,0.12806887924671173
1.304000000000001,0.06790675970846648,18.033193588256836,0.1043863161362318,0.19887604684012153,0.1188649833202362,0.12885929644107819
1.306000000000001,0.06790450262365678,18.036941528320312,0.10444192226487974,0.1986125651781014,0.11890587210655212,0.12947799265384674
1.308000000000001,0.0679025860379799,18.04063606262207,0.1045487623861654,0.19841172271931068,0.11901477724313736,0.1300734579563141
1.310000000000001,0.06790100491617822,18.044353485107422,0.1047069153970745,0.19827325346236974,0.11919183284044266,0.13068225979804993
1.312000000000001,0.0678997552021815,18.048053741455078,0.10491645501139159,0.19819691373983195,0.1194370687007904,0.1313021183013916
1.314000000000001,0.06789883391678934,18.051694869995117,0.10517746547807043,0.19818252127529407,0.11975081264972687,0.13193394243717194
1.316000000000001,0.06789774456847764,18.055091857910156,0.10549003044963534,0.19822992226515515,0.12013386189937592,0.13260257244110107
1.318000000000001,0.06789647673472389,18.05152130126953,0.10577324202955005,0.19833901341376833,0.12047560513019562,0.13242176175117493
1.320000000000001,0.06789502150949463,18.047618865966797,0.10602659701976072,0.19840871763719908,0.12077610939741135,0.13222448527812958
1.322000000000001,0.0678933765976016,18.043983459472656,0.1062497247191054,0.19844074978432721,0.12103595584630966,0.1319936215877533
1.324000000000001,0.06789155554122313,18.040225982666016,0.1064424350836062,0.19843687499718338,0.12125500291585922,0.13171827793121338
1.326000000000001,0.06788957062267004,18.03659439086914,0.10660517402119263,0.1983985324612544,0.12143398076295853,0.13144265115261078
1.328000000000001,0.06788743383458468,18.032817840576172,0.10673837072357005,0.19832594840379883,0.12157338112592697,0.1311701089143753
1.330000000000001,0.0678851570064193,18.02904510498047,0.10684248197329052,0.19821931083855682,0.12167384475469589,0.13089808821678162
1.332000000000001,0.06788275174065807,18.02513313293457,0.1069179642080114,0.19807879219588004,0.1217358261346817,0.13062302768230438
1.334000000000001,0.06788022948055698,18.021255493164062,0.1069652948609138,0.1979046039831437,0.12175971269607544,0.13034287095069885
1.336000000000001,0.06787760146846392,18.017337799072266,0.10698495603112855,0.19769695484193892,0.12174630910158157,0.1300552785396576
1.338000000000001,0.0678748787773127,18.01344871520996,0.1069774468930511,0.19745608246898444,0.12169612944126129,0.12975826859474182
1.340000000000001,0.06787207227876535,18.009605407714844,0.10694327416364027,0.19718222955792317,0.12160983681678772,0.12945029139518738
1.342000000000001,0.06786919265209336,18.005783081054688,0.10688295925937442,0.1968756625555783,0.12148799747228622,0.12913009524345398
1.344000000000001,0.06786625035640172,18.001903533935547,0.10679703271146747,0.1965366579579269,0.12133154273033142,0.12879592180252075
1.346000000000001,0.0678632556257941,17.998050689697266,0.10668603823242676,0.19616551341049482,0.12114112079143524,0.1284465342760086
1.348000000000001,0.06786021844373002,17.99420166015625,0.1065505294022188,0.1957625399623018,0.12091772258281708,0.1280808299779892
1.350000000000001,0.0678571434998298,17.990325927734375,0.10639107191241795,0.19532806866347682,0.12066180258989334,0.12769757211208344
1.352000000000001,0.06785403119705867,17.986286163330078,0.10620812506775135,0.19486244619006088,0.12037473917007446,0.12731803953647614
1.354000000000001,0.06785088125129288,17.982166290283203,0.10600197129748631,0.19436592108994236,0.12005684524774551,0.12692666053771973
1.356000000000001,0.06784802024562948,17.977981567382812,0.10577279201879213,0.19383913495422947,0.11970854550600052,0.12649185955524445
1.358000000000001,0.06784543906281383,17.981231689453125,0.10559442002053913,0.19328317495080197,0.11943080276250839,0.12702858448028564
1.360000000000001,0.06784312937421179,17.984909057617188,0.10546695533856351,0.19279025256538496,0.11922323703765869,0.12759020924568176
1.362000000000001,0.06784108339168961,17.988327026367188,0.10539045305143789,0.19235981568541044,0.11908562481403351,0.12817244231700897
1.364000000000001,0.06783929419920735,17.991920471191406,0.10536499936120465,0.19199145288167832,0.11901765316724777,0.12877345085144043
1.366000000000001,0.06783775562721656,17.995349884033203,0.10539065619107424,0.19168474202106958,0.11901960521936417,0.12938910722732544
1.368000000000001,0.06783646245558105,17.998981475830078,0.10546750531955702,0.19143936100170603,0.11909136921167374,0.13001835346221924
1.370000000000001,0.0678354103541487,18.002574920654297,0.1055956165421013,0.1912549996772911,0.11923329532146454,0.13065819442272186
1.372000000000001,0.06783459600794962,18.006328582763672,0.10577507348146983,0.19113142343549702,0.11944571137428284,0.13131310045719147
1.374000000000001,0.06783401709230258,18.00979995727539,0.10600595510998026,0.1910684218145734,0.11972910165786743,0.1320015788078308
1.376000000000001,0.06783328513715475,18.01331329345703,0.10628835092707851,0.19106584478929625,0.12008453905582428,0.13272535800933838
1.378000000000001,0.06783240998785961,18.009634017944336,0.10654154287107845,0.1911235726068989,0.12039978802204132,0.1324990689754486
1.380000000000001,0.0678314035550515,18.005531311035156,0.10676595598158203,0.1911472638673456,0.12067496031522751,0.13232412934303284
1.382000000000001,0.0678302774190216,18.00162124633789,0.10696212047284556,0.19113709492436692,0.12091119587421417,0.13216742873191833
1.384000000000001,0.06782904265876016,17.997547149658203,0.10713053652281415,0.1910933377968746,0.12110884487628937,0.132014662027359
1.386000000000001,0.06782770999671163,17.993553161621094,0.10727172906700896,0.1910163299570842,0.12126855552196503,0.13185487687587738
1.388000000000001,0.06782628970986834,17.989532470703125,0.10738620740902065,0.19090637201072055,0.12139111757278442,0.1316845566034317
1.390000000000001,0.06782479171388305,17.985782623291016,0.10747449751722847,0.19076380619501598,0.12147706747055054,0.1315019428730011
1.392000000000001,0.06782322551712512,17.982036590576172,0.10753711832723878,0.19058895732429484,0.12152685225009918,0.1313045173883438
1.394000000000001,0.06782160026996346,17.978364944458008,0.10757460070131146,0.19038217837586421,0.12154123187065125,0.13109098374843597
1.396000000000001,0.06781992474171407,17.974628448486328,0.10758747357930244,0.19014381642465755,0.12152085453271866,0.13085880875587463
1.398000000000001,0.0678182073502386,17.971010208129883,0.10757627506487638,0.1898742391506957,0.12146629393100739,0.13060623407363892
1.400000000000001,0.0678164561515728,17.967403411865234,0.10754154435784585,0.18957381518087835,0.12137839198112488,0.1303318291902542
1.402000000000001,0.06781467766279504,17.963848114013672,0.10748382821071656,0.1892429294920959,0.12125813961029053,0.13003358244895935
1.404000000000001,0.06781287273882639,17.960235595703125,0.10740363917468798,0.18888197203428755,0.12110603600740433,0.12972094118595123
1.406000000000001,0.06781104198110448,17.956451416015625,0.10730133010997832,0.1884913083196571,0.12092268466949463,0.12944194674491882
1.408000000000001,0.06780918562689454,17.952543258666992,0.1071771888020935,0.1880711333189901,0.12070886045694351,0.1291690468788147
1.410000000000001,0.06780730478287801,17.948646545410156,0.10703138248605007,0.18762197133009065,0.12046491354703903,0.1288544088602066
1.412000000000001,0.06780540130335476,17.944766998291016,0.1068641239321698,0.18714484468183973,0.12019187211990356,0.12849943339824677
1.414000000000001,0.06780370297178193,17.940948486328125,0.10667566606731133,0.18664067836601714,0.11989036947488785,0.12810564041137695
1.416000000000001,0.06780220212784001,17.94390106201172,0.10653807993800149,0.18611031611170853,0.11966212838888168,0.12872667610645294
1.418000000000001,0.06780089197582662,17.947362899780273,0.10645145597898904,0.1856409494919112,0.1195068210363388,0.12936200201511383
1.420000000000001,0.06779976643858603,17.950435638427734,0.10641584153393499,0.18523208631413163,0.11942368000745773,0.13000594079494476
1.422000000000001,0.06779882036221463,17.95378303527832,0.10643131699961816,0.18488336404551634,0.11941348016262054,0.13065576553344727
1.424000000000001,0.06779804944911835,17.95684051513672,0.10649793980380602,0.18459441111648764,0.11947564780712128,0.1313229501247406
1.426000000000001,0.06779745038005293,17.960071563720703,0.1066157887569652,0.18436494968857253,0.11961067467927933,0.1320076286792755
1.428000000000001,0.06779702078759528,17.962913513183594,0.10678493158518389,0.18419471511046512,0.11981925368309021,0.13270264863967896
1.430000000000001,0.06779650583391891,17.96588897705078,0.10700545098384473,0.18408351502328416,0.12010203301906586,0.13340170681476593
1.432000000000001,0.0677959140814262,17.962215423583984,0.10720015177344852,0.1840311824482885,0.1203475221991539,0.13326404988765717
1.434000000000001,0.06779525374992447,17.9581298828125,0.10736955493365695,0.18394692134876317,0.12055652588605881,0.13312283158302307
1.436000000000001,0.06779453281051445,17.954357147216797,0.10751421651190742,0.1838311921378787,0.12072978168725967,0.1329767405986786
1.438000000000001,0.06779375890150717,17.95046615600586,0.1076346629523388,0.1836843896898187,0.12086790055036545,0.13281936943531036
1.440000000000001,0.06779293937917566,17.94680404663086,0.10773144225170249,0.18350696028298144,0.12097153812646866,0.13264861702919006
1.442000000000001,0.06779208128030444,17.943008422851562,0.10780508584523928,0.18329931350816528,0.12104159593582153,0.1324613392353058
1.444000000000001,0.0677911913510838,17.93930435180664,0.10785613883011715,0.1830618901109159,0.12107890099287033,0.13225539028644562
1.446000000000001,0.06779027603347113,17.93561553955078,0.1078851376066211,0.18279511120138997,0.12108403444290161,0.1320292353630066
1.448000000000001,0.0677893414832865,17.931964874267578,0.10789262767895799,0.18249941768201294,0.12105757743120193,0.1317814141511917
1.450000000000001,0.06778839356875783,17.928260803222656,0.10787915059490254,0.18217524097763665,0.12100059539079666,0.13151107728481293
1.452000000000001,0.06778743482300804,17.924633026123047,0.10784525440175201,0.18182302597958516,0.12091400474309921,0.1312176138162613
1.454000000000001,0.06778646601752564,17.920984268188477,0.10779138187724539,0.1814432141823805,0.1207982525229454,0.13093821704387665
1.456000000000001,0.06778548763309054,17.917251586914062,0.10771794347212225,0.18103611605297917,0.12065405398607254,0.13069450855255127
1.458000000000001,0.06778450051567698,17.913475036621094,0.10762517400768805,0.1806019548076648,0.12048196792602539,0.13043615221977234
1.460000000000001,0.06778350606698354,17.909765243530273,0.10751328577022277,0.1801415387269746,0.12028307467699051,0.13014794886112213
1.462000000000001,0.06778250615882604,17.906044006347656,0.107382535183846,0.17965579079611935,0.1200578585267067,0.12983091175556183
1.464000000000001,0.06778165066317085,17.902362823486328,0.10723321812854036,0.17914554591965193,0.11980753391981125,0.1294870376586914
1.466000000000001,0.06778093451118414,17.904857635498047,0.10713457204522085,0.17861156452475044,0.11963191628456116,0.1300959289073944
1.468000000000001,0.06778035340698717,17.907886505126953,0.10708669647000747,0.1781368378686703,0.11953087896108627,0.13069331645965576
1.470000000000001,0.06777990387250081,17.910564422607422,0.1070896466172402,0.17772086934891346,0.11950433254241943,0.1312628984451294
1.472000000000001,0.06777958328603145,17.913436889648438,0.10714351086482923,0.1773632875965164,0.11955218762159348,0.13178880512714386
1.474000000000001,0.0677793899290242,17.91592788696289,0.10724835352493688,0.1770637210243886,0.11967431753873825,0.13224902749061584
1.476000000000001,0.06777932300680511,17.918567657470703,0.10740426030593668,0.17682189083376545,0.11987163126468658,0.13262128829956055
1.478000000000001,0.06777920745098874,17.92084503173828,0.10761130488047421,0.1766375381622421,0.12014438956975937,0.13306424021720886
1.480000000000001,0.06777904888702782,17.917442321777344,0.10779524914733132,0.1765104775578224,0.12038303911685944,0.13293971121311188
1.482000000000001,0.06777885287577096,17.91338348388672,0.10795661322790963,0.17635414507014413,0.12058820575475693,0.13280576467514038
1.484000000000001,0.06777862479591396,17.909704208374023,0.10809596492748626,0.17616905614061093,0.12076079100370407,0.13266389071941376
1.486000000000001,0.06777836991059842,17.905715942382812,0.1082138326369658,0.1759556465696218,0.12090132385492325,0.1325099915266037
1.488000000000001,0.06777809328516995,17.902053833007812,0.10831077322411181,0.17571440956543855,0.12101083993911743,0.1323448121547699
1.490000000000001,0.06777779983958455,17.89828109741211,0.10838732045138265,0.17544579211758488,0.12108992040157318,0.13216641545295715
1.492000000000001,0.06777749429353291,17.8946533203125,0.10844402519972415,0.17515027449053283,0.12113960087299347,0.13197538256645203
1.494000000000001,0.06777718120602941,17.890884399414062,0.10848142503784193,0.17482831045775968,0.12116037309169769,0.13177122175693512
1.496000000000001,0.06777686494050772,17.887229919433594,0.10850006797490029,0.17448037348121273,0.12115339934825897,0.13155432045459747
1.498000000000001,0.06777654969448438,17.883514404296875,0.108500494566037,0.1741069222559144,0.12111974507570267,0.13132509589195251
1.500000000000001,0.06777623947875897,17.87991714477539,0.10848325189411426,0.17370842756870522,0.12105964124202728,0.1310844123363495
1.5020000000000011,0.06777593813997676,17.87628936767578,0.10844888307233366,0.1732853524418141,0.12097450345754623,0.13083294034004211
1.5040000000000011,0.06777564639932171,17.872718811035156,0.10839793544519735,0.17283816776254773,0.12086527794599533,0.13057197630405426
1.5060000000000011,0.06777536488127028,17.868976593017578,0.10833088228255329,0.1723673408365647,0.12073242664337158,0.13031166791915894
1.5080000000000011,0.06777509446435573,17.865116119384766,0.10824822031082305,0.1718731973111083,0.12057711184024811,0.13005274534225464
1.5100000000000011,0.06777483636216725,17.861644744873047,0.1081502425053112,0.17135606095953923,0.12039997428655624,0.12978620827198029
1.5120000000000011,0.0677745920650338,17.85857391357422,0.10803726277449516,0.1708167330213884,0.12020201236009598,0.12951301038265228
1.5140000000000011,0.06777445486891484,17.85570526123047,0.10790963092660202,0.17025598292052777,0.11998394131660461,0.12924183905124664
1.5160000000000011,0.06777442294704583,17.85567283630371,0.10783224458099291,0.16967451368440611,0.11984220147132874,0.12962153553962708
1.5180000000000011,0.06777449505412163,17.857025146484375,0.10780522757325914,0.16915050740908413,0.11977606266736984,0.13008446991443634
1.5200000000000011,0.06777467084827385,17.858356475830078,0.10782865481251057,0.16868339832149928,0.11978523433208466,0.13061854243278503
1.5220000000000011,0.06777495071134425,17.860050201416016,0.10790263244461717,0.168272745959854,0.11986996233463287,0.13122178614139557
1.5240000000000011,0.06777521668229188,17.861289978027344,0.10802723889928653,0.1679181261408926,0.12003006041049957,0.13188938796520233
1.5260000000000011,0.06777547241499932,17.85774040222168,0.1081333971769978,0.16761921075239472,0.12016233801841736,0.13173533976078033
1.5280000000000011,0.06777572173314196,17.853418350219727,0.10822161547934565,0.16729556126260192,0.12026771157979965,0.13157249987125397
1.5300000000000011,0.06777596817630226,17.849781036376953,0.10829245753317762,0.16694771958420238,0.12034714967012405,0.13140398263931274
1.5320000000000011,0.06777621534505826,17.84566879272461,0.10834644308472151,0.16657614836331744,0.12040127068758011,0.1312270164489746
1.5340000000000011,0.06777646661598799,17.841920852661133,0.10838412451711778,0.16618136326449404,0.12043149769306183,0.13104334473609924
1.5360000000000011,0.06777672536098361,17.837993621826172,0.10840602794701318,0.16576383301009895,0.12043831497430801,0.13085199892520905
1.5380000000000011,0.06777699477003087,17.834575653076172,0.10841269848681033,0.16532405601598052,0.12042297422885895,0.13065414130687714
1.5400000000000011,0.0677772779909393,17.83123779296875,0.10840466546070206,0.16486250271495062,0.12038636952638626,0.13044986128807068
1.5420000000000011,0.0677775780205547,17.828018188476562,0.10838246905823083,0.16437965998261622,0.12032933533191681,0.13024015724658966
1.5440000000000011,0.06777789779450424,17.824790954589844,0.10834663982639266,0.16387599785798856,0.12025294452905655,0.13002580404281616
1.5460000000000012,0.06777824012172097,17.821651458740234,0.10829771431053029,0.16335199529987235,0.12015797942876816,0.12980762124061584
1.5480000000000012,0.06777860774299865,17.818431854248047,0.1082362229684899,0.1628081209758137,0.12004564702510834,0.12958696484565735
1.5500000000000012,0.06777907438262505,17.81521987915039,0.10816269930848361,0.1622448481802416,0.11991691589355469,0.1293647140264511
1.5520000000000012,0.06777964142399404,17.8134708404541,0.10813912439019277,0.16166264372548145,0.11986351013183594,0.1299954056739807
1.5540000000000012,0.06778031068459643,17.81243133544922,0.10816563931197853,0.16113584175904838,0.11988542228937149,0.1307075470685959
1.5560000000000012,0.06778108501075703,17.81085968017578,0.10824232994565483,0.1606638678544579,0.11998235434293747,0.13149279356002808
1.5580000000000012,0.06778185618753953,17.810348510742188,0.10836931516184606,0.1602462766466791,0.1201545000076294,0.13234741985797882
1.5600000000000012,0.06778262701007251,17.806676864624023,0.10848008750240686,0.15988264928336013,0.1203024759888649,0.13221658766269684
1.5620000000000012,0.06778340048449247,17.802776336669922,0.10857516820278981,0.15949725529515316,0.12042702734470367,0.13208091259002686
1.5640000000000012,0.06778417943348038,17.799406051635742,0.1086551066703518,0.15909059234666464,0.12052939832210541,0.13194212317466736
1.5660000000000012,0.06778496678742325,17.795806884765625,0.10872042698025372,0.15866311875938863,0.12061019986867905,0.13179871439933777
1.5680000000000012,0.06778576534149866,17.792530059814453,0.10877166897676235,0.15821531416118825,0.12067056447267532,0.13165171444416046
1.5700000000000012,0.06778657793595667,17.789112091064453,0.10880935650505658,0.1577476338280308,0.12071121484041214,0.13150076568126678
1.5720000000000012,0.06778740730756985,17.785877227783203,0.10883402174097138,0.1572605438386727,0.12073347717523575,0.1313466876745224
1.5740000000000012,0.06778825600920814,17.78261947631836,0.10884618636050317,0.15675449476399902,0.12073786556720734,0.13118982315063477
1.5760000000000012,0.06778911327782815,17.779508590698242,0.10884637589299839,0.15622994205046578,0.12072551250457764,0.13103081285953522
1.5780000000000012,0.06778997322711615,17.77640724182129,0.10883510856574347,0.15568733085451858,0.1206972599029541,0.13087035715579987
1.5800000000000012,0.06779083787927358,17.773365020751953,0.10881290373666638,0.15512710785266226,0.12065410614013672,0.13070927560329437
1.5820000000000012,0.06779170911586803,17.77039337158203,0.10878027527802657,0.15454971248684912,0.12059672176837921,0.13054822385311127
1.5840000000000012,0.06779258865522672,17.767536163330078,0.10873773650162101,0.15395558378788074,0.12052624672651291,0.13038836419582367
1.5860000000000012,0.0677934780855065,17.764705657958984,0.10868579621882762,0.15334515530014958,0.1204436719417572,0.13023029267787933
1.5880000000000012,0.06779437885539932,17.761903762817383,0.10862496158985391,0.15271885899686516,0.12034942209720612,0.13007518649101257
1.5900000000000012,0.06779529229722232,17.7590389251709,0.10855573575676768,0.15207712230940046,0.1202448159456253,0.129924014210701
1.5920000000000012,0.06779621962545146,17.756122589111328,0.10847861946418356,0.15142037034086034,0.1201304942369461,0.12977759540081024
1.5940000000000012,0.06779716195409735,17.753177642822266,0.10839410961340473,0.15074902409380875,0.12000769376754761,0.1295384019613266
1.5960000000000012,0.06779818067890607,17.75025177001953,0.10830270015532965,0.1500635016841712,0.11987683176994324,0.12930038571357727
1.5980000000000012,0.06779927660487485,17.747377395629883,0.10826099549540798,0.1493642172473784,0.11982056498527527,0.13027144968509674
1.6000000000000012,0.06780045061955166,17.74509048461914,0.1082691322122547,0.14871736976546024,0.1198386549949646,0.1310701072216034
1.6020000000000012,0.06780170439825808,17.74224853515625,0.10832718742401212,0.1481222895891529,0.11993089318275452,0.12984409928321838
1.6040000000000012,0.06780293988561943,17.739768981933594,0.10843526976351726,0.14757843490963315,0.12009678035974503,0.12859787046909332
1.6060000000000012,0.06780415953569276,17.73682403564453,0.1085316599465116,0.14708530785457608,0.12024549394845963,0.12826326489448547
1.6080000000000012,0.0678053659230535,17.733522415161133,0.10861684647941547,0.14657518792505728,0.12037806212902069,0.12790793180465698
1.6100000000000012,0.067806561330496,17.730600357055664,0.10869134707669292,0.14604854089187722,0.12049530446529388,0.1275368332862854
1.6120000000000012,0.06780774807247776,17.727455139160156,0.10875565048007503,0.14550579499377975,0.12059839069843292,0.12714749574661255
1.6140000000000012,0.06780892826182851,17.724517822265625,0.10881026099174015,0.14494739272338228,0.12068776786327362,0.1267431229352951
1.6160000000000012,0.06781010399848675,17.721406936645508,0.10885566385791291,0.14437375199433503,0.12076468020677567,0.12632250785827637
1.6180000000000012,0.06781127723892014,17.718416213989258,0.10889235166633077,0.14378529610559965,0.12082989513874054,0.12588775157928467
1.6200000000000012,0.06781244990762189,17.71538734436035,0.10892080377066074,0.14318243143076767,0.12088413536548615,0.12543796002864838
1.6220000000000012,0.06781362382550042,17.712444305419922,0.10894150189568139,0.14256556476673912,0.12092822790145874,0.12497460842132568
1.6240000000000012,0.06781480077706632,17.709550857543945,0.10895491790837647,0.1419350905234163,0.12096292525529861,0.12449811398983002
1.6260000000000012,0.06781598247267169,17.70673370361328,0.10896152301341629,0.14129140076930147,0.12098930776119232,0.12400918453931808
1.6280000000000012,0.06781717059026814,17.703887939453125,0.10896178047616589,0.1406348778772537,0.12100782245397568,0.12350810319185257
1.6300000000000012,0.06781836675704907,17.70107650756836,0.10895615101724507,0.1399659003361058,0.1210193857550621,0.1229950487613678
1.6320000000000012,0.06781957257659287,17.698261260986328,0.1089450884683828,0.1392848385242759,0.12102454900741577,0.12247058749198914
1.6340000000000012,0.0678207896215919,17.695453643798828,0.10892904291572882,0.13859205806266672,0.12102451175451279,0.12193523347377777
1.6360000000000012,0.06782201945256032,17.692440032958984,0.10890845809013694,0.13788791737736159,0.12101941555738449,0.12138867378234863
1.6380000000000012,0.06782326361684746,17.689208984375,0.10888377317827974,0.13717276962228944,0.12101046741008759,0.12083154171705246
1.6400000000000012,0.06782452366243143,17.685989379882812,0.10885542123733156,0.13644696126267444,0.12099787592887878,0.12026329338550568
1.6420000000000012,0.06782565004575546,17.682783126831055,0.10882383021830544,0.1357108331645853,0.12098262459039688,0.1196838840842247
1.6440000000000012,0.06782680548035246,17.67821502685547,0.1087436257224223,0.13496471975954094,0.12089793384075165,0.12047137320041656
1.6460000000000012,0.06782782473637979,17.67560577392578,0.10866278159944533,0.1341698761396735,0.12081506103277206,0.11980894207954407
1.6480000000000012,0.06782888653610476,17.670591354370117,0.10853338496956622,0.13336703072163256,0.12066367268562317,0.12058304995298386
1.6500000000000012,0.06782981058897186,17.66822624206543,0.10840597682857407,0.13251677330514897,0.12051867693662643,0.11984065175056458
1.6520000000000012,0.0678307938077806,17.66286849975586,0.10823015491678661,0.1316605028903206,0.12030615657567978,0.12059410661458969
1.6540000000000012,0.06783163836744233,17.661033630371094,0.10805901862477106,0.13075821705557814,0.12010481208562851,0.11984553933143616
1.6560000000000012,0.06783256549129961,17.656116485595703,0.10783947451551872,0.12985195716424638,0.11983442306518555,0.12057553976774216
1.6580000000000013,0.06783335559965768,17.654617309570312,0.1076694444241051,0.12890163587702963,0.11963775008916855,0.11928889155387878
1.6600000000000013,0.0678342293773829,17.649747848510742,0.10745131583110527,0.1280004187017299,0.11937245726585388,0.11999663710594177
1.6620000000000013,0.0678349678222672,17.648082733154297,0.1072827177226987,0.12705591681509565,0.11918012797832489,0.11873307824134827
1.6640000000000013,0.06783579085158425,17.642974853515625,0.10706631117354609,0.1261599020671252,0.11891985684633255,0.1194213330745697
1.6660000000000013,0.06783648029389476,17.64133644104004,0.10689943754869355,0.12522144095247537,0.11873221397399902,0.11818000674247742
1.6680000000000013,0.0678372550463134,17.63605499267578,0.10668503334763471,0.12433085063515421,0.11847694963216782,0.1188531145453453
1.6700000000000013,0.06783789803526685,17.634353637695312,0.10652014992012239,0.12339870787632605,0.11829348653554916,0.11763264983892441
1.6720000000000013,0.06783862687646267,17.62899398803711,0.10630800643238583,0.122513817038526,0.11804328858852386,0.11829666048288345
1.6740000000000013,0.06783922586422907,17.627212524414062,0.10614535726060108,0.12158831949284207,0.11786437779664993,0.11709558963775635
1.6760000000000013,0.06783991107087768,17.621868133544922,0.10593571461172813,0.12070944930695682,0.11761919409036636,0.11775754392147064
1.6780000000000013,0.06784046842590125,17.620052337646484,0.10577552617673909,0.11979096774020756,0.11744458228349686,0.11657579988241196
1.6800000000000013,0.06784111219962655,17.614704132080078,0.10556860938360967,0.11891848035368288,0.11720447987318039,0.11724318563938141
1.6820000000000013,0.0678416302183642,17.612834930419922,0.10541109384219854,0.11800742537289492,0.11703455448150635,0.11608055979013443
1.6840000000000013,0.06784202405059821,17.607425689697266,0.1052071154242491,0.11714172012684407,0.11679945886135101,0.11676190793514252
1.6860000000000013,0.067842504477393,17.602008819580078,0.10495681871357786,0.11623853917105126,0.11649972945451736,0.11749112606048584
1.6880000000000013,0.0678430710755453,17.600086212158203,0.10475582965003066,0.11529946888492341,0.11627054214477539,0.11636684089899063
1.6900000000000013,0.06784351718916891,17.597993850708008,0.10460412952750467,0.11440570979728445,0.11611095070838928,0.11524277925491333
1.6920000000000013,0.06784404916832687,17.59265899658203,0.10440656325991864,0.1135558784704365,0.11588688939809799,0.11597703397274017
1.6940000000000013,0.06784446300604177,17.590591430664062,0.1042581914163768,0.11267097878393963,0.11573198437690735,0.11487353593111038
1.6960000000000013,0.0678449622755554,17.58519744873047,0.10406421862615767,0.11182931984447717,0.11551300436258316,0.11564205586910248
1.6980000000000013,0.06784534585161714,17.58303451538086,0.1039193364641831,0.11095383785851551,0.11536291241645813,0.1145600974559784
1.7000000000000013,0.06784581430263577,17.577247619628906,0.10372912477271781,0.11012088919425911,0.11514946818351746,0.11536482721567154
1.7020000000000013,0.06784616961026822,17.575117111206055,0.10358789095831916,0.10925541293195352,0.11500413715839386,0.11430435627698898
1.7040000000000013,0.06784660911698019,17.569168090820312,0.10340160528762685,0.10843174074394879,0.11479616910219193,0.11514143645763397
1.7060000000000013,0.06784693812987015,17.567096710205078,0.10326417598138475,0.10757688818184764,0.11465592682361603,0.1141025647521019
1.7080000000000013,0.06784735055047442,17.561054229736328,0.10308197881179523,0.10676308732515911,0.11445324867963791,0.11495931446552277
1.7100000000000013,0.06784765522389055,17.559040069580078,0.10294850784018289,0.1059195067813911,0.11431817710399628,0.11394016444683075
1.7120000000000013,0.06784804240132608,17.552898406982422,0.10277055938629182,0.10511620121854635,0.11412105709314346,0.11479277908802032
1.7140000000000013,0.06784832467294308,17.550920486450195,0.10264119835872848,0.10428457183606259,0.11399117857217789,0.11378997564315796
1.7160000000000013,0.06784868843541596,17.544677734375,0.10246765667963122,0.10349241515332834,0.11379992961883545,0.11459971964359283
1.7180000000000013,0.06784895022590591,17.542598724365234,0.10234255505776936,0.1026734474216519,0.11367515474557877,0.11360661685466766
1.7200000000000013,0.06784929238724244,17.536216735839844,0.10217357611393654,0.10189312336023812,0.11348945647478104,0.11436084657907486
1.7220000000000013,0.06784971335831042,17.5341796875,0.10205288123971235,0.10108755962294122,0.1133701503276825,0.11363852024078369
1.7240000000000013,0.06785003534145699,17.531166076660156,0.10198032872446589,0.1003197825780389,0.11331626027822495,0.11291854828596115
1.7260000000000013,0.06785043496050905,17.525501251220703,0.10186426936218947,0.09958822348937231,0.11320161074399948,0.1151091605424881
1.7280000000000013,0.06785091099784087,17.52255630493164,0.10179614992074273,0.09883262935099746,0.11315225064754486,0.11440330743789673
1.7300000000000013,0.06785146270644983,17.51955795288086,0.10177581999029417,0.09811241758704033,0.113167405128479,0.11369980871677399
1.7320000000000013,0.0678519176601019,17.516677856445312,0.10180312511918019,0.09742609312663748,0.11324648559093475,0.11299901455640793
1.7340000000000013,0.06785244730136145,17.510618209838867,0.10178722987007623,0.09677228686324305,0.11326456069946289,0.11497589200735092
1.7360000000000013,0.06785305131625399,17.50735855102539,0.10181870260388846,0.09609524920972344,0.11334633082151413,0.11428850144147873
1.7380000000000013,0.06785372993168788,17.503358840942383,0.10189738814257107,0.09544996824984534,0.11349160969257355,0.11360056698322296
1.7400000000000013,0.06785431302529782,17.499252319335938,0.10202313682966326,0.09483516366475621,0.11369980871677399,0.11279246211051941
1.7420000000000013,0.06785480014748976,17.492887496948242,0.10210571638166623,0.0942496873361778,0.11385038495063782,0.11334797739982605
1.7440000000000013,0.06785519179380309,17.486238479614258,0.10214522263453776,0.09364153469848795,0.11394337564706802,0.1139162927865982
1.7460000000000013,0.06785565613773996,17.479232788085938,0.10214180184879253,0.0930121520002556,0.11397936940193176,0.11450736224651337
1.7480000000000013,0.06785602652582501,17.475624084472656,0.10218510389120035,0.09236321177393123,0.11407802253961563,0.11323866993188858
1.7500000000000013,0.06785630458107554,17.468482971191406,0.10218571176761804,0.0917439233053504,0.11411938816308975,0.11381671577692032
1.7520000000000013,0.06785665457153768,17.461116790771484,0.10214383133207654,0.09110657923624896,0.11410436779260635,0.11441997438669205
1.7540000000000013,0.06785691474735961,17.45758056640625,0.10214850310509885,0.09045312781118743,0.11415138840675354,0.11316349357366562
1.7560000000000013,0.06785708784861534,17.45017433166504,0.10211098490932971,0.08982906646277171,0.11414236575365067,0.11375650763511658
1.7580000000000013,0.06785733240575266,17.44281005859375,0.10203153885486602,0.08919064161178548,0.1140771359205246,0.11437607556581497
1.7600000000000013,0.0678574933534702,17.43933868408203,0.10199852416122686,0.08854009557309436,0.11407382786273956,0.11313271522521973
1.7620000000000013,0.06785757454161456,17.431865692138672,0.10192393851814921,0.08791864682774304,0.11401522904634476,0.11374442279338837
1.7640000000000013,0.06785772690445628,17.42410659790039,0.10180810056612513,0.08728708547076801,0.11390137672424316,0.11438368260860443
1.7660000000000013,0.06785780386455777,17.42086410522461,0.1017386098164405,0.08664796647658032,0.11384942382574081,0.11315504461526871
1.7680000000000013,0.06785795027260973,17.412979125976562,0.10162827787299127,0.0860376306657721,0.11374258995056152,0.11378832906484604
1.7700000000000014,0.0678580256170787,17.40972900390625,0.1015641404101861,0.08542203219944679,0.11369732022285461,0.11256744712591171
1.7720000000000014,0.06785803496075239,17.401630401611328,0.10145956251602067,0.0848339376493236,0.11359751969575882,0.11319475620985031
1.7740000000000014,0.0678581134301162,17.39272689819336,0.1013149255591704,0.08424294049782857,0.11344406753778458,0.11384985595941544
1.7760000000000014,0.06785813108386196,17.390140533447266,0.1012164032606984,0.08365198935937533,0.11335187405347824,0.11264618486166
1.7780000000000014,0.06785821556004844,17.381011962890625,0.10107827902029622,0.08308818205692253,0.1132061779499054,0.1132957935333252
1.7800000000000014,0.06785824436314625,17.37834930419922,0.10098608991658213,0.08252708217666703,0.1131211519241333,0.11210237443447113
1.7820000000000014,0.06785822374296752,17.36910057067871,0.10085474566451458,0.08199166206836356,0.11298331618309021,0.11274596303701401
1.7840000000000014,0.06785826952289427,17.359699249267578,0.10068469637673844,0.08146166899548578,0.11279276013374329,0.11341489106416702
1.7860000000000014,0.06785827182514384,17.357223510742188,0.1005605033687888,0.08094045014868097,0.11266322433948517,0.11224241554737091
1.7880000000000014,0.0678583376088055,17.347736358642578,0.10039811113717434,0.08044446870232566,0.11248151957988739,0.11290423572063446
1.7900000000000014,0.06785836579867313,17.345130920410156,0.10028136375534191,0.07996027190131429,0.11235984414815903,0.11174463480710983
1.7920000000000014,0.06785845433709951,17.335569381713867,0.10012691292246889,0.07949962609675928,0.11218664795160294,0.11239789426326752
1.7940000000000014,0.06785851112481506,17.332931518554688,0.10001786906846474,0.07905381018165196,0.11207301169633865,0.1112530529499054
1.7960000000000014,0.06785854368438987,17.32326889038086,0.09987161052203818,0.07862979207290913,0.11190830171108246,0.11189613491296768
1.7980000000000014,0.0678586358726951,17.313217163085938,0.09968867249045932,0.07822367046459146,0.11169342696666718,0.11255871504545212
1.8000000000000014,0.06785871044645161,17.310871124267578,0.09955103809902928,0.07783917895175536,0.1115376204252243,0.11143948882818222
1.8020000000000014,0.06785884091913873,17.30121612548828,0.09937727843399209,0.07747578528938695,0.11133211106061935,0.1120893657207489
1.8040000000000014,0.06785896032921086,17.2987060546875,0.09924855265339291,0.0771373036381573,0.11118530482053757,0.11098718643188477
1.8060000000000014,0.0678591317112457,17.289012908935547,0.09908424791573689,0.07681787001282922,0.11098921298980713,0.11162276566028595
1.8080000000000014,0.06785929854092042,17.286483764648438,0.09896468067002723,0.07652660167697187,0.11085129529237747,0.11053912341594696
1.8100000000000014,0.06785951324593913,17.276607513427734,0.09881007549849809,0.07625224119361629,0.11066459119319916,0.11115918308496475
1.8120000000000014,0.06785972988286673,17.27408218383789,0.09869988744148496,0.07600925139839267,0.1105356365442276,0.11009494215250015
1.8140000000000014,0.06785999015106177,17.26409149169922,0.0985551992429869,0.07578093692131026,0.11035840213298798,0.11069820821285248
1.8160000000000014,0.06786025882169337,17.261554718017578,0.09845458595450243,0.07558713175235478,0.11023839563131332,0.10965467989444733
1.8180000000000014,0.06786056674996176,17.25142478942871,0.09832000863440431,0.07540567714799272,0.11007056385278702,0.11024048924446106
1.8200000000000014,0.06786088954693664,17.248912811279297,0.09822914395507716,0.07526178549631837,0.10995946824550629,0.10921799391508102
1.8220000000000014,0.06786123632979539,17.23868179321289,0.09810485087241558,0.07512782975672158,0.10980133712291718,0.1097862720489502
1.8240000000000014,0.06786162114453553,17.228139877319336,0.09794780108758956,0.07503438854793312,0.10959640890359879,0.11036285012960434
1.8260000000000014,0.0678620371339731,17.22589111328125,0.09783428839260518,0.07498513635144011,0.10944818705320358,0.10937157273292542
1.8280000000000014,0.06786248625679603,17.215274810791016,0.09768862887207669,0.07494412549803318,0.10925393551588058,0.1099303811788559
1.8300000000000014,0.06786297370889362,17.2130069732666,0.09758611559133548,0.07495020748164881,0.10911580175161362,0.10896094143390656
1.8320000000000014,0.0678634892520485,17.20228385925293,0.09745206102322167,0.07496174561418813,0.10893247276544571,0.10950332134962082
1.8340000000000014,0.06786405025791609,17.20006561279297,0.09736073750316393,0.0750231120819841,0.10880452394485474,0.10855567455291748
1.8360000000000014,0.06786463418759145,17.18917465209961,0.09723847546811568,0.07508707241399949,0.1086319163441658,0.10908284038305283
1.8380000000000014,0.06786527070234043,17.187044143676758,0.09715850694504884,0.07520341787707643,0.10851408541202545,0.10815706104040146
1.8400000000000014,0.06786592486387559,17.176076889038086,0.09704820107839873,0.07531943124777297,0.10835240036249161,0.10867144167423248
1.8420000000000014,0.06786663872943408,17.17401123046875,0.09697972736559575,0.07549020092491504,0.10824491083621979,0.10776734352111816
1.8440000000000014,0.06786736486713624,17.162864685058594,0.09688071699156842,0.0756576643370955,0.10809419304132462,0.1082712709903717
1.8460000000000014,0.06786815783017658,17.160673141479492,0.09682186344023753,0.0758820661243155,0.10799670219421387,0.10738877952098846
1.8480000000000014,0.06786895760286508,17.149417877197266,0.096732323055254,0.07610015619532022,0.1078571155667305,0.10788489133119583
1.8500000000000014,0.0678698313288718,17.147186279296875,0.0966826348979414,0.07637717739028783,0.10777013748884201,0.10702407360076904
1.8520000000000014,0.06787078981609392,17.135618209838867,0.09660178883988235,0.07664486796761952,0.10764133930206299,0.10751582682132721
1.8540000000000014,0.06787175361798288,17.123699188232422,0.09648947350638709,0.07697329588138083,0.10747190564870834,0.1080225333571434
1.8560000000000014,0.06787280993054924,17.12173843383789,0.09641536404486332,0.07736498160221672,0.10735495388507843,0.10719792544841766
1.8580000000000014,0.06787386554610822,17.10967254638672,0.09631001770767715,0.07774435654261154,0.10719813406467438,0.10770680010318756
1.8600000000000014,0.0678750214052373,17.107616424560547,0.09624263396292307,0.07818855824128798,0.10709290206432343,0.10690412670373917
1.8620000000000014,0.06787617044974033,17.095458984375,0.09614424421718042,0.07861728561796273,0.10694844275712967,0.10741838067770004
1.8640000000000014,0.06787742746248639,17.093318939208984,0.09608357281117935,0.07911221205620042,0.10685492306947708,0.10663767158985138
1.8660000000000014,0.06787867145058371,17.08102035522461,0.09599212483225626,0.07958854914273615,0.10672330111265182,0.10716110467910767
1.8680000000000014,0.06788003112955275,17.078968048095703,0.09593814995684269,0.08013227518280808,0.1066417247056961,0.10640203952789307
1.8700000000000014,0.06788137149218088,17.066463470458984,0.09585362657128409,0.08065436349056193,0.1065225899219513,0.10693805664777756
1.8720000000000014,0.06788283527075806,17.064449310302734,0.09580633008236775,0.08124486340603898,0.10645275563001633,0.10620094835758209
1.8740000000000014,0.06788427336815574,17.05169677734375,0.09572871186215644,0.08181075991905566,0.1063462346792221,0.10675231367349625
1.8760000000000014,0.06788584261222765,17.049938201904297,0.09568807339199557,0.08244593898548261,0.10628776997327805,0.10603725165128708
1.8780000000000014,0.06788737974392746,17.037029266357422,0.09561733876466716,0.08305364539593461,0.10619374364614487,0.10660669952630997
1.8800000000000014,0.0678890557608821,17.03546142578125,0.09558333584517895,0.08373136899646666,0.1061469241976738,0.10591398179531097
1.8820000000000014,0.06789069317335537,17.022367477416992,0.09551946121332691,0.08437885832235106,0.1060652881860733,0.10650346428155899
1.8840000000000015,0.0678924772189776,17.020885467529297,0.09549206940471143,0.08509697805140332,0.10602952539920807,0.10583323240280151
1.8860000000000015,0.06789421611147312,17.007654190063477,0.09543502926965101,0.08578221824544226,0.10595999658107758,0.10644467920064926
1.8880000000000015,0.06789610939521597,17.006216049194336,0.09541422228986417,0.08653859471850192,0.10593537241220474,0.10579727590084076
1.8900000000000015,0.0678979509242129,16.99285888671875,0.09536398937541492,0.0872595690776929,0.10587754845619202,0.1064315065741539
1.8920000000000015,0.06789995461322945,16.991531372070312,0.09534973922718087,0.08805209134787466,0.1058635488152504,0.10580739378929138
1.8940000000000015,0.06790189989583131,16.97797393798828,0.09530628460059778,0.08880681569991147,0.10581721365451813,0.10646515339612961
1.8960000000000015,0.0679037751767392,16.97675895690918,0.0952985616936085,0.08963341733665024,0.10581337660551071,0.10586433857679367
1.8980000000000015,0.06790581560944729,16.97512435913086,0.09532633551153666,0.09041995410976747,0.10585048794746399,0.10527157783508301
1.9000000000000015,0.0679077798687501,16.96172332763672,0.09532600307296579,0.09116500301407636,0.10585539042949677,0.1059327945113182
1.9020000000000015,0.06790991667944418,16.960166931152344,0.09536376868512181,0.0919818982416139,0.10589970648288727,0.10536463558673859
1.9040000000000015,0.06791197110841227,16.94648551940918,0.09537615695616343,0.09275527880660554,0.10591257363557816,0.1060466468334198
1.9060000000000015,0.06791420549030634,16.94459342956543,0.09542612628852772,0.093600631713181,0.10596335679292679,0.10550352185964584
1.9080000000000015,0.06791635124300913,16.930618286132812,0.09545127957331011,0.09440057494484601,0.10598340630531311,0.10620548576116562
1.9100000000000015,0.06791868435182649,16.928804397583008,0.09551337768231345,0.09527258544460555,0.10603972524404526,0.10568775236606598
1.9120000000000015,0.06792092254337678,16.914682388305664,0.09555122540153448,0.09609741760326879,0.1060660183429718,0.10640849173069
1.9140000000000015,0.06792335549591576,16.912952423095703,0.09562537635470816,0.09699438387874312,0.10612693428993225,0.10591638833284378
1.9160000000000015,0.06792568720181667,16.898691177368164,0.09567584546350696,0.09784252375560452,0.10615839064121246,0.10665428638458252
1.9180000000000015,0.0679282210754904,16.89716339111328,0.09576197046425095,0.09876283931620772,0.10622264444828033,0.10618755221366882
1.9200000000000015,0.06793064733173876,16.88268280029297,0.0958249837930889,0.09963279511077483,0.10623778402805328,0.1069411039352417
1.9220000000000015,0.06793295438593325,16.881315231323242,0.09592299975515403,0.10057494544216405,0.10628293454647064,0.10649972409009933
1.9240000000000015,0.06793546597507608,16.879478454589844,0.09605519206153079,0.1014653113341578,0.10636086761951447,0.10607385635375977
1.9260000000000015,0.0679378526066629,16.86490249633789,0.0961645772262278,0.10230338742206369,0.10641694813966751,0.10681207478046417
1.9280000000000015,0.06794045090393007,16.862829208374023,0.09630747438278331,0.10321375132486672,0.10650523006916046,0.10641182214021683
1.9300000000000015,0.06794291843078339,16.848085403442383,0.09642806631316003,0.1040705207625646,0.10657215863466263,0.10715994983911514
1.9320000000000015,0.06794524414302158,16.846105575561523,0.09658151039579599,0.1049994695542639,0.10667074471712112,0.10678467154502869
1.9340000000000015,0.06794778371837001,16.843692779541016,0.09676700388728957,0.10587362755144114,0.10680050402879715,0.10642726719379425
1.9360000000000015,0.0679501763174017,16.828792572021484,0.09693042771066836,0.10669274938968763,0.10690899193286896,0.10715176165103912
1.9380000000000015,0.0679527896188536,16.82647132873535,0.09712525076702637,0.1075841423678312,0.1070481389760971,0.10681847482919693
1.9400000000000015,0.06795525069899297,16.81148338317871,0.09729845188200209,0.10841939297927616,0.10716643184423447,0.10754801332950592
1.9420000000000015,0.06795793926216763,16.809274673461914,0.0975024127691792,0.10932672175167218,0.1073148176074028,0.1072383001446724
1.9440000000000015,0.06796047028132274,16.794189453125,0.09768520582488437,0.11017690652220963,0.10744254291057587,0.10797147452831268
1.9460000000000015,0.0679628331638471,16.792146682739258,0.0978981277754529,0.11109899836841444,0.10760000348091125,0.10768348723649979
1.9480000000000015,0.06796542541005675,16.79027557373047,0.0981404208802305,0.11196303791742784,0.10778682678937912,0.10741341859102249
1.9500000000000015,0.06796784488689674,16.774883270263672,0.09836174037888727,0.1127690626389413,0.10795309394598007,0.10811440646648407
1.9520000000000015,0.06797050022857973,16.77325439453125,0.09861182331240156,0.11364715355485336,0.1081482470035553,0.10786468535661697
1.9540000000000015,0.06797297805926596,16.75774383544922,0.09884133652840754,0.11446636657007239,0.10832298547029495,0.1085660383105278
1.9560000000000015,0.06797569817333814,16.75627899169922,0.09909901843410342,0.11535740281551247,0.10852625966072083,0.10833525657653809
1.9580000000000015,0.06797823593661706,16.740581512451172,0.0993365397430792,0.1161887901014603,0.10870946198701859,0.10903611034154892
1.9600000000000015,0.0679810223345646,16.73925018310547,0.09960164580263127,0.11709178697492499,0.10892078280448914,0.10882294178009033
1.9620000000000015,0.06798362145334669,16.72342872619629,0.09984700356216927,0.117934444509958,0.10911228507757187,0.10952246934175491
1.9640000000000015,0.06798647550382936,16.72222137451172,0.10011937128981512,0.11884852030937534,0.1093316301703453,0.10932585597038269
1.9660000000000015,0.06798913726670382,16.706315994262695,0.10037240454623828,0.11970163747343025,0.10953114926815033,0.11002347618341446
1.9680000000000015,0.06799159638881482,16.705177307128906,0.1006518809027083,0.12062599831375842,0.10975798964500427,0.1098422035574913
1.9700000000000015,0.06799431173303548,16.703624725341797,0.10095711286096169,0.12148884415053474,0.1100117564201355,0.10967583954334259
1.9720000000000015,0.0679968201967135,16.687782287597656,0.10124317840090458,0.12229051954450079,0.11024612188339233,0.11033495515584946
1.9740000000000015,0.06799959098598446,16.686370849609375,0.10155446410536946,0.12316372586655824,0.11050694435834885,0.11018300801515579
1.9760000000000015,0.06800215053117221,16.670501708984375,0.10184694472416811,0.12397519045235134,0.11074857413768768,0.1108391210436821
1.9780000000000015,0.06800497841362863,16.66930389404297,0.10216412212032544,0.12485792334427132,0.11101632565259933,0.1107013076543808
1.9800000000000015,0.0680075905794415,16.65306854248047,0.10246265783609003,0.12567841360906304,0.11126508563756943,0.11135393381118774
1.9820000000000015,0.06801047702045651,16.651710510253906,0.10278447041601312,0.1265699376152701,0.11153963208198547,0.11122988909482956
1.9840000000000015,0.06801314317591821,16.634918212890625,0.10308694832640687,0.12739877899852747,0.1117953360080719,0.11187940835952759
1.9860000000000015,0.06801608948582792,16.633129119873047,0.10341236997881759,0.12829844116390338,0.11207661777734756,0.11176888644695282
1.9880000000000015,0.06801881085578633,16.61631965637207,0.10371862465691956,0.12913503366952214,0.1123390793800354,0.11241477727890015
1.9900000000000015,0.06802181821326138,16.614587783813477,0.10404760340127134,0.1300422504527198,0.11262675374746323,0.11231823265552521
1.9920000000000015,0.06802459269361574,16.597909927368164,0.10435758299949986,0.1308860568540492,0.11289608478546143,0.11296065151691437
1.9940000000000015,0.06802761104272095,16.596195220947266,0.10469006780922546,0.13180030338399337,0.11319011449813843,0.11287818849086761
1.9960000000000016,0.06803034591519452,16.579559326171875,0.1050037213369107,0.1326508395427819,0.11346584558486938,0.11351685225963593
1.9980000000000016,0.06803330775163849,16.577945709228516,0.1053396620937664,0.13357164078611364,0.11376617103815079,0.11344907432794571
2.0000000000000013,0.06803599186040227,16.561176300048828,0.10565693937453961,0.13442846769461753,0.11404845118522644,0.11408409476280212
2.002000000000001,0.06803840505360467,16.561914443969727,0.1059909252275818,0.13535539118146225,0.1143551617860794,0.11458814889192581
2.004000000000001,0.0680405535087773,16.56234359741211,0.10634172121730959,0.13626893276996707,0.11468633264303207,0.11512693017721176
2.0060000000000007,0.0680424427101321,16.562353134155273,0.10670942675893685,0.13717014511068923,0.11504202336072922,0.11570212244987488
2.0080000000000005,0.06804407739337083,16.561941146850586,0.1070941397392752,0.13806002068716447,0.11542230099439621,0.11631546914577484
2.0100000000000002,0.06804546150498317,16.561107635498047,0.10749595681278692,0.1389394986870236,0.11582724004983902,0.11696816980838776
2.012,0.06804659816573916,16.56000328063965,0.10791497380096983,0.13980947144728104,0.11625692993402481,0.11766169965267181
2.014,0.06804748964439715,16.558500289916992,0.10835128587685489,0.14067079006400685,0.11671113967895508,0.11839631199836731
2.0159999999999996,0.06804813733546976,16.5565242767334,0.10880498781571173,0.141524269600776,0.11719032377004623,0.11917181313037872
2.0179999999999993,0.06804854174431763,16.553817749023438,0.10927617410569922,0.14237069366429897,0.11769430339336395,0.11998721212148666
2.019999999999999,0.06804870247583657,16.549957275390625,0.10976493909844007,0.14321081862065196,0.11822333186864853,0.1208411380648613
2.021999999999999,0.06804861822846645,16.545671463012695,0.11027137706905743,0.14404537732460507,0.11877711117267609,0.12173005938529968
2.0239999999999987,0.06804828679123023,16.541080474853516,0.11079558229860706,0.1448750825363529,0.11935599148273468,0.12264493852853775
2.0259999999999985,0.06804770504467822,16.536165237426758,0.111337820765877,0.14570062995832442,0.1199599876999855,0.12357883900403976
2.0279999999999982,0.06804685611119214,16.530838012695312,0.11189937752924167,0.14652270100486783,0.12058918178081512,0.12452707439661026
2.029999999999998,0.06804573759550939,16.529817581176758,0.11245648763204359,0.1473419652717521,0.12121404707431793,0.12463149428367615
2.031999999999998,0.068044346770317,16.52410888671875,0.11300915339194544,0.14812748864859676,0.12183450907468796,0.12473136186599731
2.0339999999999976,0.06804267955772378,16.522043228149414,0.11355742124774737,0.14887910232783524,0.12245114147663116,0.12482613325119019
2.0359999999999974,0.06804073134006361,16.51727294921875,0.11410131504772682,0.14959662560181614,0.12306397408246994,0.12491587549448013
2.037999999999997,0.06803849636835982,16.514616012573242,0.11464088662981549,0.15027991751226236,0.12367328256368637,0.1249997541308403
2.039999999999997,0.06803596824741712,16.510122299194336,0.11517617116396674,0.15092883764597587,0.12427959591150284,0.12507830560207367
2.0419999999999967,0.06803313959347387,16.506298065185547,0.11570722039032852,0.15154327681305685,0.12488257139921188,0.12515076994895935
2.0439999999999965,0.06803000232854269,16.501436233520508,0.11623407365872306,0.1521231332987369,0.12548263370990753,0.12521731853485107
2.0459999999999963,0.06802657329825666,16.497352600097656,0.1167567791854035,0.15266833092289722,0.12607994675636292,0.12527799606323242
2.047999999999996,0.06802291979618445,16.492820739746094,0.1172753757414451,0.15317880453978241,0.12667472660541534,0.12533250451087952
2.049999999999996,0.068019056059233,16.488780975341797,0.11778990597260452,0.15365451052858284,0.1272667795419693,0.12538067996501923
2.0519999999999956,0.06801499377612386,16.48461151123047,0.11830040507298123,0.1540954178293659,0.12785649299621582,0.1254223734140396
2.0539999999999954,0.06801074515173416,16.480670928955078,0.11880690900588312,0.15450151391207007,0.1284438669681549,0.12545783817768097
2.055999999999995,0.06800632295519181,16.47663116455078,0.11930944764438682,0.15487279913547064,0.12902899086475372,0.1254868358373642
2.057999999999995,0.06800174047177675,16.47287368774414,0.11980804979337993,0.15520929003072526,0.12961213290691376,0.12550947070121765
2.0599999999999947,0.06799701160115701,16.46892547607422,0.12030273912848131,0.15551101566609393,0.13019323348999023,0.12552529573440552
2.0619999999999945,0.06799215213209518,16.465267181396484,0.12079353513134516,0.15577801934964192,0.1307724267244339,0.12553490698337555
2.0639999999999943,0.06798717821311549,16.461597442626953,0.12128041287881278,0.1560103495687559,0.13134966790676117,0.12553830444812775
2.065999999999994,0.06798210632697424,16.45816993713379,0.12176334547583266,0.15620794283127754,0.1319252848625183,0.12553571164608002
2.067999999999994,0.06797695328629866,16.45480728149414,0.1222423029448592,0.1563707642227291,0.13249912858009338,0.12552732229232788
2.0699999999999936,0.06797173621109114,16.45166778564453,0.12271725354280877,0.15649880590540277,0.13307110965251923,0.12551277875900269
2.0719999999999934,0.06796647251771072,16.448564529418945,0.12318816325062637,0.1565920843909156,0.13364164531230927,0.12549249827861786
2.073999999999993,0.06796117989748064,16.445926666259766,0.12365499665239274,0.1566506391265446,0.13421034812927246,0.1254664659500122
2.075999999999993,0.06795587630142201,16.443511962890625,0.12411771676808839,0.15667453039830903,0.13477762043476105,0.12543466687202454
2.0779999999999927,0.06795057991905663,16.44129753112793,0.12457628566763945,0.15666383805836084,0.13534344732761383,0.12539708614349365
2.0799999999999925,0.0679453091604253,16.439149856567383,0.12503066449206435,0.15661865988383178,0.1359078586101532,0.12535396218299866
2.0819999999999923,0.06794008263473375,16.437240600585938,0.1254808139042209,0.1565391104607756,0.13647085428237915,0.12530526518821716
2.083999999999992,0.06793491913066278,16.435914993286133,0.1259266942063849,0.15642531987989503,0.13703271746635437,0.12525086104869843
2.085999999999992,0.06792983759478838,16.43560218811035,0.1263682656869282,0.15627743277295844,0.13759325444698334,0.1251913160085678
2.0879999999999916,0.06792485711087724,16.435375213623047,0.1268054887805704,0.15609560726270236,0.13815277814865112,0.12512649595737457
2.0899999999999914,0.06791999687815595,16.435531616210938,0.1272383243451923,0.15588001413859928,0.13871124386787415,0.12505626678466797
2.091999999999991,0.06791527619007427,16.43585968017578,0.12766673383395055,0.15563083600208596,0.13926884531974792,0.12498065829277039
2.093999999999991,0.06791071441256367,16.436155319213867,0.12809067952194375,0.15534826656524447,0.13982561230659485,0.12490008771419525
2.0959999999999908,0.06790633096261911,16.43649673461914,0.12851012467303594,0.15503250994858367,0.14038175344467163,0.1248144879937172
2.0979999999999905,0.06790214528669805,16.43688201904297,0.12888143350986977,0.15468378008586922,0.14093716442584991,0.12472376972436905
2.0999999999999903,0.06789817683938405,16.43712615966797,0.1291825496909143,0.15430230014273363,0.14149224758148193,0.12462815642356873
2.10199999999999,0.06789444506206821,16.437206268310547,0.12948877861960126,0.15388830201203876,0.14204689860343933,0.12452775985002518
2.10399999999999,0.06789096936189032,16.43729019165039,0.12980016143253986,0.15344202582934224,0.1426013857126236,0.12442254275083542
2.1059999999999897,0.06788776909082818,16.43747901916504,0.13011673650210467,0.15296371954491822,0.1431557983160019,0.12431257218122482
2.1079999999999894,0.06788486352506318,16.437641143798828,0.13043853946831535,0.1524536385176837,0.14371034502983093,0.12419775873422623
2.109999999999989,0.06788227184457747,16.43784523010254,0.13076560323278527,0.15191204515188103,0.14426490664482117,0.12407870590686798
2.111999999999989,0.0678800131130513,16.438077926635742,0.13109795799255203,0.15133920855513766,0.14482007920742035,0.12395493686199188
2.1139999999999888,0.06787810625804569,16.43836212158203,0.1314356312531742,0.15073540422962536,0.14537569880485535,0.12382657080888748
2.1159999999999886,0.06787657005150854,16.438692092895508,0.13177864786597387,0.1501009137829611,0.14593206346035004,0.12369404733181
2.1179999999999883,0.067875423090597,16.43903160095215,0.13212694068700115,0.14943602466526626,0.14648941159248352,0.12355692684650421
2.119999999999988,0.06787468377883953,16.439319610595703,0.13247793529100493,0.1487410299239147,0.14704787731170654,0.12341557443141937
2.121999999999988,0.06787437030763643,16.4395751953125,0.1328303450056161,0.14801622797932168,0.147607684135437,0.12327011674642563
2.1239999999999877,0.06787450063810534,16.439971923828125,0.13318404137946016,0.1472619224163006,0.14816904067993164,0.12312044948339462
2.1259999999999875,0.06787509248327293,16.440521240234375,0.13353889609017477,0.1464784217925929,0.14873214066028595,0.12296652793884277
2.1279999999999872,0.06787616329061823,16.44115447998047,0.13389478106345507,0.14566603946096363,0.1492973268032074,0.12280866503715515
2.129999999999987,0.06787773022495716,16.441755294799805,0.13425193574065414,0.14482509340548236,0.1498648226261139,0.1226467713713646
2.131999999999987,0.067879810151675,16.442232131958008,0.13461361099439437,0.1439559060895438,0.15043486654758453,0.12248100340366364
2.1339999999999866,0.06788241962029719,16.44281005859375,0.13498061451097,0.1430588043157328,0.1510077714920044,0.12231123447418213
2.1359999999999864,0.06788557484839235,16.443458557128906,0.1353529625058039,0.14213411909581508,0.15158379077911377,0.12213766574859619
2.137999999999986,0.06788929170580768,16.444120407104492,0.13573066882414234,0.1411821855306876,0.15216322243213654,0.12196032702922821
2.139999999999986,0.06789358569921948,16.444778442382812,0.13611374496787065,0.14020334269905763,0.15274648368358612,0.12177933007478714
2.1419999999999857,0.06789847195699888,16.445322036743164,0.13650220012063832,0.13919793355454746,0.15333382785320282,0.12159451097249985
2.1439999999999855,0.06790396521437987,16.445768356323242,0.13689604117228618,0.13816630483031883,0.15392573177814484,0.12140616774559021
2.1459999999999853,0.06791007979892083,16.446210861206055,0.13729527274131592,0.1371088069508698,0.15452249348163605,0.12121410667896271
2.147999999999985,0.06791682961624777,16.446691513061523,0.13769989719589865,0.13602579395030417,0.1551244854927063,0.12101870030164719
2.149999999999985,0.0679242281360729,16.447771072387695,0.1381099146726167,0.13491762339673888,0.1557321846485138,0.12081976234912872
2.1519999999999846,0.06793228837847179,16.4487361907959,0.13852532309315738,0.1337846563222949,0.15634584426879883,0.12061748653650284
2.1539999999999844,0.06794102290041382,16.449739456176758,0.1389461181784373,0.1326272571583557,0.15696606040000916,0.12041182070970535
2.155999999999984,0.06795044378252905,16.450824737548828,0.139372293460229,0.13144579367565887,0.15759314596652985,0.12020234018564224
2.157999999999984,0.06796022834400857,16.45192527770996,0.13980384028994908,0.1302406369289327,0.1582275778055191,0.11998585611581802
2.1599999999999837,0.06797068245853641,16.44253158569336,0.14024364633853406,0.1290121612057282,0.158884197473526,0.12035533785820007
2.1619999999999835,0.06798181683838483,16.449054718017578,0.14068802660529064,0.12784813479379464,0.15954746305942535,0.12015900015830994
2.1639999999999833,0.06799325593590205,16.44643783569336,0.14113716444851357,0.12666086095920748,0.160216823220253,0.1199565976858139
2.165999999999983,0.06800535562350635,16.440113067626953,0.14159418772301263,0.12545080573776143,0.1609078198671341,0.1203417032957077
2.167999999999983,0.06801812464915515,16.444517135620117,0.14205508307466802,0.124305151955689,0.16160456836223602,0.12015848606824875
2.1699999999999826,0.06803113832323096,16.443710327148438,0.14251992491019452,0.12313687421194716,0.16230683028697968,0.11996886134147644
2.1719999999999824,0.06804479912122618,16.436012268066406,0.14299232980213014,0.12194645310857455,0.1630294770002365,0.12036869674921036
2.173999999999982,0.06805911424460151,16.441307067871094,0.14346778246721772,0.12082052163378447,0.16375721991062164,0.12019748985767365
2.175999999999982,0.06807408950823299,16.439502716064453,0.14394639252229474,0.11967267599684449,0.16448940336704254,0.12002015113830566
2.1779999999999817,0.06808924055710629,16.442975997924805,0.14442800552251017,0.11850342819300128,0.16522741317749023,0.11983456462621689
2.1799999999999815,0.06810455645467328,16.43215560913086,0.14491678932655724,0.11731322107500496,0.16598451137542725,0.12024565041065216
2.1819999999999813,0.06811924409507818,16.43962287902832,0.1454077072431019,0.11618783284415973,0.16674606502056122,0.12007925659418106
2.183999999999981,0.06813285473292385,16.43572998046875,0.14590096679540582,0.11504176101219334,0.16751143336296082,0.11990712583065033
2.185999999999981,0.06814583982410603,16.43014144897461,0.14640086327035345,0.11387554776966335,0.1682949960231781,0.12032921612262726
2.1879999999999806,0.0681581884180173,16.433717727661133,0.1468959710135919,0.112774336805681,0.16908162832260132,0.12017516791820526
2.1899999999999804,0.06816988954503668,16.433162689208984,0.147384618444216,0.11165328501608628,0.16987089812755585,0.12001439929008484
2.19199999999998,0.06818060263654667,16.435569763183594,0.14787155991458628,0.11051290522693853,0.17066365480422974,0.11984627693891525
2.19399999999998,0.0681906874413535,16.425804138183594,0.1483779399164073,0.10935366146003468,0.1714726686477661,0.12027681618928909
2.1959999999999797,0.06820013600333223,16.432323455810547,0.14888157646600886,0.10825986854311329,0.17228388786315918,0.1201268658041954
2.1979999999999795,0.06820867351429305,16.429073333740234,0.14938251719520126,0.10714753372664684,0.17309615015983582,0.11997175961732864
2.1999999999999793,0.06821659662550814,16.424293518066406,0.1498978873711457,0.10601719768107062,0.17392359673976898,0.1204114779829979
2.201999999999979,0.06822389902838319,16.429330825805664,0.15039226494461724,0.10495256331943352,0.1747511476278305,0.12027326226234436
2.203999999999979,0.06823057450237618,16.429689407348633,0.15088664341797497,0.10387025983290653,0.17557856440544128,0.12012943625450134
2.2059999999999786,0.06823643180484645,16.43394660949707,0.15138091804121667,0.10277079651915,0.1764061003923416,0.11997882276773453
2.2079999999999784,0.06824168755622584,16.42596435546875,0.15188094198593138,0.10165462581691284,0.17724674940109253,0.12042310833930969
2.209999999999978,0.06824633808382488,16.43351173400879,0.15237836427677776,0.10060465035338653,0.1780860424041748,0.12028982490301132
2.211999999999978,0.06825037948146066,16.432449340820312,0.15287083649968294,0.09953830299430226,0.17892324924468994,0.12015202641487122
2.2139999999999778,0.06825380882313212,16.438053131103516,0.15335878767052985,0.09845611328979097,0.17975924909114838,0.12000712007284164
2.2159999999999775,0.06825652940073955,16.438507080078125,0.15384556792254525,0.09735849128180396,0.18059338629245758,0.11985766142606735
2.2179999999999773,0.06825866718899372,16.432802200317383,0.15433753718798104,0.09624591485707439,0.18134132027626038,0.12029832601547241
2.219999999999977,0.06826022107896469,16.438129425048828,0.15482789803551336,0.09520010909320853,0.18180806934833527,0.1201661080121994
2.221999999999977,0.06826119018349532,16.43842315673828,0.15531680487247881,0.094139645085795,0.18227432668209076,0.12002940475940704
2.2239999999999767,0.06826154620105368,16.44243621826172,0.15580412533130755,0.09306500469565256,0.18273939192295074,0.11988671869039536
2.2259999999999764,0.06826134966781056,16.433685302734375,0.1562961978600798,0.09197659212017051,0.18320634961128235,0.12032871693372726
2.227999999999976,0.06826060162971713,16.440462112426758,0.156785895656631,0.0909553694582032,0.1836717277765274,0.12020323425531387
2.229999999999976,0.06825930337741838,16.438749313354492,0.15727350446809954,0.08992067585996405,0.1841350942850113,0.12007462233304977
2.231999999999976,0.06825748798582577,16.443561553955078,0.15775880278956608,0.0888730113556487,0.18459656834602356,0.11993961781263351
2.2339999999999756,0.06825515710078003,16.43362808227539,0.1582483561705146,0.0878127432537834,0.1850588172674179,0.12038099020719528
2.2359999999999753,0.06825231359038253,16.440946578979492,0.15873485404190607,0.0868200625602789,0.18551824986934662,0.12026316672563553
2.237999999999975,0.0682489607811984,16.438596725463867,0.15921862601349185,0.08581507105802544,0.18597444891929626,0.12014275789260864
2.239999999999975,0.06824510231064566,16.44376564025879,0.15969942935284437,0.084798266414566,0.18642719089984894,0.12001586705446243
2.2419999999999747,0.06824083910389621,16.442962646484375,0.16017746512282982,0.08376999087131336,0.1868763566017151,0.11988601833581924
2.2439999999999745,0.0682361075414905,16.436635971069336,0.16065900531558777,0.08273068369703838,0.18732529878616333,0.12031690776348114
2.2459999999999742,0.0682309125230755,16.44090461730957,0.16113700209566023,0.0817594178944633,0.18776986002922058,0.12020380049943924
2.247999999999974,0.06822525948088777,16.44074821472168,0.16161160396045685,0.08077735724143192,0.18820975720882416,0.1200871616601944
2.249999999999974,0.06821929648091948,16.4439754486084,0.16207661788580408,0.07978492950054518,0.18864409625530243,0.1199655532836914
2.2519999999999736,0.06821291419326907,16.43423843383789,0.16253587612773973,0.0787824860265557,0.18907833099365234,0.1203937977552414
2.2539999999999734,0.06820611871311204,16.440200805664062,0.1629880136148458,0.07784842402637865,0.1895061731338501,0.12028929591178894
2.255999999999973,0.06819891701114426,16.43775177001953,0.16343316551909745,0.07690457787131853,0.18992798030376434,0.12018239498138428
2.257999999999973,0.06819131588794305,16.441699981689453,0.16387147336563396,0.07595139621897243,0.19034306704998016,0.12006977945566177
2.2599999999999727,0.06818351465589674,16.440568923950195,0.1643030699211428,0.0749891861023476,0.1907513588666916,0.11995444446802139
2.2619999999999725,0.06817535394619527,16.433073043823242,0.16474784220468813,0.07401834177430493,0.1911584585905075,0.12036913633346558
2.2639999999999723,0.06816684128247404,16.43674659729004,0.16518512323908946,0.07311624075857602,0.19155751168727875,0.1202707514166832
2.265999999999972,0.06815798490732836,16.435649871826172,0.1656150462390556,0.07220567670589804,0.19194908440113068,0.12016940861940384
2.267999999999972,0.06814879292680562,16.437992095947266,0.16603775821747205,0.07128704056127852,0.192332461476326,0.12006349861621857
2.2699999999999716,0.06813950763249331,16.43754005432129,0.166453392355498,0.07036063674833094,0.1927076280117035,0.11995429545640945
2.2719999999999714,0.06812992693887436,16.429458618164062,0.16688128387286985,0.06942681558185095,0.19308032095432281,0.12035521864891052
2.273999999999971,0.06812005915960766,16.43336296081543,0.16730137646014348,0.06856204759814266,0.19344419240951538,0.12026314437389374
2.275999999999971,0.06810991354341407,16.431621551513672,0.16771379733328812,0.06768998702005846,0.19379904866218567,0.12016860395669937
2.2779999999999707,0.06809949891831447,16.43401527404785,0.1681187026338204,0.06681100960548313,0.19414424896240234,0.12006940692663193
2.2799999999999705,0.06808909374191616,16.432363510131836,0.16851622231621374,0.06592538631654109,0.19448012113571167,0.11996742337942123
2.2819999999999703,0.06807845905303973,16.424266815185547,0.16892511865497953,0.06503344895370819,0.19481299817562103,0.1203538030385971
2.28399999999997,0.06806766756676938,16.42803955078125,0.16932597388935564,0.0642107859238697,0.19513587653636932,0.12026874721050262
2.28599999999997,0.06805714261126199,16.426315307617188,0.16971891252505206,0.06338187818100662,0.19544875621795654,0.1201813742518425
2.2879999999999696,0.06804695577635171,16.428569793701172,0.17010409749630592,0.06254707512202888,0.1957511007785797,0.12008827179670334
2.2899999999999694,0.06803734947730142,16.427623748779297,0.1704816581275576,0.06170662313271589,0.1960434764623642,0.1199914887547493
2.291999999999969,0.06802806074888407,16.41964340209961,0.17086975449496733,0.060860828627663593,0.19633257389068604,0.1203666478395462
2.293999999999969,0.06801908396906067,16.423145294189453,0.17124964321940703,0.060084447539922106,0.1966114044189453,0.12028808146715164
2.2959999999999687,0.06801041426719316,16.420984268188477,0.1716214456981119,0.059302732843513575,0.19687925279140472,0.12020613998174667
2.2979999999999685,0.06800204609076768,16.423219680786133,0.17198533268398827,0.058516010433426996,0.19713671505451202,0.12011844664812088
2.2999999999999683,0.0679939742799659,16.422088623046875,0.172341432794379,0.05772449937938562,0.19749809801578522,0.12002713233232498
2.301999999999968,0.06798639347493775,16.423404693603516,0.17268990495489495,0.056928482196518804,0.1980108916759491,0.11993110924959183
2.303999999999968,0.06797908806309688,16.413665771484375,0.173048036222618,0.05612817558069634,0.19852088391780853,0.12029103189706802
2.3059999999999676,0.06797205188246755,16.418670654296875,0.1733980382712966,0.05539736811678926,0.19902139902114868,0.12021391093730927
2.3079999999999674,0.06796527976978804,16.415117263793945,0.1737400100281556,0.05466220364114786,0.19951198995113373,0.12013412266969681
2.309999999999967,0.06795876578144013,16.417865753173828,0.17407414056698056,0.05392300350066152,0.19999279081821442,0.12004869431257248
2.311999999999967,0.06795267301422353,16.415813446044922,0.17440054450871606,0.053179933757547815,0.2004643678665161,0.1199602335691452
2.3139999999999668,0.06794681769113288,16.40825653076172,0.1747358590626313,0.052433263142151076,0.20093366503715515,0.12031051516532898
2.3159999999999665,0.06794119388876137,16.411008834838867,0.17506303689374203,0.05175598501853328,0.20139312744140625,0.12024076282978058
2.3179999999999663,0.06793579622363975,16.40882110595703,0.17538219582523124,0.05107495774585023,0.20184290409088135,0.12016768753528595
2.319999999999966,0.06793061894135817,16.410280227661133,0.1756935145205556,0.05039044765594399,0.2022830843925476,0.12008992582559586
2.321999999999966,0.06792565659823928,16.409130096435547,0.175997120672037,0.0497026222324927,0.20271359384059906,0.12000895291566849
2.3239999999999656,0.06792104042259232,16.40999412536621,0.17629317847558978,0.049011708048928355,0.20313484966754913,0.11992383003234863
2.3259999999999654,0.06791661927837654,16.399717330932617,0.17659736485378197,0.0483178709493309,0.20341892540454865,0.12025967240333557
2.327999999999965,0.06791238739383161,16.404212951660156,0.17689368355683088,0.047693256444088374,0.20357219874858856,0.12019383907318115
2.329999999999965,0.06790833976276986,16.400402069091797,0.17718222094414116,0.04706548935672101,0.20372095704078674,0.12012556940317154
2.3319999999999648,0.06790447089720826,16.402965545654297,0.17746317943634143,0.046434841604858564,0.20386582612991333,0.12005254626274109
2.3339999999999645,0.06790089194178782,16.400911331176758,0.17773666721404996,0.04580142488625253,0.20400653779506683,0.11997703462839127
2.3359999999999643,0.06789747304651057,16.39238929748535,0.17801763088421396,0.04516545890762099,0.20416024327278137,0.12030429393053055
2.337999999999964,0.06789420910075204,16.39482307434082,0.17829090736360198,0.04459838697003626,0.2043101042509079,0.12024786323308945
2.339999999999964,0.06789109543295818,16.392419815063477,0.17855660596613,0.044028449324173456,0.20445582270622253,0.1201886534690857
2.3419999999999637,0.06788812716574051,16.393835067749023,0.1788149128845537,0.04345586531835974,0.20459763705730438,0.12012556940317154
2.3439999999999634,0.06788529969573365,16.392457962036133,0.17906595095217553,0.042880750762597175,0.20473524928092957,0.12005947530269623
2.3459999999999632,0.06788270406921956,16.393232345581055,0.17930988870404013,0.04230328586497312,0.20486892759799957,0.11998990923166275
2.347999999999963,0.0678802322115994,16.381406784057617,0.17956062998508326,0.04172358767078332,0.20501434803009033,0.12030530720949173
2.349999999999963,0.06787787964036895,16.385631561279297,0.17980414973824144,0.041212361853780397,0.20515577495098114,0.12025551497936249
2.3519999999999626,0.06787564244494336,16.381744384765625,0.1800405187843906,0.040698505817461365,0.20529332756996155,0.12020399421453476
2.3539999999999623,0.06787351642667819,16.38410186767578,0.1802699473960876,0.04018225036908761,0.20542694628238678,0.12014845013618469
2.355999999999962,0.06787149773577177,16.381643295288086,0.18049241495653606,0.039663659287724744,0.20555657148361206,0.12009068578481674
2.357999999999962,0.06786958240123994,16.382783889770508,0.18070773741015622,0.039142911377482395,0.20568229258060455,0.12002962082624435
2.3599999999999617,0.0678678436156705,16.381221771240234,0.18091600090057536,0.03862008485633919,0.20580407977104187,0.1199662834405899
2.3619999999999615,0.06786619346841846,16.370458602905273,0.1811299891504239,0.03809532510252457,0.20593643188476562,0.12026536464691162
2.3639999999999612,0.06786462848929889,16.373516082763672,0.18133695694252705,0.0376383679480806,0.20606482028961182,0.12022246420383453
2.365999999999961,0.06786314555763574,16.37057113647461,0.18153698753206077,0.037178972925658416,0.20604610443115234,0.12017762660980225
2.367999999999961,0.06786174142411705,16.372106552124023,0.18173026807563492,0.036717324132321316,0.2058660238981247,0.1201295256614685
2.3699999999999606,0.06786041306379109,16.370220184326172,0.18191689903173447,0.036253481547965836,0.20568455755710602,0.12007934600114822
2.3719999999999604,0.067859157415324,16.370891571044922,0.1820970413779267,0.035787589400702056,0.20550189912319183,0.12002641707658768
2.37399999999996,0.067858034461596,16.369564056396484,0.18227080322814165,0.03531971721125007,0.20531749725341797,0.11997159570455551
2.37599999999996,0.06785697188839464,16.358335494995117,0.18244981345725808,0.03484998358012983,0.20514699816703796,0.12025751918554306
2.3779999999999597,0.06785596714671438,16.361492156982422,0.18262260242915307,0.034447269450899994,0.20497767627239227,0.12022358924150467
2.3799999999999595,0.06785501797279257,16.358278274536133,0.18278923184815604,0.0340421141482935,0.20480695366859436,0.12018823623657227
2.3819999999999593,0.06785412199833057,16.359832763671875,0.18294987823814274,0.033634692231294824,0.2046363651752472,0.12014986574649811
2.383999999999959,0.06785327703787397,16.3577880859375,0.18310462412102174,0.033225044919697924,0.20446421205997467,0.12010983377695084
2.385999999999959,0.06785248087626765,16.35843276977539,0.18325361906530996,0.03281330631725837,0.20429140329360962,0.12006744742393494
2.3879999999999586,0.0678517314247762,16.356937408447266,0.18339695570547926,0.03239953062065276,0.2041170299053192,0.12002314627170563
2.3899999999999584,0.06785107732535658,16.356935501098633,0.1835347653739437,0.03198382632757971,0.20394150912761688,0.11997678875923157
2.391999999999958,0.06785046015942857,16.343231201171875,0.1836773514385615,0.03156625401266378,0.2037777155637741,0.12024851143360138
2.393999999999958,0.06784987824805906,16.347265243530273,0.18381468782656674,0.03121475468192674,0.20361635088920593,0.1202239990234375
2.3959999999999577,0.06784933016341756,16.343017578125,0.18394679377468037,0.030860751453727662,0.20345275104045868,0.12019861489534378
2.3979999999999575,0.06784881436310311,16.344898223876953,0.18407384017987827,0.03050442852102978,0.20329031348228455,0.12017056345939636
2.3999999999999573,0.06784832946057008,16.342100143432617,0.18419587700364815,0.030145799969956005,0.2031262069940567,0.12014114111661911
2.401999999999957,0.06784787402503846,16.34279441833496,0.18431304319003078,0.029785002779157545,0.2029619961977005,0.12010939419269562
2.403999999999957,0.0678474467291222,16.34078598022461,0.18442540512051098,0.029422072526617608,0.202796071767807,0.12007651478052139
2.4059999999999566,0.06784704623920239,16.34079360961914,0.18453308101309002,0.029057116928199796,0.20262958109378815,0.1200416311621666
2.4079999999999564,0.06784667129591618,16.33917808532715,0.18463614523256944,0.028690183238713703,0.20246140658855438,0.12000545114278793
2.409999999999956,0.06784636038645706,16.33872413635254,0.18473470199026337,0.028321360998677523,0.20229223370552063,0.11996756494045258
2.411999999999956,0.06784606792406571,16.324230194091797,0.18483755851474903,0.027950703704581872,0.20213279128074646,0.12022128701210022
2.4139999999999557,0.06784579302206079,16.328065872192383,0.18493631819740364,0.027644913452034743,0.2019764631986618,0.12020591646432877
2.4159999999999555,0.06784553495782963,16.323694229125977,0.1850309699269741,0.027336606630311525,0.2018178552389145,0.12019024044275284
2.4179999999999553,0.06784529291980897,16.325496673583984,0.18512165597299457,0.027025958624709957,0.2016608566045761,0.12017180770635605
2.419999999999955,0.0678450661967237,16.322629928588867,0.1852083982753936,0.026712976148176144,0.20150204002857208,0.12015267461538315
2.421999999999955,0.06784485403716582,16.32329559326172,0.1852913089301415,0.02639778955899884,0.2013436257839203,0.12013160437345505
2.4239999999999546,0.06784465575472891,16.32123565673828,0.18537042828027228,0.0260804289578521,0.20118387043476105,0.12010949105024338
2.4259999999999544,0.0678444706498356,16.3212890625,0.18544584940844072,0.025760997049004385,0.20102369785308838,0.12008579820394516
2.427999999999954,0.06784429806827369,16.3197021484375,0.18551762239313652,0.025439536924339354,0.20086216926574707,0.12006095051765442
2.429999999999954,0.06784413735749086,16.319358825683594,0.18558582792407985,0.025116134251105184,0.20070010423660278,0.12003472447395325
2.4319999999999538,0.0678439878992555,16.318031311035156,0.18565052070245835,0.024790839247403405,0.20053645968437195,0.12000752985477448
2.4339999999999535,0.06784388077940205,16.317426681518555,0.18571177296533614,0.024463727075760243,0.20037198066711426,0.11997906118631363
2.4359999999999533,0.06784378020113052,16.30254364013672,0.1857768072735349,0.024134851828246612,0.2002154439687729,0.12021368741989136
2.437999999999953,0.0678436858260162,16.30649757385254,0.18583894608392337,0.02386946249193474,0.20006249845027924,0.1202084869146347
2.439999999999953,0.06784359742381488,16.302228927612305,0.18589814482637307,0.023601614468101252,0.19990749657154083,0.1202029213309288
2.4419999999999527,0.06784351468672661,16.30416488647461,0.18595451269927837,0.023331476604427765,0.19975446164608002,0.12019524723291397
2.4439999999999524,0.06784343737162844,16.301382064819336,0.18600804056425274,0.02305905180734266,0.199599951505661,0.12018681317567825
2.445999999999952,0.0678433651933884,16.30217170715332,0.18605880991072488,0.022784465980567697,0.1994462013244629,0.12017688900232315
2.447999999999952,0.06784329790699793,16.300174713134766,0.18610683215492935,0.022507746601548105,0.19929133355617523,0.12016607820987701
2.4499999999999518,0.06784323524605293,16.30027961730957,0.18615217201173956,0.022228993330576943,0.19913659989833832,0.12015385925769806
2.4519999999999516,0.06784317697041735,16.298736572265625,0.1861948526040954,0.021948247406630806,0.19898082315921783,0.12014088779687881
2.4539999999999513,0.0678431228306052,16.29842758178711,0.18623492828674404,0.021665592358697448,0.19882477819919586,0.12012667953968048
2.455999999999951,0.0678430725955895,16.297142028808594,0.1862724312511579,0.021381077010686405,0.19866767525672913,0.12011163681745529
2.457999999999951,0.06784302603209423,16.296588897705078,0.18630761035622861,0.021094774918801518,0.19850988686084747,0.12009547650814056
2.4599999999999507,0.0678429829209153,16.295455932617188,0.18634062406472174,0.02080673900488362,0.19835126399993896,0.12007873505353928
2.4619999999999505,0.06784294304483124,16.294750213623047,0.18637151583310307,0.020517036629403785,0.1981918066740036,0.12006090581417084
2.4639999999999502,0.06784290619824244,16.2937068939209,0.1864003203261218,0.02022572287569084,0.1980312615633011,0.12004227191209793
2.46599999999995,0.06784287218008904,16.292903900146484,0.1864270784823404,0.019932861244018503,0.19786997139453888,0.1200229674577713
2.46799999999995,0.0678428407995819,16.291902542114258,0.18645182578234837,0.01963850792847646,0.19770753383636475,0.12000293284654617
2.4699999999999496,0.06784283888140581,16.29104232788086,0.1864746012061813,0.019342724026847117,0.1975441426038742,0.1199820414185524
2.4719999999999493,0.06784283697599072,16.275659561157227,0.18650074864133842,0.01904556629307173,0.1973869353532791,0.12018948048353195
2.473999999999949,0.06784283503422632,16.279773712158203,0.18652559536672025,0.018810046676748647,0.1972334086894989,0.12019223719835281
2.475999999999949,0.06784283310341475,16.275676727294922,0.18654905377013775,0.018572471392768852,0.19707843661308289,0.12019471079111099
2.4779999999999487,0.06784283114921393,16.27773666381836,0.18657119695983976,0.01833299936796138,0.19692543148994446,0.12019561231136322
2.4799999999999485,0.067842829195465,16.275150299072266,0.18659197773687225,0.018091627324652946,0.19677160680294037,0.12019602954387665
2.4819999999999482,0.06784282721645628,16.276073455810547,0.18661144475663338,0.017848473889507083,0.19661882519721985,0.12019544094800949
2.483999999999948,0.06784282522185044,16.274250030517578,0.18662957549837722,0.01760356174455531,0.19646543264389038,0.12019412219524384
2.485999999999948,0.06784282319147046,16.274490356445312,0.18664640463074988,0.01735698508542602,0.1963125616312027,0.12019184976816177
2.4879999999999476,0.06784282112697579,16.27310562133789,0.18666192475880988,0.017108781301539335,0.19615909457206726,0.12018892168998718
2.4899999999999474,0.06784281901238147,16.272930145263672,0.18667616261980718,0.016859029655263837,0.1960056573152542,0.12018516659736633
2.491999999999947,0.06784281684556684,16.27179718017578,0.1866891201136069,0.0166077757280685,0.19585183262825012,0.12018068134784698
2.493999999999947,0.0678428146143835,16.27137565612793,0.18670081951173106,0.016355089558637622,0.19569775462150574,0.12017562240362167
2.4959999999999467,0.06784281231591814,16.270381927490234,0.18671126842367092,0.0161010211761019,0.19554315507411957,0.12016993016004562
2.4979999999999465,0.06784280994204943,16.269777297973633,0.18672048660831841,0.015845634848074327,0.19538821280002594,0.12016357481479645
2.4999999999999463,0.0678428074912632,16.268842697143555,0.18672848515981455,0.015588982922087618,0.19523274898529053,0.12015661597251892
2.501999999999946,0.06784280495994356,16.268146514892578,0.18673528239994647,0.015331125998983114,0.19507679343223572,0.12014907598495483
2.503999999999946,0.06784280234965237,16.26725196838379,0.18674089151019035,0.015072117552697769,0.19492033123970032,0.12014105170965195
2.5059999999999456,0.0678427996619017,16.266496658325195,0.1867453299460175,0.014812015813439487,0.19476330280303955,0.12013258039951324
2.5079999999999454,0.06784279690266877,16.265625,0.1867486120854296,0.014550874730558242,0.19460560381412506,0.12012362480163574
2.509999999999945,0.06784279407928068,16.264827728271484,0.18675075480134967,0.014288750973605314,0.1944473385810852,0.12011407315731049
2.511999999999945,0.06784279120324327,16.263961791992188,0.18675177308951751,0.0140256986268164,0.1942884474992752,0.12010422348976135
2.5139999999999447,0.0678427882884122,16.26313591003418,0.1867516833632349,0.013761773315706766,0.19412897527217865,0.12009391188621521
2.5159999999999445,0.06784278535278969,16.262271881103516,0.18675050085073508,0.013497029096184426,0.19396884739398956,0.120083287358284
2.5179999999999443,0.06784278241747785,16.26142692565918,0.18674824154012643,0.013231520889243753,0.19380801916122437,0.120072141289711
2.519999999999944,0.06784277950784791,16.260560989379883,0.18674492062764603,0.012965302660599715,0.19364657998085022,0.120060995221138
2.521999999999944,0.06784277665297135,16.25970458984375,0.186740553662897,0.01269842886006938,0.19348441064357758,0.12004926800727844
2.5239999999999436,0.06784277388640578,16.258832931518555,0.18673515562113213,0.012430953360267494,0.19332176446914673,0.12003744393587112
2.5259999999999434,0.06784277124592038,16.25796127319336,0.18672874157471742,0.012162930311150885,0.19315829873085022,0.1200253963470459
2.527999999999943,0.06784276877405213,16.2570743560791,0.18672132613578707,0.01189441352572188,0.19299431145191193,0.12001305818557739
2.529999999999943,0.06784276651801556,16.256189346313477,0.18671292384687888,0.011625456991834688,0.19282956421375275,0.12000048905611038
2.5319999999999427,0.0678427980215394,16.255294799804688,0.18670354884310764,0.011356114522052771,0.1926642805337906,0.11998771131038666
2.5339999999999425,0.06784282831102517,16.239511489868164,0.18669620399896858,0.011086440065839252,0.19250325858592987,0.12016301602125168
2.5359999999999423,0.06784285737313007,16.24384880065918,0.18668870710324376,0.010875250405725309,0.19234564900398254,0.12017323076725006
2.537999999999942,0.06784288536995306,16.23993492126465,0.18668093614793563,0.010663079787666663,0.19218753278255463,0.12018340080976486
2.539999999999942,0.06784291232563108,16.2421875,0.18667295142104506,0.010450066819147957,0.1920318752527237,0.12019260227680206
2.5419999999999416,0.06784293837241379,16.239757537841797,0.18666467658819402,0.010236190261477261,0.1918761432170868,0.12020202726125717
2.5439999999999414,0.06784296355807562,16.240846633911133,0.18665614368121308,0.01002155161698336,0.19172175228595734,0.12021054327487946
2.545999999999941,0.06784298799708743,16.239166259765625,0.18664730426248566,0.009806158298123624,0.19156762957572937,0.12021895498037338
2.547999999999941,0.06784301175254502,16.239564895629883,0.18663817438357322,0.009590089812685115,0.19141440093517303,0.12022694200277328
2.5499999999999408,0.06784303492888688,16.238327026367188,0.18662872278663306,0.009373370273484675,0.1912613958120346,0.1202346608042717
2.5519999999999405,0.06784305759966876,16.238306045532227,0.18661895664591538,0.009156066104817307,0.19110913574695587,0.12024202942848206
2.5539999999999403,0.06784307986436072,16.23731231689453,0.18660885538063793,0.00893821110808274,0.19095690548419952,0.12024923413991928
2.55599999999994,0.06784310180427013,16.237030029296875,0.18659842135031313,0.00871986389517081,0.19080515205860138,0.12025608122348785
2.55799999999994,0.06784312351731847,16.23617172241211,0.18658764066747036,0.008501063862942212,0.19065368175506592,0.12026263773441315
2.5599999999999397,0.0678431450912144,16.235727310180664,0.18657651315696222,0.008281864949484437,0.1905023455619812,0.12026910483837128
2.5619999999999394,0.0678431666247586,16.234943389892578,0.18656502914854772,0.008062309782706539,0.19035105407238007,0.12027539312839508
2.563999999999939,0.06784318821158096,16.234397888183594,0.18655318716970504,0.007842449521946798,0.1902000904083252,0.12028149515390396
2.565999999999939,0.06784320995322266,16.233644485473633,0.18654098019420678,0.007622328691653088,0.19004902243614197,0.12028741836547852
2.5679999999999388,0.06784323194934153,16.2330265045166,0.18652840607957694,0.0074019968501541755,0.18989813327789307,0.12029300630092621
2.5699999999999386,0.06784325430579258,16.232282638549805,0.18651545940978642,0.007181499706311828,0.1897471845149994,0.12029867619276047
2.5719999999999383,0.06784327712879921,16.23161506652832,0.18650213764117357,0.006960885992600952,0.1895962506532669,0.12030414491891861
2.573999999999938,0.06784330053001254,16.23086929321289,0.18648843625299222,0.006740202279101615,0.18944546580314636,0.12030938267707825
2.575999999999938,0.06784332462312839,16.230159759521484,0.1864743523537637,0.006519497038222022,0.18929453194141388,0.12031489610671997
2.5779999999999377,0.06784334952714408,16.229400634765625,0.18645988178563572,0.006298817639697713,0.1891435831785202,0.12031994760036469
2.5799999999999375,0.06784337536450577,16.228660583496094,0.1864450212257424,0.006078212778568064,0.18899254500865936,0.12032518535852432
2.5819999999999372,0.06784340226332007,16.227890014648438,0.18642976644150933,0.005857730765312815,0.18884141743183136,0.12033034861087799
2.583999999999937,0.06784343035649842,16.227121353149414,0.18641411349663145,0.00563742101159111,0.18869028985500336,0.12033534795045853
2.585999999999937,0.06784345978340663,16.22633171081543,0.18639805767984624,0.00541733310332171,0.18853893876075745,0.12034051865339279
2.5879999999999366,0.06784349068970494,16.225540161132812,0.1863815941728415,0.005197517762484059,0.18838751316070557,0.12034553289413452
2.5899999999999364,0.06784352322877032,16.22471046447754,0.1863647173663226,0.004978026416091888,0.1882360577583313,0.12035073339939117
2.591999999999936,0.06784355756209773,16.223876953125,0.18634742119643816,0.004758911897690415,0.18808439373970032,0.12035563588142395
2.593999999999936,0.06784359386075269,16.223026275634766,0.18632969867314275,0.0045402283678825095,0.18793253600597382,0.12036091089248657
2.5959999999999357,0.06784363230632458,16.22216796875,0.1863115420000347,0.00432203194288464,0.18778064846992493,0.12036619335412979
2.5979999999999355,0.06784367309266759,16.221288681030273,0.18629294220239184,0.004104380926702183,0.1876286417245865,0.120371513068676
2.5999999999999353,0.06784371642752707,16.22039794921875,0.18627388908663334,0.0038873365389536407,0.18747635185718536,0.12037676572799683
2.601999999999935,0.06784376253489062,16.21949005126953,0.186254370886332,0.0036709635233684963,0.18732388317584991,0.12038227915763855
2.603999999999935,0.06784381165758983,16.218563079833984,0.18622963263324632,0.0034553312025682728,0.18717128038406372,0.12038780748844147
2.6059999999999346,0.06784386406076424,16.217618942260742,0.18618960666235107,0.0032405146865856476,0.18701834976673126,0.12039349228143692
2.6079999999999344,0.06784392003604804,16.216659545898438,0.18614939250756196,0.0030265966662660314,0.18686550855636597,0.12039943784475327
2.609999999999934,0.06784397990705361,16.21568489074707,0.1861090141725376,0.002813669779331454,0.18671222031116486,0.12040534615516663
2.611999999999934,0.06784404403637176,16.2147159576416,0.1860684967444956,0.002601840054395291,0.18655875325202942,0.1204117089509964
2.6139999999999337,0.06784411283487558,16.213722229003906,0.1860278667371818,0.0023912318474608066,0.18640506267547607,0.1204179897904396
2.6159999999999335,0.0678441867741472,16.21269989013672,0.18598715256647186,0.002181995288310521,0.18625085055828094,0.12042474746704102
2.6179999999999333,0.06784426640354221,16.211631774902344,0.18594638524440021,0.0019743177711906822,0.1860964447259903,0.12043160200119019
2.619999999999933,0.06784435237404196,16.210519790649414,0.18590559940659013,0.0017684424993035367,0.18594160676002502,0.12043876200914383
2.621999999999933,0.0678444454724677,16.209346771240234,0.18586483489716593,0.0015646997429301806,0.1857864409685135,0.12044636160135269
2.6239999999999326,0.06784454667161219,16.20810317993164,0.18582413930413677,0.0013635625506696785,0.1856307089328766,0.12045449018478394
2.6259999999999324,0.06784465720492137,16.206777572631836,0.18578357221982988,0.0011657526859400556,0.18547460436820984,0.1204630583524704
2.627999999999932,0.06784477867664293,16.205337524414062,0.18574321280640976,0.0009724585677842938,0.1853177398443222,0.1204722598195076
2.629999999999932,0.06784491320713791,16.203752517700195,0.18570317413476872,0.0007858276999595843,0.18516013026237488,0.1204824224114418
2.6319999999999317,0.06784506350684602,16.201963424682617,0.1856636322968202,0.0006102041500930591,0.18500162661075592,0.12049408257007599
2.6339999999999315,0.06784523210596663,16.199947357177734,0.1856248883916517,0.0004555313416239044,0.18484249711036682,0.120508573949337
2.6359999999999313,0.0678454163840301,16.197721481323242,0.18558748656857704,0.0003458944656906775,0.18468298017978668,0.12052793055772781
2.637999999999931,0.06784560198394468,16.195823669433594,0.18555221628160817,0.0003229304900404813,0.18452489376068115,0.12055584043264389
2.639999999999931,0.06784577852543369,16.195446014404297,0.1855191491067248,0.00039510203483858014,0.1843709796667099,0.12058883905410767
2.6419999999999306,0.06784594485081646,16.196075439453125,0.1854873815311927,0.0005214044462391671,0.18422211706638336,0.12061848491430283
2.6439999999999304,0.06784610238200663,16.196744918823242,0.1854562658888388,0.0006713712878147033,0.1840769648551941,0.12064433097839355
2.64599999999993,0.06784625269670252,16.197240829467773,0.18542550092016474,0.0008319073694735639,0.18393491208553314,0.12066839635372162
2.64799999999993,0.06784639709967864,16.197546005249023,0.1853949500742622,0.0009975565002864246,0.1837954819202423,0.12069108337163925
2.6499999999999297,0.06784653661905217,16.197689056396484,0.1853645492861863,0.0011658268289661156,0.18365803360939026,0.12071337550878525
2.6519999999999295,0.06784667206613307,16.197711944580078,0.18533426841083117,0.0013354534258851677,0.18352247774600983,0.12073539197444916
2.6539999999999293,0.06784680409039175,16.19763946533203,0.1853040944450821,0.0015057300026965251,0.18338856101036072,0.12075721472501755
2.655999999999929,0.06784693322069488,16.197494506835938,0.18527402366087653,0.0016762283879687841,0.1832561045885086,0.12077905237674713
2.657999999999929,0.06784705989492681,16.19729232788086,0.18524405763828544,0.0018466698970447013,0.1831250786781311,0.12080074101686478
2.6599999999999286,0.06784718448121753,16.197050094604492,0.18521420113423875,0.002016861569247614,0.1829952895641327,0.12082269042730331
2.6619999999999284,0.06784730729331297,16.19676971435547,0.18518446087402035,0.0021866623832906018,0.18286685645580292,0.1208447590470314
2.663999999999928,0.0678474286018752,16.19645881652832,0.18515484483383848,0.0023559643117254656,0.18273945152759552,0.12086671590805054
2.665999999999928,0.06784754864292138,16.196115493774414,0.1851253617978747,0.002524681167917744,0.18261322379112244,0.12088897079229355
2.6679999999999278,0.0678476676242237,16.195751190185547,0.1850960210753433,0.0026927417588514034,0.18248797953128815,0.1209113746881485
2.6699999999999275,0.06784778573023723,16.195362091064453,0.18506683231431142,0.0028600855247415857,0.18236398696899414,0.12093385308980942
2.6719999999999273,0.06784790312594036,16.194961547851562,0.18503780537591763,0.0030266596713880945,0.18224085867404938,0.12095650285482407
2.673999999999927,0.06784801995986874,16.194538116455078,0.18500895191587186,0.003192417229659826,0.18211869895458221,0.12097947299480438
2.675999999999927,0.06784813636653862,16.194103240966797,0.18498043311329582,0.003357315708456701,0.18199776113033295,0.12100253254175186
2.6779999999999267,0.06784825246839887,16.19365882873535,0.18495235504658036,0.00352131613800804,0.18187738955020905,0.12102580070495605
2.6799999999999264,0.06784836837742328,16.193206787109375,0.18492472457289572,0.003684382376224982,0.18175828456878662,0.12104912102222443
2.681999999999926,0.06784848419641433,16.19274139404297,0.1848975484833278,0.0038464805962806583,0.18164002895355225,0.1210729256272316
2.683999999999926,0.06784860002008627,16.19226837158203,0.1848708334889027,0.004007578901573027,0.18152251839637756,0.12109674513339996
2.685999999999926,0.06784871593596264,16.191787719726562,0.18484458621019267,0.004167647031885588,0.1814061850309372,0.12112081050872803
2.6879999999999256,0.06784883202513253,16.191303253173828,0.18481881316950233,0.004326656135944776,0.18129070103168488,0.12114521116018295
2.6899999999999253,0.06784894836288702,16.190814971923828,0.18479352078492994,0.00448457859307443,0.1811760663986206,0.12116976082324982
2.691999999999925,0.06784906501925801,16.190319061279297,0.18476871536581185,0.004641387871668937,0.18106240034103394,0.1211945191025734
2.693999999999925,0.06784918205947964,16.1898193359375,0.18474440310919865,0.00479705841565884,0.18094955384731293,0.1212196797132492
2.6959999999999247,0.06784929954438162,16.189311981201172,0.18472059009710895,0.004951565552505729,0.1808377057313919,0.121244877576828
2.6979999999999245,0.06784941753072667,16.188796997070312,0.18469728229437488,0.005104885417953827,0.18072675168514252,0.12127053737640381
2.6999999999999242,0.06784953607150429,16.188282012939453,0.18467448554695026,0.005256994893960903,0.18061672151088715,0.12129627913236618
2.701999999999924,0.06784965521618287,16.187761306762695,0.1846522055805706,0.005407871557088286,0.18050755560398102,0.12132234126329422
2.703999999999924,0.06784977501092845,16.18723487854004,0.18463044799970119,0.005557493635280981,0.18039919435977936,0.12134852260351181
2.7059999999999236,0.06784989549879847,16.186704635620117,0.18460921828670812,0.005705839971419609,0.18029195070266724,0.1213752031326294
2.7079999999999234,0.0678500167199067,16.186168670654297,0.18458852180121493,0.005852889992397584,0.18018542230129242,0.12140203267335892
2.709999999999923,0.06785013871157178,16.18562889099121,0.18456836377961183,0.00599862368271829,0.18007983267307281,0.12142927199602127
2.711999999999923,0.06785026150844446,16.185087203979492,0.18454874933468723,0.006143021561840618,0.17997518181800842,0.12145654857158661
2.7139999999999227,0.06785038514262087,16.184539794921875,0.1845296834553703,0.006286064664626582,0.17987146973609924,0.12148433178663254
2.7159999999999225,0.06785050964374474,16.18398666381836,0.18451117100656356,0.006427734524391812,0.17976868152618408,0.12151221185922623
2.7179999999999223,0.06785063503909224,16.183429718017578,0.1844932167290525,0.006568013158131674,0.1796666383743286,0.12154054641723633
2.719999999999922,0.06785076135365341,16.182870864868164,0.18447582523949113,0.006706883053600995,0.17956572771072388,0.12156910449266434
2.721999999999922,0.0678508886101995,16.182310104370117,0.1844590010304451,0.0068443271579463226,0.17946571111679077,0.12159786373376846
2.7239999999999216,0.0678510168293461,16.181747436523438,0.18444274847049424,0.006980328867677766,0.17936654388904572,0.12162692099809647
2.7259999999999214,0.06785114602960776,16.181180953979492,0.18442707180438495,0.0071148720197717116,0.1792682260274887,0.12165632843971252
2.727999999999921,0.06785127622744702,16.180612564086914,0.1844119751532321,0.007247940883753559,0.17917095124721527,0.12168605625629425
2.729999999999921,0.06785140743731936,16.180038452148438,0.18439746251476347,0.007379520154615213,0.1790745109319687,0.12171602994203568
2.7319999999999207,0.06785153967171133,16.17946434020996,0.18438353776360522,0.007509594946458486,0.17897920310497284,0.1217464953660965
2.7339999999999205,0.06785167294117823,16.17888832092285,0.18437020465160803,0.007638150786761189,0.17888465523719788,0.12177702784538269
2.7359999999999203,0.06785180725437455,16.178308486938477,0.18435746680820758,0.007765173611181572,0.17879119515419006,0.12180790305137634
2.73799999999992,0.06785194261808422,16.1777286529541,0.18434532774082035,0.007890649758832831,0.1786985844373703,0.12183912098407745
2.73999999999992,0.06785207903724717,16.177146911621094,0.18433379083527446,0.00801456596796612,0.1786070019006729,0.12187059223651886
2.7419999999999196,0.06785221651498362,16.176555633544922,0.1843228593562678,0.008136909371998473,0.17851625382900238,0.12190230935811996
2.7439999999999194,0.06785235505261604,16.17596435546875,0.18431253644786083,0.008257667495853736,0.17842654883861542,0.12193452566862106
2.745999999999919,0.06785249464969098,16.175369262695312,0.18430282513399515,0.008376828252564545,0.17833766341209412,0.12196709215641022
2.747999999999919,0.0678526353039963,16.17477035522461,0.18429372831904023,0.008494379940106576,0.1782499998807907,0.12199980765581131
2.7499999999999187,0.06785277701158185,16.174171447753906,0.18428524878836877,0.008610311238428222,0.17816315591335297,0.1220327839255333
2.7519999999999185,0.06785291976677449,16.173568725585938,0.1842773892089527,0.008724611206656817,0.17807728052139282,0.12206638604402542
2.7539999999999183,0.06785306356219521,16.172962188720703,0.18427015212998904,0.008837269280449943,0.17799244821071625,0.12209994345903397
2.755999999999918,0.06785320838877373,16.17236328125,0.18426353998354444,0.00894827526947403,0.17790848016738892,0.1221340224146843
2.757999999999918,0.06785335423576438,16.171768188476562,0.18425755508522618,0.009057619354991298,0.17782564461231232,0.12216834723949432
2.7599999999999176,0.0678535010907602,16.17117691040039,0.18425219963487044,0.009165292087540262,0.17774371802806854,0.12220282852649689
2.7619999999999174,0.06785364893970637,16.170581817626953,0.18424747571725414,0.009271284384691086,0.17766284942626953,0.1222379207611084
2.763999999999917,0.06785379776691558,16.169986724853516,0.18424338530282497,0.009375587528866773,0.17758305370807648,0.12227307260036469
2.765999999999917,0.06785394755508059,16.169387817382812,0.18423993024845042,0.00947819316521885,0.1775040626525879,0.12230878323316574
2.7679999999999167,0.06785409828528939,16.16878890991211,0.18423711229818457,0.009579093299541735,0.17742611467838287,0.12234479188919067
2.7699999999999165,0.067854249937038,16.168188095092773,0.1842349330840508,0.009678280296223711,0.17734916508197784,0.12238098680973053
2.7719999999999163,0.06785440248824512,16.167585372924805,0.1842333941268432,0.00977574687622289,0.17727325856685638,0.12241742759943008
2.773999999999916,0.06785455591526665,16.166980743408203,0.18423249683694037,0.009871486115060259,0.1771984100341797,0.12245441228151321
2.775999999999916,0.0678547101929093,16.166378021240234,0.1842322425151346,0.009965491440823523,0.1771245151758194,0.12249164283275604
2.7779999999999156,0.06785486529444745,16.165771484375,0.18423263235347648,0.010057756632180006,0.17705167829990387,0.12252911925315857
2.7799999999999154,0.0678550211916368,16.165164947509766,0.1842336674361284,0.010148275816386393,0.1769798845052719,0.12256710231304169
2.781999999999915,0.06785517785473025,16.16455841064453,0.18423534874023406,0.010237043467294487,0.17690905928611755,0.12260529398918152
2.783999999999915,0.06785533525249525,16.163949966430664,0.18423767713679717,0.010324054403353027,0.17683938145637512,0.12264373898506165
2.7859999999999148,0.0678554933522298,16.163341522216797,0.18424065339157036,0.010409303785591356,0.17677049338817596,0.12268269807100296
2.7879999999999145,0.06785565211978019,16.162734985351562,0.18424427816595518,0.010492787115591982,0.17670288681983948,0.12272169440984726
2.7899999999999143,0.06785581151955773,16.162132263183594,0.1842485520179099,0.010574500233443496,0.17663615942001343,0.12276120483875275
2.791999999999914,0.06785597151455917,16.161535263061523,0.18425347540286696,0.010654439315673768,0.1765705645084381,0.12280100584030151
2.793999999999914,0.0678561320663847,16.160934448242188,0.18425904867465598,0.010732600873157035,0.17650598287582397,0.12284108996391296
2.7959999999999137,0.06785629313525779,16.160335540771484,0.18426527208643523,0.010808981748998785,0.1764424443244934,0.12288161367177963
2.7979999999999134,0.06785645468004661,16.15973472595215,0.18427214579162926,0.010883579116393519,0.17637984454631805,0.12292233109474182
2.7999999999999132,0.06785661665828413,16.159137725830078,0.18427966984487087,0.010956390476451864,0.17631836235523224,0.12296342849731445
2.801999999999913,0.06785677902619103,16.158531188964844,0.18428784420294925,0.01102741365599911,0.17625805735588074,0.12300474941730499
2.803999999999913,0.06785694173869804,16.157930374145508,0.184296668725762,0.01109664680534382,0.17619864642620087,0.1230466365814209
2.8059999999999126,0.0678571047494686,16.157329559326172,0.1843061431772695,0.01116408839601191,0.1761404126882553,0.12308866530656815
2.8079999999999123,0.06785726801092531,16.156726837158203,0.1843162672264556,0.011229737218449826,0.1760832518339157,0.12313093990087509
2.809999999999912,0.06785743147427287,16.156124114990234,0.18432704044828552,0.011293592379692562,0.17602701485157013,0.12317371368408203
2.811999999999912,0.06785759508952399,16.1555233001709,0.1843384623246711,0.01135565330100067,0.1759718954563141,0.12321660667657852
2.8139999999999117,0.06785775880552651,16.154918670654297,0.18435053224543374,0.011415919715457253,0.17591793835163116,0.12325993180274963
2.8159999999999115,0.06785792256999154,16.154315948486328,0.18436324950926958,0.011474391665535776,0.1758648157119751,0.12330347299575806
2.8179999999999112,0.06785808632951973,16.153715133666992,0.18437661332471317,0.011531069500629428,0.17581294476985931,0.1233474388718605
2.819999999999911,0.06785825002963128,16.153108596801758,0.18439062281110458,0.011585953874546275,0.17576217651367188,0.12339160591363907
2.821999999999911,0.0678584136147956,16.152507781982422,0.18440527699955062,0.011639045742967154,0.17571227252483368,0.12343624979257584
2.8239999999999106,0.06785857702846076,16.15190315246582,0.18442057483388935,0.01169034636087444,0.17566363513469696,0.12348117679357529
2.8259999999999104,0.06785874021308656,16.15129852294922,0.18443651517164988,0.011739857279936842,0.17561587691307068,0.12352634966373444
2.82799999999991,0.0678589031101741,16.150693893432617,0.18445309678501126,0.01178758034586706,0.1755693554878235,0.12357178330421448
2.82999999999991,0.06785906566030031,16.150087356567383,0.18447031836175942,0.011833517695739947,0.17552395164966583,0.12361754477024078
2.8319999999999097,0.06785922780315094,16.14948272705078,0.1844881785062384,0.011877671755278969,0.1754794418811798,0.12366372346878052
2.8339999999999095,0.06785938947755396,16.148880004882812,0.18450667574030133,0.011920045236108345,0.1754360944032669,0.12371005117893219
2.8359999999999093,0.0678595506215156,16.148277282714844,0.18452580850425654,0.011960641132970318,0.17539392411708832,0.12375669181346893
2.837999999999909,0.06785971117225464,16.14767074584961,0.18454557515780767,0.01199946272091084,0.17535264790058136,0.12380373477935791
2.839999999999909,0.0678598710662401,16.147064208984375,0.18456597398099267,0.012036513552433625,0.1753125935792923,0.12385108321905136
2.8419999999999086,0.06786003023922722,16.146459579467773,0.18458700317511462,0.012071797454619396,0.17527341842651367,0.12389848381280899
2.8439999999999084,0.06786018862629556,16.145854949951172,0.18460866086366995,0.012105318526217223,0.17523546516895294,0.12394639104604721
2.845999999999908,0.06786034616188617,16.145248413085938,0.18463094509326916,0.012137081134702597,0.17519862949848175,0.12399463355541229
2.847999999999908,0.06786050277984267,16.14464569091797,0.1846538538345548,0.012167089913307767,0.17516279220581055,0.1240430623292923
2.8499999999999077,0.06786065841344799,16.144041061401367,0.1846773849831091,0.012195349758020427,0.17512798309326172,0.12409188598394394
2.8519999999999075,0.067860812995467,16.143436431884766,0.18470153636035963,0.012221865824557055,0.175094336271286,0.12414079904556274
2.8539999999999073,0.06786096645818465,16.14284324645996,0.18472630571447607,0.012246643525306775,0.17506182193756104,0.12419015169143677
2.855999999999907,0.06786111873344985,16.142257690429688,0.18475169072126124,0.012269688526246414,0.17503026127815247,0.12423983961343765
2.857999999999907,0.06786126975271402,16.14167594909668,0.18477768898503422,0.01229100674383544,0.17499972879886627,0.12428964674472809
2.8599999999999066,0.06786141944707563,16.141096115112305,0.18480429803950837,0.012310604341878252,0.17497047781944275,0.12433971464633942
2.8619999999999064,0.06786156774732154,16.14051628112793,0.18483151534866105,0.012328487728368061,0.17494209110736847,0.12439035624265671
2.863999999999906,0.06786171458397078,16.139936447143555,0.184859338307594,0.012344663552304604,0.17491492629051208,0.12444093823432922
2.865999999999906,0.0678618598873173,16.139358520507812,0.18488776424339065,0.012359138700489842,0.17488883435726166,0.12449202686548233
2.8679999999999057,0.06786200358747414,16.138782501220703,0.18491679041596154,0.012371920294301987,0.17486369609832764,0.12454330176115036
2.8699999999999055,0.06786214561441745,16.138195037841797,0.18494641401888456,0.012383015686449561,0.17483969032764435,0.12459476292133331
2.8719999999999053,0.06786228589803095,16.137615203857422,0.18497663218023658,0.01239243245770384,0.17481675744056702,0.12464646995067596
2.873999999999905,0.06786242436815043,16.137046813964844,0.1850074419634165,0.012400178413615754,0.17479488253593445,0.12469854950904846
2.875999999999905,0.06786256095460952,16.136476516723633,0.18503884036796275,0.012406261581211315,0.17477411031723022,0.12475088983774185
2.8779999999999046,0.06786269558728357,16.135902404785156,0.1850708243303586,0.012410690205673062,0.17475441098213196,0.12480334937572479
2.8799999999999044,0.06786282819613669,16.135332107543945,0.18510339072483434,0.012413472747003692,0.17473581433296204,0.12485609948635101
2.881999999999904,0.06786295871126594,16.134761810302734,0.18513653636415645,0.012414617876676455,0.17471805214881897,0.12490923702716827
2.883999999999904,0.06786308706294772,16.13418960571289,0.18517025800041326,0.01241413447427088,0.17470146715641022,0.12496262043714523
2.8859999999999038,0.06786321318168387,16.13361930847168,0.1852045523257888,0.012412031624095902,0.17468605935573578,0.12501603364944458
2.8879999999999035,0.06786333699824634,16.13304901123047,0.18523941597333132,0.012408318611800645,0.17467151582241058,0.12506985664367676
2.8899999999999033,0.06786345844372446,16.132478713989258,0.1852748455177109,0.012403004920973269,0.17465819418430328,0.12512391805648804
2.891999999999903,0.0678635774495699,16.131912231445312,0.18531083747597243,0.012396100229735035,0.17464588582515717,0.1251782923936844
2.893999999999903,0.06786369394764322,16.131343841552734,0.18534738830827696,0.012387614407319012,0.17463460564613342,0.12523262202739716
2.8959999999999027,0.06786380787025806,16.130775451660156,0.18538449441863813,0.01237755751064415,0.17462432384490967,0.1252874881029129
2.8979999999999024,0.06786391915022952,16.13020896911621,0.18542215215564967,0.012365939780883699,0.17461508512496948,0.12534239888191223
2.899999999999902,0.06786402772091733,16.1296443939209,0.18546035781320191,0.012352771640025153,0.17460688948631287,0.12539759278297424
2.901999999999902,0.06786413351627217,16.129079818725586,0.1854991076311978,0.012338063687428916,0.1745997667312622,0.12545299530029297
2.9039999999999018,0.06786423647087948,16.128517150878906,0.1855383977962532,0.012321826696377595,0.17459364235401154,0.12550872564315796
2.9059999999999016,0.06786433652000752,16.127952575683594,0.1855782244423958,0.01230407161062903,0.17458873987197876,0.12556463479995728
2.9079999999999013,0.0678644335996479,16.127389907836914,0.1856185836517512,0.012284809540964604,0.1745847910642624,0.12562055885791779
2.909999999999901,0.0678645276465632,16.1268310546875,0.18565947145522776,0.01226405176173471,0.17458172142505646,0.12567701935768127
2.911999999999901,0.06786461859832822,16.126270294189453,0.18570088383318722,0.012241809707407758,0.17457976937294006,0.12573328614234924
2.9139999999999007,0.06786470639337562,16.125709533691406,0.1857428167161156,0.012218094969120182,0.1745787411928177,0.12579013407230377
2.9159999999999004,0.06786479097103768,16.12514877319336,0.18578526598527995,0.012192919291226725,0.17457880079746246,0.12584693729877472
2.9179999999999002,0.06786487227158942,16.124588012695312,0.1858282274733829,0.012166294567854834,0.174579918384552,0.12590405344963074
2.9199999999999,0.06786495023629072,16.124027252197266,0.18587169696520978,0.012138232839463673,0.17458197474479675,0.12596139311790466
2.9219999999999,0.06786502480742758,16.123464584350586,0.18591567019826744,0.012108746289408478,0.17458505928516388,0.12601874768733978
2.9239999999998996,0.06786509592835385,16.122907638549805,0.18596014286341755,0.012077847240509143,0.17458917200565338,0.12607645988464355
2.9259999999998993,0.06786516354353103,16.12235450744629,0.18600511060550456,0.012045548151629813,0.1745942384004593,0.12613445520401
2.927999999999899,0.06786522759856772,16.121797561645508,0.18605056902397565,0.012011861614260665,0.17460031807422638,0.12619245052337646
2.929999999999899,0.06786528804026032,16.121246337890625,0.18609651367349683,0.011976800349114167,0.17460736632347107,0.12625083327293396
2.9319999999998987,0.06786534481662974,16.120689392089844,0.1861429400645605,0.011940377202727897,0.17461541295051575,0.12630918622016907
2.9339999999998985,0.0678653978769608,16.12013053894043,0.18618984366408997,0.011902605144079476,0.17462441325187683,0.1263679563999176
2.9359999999998982,0.06786544717183703,16.11957550048828,0.1862372198960363,0.011863497261211973,0.17463450133800507,0.12642671167850494
2.937999999999898,0.06786549265317858,16.119016647338867,0.1862850641419731,0.01182306675787439,0.17464548349380493,0.12648575007915497
2.939999999999898,0.06786553427427759,16.118465423583984,0.1863333717416807,0.011781326950171759,0.1746574491262436,0.12654495239257812
2.9419999999998976,0.06786557198983194,16.1179141998291,0.18638213799373043,0.01173829126323326,0.1746702492237091,0.1266041398048401
2.9439999999998974,0.0678656057559793,16.117359161376953,0.186431358156062,0.011693973227893353,0.17468412220478058,0.12666362524032593
2.945999999999897,0.06786563553032918,16.116809844970703,0.18648102744655487,0.011648386477389507,0.1746988594532013,0.12672336399555206
2.947999999999897,0.06786566127199618,16.116262435913086,0.1865311410435988,0.011601544744076967,0.1747146099805832,0.1267831176519394
2.9499999999998967,0.06786568294162952,16.11571502685547,0.18658169408665454,0.01155346185616071,0.1747313290834427,0.12684312462806702
2.9519999999998965,0.06786570050144355,16.115171432495117,0.18663268167681618,0.011504151734447465,0.17474880814552307,0.12690335512161255
2.9539999999998963,0.06786571391524629,16.114625930786133,0.18668409887736498,0.01145362838911537,0.17476746439933777,0.1269635111093521
2.955999999999896,0.06786572314846775,16.114086151123047,0.1867359407143222,0.011401905916502971,0.17478691041469574,0.12702400982379913
2.957999999999896,0.06786572816818615,16.113544464111328,0.18678820217699443,0.011348998495922523,0.1748073697090149,0.1270843893289566
2.9599999999998956,0.06786572894315404,16.113006591796875,0.18684087821852113,0.011294920386494092,0.1748286336660385,0.12714524567127228
2.9619999999998954,0.06786572544382209,16.112464904785156,0.18689396375641232,0.01123968592399702,0.1748509258031845,0.12720608711242676
2.963999999999895,0.06786571764236476,16.11193084716797,0.18694745367308835,0.011183309517752994,0.17487402260303497,0.12726706266403198
2.965999999999895,0.06786570551269945,16.111398696899414,0.18700134281641084,0.011125805647526504,0.1748979091644287,0.12732814252376556
2.9679999999998947,0.06786568903051017,16.11086654663086,0.1870556260002172,0.011067188860453376,0.174922913312912,0.1273893117904663
2.9699999999998945,0.06786566817326671,16.110336303710938,0.18711029800484597,0.011007473767993414,0.1749485582113266,0.12745055556297302
2.9719999999998943,0.0678656429202431,16.10980796813965,0.18716535357766295,0.010946675042910602,0.1749752014875412,0.12751200795173645
2.973999999999894,0.06786561325253596,16.10927963256836,0.18722078743358306,0.010884807416277103,0.17500266432762146,0.12757346034049988
2.975999999999894,0.06786557915308102,16.10875129699707,0.1872765942555904,0.010821885674510218,0.17503102123737335,0.12763510644435883
2.9779999999998936,0.0678655406066664,16.108224868774414,0.18733276869525428,0.01075792465643185,0.17506031692028046,0.12769673764705658
2.9799999999998934,0.06786549759994878,16.107696533203125,0.18738930537324544,0.010692939250360422,0.17509040236473083,0.1277584284543991
2.981999999999893,0.0678654501214654,16.107168197631836,0.18744619887984637,0.010626944391232048,0.17512132227420807,0.12782032787799835
2.983999999999893,0.06786539816164416,16.106643676757812,0.18750344377546102,0.010559955057751714,0.17515309154987335,0.12788231670856476
2.9859999999998927,0.06786534171281645,16.10611915588379,0.1875347198727843,0.010491986269574467,0.17518559098243713,0.1279442012310028
2.9879999999998925,0.06786528076922183,16.10559844970703,0.1875638425147057,0.010423053084520267,0.1752190887928009,0.1280061900615692
2.9899999999998923,0.06786521532702007,16.105079650878906,0.18759311624773145,0.01035317059581922,0.17525316774845123,0.12806835770606995
2.991999999999892,0.0678651453842936,16.104564666748047,0.18762253940275403,0.01028235392939225,0.17528825998306274,0.12813052535057068
2.993999999999892,0.06786507094105503,16.104053497314453,0.18765211028278767,0.010210618241162416,0.17532415688037872,0.1281926929950714
2.9959999999998916,0.0678649919992495,16.10353660583496,0.18768182716290932,0.010137978714402602,0.17536062002182007,0.12825500965118408
2.9979999999998914,0.06786490856275626,16.103025436401367,0.1877116882902123,0.010064450557117436,0.1753980815410614,0.12831726670265198
2.999999999999891,0.06786482063739141,16.102519989013672,0.1877416918837722,0.009990048999461655,0.17543616890907288,0.1283797174692154
3.001999999999891,0.06786472823090568,16.102008819580078,0.18777183613462844,0.009914789291193542,0.17547501623630524,0.1284419149160385
3.0039999999998908,0.06786463135298437,16.101505279541016,0.18780211920577783,0.009838686699166382,0.17551478743553162,0.12850435078144073
3.0059999999998905,0.06786453001524288,16.101001739501953,0.1878325392321823,0.009761756504856028,0.17555522918701172,0.1285666674375534
3.0079999999998903,0.0678644242312232,16.10049819946289,0.18786309432078735,0.00968401400192892,0.17559637129306793,0.12862901389598846
3.00999999999989,0.06786431401638797,16.099994659423828,0.18789378255055628,0.009605474493847254,0.17563830316066742,0.12869159877300262
3.01199999999989,0.06786419938811394,16.0994930267334,0.18792460197251676,0.009526153291514664,0.17568090558052063,0.12875424325466156
3.0139999999998897,0.06786408036568267,16.0989933013916,0.18795555060981772,0.009446065710962645,0.1757243126630783,0.12881655991077423
3.0159999999998894,0.0678639569702716,16.098495483398438,0.18798662645780095,0.009365227071075633,0.1757684051990509,0.12887893617153168
3.017999999999889,0.06786382922494441,16.097999572753906,0.18801782748408546,0.00928365269136387,0.17581313848495483,0.12894143164157867
3.019999999999889,0.06786369715463567,16.09750747680664,0.18804915162866132,0.009201357889770062,0.1758585423231125,0.1290038824081421
3.0219999999998888,0.06786356078614102,16.097015380859375,0.18808059680399686,0.009118357980527495,0.175904780626297,0.1290663182735443
3.0239999999998886,0.06786342014809986,16.096527099609375,0.1881121608951582,0.009034668272059319,0.17595161497592926,0.12912866473197937
3.0259999999998883,0.06786327527098089,16.096044540405273,0.1881438417599382,0.008950304064921527,0.17599907517433167,0.12919104099273682
3.027999999999888,0.06786312618706371,16.095571517944336,0.18817563722899755,0.008865280649794428,0.1760471910238266,0.12925328314304352
3.029999999999888,0.06786297293042182,16.095102310180664,0.18820754510601584,0.008779613305519244,0.17609594762325287,0.1293155401945114
3.0319999999998877,0.06786281553690147,16.094636917114258,0.18823956316785578,0.008693317297185423,0.1761454939842224,0.1293777972459793
3.0339999999998875,0.0678626540441019,16.09416961669922,0.18827168916473114,0.008606407874261108,0.17619550228118896,0.1294400691986084
3.0359999999998872,0.0678624884913532,16.093708038330078,0.1883039208203922,0.008518900268782962,0.17624622583389282,0.12950226664543152
3.037999999999887,0.06786231891969195,16.093246459960938,0.188336255832315,0.008430809693587284,0.17629756033420563,0.1295643001794815
3.039999999999887,0.06786214537183853,16.092788696289062,0.18836869187189986,0.008342151340601388,0.17634953558444977,0.1296263188123703
3.0419999999998866,0.06786196789217043,16.09233283996582,0.188401226584683,0.00825294037918467,0.17640207707881927,0.1296883076429367
3.0439999999998864,0.06786178652669574,16.091876983642578,0.18843385759054965,0.008163191954525008,0.17645516991615295,0.12975004315376282
3.045999999999886,0.06786160132302606,16.091426849365234,0.18846658248395937,0.008072921186095396,0.17650873959064484,0.12981191277503967
3.047999999999886,0.06786141233034668,16.090974807739258,0.18849939883417732,0.007982143166164763,0.17656309902668,0.12987379729747772
3.0499999999998857,0.06786121959938748,16.090526580810547,0.18853230418551076,0.007890872958371818,0.17661793529987335,0.1299353986978531
3.0519999999998855,0.06786102318239129,16.09008026123047,0.1885652960575529,0.0077991255963578855,0.1766733080148697,0.12999683618545532
3.0539999999998853,0.06786082313308292,16.08963966369629,0.1885983719454325,0.007706916082469983,0.1767292320728302,0.13005828857421875
3.055999999999885,0.06786061950663454,16.089202880859375,0.18863152932006627,0.00761425938652048,0.1767856776714325,0.1301196962594986
3.057999999999885,0.06786041235963335,16.088764190673828,0.1886647656284176,0.007521170444625884,0.176842600107193,0.13018089532852173
3.0599999999998846,0.06786020175004571,16.088333129882812,0.1886980782937578,0.007427664158109169,0.17690019309520721,0.1302419751882553
3.0619999999998844,0.0678599877371812,16.087905883789062,0.18873146471593055,0.007333755392479707,0.1769580990076065,0.13030295073986053
3.063999999999884,0.06785977038165575,16.087474822998047,0.18876492227161695,0.00723945897649111,0.17701663076877594,0.13036377727985382
3.065999999999884,0.06785954974535374,16.087051391601562,0.18879844831460257,0.007144789701275771,0.1770756095647812,0.13042455911636353
3.0679999999998837,0.0678593258913905,16.086626052856445,0.18883204017604688,0.007049762319567914,0.17713503539562225,0.13048525154590607
3.0699999999998835,0.06785909888407117,16.08620262145996,0.18886569516474866,0.0069543915450134405,0.17719484865665436,0.13054564595222473
3.0719999999998833,0.06785886878885089,16.085784912109375,0.18889941056741127,0.006858692051570014,0.17725525796413422,0.1306060552597046
3.073999999999883,0.06785863567229371,16.085369110107422,0.1889331836489077,0.006762678473009629,0.17731600999832153,0.1306663155555725
3.075999999999883,0.06785839960203043,16.08495330810547,0.1889670116525352,0.00666636540251935,0.17737740278244019,0.1307261884212494
3.0779999999998826,0.0678581606467156,16.08454132080078,0.18900089180027463,0.0065697673924156935,0.17743901908397675,0.13078609108924866
3.0799999999998824,0.06785791887598448,16.08413314819336,0.18903482129303506,0.006472898953967334,0.17750108242034912,0.13084572553634644
3.081999999999882,0.0678576743604068,16.08372688293457,0.18906879731089515,0.006375774557348138,0.1775636523962021,0.1309053897857666
3.083999999999882,0.06785742717144463,16.08332061767578,0.18910281701333542,0.006278408631717791,0.17762650549411774,0.13096486032009125
3.0859999999998817,0.067857177381403,16.082918167114258,0.18913687753945868,0.006180815565438141,0.1776898205280304,0.1310238540172577
3.0879999999998815,0.06785692506338563,16.082515716552734,0.18917097600819927,0.006083009706444923,0.17775338888168335,0.13108281791210175
3.0899999999998813,0.06785667029124665,16.082117080688477,0.1892051095185157,0.005985005362775198,0.1778174489736557,0.1311417520046234
3.091999999999881,0.06785641313954227,16.081722259521484,0.1892392751495734,0.005886816803270796,0.17788183689117432,0.13120028376579285
3.093999999999881,0.06785615368348318,16.08133316040039,0.18927346996090055,0.005788458258462113,0.17794662714004517,0.13125883042812347
3.0959999999998806,0.06785589199888288,16.08094024658203,0.1893076909925328,0.005689943921661825,0.17801159620285034,0.131317138671875
3.0979999999998804,0.06785562816210905,16.08055305480957,0.1893419352651251,0.005591287950265792,0.1780771017074585,0.13137505948543549
3.09999999999988,0.06785536225003191,16.080163955688477,0.18937619978004577,0.005492504467303704,0.1781427413225174,0.13143280148506165
3.10199999999988,0.06785509433997305,16.07977867126465,0.18941048151943735,0.005393607563237688,0.17820873856544495,0.13149051368236542
3.1039999999998797,0.06785482450965193,16.079395294189453,0.18944477744624671,0.005294611298051992,0.17827509343624115,0.131547749042511
3.1059999999998795,0.06785455283713344,16.07901382446289,0.18947908450421713,0.005195529703649436,0.17834162712097168,0.13160492479801178
3.1079999999998793,0.0678542794007728,16.078632354736328,0.18951339961784208,0.005096376786591099,0.17840857803821564,0.13166198134422302
3.109999999999879,0.06785400427916329,16.07826042175293,0.18954771969227396,0.004997166531213218,0.17847570776939392,0.13171866536140442
3.111999999999879,0.06785372755107678,16.0778865814209,0.18958204161318332,0.004897912903160924,0.17854304611682892,0.13177500665187836
3.1139999999998786,0.06785344929541005,16.077518463134766,0.1896163622465603,0.004798629853383588,0.17861080169677734,0.13183122873306274
3.1159999999998784,0.06785316959112542,16.077157974243164,0.18965067843845823,0.004699331322648195,0.17867864668369293,0.1318873018026352
3.117999999999878,0.06785288851719344,16.076799392700195,0.1896849870146654,0.004600031246626577,0.1787468045949936,0.13194288313388824
3.119999999999878,0.0678526061525317,16.07644271850586,0.1897192847803037,0.004500743561624207,0.17881529033184052,0.13199836015701294
3.1219999999998778,0.06785232257594516,16.07608985900879,0.189753568519337,0.004401482211035194,0.17888368666172028,0.13205349445343018
3.1239999999998775,0.06785203786606281,16.075740814208984,0.18978783499399043,0.004302261152611084,0.1789523959159851,0.13210850954055786
3.1259999999998773,0.06785175210127428,16.075393676757812,0.18982208094405822,0.004203094366649041,0.17902134358882904,0.13216304779052734
3.127999999999877,0.06785146535966488,16.075050354003906,0.1898563030860962,0.004103995865225758,0.1790904402732849,0.1322173923254013
3.129999999999877,0.06785117771894744,16.074710845947266,0.18989049811247738,0.0040049797026214745,0.1791597157716751,0.13227149844169617
3.1319999999998767,0.06785088925639468,16.074369430541992,0.18992466269030023,0.0039060599870983028,0.1792292445898056,0.1323251873254776
3.1339999999998764,0.06785060004876592,16.07403564453125,0.18995879346012634,0.00380725089423791,0.1792987734079361,0.13237878680229187
3.135999999999876,0.06785031017223538,16.07370376586914,0.1899928870345266,0.003708566682066461,0.1793685257434845,0.13243189454078674
3.137999999999876,0.06785001970231389,16.073373794555664,0.19002693999641423,0.0036100217082531264,0.17943836748600006,0.13248465955257416
3.139999999999876,0.06784972871376956,16.07305335998535,0.1900609488971295,0.0035116304497014557,0.17950820922851562,0.13253727555274963
3.1419999999998756,0.06784943728054486,16.072734832763672,0.19009491025424907,0.0034134075249373412,0.17957836389541626,0.13258978724479675
3.1439999999998753,0.0678491454756691,16.072420120239258,0.1901288205490746,0.0033153677197664097,0.1796485334634781,0.1326415091753006
3.145999999999875,0.06784885337116475,16.07210922241211,0.1901626762237606,0.00321752601677158,0.1797187477350235,0.13269323110580444
3.147999999999875,0.06784856103795295,16.071802139282227,0.19019647367802045,0.0031198976293426877,0.17978918552398682,0.1327444165945053
3.1499999999998747,0.0678482685457474,16.07149887084961,0.19023020926535733,0.0030224980410980566,0.17985954880714417,0.132795512676239
3.1519999999998745,0.06784797596294424,16.071197509765625,0.1902638792887298,0.0029253430517158278,0.1799299120903015,0.1328461468219757
3.1539999999998742,0.06784768335650548,16.070903778076172,0.19029747999557678,0.002828448830484756,0.18000055849552155,0.132896289229393
3.155999999999874,0.067847390791828,16.07061195373535,0.19033100757208543,0.002731831979142089,0.18007096648216248,0.13294613361358643
3.157999999999874,0.06784709833260703,16.07032585144043,0.19036445813657132,0.0026355096060124506,0.18014156818389893,0.13299599289894104
3.1599999999998736,0.06784680604068521,16.070043563842773,0.19039782773182018,0.0025394994139463613,0.18021219968795776,0.13304506242275238
3.1619999999998734,0.06784651397588576,16.069766998291016,0.19043111231619209,0.0024438198052464813,0.1802828013896942,0.1330939084291458
3.163999999999873,0.06784622219583027,16.06949234008789,0.19046430775325668,0.0023484900076632892,0.18035340309143066,0.13314232230186462
3.165999999999873,0.06784593075573855,16.069225311279297,0.190497409799671,0.0022535302267165246,0.18042391538619995,0.13319052755832672
3.1679999999998727,0.06784563970820218,16.06896209716797,0.19053041409093463,0.0021589618311945863,0.18049445748329163,0.13323812186717987
3.1699999999998725,0.0678453491029343,16.06870460510254,0.19056331612457228,0.00206480758084431,0.18056504428386688,0.13328544795513153
3.1719999999998723,0.0678450589864869,16.068452835083008,0.19059611124017994,0.0019710919082295076,0.1806355118751526,0.133332297205925
3.173999999999872,0.06784476940193446,16.068208694458008,0.1906287945955945,0.001877841270835786,0.18070587515830994,0.13337884843349457
3.175999999999872,0.06784448038851332,16.06796646118164,0.19066136113827492,0.0017850845953272848,0.1807762235403061,0.13342489302158356
3.1779999999998716,0.06784419198121645,16.067737579345703,0.19069380557066667,0.0016928538440810707,0.1808464229106903,0.13347040116786957
3.1799999999998714,0.06784390421033354,16.067514419555664,0.19072612230798125,0.001601184746124682,0.18091656267642975,0.13351550698280334
3.181999999999871,0.06784361710093284,16.067291259765625,0.19075830542628464,0.0015101177521735316,0.1809867024421692,0.13356032967567444
3.183999999999871,0.06784333067228107,16.067081451416016,0.1907903485980912,0.0014196992997786231,0.18105661869049072,0.1336044818162918
3.1859999999998707,0.06784304493720812,16.066877365112305,0.19082224501164996,0.0013299835147072264,0.18112632632255554,0.13364803791046143
3.1879999999998705,0.06784275990142477,16.06667709350586,0.19085398726869374,0.0012410345369290308,0.18119597434997559,0.13369141519069672
3.1899999999998703,0.06784247556283934,16.066486358642578,0.19088556725336653,0.001152929758412259,0.18126541376113892,0.1337340921163559
3.19199999999987,0.06784219191095847,16.066308975219727,0.19091697596205226,0.0010657644202446681,0.18133476376533508,0.13377626240253448
3.19399999999987,0.06784190892655378,16.066137313842773,0.19094820327942807,0.0009796582829197456,0.18140383064746857,0.13381768763065338
3.1959999999998696,0.06784162658195922,16.06598472595215,0.1909792376794937,0.0008947655371061594,0.18147273361682892,0.1338585764169693
3.1979999999998694,0.06784134484274618,16.065841674804688,0.19101006582059804,0.0008112899135887827,0.18154123425483704,0.13389898836612701
3.199999999999869,0.06784106367226678,16.065715789794922,0.19104067198921043,0.0007295083642863666,0.18160967528820038,0.13393859565258026
3.201999999999869,0.06784078304214919,16.06560516357422,0.1910710373272742,0.000649809254658928,0.18167747557163239,0.13397738337516785
3.2039999999998687,0.0678405029550891,16.065513610839844,0.19110113875419305,0.0005727556932455904,0.18174512684345245,0.13401557505130768
3.2059999999998685,0.06784022349306547,16.065441131591797,0.1911309474808352,0.0004991929057665599,0.1818123608827591,0.13405270874500275
3.2079999999998683,0.06783994491694764,16.065380096435547,0.1911604270690293,0.00043043133879071987,0.18187890946865082,0.13408900797367096
3.209999999999868,0.0678396678612192,16.06528091430664,0.19118953132512845,0.00036854703924785653,0.1819448322057724,0.13412410020828247
3.211999999999868,0.06783939365740395,16.065139770507812,0.19121820355636554,0.0003167977293324168,0.18200986087322235,0.13415859639644623
3.2139999999998676,0.06783912464214001,16.06492805480957,0.19124638212695932,0.0002798767443630503,0.18207389116287231,0.13419191539287567
3.2159999999998674,0.06783886384939035,16.06456184387207,0.19127402198560822,0.00026302343649613023,0.1821366250514984,0.13422490656375885
3.217999999999867,0.06783861370696445,16.06397819519043,0.1913011324519135,0.00026909406351183316,0.18219777941703796,0.13425815105438232
3.219999999999867,0.06783837504315152,16.06318473815918,0.19132779185597648,0.0002960810658643478,0.18225765228271484,0.13429220020771027
3.2219999999998667,0.06783814741033505,16.062297821044922,0.19135410803250086,0.00033869957058108545,0.1823161095380783,0.13432712852954865
3.2239999999998665,0.06783792983430986,16.061410903930664,0.19138017325530376,0.0003916476035759575,0.1823737472295761,0.1343623250722885
3.2259999999998663,0.0678377212720777,16.060569763183594,0.19140605096961244,0.00045108161993285585,0.1824304312467575,0.13439814746379852
3.227999999999866,0.06783752078407275,16.05977439880371,0.19143178108352343,0.0005145571145381372,0.18248680233955383,0.13443386554718018
3.229999999999866,0.06783732757179257,16.05902862548828,0.19145738799387713,0.0005805777343559394,0.18254241347312927,0.13446971774101257
3.2319999999998656,0.06783714096845865,16.058326721191406,0.191482886513678,0.0006482226294042979,0.18259766697883606,0.13450562953948975
3.2339999999998654,0.06783696041791475,16.057668685913086,0.19150828558308652,0.0007169113266294849,0.18265244364738464,0.1345415711402893
3.235999999999865,0.06783678545360959,16.057039260864258,0.19153359049449603,0.0007862664210342556,0.18270684778690338,0.1345774382352829
3.237999999999865,0.06783661568084078,16.056438446044922,0.19155880422660376,0.0008560344134454804,0.1827608346939087,0.134613499045372
3.2399999999998648,0.06783645076258024,16.055864334106445,0.19158392825760318,0.0009260394899708801,0.18281446397304535,0.13464921712875366
3.2419999999998645,0.06783629040837401,16.05530548095703,0.191608963072133,0.0009961559168045091,0.18286779522895813,0.13468506932258606
3.2439999999998643,0.06783613436567659,16.054763793945312,0.19163390848490136,0.001066291120213931,0.18292096257209778,0.134720578789711
3.245999999999864,0.0678359824130695,16.05423355102539,0.1916587638520848,0.0011363750408098562,0.18297359347343445,0.13475634157657623
3.247999999999864,0.06783583435491447,16.053720474243164,0.19168352821241263,0.0012063532651423832,0.1830260157585144,0.13479189574718475
3.2499999999998637,0.06783569001710314,16.05321502685547,0.19170820038318032,0.0012761824888511534,0.1830781251192093,0.13482719659805298
3.2519999999998634,0.0678355492436504,16.052722930908203,0.19173277902674613,0.0013458274538310799,0.18312998116016388,0.13486255705356598
3.2539999999998632,0.0678354118939362,16.052242279052734,0.19175726269731735,0.0014152588384992446,0.18318165838718414,0.13489758968353271
3.255999999999863,0.06783527784045897,16.051761627197266,0.19178164987432283,0.0014844517774137117,0.18323266506195068,0.1349325329065323
3.257999999999863,0.06783514696698442,16.051294326782227,0.19180593898651693,0.0015533848046058196,0.18328367173671722,0.1349676251411438
3.2599999999998626,0.06783501916701393,16.05082893371582,0.1918301284295692,0.001622039087375023,0.18333426117897034,0.13500221073627472
3.2619999999998623,0.0678348943425036,16.050373077392578,0.19185421657902313,0.0016903978625316459,0.18338459730148315,0.13503678143024445
3.263999999999862,0.0678347724027901,16.0499210357666,0.19187820179991566,0.0017584460159491603,0.1834346503019333,0.13507132232189178
3.265999999999862,0.06783465326367945,16.049476623535156,0.19190208245396606,0.0018261697650204594,0.18348431587219238,0.13510555028915405
3.2679999999998617,0.06783453684667592,16.049036026000977,0.1919258569049755,0.0018935564159984404,0.18353371322155,0.1351396143436432
3.2699999999998615,0.06783442307831755,16.048599243164062,0.19194952352290162,0.001960594176514572,0.18358276784420013,0.13517363369464874
3.2719999999998612,0.0678343118896089,16.048168182373047,0.19197308068693852,0.0020272720092342294,0.18363156914710999,0.13520732522010803
3.273999999999861,0.06783420321552984,16.047744750976562,0.19199652678785228,0.0020935795165042677,0.18368001282215118,0.13524095714092255
3.275999999999861,0.0678340969946084,16.04732322692871,0.1920198602297512,0.0021595068486090297,0.18372821807861328,0.13527442514896393
3.2779999999998606,0.06783399316855106,16.046905517578125,0.19204307943142634,0.002225044630165301,0.18377606570720673,0.13530780375003815
3.2799999999998604,0.06783389168191557,16.04648780822754,0.19206618282736604,0.0022901839005979997,0.18382355570793152,0.13534078001976013
3.28199999999986,0.06783379248182984,16.04607582092285,0.19208916886851912,0.002354916065630115,0.18387070298194885,0.13537360727787018
3.28399999999986,0.06783369551773755,16.04566764831543,0.19211203602286986,0.0024192328574589297,0.18391749262809753,0.1354062855243683
3.2859999999998597,0.06783360074117976,16.045255661010742,0.1921347827758626,0.0024831263018448794,0.18396404385566711,0.13543882966041565
3.2879999999998595,0.06783350810559648,16.044849395751953,0.19215740763071937,0.0025465886907297315,0.18401013314723969,0.13547112047672272
3.2899999999998593,0.0678334175661536,16.044445037841797,0.19217990910867,0.002609612559319126,0.18405593931674957,0.1355031132698059
3.291999999999859,0.0678333290795893,16.04404067993164,0.19220228574911913,0.0026721906667835893,0.18410146236419678,0.1355350911617279
3.293999999999859,0.06783324260407306,16.04364013671875,0.19222453610976736,0.002734315979923664,0.18414655327796936,0.1355668008327484
3.2959999999998586,0.0678331580990841,16.043243408203125,0.19224665876669367,0.002795981659260864,0.18419136106967926,0.13559827208518982
3.2979999999998584,0.06783307552530012,16.0428466796875,0.19226865231441648,0.002857181047145323,0.18423579633235931,0.1356295645236969
3.299999999999858,0.06783299484449803,16.04245376586914,0.19229051536593328,0.0029179076575290034,0.1842798888683319,0.13566067814826965
3.301999999999858,0.06783291601946477,16.042064666748047,0.1923122465527512,0.0029781551671376593,0.18432359397411346,0.1356915682554245
3.3039999999998577,0.06783283901391664,16.041671752929688,0.19233384452490793,0.003037917407813627,0.18436694145202637,0.13572217524051666
3.3059999999998575,0.06783276379242814,16.04128074645996,0.19235530795099187,0.0030971883598460946,0.18440985679626465,0.1357526332139969
3.3079999999998573,0.06783269032036446,16.040891647338867,0.19237663551815642,0.003155962146140984,0.18445248901844025,0.13578276336193085
3.309999999999857,0.06783261856382548,16.040508270263672,0.19239782593213955,0.003214233027100656,0.1844947785139084,0.13581278920173645
3.311999999999857,0.06783254848958993,16.040124893188477,0.19241887791728296,0.0032719953961149856,0.18453669548034668,0.13584250211715698
3.3139999999998566,0.06783248006506834,16.03973960876465,0.19243979021655666,0.003329243775573618,0.18457818031311035,0.13587209582328796
3.3159999999998564,0.06783241325825982,16.03936004638672,0.19246056159158514,0.0033859728133266297,0.18461927771568298,0.13590148091316223
3.317999999999856,0.06783234803771258,16.038982391357422,0.19248119082268078,0.0034421772795323853,0.18465998768806458,0.135930597782135
3.319999999999856,0.06783228437248735,16.038606643676758,0.19250167670887952,0.0034978520638458957,0.18470041453838348,0.13595955073833466
3.3219999999998557,0.06783222223212622,16.038232803344727,0.19252201806798508,0.0035529921728939757,0.18474037945270538,0.13598822057247162
3.3239999999998555,0.06783216158662259,16.037858963012695,0.1925422137366135,0.0036075927280096697,0.18477989733219147,0.13601668179035187
3.3259999999998553,0.06783210240639533,16.03748893737793,0.19256226257024694,0.0036616489631819175,0.18481895327568054,0.1360449343919754
3.327999999999855,0.06783204466226529,16.037118911743164,0.19258216344329016,0.0037151562232103437,0.1848578304052353,0.13607296347618103
3.329999999999855,0.06783198832543247,16.03675079345703,0.19260191524913117,0.0037681099620211485,0.18489614129066467,0.13610069453716278
3.3319999999998546,0.06783193336745832,16.03638458251953,0.19262151690020718,0.0038205057411393284,0.18493397533893585,0.13612833619117737
3.3339999999998544,0.06783187976024707,16.03602409362793,0.19264096732807323,0.0038723392282911727,0.18497155606746674,0.1361556351184845
3.335999999999854,0.06783182747602995,16.035659790039062,0.1926602654834766,0.003923606196122873,0.185008704662323,0.13618290424346924
3.337999999999854,0.06783177648735224,16.035301208496094,0.19267941033643105,0.003974302521026004,0.18504548072814941,0.1362098753452301
3.3399999999998538,0.06783172676706031,16.034942626953125,0.19269840087629642,0.004024424182048465,0.18508170545101166,0.13623642921447754
3.3419999999998535,0.06783167828828884,16.034591674804688,0.19271723611186203,0.004073967259894358,0.18511751294136047,0.13626284897327423
3.3439999999998533,0.06783163102445412,16.03424072265625,0.1927359150714258,0.004122927935988274,0.18515294790267944,0.13628911972045898
3.345999999999853,0.06783158494924216,16.03389549255371,0.1927544368028849,0.004171302491607637,0.18518809974193573,0.13631510734558105
3.347999999999853,0.06783154003660254,16.033544540405273,0.192772800373819,0.004219087307071746,0.1852228343486786,0.13634087145328522
3.3499999999998527,0.06783149626074222,16.033203125,0.19279100487157858,0.004266278860978664,0.18525680899620056,0.1363663524389267
3.3519999999998524,0.0678314535961178,16.032859802246094,0.19280904940337523,0.00431287372948822,0.18529067933559418,0.13639165461063385
3.353999999999852,0.06783141201743303,16.032516479492188,0.1928269330963684,0.004358868585646378,0.185324028134346,0.13641677796840668
3.355999999999852,0.06783137149963255,16.032175064086914,0.19284465509775656,0.00440426019874138,0.18535690009593964,0.1364416778087616
3.3579999999998518,0.06783133201790015,16.031835556030273,0.19286221457486458,0.0044490454336934175,0.18538926541805267,0.13646630942821503
3.3599999999998515,0.06783129354765434,16.031497955322266,0.1928796107152334,0.004493221250472484,0.18542124330997467,0.13649070262908936
3.3619999999998513,0.06783125606454814,16.031160354614258,0.19289684272670649,0.00453678470353875,0.18545286357402802,0.13651487231254578
3.363999999999851,0.0678312195444655,16.030826568603516,0.19291390983751738,0.00457973294130539,0.1854838728904724,0.13653889298439026
3.365999999999851,0.06783118396352186,16.030494689941406,0.19293081129637513,0.004622063205620658,0.18551455438137054,0.1365625411272049
3.3679999999998507,0.06783114929806258,16.030168533325195,0.19294754637254719,0.004663772831267243,0.18554480373859406,0.13658592104911804
3.3699999999998504,0.067831115524663,16.02984046936035,0.1929641143559419,0.004704859245475938,0.1855744868516922,0.13660931587219238
3.3719999999998502,0.06783108262012963,16.02951431274414,0.19298051455718812,0.0047453199674482634,0.18560384213924408,0.13663238286972046
3.37399999999985,0.06783105056149961,16.029184341430664,0.19299674630771452,0.004785152607897663,0.18563270568847656,0.13665516674518585
3.37599999999985,0.06783101932604262,16.02885627746582,0.1930128089598227,0.004824354868593966,0.18566115200519562,0.13667775690555573
3.3779999999998496,0.06783098889126128,16.028528213500977,0.1930287018867627,0.004862924541917851,0.1856890469789505,0.13670019805431366
3.3799999999998493,0.06783095923489399,16.0281982421875,0.1930444244827994,0.0049008595104226,0.18571637570858002,0.13672228157520294
3.381999999999849,0.0678309303349161,16.027873992919922,0.19305997616328407,0.004938157746400063,0.18574348092079163,0.13674432039260864
3.383999999999849,0.06783090216954311,16.027549743652344,0.19307535636471446,0.0049748173114548735,0.18577000498771667,0.13676601648330688
3.3859999999998487,0.06783087471723079,16.0272274017334,0.1930905645447985,0.005010836356074861,0.18579615652561188,0.13678735494613647
3.3879999999998485,0.06783084795668114,16.026906967163086,0.1931056001825096,0.005046213119214557,0.18582169711589813,0.1368086189031601
3.3899999999998482,0.0678308218668421,16.026586532592773,0.19312046277814154,0.005080945927871735,0.18584688007831573,0.13682952523231506
3.391999999999848,0.06783079642691266,16.026268005371094,0.19313515185335928,0.005115033196669155,0.18587148189544678,0.13685041666030884
3.393999999999848,0.0678307716163449,16.02595329284668,0.19314966695124414,0.005148473427437891,0.18589571118354797,0.13687098026275635
3.3959999999998476,0.06783074741484793,16.025636672973633,0.19316400763633768,0.005181265208798255,0.18591946363449097,0.13689129054546356
3.3979999999998474,0.06783072380239076,16.02532196044922,0.19317817349467897,0.005213407215742949,0.1859426498413086,0.1369115114212036
3.399999999999847,0.06783070075920689,16.025009155273438,0.19319216413384138,0.005244898209215674,0.185965433716774,0.13693155348300934
3.401999999999847,0.06783067826579599,16.02469825744629,0.19320597918296128,0.00527573703569193,0.18598778545856476,0.13695122301578522
3.4039999999998467,0.06783065630292999,16.024385452270508,0.19321961829276496,0.005305922626758055,0.18600963056087494,0.13697072863578796
3.4059999999998465,0.06783063485165497,16.024080276489258,0.19323308113559157,0.0053354539986822875,0.18603098392486572,0.13699011504650116
3.4079999999998463,0.06783061389329591,16.023775100708008,0.19324636740540924,0.005364330251994373,0.18605169653892517,0.13700905442237854
3.409999999999846,0.06783059340946074,16.023466110229492,0.19325947681783,0.005392550571050739,0.18607217073440552,0.13702785968780518
3.411999999999846,0.06783057338204326,16.023164749145508,0.19327240911011756,0.005420114223604214,0.18609198927879333,0.1370464563369751
3.4139999999998456,0.06783055379322851,16.02286148071289,0.1932851640411925,0.005447020560366999,0.18611159920692444,0.13706490397453308
3.4159999999998454,0.06783053462549567,16.022560119628906,0.19329774139163175,0.005473269014574073,0.18613038957118988,0.13708320260047913
3.417999999999845,0.06783051586162225,16.022258758544922,0.193310140963665,0.00549885910153746,0.1861487776041031,0.13710108399391174
3.419999999999845,0.06783049748468864,16.021961212158203,0.1933223625811627,0.0055237904182022304,0.18616676330566406,0.13711866736412048
3.4219999999998447,0.06783047947808121,16.02165985107422,0.19333440608962554,0.005548062642692797,0.18618424236774445,0.13713641464710236
3.4239999999998445,0.06783046182549649,16.0213623046875,0.19334627135616356,0.005571675533862594,0.18620121479034424,0.1371537148952484
3.4259999999998443,0.06783044451094639,16.02107048034668,0.19335795826947433,0.005594628930831149,0.18621772527694702,0.1371707171201706
3.427999999999844,0.06783042751875945,16.020776748657227,0.19336946673981387,0.0056169227525237645,0.186233788728714,0.13718780875205994
3.429999999999844,0.06783041083358757,16.020483016967773,0.1933807966989654,0.005638556997204235,0.18624931573867798,0.13720443844795227
3.4319999999998436,0.06783039444040746,16.020193099975586,0.19339194810020094,0.005659531742000039,0.18626433610916138,0.137221097946167
3.4339999999998434,0.06783037832452592,16.0199031829834,0.19340292091824085,0.005679847142430379,0.186278834939003,0.13723735511302948
3.435999999999843,0.06783036247158232,16.019611358642578,0.19341371514920547,0.005699503431922778,0.18629296123981476,0.1372535228729248
3.437999999999843,0.0678303468675537,16.019325256347656,0.19342433081056426,0.005718500921326465,0.186306431889534,0.1372693032026291
3.4399999999998427,0.06783033149875674,16.019039154052734,0.19343476794108183,0.005736839998425266,0.18631960451602936,0.1372850388288498
3.4419999999998425,0.0678303163518522,16.018754959106445,0.19344502660075452,0.005754521127441379,0.1863321214914322,0.13730046153068542
3.4439999999998423,0.06783030141384756,16.01847267150879,0.19345510687074707,0.005771544848535878,0.18634425103664398,0.13731588423252106
3.445999999999842,0.06783028667210149,16.018192291259766,0.19346500885332246,0.00578791177730487,0.186355859041214,0.13733097910881042
3.447999999999842,0.06783027211432544,16.017908096313477,0.1934747326717664,0.005803622604271571,0.1863669604063034,0.13734588027000427
3.4499999999998416,0.06783025772858808,16.017623901367188,0.1934842784703102,0.005818678094371118,0.186377614736557,0.13736069202423096
3.4519999999998414,0.06783024350331722,16.017345428466797,0.19349364641404593,0.005833079086436098,0.18638771772384644,0.13737499713897705
3.453999999999841,0.06783022942730339,16.017065048217773,0.1935028366888376,0.00584682649266958,0.18639737367630005,0.13738930225372314
3.455999999999841,0.06783021548970215,16.01678466796875,0.19351184950123118,0.005859921298121264,0.18640655279159546,0.1374034583568573
3.4579999999998408,0.06783020168003737,16.016510009765625,0.19352068507835485,0.005872364560155111,0.18641513586044312,0.13741733133792877
3.4599999999998405,0.06783018798820287,16.0162353515625,0.19352934366782049,0.0058841574079111815,0.1864233762025833,0.13743114471435547
3.4619999999998403,0.06783017440446469,16.015962600708008,0.19353782553761545,0.005895301041768401,0.1864311248064041,0.13744454085826874
3.46399999999984,0.0678301609194648,16.015687942504883,0.1935461309759932,0.005905796732796042,0.18643835186958313,0.1374579817056656
3.46599999999984,0.06783014752422153,16.01541519165039,0.19355426029136003,0.005915645822206298,0.18644510209560394,0.13747109472751617
3.4679999999998397,0.06783013421013269,16.015148162841797,0.19356221381215516,0.005924849720798935,0.1864512860774994,0.13748419284820557
3.4699999999998394,0.06783012096897693,16.014877319335938,0.19356999188673002,0.00593340990840474,0.1864568591117859,0.13749690353870392
3.471999999999839,0.06783010779291462,16.014612197875977,0.1935775948832183,0.005941327933321795,0.18646234273910522,0.13750962913036346
3.473999999999839,0.06783009467449139,16.014345169067383,0.1935850231894074,0.005948605411749007,0.1864670366048813,0.13752202689647675
3.4759999999998388,0.06783008160663768,16.014081954956055,0.19359227721260325,0.005955244027216787,0.18647129833698273,0.13753409683704376
3.4779999999998386,0.06783006858267128,16.013816833496094,0.1935993573794904,0.005961245530009469,0.18647511303424835,0.13754615187644958
3.4799999999998383,0.0678300555962973,16.01355743408203,0.19360626413599014,0.005966611736590272,0.1864783614873886,0.1375579833984375
3.481999999999838,0.06783004264160983,16.013294219970703,0.19361299794711323,0.005971344529014944,0.1864812821149826,0.13756974041461945
3.483999999999838,0.06783002971309274,16.01303482055664,0.19361955929680924,0.005975445854348324,0.186483696103096,0.13758136332035065
3.4859999999998377,0.0678300168056203,16.012779235839844,0.19362594868781297,0.00597891772407229,0.1864854395389557,0.13759255409240723
3.4879999999998375,0.06783000391445691,16.012521743774414,0.19363216664148641,0.005981762213491879,0.18648694455623627,0.13760383427143097
3.4899999999998372,0.06782999103525879,16.012266159057617,0.19363821369765644,0.005983981461139502,0.18648779392242432,0.13761472702026367
3.491999999999837,0.06782997816407285,16.012012481689453,0.19364409041445013,0.005985577668170471,0.18648822605609894,0.13762548565864563
3.493999999999837,0.06782996529733755,16.01175880432129,0.19364979736812732,0.005986553097761642,0.18648819625377655,0.13763628900051117
3.4959999999998366,0.06782995243188213,16.011507034301758,0.19365533515290612,0.005986910074502958,0.18648779392242432,0.13764667510986328
3.4979999999998364,0.06782993956492704,16.01125717163086,0.19366070438079047,0.005986650983784286,0.18648682534694672,0.1376568228006363
3.499999999999836,0.0678299266940821,16.011009216308594,0.19366590568138908,0.005985778271181597,0.1864853799343109,0.13766704499721527
3.501999999999836,0.06782991381734753,16.010757446289062,0.1936709397017346,0.005984294441841855,0.1864834576845169,0.1376769095659256
3.5039999999998357,0.06782990093311167,16.010513305664062,0.1936758071060991,0.005982202059858762,0.1864810585975647,0.1376868337392807
3.5059999999998355,0.06782988804015164,16.010265350341797,0.1936805085758042,0.005979503747651919,0.1864781230688095,0.13769641518592834
3.5079999999998353,0.06782987513762959,16.010021209716797,0.19368504480903326,0.005976202185337112,0.18647491931915283,0.13770587742328644
3.509999999999835,0.0678298622250943,16.009777069091797,0.1936894165206327,0.0059723001101021555,0.18647116422653198,0.13771505653858185
3.511999999999835,0.0678298493024774,16.009536743164062,0.19369362444191962,0.0059678003155689925,0.18646696209907532,0.13772426545619965
3.5139999999998346,0.06782983637009345,16.009296417236328,0.19369766932047805,0.005962705651163733,0.1864621788263321,0.13773317635059357
3.5159999999998344,0.06782982342863667,16.00905990600586,0.19370155191996002,0.005957019021475895,0.18645715713500977,0.13774201273918152
3.517999999999834,0.06782981047917981,16.008819580078125,0.19370527301987883,0.00595074338562132,0.18645142018795013,0.1377505362033844
3.519999999999834,0.06782979752317156,16.008583068847656,0.19370883341539996,0.005943881756601201,0.18644535541534424,0.13775908946990967
3.5219999999998337,0.06782978456243459,16.008346557617188,0.19371223391713333,0.005936437200652675,0.1864388883113861,0.13776737451553345
3.5239999999998335,0.06782977159916309,16.00811195373535,0.19371547535091937,0.005928412836608924,0.18643182516098022,0.13777565956115723
3.5259999999998333,0.06782975863591971,16.00788116455078,0.19371855855761394,0.0059198118352447645,0.18642452359199524,0.13778354227542877
3.527999999999833,0.0678297456756329,16.007648468017578,0.19372148439287168,0.00591063741863149,0.1864165961742401,0.1377914398908615
3.529999999999833,0.06782973272159391,16.00741958618164,0.19372425372692587,0.005900892859480754,0.18640835583209991,0.13779914379119873
3.5319999999998326,0.0678297197774545,16.00718879699707,0.1937268674443664,0.005890581480491787,0.186399444937706,0.13780656456947327
3.5339999999998324,0.06782970684722145,16.0069580078125,0.19372932644391722,0.005879706653695496,0.18639032542705536,0.13781407475471497
3.535999999999832,0.06782969393525605,16.006732940673828,0.19373163163820906,0.005868271799796514,0.18638069927692413,0.13782130181789398
3.537999999999832,0.06782968104626826,16.006505966186523,0.193733783953554,0.005856280387514795,0.18637068569660187,0.13782846927642822
3.5399999999998317,0.06782966818531361,16.00628089904785,0.19373578432971295,0.005843735932924341,0.18636012077331543,0.13783544301986694
3.5419999999998315,0.06782965535779026,16.006057739257812,0.19373763371966657,0.0058306419987914845,0.18634922802448273,0.1378423571586609
3.5439999999998313,0.06782964256943258,16.005836486816406,0.19373933308938218,0.005817002193911971,0.18633781373500824,0.13784894347190857
3.545999999999831,0.06782962982630995,16.005615234375,0.19374088341757761,0.005802820172447628,0.18632599711418152,0.13785548508167267
3.547999999999831,0.0678296171348194,16.005395889282227,0.19374228569548618,0.005788099633258441,0.18631377816200256,0.13786202669143677
3.5499999999998306,0.06782960450168397,16.005176544189453,0.19374354092661816,0.0057728443192386,0.18630115687847137,0.13786841928958893
3.5519999999998304,0.06782959193394536,16.004961013793945,0.19374465012652364,0.005757058016646675,0.18628816306591034,0.13787448406219482
3.55399999999983,0.06782957943896185,16.004743576049805,0.19374561432254833,0.005740744554441169,0.18627457320690155,0.13788041472434998
3.55599999999983,0.06782956702440066,16.004531860351562,0.19374643455359652,0.005723907803607856,0.18626078963279724,0.13788630068302155
3.5579999999998297,0.06782955469823468,16.00432014465332,0.19374711186988403,0.005706551676493751,0.18624646961688995,0.13789206743240356
3.5599999999998295,0.06782954246873725,16.004108428955078,0.1937476473326955,0.005688680126133347,0.18623168766498566,0.13789775967597961
3.5619999999998293,0.06782953034447597,16.00389862060547,0.1937480420141411,0.005670297145581621,0.1862165927886963,0.1379031538963318
3.563999999999829,0.06782951833430723,16.00368881225586,0.19374829699690732,0.0056514067672421425,0.1862010806798935,0.13790854811668396
3.565999999999829,0.06782950644737189,16.003480911254883,0.19374841337401116,0.005632013062194643,0.1861851066350937,0.13791368901729584
3.5679999999998286,0.06782949469308806,16.003278732299805,0.19374839224855278,0.0056121201395258405,0.18616883456707,0.1379188895225525
3.5699999999998284,0.06782948308114649,16.003070831298828,0.19374823473346636,0.005591732145656695,0.18615201115608215,0.13792382180690765
3.571999999999828,0.06782947162150378,16.002866744995117,0.19374794195127004,0.005570853263672437,0.1861349195241928,0.137928768992424
3.573999999999828,0.06782946032437669,16.002666473388672,0.19374751503381593,0.005549487712649268,0.18611739575862885,0.13793353736400604
3.5759999999998278,0.0678294492002356,16.002464294433594,0.1937469551220406,0.005527639746985515,0.1860995590686798,0.13793803751468658
3.5779999999998275,0.06782943825979945,16.002267837524414,0.1937462633657107,0.0055053136557305276,0.18608123064041138,0.13794268667697906
3.5799999999998273,0.06782942751402746,16.002071380615234,0.1937454409231758,0.005482513761912921,0.18606255948543549,0.13794709742069244
3.581999999999827,0.06782941697411413,16.001873016357422,0.19374448896111085,0.005459244421872554,0.18604357540607452,0.1379512995481491
3.583999999999827,0.06782940665148261,16.001676559448242,0.1937434086542676,0.00543551002458943,0.18602418899536133,0.1379554271697998
3.5859999999998267,0.0678293965577765,16.001483917236328,0.19374220118522112,0.005411314991015927,0.18600435554981232,0.1379595249891281
3.5879999999998264,0.06782938670485544,16.001291275024414,0.19374086774411386,0.005386663773410298,0.18598414957523346,0.13796357810497284
3.589999999999826,0.06782937710478591,16.0010986328125,0.19373940952840674,0.005361560854665406,0.18596364557743073,0.13796742260456085
3.591999999999826,0.0678293677698366,16.00090980529785,0.1937378277426215,0.0053360107476473455,0.18594275414943695,0.13797102868556976
3.593999999999826,0.0678293587124685,16.000720977783203,0.19373612359808984,0.005310017994526772,0.1859215348958969,0.13797463476657867
3.5959999999998256,0.06782934994533119,16.000532150268555,0.1937342983126984,0.005283587166116074,0.18589989840984344,0.13797815144062042
3.5979999999998253,0.06782934148125273,16.000349044799805,0.1937323531106378,0.005256722861206151,0.18587788939476013,0.13798154890537262
3.599999999999825,0.06782933333323476,16.000164031982422,0.19373028922214464,0.005229429705905577,0.18585555255413055,0.13798488676548004
3.601999999999825,0.06782932551444282,15.999982833862305,0.19372810788325323,0.005201712352979013,0.1858329325914383,0.13798819482326508
3.6039999999998247,0.06782931803820151,15.999798774719238,0.19372581033553848,0.005173575481188735,0.18580985069274902,0.1379912942647934
3.6059999999998245,0.06782931091798446,15.999619483947754,0.19372339782586562,0.005145023794638108,0.18578648567199707,0.13799430429935455
3.6079999999998242,0.06782930416740943,15.999439239501953,0.19372087160613521,0.005116062022114186,0.1857629120349884,0.13799718022346497
3.609999999999824,0.06782929780022871,15.999258041381836,0.19371823293303453,0.0050866949164356,0.18573886156082153,0.1379999816417694
3.611999999999824,0.06782929183032274,15.999078750610352,0.19371548306778041,0.005056927253800405,0.1857144832611084,0.13800263404846191
3.6139999999998236,0.06782928627169199,15.998902320861816,0.19371262327587196,0.005026763833133069,0.18568992614746094,0.13800528645515442
3.6159999999998234,0.06782928113844916,15.998723983764648,0.19370965482683705,0.00499620947544095,0.18566475808620453,0.13800787925720215
3.617999999999823,0.06782927644481217,15.998550415039062,0.19370657899398286,0.00496526902316294,0.18563950061798096,0.13801027834415436
3.619999999999823,0.06782927220509578,15.998373031616211,0.1937033970541448,0.00493394733953015,0.18561379611492157,0.1380125880241394
3.6219999999998227,0.06782926843370395,15.998201370239258,0.19370011028743706,0.004902249307921706,0.18558794260025024,0.13801495730876923
3.6239999999998225,0.06782926514512175,15.998028755187988,0.1936967199770036,0.004870179831226091,0.1855616271495819,0.13801702857017517
3.6259999999998223,0.06782926235390904,15.997858047485352,0.193693227408769,0.0048377438312047156,0.18553516268730164,0.1380191445350647
3.627999999999822,0.06782926007469035,15.997686386108398,0.19368963387119126,0.004804946247857714,0.18550825119018555,0.13802112638950348
3.629999999999822,0.0678292583221493,15.997520446777344,0.19368594065501377,0.004771792038792531,0.18548107147216797,0.1380232572555542
3.6319999999998216,0.06782925711101866,15.997352600097656,0.19368214905301928,0.004738286178593626,0.1854536235332489,0.1380249410867691
3.6339999999998214,0.06782925645607497,15.997188568115234,0.19367826035978197,0.0047044336582007604,0.18542589247226715,0.13802669942378998
3.635999999999821,0.06782925637212783,15.99702262878418,0.1936742758714266,0.0046702394842809344,0.18539786338806152,0.13802818953990936
3.637999999999821,0.06782925687401445,15.99686050415039,0.19367019688537684,0.004635708678614106,0.18536952137947083,0.13802999258041382
3.6399999999998207,0.06782925797659102,15.996699333190918,0.19366602470011773,0.004600846277471766,0.18534095585346222,0.13803145289421082
3.6419999999998205,0.06782925969472421,15.996540069580078,0.19366176061494828,0.004565657331007591,0.18531198799610138,0.13803288340568542
3.6439999999998203,0.0678292620432843,15.996381759643555,0.19365740592974107,0.004530146902645341,0.18528299033641815,0.13803434371948242
3.64599999999982,0.06782926503713774,15.996221542358398,0.1936529619446984,0.004494320068474222,0.18525342643260956,0.138035848736763
3.64799999999982,0.06782926869113845,15.996065139770508,0.19364842996011372,0.00445818191664537,0.1852237433195114,0.13803686201572418
3.6499999999998196,0.06782927302011951,15.995908737182617,0.19364381127612806,0.004421737546774102,0.18519380688667297,0.13803821802139282
3.6519999999998194,0.06782927803888796,15.995758056640625,0.1936391071924914,0.004384992069345054,0.18516363203525543,0.1380392462015152
3.653999999999819,0.06782928376221486,15.995603561401367,0.19363431900832356,0.004347950605119113,0.18513314425945282,0.138040229678154
3.655999999999819,0.06782929020482886,15.995452880859375,0.19362944802187632,0.004310618284550571,0.1851024329662323,0.13804121315479279
3.6579999999998187,0.06782929738140837,15.995302200317383,0.19362449553029232,0.004273000247203062,0.18507151305675507,0.138042151927948
3.6599999999998185,0.06782930530657362,15.995153427124023,0.19361946282937187,0.004235101641170843,0.18504025042057037,0.13804297149181366
3.6619999999998183,0.06782931399488053,15.995010375976562,0.19361435121333165,0.004196927622507642,0.1850089579820633,0.13804388046264648
3.663999999999818,0.06782932346081191,15.994867324829102,0.19360916197457145,0.004158483354656999,0.184977188706398,0.1380445808172226
3.665999999999818,0.06782933371877155,15.994722366333008,0.193603896403436,0.004119774007888724,0.18494534492492676,0.13804514706134796
3.6679999999998176,0.06782934478307504,15.994583129882812,0.1935985557879804,0.004080804758741649,0.1849132478237152,0.1380457878112793
3.6699999999998174,0.06782935666794516,15.994441032409668,0.19359314141373324,0.004041580789468781,0.18488077819347382,0.13804617524147034
3.671999999999817,0.06782936938750316,15.994301795959473,0.19358765456346344,0.004002107287491219,0.18484824895858765,0.13804678618907928
3.673999999999817,0.06782938295576174,15.99416732788086,0.1935820965169434,0.0039623894448551945,0.1848154366016388,0.1380472183227539
3.6759999999998167,0.06782939738661939,15.994028091430664,0.19357646855071453,0.003922432457696039,0.18478253483772278,0.13804754614830017
3.6779999999998165,0.06782941269385243,15.993892669677734,0.19357077193785244,0.0038822415257091843,0.18474933505058289,0.13804800808429718
3.6799999999998163,0.06782942889110942,15.993759155273438,0.19356500794773152,0.0038418218516238114,0.18471583724021912,0.1380482316017151
3.681999999999816,0.06782944599190274,15.99362564086914,0.19355917784578902,0.0038011786406887643,0.184682235121727,0.1380484253168106
3.683999999999816,0.06782946400960464,15.993494987487793,0.19355328289328955,0.003760317100158475,0.18464840948581696,0.13804872334003448
3.6859999999998156,0.06782948295743982,15.993362426757812,0.19354732434708916,0.003719242438793393,0.18461449444293976,0.13804881274700165
3.6879999999998154,0.06782950284847743,15.993233680725098,0.1935413034593983,0.003677959866359986,0.18458029627799988,0.1380489021539688
3.689999999999815,0.06782952369562863,15.993104934692383,0.1935352214775416,0.0036364745931462355,0.18454599380493164,0.13804878294467926
3.691999999999815,0.06782954551163764,15.992981910705566,0.1935290796437228,0.0035947918294764757,0.18451137840747833,0.1380489021539688
3.6939999999998148,0.06782956830907677,15.99285888671875,0.193522879194781,0.0035529167852442,0.18447664380073547,0.13804875314235687
3.6959999999998145,0.06782959210034159,15.992735862731934,0.1935166213619509,0.0035108546694448245,0.18444181978702545,0.13804873824119568
3.6979999999998143,0.06782961689764486,15.992612838745117,0.19351030737061947,0.0034686106897219298,0.18440674245357513,0.1380486935377121
3.699999999999814,0.06782964271301069,15.992488861083984,0.19350393844007996,0.0034261900519251248,0.18437150120735168,0.1380484253168106
3.701999999999814,0.0678296695582699,15.992365837097168,0.19349751578328428,0.0033835979596725674,0.18433618545532227,0.13804835081100464
3.7039999999998137,0.06782969744505561,15.992244720458984,0.19349104060659478,0.0033408396139270615,0.18430066108703613,0.1380479782819748
3.7059999999998134,0.06782972638479681,15.992122650146484,0.19348451410952955,0.003297920212583492,0.18426498770713806,0.13804768025875092
3.7079999999998132,0.06782975638871584,15.992000579833984,0.1934779374845068,0.0032548449500688953,0.18422909080982208,0.13804751634597778
3.709999999999813,0.06782978746782135,15.991878509521484,0.19347131191658673,0.0032116190169499716,0.18419308960437775,0.13804718852043152
3.711999999999813,0.06782981963290692,15.991762161254883,0.19346463858320517,0.0031682475995602195,0.18415699899196625,0.13804681599140167
3.7139999999998126,0.0678298528945446,15.991640090942383,0.19345791865390893,0.0031247358796350016,0.18412074446678162,0.13804644346237183
3.7159999999998123,0.0678298872630832,15.991524696350098,0.1934511532900795,0.0030810890339683025,0.18408426642417908,0.1380460411310196
3.717999999999812,0.06782992274864301,15.991409301757812,0.193444343644658,0.003037312234076147,0.1840479075908661,0.13804541528224945
3.719999999999812,0.06782995936111273,15.99129581451416,0.19343749086185758,0.002993410645885362,0.18401119112968445,0.13804513216018677
3.7219999999998117,0.06782999711014848,15.99118423461914,0.19343059607687307,0.0029493894294340744,0.1839744746685028,0.13804450631141663
3.7239999999998115,0.06783003600516731,15.99107551574707,0.19342366041558373,0.0029052537385943203,0.18393754959106445,0.13804399967193604
3.7259999999998112,0.06783007605534822,15.990964889526367,0.19341668499424275,0.0028610087208146484,0.18390056490898132,0.13804341852664948
3.727999999999811,0.06783011726962793,15.990859031677246,0.1934096709191651,0.002816659516882945,0.18386349081993103,0.13804291188716888
3.729999999999811,0.06783015965669928,15.990751266479492,0.19340261928639846,0.0027722112607169195,0.18382620811462402,0.1380423754453659
3.7319999999998106,0.0678302032250103,15.990644454956055,0.19339553118138747,0.0027276690791758246,0.18378891050815582,0.1380416750907898
3.7339999999998104,0.06783024798276201,15.990541458129883,0.19338840767862286,0.002683038091900788,0.18375161290168762,0.13804100453853607
3.73599999999981,0.06783029393790799,15.990438461303711,0.1933812498412817,0.002638323411187479,0.1837141364812851,0.1380404531955719
3.73799999999981,0.06783034109815411,15.990337371826172,0.19337405872084446,0.0025935301418920182,0.18367654085159302,0.13803967833518982
3.7399999999998097,0.06783038947095743,15.990234375,0.1933668353567079,0.002548663381362775,0.18363884091377258,0.13803912699222565
3.7419999999998095,0.06783043906352804,15.990137100219727,0.19335958077576687,0.002503728219428171,0.18360114097595215,0.13803838193416595
3.7439999999998093,0.06783048988282864,15.990035057067871,0.1933522959919869,0.0024587297384107416,0.18356330692768097,0.1380375474691391
3.745999999999809,0.06783054193557565,15.989936828613281,0.19334498200594907,0.0024136730131962213,0.18352538347244263,0.13803696632385254
3.747999999999809,0.0678305952282414,15.989840507507324,0.19333763980437185,0.0023685631113543916,0.18348738551139832,0.13803619146347046
3.7499999999998086,0.06783064976705672,15.989742279052734,0.19333027035960887,0.0023234050933120306,0.18344943225383759,0.13803544640541077
3.7519999999998084,0.06783070555801363,15.989645004272461,0.1933228746291128,0.0022782040125945797,0.1834113448858261,0.13803477585315704
3.753999999999808,0.06783076260686778,15.989550590515137,0.19331545355487167,0.0022329649161323137,0.18337321281433105,0.13803400099277496
3.755999999999808,0.06783082091914427,15.989456176757812,0.19330800806280407,0.0021876928446494673,0.18333500623703003,0.13803331553936005
3.7579999999998077,0.06783088050014134,15.989363670349121,0.19330053906211914,0.0021423928331342503,0.18329672515392303,0.1380324512720108
3.7599999999998075,0.06783094135493709,15.989270210266113,0.19329304744462922,0.002097069911415397,0.1832585483789444,0.13803169131278992
3.7619999999998073,0.06783100348839434,15.989179611206055,0.1932855340840134,0.002051729104837795,0.18322008848190308,0.13803088665008545
3.763999999999807,0.0678310669051707,15.989087104797363,0.19327799983502708,0.0020063754350702016,0.1831817477941513,0.1380300670862198
3.765999999999807,0.06783113160972498,15.988998413085938,0.1932704455326512,0.0019610139210483792,0.1831434667110443,0.1380293220281601
3.7679999999998066,0.06783119760632718,15.988908767700195,0.19326287199117032,0.00191564958007984,0.18310481309890747,0.13802862167358398
3.7699999999998064,0.06783126489907028,15.988822937011719,0.19325528000317754,0.0018702874291262478,0.18306636810302734,0.1380278468132019
3.771999999999806,0.06783133349188207,15.988740921020508,0.19324767033848972,0.001824932486296425,0.1830279529094696,0.13802717626094818
3.773999999999806,0.06783140338853819,15.988664627075195,0.19324004374297332,0.001779589772575192,0.18298931419849396,0.13802628219127655
3.7759999999998057,0.0678314745926791,15.988582611083984,0.19323240093725413,0.0017342643138266928,0.18295080959796906,0.13802547752857208
3.7779999999998055,0.06783154710782607,15.988509178161621,0.19322474261531036,0.0016889611431168106,0.18291234970092773,0.13802483677864075
3.7799999999998053,0.06783162093740114,15.988428115844727,0.19321706944292621,0.001643685303397604,0.1828737109899521,0.13802409172058105
3.781999999999805,0.06783169608474833,15.988353729248047,0.1932093820559892,0.00159844185063247,0.1828351467847824,0.13802336156368256
3.783999999999805,0.0678317725531596,15.988279342651367,0.1932016810586089,0.001553235857416895,0.18279652297496796,0.1380225419998169
3.7859999999998046,0.06783185034590024,15.988204002380371,0.19319396702103708,0.0015080724171980797,0.18275795876979828,0.13802188634872437
3.7879999999998044,0.0678319294662408,15.988126754760742,0.1931862404773509,0.0014629566492008453,0.18271932005882263,0.13802112638950348
3.789999999999804,0.06783200991749178,15.988057136535645,0.19317850192287495,0.001417893704186907,0.18268068134784698,0.13802048563957214
3.791999999999804,0.06783209170304211,15.987981796264648,0.19317075181129817,0.00137288877122788,0.18264220654964447,0.1380198448896408
3.7939999999998038,0.06783217482640441,15.987907409667969,0.19316299055143688,0.0013279470856826562,0.18260370194911957,0.13801918923854828
3.7959999999998035,0.06783225929126367,15.987834930419922,0.1931552185035902,0.0012830739386442106,0.18256518244743347,0.13801851868629456
3.7979999999998033,0.06783234510153546,15.987762451171875,0.19314743597542283,0.0012382746881827202,0.18252655863761902,0.1380179226398468
3.799999999999803,0.06783243226143,15.987689971923828,0.19313964321728833,0.0011935547727865644,0.18248815834522247,0.13801723718643188
3.801999999999803,0.06783252077552769,15.987618446350098,0.19313184041690767,0.0011489197275361433,0.18244963884353638,0.13801662623882294
3.8039999999998027,0.06783261064886348,15.98755168914795,0.1931240276932758,0.0011043752036806814,0.18241120874881744,0.13801607489585876
3.8059999999998024,0.06783270188702502,15.987480163574219,0.1931162050896596,0.0010599269925064497,0.18237271904945374,0.13801570236682892
3.807999999999802,0.06783279449626904,15.987409591674805,0.19310837256551427,0.0010155810546546038,0.18233436346054077,0.13801512122154236
3.809999999999802,0.06783288848365272,15.98733901977539,0.19310052998710003,0.0009713435564338303,0.1822960078716278,0.13801471889019012
3.8119999999998018,0.0678329838571902,15.987268447875977,0.1930926771165351,0.0009272209152080707,0.18225766718387604,0.13801422715187073
3.8139999999998015,0.06783308062603709,15.98719596862793,0.19308481359895036,0.0008832198566917675,0.182219460606575,0.13801376521587372
3.8159999999998013,0.06783317880070878,15.987123489379883,0.19307693894732902,0.0008393474880581004,0.18218110501766205,0.1380133181810379
3.817999999999801,0.06783327839334043,15.987051010131836,0.1930690525244962,0.0007956113923525616,0.1821429282426834,0.13801302015781403
3.819999999999801,0.06783337941800187,15.986976623535156,0.193061153521577,0.0007520197520225893,0.18210475146770477,0.1380128115415573
3.8219999999998007,0.06783348189107904,15.986900329589844,0.19305324093204812,0.000708581512889022,0.18206673860549927,0.13801242411136627
3.8239999999998004,0.06783358583173914,15.986822128295898,0.1930453135202378,0.0006653066053160447,0.1820286214351654,0.13801220059394836
3.8259999999998002,0.06783369126250734,15.986745834350586,0.19303736978277797,0.0006222062478837271,0.18199065327644348,0.13801206648349762
3.8279999999998,0.06783379820998753,15.986663818359375,0.193029407901035,0.0005792933727139319,0.18195275962352753,0.13801193237304688
3.8299999999998,0.06783390670576571,15.986577987670898,0.19302142568189673,0.0005365832346397308,0.1819147914648056,0.1380118727684021
3.8319999999997996,0.06783401678756835,15.986492156982422,0.19301342048343362,0.0004940943060137398,0.1818770170211792,0.13801166415214539
3.8339999999997993,0.06783412850074402,15.98639965057373,0.19300538912083204,0.0004518496294517305,0.18183918297290802,0.1380116492509842
3.835999999999799,0.06783424190019066,15.986305236816406,0.19299732774661504,0.00040987893155475447,0.18180137872695923,0.1380119025707245
3.837999999999799,0.0678343570528565,15.986202239990234,0.19298923169782017,0.00036822205445679815,0.18176376819610596,0.1380119025707245
3.8399999999997987,0.06783447404096624,15.986095428466797,0.19298109530237345,0.0003269347816818536,0.18172608315944672,0.13801240921020508
3.8419999999997985,0.06783459296600906,15.985977172851562,0.1929729116407609,0.00028609926560066223,0.1816885769367218,0.1380125880241394
3.8439999999997982,0.06783471395303668,15.98585319519043,0.19296467227784808,0.00024584390576484646,0.18165087699890137,0.1380130499601364
3.845999999999798,0.06783483715275578,15.985710144042969,0.19295636704901903,0.00020638422581412615,0.1816134750843048,0.1380135715007782
3.847999999999798,0.06783496273089286,15.985557556152344,0.19294798423007614,0.00016811490464770773,0.1815759688615799,0.1380143016576767
3.8499999999997976,0.06783509080152071,15.985383987426758,0.19293951231787504,0.00013183963545659573,0.1815386265516281,0.13801521062850952
3.8519999999997974,0.06783522112881563,15.985201835632324,0.19293094812585243,9.940191703175861e-05,0.18150129914283752,0.13801629841327667
3.853999999999797,0.06783535212361619,15.985040664672852,0.1929223291866985,7.533780970398722e-05,0.18146422505378723,0.13801759481430054
3.855999999999797,0.06783548040335347,15.985038757324219,0.1929138340664407,6.830325681348434e-05,0.18142783641815186,0.13801901042461395
3.8579999999997967,0.06783560465776607,15.985371589660645,0.1929058012675881,8.210885566994257e-05,0.18139228224754333,0.13802026212215424
3.8599999999997965,0.06783572559941269,15.985820770263672,0.1928983257303562,0.000108819142895472,0.1813577562570572,0.13802123069763184
3.8619999999997963,0.06783584406409852,15.986185073852539,0.19289130466488752,0.0001410912038947848,0.18132427334785461,0.13802219927310944
3.863999999999796,0.06783596065229724,15.986469268798828,0.19288463671646888,0.00017566719807697026,0.18129105865955353,0.13802315294742584
3.865999999999796,0.06783607577524037,15.986703872680664,0.19287825146210874,0.00021125644470408882,0.18125846982002258,0.13802383840084076
3.8679999999997956,0.0678361897202937,15.986888885498047,0.19287210094419788,0.00024730718899376513,0.18122631311416626,0.1380247324705124
3.8699999999997954,0.06783630269436043,15.987043380737305,0.19286615141135421,0.00028355721382874674,0.18119440972805023,0.13802537322044373
3.871999999999795,0.06783641485053941,15.987173080444336,0.1928603781830457,0.00031986937909682996,0.18116304278373718,0.13802598416805267
3.873999999999795,0.06783652630468893,15.987284660339355,0.1928547625841312,0.0003561658796666741,0.18113167583942413,0.1380266696214676
3.8759999999997947,0.06783663714604411,15.987380981445312,0.19284929007021817,0.00039239938200534016,0.1811007410287857,0.13802732527256012
3.8779999999997945,0.06783674744425568,15.987472534179688,0.19284394903807817,0.0004285392643822028,0.18107010424137115,0.13802790641784668
3.8799999999997943,0.06783685725420371,15.987548828125,0.1928387300423154,0.0004645645857810393,0.18103963136672974,0.13802854716777802
3.881999999999794,0.0678369666193893,15.987621307373047,0.1928336252618581,0.0005004602776914905,0.18100948631763458,0.13802912831306458
3.883999999999794,0.06783707557437879,15.987691879272461,0.19282862812561313,0.0005362149775722095,0.18097960948944092,0.13802967965602875
3.8859999999997936,0.0678371841466126,15.987751007080078,0.19282373304284334,0.0005718197435788878,0.18094991147518158,0.13802996277809143
3.8879999999997934,0.0678372923577631,15.98780632019043,0.19281893520448995,0.0006072672641000783,0.1809205263853073,0.13803063333034515
3.889999999999793,0.06783740022477634,15.987859725952148,0.19281423043379847,0.0006425513561356867,0.18089137971401215,0.13803115487098694
3.891999999999793,0.06783750776068274,15.987913131713867,0.19280961507201172,0.000677666638100313,0.18086232244968414,0.1380317360162735
3.8939999999997927,0.06783761497523598,15.987960815429688,0.1928050858895145,0.0007126083111421335,0.18083356320858002,0.13803212344646454
3.8959999999997925,0.0678377218754228,15.988008499145508,0.19280064001578928,0.0007473720097851208,0.1808049976825714,0.13803255558013916
3.8979999999997923,0.06783782846587759,15.988052368164062,0.19279627488351114,0.00078195369791115,0.18077675998210907,0.1380332112312317
3.899999999999792,0.06783793474921716,15.988094329833984,0.19279198818341853,0.0008163495950303677,0.1807485669851303,0.13803359866142273
3.901999999999792,0.0678380407263184,15.988136291503906,0.19278777782751005,0.0008505561231809109,0.1807207316160202,0.1380341649055481
3.9039999999997916,0.06783814639655047,15.988173484802246,0.19278364191875752,0.0008845698681217547,0.18069304525852203,0.13803456723690033
3.9059999999997914,0.06783825175796583,15.988215446472168,0.19277957872597024,0.0009183875505901668,0.18066561222076416,0.13803498446941376
3.907999999999791,0.0678383568074661,15.988250732421875,0.19277558666276778,0.0009520060047466453,0.1806384176015854,0.13803571462631226
3.909999999999791,0.06783846154093727,15.988288879394531,0.19277166426987435,0.0009854221618310153,0.18061138689517975,0.1380361020565033
3.9119999999997908,0.06783856595337087,15.988323211669922,0.19276781020010436,0.0010186330376334674,0.18058450520038605,0.13803665339946747
3.9139999999997905,0.06783867003896563,15.988361358642578,0.1927640232055582,0.0010516357227981941,0.180557981133461,0.13803710043430328
3.9159999999997903,0.06783877379121464,15.988394737243652,0.19276030212664197,0.0010844273752543508,0.18053163588047028,0.13803784549236298
3.91799999999979,0.06783887720298329,15.98843002319336,0.19275664588259983,0.0011170052142505432,0.18050548434257507,0.13803833723068237
3.91999999999979,0.06783898026657631,15.988463401794434,0.19275305346331312,0.0011493665156240155,0.18047960102558136,0.1380387395620346
3.9219999999997897,0.0678390829737963,15.988496780395508,0.19274952392216582,0.0011815086080195483,0.18045388162136078,0.13803930580615997
3.9239999999997894,0.0678391853159963,15.988531112670898,0.19274605636980635,0.0012134288698439316,0.1804284155368805,0.13803987205028534
3.925999999999789,0.06783928728412622,15.98856258392334,0.19274264996867918,0.001245124726804165,0.18040314316749573,0.13804049789905548
3.927999999999789,0.06783938886877379,15.988595962524414,0.19273930392820765,0.0012765936499002425,0.1803780496120453,0.13804104924201965
3.9299999999997888,0.06783949006020107,15.988626480102539,0.1927360175005357,0.001307833153782497,0.18035319447517395,0.13804146647453308
3.9319999999997886,0.06783959084837889,15.988645553588867,0.19273278997675636,0.0013388407954038446,0.18032856285572052,0.13804221153259277
3.9339999999997883,0.06783969122301459,15.98866081237793,0.19272962068355476,0.0013696141729053902,0.18030403554439545,0.13804283738136292
3.935999999999788,0.06783979117358077,15.988672256469727,0.19272650898021382,0.0014001509246900894,0.18027988076210022,0.1380435973405838
3.937999999999788,0.06783989068933935,15.988685607910156,0.19272345425593768,0.001430448728656341,0.18025586009025574,0.13804419338703156
3.9399999999997877,0.06783998975936367,15.988702774047852,0.19272045592745068,0.0014605053015572772,0.1802320033311844,0.1380448192358017
3.9419999999997875,0.06784008837255892,15.988714218139648,0.1927175134368363,0.0014903183984612163,0.18020863831043243,0.1380455642938614
3.9439999999997872,0.06784018651768109,15.988726615905762,0.19271462624959385,0.0015198858123058505,0.1801852583885193,0.13804619014263153
3.945999999999787,0.06784028418335401,15.988740921020508,0.19271179385287823,0.001549205373517616,0.18016214668750763,0.13804683089256287
3.947999999999787,0.06784038135808539,15.98875617980957,0.19270901575390992,0.001578274949693498,0.18013913929462433,0.13804778456687927
3.9499999999997866,0.06784047803028238,15.98876953125,0.1927062914785299,0.0016070924453340932,0.18011660873889923,0.13804841041564941
3.9519999999997864,0.0678405741882637,15.988783836364746,0.19270362056988977,0.0016356558016154658,0.1800941377878189,0.13804928958415985
3.953999999999786,0.06784066982027355,15.98879623413086,0.19270100258725237,0.0016639629961982007,0.18007193505764008,0.1380501240491867
3.955999999999786,0.06784076491449276,15.988809585571289,0.19269843710490464,0.0016920120430647177,0.18004992604255676,0.1380508542060852
3.9579999999997857,0.06784085945905122,15.988822937011719,0.1926959237111579,0.0017198009923832613,0.1800282597541809,0.13805162906646729
3.9599999999997855,0.06784095344203707,15.988838195800781,0.19269346200743764,0.0017473279303897523,0.18000665307044983,0.13805246353149414
3.9619999999997852,0.06784104685150734,15.98885440826416,0.19269105160744415,0.001774590979288784,0.1799851953983307,0.13805337250232697
3.963999999999785,0.06784113967549661,15.988865852355957,0.19268869213638423,0.001801588297167977,0.1799641251564026,0.13805420696735382
3.965999999999785,0.06784123190202727,15.988880157470703,0.1926863832302642,0.0018283180779287537,0.1799432337284088,0.13805505633354187
3.9679999999997846,0.0678413235191159,15.988895416259766,0.19268412453523776,0.0018547785512207763,0.17992261052131653,0.13805608451366425
3.9699999999997844,0.06784141451478302,15.98891544342041,0.19268191570700494,0.001880967982390003,0.17990224063396454,0.1380571871995926
3.971999999999784,0.06784150487705902,15.988931655883789,0.19267975641025653,0.0019068846724317795,0.1798820197582245,0.1380579173564911
3.973999999999784,0.06784159459399253,15.988948822021484,0.19267764631816053,0.0019325269579493014,0.17986208200454712,0.13805906474590302
3.9759999999997837,0.06784168365365784,15.988966941833496,0.19267558511188532,0.001957893211117745,0.17984236776828766,0.13806010782718658
3.9779999999997835,0.06784177204415949,15.988983154296875,0.19267357248016154,0.0019829818396513562,0.17982281744480133,0.13806107640266418
3.9799999999997833,0.06784185975364071,15.98900032043457,0.19267160811886708,0.0020077912867706386,0.1798035204410553,0.13806211948394775
3.981999999999783,0.06784194677028792,15.989017486572266,0.19266969173065213,0.002032320031180272,0.17978453636169434,0.1380632370710373
3.983999999999783,0.06784203308233794,15.989034652709961,0.19266782302458052,0.002056566587034779,0.1797657459974289,0.13806448876857758
3.9859999999997826,0.06784211867808229,15.989055633544922,0.1926660017158014,0.0020805295039183404,0.17974704504013062,0.13806556165218353
3.9879999999997824,0.06784220354587395,15.9890718460083,0.19266422752524093,0.0021042073668168138,0.1797286868095398,0.13806676864624023
3.989999999999782,0.0678422876741317,15.989089965820312,0.19266250017931574,0.002127598796092301,0.17971059679985046,0.1380678415298462
3.991999999999782,0.06784237105134533,15.989107131958008,0.19266081940966345,0.0021507024474563497,0.17969270050525665,0.13806907832622528
3.9939999999997817,0.06784245366608067,15.989124298095703,0.1926591849528917,0.0021735170119431967,0.17967507243156433,0.13807033002376556
3.9959999999997815,0.06784253550698499,15.989141464233398,0.19265759655034193,0.002196041215881995,0.17965753376483917,0.13807156682014465
3.9979999999997813,0.06784261656279045,15.98916244506836,0.19265605394787144,0.002218273820867326,0.17964038252830505,0.1380728781223297
3.999999999999781,0.06784269682231912,15.989177703857422,0.1926545568956436,0.002240213623726455,0.17962336540222168,0.13807415962219238
4.001999999999781,0.06784277627448743,15.98919677734375,0.19265310514793532,0.002261859456489058,0.17960666120052338,0.13807561993598938
4.003999999999781,0.06784285490831059,15.989214897155762,0.19265169846295377,0.0022832101863493152,0.1795901656150818,0.13807691633701324
4.005999999999781,0.06784293271290594,15.989233016967773,0.19265033660266512,0.0023042647156306297,0.1795739233493805,0.1380782127380371
4.007999999999781,0.06784300967749815,15.989253997802734,0.19264901933263195,0.002325021981745931,0.17955784499645233,0.13807973265647888
4.00999999999978,0.0678430857914216,15.989274978637695,0.19264774642186167,0.0023454809571556547,0.17954200506210327,0.13808123767375946
4.01199999999978,0.06784316104412555,15.989294052124023,0.19264651764266183,0.0023656406493220558,0.17952650785446167,0.13808251917362213
4.01399999999978,0.06784323542517685,15.989311218261719,0.19264533277050516,0.0023855001006654664,0.17951121926307678,0.13808399438858032
4.01599999999978,0.06784330892426473,15.98933219909668,0.19264419158390012,0.002405058388511309,0.17949603497982025,0.13808567821979523
4.0179999999997795,0.0678433815312018,15.989352226257324,0.19264309386427136,0.0024243146250400843,0.1794811487197876,0.13808713853359222
4.019999999999779,0.06784345323593134,15.989372253417969,0.19264203939584112,0.0024432679572295177,0.17946656048297882,0.13808870315551758
4.021999999999779,0.06784352402852689,15.989395141601562,0.1926410279655248,0.0024619175668002227,0.1794520914554596,0.13809041678905487
4.023999999999779,0.06784359389919759,15.989411354064941,0.19264005936282458,0.002480262670149834,0.17943809926509857,0.13809187710285187
4.025999999999779,0.06784366283829106,15.989433288574219,0.1926391333797317,0.00249830251829407,0.17942413687705994,0.1380934864282608
4.027999999999778,0.06784373083629537,15.98945426940918,0.1926382498106345,0.0025160363967948987,0.17941054701805115,0.1380952000617981
4.029999999999778,0.06784379788384431,15.989476203918457,0.1926374084522282,0.0025334636256932872,0.1793970912694931,0.138096883893013
4.031999999999778,0.06784386397171785,15.989498138427734,0.19263660910343183,0.0025505835594364194,0.17938384413719177,0.1380986124277115
4.033999999999778,0.0678439290908462,15.989517211914062,0.19263585156530594,0.0025673955867987455,0.1793709099292755,0.13810046017169952
4.0359999999997775,0.0678439932323129,15.989540100097656,0.19263513564097823,0.0025838991308051087,0.1793580800294876,0.13810214400291443
4.037999999999777,0.06784405638735663,15.989559173583984,0.19263446113556792,0.0026000936486477314,0.17934578657150269,0.1381039023399353
4.039999999999777,0.06784411854737475,15.989582061767578,0.19263382785611755,0.0026159786315995033,0.1793334037065506,0.13810569047927856
4.041999999999777,0.06784417970392499,15.989603042602539,0.19263323561152507,0.002631553604926557,0.17932139337062836,0.13810761272907257
4.043999999999777,0.06784423984872877,15.9896240234375,0.19263268421247937,0.0026468181277965303,0.1793096363544464,0.13810943067073822
4.045999999999776,0.06784429897367282,15.989646911621094,0.19263217347139938,0.002661771793183157,0.17929810285568237,0.13811148703098297
4.047999999999776,0.06784435707081254,15.989665985107422,0.19263170320237527,0.0026764142277678144,0.17928674817085266,0.13811349868774414
4.049999999999776,0.0678444141323735,15.989688873291016,0.19263127322111068,0.0026907450918389813,0.17927582561969757,0.13811537623405457
4.051999999999776,0.06784447015075314,15.98971176147461,0.1926308833448695,0.002704764079189546,0.17926493287086487,0.13811743259429932
4.053999999999776,0.06784452511852505,15.989734649658203,0.19263053339242192,0.0027184709170056296,0.17925436794757843,0.13811951875686646
4.055999999999775,0.06784457902843871,15.989755630493164,0.1926302231839953,0.0027318653657607767,0.17924398183822632,0.13812144100666046
4.057999999999775,0.06784463187342213,15.989776611328125,0.1926299525412246,0.002744947219099778,0.1792338639497757,0.1381235122680664
4.059999999999775,0.06784468364658577,15.989801406860352,0.19262972128710465,0.002757716303722497,0.17922410368919373,0.13812564313411713
4.061999999999775,0.0678447343412215,15.989824295043945,0.19262952924594723,0.002770172479265804,0.1792144477367401,0.138127863407135
4.0639999999997745,0.06784478395080591,15.989845275878906,0.19262937624333287,0.002782315638178953,0.1792050302028656,0.13812996447086334
4.065999999999774,0.06784483246900205,15.989866256713867,0.19262926210607179,0.0027941457056010074,0.179195836186409,0.13813211023807526
4.067999999999774,0.06784487988966165,15.989887237548828,0.19262918666216128,0.0028056626392298075,0.1791868656873703,0.13813437521457672
4.069999999999774,0.06784492620682539,15.989908218383789,0.1926291497407443,0.002816866429192817,0.17917823791503906,0.13813646137714386
4.071999999999774,0.0678449714147257,15.98992919921875,0.1926291511720728,0.0028277570979118438,0.1791698932647705,0.1381387561559677
4.073999999999773,0.06784501550778699,15.989951133728027,0.19262919078746732,0.0028383346999647117,0.17916162312030792,0.13814103603363037
4.075999999999773,0.06784505848062883,15.989974021911621,0.19262926841928169,0.0028485993219487062,0.17915363609790802,0.1381433606147766
4.077999999999773,0.06784510032806604,15.989994049072266,0.19262938390086592,0.0028585510823346634,0.17914585769176483,0.13814575970172882
4.079999999999773,0.06784514104511027,15.99001693725586,0.1926295370665324,0.002868190131322392,0.17913833260536194,0.1381482034921646
4.0819999999997725,0.06784518062697123,15.990038871765137,0.1926297277515196,0.002877516650693646,0.17913110554218292,0.1381506472826004
4.083999999999772,0.06784521906905869,15.990058898925781,0.19262995579195974,0.0028865308536587257,0.1791241466999054,0.13815298676490784
4.085999999999772,0.06784525636698192,15.990080833435059,0.19263022102484617,0.002895232984704305,0.17911720275878906,0.13815535604953766
4.087999999999772,0.06784529251655247,15.990104675292969,0.19263052328799934,0.002903623319436902,0.17911076545715332,0.13815797865390778
4.089999999999772,0.06784532751378436,15.990123748779297,0.1926308624200378,0.0029117021644226547,0.17910437285900116,0.1381603628396988
4.091999999999771,0.06784536135489463,15.990147590637207,0.19263123826034523,0.002919469857026547,0.17909826338291168,0.13816289603710175
4.093999999999771,0.06784539403630525,15.990168571472168,0.19263165064904086,0.0029269267652473224,0.17909252643585205,0.1381654441356659
4.095999999999771,0.0678454255546435,15.990192413330078,0.19263209942694948,0.0029340732875504784,0.17908667027950287,0.138168066740036
4.097999999999771,0.06784545590674144,15.990215301513672,0.19263258443557152,0.0029409098527008555,0.17908146977424622,0.13817065954208374
4.0999999999997705,0.0678454850896393,15.990238189697266,0.19263310551705415,0.0029474369195865544,0.17907625436782837,0.13817335665225983
4.10199999999977,0.06784551310058388,15.99026107788086,0.19263366251416436,0.002953654977048208,0.17907126247882843,0.1381758600473404
4.10399999999977,0.06784553993702924,15.990283966064453,0.19263425527025851,0.002959564543701405,0.17906665802001953,0.13817857205867767
4.10599999999977,0.06784556559663844,15.990304946899414,0.1926348836292558,0.0029651661677547628,0.17906206846237183,0.13818123936653137
4.10799999999977,0.06784559007728311,15.990330696105957,0.19263554743561007,0.0029704604268305373,0.17905791103839874,0.13818392157554626
4.109999999999769,0.06784561337704406,15.990350723266602,0.19263624653428502,0.002975447927782105,0.17905379831790924,0.13818690180778503
4.111999999999769,0.06784563549421134,15.990372657775879,0.1926369807707235,0.002980129306503243,0.17905005812644958,0.138189435005188
4.113999999999769,0.06784565642728461,15.990397453308105,0.1926377499908256,0.0029845052277433404,0.1790466159582138,0.1381923407316208
4.115999999999769,0.06784567617497314,15.990421295166016,0.19263855404091834,0.0029885763849146875,0.1790432631969452,0.1381950080394745
4.1179999999997685,0.06784569473619727,15.99044418334961,0.19263939276773268,0.0029923434999005907,0.1790401190519333,0.13819795846939087
4.119999999999768,0.0678457121100862,15.99046516418457,0.1926402660183772,0.002995807322858719,0.1790371686220169,0.13820074498653412
4.121999999999768,0.06784572829597942,15.99048900604248,0.19264117364031186,0.0029989686320244058,0.17903465032577515,0.1382036954164505
4.123999999999768,0.06784574329342674,15.990514755249023,0.19264211548132293,0.003001828233511581,0.17903225123882294,0.1382066160440445
4.125999999999768,0.06784575710218756,15.990535736083984,0.19264309138949948,0.0030043869611115406,0.17903004586696625,0.13820959627628326
4.127999999999767,0.06784576972223125,15.990556716918945,0.19264410121320774,0.003006645676088535,0.17902815341949463,0.13821257650852203
4.129999999999767,0.06784578115373639,15.990581512451172,0.1926451448010651,0.0030086052669725315,0.1790262907743454,0.13821548223495483
4.131999999999767,0.06784579139709004,15.99060344696045,0.1926462220019191,0.0030102666493569664,0.1790248155593872,0.13821840286254883
4.133999999999767,0.06784580045288936,15.990625381469727,0.19264733266481954,0.0030116307656830447,0.17902348935604095,0.13822151720523834
4.1359999999997665,0.06784580832193873,15.990650177001953,0.19264847663899815,0.0030126985850333424,0.17902235686779022,0.13822460174560547
4.137999999999766,0.06784581500525094,15.990671157836914,0.19264965377384174,0.0030134711029152867,0.17902152240276337,0.13822759687900543
4.139999999999766,0.06784582050404604,15.990697860717773,0.1926508639188711,0.0030139493410483056,0.179020956158638,0.13823063671588898
4.141999999999766,0.06784582481975042,15.990718841552734,0.19265210692371437,0.003014134347144929,0.179020494222641,0.13823379576206207
4.143999999999766,0.0678458279539969,15.990739822387695,0.19265338263808796,0.003014027194695336,0.17902031540870667,0.13823695480823517
4.145999999999765,0.06784582990862378,15.990768432617188,0.1926546909117705,0.003013628982744187,0.1790202260017395,0.1382399946451187
4.147999999999765,0.06784583068567349,15.990789413452148,0.19265603159458017,0.0030129408356691584,0.179020494222641,0.13824325799942017
4.149999999999765,0.0678458302873923,15.990814208984375,0.19265740453635338,0.0030119639029592515,0.17902106046676636,0.13824652135372162
4.151999999999765,0.06784582871622966,15.990839004516602,0.19265880958692044,0.003010699358987086,0.17902162671089172,0.1382495015859604
4.1539999999997645,0.06784582597483654,15.990861892700195,0.19266024659608394,0.0030091484027835813,0.1790226250886917,0.13825279474258423
4.155999999999764,0.06784582206606486,15.990884780883789,0.1926617154135975,0.0030073122578109816,0.17902369797229767,0.13825590908527374
4.157999999999764,0.0678458169929669,15.990907669067383,0.1926632158891416,0.003005192171728852,0.17902494966983795,0.1382591873407364
4.159999999999764,0.0678458107587924,15.990934371948242,0.1926647478723026,0.003002789416166793,0.1790265440940857,0.13826264441013336
4.161999999999764,0.0678458033669906,15.990957260131836,0.19266631121255157,0.0030001052864906037,0.17902825772762299,0.138265922665596
4.1639999999997634,0.06784579482120556,15.990978240966797,0.19266790575922282,0.0029971411015678076,0.1790301501750946,0.13826914131641388
4.165999999999763,0.06784578512527695,15.991003036499023,0.19266953136149,0.0029938982035310107,0.1790323406457901,0.13827256858348846
4.167999999999763,0.06784577428323804,15.991026878356934,0.19267118786834825,0.0029903779575444446,0.17903463542461395,0.13827596604824066
4.169999999999763,0.06784576229931484,15.991052627563477,0.19267287512859077,0.0029865817515620143,0.17903725802898407,0.13827936351299286
4.171999999999763,0.06784574917792398,15.991073608398438,0.19267459299078932,0.0029825109960905784,0.1790400594472885,0.1382826864719391
4.173999999999762,0.06784573492367159,15.991096496582031,0.19267634130327294,0.002978167123949132,0.1790430247783661,0.1382860243320465
4.175999999999762,0.06784571954135214,15.991120338439941,0.19267811991410705,0.0029735515900248368,0.17904621362686157,0.13828963041305542
4.177999999999762,0.06784570303594563,15.991144180297852,0.19267992867107397,0.00296866587103382,0.17904970049858093,0.13829314708709717
4.179999999999762,0.06784568541261791,15.991168022155762,0.19268176742165244,0.0029635114652738275,0.17905332148075104,0.13829639554023743
4.1819999999997615,0.06784566667671692,15.991191864013672,0.19268363601299843,0.0029580898923806565,0.1790570318698883,0.13829991221427917
4.183999999999761,0.06784564683377263,15.991214752197266,0.19268553429192337,0.0029524026930813838,0.1790609359741211,0.13830342888832092
4.185999999999761,0.06784562588949423,15.99123764038086,0.19268746210487814,0.002946451428948851,0.17906516790390015,0.13830703496932983
4.187999999999761,0.06784560384976843,15.991262435913086,0.19268941929793082,0.0029402376821513415,0.17906957864761353,0.13831046223640442
4.189999999999761,0.06784558072065852,15.99128532409668,0.19269140571674953,0.002933763055204355,0.17907428741455078,0.13831396400928497
4.19199999999976,0.06784555650840114,15.991308212280273,0.19269342120658284,0.0029270291707211207,0.1790788620710373,0.1383175253868103
4.19399999999976,0.06784553121940512,15.99133014678955,0.19269546561224205,0.002920037671161198,0.1790839284658432,0.13832105696201324
4.19599999999976,0.06784550486024962,15.991353034973145,0.19269753877808193,0.002912790218579212,0.17908911406993866,0.13832464814186096
4.19799999999976,0.06784547743768139,15.991375923156738,0.1926996405479841,0.0029052884943713917,0.17909449338912964,0.138328418135643
4.1999999999997595,0.06784544895861297,15.991399765014648,0.1927017707653384,0.002897534199023457,0.17910008132457733,0.13833191990852356
4.201999999999759,0.06784541943012126,15.991422653198242,0.19270392927302593,0.002889529051856068,0.17910580337047577,0.13833549618721008
4.203999999999759,0.0678453888594441,15.991443634033203,0.19270611591340198,0.002881274790770036,0.17911171913146973,0.13833914697170258
4.205999999999759,0.06784535725397933,15.99146842956543,0.19270833052827924,0.0028727731719919948,0.1791178435087204,0.1383427232503891
4.207999999999759,0.06784532462128177,15.991491317749023,0.1927105729589112,0.002864025969815571,0.17912419140338898,0.13834644854068756
4.209999999999758,0.06784529096906063,15.9915132522583,0.1927128430459757,0.0028550349763483,0.1791306883096695,0.13835018873214722
4.211999999999758,0.06784525630517826,15.991536140441895,0.19271514062956013,0.0028458020012527615,0.17913734912872314,0.1383538544178009
4.213999999999758,0.06784522063764717,15.991558074951172,0.19271746554914482,0.0028363288714873596,0.17914418876171112,0.1383575201034546
4.215999999999758,0.06784518397462737,15.991580963134766,0.19271981764358864,0.002826617431051326,0.17915137112140656,0.13836121559143066
4.2179999999997575,0.06784514632442458,15.99160385131836,0.1927221967511133,0.002816669540723872,0.17915859818458557,0.13836492598056793
4.219999999999757,0.06784510769548754,15.991625785827637,0.19272460270929043,0.0028064870778044394,0.17916595935821533,0.13836874067783356
4.221999999999757,0.06784506809640495,15.991645812988281,0.19272703535502594,0.002796071935856594,0.1791735589504242,0.1383722424507141
4.223999999999757,0.0678450275359037,15.991667747497559,0.19272949452454674,0.0027854260244434674,0.17918133735656738,0.13837629556655884
4.225999999999757,0.06784498602284601,15.991687774658203,0.1927319800533882,0.0027745512688716117,0.17918919026851654,0.13837994635105133
4.227999999999756,0.0678449435662269,15.991706848144531,0.19273449177638086,0.0027634496099281573,0.17919735610485077,0.1383836716413498
4.229999999999756,0.0678449001751717,15.991726875305176,0.19273702952763627,0.002752123003620097,0.17920567095279694,0.13838741183280945
4.231999999999756,0.06784485585893323,15.99174690246582,0.192739593140538,0.0027405734209157632,0.17921413481235504,0.13839109241962433
4.233999999999756,0.06784481062688885,15.991764068603516,0.19274218244772806,0.0027288028474795572,0.17922274768352509,0.13839510083198547
4.2359999999997555,0.06784476448853796,15.991785049438477,0.1927447972810954,0.0027168132834127926,0.17923150956630707,0.13839878141880035
4.237999999999755,0.06784471745350044,15.991804122924805,0.19274743747176565,0.0027046067429941953,0.17924059927463531,0.13840270042419434
4.239999999999755,0.06784466953151139,15.991825103759766,0.19275010285009198,0.002692185254414953,0.179249569773674,0.13840653002262115
4.241999999999755,0.06784462073242091,15.991844177246094,0.19275279324564298,0.0026795508595180684,0.17925900220870972,0.13841032981872559
4.243999999999755,0.06784457106618949,15.991864204406738,0.19275550848719492,0.0026667056135364488,0.17926838994026184,0.1384141743183136
4.245999999999754,0.06784452054288671,15.99188232421875,0.1927582484027225,0.0026536515848329056,0.1792779564857483,0.13841794431209564
4.247999999999754,0.06784446917268691,15.991899490356445,0.19276101281939062,0.002640390854636584,0.17928773164749146,0.13842183351516724
4.249999999999754,0.06784441696586725,15.991918563842773,0.19276380156354567,0.002626925516781728,0.17929774522781372,0.13842560350894928
4.251999999999754,0.06784436393280462,15.991939544677734,0.19276661446070992,0.002613257677447188,0.17930778861045837,0.1384294182062149
4.2539999999997535,0.06784431008397253,15.99195671081543,0.1927694513355725,0.002599389454893448,0.1793181151151657,0.13843338191509247
4.255999999999753,0.06784425542993908,15.991975784301758,0.19277231201198525,0.0025853229792022828,0.1793285757303238,0.1384372115135193
4.257999999999753,0.06784419998136236,15.99199104309082,0.1927751963129562,0.002571060392017158,0.17933911085128784,0.13844110071659088
4.259999999999753,0.0678441437489894,15.992010116577148,0.19277810406064388,0.0025566038462786827,0.17934978008270264,0.13844501972198486
4.261999999999753,0.06784408674365185,15.992027282714844,0.19278103507635402,0.0025419555059681964,0.17936062812805176,0.13844898343086243
4.263999999999752,0.06784402897626358,15.992045402526855,0.1927839891805344,0.0025271175458451297,0.1793716549873352,0.13845282793045044
4.265999999999752,0.0678439704578173,15.992063522338867,0.19278696619277347,0.002512092151188241,0.1793828308582306,0.13845686614513397
4.267999999999752,0.06784391119938225,15.99207878112793,0.19278996593179504,0.002496881517534972,0.17939400672912598,0.13846062123775482
4.269999999999752,0.06784385121210054,15.992095947265625,0.19279298821545787,0.002481487850424629,0.17940565943717957,0.13846443593502045
4.2719999999997516,0.06784379050718477,15.992111206054688,0.19279603286075553,0.0024659133651366853,0.17941723763942719,0.13846834003925323
4.273999999999751,0.06784372909591396,15.99212646484375,0.1927990996838128,0.002450160286434631,0.17942897975444794,0.13847237825393677
4.275999999999751,0.06784366698963179,15.992143630981445,0.19280218849988823,0.0024342308483082035,0.17944078147411346,0.1384762078523636
4.277999999999751,0.06784360419974254,15.992158889770508,0.19280529912337308,0.0024181272937155223,0.1794528216123581,0.13848012685775757
4.279999999999751,0.06784354073770849,15.99217414855957,0.19280843136779457,0.002401851874328044,0.17946499586105347,0.13848400115966797
4.2819999999997505,0.06784347661504679,15.992189407348633,0.19281158504581614,0.0023854068502726007,0.17947718501091003,0.13848794996738434
4.28399999999975,0.06784341184332704,15.992204666137695,0.19281475996924197,0.002368794489877862,0.1794896274805069,0.13849180936813354
4.28599999999975,0.06784334643416659,15.992218017578125,0.1928179559490203,0.0023520170694181766,0.17950233817100525,0.13849595189094543
4.28799999999975,0.06784328039922968,15.992233276367188,0.19282117279524685,0.0023350768728625047,0.17951494455337524,0.13849978148937225
4.28999999999975,0.06784321375022183,15.992246627807617,0.19282441031717257,0.0023179761916177237,0.17952774465084076,0.1385035216808319
4.291999999999749,0.06784314649888928,15.99226188659668,0.1928276683232064,0.002300717324280585,0.17954076826572418,0.13850748538970947
4.293999999999749,0.06784307865701451,15.99227523803711,0.19283094662092565,0.0022833025763825095,0.17955373227596283,0.13851147890090942
4.295999999999749,0.06784301023641295,15.992289543151855,0.19283424501708235,0.0022657342601418414,0.17956691980361938,0.1385153830051422
4.297999999999749,0.06784294124893114,15.992301940917969,0.19283756331761187,0.0022480146942131874,0.17958024144172668,0.1385193020105362
4.2999999999997485,0.06784287170644265,15.992317199707031,0.19284090132764348,0.0022301462034386137,0.17959360778331757,0.1385231763124466
4.301999999999748,0.06784280162084479,15.992328643798828,0.19284425885150996,0.002212131118601669,0.17960724234580994,0.13852711021900177
4.303999999999748,0.06784273100405684,15.99234390258789,0.1928476356927603,0.0021939717761790454,0.17962101101875305,0.13853104412555695
4.305999999999748,0.06784265986801616,15.992355346679688,0.1928510316541719,0.0021756705180974237,0.17963473498821259,0.13853482902050018
4.307999999999748,0.06784258822467512,15.992368698120117,0.19285444653776546,0.0021572296914872248,0.17964865267276764,0.13853885233402252
4.309999999999747,0.06784251608599738,15.992382049560547,0.1928578801448183,0.0021386516484411667,0.17966262996196747,0.1385427862405777
4.311999999999747,0.06784244346395703,15.992393493652344,0.19286133227587937,0.00211993874577258,0.1796768605709076,0.13854669034481049
4.313999999999747,0.06784237037053308,15.99240493774414,0.1928648027307901,0.002101093344774703,0.17969101667404175,0.1385505348443985
4.315999999999747,0.0678422968177081,15.992417335510254,0.19286829130869854,0.0020821178109820134,0.17970532178878784,0.13855455815792084
4.3179999999997465,0.06784222281746465,15.992427825927734,0.19287179780808167,0.0020630145139324384,0.17971985042095184,0.13855846226215363
4.319999999999746,0.06784214838178151,15.992439270019531,0.19287532202676477,0.0020437858269323214,0.17973437905311584,0.13856227695941925
4.321999999999746,0.06784207352263222,15.992450714111328,0.19287886376194346,0.0020244341268213766,0.17974898219108582,0.13856609165668488
4.323999999999746,0.06784199825198114,15.992462158203125,0.1928824228102073,0.0020049617937399665,0.17976374924182892,0.13856999576091766
4.325999999999746,0.0678419225817805,15.992473602294922,0.1928859989675653,0.0019853712108989013,0.17977872490882874,0.13857395946979523
4.327999999999745,0.0678418465239679,15.992483139038086,0.19288959202947098,0.0019656647643490413,0.17979365587234497,0.13857783377170563
4.329999999999745,0.06784177009046259,15.99249267578125,0.19289320179085084,0.0019458448427548789,0.17980869114398956,0.1385815143585205
4.331999999999745,0.06784169329316309,15.992505073547363,0.19289682804613367,0.0019259138371681282,0.17982381582260132,0.13858550786972046
4.333999999999745,0.06784161614394435,15.992514610290527,0.19290047058928034,0.0019058741408054687,0.17983902990818024,0.13858935236930847
4.3359999999997445,0.06784153865465463,15.992523193359375,0.19290412921381883,0.0018857281488276665,0.1798544079065323,0.13859309256076813
4.337999999999744,0.06784146083711214,15.992534637451172,0.19290780371287647,0.001865478258117559,0.17986983060836792,0.1385970264673233
4.339999999999744,0.06784138270310293,15.992542266845703,0.19291149387921752,0.0018451268670666796,0.1798853725194931,0.13860094547271729
4.341999999999744,0.06784130426437796,15.992552757263184,0.1929151995052803,0.0018246763753595155,0.17990092933177948,0.1386048048734665
4.343999999999744,0.0678412255326492,15.992563247680664,0.19291892038321906,0.0018041291837614032,0.17991666495800018,0.13860848546028137
4.345999999999743,0.0678411465195881,15.992570877075195,0.19292265630494443,0.0017834876939102084,0.1799323558807373,0.13861237466335297
4.347999999999743,0.06784106723682147,15.992578506469727,0.1929264070621703,0.0017627543081090995,0.17994828522205353,0.13861621916294098
4.349999999999743,0.06784098769593006,15.99258804321289,0.1929301724464586,0.001741931429123973,0.1799641251564026,0.13861998915672302
4.351999999999743,0.06784090790844455,15.992594718933105,0.19293395224927018,0.001721021459982144,0.17998018860816956,0.13862378895282745
4.3539999999997425,0.06784082788584299,15.992603302001953,0.19293774626201654,0.001700026803776163,0.17999617755413055,0.13862758874893188
4.355999999999742,0.0678407476395481,15.992610931396484,0.19294155427611515,0.0016789498634707186,0.18001244962215424,0.1386314034461975
4.357999999999742,0.0678406671809248,15.992616653442383,0.19294537608304518,0.0016577930417105023,0.18002860248088837,0.13863521814346313
4.359999999999742,0.06784058652127709,15.992626190185547,0.19294921147441096,0.0016365587406367886,0.1800449639558792,0.13863897323608398
4.361999999999742,0.06784050567184507,15.992631912231445,0.1929530602420041,0.00161524936170378,0.1800612509250641,0.13864265382289886
4.363999999999741,0.06784042464380206,15.992639541625977,0.19295692217787225,0.0015938673055008524,0.1800776720046997,0.1386464536190033
4.365999999999741,0.06784034344825296,15.992642402648926,0.19296079707438818,0.0015724149715785661,0.18009428679943085,0.13865016400814056
4.367999999999741,0.06784026209622955,15.992652893066406,0.19296468472432748,0.0015508947582837827,0.1801108568906784,0.13865390419960022
4.369999999999741,0.0678401805986899,15.992656707763672,0.19296858492094504,0.001529309062592023,0.18012742698192596,0.1386575847864151
4.3719999999997405,0.06784009896651305,15.992663383483887,0.19297249745806105,0.0015076602799540906,0.18014419078826904,0.13866135478019714
4.37399999999974,0.06784001721049904,15.992666244506836,0.19297642213014576,0.0014859508041409856,0.18016090989112854,0.13866502046585083
4.37599999999974,0.06783993534136389,15.992673873901367,0.19298035873241698,0.0014641830271016176,0.18017759919166565,0.13866861164569855
4.37799999999974,0.06783985336973723,15.992673873901367,0.19298430706093428,0.0014423593388214445,0.18019457161426544,0.13867241144180298
4.37999999999974,0.06783977130616131,15.992681503295898,0.19298826691270604,0.0014204821271947949,0.18021145462989807,0.13867612183094025
4.381999999999739,0.06783968916108518,15.992683410644531,0.1929922380857998,0.0013985537778997371,0.18022842705249786,0.1386795938014984
4.383999999999739,0.0678396069448639,15.99268913269043,0.19299622037945746,0.0013765766742836162,0.1802452802658081,0.1386834681034088
4.385999999999739,0.06783952466775549,15.992691040039062,0.1930002135942206,0.0013545531972589298,0.1802624613046646,0.13868702948093414
4.387999999999739,0.06783944233991718,15.992694854736328,0.19300421753206315,0.0013324857252079883,0.18027959764003754,0.13869059085845947
4.3899999999997386,0.06783935997140327,15.99269962310791,0.19300823199653006,0.0013103766338973114,0.18029679358005524,0.13869421184062958
4.391999999999738,0.06783927757216184,15.992701530456543,0.19301225679288714,0.001288228296408128,0.1803140491247177,0.13869787752628326
4.393999999999738,0.06783919515203085,15.992704391479492,0.19301629172828005,0.001266043083074871,0.1803312748670578,0.1387014389038086
4.395999999999738,0.06783911272073742,15.992696762084961,0.19302033661190227,0.001243823361443244,0.18034856021404266,0.13870494067668915
4.397999999999738,0.0678390302878915,15.992685317993164,0.19302439125517878,0.0012215714962394576,0.18036571145057678,0.13870862126350403
4.3999999999997375,0.06783894786298615,15.992671966552734,0.19302845547195546,0.0011992898493582802,0.1803831160068512,0.1387120485305786
4.401999999999737,0.06783886545539061,15.992658615112305,0.1930325290787101,0.0011769807798727606,0.18040068447589874,0.13871560990810394
4.403999999999737,0.06783878307435012,15.992646217346191,0.19303661189477112,0.0011546466440605111,0.18041807413101196,0.13871915638446808
4.405999999999737,0.06783870072897986,15.992631912231445,0.19304070374255655,0.0011322897954592177,0.1804354190826416,0.13872265815734863
4.407999999999737,0.06783861842826314,15.992620468139648,0.1930448044478294,0.0011099125849429335,0.1804530769586563,0.13872623443603516
4.409999999999736,0.06783853618104714,15.992608070373535,0.19304891383997336,0.0010875173608314774,0.1804705560207367,0.13872961699962616
4.411999999999736,0.06783845399603786,15.992591857910156,0.19305303175228972,0.001065106469029902,0.18048810958862305,0.13873299956321716
4.413999999999736,0.06783837188179749,15.99258041381836,0.19305715802231643,0.0010426822532080377,0.1805056780576706,0.13873648643493652
4.415999999999736,0.06783828984673945,15.99256706237793,0.19306129249217685,0.0010202470550181465,0.18052327632904053,0.1387399137020111
4.4179999999997355,0.06783820789912424,15.9925537109375,0.19306543500895357,0.0009978032143625325,0.1805409938097,0.13874338567256927
4.419999999999735,0.06783812604705325,15.992536544799805,0.19306958542509733,0.0009753530697113479,0.18055851757526398,0.1387467384338379
4.421999999999735,0.06783804429846615,15.992523193359375,0.19307374359886853,0.0009528989584843757,0.18057633936405182,0.13875001668930054
4.423999999999735,0.06783796266113287,15.99250602722168,0.19307790939482478,0.0009304432174999911,0.18059396743774414,0.13875354826450348
4.425999999999735,0.0678378811426497,15.992490768432617,0.19308208268434263,0.0009079881835031904,0.18061158061027527,0.13875684142112732
4.427999999999734,0.0678377997504312,15.992475509643555,0.1930862633462005,0.0008855361937874954,0.18062937259674072,0.13876019418239594
4.429999999999734,0.06783771849170525,15.992462158203125,0.19309045126720903,0.0008630895869184299,0.1806471347808838,0.13876350224018097
4.431999999999734,0.06783763737350504,15.99244499206543,0.19309464634290824,0.0008406507035844317,0.1806647926568985,0.13876672089099884
4.433999999999734,0.06783755640266062,15.992427825927734,0.19309884847833675,0.000818221887586609,0.18068256974220276,0.1387699693441391
4.4359999999997335,0.06783747558579005,15.992416381835938,0.19310305758887664,0.0007958054869952376,0.1807004064321518,0.1387733519077301
4.437999999999733,0.06783739492929147,15.99239730834961,0.19310727360119512,0.0007734038555071728,0.18071816861629486,0.13877646625041962
4.439999999999733,0.0678373144393308,15.99238395690918,0.19311149645428727,0.0007510193540312967,0.18073596060276031,0.1387799084186554
4.441999999999733,0.0678372341218303,15.992366790771484,0.19311572610063893,0.0007286543525492955,0.18075372278690338,0.13878299295902252
4.443999999999733,0.06783715398245638,15.992349624633789,0.19311996250752433,0.0007063112323075956,0.18077155947685242,0.1387861669063568
4.445999999999732,0.06783707402660492,15.99233627319336,0.19312420565846333,0.0006839923884049949,0.1807892620563507,0.13878929615020752
4.447999999999732,0.06783699425938407,15.992321014404297,0.19312845555485886,0.0006617002328539377,0.18080708384513855,0.13879263401031494
4.449999999999732,0.06783691468559662,15.992311477661133,0.1931327122178455,0.0006394371982258116,0.180824875831604,0.1387956440448761
4.451999999999732,0.06783683530971993,15.99229621887207,0.19313697569038318,0.0006172057420045787,0.18084263801574707,0.1387987583875656
4.4539999999997315,0.06783675613588072,15.99228286743164,0.19314124603963967,0.0005950083518141492,0.1808605194091797,0.1388019472360611
4.455999999999731,0.0678366771678294,15.992267608642578,0.1931455233597117,0.0005728475517387835,0.18087822198867798,0.13880497217178345
4.457999999999731,0.06783659840890792,15.992256164550781,0.19314980777474416,0.0005507259099944583,0.18089605867862701,0.13880781829357147
4.459999999999731,0.06783651986201497,15.992240905761719,0.19315409944252904,0.0005286460483285773,0.1809137463569641,0.13881097733974457
4.461999999999731,0.06783644152956374,15.992227554321289,0.1931583985586704,0.000506610653602321,0.18093156814575195,0.1388140618801117
4.46399999999973,0.06783636341343265,15.992216110229492,0.1931627053614376,0.0004846224921966962,0.18094925582408905,0.1388169825077057
4.46599999999973,0.06783628551490928,15.992202758789062,0.1931670201374463,0.00046268442808131306,0.18096701800823212,0.13881991803646088
4.46799999999973,0.06783620783462178,15.992189407348633,0.19317134322835444,0.0004407994457138559,0.18098469078540802,0.13882282376289368
4.46999999999973,0.06783613037245811,15.992177963256836,0.19317567503880417,0.0004189706793678321,0.18100248277187347,0.13882575929164886
4.4719999999997295,0.0678360531274694,15.992164611816406,0.19318001604590262,0.00039720145115139973,0.18102027475833893,0.13882850110530853
4.473999999999729,0.06783597609775174,15.992155075073242,0.1931843668106395,0.0003754953209416403,0.18103788793087006,0.1388314962387085
4.475999999999729,0.0678358992803038,15.992144584655762,0.1931887279917331,0.0003538561529236321,0.18105563521385193,0.13883432745933533
4.477999999999729,0.0678358226708508,15.99213695526123,0.1931931003625859,0.00033228820570057374,0.18107330799102783,0.13883712887763977
4.479999999999729,0.06783574626362315,15.992128372192383,0.19319748483223376,0.0003107962565214035,0.181090846657753,0.13883985579013824
4.481999999999728,0.06783567005108503,15.992118835449219,0.1932018824715102,0.00028938577601885044,0.18110845983028412,0.1388426572084427
4.483999999999728,0.0678355940235815,15.99211597442627,0.1932062945460884,0.0002680631795944258,0.18112602829933167,0.13884525001049042
4.485999999999728,0.06783551816889387,15.992106437683105,0.19321072255870042,0.0002468361984331016,0.1811436116695404,0.13884812593460083
4.487999999999728,0.06783544247165879,15.992106437683105,0.19321516830379504,0.0002257144432984857,0.18116112053394318,0.13885073363780975
4.4899999999997275,0.06783536691261252,15.992105484008789,0.19321963393921343,0.00020471029052225028,0.18117868900299072,0.13885338604450226
4.491999999999727,0.06783529146759794,15.992105484008789,0.19322412208142292,0.00018384032979773174,0.1811964213848114,0.13885584473609924
4.493999999999727,0.06783521610627834,15.992110252380371,0.19322863593345813,0.00016312784112936665,0.18121376633644104,0.138858363032341
4.495999999999727,0.06783514079052351,15.992119789123535,0.19323317945779228,0.0001426072704605371,0.18123124539852142,0.1388607621192932
4.497999999999727,0.06783506547265444,15.992133140563965,0.19323775760773748,0.00012233286719210123,0.18124879896640778,0.13886339962482452
4.499999999999726,0.06783499009457343,15.992151260375977,0.19324237662110832,0.00010239674864894357,0.18126630783081055,0.13886575400829315
4.501999999999726,0.06783491459230669,15.992176055908203,0.1932470443174188,8.29705999947854e-05,0.18128380179405212,0.13886810839176178
4.503999999999726,0.06783483892564697,15.992210388183594,0.1932517700407279,6.44141117676752e-05,0.18130125105381012,0.13887038826942444
4.505999999999726,0.06783476322081765,15.992255210876465,0.19325656246786127,4.7594780018540087e-05,0.1813187152147293,0.13887247443199158
4.507999999999726,0.06783468831476216,15.992287635803223,0.19326141659110035,3.485177818747271e-05,0.18133604526519775,0.1388745754957199
4.509999999999725,0.06783461599937449,15.99224853515625,0.19326625786157997,3.123360683633712e-05,0.18135318160057068,0.13887660205364227
4.511999999999725,0.06783454663650826,15.99204158782959,0.19327090023610455,3.903265413011898e-05,0.1813698410987854,0.1388787031173706
4.513999999999725,0.06783447963713365,15.991790771484375,0.19327528821457168,5.3318170550167725e-05,0.1813860535621643,0.1388809233903885
4.515999999999725,0.06783441450520886,15.991584777832031,0.19327947228396436,7.010614361096976e-05,0.18140190839767456,0.1388830989599228
4.5179999999997245,0.06783435091344678,15.991423606872559,0.1932834994914509,8.78472533689312e-05,0.18141749501228333,0.13888561725616455
4.519999999999724,0.0678342886430453,15.991289138793945,0.19328740170185232,0.00010597792280675,0.18143293261528015,0.1388877034187317
4.521999999999724,0.06783422754081639,15.991174697875977,0.19329120043023956,0.00012426865578051463,0.1814481019973755,0.13888995349407196
4.523999999999724,0.06783416749466249,15.991073608398438,0.19329491079123445,0.00014261363721776796,0.1814631074666977,0.13889238238334656
4.525999999999724,0.06783410841945585,15.990982055664062,0.19329854384601386,0.0001609587031421893,0.18147802352905273,0.1388946771621704
4.527999999999723,0.06783405024855922,15.990894317626953,0.19330210797849834,0.00017927363543951695,0.18149292469024658,0.13889700174331665
4.529999999999723,0.06783399292849251,15.990816116333008,0.1933056097306607,0.00019754029697828572,0.18150748312473297,0.138899564743042
4.531999999999723,0.06783393641543861,15.990737915039062,0.1933090543310821,0.00021574707568373892,0.18152205646038055,0.13890181481838226
4.533999999999723,0.06783388067286918,15.990665435791016,0.1933124460428104,0.00023388608552694196,0.18153643608093262,0.1389041692018509
4.5359999999997225,0.06783382566987745,15.990594863891602,0.19331578840041286,0.00025195166892390166,0.18155084550380707,0.1389068216085434
4.537999999999722,0.06783377137997743,15.990527153015137,0.19331908437649897,0.00026993955428914867,0.18156501650810242,0.13890890777111053
4.539999999999722,0.06783371778021698,15.990463256835938,0.19332233650182812,0.0002878463617008144,0.18157905340194702,0.1389113962650299
4.541999999999722,0.06783366485051204,15.990398406982422,0.1933255469539496,0.00030566930222544243,0.1815931648015976,0.1389138251543045
4.543999999999722,0.06783361257313233,15.990337371826172,0.1933287176239501,0.00032340598928666146,0.1816069334745407,0.13891620934009552
4.545999999999721,0.06783356093230394,15.990278244018555,0.1933318501676068,0.00034105431711199967,0.18162071704864502,0.13891856372356415
4.547999999999721,0.06783350991389338,15.990216255187988,0.19333494604521778,0.0003586123805428134,0.18163450062274933,0.13892096281051636
4.549999999999721,0.06783345950515474,15.99015998840332,0.19333800655303668,0.0003760784210290679,0.1816481351852417,0.13892334699630737
4.551999999999721,0.06783340969452616,15.990100860595703,0.19334103284840637,0.0003934507895859839,0.18166162073612213,0.13892556726932526
4.5539999999997205,0.0678333604714628,15.990043640136719,0.19334402597007283,0.00041072792097373407,0.18167497217655182,0.13892802596092224
4.55599999999972,0.06783331182629818,15.989985466003418,0.19334698685477542,0.0004279083154317227,0.18168829381465912,0.13893048465251923
4.55799999999972,0.06783326375013043,15.989930152893066,0.19334991635091792,0.0004449905255975115,0.18170148134231567,0.1389327049255371
4.55999999999972,0.06783321623472512,15.989874839782715,0.19335281522993147,0.0004619731470225113,0.18171465396881104,0.1389351189136505
4.56199999999972,0.06783316927243514,15.989822387695312,0.1933556841957942,0.0004788548112277275,0.18172769248485565,0.1389373242855072
4.563999999999719,0.0678331228561306,15.989766120910645,0.19335852389305747,0.0004956341805767604,0.18174061179161072,0.138939768075943
4.565999999999719,0.06783307697914051,15.98971176147461,0.1933613349136643,0.0005123099444557742,0.18175342679023743,0.13894213736057281
4.567999999999719,0.06783303163520193,15.98965835571289,0.1933641178027713,0.0005288808164073537,0.18176616728305817,0.13894441723823547
4.569999999999719,0.06783298681841572,15.989602088928223,0.19336687306375222,0.0005453455319722894,0.18177872896194458,0.1389467865228653
4.5719999999997185,0.06783294252320943,15.989550590515137,0.19336960116251845,0.0005617028470530643,0.18179120123386383,0.1389489620923996
4.573999999999718,0.06783289874430293,15.989498138427734,0.19337230253126736,0.0005779515366692672,0.18180367350578308,0.13895127177238464
4.575999999999718,0.06783285547668076,15.989445686340332,0.19337497757175331,0.0005940903940104805,0.18181608617305756,0.13895374536514282
4.577999999999718,0.06783281271556593,15.989391326904297,0.19337762665814928,0.0006101182297124682,0.1818283647298813,0.1389557272195816
4.579999999999718,0.06783277045639673,15.989339828491211,0.1933802501395654,0.0006260338713076371,0.18184040486812592,0.13895803689956665
4.581999999999717,0.06783272869480836,15.989288330078125,0.19338284834227,0.0006418361628067133,0.18185247480869293,0.13896028697490692
4.583999999999717,0.06783268742661454,15.989235877990723,0.19338542157165822,0.0006575239643810647,0.18186445534229279,0.1389624923467636
4.585999999999717,0.06783264664779187,15.989185333251953,0.19338797011400455,0.000673096152128403,0.1818762719631195,0.1389646977186203
4.587999999999717,0.06783260635446581,15.989133834838867,0.1933904942380214,0.0006885516178976874,0.18188801407814026,0.138966903090477
4.5899999999997165,0.06783256654289815,15.989080429077148,0.1933929941962571,0.0007038892691624347,0.1818995326757431,0.1389690488576889
4.591999999999716,0.06783252720947665,15.989029884338379,0.19339547022635056,0.0007191080289309913,0.18191111087799072,0.1389712244272232
4.593999999999716,0.06783248835070338,15.98897933959961,0.1933979225521591,0.00073420683569042,0.18192261457443237,0.13897356390953064
4.595999999999716,0.06783244996318767,15.988927841186523,0.1934003513847779,0.000749184643369126,0.18193408846855164,0.13897565007209778
4.597999999999716,0.06783241204363595,15.988874435424805,0.19340275692346165,0.0007640404213186578,0.18194520473480225,0.1389778107404709
4.599999999999715,0.06783237458884546,15.988824844360352,0.19340513935646098,0.0007787731543141484,0.18195632100105286,0.1389799267053604
4.601999999999715,0.06783233759569797,15.988773345947266,0.19340749886178338,0.0007933818425584786,0.18196745216846466,0.13898205757141113
4.603999999999715,0.0678323010611533,15.988723754882812,0.19340983560788788,0.0008078655017002427,0.1819782853126526,0.13898411393165588
4.605999999999715,0.06783226498224293,15.98867416381836,0.19341214975431903,0.0008222231628583188,0.18198923766613007,0.13898617029190063
4.6079999999997145,0.0678322293560671,15.988622665405273,0.1934144414522856,0.0008364538726480762,0.18199986219406128,0.1389884203672409
4.609999999999714,0.06783219417978817,15.98857307434082,0.19341671084519685,0.0008505566932137773,0.18201063573360443,0.1389903426170349
4.611999999999714,0.06783215945062775,15.98852252960205,0.193418958069149,0.0008645307022635374,0.1820211410522461,0.1389925181865692
4.613999999999714,0.06783212516586294,15.988470077514648,0.19342118325338042,0.0008783749931041043,0.18203148245811462,0.13899454474449158
4.615999999999714,0.06783209132282261,15.988420486450195,0.19342338652068664,0.0008920886746797953,0.18204182386398315,0.13899658620357513
4.6179999999997134,0.06783205791888362,15.988369941711426,0.19342556798780602,0.0009056708716083129,0.18205204606056213,0.1389986127614975
4.619999999999713,0.06783202495146978,15.988319396972656,0.193427727765779,0.000919120724218603,0.18206223845481873,0.13900057971477509
4.621999999999713,0.06783199241804704,15.988269805908203,0.19342986596027906,0.0009324373885905493,0.18207216262817383,0.13900253176689148
4.623999999999713,0.06783196031612344,15.9882173538208,0.19343198267192108,0.0009456200365893947,0.18208199739456177,0.13900451362133026
4.625999999999713,0.06783192864324426,15.988171577453613,0.19343407799655093,0.0009586678559006521,0.18209178745746613,0.13900643587112427
4.627999999999712,0.06783189739699307,15.988119125366211,0.1934361520255104,0.0009715800500692198,0.18210159242153168,0.13900838792324066
4.629999999999712,0.06783186657498737,15.988069534301758,0.19343820484589308,0.0009843558385263741,0.1821110099554062,0.1390102654695511
4.631999999999712,0.06783183617487797,15.988019943237305,0.19344023654077502,0.000996994456628932,0.18212051689624786,0.13901209831237793
4.633999999999712,0.06783180619434791,15.987970352172852,0.1934422471894356,0.001009495155684059,0.1821298748254776,0.13901400566101074
4.6359999999997115,0.06783177663111012,15.987918853759766,0.1934442368675668,0.0010218572029807248,0.18213927745819092,0.1390160620212555
4.637999999999711,0.06783174748290673,15.987869262695312,0.1934462056474648,0.001034079881817721,0.18214844167232513,0.13901787996292114
4.639999999999711,0.06783171874750828,15.98781967163086,0.19344815359821366,0.0010461624915270933,0.182157501578331,0.13901971280574799
4.641999999999711,0.06783169042271134,15.987770080566406,0.19345008078585818,0.001058104347499535,0.18216638267040253,0.13902167975902557
4.643999999999711,0.06783166250633887,15.987722396850586,0.19345198727356766,0.001069904781206195,0.18217511475086212,0.13902351260185242
4.64599999999971,0.06783163499623915,15.9876708984375,0.1934538731217872,0.0010815631402173744,0.1821838915348053,0.1390252262353897
4.64799999999971,0.06783160789028381,15.987621307373047,0.19345573838838576,0.0010930787882225826,0.18219244480133057,0.13902701437473297
4.64999999999971,0.06783158118636859,15.987571716308594,0.19345758312879296,0.0011044511050459884,0.18220080435276031,0.13902877271175385
4.65199999999971,0.06783155488241223,15.987521171569824,0.19345940739613038,0.0011156794866611253,0.18220937252044678,0.13903063535690308
4.6539999999997095,0.06783152897635474,15.987473487854004,0.19346121124133575,0.0011267633452025042,0.18221744894981384,0.13903242349624634
4.655999999999709,0.0678315034661586,15.987424850463867,0.19346299471328054,0.0011377021089767174,0.18222568929195404,0.13903406262397766
4.657999999999709,0.06783147834980706,15.987375259399414,0.1934647578588835,0.0011484952224722577,0.1822337508201599,0.13903582096099854
4.659999999999709,0.06783145362530446,15.987323760986328,0.19346650072321647,0.0011591421463652833,0.18224172294139862,0.13903740048408508
4.661999999999709,0.06783142929067468,15.98727798461914,0.19346822334960856,0.0011696423575236355,0.1822495460510254,0.13903915882110596
4.663999999999708,0.0678314053439626,15.987227439880371,0.19346992577974076,0.00117999534901209,0.18225719034671783,0.13904070854187012
4.665999999999708,0.06783138178323135,15.98717975616455,0.19347160805374103,0.001190200630089144,0.18226470053195953,0.13904248178005219
4.667999999999708,0.06783135860656443,15.987131118774414,0.19347327021027344,0.0012002577262128825,0.18227234482765198,0.1390441209077835
4.669999999999708,0.06783133581206371,15.987083435058594,0.193474912286622,0.001210166179031078,0.1822795271873474,0.13904571533203125
4.6719999999997075,0.0678313133978502,15.987031936645508,0.1934765343187736,0.0012199255463811586,0.18228693306446075,0.13904738426208496
4.673999999999707,0.06783129136206285,15.986984252929688,0.19347813634149585,0.0012295354022816684,0.1822940856218338,0.1390489637851715
4.675999999999707,0.06783126970285987,15.98693561553955,0.19347971838841094,0.0012389953369254755,0.1823010891675949,0.13905055820941925
4.677999999999707,0.06783124841841671,15.986886978149414,0.19348128049207058,0.0012483049566672979,0.18230794370174408,0.13905224204063416
4.679999999999707,0.06783122750692784,15.986839294433594,0.1934828226840214,0.0012574638840133238,0.18231484293937683,0.13905352354049683
4.681999999999706,0.06783120696660462,15.986791610717773,0.19348434499487527,0.001266471757606748,0.18232150375843048,0.13905517756938934
4.683999999999706,0.06783118679567718,15.98674201965332,0.19348584745436953,0.001275328232212706,0.18232809007167816,0.1390567123889923
4.685999999999706,0.0678311669923924,15.9866943359375,0.19348733009143215,0.0012840329786987421,0.18233457207679749,0.13905814290046692
4.687999999999706,0.0678311475550155,15.98664665222168,0.19348879293423826,0.001292585684018537,0.1823408156633377,0.13905970752239227
4.6899999999997055,0.06783112848182896,15.986598014831543,0.19349023601026988,0.0013009860511879567,0.1823471039533615,0.1390611231327057
4.691999999999705,0.06783110977113255,15.986547470092773,0.19349165934636775,0.0013092337992641643,0.1823531985282898,0.13906262814998627
4.693999999999705,0.06783109142124366,15.986501693725586,0.19349306296878743,0.0013173286633188328,0.1823592483997345,0.13906404376029968
4.695999999999705,0.06783107343049734,15.986452102661133,0.19349444690324952,0.001325270394414659,0.18236511945724487,0.13906550407409668
4.697999999999705,0.06783105579724534,15.986404418945312,0.19349581117498882,0.0013330587595746682,0.18237096071243286,0.1390668749809265
4.699999999999704,0.06783103851985733,15.986360549926758,0.19349715580880233,0.0013406935417540845,0.18237651884555817,0.13906827569007874
4.701999999999704,0.0678310215967196,15.986310958862305,0.19349848082909643,0.0013481745398069773,0.18238212168216705,0.139069601893425
4.703999999999704,0.0678310050262361,15.986263275146484,0.1934997862599292,0.0013555015684564673,0.1823875904083252,0.13907092809677124
4.705999999999704,0.06783098880682849,15.98621654510498,0.19350107212505696,0.0013626744582548992,0.1823928952217102,0.13907234370708466
4.7079999999997035,0.06783097293693487,15.986169815063477,0.19350233844797304,0.0013696930555524632,0.18239791691303253,0.1390736699104309
4.709999999999703,0.06783095741501045,15.98612117767334,0.19350358525194994,0.0013765572224548046,0.18240295350551605,0.13907496631145477
4.711999999999703,0.06783094223952826,15.986072540283203,0.19350481256007768,0.0013832668367864665,0.18240807950496674,0.13907626271247864
4.713999999999703,0.06783092740897888,15.986028671264648,0.1935060203953018,0.0013898217920461568,0.18241287767887115,0.13907745480537415
4.715999999999703,0.0678309129218686,15.985980033874512,0.19350720878046135,0.001396221997367794,0.18241764605045319,0.1390787661075592
4.717999999999702,0.06783089877672226,15.985933303833008,0.19350837773832058,0.0014024673774731444,0.18242226541042328,0.13907988369464874
4.719999999999702,0.06783088497208127,15.98588752746582,0.19350952729160925,0.001408557872624157,0.18242675065994263,0.13908125460147858
4.721999999999702,0.06783087150650399,15.985838890075684,0.19351065746305002,0.0014144934385804423,0.18243113160133362,0.13908235728740692
4.723999999999702,0.06783085837856662,15.98579216003418,0.1935117682753943,0.0014202740465452603,0.18243539333343506,0.13908366858959198
4.7259999999997016,0.0678308455868621,15.985746383666992,0.19351285975145394,0.0014258996831155017,0.18243959546089172,0.13908492028713226
4.727999999999701,0.06783083313000028,15.985699653625488,0.1935139319141282,0.0014313703502331617,0.1824435591697693,0.13908597826957703
4.729999999999701,0.06783082100660792,15.985654830932617,0.19351498478643614,0.001436686065125327,0.18244755268096924,0.13908706605434418
4.731999999999701,0.06783080921532968,15.985607147216797,0.1935160183915436,0.0014418468602544973,0.1824512928724289,0.13908828794956207
4.733999999999701,0.06783079775482655,15.985559463500977,0.1935170327527918,0.0014468527832578691,0.18245498836040497,0.1390894204378128
4.7359999999997004,0.0678307866237767,15.985514640808105,0.19351802789372374,0.0014517038968919385,0.1824585348367691,0.13909049332141876
4.7379999999997,0.06783077582087534,15.98547077178955,0.19351900383810938,0.0014564002789723377,0.18246202170848846,0.13909152150154114
4.7399999999997,0.0678307653448341,15.98542594909668,0.19351996060997212,0.0014609420223100635,0.18246540427207947,0.1390926092863083
4.7419999999997,0.06783075519438252,15.98537826538086,0.19352089823361074,0.0014653292346531429,0.18246860802173615,0.13909368216991425
4.7439999999997,0.06783074536826549,15.985335350036621,0.19352181673362678,0.0014695620386194945,0.18247170746326447,0.13909468054771423
4.745999999999699,0.06783073586524635,15.985289573669434,0.19352271613494298,0.001473640571634384,0.18247467279434204,0.13909587264060974
4.747999999999699,0.06783072668410348,15.985244750976562,0.19352359646283035,0.001477564985859961,0.18247763812541962,0.13909675180912018
4.749999999999699,0.06783071782363272,15.985197067260742,0.1935244577429236,0.0014813354481335625,0.18248040974140167,0.1390976905822754
4.751999999999699,0.06783070928264665,15.985151290893555,0.1935253000012474,0.0014849521398900107,0.1824830323457718,0.13909871876239777
4.7539999999996985,0.06783070105997394,15.985107421875,0.1935261232642329,0.0014884152571000729,0.18248552083969116,0.13909965753555298
4.755999999999698,0.06783069315445958,15.985063552856445,0.19352692755873946,0.0014917250101906872,0.18248789012432098,0.13910050690174103
4.757999999999698,0.06783068556496474,15.985017776489258,0.19352771291207238,0.001494881623978292,0.1824903041124344,0.1391015648841858
4.759999999999698,0.0678306782903674,15.984973907470703,0.1935284793519993,0.0014978853375894438,0.1824924647808075,0.13910236954689026
4.761999999999698,0.06783067132956067,15.984929084777832,0.19352922690677204,0.001500736404387634,0.18249456584453583,0.13910342752933502
4.763999999999697,0.06783066468145402,15.984886169433594,0.19352995560513903,0.0015034350918954407,0.18249653279781342,0.13910426199436188
4.765999999999697,0.06783065834497315,15.984840393066406,0.19353066547636533,0.0015059816817177595,0.18249841034412384,0.13910514116287231
4.767999999999697,0.06783065231905895,15.984798431396484,0.19353135655024561,0.0015083764694603867,0.1825002133846283,0.13910599052906036
4.769999999999697,0.0678306466026676,15.984752655029297,0.19353202885712129,0.001510619764651098,0.1825016587972641,0.1391068547964096
4.7719999999996965,0.06783064119477168,15.984708786010742,0.19353268242789495,0.0015127118906567314,0.18250319361686707,0.13910774886608124
4.773999999999696,0.06783063609435765,15.98466682434082,0.19353331729404355,0.0015146531846022388,0.1825045347213745,0.13910849392414093
4.775999999999696,0.06783063130042805,15.984622955322266,0.19353393348763331,0.001516443997283683,0.18250596523284912,0.13910923898220062
4.777999999999696,0.06783062681200014,15.984580039978027,0.1935345310413314,0.0015180846930857813,0.18250709772109985,0.13911008834838867
4.779999999999696,0.06783062262810567,15.984537124633789,0.1935351099884211,0.001519575649893979,0.18250814080238342,0.1391107738018036
4.781999999999695,0.0678306187477911,15.984495162963867,0.19353567036281122,0.0015209172590085792,0.1825091689825058,0.13911159336566925
4.783999999999695,0.06783061517011722,15.984451293945312,0.19353621219904882,0.0015221099250539807,0.1825099140405655,0.13911235332489014
4.785999999999695,0.06783061189415907,15.984411239624023,0.19353673553233136,0.0015231540658919354,0.18251065909862518,0.13911300897598267
4.787999999999695,0.06783060891900515,15.984365463256836,0.19353724039851616,0.0015240501125281683,0.18251122534275055,0.1391136199235916
4.7899999999996945,0.06783060624375865,15.984325408935547,0.19353772683413006,0.0015247985090236652,0.1825118362903595,0.13911446928977966
4.791999999999694,0.06783060386753538,15.984283447265625,0.19353819487638269,0.0015253997123992563,0.18251223862171173,0.1391150802373886
4.793999999999694,0.06783060178946512,15.98423957824707,0.19353864456317094,0.0015258541925449035,0.1825125366449356,0.13911570608615875
4.795999999999694,0.06783060000868972,15.984199523925781,0.1935390759330916,0.0015261624321212097,0.18251261115074158,0.1391165554523468
4.797999999999694,0.06783059852436485,15.984156608581543,0.1935394890254481,0.0015263249264681467,0.18251264095306396,0.13911713659763336
4.799999999999693,0.06783059733565866,15.984115600585938,0.1935398838802596,0.0015263421835049788,0.18251267075538635,0.13911765813827515
4.801999999999693,0.06783059644175102,15.984075546264648,0.19354026053826784,0.0015262147236358415,0.18251247704029083,0.13911837339401245
4.803999999999693,0.06783059584183379,15.98403549194336,0.19354061904094472,0.001525943079647702,0.18251214921474457,0.13911880552768707
4.805999999999693,0.06783059553511135,15.983993530273438,0.19354095943049832,0.0015255277966145686,0.18251179158687592,0.1391194462776184
4.8079999999996925,0.06783059552079912,15.983949661254883,0.19354128174988178,0.0015249694317951942,0.18251141905784607,0.13912005722522736
4.809999999999692,0.0678305957981235,15.983911514282227,0.19354158604279637,0.0015242685545324907,0.18251077830791473,0.1391206681728363
4.811999999999692,0.06783059636632206,15.983868598937988,0.19354187235369835,0.0015234257461526673,0.1825101524591446,0.13912110030651093
4.813999999999692,0.06783059722464288,15.983831405639648,0.19354214072780546,0.0015224415998589679,0.1825094223022461,0.13912178575992584
4.815999999999692,0.0678305983723446,15.98379135131836,0.1935423912110994,0.0015213167206328884,0.1825084686279297,0.13912233710289001
4.817999999999691,0.0678305998086951,15.983749389648438,0.19354262385033244,0.0015200517251261164,0.18250736594200134,0.1391228288412094
4.819999999999691,0.0678306015329732,15.983713150024414,0.1935428386930304,0.0015186472415572184,0.18250632286071777,0.13912314176559448
4.821999999999691,0.06783060354446543,15.983670234680176,0.19354303578749749,0.001517103909603536,0.18250510096549988,0.1391236037015915
4.823999999999691,0.06783060584246868,15.983631134033203,0.1935432151828182,0.0015154223802975352,0.18250377476215363,0.13912421464920044
4.8259999999996905,0.0678306084262876,15.983590126037598,0.19354337692886153,0.001513603315916203,0.18250228464603424,0.1391245722770691
4.82799999999969,0.06783061129523599,15.98355484008789,0.19354352107628364,0.0015116473898738373,0.18250088393688202,0.1391250640153885
4.82999999999969,0.06783061444863477,15.983516693115234,0.1935436476765302,0.0015095552866144274,0.1824992448091507,0.13912533223628998
4.83199999999969,0.06783061788581311,15.983477592468262,0.19354375678183766,0.001507327701500148,0.1824975162744522,0.13912582397460938
4.83399999999969,0.067830621606107,15.983439445495605,0.19354384844523653,0.001504965340701084,0.182495579123497,0.1391262710094452
4.835999999999689,0.06783062560885973,15.983400344848633,0.19354392272055088,0.0015024689210856527,0.182493656873703,0.13912656903266907
4.837999999999689,0.06783062989342055,15.983362197875977,0.19354397966240133,0.0014998391701074182,0.1824917048215866,0.13912703096866608
4.839999999999689,0.06783063445914525,15.983327865600586,0.1935440193262038,0.0014970768256936191,0.18248960375785828,0.13912717998027802
4.841999999999689,0.06783063930539543,15.983287811279297,0.19354404176817203,0.0014941826361310898,0.18248730897903442,0.13912753760814667
4.8439999999996886,0.06783064443153769,15.983251571655273,0.19354404704531558,0.0014911573599545762,0.18248499929904938,0.13912798464298248
4.845999999999688,0.06783064983694409,15.98321533203125,0.193544035215441,0.0014880017658307678,0.18248257040977478,0.13912832736968994
4.847999999999688,0.06783065552099055,15.983177185058594,0.1935440063371514,0.0014847166324439627,0.18247997760772705,0.13912861049175262
4.849999999999688,0.0678306614830582,15.983139038085938,0.19354396046984457,0.0014813027483816423,0.18247735500335693,0.1391289383172989
4.851999999999688,0.06783066772253085,15.983104705810547,0.1935438976737125,0.0014777609120178233,0.18247465789318085,0.13912931084632874
4.8539999999996875,0.06783067423879643,15.983068466186523,0.1935438180097404,0.0014740919313964488,0.18247179687023163,0.13912957906723022
4.855999999999687,0.06783068103124551,15.9830322265625,0.19354372153970345,0.0014702966241165235,0.1824689507484436,0.13912978768348694
4.857999999999687,0.06783068809927136,15.98299789428711,0.1935436083261669,0.0014663758172107752,0.18246589601039886,0.13912995159626007
4.859999999999687,0.06783069544226954,15.982958793640137,0.1935434784324816,0.0014623303470319734,0.18246273696422577,0.13913026452064514
4.861999999999687,0.06783070305963626,15.98292350769043,0.19354333192278372,0.0014581610591313833,0.18245956301689148,0.13913051784038544
4.863999999999686,0.06783071095077067,15.982887268066406,0.19354316886198886,0.0014538688081436216,0.18245628476142883,0.13913080096244812
4.865999999999686,0.06783071911507138,15.982852935791016,0.19354298931579184,0.0014494544576625057,0.18245281279087067,0.13913092017173767
4.867999999999686,0.06783072755193853,15.982819557189941,0.19354279335066182,0.0014449188801259915,0.18244938552379608,0.1391310840845108
4.869999999999686,0.06783073626077113,15.982786178588867,0.1935425810338386,0.0014402629566940568,0.18244589865207672,0.1391313076019287
4.8719999999996855,0.06783074524096876,15.982751846313477,0.19354235243332885,0.0014354875771285071,0.18244214355945587,0.13913144171237946
4.873999999999685,0.06783075449192952,15.982715606689453,0.19354210761790125,0.0014305936396714844,0.18243840336799622,0.13913151621818542
4.875999999999685,0.06783076401305049,15.982684135437012,0.1935418466570828,0.0014255820509259203,0.1824345588684082,0.13913170993328094
4.877999999999685,0.06783077380372705,15.982646942138672,0.19354156962115387,0.0014204537257333112,0.18243074417114258,0.13913200795650482
4.879999999999685,0.067830783863352,15.982616424560547,0.1935412765811425,0.0014152095870513957,0.1824265420436859,0.13913212716579437
4.881999999999684,0.06783079419131567,15.982582092285156,0.19354096760881934,0.0014098505658327596,0.18242257833480835,0.13913212716579437
4.883999999999684,0.06783080478700608,15.982551574707031,0.19354064277669186,0.0014043776009025099,0.18241813778877258,0.1391323208808899
4.885999999999684,0.06783081564980656,15.982516288757324,0.19354030215799922,0.0013987916388340902,0.18241393566131592,0.13913245499134064
4.887999999999684,0.0678308267790972,15.982486724853516,0.19353994582670497,0.0013930936338294566,0.18240965902805328,0.13913241028785706
4.8899999999996835,0.06783083817425385,15.982452392578125,0.1935395738574907,0.0013872845475927226,0.18240517377853394,0.13913263380527496
4.891999999999683,0.06783084983464703,15.982419967651367,0.19353918632575184,0.0013813653492088557,0.18240056931972504,0.13913264870643616
4.893999999999683,0.06783086175964241,15.98238754272461,0.19353878330758612,0.0013753370150192607,0.18239609897136688,0.13913270831108093
4.895999999999683,0.06783087394859962,15.982357025146484,0.19353836487979048,0.0013692005284963425,0.1823912262916565,0.13913282752037048
4.897999999999683,0.06783088640087248,15.98232650756836,0.19353793111985118,0.0013629568801252453,0.1823865920305252,0.13913294672966003
4.899999999999682,0.06783089911580782,15.982295036315918,0.19353748210593802,0.00135660706727084,0.18238161504268646,0.13913288712501526
4.901999999999682,0.06783091209274592,15.98226547241211,0.19353701791689343,0.001350152094062006,0.18237660825252533,0.1391328126192093
4.903999999999682,0.0678309253310201,15.982233047485352,0.19353653863222736,0.001343592971261565,0.18237163126468658,0.13913284242153168
4.905999999999682,0.06783093882995418,15.98220443725586,0.19353604433210725,0.0013369307161450147,0.1823664903640747,0.13913296163082123
4.9079999999996815,0.06783095258886472,15.982173919677734,0.19353553509734833,0.0013301663523740503,0.18236133456230164,0.1391327679157257
4.909999999999681,0.06783096660706005,15.982145309448242,0.1935350110094064,0.001323300909871925,0.1823560744524002,0.13913285732269287
4.911999999999681,0.06783098088383825,15.982112884521484,0.1935344721503675,0.001316335424700156,0.18235071003437042,0.13913285732269287
4.913999999999681,0.06783099541848861,15.982084274291992,0.19353391860293784,0.001309270938931723,0.18234531581401825,0.13913273811340332
4.915999999999681,0.06783101021028998,15.9820556640625,0.19353335045043563,0.0013021085005277832,0.18233966827392578,0.13913273811340332
4.91799999999968,0.06783102525851077,15.982027053833008,0.19353276777677847,0.0012948491632123887,0.18233411014080048,0.13913273811340332
4.91999999999968,0.06783104056240927,15.982000350952148,0.19353217066647505,0.001287493986346895,0.18232853710651398,0.13913258910179138
4.92199999999968,0.0678310561212317,15.981971740722656,0.19353155920461368,0.0012800440348056706,0.18232280015945435,0.13913258910179138
4.92399999999968,0.06783107193421288,15.981939315795898,0.19353093347685113,0.0012725003788519713,0.18231695890426636,0.13913264870643616
4.9259999999996795,0.06783108800057562,15.981916427612305,0.19353029356940094,0.0012648640940117078,0.18231114745140076,0.13913241028785706
4.927999999999679,0.06783110431953049,15.981887817382812,0.19352963956902308,0.0012571362609489008,0.18230506777763367,0.13913236558437347
4.929999999999679,0.06783112089027452,15.98185920715332,0.19352897156301146,0.0012493179653429163,0.1822991520166397,0.13913238048553467
4.931999999999679,0.0678311377119929,15.981832504272461,0.19352828963918084,0.001241410297761207,0.1822930872440338,0.1391320824623108
4.933999999999679,0.06783115478385615,15.981804847717285,0.1935275938858559,0.001233414353537271,0.18228694796562195,0.13913202285766602
4.935999999999678,0.06783117210502028,15.981779098510742,0.1935268843918585,0.0012253312326438114,0.1822807490825653,0.13913196325302124
4.937999999999678,0.06783118967462848,15.981754302978516,0.19352616124649202,0.0012171620395730134,0.18227443099021912,0.13913172483444214
4.939999999999678,0.06783120749180806,15.98172664642334,0.19352542453953103,0.0012089078832062462,0.18226803839206696,0.13913176953792572
4.941999999999678,0.06783122555567211,15.98170280456543,0.19352467436120707,0.0012005698766954012,0.18226167559623718,0.139131560921669
4.9439999999996775,0.06783124386531728,15.981675148010254,0.19352391080219133,0.0011921491373382447,0.18225517868995667,0.13913138210773468
4.945999999999677,0.06783126241982543,15.981651306152344,0.19352313395358473,0.0011836467864524852,0.1822485476732254,0.13913123309612274
4.947999999999677,0.06783128121826176,15.981626510620117,0.19352234390690076,0.0011750639492561336,0.18224193155765533,0.13913102447986603
4.949999999999677,0.06783130025967517,15.981599807739258,0.19352154075405026,0.0011664017547417,0.1822352260351181,0.13913097977638245
4.951999999999677,0.06783131954309773,15.981575965881348,0.19352072458732605,0.0011576613355573971,0.18222858011722565,0.13913074135780334
4.953999999999676,0.06783133906754474,15.98155403137207,0.19351989549938764,0.001148843827878357,0.1822216808795929,0.1391305923461914
4.955999999999676,0.06783135883201362,15.981532096862793,0.19351905358324423,0.0011399503712927017,0.1822148561477661,0.13913053274154663
4.957999999999676,0.06783137883548485,15.981507301330566,0.1935181989322381,0.0011309821086739355,0.1822078973054886,0.13913019001483917
4.959999999999676,0.06783139907692,15.98147964477539,0.19351733164002827,0.0011219401860613069,0.18220093846321106,0.13912995159626007
4.961999999999676,0.06783141955526341,15.981460571289062,0.19351645180057087,0.0011128257525403222,0.1821938306093216,0.13912975788116455
4.963999999999675,0.0678314402694395,15.981435775756836,0.19351555950810334,0.0011036399601208982,0.1821867674589157,0.13912951946258545
4.965999999999675,0.06783146121835607,15.981412887573242,0.19351465485712416,0.001094383963616462,0.18217961490154266,0.1391293704509735
4.967999999999675,0.06783148240089941,15.981391906738281,0.19351373794237564,0.001085058920526442,0.1821725219488144,0.13912920653820038
4.969999999999675,0.06783150381593814,15.981367111206055,0.19351280885882122,0.0010756659909167909,0.18216519057750702,0.1391289085149765
4.9719999999996745,0.06783152546232124,15.981348037719727,0.19351186770162954,0.0010662063372983538,0.18215782940387726,0.13912861049175262
4.973999999999674,0.0678315473388773,15.981325149536133,0.19351091456615038,0.0010566811245120002,0.18215042352676392,0.1391284018754959
4.975999999999674,0.06783156944441567,15.981304168701172,0.1935099495478943,0.001047091519611227,0.18214301764965057,0.13912823796272278
4.977999999999674,0.06783159177772478,15.981283187866211,0.19350897274251183,0.0010374386917417163,0.18213552236557007,0.1391279250383377
4.979999999999674,0.06783161433757352,15.98126220703125,0.19350798424576937,0.0010277238120281625,0.18212789297103882,0.1391276717185974
4.981999999999673,0.06783163712270975,15.981241226196289,0.19350698415352757,0.0010179480534570583,0.18212035298347473,0.1391274333000183
4.983999999999673,0.06783166013186062,15.981222152709961,0.19350597256171603,0.001008112590761131,0.18211276829242706,0.13912715017795563
4.985999999999673,0.06783168336373344,15.981201171875,0.19350494956630926,0.000998218600306878,0.18210506439208984,0.13912685215473175
4.987999999999673,0.06783170681701321,15.981182098388672,0.19350391526330207,0.000988267259977715,0.18209730088710785,0.13912665843963623
4.9899999999996725,0.06783173049036441,15.981164932250977,0.19350286974868142,0.000978259749064235,0.18208958208560944,0.13912636041641235
4.991999999999672,0.06783175438243025,15.9811429977417,0.19350181311840092,0.0009681972481487659,0.18208177387714386,0.13912610709667206
4.993999999999672,0.06783177849183328,15.981122970581055,0.1935007454683521,0.0009580809389968018,0.18207384645938873,0.13912566006183624
4.995999999999672,0.06783180281717424,15.98110580444336,0.19349966689433556,0.0009479120044446843,0.18206588923931122,0.13912539184093475
4.997999999999672,0.06783182735703165,15.981088638305664,0.19349857749203203,0.0009376916282905074,0.18205808103084564,0.13912519812583923
4.999999999999671,0.06783185210996369,15.981069564819336,0.1934974773569681,0.0009274209951861538,0.18205006420612335,0.13912475109100342
