time,dist,gamma,real_dist,tar_dist,pred_dist,pred_distv
0.002,0.06802343745115735,18.174203872680664,0.24007869507236734,0.7974475440378651,0.20405595004558563,0.20405595004558563
0.004,0.06802343740434254,18.150165557861328,0.23932245924851608,0.7974475440378651,0.20397794246673584,0.20358701050281525
0.006,0.06802337942239299,18.12906265258789,0.23859894150925498,0.7973591238507233,0.2038186937570572,0.20224979519844055
0.008,0.06802319169992961,18.10896873474121,0.23790746290773646,0.7971810094892644,0.20357519388198853,0.20004603266716003
0.01,0.06802277880512063,18.083988189697266,0.23724751186250864,0.7969121506355087,0.20324517786502838,0.1969943642616272
0.012,0.06802202266259413,18.043447494506836,0.23661874984547504,0.7965516823111404,0.20282702147960663,0.1931297928094864
0.014,0.06802078340303505,17.99033546447754,0.2360209950239449,0.7960989193130656,0.20231880247592926,0.1885060966014862
0.016,0.06801890020279285,17.911334991455078,0.23545422316343917,0.7955533283098308,0.20171953737735748,0.1831986904144287
0.018000000000000002,0.06801621893248723,17.813583374023438,0.2349185554622158,0.7949145198191682,0.2010284662246704,0.1773102879524231
0.020000000000000004,0.0680125732977762,17.705406188964844,0.23440710133682957,0.7941822275193029,0.20025260746479034,0.17164203524589539
0.022000000000000006,0.0680077842972948,17.58574104309082,0.23391464680851465,0.7933714847130889,0.19939889013767242,0.1662811040878296
0.024000000000000007,0.06800166124003507,17.472135543823242,0.23343771274033925,0.7924950337850142,0.19847358763217926,0.16128690540790558
0.02600000000000001,0.06799400258944059,17.3686466217041,0.23297411045870148,0.7915627958842635,0.19748148322105408,0.15667963027954102
0.02800000000000001,0.06798462930986675,17.282527923583984,0.23252227621534682,0.7905826006446868,0.1964283585548401,0.1523965746164322
0.030000000000000013,0.06797341860798167,17.204391479492188,0.23206693050171684,0.7895606927318793,0.19532209634780884,0.14862273633480072
0.032000000000000015,0.0679602511512509,17.17987060546875,0.23159623931719947,0.7885044039361095,0.19417650997638702,0.1457281857728958
0.034000000000000016,0.06794513743872271,17.170475006103516,0.23110732789550575,0.7874226634167196,0.19300173223018646,0.14357829093933105
0.03600000000000002,0.0679311274585487,17.166950225830078,0.23059895972038014,0.7863207584401203,0.19180579483509064,0.1420890837907791
0.03800000000000002,0.06791966300399956,17.164295196533203,0.23007273151045954,0.785201670335112,0.19059549272060394,0.14111797511577606
0.04000000000000002,0.06791051407366838,17.16505241394043,0.22954415971187042,0.7840670459117063,0.18937617540359497,0.14050109684467316
0.04200000000000002,0.0679029706554772,17.163928985595703,0.22901857455547087,0.7829175297336922,0.18815192580223083,0.14011019468307495
0.044000000000000025,0.06789710344907197,17.161264419555664,0.2284968889731982,0.7817531400711503,0.18692649900913239,0.1398632973432541
0.04600000000000003,0.06789301201509901,17.157882690429688,0.22798003401763517,0.7805735008616698,0.18570265173912048,0.13971789181232452
0.04800000000000003,0.06789078780019193,17.15395164489746,0.22746894934657547,0.7793779969504784,0.18448352813720703,0.13966044783592224
0.05000000000000003,0.06789051500537403,17.147674560546875,0.2269645852125891,0.7781658703854886,0.18327102065086365,0.1396951675415039
0.05200000000000003,0.06789227119223852,17.139080047607422,0.2264678941546756,0.7769362847351149,0.18206730484962463,0.13983644545078278
0.054000000000000034,0.06789612772551214,17.12957000732422,0.22597982913063647,0.7756883703216197,0.18087433278560638,0.14010250568389893
0.056000000000000036,0.06790215013772778,17.119569778442383,0.22550134105805053,0.7744212551815725,0.1796935796737671,0.14051111042499542
0.05800000000000004,0.06791039831329451,17.111156463623047,0.22503337869038859,0.7731340834152806,0.1785268485546112,0.14092019200325012
0.06000000000000004,0.06792092605466095,17.101905822753906,0.2245769267221731,0.7718260290760908,0.17737537622451782,0.1410629153251648
0.06200000000000004,0.06793378133736144,17.09298324584961,0.22413309399771464,0.7704963139848868,0.17624038457870483,0.14130181074142456
0.06400000000000004,0.06794900670944742,17.085731506347656,0.2237029688669323,0.7691442376288261,0.1751236915588379,0.14171801507472992
0.06600000000000004,0.06796663966177639,17.078384399414062,0.22328761933222135,0.7677691544799335,0.17402642965316772,0.1423202008008957
0.06800000000000005,0.06798671297169656,17.0689754486084,0.22288809259470693,0.766370477904061,0.17294983565807343,0.14308111369609833
0.07000000000000005,0.06800925502325149,17.056930541992188,0.22250541563996729,0.764947681541449,0.1718953549861908,0.14396513998508453
0.07200000000000005,0.06803429010358392,17.044330596923828,0.22214059523918533,0.7635003001089601,0.17086397111415863,0.14494268596172333
0.07400000000000005,0.06806183867894552,17.03081512451172,0.22179461840008724,0.7620279288460597,0.16985778510570526,0.14599740505218506
0.07600000000000005,0.06809191764949248,17.018287658691406,0.22146494361679003,0.7605302227155848,0.16887758672237396,0.1471254825592041
0.07800000000000006,0.06812408073349493,17.005586624145508,0.2211399591902149,0.7590068948650279,0.16792544722557068,0.14833253622055054
0.08000000000000006,0.06815391533941158,16.992673873901367,0.22081944318032515,0.7574577149930387,0.1670023798942566,0.14963029325008392
0.08200000000000006,0.06818030125016379,16.978979110717773,0.22050430024558154,0.7558825073168095,0.16611039638519287,0.15103144943714142
0.08400000000000006,0.0682032238073146,16.964771270751953,0.2201954478973105,0.7542811485194697,0.16525109112262726,0.15254716575145721
0.08600000000000006,0.06822267165214554,16.95044708251953,0.2198920739922815,0.7526535654937256,0.16442632675170898,0.15418505668640137
0.08800000000000006,0.06823863644771977,16.934783935546875,0.21958511556038685,0.7509997331066706,0.16363772749900818,0.15594865381717682
0.09000000000000007,0.06825111262938799,16.918766021728516,0.2192874344815154,0.7493196718760311,0.16288715600967407,0.15783655643463135
0.09200000000000007,0.06826009718036842,16.901161193847656,0.21901029875441486,0.7476134456918827,0.16217660903930664,0.15984371304512024
0.09400000000000007,0.06826558942984282,16.88210678100586,0.21875412064934724,0.7458811595185189,0.16150803864002228,0.16196198761463165
0.09600000000000007,0.06826759087096948,16.860679626464844,0.2185192756771166,0.7441229571562908,0.16088341176509857,0.1641804575920105
0.09800000000000007,0.06826610499662467,16.83664321899414,0.2183061027580407,0.7423390190243109,0.16030466556549072,0.16648796200752258
0.10000000000000007,0.06826113715082893,16.811237335205078,0.21811490432452846,0.7405295600112083,0.15977376699447632,0.1688721776008606
0.10200000000000008,0.06825269439404615,16.785125732421875,0.21794594640553544,0.738694827370091,0.15929292142391205,0.17132163047790527
0.10400000000000008,0.06824078538073698,16.75872230529785,0.21779945868388512,0.7368350986851577,0.1588636338710785,0.1738261729478836
0.10600000000000008,0.06822542091356856,16.731361389160156,0.21767563455929195,0.7349506798949209,0.15848839282989502,0.17637646198272705
0.10800000000000008,0.0682066229676169,16.70247459411621,0.21757451151881718,0.7330419033874936,0.1581689566373825,0.178970068693161
0.11000000000000008,0.068184417550109,16.67035484313965,0.21749471750260868,0.7311092078636053,0.15790694952011108,0.18165110051631927
0.11200000000000009,0.06815884892247732,16.636049270629883,0.21743293246725015,0.7291539773060078,0.1577041894197464,0.1843903660774231
0.11400000000000009,0.06812996598558975,16.60090446472168,0.21737018992175466,0.7271771886885752,0.1575614959001541,0.18705151975154877
0.11600000000000009,0.06809781550712556,16.568958282470703,0.2173039222579004,0.7251797622247735,0.1574757993221283,0.18949474394321442
0.11800000000000009,0.0680624659126336,16.538484573364258,0.2172342277832207,0.7231645131310493,0.15744651854038239,0.1918562948703766
0.12000000000000009,0.06802736217940372,16.506866455078125,0.21716136294399635,0.721131649079992,0.15747474133968353,0.1941307932138443
0.1220000000000001,0.06799491747167707,16.474750518798828,0.21708549717846642,0.7190813188839474,0.15755979716777802,0.19632801413536072
0.1240000000000001,0.0679651093969993,16.441709518432617,0.2170068690541212,0.7170135064954187,0.15770237147808075,0.1984497308731079
0.12600000000000008,0.06793791587346992,16.409337997436523,0.2169256474447488,0.7149282261323847,0.15790227055549622,0.20050501823425293
0.12800000000000009,0.06791331507726162,16.376930236816406,0.21684202897617444,0.7128254373605709,0.15815985202789307,0.20249803364276886
0.1300000000000001,0.06789128619244637,16.3444766998291,0.2167561584653474,0.7107051484154802,0.15847454965114594,0.20443564653396606
0.1320000000000001,0.06787180923847515,16.311613082885742,0.21666820623688526,0.7085673565913997,0.15884706377983093,0.2040712833404541
0.1340000000000001,0.06785486531829077,16.27863121032715,0.2165792108123748,0.7064121045174759,0.15904571115970612,0.20354501903057098
0.1360000000000001,0.0678404364632792,16.24564552307129,0.2164899545162619,0.7042394405148397,0.15881915390491486,0.20317165553569794
0.1380000000000001,0.06782850568034784,16.212501525878906,0.21640073017685307,0.7020494497300838,0.15881331264972687,0.20294423401355743
0.1400000000000001,0.06781905683424984,16.17915153503418,0.216311834043028,0.6998422283732219,0.15896496176719666,0.20272672176361084
0.1420000000000001,0.06781207461741193,16.145816802978516,0.21622355011593386,0.6976179010110822,0.1592271775007248,0.19973532855510712
0.1440000000000001,0.06780754446236587,16.112977981567383,0.21613616381782952,0.6953766039525564,0.1595655232667923,0.19682328402996063
0.1460000000000001,0.067805452485922,16.081340789794922,0.21604995285637757,0.6931184947850708,0.15995492041110992,0.1939907819032669
0.1480000000000001,0.06780578542203115,16.049957275390625,0.21596519562664934,0.690843741646378,0.16037793457508087,0.19123771786689758
0.1500000000000001,0.06780853056159121,16.019081115722656,0.21588216590500975,0.688552528379692,0.16082210838794708,0.18856431543827057
0.1520000000000001,0.06781367569879972,15.989374160766602,0.21580113802336315,0.6862450475614166,0.16127938032150269,0.1859707534313202
0.1540000000000001,0.06782120907491856,15.959962844848633,0.21572238379840758,0.6839215031859799,0.16174446046352386,0.18345755338668823
0.1560000000000001,0.06783111933390144,15.930816650390625,0.2156461757186266,0.681582106091526,0.1622142344713211,0.18102507293224335
0.1580000000000001,0.06784339547288123,15.902189254760742,0.21557278516713968,0.6792270752684637,0.162687286734581,0.17867369949817657
0.16000000000000011,0.06785802680465736,15.873367309570312,0.21550248437567243,0.6768566348266598,0.16316314041614532,0.17640407383441925
0.16200000000000012,0.06787500291534579,15.845112800598145,0.21543554538498993,0.6744710145561791,0.16364166140556335,0.17421695590019226
0.16400000000000012,0.06789431483466266,15.816471099853516,0.21537224122501603,0.6720704478968582,0.16412349045276642,0.17211291193962097
0.16600000000000012,0.0679159522099688,15.784791946411133,0.21531155457047968,0.6696551721109234,0.16461390256881714,0.17007383704185486
0.16800000000000012,0.06793990552928658,15.752006530761719,0.2152540175550836,0.6672231002156376,0.1651151031255722,0.16812245547771454
0.17000000000000012,0.0679661648296682,15.720394134521484,0.21520001938088162,0.6647746104896899,0.1656256467103958,0.16625258326530457
0.17200000000000013,0.06799472071697535,15.688461303710938,0.2148053513387576,0.6623099841216821,0.16614700853824615,0.164459228515625
0.17400000000000013,0.06802556346412933,15.656822204589844,0.21376899411490224,0.6598295905198972,0.1666782945394516,0.16274334490299225
0.17600000000000013,0.06805797654298326,15.624399185180664,0.2127641204086887,0.6573337367544738,0.16722087562084198,0.16110584139823914
0.17800000000000013,0.06808805794432639,15.592414855957031,0.211791214278432,0.6548227802707702,0.16777436435222626,0.15954698622226715
0.18000000000000013,0.0681152200157198,15.560604095458984,0.2108507540644166,0.6522970380972593,0.1683398187160492,0.1580682396888733
0.18200000000000013,0.06813947099905487,15.528850555419922,0.2099432007045171,0.6497568553261572,0.16891755163669586,0.15666186809539795
0.18400000000000014,0.06816081875128462,15.496185302734375,0.20906900573035042,0.6472025503425114,0.1695084422826767,0.1553048938512802
0.18600000000000014,0.06817927059333029,15.463077545166016,0.2082286011063726,0.6446344564281432,0.17011258006095886,0.15399686992168427
0.18800000000000014,0.06819483346289675,15.429872512817383,0.20741777649637688,0.642052888737217,0.1707308143377304,0.1527409702539444
0.19000000000000014,0.06820751385069608,15.396434783935547,0.20661638197392806,0.6394581695992427,0.17136335372924805,0.15153886377811432
0.19200000000000014,0.06821731787765749,15.36296272277832,0.20582176687680642,0.6368506086387933,0.17201034724712372,0.15039338171482086
0.19400000000000014,0.06822425127392374,15.32935905456543,0.20503364105698085,0.6342305182033017,0.17267152667045593,0.14930666983127594
0.19600000000000015,0.06822831941768354,15.295156478881836,0.20425172840910472,0.6315982014339686,0.17334619164466858,0.14828117191791534
0.19800000000000015,0.06822952733732984,15.261063575744629,0.20347576063814982,0.6289539617148165,0.17403346300125122,0.1473187357187271
0.20000000000000015,0.06822788143196959,15.227123260498047,0.2027056808077325,0.6262980955558224,0.174732506275177,0.14643193781375885
0.20200000000000015,0.06822338930905009,15.193721771240234,0.2019414823390402,0.623630933904868,0.17544128000736237,0.1451401710510254
0.20400000000000015,0.06821605951869321,15.161369323730469,0.20118318554697795,0.6209527816241055,0.17615851759910583,0.14332275092601776
0.20600000000000016,0.06820590135288485,15.129705429077148,0.20043083024803016,0.6182639216232089,0.17688219249248505,0.14168992638587952
0.20800000000000016,0.06819292469235791,15.098233222961426,0.19968447546107082,0.6155646191982092,0.1776113361120224,0.14015106856822968
0.21000000000000016,0.0681771398929388,15.068395614624023,0.19894419424230952,0.6128551300532918,0.17834457755088806,0.13864590227603912
0.21200000000000016,0.06815855769571695,15.039306640625,0.19821007353805026,0.6101357029943065,0.17908130586147308,0.13714005053043365
0.21400000000000016,0.06813718916148521,15.010334014892578,0.1974822105527701,0.6074065848195124,0.17982108891010284,0.1356191188097
0.21600000000000016,0.06811304561683493,14.982046127319336,0.19676070748369573,0.604668021944042,0.18056437373161316,0.13408291339874268
0.21800000000000017,0.06808613861537806,14.955062866210938,0.19604386132387863,0.6019202633253696,0.1813119500875473,0.13254043459892273
0.22000000000000017,0.06805650934066916,14.929136276245117,0.19533145531867963,0.5991635613784025,0.1820646971464157,0.13100461661815643
0.22200000000000017,0.06802713088066491,14.903911590576172,0.1946253431902299,0.5963981736545396,0.18282443284988403,0.1294897496700287
0.22400000000000017,0.0679999706313145,14.879039764404297,0.19392569349267008,0.5936243632787748,0.18359215557575226,0.1280086785554886
0.22600000000000017,0.06797502121559595,14.854084968566895,0.19323265412327378,0.5908423998318852,0.1843695491552353,0.12657132744789124
0.22800000000000017,0.06795227486769571,14.829734802246094,0.19254637653151546,0.5880525594635523,0.18515676259994507,0.12518425285816193
0.23000000000000018,0.06793172346436951,14.806414604187012,0.19186701465893452,0.5852551252636491,0.18595460057258606,0.1238500103354454
0.23200000000000018,0.06791335855157345,14.783456802368164,0.19119472448872066,0.5824503871576544,0.1867624968290329,0.1225680410861969
0.23400000000000018,0.06789717136854845,14.760339736938477,0.19052966317867798,0.5796386419527474,0.18757854402065277,0.12133467942476273
0.23600000000000018,0.067883152868935,14.736845016479492,0.18987198859175908,0.5768201930915587,0.1884012669324875,0.12014440447092056
0.23800000000000018,0.06787129374007474,14.713935852050781,0.1892218585613607,0.573995350496597,0.1892281323671341,0.11898988485336304
0.24000000000000019,0.06786158442038207,14.691160202026367,0.18857943041631092,0.5711644302386351,0.19005610048770905,0.11786279827356339
0.2420000000000002,0.06785401511434001,14.668346405029297,0.18794486034062335,0.5683277542638926,0.19088251888751984,0.11675514280796051
0.2440000000000002,0.06784857580450855,14.645842552185059,0.18731830836526026,0.5654856500200035,0.19170524179935455,0.1156584620475769
0.2460000000000002,0.06784525684302932,14.623170852661133,0.18669992227781163,0.5626384406327196,0.1925225853919983,0.11456530541181564
0.2480000000000002,0.06784404700521039,14.600847244262695,0.18608876631677657,0.5597864565708787,0.19303300976753235,0.11348805576562881
0.25000000000000017,0.0678449328947787,14.579184532165527,0.18548412962299549,0.5569304503701616,0.19079740345478058,0.1124371662735939
0.25200000000000017,0.06784789978997226,14.558435440063477,0.18488590352337614,0.5540713989024566,0.1885916143655777,0.1114097461104393
0.25400000000000017,0.06785293223222778,14.538766860961914,0.18429400753301345,0.5512101391637804,0.18641580641269684,0.11040356010198593
0.25600000000000017,0.06786001443044454,14.520709991455078,0.1832689423154828,0.5483473956924182,0.18427085876464844,0.10941697657108307
0.2580000000000002,0.06786913053382468,14.503141403198242,0.18129903863925412,0.5454838014613492,0.18215703964233398,0.10844862461090088
0.2600000000000002,0.06788026481157299,14.485698699951172,0.17933999428831732,0.5426199139270387,0.1800745278596878,0.10749686509370804
0.2620000000000002,0.06789340176713683,14.468546867370605,0.1773920369747808,0.5397562273754811,0.17802360653877258,0.10656069219112396
0.2640000000000002,0.06790852620681292,14.452493667602539,0.1754553524868559,0.5368931825156521,0.17600442469120026,0.10563893616199493
0.2660000000000002,0.06792562327696813,14.438087463378906,0.1735300900350936,0.5340311739611668,0.17401708662509918,0.10473030060529709
0.2680000000000002,0.06794467847997736,14.424112319946289,0.17161636645016734,0.5311705561393918,0.17206144332885742,0.10383349657058716
0.2700000000000002,0.06796567767607166,14.411320686340332,0.16971426948658902,0.5283116479893761,0.17013780772686005,0.10294744372367859
0.2720000000000002,0.0679886070761166,14.401342391967773,0.16782386045283396,0.5254547367558318,0.16824667155742645,0.10207091271877289
0.2740000000000002,0.06801271746447518,14.390180587768555,0.16594517631577205,0.5226000810836351,0.16638781130313873,0.10120290517807007
0.2760000000000002,0.06803463590076236,14.379402160644531,0.1640782314080538,0.5197479135885329,0.1645616739988327,0.10034213960170746
0.2780000000000002,0.06805385939161511,14.368672370910645,0.16222301882518395,0.516898443020151,0.16276855766773224,0.09948752075433731
0.2800000000000002,0.06807055448535618,14.389217376708984,0.1604184863451454,0.514051856118148,0.16104772686958313,0.10035060346126556
0.2820000000000002,0.06808464318844248,14.377513885498047,0.15863230641989295,0.5112575986068187,0.15935859084129333,0.09942343086004257
0.2840000000000002,0.06809624767110244,14.395208358764648,0.15691547766067315,0.5084635231280354,0.1577417552471161,0.10033905506134033
0.2860000000000002,0.06810531106621401,14.380598068237305,0.1552260544147988,0.5057214145276833,0.15615615248680115,0.09934820234775543
0.2880000000000002,0.06811191055022331,14.397310256958008,0.1536058716685607,0.5029773581058858,0.1546434462070465,0.10030137002468109
0.2900000000000002,0.06811601891952647,14.380390167236328,0.15201217843925183,0.500284835291721,0.15316224098205566,0.09925302118062973
0.2920000000000002,0.06811766880094951,14.395719528198242,0.15048746872621416,0.49758864552860244,0.15175485610961914,0.10023356229066849
0.2940000000000002,0.06811686741619657,14.377696990966797,0.1489884648160107,0.4949435092841214,0.1503797322511673,0.09913208335638046
0.2960000000000002,0.06811360332080861,14.391441345214844,0.14755806765427534,0.492293285238114,0.14907954633235931,0.10013288259506226
0.2980000000000002,0.06810792052583117,14.369629859924316,0.14615258278176105,0.4896936045091913,0.147812619805336,0.0989907756447792
0.3000000000000002,0.06809977399717544,14.380659103393555,0.14481520940237433,0.4870876785716284,0.1466219425201416,0.10000589489936829
0.3020000000000002,0.06808924071700061,14.357942581176758,0.1435020979324602,0.4845317839688185,0.14546599984169006,0.098792664706707
0.3040000000000002,0.0680763449219359,14.367467880249023,0.1422561918926665,0.48196831987541283,0.14438770711421967,0.09983668476343155
0.3060000000000002,0.0680610423480544,14.382240295410156,0.141077166736495,0.47945606589484213,0.1433873474597931,0.10092320293188095
0.3080000000000002,0.06804340699020632,14.356035232543945,0.1399194953906353,0.47699439030249446,0.14242242276668549,0.09943415969610214
0.3100000000000002,0.06802434852695542,14.364006042480469,0.13882773942296292,0.47452029453014044,0.14153657853603363,0.10054374486207962
0.3120000000000002,0.06800691555229729,14.346246719360352,0.1377569796317211,0.47209635007290657,0.14068764448165894,0.09895381331443787
0.3140000000000002,0.06799136317037709,14.349488258361816,0.13675108356259033,0.4696580643483988,0.13991817831993103,0.10010072588920593
0.3160000000000002,0.06797763171598688,14.342747688293457,0.1357656652749762,0.4672696018353753,0.13918688893318176,0.09841227531433105
0.3180000000000002,0.06796571412884002,14.342292785644531,0.1348439369903404,0.4648647381997651,0.13853538036346436,0.09960585087537766
0.32000000000000023,0.06795565057214406,14.344491958618164,0.13398513232119522,0.46250947912086304,0.13796253502368927,0.10081769526004791
0.32200000000000023,0.0679473507146807,14.354984283447266,0.13314391262590836,0.4602034023839567,0.13742701709270477,0.0988762378692627
0.32400000000000023,0.06794084694734555,14.350147247314453,0.13236418440189568,0.45787577573184907,0.136969655752182,0.10014084726572037
0.32600000000000023,0.06793606181558126,14.376480102539062,0.13160156615306967,0.455597325439811,0.1365501433610916,0.098146952688694
0.32800000000000024,0.06793300751031117,14.363922119140625,0.13089884946731403,0.45329522085172747,0.13620734214782715,0.09946289658546448
0.33000000000000024,0.06793164926351114,14.352627754211426,0.13025496625722843,0.45104238057580226,0.13593970239162445,0.10078145563602448
0.33200000000000024,0.0679319811034523,14.400592803955078,0.12962255557690294,0.4488384428265205,0.13570775091648102,0.0985938161611557
0.33400000000000024,0.06793402202016981,14.374801635742188,0.129027757358645,0.44660585955891346,0.13554896414279938,0.09996268898248672
0.33600000000000024,0.06793761484935504,14.350473403930664,0.12846740827387484,0.44442243675784554,0.13546143472194672,0.10132575035095215
0.33800000000000024,0.06794288426853753,14.42660903930664,0.1278959500247798,0.44228788897031346,0.13540704548358917,0.09899551421403885
0.34000000000000025,0.06794955931053269,14.386478424072266,0.12735744024598333,0.4401198213182917,0.13542161881923676,0.10040499269962311
0.34200000000000025,0.0679578932467238,14.480188369750977,0.12680647234227074,0.4380010176682386,0.13546878099441528,0.0981392115354538
0.34400000000000025,0.06796766767910205,14.42587661743164,0.12628687726643323,0.4358467535951926,0.13541369140148163,0.09957797825336456
0.34600000000000025,0.06797842968427223,14.485755920410156,0.12579959683904596,0.4337422489006828,0.13504734635353088,0.1002083420753479
0.34800000000000025,0.06798797789009256,14.591026306152344,0.12529655613167762,0.4316907723842703,0.13458026945590973,0.09802067279815674
0.35000000000000026,0.06799560075751414,14.657312393188477,0.12482572804779007,0.4295978343326176,0.13410094380378723,0.09879789501428604
0.35200000000000026,0.06800137667784194,14.727411270141602,0.12438784229445768,0.4275720414997337,0.13364113867282867,0.09960433095693588
0.35400000000000026,0.06800528047770847,14.794267654418945,0.12398352435271279,0.425611399469819,0.13322141766548157,0.10043950378894806
0.35600000000000026,0.06800754242780939,14.909523010253906,0.12356286776651622,0.4237140601073428,0.13279379904270172,0.09849689155817032
0.35800000000000026,0.06800823789692127,14.971906661987305,0.12319265646773433,0.4217657642482661,0.1324257105588913,0.09941955655813217
0.36000000000000026,0.06800740156587676,15.03314208984375,0.12287329003965389,0.41988068010600704,0.1321210116147995,0.1003626212477684
0.36200000000000027,0.06800518621403112,15.134513854980469,0.12255008904009448,0.41805698106715494,0.13182127475738525,0.09856147319078445
0.36400000000000027,0.0680016640522711,15.192720413208008,0.12227644292077369,0.41617961264702935,0.13158495724201202,0.09956622868776321
0.36600000000000027,0.06799690802282568,15.249567031860352,0.12205148589133312,0.4143634842705667,0.13140869140625,0.09920702874660492
0.36800000000000027,0.06799099141981357,15.305487632751465,0.12187433140900855,0.4126068499801492,0.13128896057605743,0.09866613894701004
0.3700000000000003,0.06798398756897926,15.358512878417969,0.12114735905680195,0.4109080962476072,0.13122226297855377,0.0981527641415596
0.3720000000000003,0.06797596577658081,15.408170700073242,0.12025330697327745,0.409265720200611,0.13120479881763458,0.0976625308394432
0.3740000000000003,0.06796669676039462,15.45372486114502,0.11940342927953575,0.40766591746902436,0.1308683604001999,0.09723494946956635
0.3760000000000003,0.06795613820304053,15.391408920288086,0.11861373913454679,0.40610841178648677,0.1297508329153061,0.09900495409965515
0.3780000000000003,0.06794476357778824,15.326471328735352,0.11788299136815762,0.40460065923927563,0.12871167063713074,0.10078202188014984
0.3800000000000003,0.06793252701854374,15.42207145690918,0.11710070339306508,0.4031417111984105,0.12761956453323364,0.09539910405874252
0.3820000000000003,0.06791949823347625,15.464462280273438,0.11637010454421425,0.4016179151952021,0.12660470604896545,0.09516339749097824
0.3840000000000003,0.06790574627122428,15.507364273071289,0.1156896636053585,0.40014804050441233,0.12566854059696198,0.09497358649969101
0.3860000000000003,0.06789133949715971,15.549175262451172,0.11505927192164825,0.3987307168186142,0.12480900436639786,0.09484229236841202
0.3880000000000003,0.06787634525293193,15.588600158691406,0.11447778809470076,0.3973646359905491,0.12402667105197906,0.09476978331804276
0.3900000000000003,0.06786082982927438,15.626436233520508,0.11394493548948946,0.3960486040015652,0.12332028150558472,0.09476468712091446
0.3920000000000003,0.06784485822380183,15.658197402954102,0.11345981681658567,0.3947814858813812,0.12269023805856705,0.09482929855585098
0.3940000000000003,0.0678284941136193,15.68758773803711,0.11302205716384114,0.3935622349610566,0.12213581055402756,0.09497100859880447
0.3960000000000003,0.06781179968622812,15.715538024902344,0.11263090881683108,0.3923898585715406,0.1216571107506752,0.09519650042057037
0.3980000000000003,0.06779483561498309,15.742773056030273,0.11228593685876943,0.39126343407667685,0.12125353515148163,0.09551206231117249
0.4000000000000003,0.06777766094341563,15.76712417602539,0.11198648164995996,0.3901820873080135,0.12092508375644684,0.09592079371213913
0.4020000000000003,0.06776033306551593,15.789377212524414,0.11173206841872496,0.3891450010092436,0.12067143619060516,0.09642665088176727
0.4040000000000003,0.06774290764866138,15.809724807739258,0.11152208564393225,0.38815140111423396,0.12049213796854019,0.09703338891267776
0.4060000000000003,0.06772543861963472,15.828431129455566,0.11135602888126488,0.38720056091162686,0.12038708478212357,0.09774326533079147
0.4080000000000003,0.06770797811528158,15.845735549926758,0.11123330904412083,0.38629179218723375,0.12035549432039261,0.09855536371469498
0.4100000000000003,0.06769057647438677,15.861648559570312,0.11115339713794971,0.3854244470326599,0.12039703130722046,0.09946821630001068
0.4120000000000003,0.06767344711058353,15.876323699951172,0.11111571047266047,0.38459791203338256,0.12051054835319519,0.10047794878482819
0.4140000000000003,0.06765645060313419,15.887655258178711,0.11102374272088449,0.3838116088259236,0.12057732045650482,0.0990486890077591
0.4160000000000003,0.06763980750710734,15.899559020996094,0.110974603190391,0.3829554894744076,0.12071847915649414,0.10023301839828491
0.4180000000000003,0.06762336300003194,15.909635543823242,0.1108721962594965,0.38214090018092745,0.12081614136695862,0.09901167452335358
0.4200000000000003,0.06760733750012451,15.920873641967773,0.1108071567722331,0.3812580502233195,0.12098895013332367,0.100342757999897
0.4220000000000003,0.06759156912897972,15.926996231079102,0.11067483685381396,0.3804176723633882,0.12112072855234146,0.09923077374696732
0.4240000000000003,0.06757627139906128,15.936264038085938,0.11057148867383608,0.37951034596667793,0.12132677435874939,0.10066472738981247
0.4260000000000003,0.06756128299830622,15.938880920410156,0.11039980413875541,0.3786461395546265,0.12149271368980408,0.09959452599287033
0.4280000000000003,0.06754680442465748,15.945728302001953,0.11025698670960458,0.37771609389510463,0.12173067778348923,0.10108840465545654
0.4300000000000003,0.06753268172865727,15.94333553314209,0.11004796048808212,0.3768295750381528,0.12192775309085846,0.099993035197258
0.43200000000000033,0.06751909703103269,15.948919296264648,0.10988207052717147,0.37587815783355233,0.12219312787055969,0.10150966048240662
0.43400000000000033,0.06750607010734327,15.94476318359375,0.10966239407317725,0.3749704781849732,0.12241534888744354,0.10032937675714493
0.43600000000000033,0.06749344437328955,15.939735412597656,0.109389911613446,0.37399870173111455,0.12259437888860703,0.09896901249885559
0.43800000000000033,0.06748136985878177,15.948860168457031,0.10916055247233149,0.3729640632373111,0.12283635884523392,0.10062402486801147
0.44000000000000034,0.0674697340713023,15.941299438476562,0.10887878905217466,0.3719794890046763,0.12303121387958527,0.09911536425352097
0.44200000000000034,0.06745863502410568,15.949800491333008,0.10864024134864074,0.37093270880897466,0.12328363955020905,0.10077673196792603
0.44400000000000034,0.06744800825400953,15.940402030944824,0.10834952406190484,0.3699358073484752,0.12348416447639465,0.09908948093652725
0.44600000000000034,0.0674378972158211,15.948854446411133,0.10810195912187535,0.3688772628200925,0.12373652309179306,0.10074827075004578
0.44800000000000034,0.06742828838499858,15.937440872192383,0.10780230763757741,0.36786832966391475,0.12393198162317276,0.09886437654495239
0.45000000000000034,0.0674191689892614,15.946537017822266,0.10754560784176481,0.36679824040429393,0.12417463958263397,0.1005147248506546
0.45200000000000035,0.06741057842150999,15.934432983398438,0.10723676866310297,0.3657774351167867,0.12435543537139893,0.09631441533565521
0.45400000000000035,0.06740254672741983,15.943571090698242,0.10697055928954718,0.3646958988742475,0.12457908689975739,0.0971335917711258
0.45600000000000035,0.06739510105618596,15.951948165893555,0.10674486672073887,0.3636632769416801,0.12484407424926758,0.09792359918355942
0.45800000000000035,0.06738826657565465,15.960184097290039,0.10655973417112946,0.36267850911406097,0.1251477748155594,0.09870027005672455
0.46000000000000035,0.06738206585733707,15.967845916748047,0.10641365797586697,0.3617405925157888,0.12548919022083282,0.09946450591087341
0.46200000000000035,0.06737614780330442,15.975898742675781,0.1063063999559326,0.36084866804430643,0.1258665919303894,0.1002257764339447
0.46400000000000036,0.06737087303625064,15.964071273803711,0.1061450548634002,0.36000193587285206,0.12616918981075287,0.09597942233085632
0.46600000000000036,0.06736626096262127,15.972404479980469,0.106022160052136,0.3590939506958955,0.12650591135025024,0.09676140546798706
0.46800000000000036,0.0673610670965722,15.980716705322266,0.10593631695560524,0.3582311445974824,0.12597417831420898,0.09753928333520889
0.47000000000000036,0.06735529541986256,15.979972839355469,0.10588536134912381,0.3574128335752431,0.1252966672182083,0.09884181618690491
0.47200000000000036,0.06734984961186405,15.9750337600708,0.10586003997949871,0.35663426068068843,0.12466862052679062,0.10012504458427429
0.47400000000000037,0.06734380442327817,15.963653564453125,0.1057745260507385,0.3558944973494841,0.1239309087395668,0.09621302783489227
0.47600000000000037,0.06733716325040719,15.962467193603516,0.10571937711417345,0.3550916681036269,0.12326986342668533,0.09754479676485062
0.47800000000000037,0.06732992396470179,15.956558227539062,0.10568411479142807,0.35432731213551427,0.12265671789646149,0.09885558485984802
0.48000000000000037,0.06732322612540298,15.953645706176758,0.10567266471889049,0.3536006455791457,0.12211386114358902,0.10020673274993896
0.4820000000000004,0.06731590202107461,15.941429138183594,0.10559254967317282,0.35291058016084326,0.12143869698047638,0.09665288031101227
0.4840000000000004,0.06730795491808707,15.941482543945312,0.10553953007212452,0.35215538323855977,0.12085460871458054,0.09806347638368607
0.4860000000000004,0.06729937974865179,15.933744430541992,0.10549810960937457,0.35143706790812096,0.12031008303165436,0.0994097962975502
0.4880000000000004,0.06729156838994013,15.930850982666016,0.1054768175216524,0.35075514385871503,0.11984355747699738,0.10083785653114319
0.4900000000000004,0.06728309571086381,15.920351028442383,0.10538276535903172,0.3501085305516656,0.11923297494649887,0.09761825203895569
0.4920000000000004,0.0672739647300415,15.920011520385742,0.10531040602076208,0.3493953591031625,0.11871875077486038,0.09909725189208984
0.4940000000000004,0.06726575024224392,15.910871505737305,0.1052412662522109,0.3487182260425069,0.11824137717485428,0.10048884898424149
0.4960000000000004,0.0672568419244911,15.905021667480469,0.10510282080004647,0.34807678070969517,0.1176493763923645,0.09742958843708038
0.4980000000000004,0.0672472404912343,15.901336669921875,0.10497586147930102,0.3473683150154941,0.11713014543056488,0.0988849475979805
0.5000000000000003,0.0672387124919905,15.89445972442627,0.10485689596947372,0.346696255448219,0.11666823923587799,0.10034447908401489
0.5020000000000003,0.06722945558862095,15.888153076171875,0.10466744183821101,0.34605991212645676,0.11607426404953003,0.09736783802509308
0.5040000000000003,0.06721947321022723,15.885080337524414,0.10449449967500614,0.3453565856919807,0.11556559801101685,0.09886736422777176
0.5060000000000003,0.06721072073607,15.876617431640625,0.10432873056889345,0.3446898518887006,0.1151069775223732,0.10033934563398361
0.5080000000000003,0.06720120595622019,15.870996475219727,0.10409413372556975,0.3440591563150679,0.11452049016952515,0.09746726602315903
0.5100000000000003,0.06719093296727464,15.867362976074219,0.10387383846206243,0.3433614717511537,0.11401551961898804,0.09897948056459427
0.5120000000000003,0.06718204749726672,15.859073638916016,0.10366056637670597,0.3427007553082807,0.11356581747531891,0.10047698765993118
0.5140000000000003,0.06717236636749258,15.853445053100586,0.10337807789583461,0.3420763737646344,0.11298384517431259,0.09770131856203079
0.5160000000000003,0.06716189551847228,15.849790573120117,0.10310989023763534,0.3413851649205417,0.11248668283224106,0.0992346853017807
0.5180000000000003,0.06715296941799602,15.840742111206055,0.10284772754456499,0.340731296675518,0.11204470694065094,0.10074250400066376
0.5200000000000004,0.06714321533944584,15.834440231323242,0.10251723298530732,0.3401141541647308,0.11147074401378632,0.0980718657374382
0.5220000000000004,0.06713264075281714,15.830262184143066,0.10220076668668304,0.3394303931809594,0.11098184436559677,0.09961587190628052
0.5240000000000004,0.06712376749912453,15.82118034362793,0.10189039149741881,0.33878440846878677,0.11055058985948563,0.10113198310136795
0.5260000000000004,0.06711403471674125,15.814431190490723,0.10151233584877167,0.3381755624747026,0.10998629778623581,0.09857004880905151
0.5280000000000004,0.06710607314338679,15.809901237487793,0.1011489086822252,0.3375003869839238,0.10950884968042374,0.10012228786945343
0.5300000000000004,0.06709721793590717,15.79958724975586,0.10071303607915229,0.3368634411694808,0.10888147354125977,0.09747710824012756
0.5320000000000004,0.06708748529491636,15.799363136291504,0.10029748660753993,0.3361614646312928,0.10835811495780945,0.09907780587673187
0.5340000000000004,0.06707966867594581,15.788505554199219,0.09988552965821099,0.33549868319563547,0.10788646340370178,0.10057559609413147
0.5360000000000004,0.06707093707668894,15.783013343811035,0.09941081793234614,0.3348745934006742,0.10729234665632248,0.09811682999134064
0.5380000000000004,0.06706130415511288,15.779378890991211,0.0989507058412806,0.33418537876257143,0.10678251087665558,0.09967637807130814
0.5400000000000004,0.0670536204788239,15.771230697631836,0.09850031655133466,0.33353575829344145,0.10634198784828186,0.10048259794712067
0.5420000000000004,0.0670449986903536,15.763921737670898,0.09798415669676337,0.332924912351712,0.10576939582824707,0.09810532629489899
0.5440000000000004,0.0670354554650615,15.761260032653809,0.09748735473277545,0.33224981321116576,0.10529066622257233,0.09834187477827072
0.5460000000000004,0.0670249980055684,15.751033782958984,0.09699927703031183,0.3316144265344358,0.10487640649080276,0.0985100269317627
0.5480000000000004,0.06701363499939506,15.743642807006836,0.09652859306575469,0.3310181174387377,0.10454516857862473,0.09865845739841461
0.5500000000000004,0.06700136870915101,15.733175277709961,0.09606946223052226,0.33045987699369955,0.104279525578022,0.09876812994480133
0.5520000000000004,0.06698820149825785,15.724831581115723,0.09562769981624801,0.3299392083040821,0.10408909618854523,0.0988689512014389
0.5540000000000004,0.06697413121489018,15.714874267578125,0.09520049894897588,0.32945542939601186,0.10396349430084229,0.09895316511392593
0.5560000000000004,0.06695915508442431,15.70521354675293,0.09479211873277915,0.3290081881772775,0.10390660166740417,0.09904158860445023
0.5580000000000004,0.06694326702896662,15.693843841552734,0.0944017211533136,0.3285970530279541,0.10391197353601456,0.09913419932126999
0.5600000000000004,0.06692645999591694,15.682509422302246,0.0940327770013844,0.32822181081276075,0.10398057848215103,0.09924791008234024
0.5620000000000004,0.06690872441095545,15.669812202453613,0.09368576745723406,0.32788222617549073,0.10410773009061813,0.0993882492184639
0.5640000000000004,0.06689004957719785,15.65727424621582,0.0933638224686994,0.32757821314760427,0.10429253429174423,0.09957165271043777
0.5660000000000004,0.0668704227894636,15.643884658813477,0.09306833858385567,0.3273096932223276,0.10453132539987564,0.09980860352516174
0.5680000000000004,0.06685160648824594,15.629817962646484,0.09280235661901746,0.32707669352210067,0.10482240468263626,0.10011784732341766
0.5700000000000004,0.06683187847765798,15.627838134765625,0.09249966449407183,0.326879262674056,0.10503853112459183,0.09860844910144806
0.5720000000000004,0.06681122508524741,15.61623477935791,0.09223742302600131,0.3266441906095111,0.10531531274318695,0.09909140318632126
0.5740000000000004,0.06678962425080924,15.598548889160156,0.09200339860007964,0.32644405840215435,0.10563600808382034,0.09964524209499359
0.5760000000000004,0.06676887803234052,15.583295822143555,0.0918120934835132,0.32627939096201475,0.10600962489843369,0.10032153129577637
0.5780000000000004,0.06674721686646584,15.580644607543945,0.09158455137925935,0.3261501719518729,0.10631286352872849,0.09932073950767517
0.5800000000000004,0.06672646625713038,15.567984580993652,0.09140973781943146,0.32598275919071606,0.10667447745800018,0.10019546747207642
0.5820000000000004,0.06670482775582856,15.563425064086914,0.09119504364387004,0.3258505443025862,0.10696966201066971,0.09941846877336502
0.5840000000000004,0.0666841490960381,15.552068710327148,0.09104082289954885,0.325679720284757,0.10627100616693497,0.1004808247089386
0.5860000000000004,0.06666445225483264,15.546730041503906,0.09084538352303302,0.32554403332103093,0.10545719414949417,0.09992296248674393
0.5880000000000004,0.0666457836755479,15.565996170043945,0.09071309025699785,0.3253693839080704,0.10470245033502579,0.1006157398223877
0.5900000000000004,0.06662819068029127,15.55870246887207,0.09053796321528729,0.32522878040449266,0.1038842648267746,0.10018093138933182
0.5920000000000004,0.06661170582093538,15.560174942016602,0.09035268913056692,0.3250489910781752,0.10304096341133118,0.09986738860607147
0.5940000000000004,0.06659634938804797,15.573333740234375,0.09020782951375186,0.324828936013478,0.10223092883825302,0.10048367083072662
0.5960000000000004,0.0665830359239487,15.570152282714844,0.09003912944938168,0.32464299081183545,0.10138216614723206,0.10027993470430374
0.5980000000000004,0.06657084239367103,15.572505950927734,0.08983295139595537,0.3244168912825543,0.10049594193696976,0.0997311994433403
0.6000000000000004,0.06655976998763409,15.587068557739258,0.08967287923901715,0.3241350201461256,0.09966486692428589,0.10037115216255188
0.6020000000000004,0.06654981533000959,15.59994888305664,0.08953878928461441,0.3238881771046047,0.09888175874948502,0.10103525221347809
0.6040000000000004,0.06654097728511864,15.613404273986816,0.08943722437383338,0.323676641242389,0.0981588363647461,0.10172583907842636
0.6060000000000004,0.06653325171140836,15.625774383544922,0.08937517207093147,0.32350040396642077,0.09749379009008408,0.10244248062372208
0.6080000000000004,0.06652663541538473,15.638667106628418,0.08936601900966126,0.3233596688077393,0.09689544141292572,0.1031854897737503
0.6100000000000004,0.06652112309153357,15.650922775268555,0.08940727035557798,0.3232544759951149,0.09636390209197998,0.1039559617638588
0.6120000000000004,0.06651670961553481,15.663091659545898,0.08950168329231982,0.3231849927566477,0.09590531140565872,0.10475372523069382
0.6140000000000004,0.06651338825996568,15.674795150756836,0.08964785616834965,0.323151296337298,0.0955204889178276,0.10558053106069565
0.6160000000000004,0.06651115202207639,15.686481475830078,0.08984743130643531,0.3231535428922792,0.09521380066871643,0.10643604397773743
0.6180000000000004,0.06650999258407576,15.697750091552734,0.0900995853131512,0.3231918421059391,0.09498527646064758,0.10732226073741913
0.6200000000000004,0.06650794880303681,15.710505485534668,0.09040912658782897,0.3232663556129027,0.09483838081359863,0.10825475305318832
0.6220000000000004,0.06650501360895648,15.714990615844727,0.09078581385568447,0.323380297774794,0.09477647393941879,0.10924465954303741
0.6240000000000004,0.06650117962865601,15.718775749206543,0.09123111319607027,0.323539015296156,0.09480518102645874,0.11026975512504578
0.6260000000000004,0.06649643897831543,15.721965789794922,0.09174604966497865,0.32374236992998306,0.09492882341146469,0.11134152114391327
0.6280000000000004,0.06649078332420517,15.724418640136719,0.0923318092156947,0.3239902679547672,0.095151387155056,0.1125146672129631
0.6300000000000004,0.06648420274617517,15.718559265136719,0.09299221093782885,0.324282644329633,0.0954764261841774,0.11454621702432632
0.6320000000000005,0.0664766867594183,15.712356567382812,0.09372124925785628,0.3246137265720085,0.0959075316786766,0.1167808473110199
0.6340000000000005,0.06646822422527626,15.705764770507812,0.09450407091223706,0.32498363041523054,0.0964471697807312,0.1192278191447258
0.6360000000000005,0.06645880335722194,15.698738098144531,0.09534024198713574,0.32539250648992996,0.0970972329378128,0.12189352512359619
0.6380000000000005,0.0664484116609445,15.691200256347656,0.09623201612930098,0.325840532777417,0.09785917401313782,0.12478283047676086
0.6400000000000005,0.06643703593038457,15.683359146118164,0.09719989073877704,0.32632791399800876,0.09873410314321518,0.12789857387542725
0.6420000000000005,0.06642466220612808,15.67517375946045,0.09824941608950818,0.32685487617534187,0.09972360730171204,0.13124141097068787
0.6440000000000005,0.06641395723982667,15.666691780090332,0.09938145875021571,0.32742166529051275,0.1008295938372612,0.13480865955352783
0.6460000000000005,0.0664053573732341,15.668510437011719,0.10048608656576857,0.32802854316736185,0.10193963348865509,0.135380819439888
0.6480000000000005,0.06639874935084589,15.669068336486816,0.10156383559672712,0.328584218675036,0.10305920988321304,0.1349981427192688
0.6500000000000005,0.06639419077248714,15.666769981384277,0.10261115170144637,0.32908145469041106,0.10418219864368439,0.1346336454153061
0.6520000000000005,0.06639167835119768,15.663081169128418,0.10363122876534034,0.3295228507819872,0.10531461983919144,0.13433949649333954
0.6540000000000005,0.06639122338377743,15.658878326416016,0.10461808061805548,0.3299076896106783,0.10645336657762527,0.13409492373466492
0.6560000000000005,0.06639282681297179,15.65480899810791,0.10555807710177172,0.3302363688593291,0.10760287940502167,0.13390766084194183
0.6580000000000005,0.06639648769696116,15.647916793823242,0.10644859629440334,0.33050882808658405,0.10876169055700302,0.13377444446086884
0.6600000000000005,0.06640220038501486,15.63947582244873,0.10729254032874229,0.33072518702785497,0.10993197560310364,0.13368931412696838
0.6620000000000005,0.06640995543559697,15.630221366882324,0.10809292792740698,0.33088545750140336,0.1111125648021698,0.13364963233470917
0.6640000000000005,0.06641972383786036,15.622880935668945,0.1088650452444716,0.3309897108400522,0.11230366677045822,0.13365401327610016
0.6660000000000005,0.0664314466222398,15.616859436035156,0.10961054073176867,0.3310379812932505,0.11350369453430176,0.13369978964328766
0.6680000000000005,0.06644506645453074,15.610301971435547,0.11033048011343505,0.33103062004169637,0.11471244692802429,0.1337849646806717
0.6700000000000005,0.0664605270081422,15.601224899291992,0.11102511440898302,0.3309684392553573,0.11592881381511688,0.13391132652759552
0.6720000000000005,0.06647777293001605,15.589227676391602,0.11169526919186616,0.3308521912362702,0.11715123802423477,0.13404890894889832
0.6740000000000005,0.06649674937097305,15.576488494873047,0.11234128923829285,0.33068255056033535,0.11837786436080933,0.1341840773820877
0.6760000000000005,0.06651740187358632,15.561004638671875,0.11296384002829599,0.33046013896665,0.1196068525314331,0.13431669771671295
0.6780000000000005,0.06653967600867065,15.542926788330078,0.11356330109549134,0.33018551653510336,0.12058240920305252,0.13444602489471436
0.6800000000000005,0.06656350354860846,15.52359390258789,0.11414022735841466,0.32985919804675684,0.12029337137937546,0.13457168638706207
0.6820000000000005,0.06658880588129788,15.504358291625977,0.11411109234695187,0.32948164914296196,0.1199958547949791,0.1346985101699829
0.6840000000000005,0.06661551248435467,15.486289978027344,0.11395973377245171,0.32905364885331556,0.1196887344121933,0.13482923805713654
0.6860000000000005,0.0666435584504778,15.469930648803711,0.11379559428432195,0.32857620939691695,0.11937106400728226,0.13496007025241852
0.6880000000000005,0.06667288263138174,15.454493522644043,0.11361832261921702,0.32805011367727416,0.11904197186231613,0.13508684933185577
0.6900000000000005,0.06670342614873831,15.440938949584961,0.11342760602610255,0.3274759649434664,0.11870074272155762,0.1352059543132782
0.6920000000000005,0.06673512649334223,15.429994583129883,0.11322316167598126,0.3268542299206494,0.11834684014320374,0.1353130042552948
0.6940000000000005,0.06676784586176569,15.421480178833008,0.11300474589514285,0.32618526842410883,0.1179799884557724,0.1354028582572937
0.6960000000000005,0.06680145597410639,15.41709041595459,0.11277240570638766,0.32546938432143996,0.11759988218545914,0.13548040390014648
0.6980000000000005,0.066835837298535,15.415861129760742,0.11252624507480061,0.32470721786580115,0.11720675975084305,0.13552670180797577
0.7000000000000005,0.06687087838025099,15.416574478149414,0.11226641396352385,0.323899257168718,0.1168004721403122,0.13551941514015198
0.7020000000000005,0.06690647517830856,15.418916702270508,0.11199309949653392,0.32304586662230356,0.11638148874044418,0.13543257117271423
0.7040000000000005,0.06694253047489084,15.42236328125,0.11170651931902911,0.32214731392851476,0.1159500926733017,0.13523732125759125
0.7060000000000005,0.06697895330100855,15.427011489868164,0.11140691636085544,0.3212037886864217,0.11550654470920563,0.13490284979343414
0.7080000000000005,0.06701565841399114,15.431999206542969,0.1110945549587939,0.3202154197596063,0.11505141109228134,0.13421958684921265
0.7100000000000005,0.06705256151866903,15.436850547790527,0.11076971791275816,0.31918228743649735,0.11458528786897659,0.13348346948623657
0.7120000000000005,0.06708957848988423,15.441854476928711,0.11043270369174163,0.3181044346287422,0.11410852521657944,0.1327662169933319
0.7140000000000005,0.06712663101609852,15.448274612426758,0.11008383136771474,0.31698196828816755,0.1136218011379242,0.13206957280635834
0.7160000000000005,0.06716364605731193,15.455548286437988,0.10972344357387068,0.31581506582857244,0.11312537640333176,0.13139808177947998
0.7180000000000005,0.06720055533031168,15.463350296020508,0.10935190430454655,0.3146038390931883,0.11262001842260361,0.13075651228427887
0.7200000000000005,0.06723729454653231,15.470342636108398,0.10896959751748193,0.31334834767411124,0.11210593581199646,0.13014939427375793
0.7220000000000005,0.06727380139652336,15.476141929626465,0.10857691635996801,0.3120486089940631,0.11158360540866852,0.1295807808637619
0.7240000000000005,0.06731000917281822,15.482129096984863,0.10817427753165476,0.31070457807230084,0.1110534593462944,0.12905514240264893
0.7260000000000005,0.06734585474418477,15.488866806030273,0.1077622082188234,0.3093161955954753,0.11051570624113083,0.12857668101787567
0.7280000000000005,0.06738127842724581,15.495430946350098,0.1073412757249893,0.30788360909950396,0.1099705770611763,0.1281520128250122
0.7300000000000005,0.0674162238291698,15.501120567321777,0.106912085968419,0.30640693652544404,0.10941805690526962,0.12778818607330322
0.7320000000000005,0.06745049112786217,15.505250930786133,0.10647082924482745,0.3048862681025546,0.10885820537805557,0.12749317288398743
0.7340000000000005,0.06748333902113329,15.518190383911133,0.1060119816329265,0.30332166819525863,0.10829035937786102,0.12724104523658752
0.7360000000000005,0.0675148930488823,15.549072265625,0.10553724203725229,0.30171626747234126,0.10771313309669495,0.12689301371574402
0.7380000000000005,0.06754527422702243,15.559934616088867,0.10504696251347681,0.3000839935690706,0.10712733119726181,0.12669946253299713
0.7400000000000005,0.06757457758193365,15.568937301635742,0.10454172734036267,0.2984234203022658,0.10653321444988251,0.12682348489761353
0.7420000000000005,0.06760287775549079,15.582256317138672,0.10402201204298504,0.2967336359117184,0.10593146830797195,0.1272478997707367
0.7440000000000005,0.06763023333376296,15.599763870239258,0.10348165963126855,0.2950139418133033,0.10532130300998688,0.12784413993358612
0.7460000000000006,0.06765669005625702,15.618188858032227,0.10291732194241562,0.2932637998434144,0.104701466858387,0.1285446137189865
0.7480000000000006,0.06768228324192495,15.637210845947266,0.1023285870143297,0.2914828047356629,0.10407119989395142,0.12928743660449982
0.7500000000000006,0.06770703952700696,15.656428337097168,0.10171507905186851,0.2896706517987239,0.10342840850353241,0.13000862300395966
0.7520000000000006,0.06773097809874866,15.67680549621582,0.10107644968996309,0.2878271192455103,0.10277064889669418,0.13064336776733398
0.7540000000000006,0.06775411148983136,15.697883605957031,0.10041237108313256,0.285952048347012,0.10209598392248154,0.13112401962280273
0.7560000000000006,0.06777644604099212,15.71402359008789,0.09972253075879269,0.2840453321196004,0.10140154510736465,0.13137786090373993
0.7580000000000006,0.0677979820802677,15.724987030029297,0.0990066275605651,0.2821069031054908,0.10068536549806595,0.13132523000240326
0.7600000000000006,0.06781833502288431,15.73460578918457,0.09826436904812985,0.2801367261333848,0.09994477033615112,0.13087840378284454
0.7620000000000006,0.06783752557654431,15.768481254577637,0.09756670879026358,0.27813479075556063,0.09925156831741333,0.1312107890844345
0.7640000000000006,0.06785557960069459,15.802751541137695,0.0969137511662341,0.27618021340050314,0.09860505908727646,0.13177022337913513
0.7660000000000006,0.06787252479084573,15.82752513885498,0.09630552183471039,0.27427200966254167,0.09800572693347931,0.13253073394298553
0.7680000000000006,0.06788838598950675,15.849457740783691,0.0957424244002086,0.2724095761401218,0.09745622426271439,0.13344845175743103
0.7700000000000006,0.06790319124822032,15.865379333496094,0.09522513518911047,0.27058246248899653,0.09695994108915329,0.13454025983810425
0.7720000000000006,0.06791697227886491,15.88045597076416,0.0947545204128889,0.268791083972954,0.09652083367109299,0.13578669726848602
0.7740000000000006,0.06792976308967599,15.894558906555176,0.09433610307783101,0.26703572679334575,0.09614329040050507,0.1371721476316452
0.7760000000000006,0.0679416000322788,15.906349182128906,0.09397275073680295,0.26531675284118644,0.09583213180303574,0.13868188858032227
0.7780000000000006,0.06795252094337564,15.916727066040039,0.09366531685020704,0.26363444497970484,0.09559187293052673,0.1403035670518875
0.7800000000000006,0.06796256502535054,15.926027297973633,0.09341287038387187,0.2619891226871085,0.0954265221953392,0.14202551543712616
0.7820000000000006,0.06797177228332406,15.934022903442383,0.0932097268678447,0.26038105661094824,0.09534016996622086,0.14383786916732788
0.7840000000000006,0.06798018335313179,15.941061019897461,0.09306815405934431,0.2588105344527516,0.09533614665269852,0.14573103189468384
0.7860000000000006,0.06798783911828404,15.947689056396484,0.09299842350712861,0.2572778141247594,0.09541691839694977,0.14714168012142181
0.7880000000000006,0.0679947805369435,15.954010009765625,0.09300089801160247,0.2557831617171044,0.09558448195457458,0.14679422974586487
0.7900000000000006,0.06800104837350832,15.959493637084961,0.09307756310449275,0.2543268261377929,0.09583945572376251,0.1464661955833435
0.7920000000000006,0.06800668304557272,15.964731216430664,0.09323638706851312,0.2529090613172587,0.09618247300386429,0.146162211894989
0.7940000000000006,0.06801172443184186,15.969594955444336,0.09347733788949449,0.2515301127571817,0.09661262482404709,0.14588578045368195
0.7960000000000006,0.06801621174539894,15.973876953125,0.09379913202004399,0.2501902307552788,0.09712870419025421,0.14563949406147003
0.7980000000000006,0.06802018339449716,15.977559089660645,0.09420033660453696,0.24888966350060643,0.0977286547422409,0.14542488753795624
0.8000000000000006,0.06802367688183629,15.980366706848145,0.09467938606938299,0.24762866511440126,0.09840994328260422,0.14524208009243011
0.8020000000000006,0.0680267287031757,15.982545852661133,0.09523459112327587,0.24640749228639777,0.09916999191045761,0.14509062469005585
0.8040000000000006,0.06802959269179412,15.98440170288086,0.09586415572298741,0.2452264092625301,0.1000053659081459,0.14496919512748718
0.8060000000000006,0.06803222353536853,15.98294448852539,0.09648164056973393,0.24408568633806374,0.10081961005926132,0.1438923329114914
0.8080000000000006,0.06803457577219624,15.982097625732422,0.09708664749419765,0.24290287351879694,0.10161066800355911,0.1428244411945343
0.8100000000000006,0.06803660383540193,15.981435775756836,0.0976788500351883,0.24167865786122675,0.10237819701433182,0.1417624056339264
0.8120000000000006,0.06803826212047506,15.981086730957031,0.09825799743501223,0.24041374821615794,0.10312102735042572,0.14070455729961395
0.8140000000000006,0.06803950502648741,15.981033325195312,0.09882390044782681,0.23910886192198855,0.10383930057287216,0.13964903354644775
0.8160000000000006,0.06804028700573755,15.98116683959961,0.09937643131896422,0.2377647310884434,0.10453276336193085,0.13859400153160095
0.8180000000000006,0.06804056260134093,15.981471061706543,0.09991551411426411,0.23638209479025682,0.10520137846469879,0.13753874599933624
0.8200000000000006,0.06804028648699312,15.982162475585938,0.10044112286588555,0.23496170233503869,0.1058458611369133,0.13648276031017303
0.8220000000000006,0.06803941350206115,15.983515739440918,0.100953274650974,0.23350430864526123,0.1064661368727684,0.13542640209197998
0.8240000000000006,0.06803789868680003,15.985092163085938,0.1014520270216249,0.23201067590780547,0.10706312209367752,0.13437071442604065
0.8260000000000006,0.06803569731677561,15.98702621459961,0.1019374728172904,0.2304815708218085,0.10763692110776901,0.1333177238702774
0.8280000000000006,0.06803276493727946,15.989480018615723,0.10240973743114233,0.2289177654007559,0.1081884577870369,0.13226990401744843
0.8300000000000006,0.06802905739906354,15.992406845092773,0.10286897475987114,0.22732003532712466,0.10871753841638565,0.1312306523323059
0.8320000000000006,0.06802454684989986,15.995439529418945,0.10331536456253329,0.22568916032898434,0.10922478139400482,0.13020433485507965
0.8340000000000006,0.06801904507823053,16.005901336669922,0.10375029035601296,0.2240259232034743,0.10971356928348541,0.1290191411972046
0.8360000000000006,0.06801237628027607,16.02431869506836,0.10417629520736857,0.2223332889570056,0.11018547415733337,0.12538029253482819
0.8380000000000006,0.06800440869623019,15.999406814575195,0.1045954325122065,0.22060759637437846,0.11064086109399796,0.11568529903888702
0.8400000000000006,0.06799501843332226,15.869034767150879,0.1050092928745678,0.2188466851395126,0.11108003556728363,0.10185971111059189
0.8420000000000006,0.06798561076269341,15.555990219116211,0.10541919718784921,0.2170506730450485,0.11150266975164413,0.09066987037658691
0.8440000000000006,0.06797683641487186,15.713178634643555,0.10586725991823195,0.21522021366036598,0.11196033656597137,0.0938120186328888
0.8460000000000006,0.0679686835417703,15.843402862548828,0.1063521391909639,0.21344570287692421,0.11245205998420715,0.09683474898338318
0.8480000000000006,0.06796113841628974,15.93449592590332,0.10687201259769567,0.21172237871763583,0.11297659575939178,0.09972299635410309
0.8500000000000006,0.06795389216140833,16.011747360229492,0.10742510160286682,0.2100454302607288,0.11353327333927155,0.102620430290699
0.8520000000000006,0.06794698237598587,16.033470153808594,0.10795680598912752,0.20841454399738799,0.11405589431524277,0.10340412706136703
0.8540000000000006,0.06794044435194532,16.052505493164062,0.108467260084007,0.20675219220530444,0.11454436928033829,0.10427728295326233
0.8560000000000006,0.06793422128341561,16.06888198852539,0.10895664246134767,0.20505975964516804,0.11499840021133423,0.10507485270500183
0.8580000000000007,0.06792748029067296,16.06855583190918,0.10942847766775304,0.2033385463444355,0.11542219668626785,0.10379841923713684
0.8600000000000007,0.06792135763112687,15.793359756469727,0.1098910379429178,0.20159123903330178,0.11581982672214508,0.09046376496553421
0.8620000000000007,0.06791584528840112,15.941051483154297,0.11037409070593421,0.19981103800621045,0.11623776704072952,0.09410614520311356
0.8640000000000007,0.06791093231848548,16.05179786682129,0.11058232372501298,0.19807997120607304,0.1165405809879303,0.09754347801208496
0.8660000000000007,0.06790643085832317,16.133363723754883,0.11002629959332737,0.19639728021291925,0.11670904606580734,0.10121992230415344
0.8680000000000007,0.06790237292416262,16.1646671295166,0.1094590166947719,0.1947698542708332,0.11686637997627258,0.10260606557130814
0.8700000000000007,0.0678986829443642,16.183582305908203,0.10888014149653044,0.1931154821357263,0.1170143336057663,0.10391975194215775
0.8720000000000007,0.0678939961322876,16.197303771972656,0.10828770197666723,0.19143554191610168,0.11716065555810928,0.10409657657146454
0.8740000000000007,0.0678899710778592,15.940065383911133,0.1076546629141061,0.18973148335350465,0.11731036007404327,0.09008495509624481
0.8760000000000007,0.06788659714684266,16.09609031677246,0.10705571466225242,0.18799674329042995,0.11749853193759918,0.09420078992843628
0.8780000000000007,0.06788401737559199,16.20386505126953,0.1064897592646644,0.18631874350159341,0.11772412061691284,0.09840083867311478
0.8800000000000007,0.06788272573302953,16.28240966796875,0.1059555086202891,0.18469598361310577,0.11798704415559769,0.1024894192814827
0.8820000000000007,0.06788273158628534,16.310178756713867,0.10540880833918084,0.18312751731036167,0.11823497712612152,0.10424580425024033
0.8840000000000007,0.06788398072823251,16.325965881347656,0.10484940109153765,0.1815338099454741,0.11846956610679626,0.1059696301817894
0.8860000000000007,0.06788591199145981,16.346057891845703,0.10427729962167707,0.1799162660587885,0.11869269609451294,0.10765675455331802
0.8880000000000007,0.06788913538029065,16.2818546295166,0.10367879641540469,0.17827587277475612,0.11891540884971619,0.09945258498191833
0.8900000000000007,0.06789353764182095,16.35242462158203,0.1031097607836261,0.17661065712884552,0.1191677376627922,0.10349800437688828
0.8920000000000007,0.0678990039063552,16.370328903198242,0.10252735849946092,0.17500079512046585,0.11941007524728775,0.10422199964523315
0.8940000000000007,0.06790597228615368,15.936846733093262,0.10190439941573283,0.17336943196490484,0.11965111643075943,0.08528286218643188
0.8960000000000007,0.06791407774813761,16.199073791503906,0.10131538072934654,0.17170734807371843,0.11991683393716812,0.09091460704803467
0.8980000000000007,0.06792303378615318,16.352832794189453,0.10075854910913588,0.17009639305452792,0.12020924687385559,0.0964512899518013
0.9000000000000007,0.06793303899328247,16.437767028808594,0.1002321044629305,0.16853543622936043,0.12052950263023376,0.1016094982624054
0.9020000000000007,0.06794402407394103,16.46999740600586,0.09969374743997292,0.16702377134221597,0.12081918120384216,0.10443104803562164
0.9040000000000007,0.06795593905033456,16.490707397460938,0.09914280836656326,0.16549257307116946,0.1200331449508667,0.10708849132061005
0.9060000000000007,0.06796868715193917,16.5078067779541,0.09857895368040503,0.1639428225352963,0.11925221234560013,0.10957881063222885
0.9080000000000007,0.06798358736654585,16.515033721923828,0.098001345334775,0.16237517239954333,0.11847449839115143,0.11126577854156494
0.9100000000000007,0.06799743601414197,16.266935348510742,0.09738988588197153,0.16079057508734987,0.11767097562551498,0.08962339162826538
0.9120000000000007,0.06800957421775795,16.445255279541016,0.09680647910375327,0.15918022187274436,0.1169031411409378,0.09644237160682678
0.9140000000000007,0.06802055866879471,16.536029815673828,0.09624941504268192,0.15762511922957043,0.11616769433021545,0.10207473486661911
0.9160000000000007,0.06803047301879854,16.56171417236328,0.09568024078901355,0.15612360210491863,0.11543864756822586,0.10572042316198349
0.9180000000000007,0.06803941872942836,16.582508087158203,0.09509829196180453,0.15460604840109465,0.11471433192491531,0.10902611166238785
0.9200000000000007,0.06805080238900486,16.590862274169922,0.09450249948091989,0.1530730428410204,0.11399172991514206,0.11083821207284927
0.9220000000000007,0.06805996075767796,15.151510238647461,0.09387017158216249,0.15152546510814233,0.11324208974838257,0.07485620677471161
0.9240000000000007,0.06806731347501649,16.1217041015625,0.09326702843855232,0.1499488826203532,0.11253100633621216,0.08381678909063339
0.9260000000000007,0.0680731771584207,16.46971321105957,0.09269150710741024,0.14842638504780714,0.11185519397258759,0.09142128378152847
0.9280000000000007,0.06807779304804015,16.62017059326172,0.09214210977803551,0.1469561466101882,0.11121141165494919,0.0986260250210762
0.9300000000000007,0.06808147482398703,16.681028366088867,0.09161772398043373,0.14553704188742386,0.11059717833995819,0.10408548265695572
0.9320000000000007,0.06808428799998953,16.699254989624023,0.09108135320050118,0.14416787615951762,0.10998690873384476,0.1079234778881073
0.9340000000000007,0.06808627624169011,16.700525283813477,0.09053270407732475,0.14278497351964461,0.10937998443841934,0.1112058237195015
0.9360000000000007,0.06808746705767119,16.69619369506836,0.08997171110299701,0.1413887310730635,0.10877519845962524,0.11364162713289261
0.9380000000000007,0.06808787588355811,16.69012451171875,0.08939843005756905,0.1399795531336932,0.1081722155213356,0.11533737182617188
0.9400000000000007,0.0680875092747638,16.68579864501953,0.08881306539764247,0.1385579260420603,0.10757067799568176,0.11651530861854553
0.9420000000000007,0.0680863672583608,16.683406829833984,0.08821590333973832,0.13712434378849514,0.10697031766176224,0.11733441799879074
0.9440000000000007,0.06808444513632342,16.682024002075195,0.08760732533760862,0.13567934838618662,0.10637113451957703,0.11790595948696136
0.9460000000000007,0.06808173484883599,16.680919647216797,0.08698776677450114,0.13422348611768486,0.10577349364757538,0.11830714344978333
0.9480000000000007,0.06807824025467907,16.680742263793945,0.08635772396002749,0.13275732924302705,0.10517691820859909,0.11859073489904404
0.9500000000000007,0.06807296134179719,16.681427001953125,0.0857166031845791,0.13128145028976623,0.10457915812730789,0.11891744285821915
0.9520000000000007,0.06806711341951635,16.56363296508789,0.08505466293369353,0.12979624816492383,0.10396263748407364,0.10056020319461823
0.9540000000000007,0.06806063473706521,16.594104766845703,0.0843762432155399,0.12830371077774536,0.10334765911102295,0.10537833720445633
0.9560000000000007,0.06805346849254533,16.6174259185791,0.08368186595622162,0.12680080567355123,0.10273508727550507,0.10947626084089279
0.9580000000000007,0.06804541567665078,16.63302230834961,0.08297201292363143,0.12528848848939161,0.10212542116641998,0.11243478953838348
0.9600000000000007,0.06803670107769354,16.618778228759766,0.0822428288874132,0.12376778068565983,0.10151068866252899,0.10844668000936508
0.9620000000000007,0.06802600148237062,16.627422332763672,0.08149699905126394,0.12223882684881329,0.10089597851037979,0.10972001403570175
0.9640000000000007,0.06801502194638948,16.392946243286133,0.08071626315464468,0.12070188403855808,0.10024620592594147,0.0825195163488388
0.9660000000000007,0.06800378639860054,16.487077713012695,0.07995530159136557,0.11915528398890617,0.0996243953704834,0.08848364651203156
0.9680000000000007,0.06799231277219983,16.5472412109375,0.07921419932599696,0.11765421044134149,0.09903077036142349,0.0934998169541359
0.9700000000000008,0.06798062221864726,16.580785751342773,0.07849261174437282,0.1161984148360838,0.09846619516611099,0.09759645909070969
0.9720000000000008,0.06796873637882311,16.603212356567383,0.07779040425248114,0.11478820450224952,0.09793070703744888,0.10077333450317383
0.9740000000000008,0.06795696118343941,16.616308212280273,0.07710724215196843,0.11342341100352546,0.09742473810911179,0.1031867191195488
0.9760000000000008,0.06794545743990915,16.631141662597656,0.07644289335170257,0.11210419106227174,0.09694894403219223,0.10494525730609894
0.9780000000000008,0.06793427264716602,16.640621185302734,0.07578393765512512,0.11083043672625151,0.0965031087398529,0.10598225891590118
0.9800000000000008,0.06792342278057732,16.6495361328125,0.07513002279582029,0.10959222627077385,0.09608852118253708,0.10654974728822708
0.9820000000000008,0.06791292639676721,16.65614891052246,0.07448096593990261,0.10838935099826758,0.09570533037185669,0.10674472898244858
0.9840000000000008,0.06790280350668998,16.66464614868164,0.07384565785117107,0.10722171736305153,0.09535441547632217,0.10667438060045242
0.9860000000000008,0.06789307579011865,16.672557830810547,0.07323036387785986,0.10608916015248547,0.09503579884767532,0.10642135143280029
0.9880000000000008,0.06788376597253377,16.681941986083984,0.07263694221927393,0.10499160530944343,0.09475082904100418,0.10603693127632141
0.9900000000000008,0.06787489784399026,16.69219207763672,0.07206735353489939,0.10392896508206684,0.09449970722198486,0.10556066781282425
0.9920000000000008,0.06786649592115827,16.70250129699707,0.07152365098816445,0.10290123577442331,0.09428305178880692,0.10501659661531448
0.9940000000000008,0.06785858540329426,16.712528228759766,0.07099564783818718,0.10190843998863806,0.0941014364361763,0.10442668199539185
0.9960000000000008,0.06785119199244537,16.722537994384766,0.07047300376931716,0.10095068641317018,0.09395542740821838,0.10388688743114471
0.9980000000000008,0.06784434183854963,16.73233985900879,0.06995536594880145,0.10002813898389144,0.0938454121351242,0.10341954231262207
1.0000000000000007,0.0678380614457719,16.742069244384766,0.06944405266457732,0.0991410542369174,0.0937720313668251,0.10300403833389282
1.0020000000000007,0.0678323776244869,16.751422882080078,0.06895942808829603,0.09828976563761427,0.09373557567596436,0.10262254625558853
1.0040000000000007,0.06782731744352109,16.76042366027832,0.06850954498871539,0.09747470737466263,0.09373665601015091,0.10225936770439148
1.0060000000000007,0.06782290819292366,16.769575119018555,0.06809692832246658,0.09669640694127822,0.09377489984035492,0.10190408676862717
1.0080000000000007,0.0678191771885547,16.77939796447754,0.06772448319177525,0.09595550040266962,0.09385117143392563,0.10155195742845535
1.0100000000000007,0.06781615186503549,16.788818359375,0.06737664027253906,0.09525502893090332,0.09396546334028244,0.10119705647230148
1.0120000000000007,0.06781385974104019,16.797698974609375,0.06703598465126609,0.09459558910416144,0.09411754459142685,0.10084086656570435
1.0140000000000007,0.0678123284198578,16.805862426757812,0.06670286375566434,0.09397792691087556,0.09430773556232452,0.1004880741238594
1.0160000000000007,0.06781158556233248,16.813827514648438,0.06640018983471183,0.09340292580925502,0.09453532844781876,0.10014607757329941
1.0180000000000007,0.067811658889774,16.821575164794922,0.06611507083226885,0.09287161143979347,0.09480071067810059,0.09983672946691513
1.0200000000000007,0.06781257616294954,16.8291015625,0.06583782222393572,0.09238514258246668,0.09510307759046555,0.09961164742708206
1.0220000000000007,0.06781436518398877,16.83654022216797,0.06556912488644252,0.091944811344955,0.09544216096401215,0.09948644042015076
1.0240000000000007,0.06781705377950126,16.84386444091797,0.06533832657735271,0.09155203480040044,0.09581708908081055,0.099471814930439
1.0260000000000007,0.06782066980015646,16.85149383544922,0.06516291887467193,0.09120835146561691,0.09622747451066971,0.09957654029130936
1.0280000000000007,0.06782524110625666,16.85912322998047,0.06504559427125374,0.09091541223014293,0.09667233377695084,0.09980878233909607
1.0300000000000007,0.06783079556463302,16.866886138916016,0.06498899296947551,0.09067497354519696,0.09715105593204498,0.10017456859350204
1.0320000000000007,0.06783736103540805,16.874725341796875,0.06498865466759275,0.09048888682548346,0.09766247868537903,0.10067842155694962
1.0340000000000007,0.06784496536627797,16.88259506225586,0.06500595479559097,0.090359088642828,0.09820537269115448,0.10132243484258652
1.0360000000000007,0.06785363637958328,16.8904972076416,0.06504182399014106,0.09028758823239715,0.09877890348434448,0.10210737586021423
1.0380000000000007,0.06786340186420792,16.8985538482666,0.06509665264500039,0.09027645503971528,0.09938192367553711,0.10303208231925964
1.0400000000000007,0.06787398492080927,16.906625747680664,0.06516294842418757,0.09032780436332274,0.10001322627067566,0.10409331321716309
1.0420000000000007,0.06788527774210792,16.92574691772461,0.06521598509436272,0.09044378277687609,0.10063961148262024,0.10479982197284698
1.0440000000000007,0.06789720156508763,16.942630767822266,0.06529247441765743,0.09055156066546224,0.10125743597745895,0.10573719441890717
1.0460000000000007,0.0679096860628993,16.95825958251953,0.06539416581172691,0.09064563897921676,0.10186369717121124,0.10667239874601364
1.0480000000000007,0.06792267296735867,16.974349975585938,0.06551776884547746,0.09072461309357442,0.10245585441589355,0.1074475646018982
1.0500000000000007,0.06793611183932613,16.988391876220703,0.06562702494111301,0.0907869936008907,0.10303127020597458,0.10811200737953186
1.0520000000000007,0.06794996197390843,17.001659393310547,0.06570758195320632,0.09083159194545236,0.1035873293876648,0.10869713872671127
1.0540000000000007,0.06796418944103973,17.013219833374023,0.06577934267974193,0.09085723967871909,0.1040724515914917,0.1092330738902092
1.0560000000000007,0.06797876797154263,17.02418327331543,0.0658710069720691,0.090863008967682,0.10354941338300705,0.10973850637674332
1.0580000000000007,0.06799367688190279,17.03207015991211,0.0659489748522612,0.09084804562894608,0.10301165282726288,0.11023031175136566
1.0600000000000007,0.06800890139040164,17.039154052734375,0.06601179911853923,0.09081169280840873,0.10246153920888901,0.11071809381246567
1.0620000000000007,0.06802443115614025,17.04571533203125,0.06609144446908469,0.09075338933365985,0.1019018292427063,0.11121006309986115
1.0640000000000007,0.06804013507467847,17.052488327026367,0.06618900689618519,0.09067273691544918,0.10133550316095352,0.11171078681945801
1.0660000000000007,0.06805512555869471,17.058439254760742,0.06630301904181324,0.0905694363602629,0.10076620429754257,0.11222318559885025
1.0680000000000007,0.06806926893268328,17.063661575317383,0.06640478242171169,0.09044332215426482,0.10019717365503311,0.11274892091751099
1.0700000000000007,0.06808232321223948,17.067861557006836,0.06648111931513297,0.09029432099695978,0.0996323674917221,0.11328785866498947
1.0720000000000007,0.06809435832584286,17.06382942199707,0.06659826293227554,0.0901224678673249,0.09914284944534302,0.1144661232829094
1.0740000000000007,0.0681054411867928,17.059223175048828,0.06678625656209752,0.09000981188933799,0.09873072057962418,0.1156541258096695
1.0760000000000007,0.06811563282038922,17.05215072631836,0.06704628895562062,0.08995581188723295,0.09839753061532974,0.11685172468423843
1.0780000000000007,0.06812499117716761,17.042564392089844,0.06737761451830727,0.08996024703108908,0.09814444184303284,0.11805509775876999
1.0800000000000007,0.06813356582790814,17.03390121459961,0.06777948197055651,0.09002294904378393,0.09797238558530807,0.11926586180925369
1.0820000000000007,0.06814140473211128,17.025497436523438,0.06825067691696562,0.09013506913803888,0.09788153320550919,0.12048070877790451
1.0840000000000007,0.06814855337100657,17.01641273498535,0.06878992161137988,0.09029678134979675,0.09787207096815109,0.12170300632715225
1.0860000000000007,0.06815505548648841,17.00693702697754,0.0693952834888398,0.09050839212688656,0.09794361889362335,0.12293358892202377
1.0880000000000007,0.06816095264006039,16.99700164794922,0.0700434835151497,0.09077024991196121,0.09809596091508865,0.1241745725274086
1.0900000000000007,0.06816628462084784,16.9866943359375,0.07072234535062005,0.09108280166133749,0.09832853823900223,0.12542660534381866
1.0920000000000007,0.06817108922675334,16.975954055786133,0.0714387834964508,0.09144653688817156,0.09864045679569244,0.12669162452220917
1.0940000000000007,0.06817540249438774,16.964839935302734,0.07221175451375886,0.09186201710332179,0.09903129935264587,0.12797005474567413
1.0960000000000008,0.06817953125562619,16.953670501708984,0.07301946826183273,0.09232983978918985,0.09950006753206253,0.12926578521728516
1.0980000000000008,0.06818345568128258,16.947500228881836,0.07388085906066533,0.09285065212415025,0.10004732012748718,0.13082164525985718
1.1000000000000008,0.06818717052917347,16.95981216430664,0.07473969001536644,0.09343241238504882,0.10059155523777008,0.1324308067560196
1.1020000000000008,0.06819066774156093,16.97291374206543,0.07559632254878004,0.09397657227654221,0.10113602131605148,0.1339205950498581
1.1040000000000008,0.0681939383348078,16.98541259765625,0.07645084551812831,0.09448368426598316,0.10168351233005524,0.13526713848114014
1.1060000000000008,0.06819697176308828,16.995664596557617,0.0773034358832019,0.09495429623570967,0.10223673284053802,0.13649222254753113
1.1080000000000008,0.06819975694832173,17.005203247070312,0.0781470333174641,0.09538912576609987,0.10279837995767593,0.13760744035243988
1.1100000000000008,0.06820228200719118,17.013580322265625,0.0789622143129874,0.09578888376728929,0.10337137430906296,0.13862650096416473
1.1120000000000008,0.06820453481520253,17.021591186523438,0.07976506684254889,0.09615437388217839,0.10395802557468414,0.13955745100975037
1.1140000000000008,0.06820650290986661,17.029314041137695,0.08056738052395188,0.09648638766908008,0.10456138849258423,0.1404097080230713
1.1160000000000008,0.06820817351675887,17.036794662475586,0.0813690265766489,0.09678576124534868,0.10518419742584229,0.14118929207324982
1.1180000000000008,0.06820953457665502,17.043352127075195,0.08216960582392062,0.09705331317504703,0.10582887381315231,0.14190343022346497
1.1200000000000008,0.06821057558764305,17.050193786621094,0.08296845938161208,0.09729041631386716,0.10649735480546951,0.14255428314208984
1.1220000000000008,0.06821128742124077,17.056020736694336,0.08376310908375047,0.09749876012912102,0.10719121992588043,0.14314427971839905
1.1240000000000008,0.06821166224880142,17.06008529663086,0.08453423291958413,0.09767978477246879,0.10791220515966415,0.14367395639419556
1.1260000000000008,0.0682116934185847,17.06362533569336,0.0852797521745563,0.0978347096738644,0.10866177082061768,0.14414472877979279
1.1280000000000008,0.06821137538236928,17.06689453125,0.08601918043881479,0.09796458543882614,0.10944057255983353,0.1445581465959549
1.1300000000000008,0.06821070360664883,17.070201873779297,0.08675573757557589,0.09807031523541779,0.11024870723485947,0.14491626620292664
1.1320000000000008,0.06820967450451135,17.073360443115234,0.08748888611239546,0.09815268850398229,0.11108512431383133,0.14522074162960052
1.1340000000000008,0.06820828536687794,17.076290130615234,0.08821810209552841,0.09821239628978552,0.1119481772184372,0.14547352492809296
1.1360000000000008,0.06820653430894782,17.078962326049805,0.08894286888613394,0.098250053021005,0.11283460259437561,0.14567670226097107
1.1380000000000008,0.06820442022298788,17.081573486328125,0.08966265512554088,0.09826620629991945,0.11374064534902573,0.14583232998847961
1.1400000000000008,0.06820194272631293,17.084148406982422,0.09037694536107621,0.09826132611006905,0.11466114223003387,0.1459428071975708
1.1420000000000008,0.06819910211312823,17.086578369140625,0.09108524014106438,0.09823584064272133,0.11559099704027176,0.1460101157426834
1.1440000000000008,0.06819589930844702,17.088829040527344,0.09178568358188675,0.0981901443148304,0.11652414500713348,0.1460370421409607
1.1460000000000008,0.0681923358253435,17.090978622436523,0.09246291802380897,0.09812460364862244,0.11745506525039673,0.14602631330490112
1.1480000000000008,0.06818841372381526,17.093088150024414,0.09311436596556176,0.09803956252367632,0.1183788999915123,0.14598028361797333
1.1500000000000008,0.06818413557244644,17.09511947631836,0.09375529384447591,0.09793534608424145,0.11915522813796997,0.14590157568454742
1.1520000000000008,0.06817950441146392,17.097064971923828,0.09438938775534055,0.09781226418432845,0.11921112984418869,0.14579284191131592
1.1540000000000008,0.06817452371812932,17.09891128540039,0.095016202226545,0.097670613985099,0.11926532536745071,0.14565621316432953
1.1560000000000008,0.06816919737341419,17.100584030151367,0.09563530536486017,0.09751068222005911,0.11931885033845901,0.1454945057630539
1.1580000000000008,0.06816352963063219,17.102155685424805,0.0962462790532978,0.09733274692401103,0.1193721666932106,0.14530996978282928
1.1600000000000008,0.06815752508527914,17.10380744934082,0.09684871903562715,0.09713707892715902,0.11942626535892487,0.14510488510131836
1.1620000000000008,0.06815118864653431,17.10539436340332,0.09744223505182067,0.09692394300851803,0.11948142200708389,0.14488135278224945
1.1640000000000008,0.06814452550990474,17.10675621032715,0.09802645090253674,0.09669359888515446,0.1195380836725235,0.1446416825056076
1.1660000000000008,0.06813754113129793,17.107955932617188,0.09860097259320104,0.09644630198384828,0.11959699541330338,0.14438758790493011
1.1680000000000008,0.06813024120217534,17.1090145111084,0.09915664529506309,0.09618230409886627,0.11965812742710114,0.14412127435207367
1.1700000000000008,0.06812263162595684,17.10965347290039,0.09968663402947303,0.09590185390994782,0.11972156167030334,0.1438443511724472
1.1720000000000008,0.06811471849543747,17.11020278930664,0.10019635827931565,0.09560519742164764,0.11978773027658463,0.14355877041816711
1.1740000000000008,0.06810650807131671,17.110591888427734,0.10069601258770174,0.09529257831225457,0.11985635757446289,0.14326585829257965
1.1760000000000008,0.06809800676167584,17.110870361328125,0.10118555297277061,0.09496423822850847,0.11992766708135605,0.1429673731327057
1.1780000000000008,0.06808922110245631,17.111160278320312,0.10166466528476409,0.09462041702136152,0.12000151723623276,0.14266471564769745
1.1800000000000008,0.06808015773882124,17.11187171936035,0.10213304944923805,0.09426135294435804,0.12007778882980347,0.1423591822385788
1.1820000000000008,0.06807082340743055,17.112510681152344,0.10259041950449772,0.09388728281321561,0.12015616148710251,0.14205215871334076
1.1840000000000008,0.06806122491953724,17.11315155029297,0.1030365036198197,0.0934984421395461,0.12023676931858063,0.14174440503120422
1.1860000000000008,0.06805136914492207,17.113712310791016,0.1034710441009429,0.09309506523875352,0.12031904608011246,0.1414376199245453
1.1880000000000008,0.06804126299659718,17.114219665527344,0.10389379738133374,0.09267738531993838,0.12040287256240845,0.14113262295722961
1.1900000000000008,0.06803091341627637,17.114891052246094,0.1043045340033289,0.09224563455838239,0.12048787623643875,0.14083008468151093
1.1920000000000008,0.06802034050894809,17.115619659423828,0.10470303858895995,0.09180004415540309,0.12057419121265411,0.14053116738796234
1.1940000000000008,0.06800987860917442,17.11627960205078,0.10508910980319669,0.09134084438627155,0.1206611767411232,0.14023667573928833
1.1960000000000008,0.06799966795958484,17.116601943969727,0.10546256030999417,0.09086826463915772,0.12074858695268631,0.13994739949703217
1.1980000000000008,0.06798970395739268,17.11686134338379,0.10582321672305338,0.09038253344574379,0.12083618342876434,0.1396639198064804
1.2000000000000008,0.06797998186948805,17.116981506347656,0.10617096046534043,0.08988387850536896,0.1209237203001976,0.13938847184181213
1.2020000000000008,0.06797049687881737,17.117130279541016,0.10650568584678007,0.08937258413956654,0.1210109293460846,0.13912107050418854
1.2040000000000008,0.06796124411718439,17.117219924926758,0.10682348634954983,0.08884893720271925,0.12109781801700592,0.13886253535747528
1.2060000000000008,0.06795221867036706,17.117351531982422,0.1071192462312619,0.08831321685549778,0.12118373066186905,0.13861320912837982
1.2080000000000009,0.06794341560119549,17.117475509643555,0.10739390919557784,0.08776569421799578,0.12126872688531876,0.13837309181690216
1.2100000000000009,0.06793482995719906,17.117549896240234,0.10765408968698918,0.08720663361821142,0.12135257571935654,0.1381426900625229
1.2120000000000009,0.06792645678754795,17.117584228515625,0.10790152294931611,0.08663629261105897,0.12143508344888687,0.1379222869873047
1.2140000000000009,0.06791829115127432,17.117595672607422,0.10813613174359472,0.08605492284826696,0.12151580303907394,0.13771210610866547
1.2160000000000009,0.06791032813014955,17.117549896240234,0.10835784990185969,0.08546277026101207,0.12159480899572372,0.1375121772289276
1.2180000000000009,0.06790256283653634,17.117511749267578,0.10856662267847317,0.08486007568940344,0.12167181819677353,0.13732288777828217
1.2200000000000009,0.06789499042343844,17.117477416992188,0.10876240730376867,0.08424707512317145,0.12174661457538605,0.1371442824602127
1.2220000000000009,0.06788760609155838,17.117389678955078,0.10894517325672463,0.08362400017140598,0.12181919813156128,0.13697649538516998
1.2240000000000009,0.06788040509727722,17.117250442504883,0.10911490262886735,0.08299107830851869,0.12188923358917236,0.1368197649717331
1.2260000000000009,0.0678733827587787,17.11705780029297,0.10927159032644079,0.08234853323297722,0.12195675820112228,0.1366741955280304
1.2280000000000009,0.06786653446243611,17.116809844970703,0.10941524431009483,0.08169658509417903,0.12202157080173492,0.1365397572517395
1.2300000000000009,0.06785985566799171,17.116518020629883,0.10954588574027395,0.08103545077092156,0.12208382785320282,0.1364167332649231
1.2320000000000009,0.06785334191367606,17.116342544555664,0.10966354913543619,0.08036534406980275,0.1221432313323021,0.13630518317222595
1.2340000000000009,0.06784698882049199,17.116350173950195,0.10976647795438757,0.07968647594374532,0.12219998240470886,0.1362050324678421
1.2360000000000009,0.06784079209629108,17.11634635925293,0.10985235099519634,0.07899905466014635,0.12225405871868134,0.1361163705587387
1.2380000000000009,0.06783474753924053,17.116302490234375,0.1099216346670621,0.07830328597354162,0.12230537831783295,0.13603951036930084
1.2400000000000009,0.06782885104102152,17.11627960205078,0.10997677439919458,0.07759937326532194,0.12235424667596817,0.13597430288791656
1.2420000000000009,0.06782309858956241,17.116317749023438,0.11001971320027908,0.07688751768072881,0.12240045517683029,0.13592083752155304
1.2440000000000009,0.06781748627148672,17.116334915161133,0.11005055863061279,0.07616791824342996,0.1224445328116417,0.1358792781829834
1.2460000000000009,0.0678120102741916,17.116403579711914,0.11006943285449053,0.07544077196446244,0.12248657643795013,0.13584960997104645
1.2480000000000009,0.06780666688765108,17.11639404296875,0.11007647270547388,0.07470627393534879,0.12252645194530487,0.1358317881822586
1.2500000000000009,0.06780145250591077,17.116336822509766,0.1100718297439507,0.07396461741482373,0.1225648820400238,0.13582605123519897
1.252000000000001,0.06779636362833143,17.11628532409668,0.11005567031310114,0.07321599390401974,0.12260174006223679,0.13583238422870636
1.254000000000001,0.06779139686056943,17.1162109375,0.110028175590615,0.0724605932155204,0.12263751029968262,0.13585098087787628
1.256000000000001,0.06778654891533109,17.116100311279297,0.10998954163948493,0.07169860353377905,0.12267283350229263,0.13588151335716248
1.258000000000001,0.06778181661290159,17.11597442626953,0.10993997945645974,0.07093021147006462,0.12270735949277878,0.1359245330095291
1.260000000000001,0.06777719688146716,17.11581039428711,0.10987971501984733,0.07015560211082476,0.12274187058210373,0.13597935438156128
1.262000000000001,0.0677726867572488,17.11547088623047,0.10980898933576848,0.06937495906135553,0.12277708202600479,0.13604234158992767
1.264000000000001,0.06776833271868375,17.115190505981445,0.10972805848355577,0.06858846448437414,0.12281302362680435,0.136113703250885
1.266000000000001,0.06776424959652187,17.114944458007812,0.10963719365953797,0.06779629913466297,0.12285014241933823,0.13619287312030792
1.268000000000001,0.06776043968016301,17.11469268798828,0.10953668121924276,0.06699864238971917,0.12288923561573029,0.13628065586090088
1.270000000000001,0.06775690020283112,17.114498138427734,0.10942682271721059,0.06619567227716681,0.12293047457933426,0.13637681305408478
1.272000000000001,0.06775362840631691,17.114322662353516,0.10930785586106002,0.06538756549901155,0.12297457456588745,0.13648173213005066
1.274000000000001,0.06775062154253172,17.11402130126953,0.10917977220640206,0.06457449745324888,0.12302208691835403,0.13659554719924927
1.276000000000001,0.06774787687500011,17.113697052001953,0.10904301070760697,0.06375664225296887,0.12307343631982803,0.13671810925006866
1.278000000000001,0.06774539168029424,17.113351821899414,0.10889807223752865,0.06293417274330988,0.12312930077314377,0.1368502378463745
1.280000000000001,0.0677431632494096,17.112985610961914,0.10874545613674262,0.06210726051642027,0.12319017201662064,0.1369914561510086
1.282000000000001,0.06774118888909225,17.112701416015625,0.10858565993046436,0.061276075924683385,0.12325640022754669,0.1371418535709381
1.284000000000001,0.06773946592311085,17.112489700317383,0.1084191790500953,0.06044078809236241,0.12332907319068909,0.13730166852474213
1.286000000000001,0.06773799169348617,17.1122989654541,0.10824650655941308,0.05960156492584909,0.12340838462114334,0.13747069239616394
1.288000000000001,0.0677367635616715,17.112091064453125,0.10806813288547999,0.058758573122663714,0.12349476665258408,0.13764901459217072
1.290000000000001,0.067735778909693,17.111949920654297,0.1078845455543178,0.05791197817935229,0.12358912080526352,0.137836754322052
1.292000000000001,0.06773503514124683,17.112009048461914,0.1076962289314403,0.05706194439840319,0.1236918568611145,0.13803361356258392
1.294000000000001,0.06773452968275741,17.112041473388672,0.10750366396731109,0.0562086348943074,0.1238035038113594,0.1382393091917038
1.296000000000001,0.0677342599843993,17.111867904663086,0.10730732794782934,0.05535221159886986,0.12392428517341614,0.1384536623954773
1.298000000000001,0.06773422352108015,17.111766815185547,0.10710769424992539,0.054492835265874874,0.12405502051115036,0.1386765092611313
1.300000000000001,0.06773441779339141,17.11168098449707,0.10690523210236975,0.05363066547520372,0.12419592589139938,0.13890759646892548
1.302000000000001,0.0677348403285247,17.11170768737793,0.10670040635189039,0.05276586063649233,0.1243475005030632,0.13914643228054047
1.304000000000001,0.06773548868115638,17.11182403564453,0.10649367723469948,0.051898577992420085,0.12450995296239853,0.1393926590681076
1.306000000000001,0.06773636043429981,17.111957550048828,0.10628550015353337,0.051028973621712985,0.12468370795249939,0.13964590430259705
1.308000000000001,0.06773745320013058,17.11199188232422,0.10607632546029933,0.050157202441942904,0.12486913800239563,0.13990527391433716
1.310000000000001,0.06773876462078172,17.111976623535156,0.10586659858806546,0.04928341821220259,0.1250661313533783,0.14017033576965332
1.312000000000001,0.06774029236911071,17.112028121948242,0.10565710753335653,0.048407773535739586,0.12527510523796082,0.14044077694416046
1.314000000000001,0.06774203414944376,17.112083435058594,0.10544872608271472,0.04753041986262854,0.12549594044685364,0.140715092420578
1.316000000000001,0.06774398769829343,17.112136840820312,0.1052420920549292,0.04665150749256395,0.12572865188121796,0.14099320769309998
1.318000000000001,0.06774615078505332,17.112215042114258,0.10503785495290073,0.04577118557785449,0.12597344815731049,0.14127379655838013
1.320000000000001,0.06774852121267158,17.112380981445312,0.10483667538180015,0.04488960212671637,0.12622970342636108,0.14155617356300354
1.322000000000001,0.06775109681830516,17.112346649169922,0.10463922440793538,0.04400690400694627,0.1264975219964981,0.1418394297361374
1.324000000000001,0.06775385543896563,17.112167358398438,0.1044461828556962,0.043123236950077144,0.1267760694026947,0.14212238788604736
1.326000000000001,0.06775670497607687,17.11199188232422,0.10425824054016103,0.04223874555612045,0.12706562876701355,0.14240385591983795
1.328000000000001,0.06775963361547224,17.11180877685547,0.10407609543321482,0.04135357329900856,0.12736523151397705,0.1426830291748047
1.330000000000001,0.06776264069414595,17.111652374267578,0.10390045276135546,0.04046786253285593,0.12767428159713745,0.14295855164527893
1.332000000000001,0.06776572562715025,17.111549377441406,0.10373202403372692,0.039581754499176273,0.12799197435379028,0.14322952926158905
1.334000000000001,0.06776888790584776,17.11144256591797,0.10357152599936444,0.03869538933520847,0.1283174753189087,0.1434943526983261
1.336000000000001,0.06777212709619282,17.111328125,0.10341967953311228,0.03780890608350631,0.12865011394023895,0.14375220239162445
1.338000000000001,0.06777544283704448,17.111251831054688,0.10327720845023039,0.03692244270299335,0.12898840010166168,0.14400142431259155
1.340000000000001,0.06777883483851768,17.111162185668945,0.10314483825030966,0.036036136081679826,0.12933149933815002,0.14424127340316772
1.342000000000001,0.0677823028803831,17.111032485961914,0.10302316548142293,0.03515012205129569,0.12967811524868011,0.14447039365768433
1.344000000000001,0.06778584681051779,17.11084747314453,0.10291006986072197,0.034264535404101966,0.1300266981124878,0.1446876972913742
1.346000000000001,0.0677894665434224,17.110660552978516,0.1028047934463892,0.033379509912207735,0.13037605583667755,0.14489193260669708
1.348000000000001,0.06779316205880892,17.11046600341797,0.10270762973793955,0.032495178349761754,0.13072438538074493,0.1450822800397873
1.350000000000001,0.06779693340027204,17.110225677490234,0.10261887825114609,0.03161167251843737,0.1310703009366989,0.14525772631168365
1.352000000000001,0.06780078067405634,17.109996795654297,0.1025415870422958,0.030729123276734705,0.13141223788261414,0.1454172134399414
1.354000000000001,0.06780470404793058,17.10976219177246,0.10247837447147676,0.029847660573680098,0.13174809515476227,0.1455601155757904
1.356000000000001,0.06780870375018784,17.10954475402832,0.10242991765971149,0.028967413487644034,0.13207639753818512,0.14568571746349335
1.358000000000001,0.0678127800687838,17.109375,0.10239688332048759,0.02808851027112402,0.13239571452140808,0.14579370617866516
1.360000000000001,0.06781693335063821,17.108867645263672,0.1023799261047731,0.027211078402511028,0.13270381093025208,0.1458834856748581
1.362000000000001,0.06782116400111982,17.107940673828125,0.10237968692426404,0.026335244646087684,0.13299906253814697,0.14595457911491394
1.364000000000001,0.06782547248374357,17.106834411621094,0.10239679126141894,0.025461135121760892,0.13327962160110474,0.14600718021392822
1.366000000000001,0.06782985932010963,17.105731964111328,0.10243184747544369,0.024588875386395315,0.13354414701461792,0.14604131877422333
1.368000000000001,0.06783432509012523,17.104629516601562,0.1024854451139154,0.023718590529046086,0.13379088044166565,0.1460573822259903
1.370000000000001,0.06783887043255242,17.103553771972656,0.10255815324018124,0.022850405282958994,0.13401834666728973,0.146055668592453
1.372000000000001,0.0678434960459381,17.102502822875977,0.10265051878698166,0.021984444157965168,0.1342252939939499,0.14603696763515472
1.374000000000001,0.06784820268998845,17.10157012939453,0.10276306494695478,0.021120831597848652,0.13441023230552673,0.1460019052028656
1.376000000000001,0.06785299118747369,17.100439071655273,0.10289363471615236,0.02025969216857453,0.13457225263118744,0.14595171809196472
1.378000000000001,0.06785786242675962,17.099109649658203,0.10303723262443557,0.019401150785008717,0.13471052050590515,0.14588747918605804
1.380000000000001,0.06786281736508804,17.097787857055664,0.10319382895419892,0.01854533298609469,0.13482412695884705,0.14581099152565002
1.382000000000001,0.06786785703276432,17.09648895263672,0.1033635277022105,0.01769236527172027,0.13491281867027283,0.1457238495349884
1.384000000000001,0.06787298253844477,17.09520721435547,0.10354684561169807,0.016842375519016517,0.1349761039018631,0.14562739431858063
1.386000000000001,0.06787819507577812,17.09392547607422,0.10374985385055634,0.015995493502228238,0.13501395285129547,0.14552424848079681
1.388000000000001,0.06788349593172432,17.092710494995117,0.1039747770459438,0.015151851549528292,0.13502702116966248,0.14541684091091156
1.390000000000001,0.06788888649697652,17.091590881347656,0.10422192931337475,0.01431158538362512,0.1350151151418686,0.1453067511320114
1.392000000000001,0.06789436827905672,17.090473175048828,0.10449159296818439,0.013474835213216919,0.1349792331457138,0.14519710838794708
1.394000000000001,0.06789994291884671,17.089435577392578,0.10478401775620756,0.012641747173149177,0.13492047786712646,0.14509043097496033
1.396000000000001,0.06790561221161004,17.08852767944336,0.10509942020905293,0.011812475259381785,0.13484029471874237,0.14498989284038544
1.398000000000001,0.06791137813396937,17.08772087097168,0.10543798313275075,0.010987183982395446,0.1347396969795227,0.14489762485027313
1.400000000000001,0.06791724287893852,17.08685302734375,0.10579985524010443,0.010166052091099078,0.13462068140506744,0.14481721818447113
1.402000000000001,0.06792320890207472,17.08597183227539,0.10618515094052332,0.009349277939402652,0.1344853639602661,0.14475148916244507
1.404000000000001,0.06792927898333741,17.085086822509766,0.10659395030815505,0.008537087459684232,0.13433559238910675,0.14470349252223969
1.406000000000001,0.06793545631174538,17.084232330322266,0.10702629926326837,0.007729746437417084,0.13417430222034454,0.14467619359493256
1.408000000000001,0.06794174460415084,17.083389282226562,0.10748221003055625,0.00692758021242439,0.13400359451770782,0.14467285573482513
1.410000000000001,0.06794814827690596,17.082374572753906,0.10796166199840246,0.006131006912859077,0.13382650911808014,0.14469613134860992
1.412000000000001,0.06795467270292849,17.081363677978516,0.1084646032368432,0.005340597000072141,0.1336456835269928,0.14474914968013763
1.414000000000001,0.0679613246131573,17.08037567138672,0.10899095324929518,0.0045571882068705565,0.13346470892429352,0.1448352038860321
1.416000000000001,0.06796811275431955,17.079391479492188,0.10954060835664756,0.0037821293873504156,0.13328605890274048,0.144956573843956
1.418000000000001,0.06797504901915727,17.078655242919922,0.11011345350780614,0.00301786606405204,0.13311359286308289,0.14511728286743164
1.420000000000001,0.06798215040485463,17.078075408935547,0.11070939239599813,0.0022696059805409788,0.1329503357410431,0.1453200876712799
1.422000000000001,0.06798944131081464,17.07788848876953,0.11132819316814771,0.0015513655609339363,0.13279989361763,0.14557023346424103
1.424000000000001,0.06799693466307942,17.078304290771484,0.1119647908714984,0.0009172624389855605,0.13266660273075104,0.14587321877479553
1.426000000000001,0.06800442980905971,17.079967498779297,0.11262023977053424,0.0006427693462285231,0.1325569599866867,0.1462237536907196
1.428000000000001,0.06801187598971148,17.07724380493164,0.11330235976903298,0.0010303740578399348,0.1324809193611145,0.14648769795894623
1.430000000000001,0.06801932199220863,17.075408935546875,0.11400321432865325,0.0016609596747807081,0.13243284821510315,0.1467563509941101
1.432000000000001,0.06802678836937252,17.07406234741211,0.11471844281209703,0.002344138447044902,0.13241207599639893,0.1470986157655716
1.434000000000001,0.06803428494656161,17.073162078857422,0.11544885875816092,0.003039374647304797,0.13242080807685852,0.14748765528202057
1.436000000000001,0.06804181610278272,17.072002410888672,0.11619903576899278,0.0037369089011337567,0.1324603408575058,0.14791575074195862
1.438000000000001,0.06804938433274563,17.070995330810547,0.11696842930255676,0.004433504357508012,0.13253316283226013,0.14837725460529327
1.440000000000001,0.06805699058154123,17.06989097595215,0.11775644860879832,0.005127793688231164,0.1326410174369812,0.14887025952339172
1.442000000000001,0.06806455368119167,17.06874656677246,0.11856254652784096,0.005819071848189714,0.13278566300868988,0.14939717948436737
1.444000000000001,0.0680719219352373,17.067459106445312,0.11938620716745105,0.006506927811029369,0.13296857476234436,0.14995740354061127
1.446000000000001,0.06807909639104696,17.066104888916016,0.12022692005789333,0.007191086922527162,0.13319095969200134,0.150548055768013
1.448000000000001,0.06808608129999996,17.064563751220703,0.12108418031987503,0.007871354424153983,0.13345398008823395,0.15116776525974274
1.450000000000001,0.06809288068648843,17.06305503845215,0.12195747751476642,0.008547577913451093,0.1337583214044571,0.15181505680084229
1.452000000000001,0.06809949828839168,17.061534881591797,0.1228462975530955,0.009219634967998196,0.13410446047782898,0.15248841047286987
1.454000000000001,0.06810593768420058,17.05985450744629,0.1237501175680664,0.009887420312321153,0.13449236750602722,0.1531871110200882
1.456000000000001,0.06811220226093655,17.05790901184082,0.12466840776936639,0.01055084244937209,0.13492180407047272,0.15390931069850922
1.458000000000001,0.06811829528112998,17.055973052978516,0.12560062918687992,0.011209818272169702,0.13539287447929382,0.15465353429317474
1.460000000000001,0.06812421986771634,17.054035186767578,0.12654623522394848,0.011864271987941868,0.13590432703495026,0.15541847050189972
1.462000000000001,0.06812997904082976,17.05208969116211,0.12750467085756143,0.012514132581291682,0.1364554911851883,0.156203031539917
1.464000000000001,0.06813557571199957,17.050100326538086,0.1284753739300273,0.013159333412403561,0.13704465329647064,0.1570054292678833
1.466000000000001,0.06814101270529908,17.048093795776367,0.12945776623721728,0.013799810939220948,0.1376708745956421,0.15782468020915985
1.468000000000001,0.06814629275628838,17.046092987060547,0.1304482587186287,0.014435504537322891,0.13833175599575043,0.15865960717201233
1.470000000000001,0.06815141852484344,17.044071197509766,0.13144402372883932,0.015066355826240337,0.13902543485164642,0.15950901806354523
1.472000000000001,0.06815639259635535,17.04202651977539,0.13244472770471324,0.015692308571035315,0.13975012302398682,0.16037172079086304
1.474000000000001,0.06816121749001917,17.03998565673828,0.13345003321990603,0.016313308313705664,0.14050297439098358,0.16124694049358368
1.476000000000001,0.06816589566099429,17.037973403930664,0.13445959917088576,0.016929302309462328,0.14128200709819794,0.16213348507881165
1.478000000000001,0.06817042950613818,17.035966873168945,0.13547308081427167,0.017540239317622542,0.1420842856168747,0.16303057968616486
1.480000000000001,0.06817482136648015,17.033960342407227,0.13649014449350233,0.018146069555367614,0.1429075300693512,0.16393747925758362
1.482000000000001,0.06817907353146148,17.03195571899414,0.13751279580444833,0.018746744574282673,0.14374849200248718,0.16485382616519928
1.484000000000001,0.06818318824141613,17.029956817626953,0.13854223492499754,0.019342217224513972,0.1446051299571991,0.16577817499637604
1.486000000000001,0.06818716769089177,17.028045654296875,0.1395778796904098,0.019932441578446747,0.1454748809337616,0.16671086847782135
1.488000000000001,0.06819101403100282,17.02615737915039,0.14061914733344705,0.020517372901874376,0.14635486900806427,0.16765020787715912
1.490000000000001,0.06819472937215326,17.024267196655273,0.1416654550599531,0.021096967604282833,0.14724339544773102,0.1685967892408371
1.492000000000001,0.0681983157862109,17.02223014831543,0.1427162206119826,0.02167118321512694,0.14813803136348724,0.16954952478408813
1.494000000000001,0.0682017753088145,17.020172119140625,0.14377086279424917,0.022239978349568607,0.14903682470321655,0.1705082356929779
1.496000000000001,0.0682051099413553,17.01814079284668,0.14482880198232687,0.02280331268862195,0.14993849396705627,0.17147177457809448
1.498000000000001,0.06820832165298042,17.016109466552734,0.14588946059961103,0.023361146954172792,0.1508413404226303,0.1724407821893692
1.500000000000001,0.0682114123823834,17.01398277282715,0.1469522635737093,0.023913442892115666,0.15174457430839539,0.17341357469558716
1.5020000000000011,0.06821438403957093,17.01185417175293,0.14801663876554366,0.024460163253161086,0.15264730155467987,0.17439015209674835
1.5040000000000011,0.06821723850747707,17.009761810302734,0.14908201737753277,0.0250012717783172,0.15354910492897034,0.17537017166614532
1.5060000000000011,0.06821997764352979,17.00772476196289,0.15014783433761303,0.025536733183452308,0.1544501930475235,0.17635269463062286
1.5080000000000011,0.0682226032811077,17.005706787109375,0.15121352866308135,0.026066513146631113,0.1553507149219513,0.177337646484375
1.5100000000000011,0.0682251172309342,17.003604888916016,0.15227854380293626,0.02659057829521535,0.15625083446502686,0.17832385003566742
1.5120000000000011,0.06822752128238693,17.001415252685547,0.15334232796135264,0.02710889619467414,0.15715205669403076,0.17931082844734192
1.5140000000000011,0.06822981720474239,16.99923324584961,0.1544043344020094,0.02762143533747265,0.15805545449256897,0.18029825389385223
1.5160000000000011,0.06823200674834992,16.99706268310547,0.15546402173513796,0.028128165133058984,0.15896233916282654,0.18128463625907898
1.5180000000000011,0.06823409164574219,16.99489402770996,0.15652085418754935,0.02862905589805684,0.15987475216388702,0.18227005004882812
1.5200000000000011,0.06823607361268201,16.992734909057617,0.15757430185705887,0.02912407884719584,0.1608080267906189,0.18325330317020416
1.5220000000000011,0.06823795434915275,16.99057388305664,0.15862384095182652,0.029613206084487743,0.16185696423053741,0.18423359096050262
1.5240000000000011,0.06823973554028881,16.98810577392578,0.15966895401575246,0.030096410594916367,0.1629076600074768,0.18521061539649963
1.5260000000000011,0.0682414188572527,16.985610961914062,0.16070913014054844,0.03057366623637304,0.1639591008424759,0.18618296086788177
1.5280000000000011,0.06824300595805785,16.983118057250977,0.1617438651654409,0.031044947731963087,0.16501061618328094,0.1871502697467804
1.5300000000000011,0.06824449848834242,16.980619430541992,0.1627726618651474,0.03151023066253876,0.1660613864660263,0.18811112642288208
1.5320000000000011,0.06824589808209115,16.9781551361084,0.16379503012693705,0.031969491459510516,0.16711047291755676,0.1890658736228943
1.5340000000000011,0.06824720636231275,16.975709915161133,0.1648104871174024,0.032422707397857464,0.16815708577632904,0.19001305103302002
1.5360000000000011,0.06824842494166806,16.973285675048828,0.16581855743963786,0.03286985658935641,0.16920052468776703,0.190952330827713
1.5380000000000011,0.06824955542305729,16.97092056274414,0.16681877328140582,0.03331091797597851,0.1702396273612976,0.19188292324543
1.5400000000000011,0.06825059940016025,16.968690872192383,0.16781067455489532,0.033745871323463045,0.17127402126789093,0.19280388951301575
1.5420000000000011,0.06825155845793912,16.96649169921875,0.16879380902859514,0.034174697215038186,0.17230252921581268,0.19371525943279266
1.5440000000000011,0.06825243417309838,16.96428108215332,0.16976773245180782,0.03459737704528088,0.1733245849609375,0.19461651146411896
1.5460000000000012,0.06825322811450596,16.962093353271484,0.17073200867226487,0.035013893014104625,0.17433936893939972,0.19550658762454987
1.5480000000000012,0.06825394184357911,16.95992088317871,0.17168620974729804,0.035424228120867186,0.1753464639186859,0.19638584554195404
1.5500000000000012,0.06825457691463128,16.957763671875,0.17262991604897115,0.0358283661585818,0.17634421586990356,0.1972530335187912
1.5520000000000012,0.06825513487518499,16.955604553222656,0.173562716363558,0.03622629170823508,0.17733359336853027,0.19810894131660461
1.5540000000000012,0.06825561726625141,16.953474044799805,0.17448420798572065,0.03661799013319339,0.17831283807754517,0.19895265996456146
1.5560000000000012,0.06825602562257574,16.95134925842285,0.17539399680771195,0.03700344757370038,0.17928148806095123,0.1997842639684677
1.5580000000000012,0.06825636147285204,16.949254989624023,0.1762916974039087,0.037382650941454376,0.1802402287721634,0.20060302317142487
1.5600000000000012,0.06825662633990726,16.94716453552246,0.17717693311094662,0.03775558791426184,0.18118715286254883,0.2014092057943344
1.5620000000000012,0.06825682174085503,16.945064544677734,0.17804933610371831,0.038122246930765026,0.18212257325649261,0.20220248401165009
1.5640000000000012,0.06825694918722197,16.942935943603516,0.17890854746745938,0.038482617185234796,0.18304629623889923,0.20298290252685547
1.5660000000000012,0.06825701018504682,16.94080352783203,0.17975421726614016,0.03883668862243224,0.18395771086215973,0.20375016331672668
1.5680000000000012,0.06825700623495201,16.93863296508789,0.18058600460735552,0.03918445193252693,0.1848568469285965,0.20450399816036224
1.5700000000000012,0.0682569388321902,16.93644142150879,0.18140357770388582,0.039525898546077236,0.18574325740337372,0.20524457097053528
1.5720000000000012,0.06825680946666744,16.93426513671875,0.1822066139320912,0.03986102062906417,0.18661655485630035,0.20597130060195923
1.5740000000000012,0.06825661962294204,16.932086944580078,0.18299479988727907,0.04018981107797932,0.18747662007808685,0.2066839337348938
1.5760000000000012,0.06825637078020116,16.929908752441406,0.1837678314361753,0.04051226351496301,0.18832318484783173,0.20738287270069122
1.5780000000000012,0.06825606441221564,16.927757263183594,0.18452541376661585,0.04082837228299471,0.1891561597585678,0.2080671787261963
1.5800000000000012,0.06825570198727508,16.92559242248535,0.18526726143455835,0.04113813244112668,0.18997515738010406,0.2087366133928299
1.5820000000000012,0.06825528496810265,16.923425674438477,0.18599309840850625,0.041441539759765555,0.19078019261360168,0.20939087867736816
1.5840000000000012,0.06825481481175111,16.921302795410156,0.18670265811142783,0.04173859071599777,0.19157087802886963,0.21002987027168274
1.5860000000000012,0.0682542929694809,16.91919708251953,0.18739568346023638,0.04202928248895764,0.1923462450504303,0.21048450469970703
1.5880000000000012,0.06825372088662186,16.917125701904297,0.18807192690289876,0.04231361295523726,0.1931067854166031,0.2108798623085022
1.5900000000000012,0.0682531000024192,16.9151611328125,0.18873115045321864,0.042591580684334066,0.19385221600532532,0.21127286553382874
1.5920000000000012,0.0682524317498615,16.9132137298584,0.18937312572334541,0.04286318493414235,0.19458124041557312,0.21166351437568665
1.5940000000000012,0.06825171755549848,16.91128158569336,0.1899976339540439,0.043128425646475586,0.19529442489147186,0.21204997599124908
1.5960000000000012,0.0682509588392417,16.90938949584961,0.19060446604275555,0.043387303442632544,0.19599100947380066,0.21243180334568024
1.5980000000000012,0.06825015701415442,16.907487869262695,0.19119342256948052,0.043639819618994345,0.1966705322265625,0.21280819177627563
1.6000000000000012,0.06824931348622817,16.905590057373047,0.19176431382049602,0.043885976142657095,0.19733268022537231,0.21317894756793976
1.6020000000000012,0.06824842965414968,16.90371322631836,0.1923169598099293,0.04412577564709981,0.1979767233133316,0.2135431468486786
1.6040000000000012,0.06824750690905679,16.901840209960938,0.19285119029919195,0.04435922142788335,0.19860227406024933,0.2139001339673996
1.6060000000000012,0.06824654663428308,16.89996337890625,0.19336684481428984,0.0445863174383828,0.19920945167541504,0.21424974501132965
1.6080000000000012,0.06824555020509634,16.89809226989746,0.19386377266099697,0.04480706828554864,0.19979245960712433,0.21459169685840607
1.6100000000000012,0.06824451898842802,16.896228790283203,0.19434183293790774,0.04502147922570076,0.20027507841587067,0.21492521464824677
1.6120000000000012,0.06824345434259294,16.894363403320312,0.19480089454735067,0.045229556160348454,0.2007528692483902,0.21525010466575623
1.6140000000000012,0.06824235761700652,16.892492294311523,0.19516947309308808,0.04543130563204245,0.20122574269771576,0.21556654572486877
1.6160000000000012,0.0682412301518923,16.890634536743164,0.1954904294326295,0.04562673482025021,0.20169249176979065,0.21587421000003815
1.6180000000000012,0.06824007327798573,16.888830184936523,0.19579827568889652,0.04581585153726151,0.20215310156345367,0.2161729633808136
1.6200000000000012,0.0682388883162337,16.887065887451172,0.19609288818080695,0.045998664224118205,0.2026069164276123,0.21646270155906677
1.6220000000000012,0.06823767657748876,16.885223388671875,0.19637414901852712,0.04617518194656774,0.20305460691452026,0.21674326062202454
1.6240000000000012,0.06823643936220125,16.88335418701172,0.19664194614323105,0.04634541439104311,0.20349504053592682,0.21701477468013763
1.6260000000000012,0.06823517796010783,16.8814697265625,0.1968961733642104,0.04650937186066415,0.20392879843711853,0.2172776460647583
1.6280000000000012,0.06823389364991837,16.879581451416016,0.19713673039334056,0.04666706527126149,0.20435558259487152,0.21753151714801788
1.6300000000000012,0.06823258769900055,16.877685546875,0.19736352287691417,0.04681850614742302,0.20477576553821564,0.21777650713920593
1.6320000000000012,0.06823126136306547,16.875782012939453,0.1975764624248456,0.046963706618558684,0.2051893174648285,0.21801342070102692
1.6340000000000012,0.06822991588584909,16.873870849609375,0.19777546663725803,0.047102679414987005,0.20554806292057037,0.21824221312999725
1.6360000000000012,0.06822855249879967,16.871957778930664,0.19796054414122527,0.047235437864041184,0.20583930611610413,0.21846263110637665
1.6380000000000012,0.06822717242075835,16.870054244995117,0.19813204753595337,0.04736199588618823,0.20610907673835754,0.21867609024047852
1.6400000000000012,0.06822577685764876,16.868165969848633,0.19829007928671094,0.04748236799117207,0.2063574492931366,0.2188837230205536
1.6420000000000012,0.068224367002162,16.866321563720703,0.19843471629596776,0.047596569274167576,0.2065838724374771,0.2190861701965332
1.6440000000000012,0.06822294403344734,16.86447525024414,0.1985660499079288,0.04770461541195193,0.2067897617816925,0.21928364038467407
1.6460000000000012,0.06822150911680572,16.86263084411621,0.1986841857436905,0.04780652265909143,0.20697398483753204,0.21947719156742096
1.6480000000000012,0.06822006340338335,16.860794067382812,0.1987892435314899,0.04790230784413724,0.2071373611688614,0.21966691315174103
1.6500000000000012,0.06821860802987192,16.858970642089844,0.1988813569318708,0.047991988365840975,0.20727984607219696,0.219722181558609
1.6520000000000012,0.06821714411821217,16.857173919677734,0.19896067335756779,0.048075582189375875,0.2074011117219925,0.21965652704238892
1.6540000000000012,0.0682156727753007,16.855392456054688,0.19902735378789393,0.04815310784256921,0.20750172436237335,0.21957293152809143
1.6560000000000012,0.06821419509270198,16.853633880615234,0.19908157257741033,0.04822458441215065,0.20758168399333954,0.21947157382965088
1.6580000000000013,0.06821271214636672,16.851882934570312,0.19912351725862998,0.04829003154000163,0.20764072239398956,0.21935245394706726
1.6600000000000013,0.06821122499635413,16.85013771057129,0.19915338833850943,0.048349469419415744,0.20767946541309357,0.21921531856060028
1.6620000000000013,0.06820973468656132,16.8483943939209,0.19917139908845888,0.048402918791371076,0.20769715309143066,0.2190609574317932
1.6640000000000013,0.06820824224445758,16.846656799316406,0.19917777532759595,0.04845040094079961,0.20769448578357697,0.2188882827758789
1.6660000000000013,0.06820674868082593,16.844919204711914,0.19917275519896221,0.04849193769287048,0.20767059922218323,0.2186984121799469
1.6680000000000013,0.06820525498951219,16.843212127685547,0.19915658893840416,0.04852755140927217,0.20762628316879272,0.21849025785923004
1.6700000000000013,0.06820376214717994,16.84149742126465,0.1991295386358261,0.048557264984500706,0.20756110548973083,0.21826443076133728
1.6720000000000013,0.06820227111307216,16.839771270751953,0.19909187798850303,0.048581101842148616,0.2074749916791916,0.2180212289094925
1.6740000000000013,0.06820078282878296,16.838043212890625,0.19904389204615125,0.048599085931199944,0.20736834406852722,0.21775951981544495
1.6760000000000013,0.06819929821803529,16.836315155029297,0.19898587694744002,0.04861124172231779,0.20724017918109894,0.21747958660125732
1.6780000000000013,0.06819781818646604,16.834596633911133,0.19891813964763466,0.048617594204141676,0.20709171891212463,0.21718153357505798
1.6800000000000013,0.06819634362142128,16.832874298095703,0.1988144473993495,0.0486181688795761,0.20692218840122223,0.21686552464962006
1.6820000000000013,0.06819487539175846,16.83115577697754,0.19860164912019812,0.04861299176207991,0.20673225820064545,0.21653106808662415
1.6840000000000013,0.06819341434765835,16.82944107055664,0.19837156590290472,0.04860208937195498,0.20652149617671967,0.21617889404296875
1.6860000000000013,0.06819196132044376,16.82773208618164,0.19812441560076294,0.048585488732625984,0.20629030466079712,0.21580816805362701
1.6880000000000013,0.06819051712240994,16.82602310180664,0.1978604244594372,0.048563217366920416,0.20603910088539124,0.21541936695575714
1.6900000000000013,0.0681890825466619,16.82431411743164,0.19757982702089855,0.04853530329334158,0.20576797425746918,0.21501314640045166
1.6920000000000013,0.06818765836696121,16.82259750366211,0.19728286602351408,0.0485017750223343,0.20547674596309662,0.2145889699459076
1.6940000000000013,0.06818624533758225,16.820919036865234,0.19696979229821127,0.04846266155254295,0.20516638457775116,0.21414786577224731
1.6960000000000013,0.06818484419317801,16.819259643554688,0.19664086466061664,0.048417992367063845,0.204837366938591,0.21368955075740814
1.6980000000000013,0.06818345564865555,16.817604064941406,0.19629634979908522,0.04836779742968633,0.2044895738363266,0.21321488916873932
1.7000000000000013,0.0681820803990593,16.815937042236328,0.19593652215851648,0.04831210718112539,0.20412389934062958,0.21272437274456024
1.7020000000000013,0.06818071911946631,16.81427001953125,0.19556166381986262,0.04825095253524159,0.2037411332130432,0.2122182548046112
1.7040000000000013,0.06817937246488842,16.812618255615234,0.1951720643752216,0.04818436487525257,0.20334140956401825,0.21169675886631012
1.7060000000000013,0.06817804107018643,16.81096839904785,0.19476789896224805,0.048112376049930544,0.20292538404464722,0.211161270737648
1.7080000000000013,0.0681767255499923,16.809326171875,0.19434731695139196,0.04803501836978476,0.20249393582344055,0.2106122374534607
1.7100000000000013,0.06817542649864043,16.807693481445312,0.19390974188792737,0.04795232460323363,0.20204737782478333,0.21004968881607056
1.7120000000000013,0.06817414449011162,16.80609893798828,0.19345536476093,0.04786432797276065,0.20158687233924866,0.20947526395320892
1.7140000000000013,0.06817288007798172,16.804506301879883,0.19298438304820842,0.04777106215105246,0.20111247897148132,0.2088884711265564
1.7160000000000013,0.0681716337953845,16.802940368652344,0.19249700063798575,0.04767256125712421,0.20062533020973206,0.20829130709171295
1.7180000000000013,0.06817040615498074,16.80138397216797,0.19199342774839595,0.04756885985242722,0.20012588798999786,0.20768392086029053
1.7200000000000013,0.0681691976489388,16.799827575683594,0.1914738808448258,0.04745999293693507,0.1996149718761444,0.20706649124622345
1.7220000000000013,0.06816800874892304,16.798274993896484,0.19093859141256503,0.04734599594521656,0.19909295439720154,0.20644046366214752
1.7240000000000013,0.06816683990609217,16.796720504760742,0.19038999868326278,0.04722690474248525,0.19856053590774536,0.20580556988716125
1.7260000000000013,0.06816569155110717,16.795166015625,0.18983014174733948,0.04710275562063233,0.19801825284957886,0.2051631510257721
1.7280000000000013,0.06816456409414791,16.79364585876465,0.18925939883209636,0.04697358529423512,0.1974669098854065,0.20451335608959198
1.7300000000000013,0.06816345792493844,16.79214859008789,0.18867815373464009,0.046839430896548524,0.19690631330013275,0.20385700464248657
1.7320000000000013,0.06816237341278193,16.790651321411133,0.18808679562488329,0.04670032997547007,0.1963377296924591,0.203194722533226
1.7340000000000013,0.06816131090660406,16.789154052734375,0.18748571884220944,0.046556320489487185,0.19576139748096466,0.20252625644207
1.7360000000000013,0.06816027073500518,16.787654876708984,0.18687532268566465,0.04640744080359604,0.1951773315668106,0.201852485537529
1.7380000000000013,0.06815925320632055,16.786178588867188,0.1862560111975347,0.046253729685202104,0.19458647072315216,0.20117396116256714
1.7400000000000013,0.0681582586086891,16.784711837768555,0.18562819294017885,0.04609522629999119,0.19398872554302216,0.20049074292182922
1.7420000000000013,0.06815728721013237,16.783260345458984,0.18499228076598423,0.045931970207779116,0.19338490068912506,0.19980312883853912
1.7440000000000013,0.0681563392586381,16.781810760498047,0.18434869158032452,0.04576400135833526,0.1927751749753952,0.19911202788352966
1.7460000000000013,0.06815541498225432,16.78036117553711,0.18369784609739825,0.04559136008717872,0.19215992093086243,0.1984170824289322
1.7480000000000013,0.06815451458919103,16.778854370117188,0.1830401685888362,0.04541408711134903,0.19153931736946106,0.19771918654441833
1.7500000000000013,0.06815363826792877,16.77730369567871,0.18237608662498583,0.04523222352515161,0.19091400504112244,0.1970183253288269
1.7520000000000013,0.06815278618733492,16.775758743286133,0.18170603080876746,0.045045810795871784,0.1902846395969391,0.1963154822587967
1.7540000000000013,0.06815195849678712,16.774192810058594,0.1810304345020356,0.044854890759466026,0.18965162336826324,0.19561058282852173
1.7560000000000013,0.06815115532630521,16.772624969482422,0.1803497335443754,0.04465950561622153,0.1890149563550949,0.19490407407283783
1.7580000000000013,0.06815037678668776,16.771072387695312,0.1796643659642822,0.044459697926389125,0.18837575614452362,0.19419686496257782
1.7600000000000013,0.06814962296965774,16.769533157348633,0.1789747716826975,0.04425551060578565,0.18773441016674042,0.19348929822444916
1.7620000000000013,0.06814889394801273,16.768001556396484,0.17828139220888134,0.04404698692137105,0.18709155917167664,0.19278234243392944
1.7640000000000013,0.06814818977578398,16.766469955444336,0.17758467032863395,0.043834170486791266,0.1864481270313263,0.19207651913166046
1.7660000000000013,0.06814751048839753,16.764942169189453,0.1768850497848945,0.04361710525789459,0.1858043521642685,0.1913726031780243
1.7680000000000013,0.06814685610284785,16.763408660888672,0.17618297495077423,0.04339583552821964,0.1851620376110077,0.1906716227531433
1.7700000000000014,0.06814622661786966,16.76187515258789,0.17547889049510773,0.043170405924449026,0.1845213621854782,0.18997441232204437
1.7720000000000014,0.06814562201412287,16.760337829589844,0.17477044158127758,0.042940861401839156,0.18388327956199646,0.18928155303001404
1.7740000000000014,0.06814504225437557,16.758800506591797,0.17405417143706353,0.042707247239611466,0.18324895203113556,0.1885945349931717
1.7760000000000014,0.06814448728369887,16.757266998291016,0.17333037365567416,0.04246960903632639,0.1826196163892746,0.18791474401950836
1.7780000000000014,0.06814395702966256,16.755741119384766,0.17259936707915313,0.04222799270521242,0.1819959580898285,0.1872422993183136
1.7800000000000014,0.06814345140253744,16.754213333129883,0.1718614735393205,0.04198244446947694,0.18137966096401215,0.18657928705215454
1.7820000000000014,0.068142970295501,16.752683639526367,0.17111701888850478,0.04173301085758131,0.18077096343040466,0.1859264373779297
1.7840000000000014,0.06814251358484863,16.751163482666016,0.17037019508502657,0.04147973869848999,0.1801716536283493,0.18528509140014648
1.7860000000000014,0.0681420811302097,16.74964141845703,0.16962501852488895,0.04122267511688413,0.1795826405286789,0.18465599417686462
1.7880000000000014,0.0681416727747644,16.74810218811035,0.16888193748344874,0.040961867528354755,0.1790049970149994,0.18404074013233185
1.7900000000000014,0.06814128834546866,16.746553421020508,0.16814139695153432,0.04069736363455772,0.17843985557556152,0.18344008922576904
1.7920000000000014,0.06814092765327974,16.745027542114258,0.16740383822126978,0.0404292114183482,0.17788802087306976,0.18285511434078217
1.7940000000000014,0.06814059049338604,16.743513107299805,0.16666969846718718,0.040157459138880955,0.17735068500041962,0.18228688836097717
1.7960000000000014,0.06814027664544063,16.742000579833984,0.16593941032324291,0.03988215532668754,0.1768285185098648,0.18173593282699585
1.7980000000000014,0.06813998587379694,16.74049186706543,0.1652134014563981,0.039603348778723145,0.1763225942850113,0.18120326101779938
1.8000000000000014,0.06813971792774856,16.738990783691406,0.16449209413750454,0.03932108855338937,0.17583343386650085,0.180689737200737
1.8020000000000014,0.06813947254176927,16.737464904785156,0.16377590481027712,0.03903542396552828,0.17536185681819916,0.18019582331180573
1.8040000000000014,0.06813924943575865,16.735919952392578,0.16306524365921235,0.038746404581396394,0.17490863800048828,0.1797219216823578
1.8060000000000014,0.06813904831528705,16.734375,0.1623605141773637,0.038454080213609465,0.17447347939014435,0.17926864326000214
1.8080000000000014,0.06813886887184543,16.732820510864258,0.1616621127349428,0.03815850091606676,0.17405706644058228,0.17883598804473877
1.8100000000000014,0.06813871078309316,16.731260299682617,0.16097042814978943,0.03785971697885423,0.17365987598896027,0.17842409014701843
1.8120000000000014,0.06813857371311242,16.72969627380371,0.16028584126078663,0.037557778923121884,0.1732816845178604,0.178032785654068
1.8140000000000014,0.06813845731265919,16.728111267089844,0.15960872450538535,0.03725273749594709,0.17292247712612152,0.17766232788562775
1.8160000000000014,0.06813836121941987,16.726511001586914,0.15893944150241712,0.03694464366517691,0.1725824922323227,0.1773121953010559
1.8180000000000014,0.06813828505826516,16.72490119934082,0.15827834664146018,0.03663354861425085,0.1722610592842102,0.17698219418525696
1.8200000000000014,0.06813822844150919,16.723289489746094,0.15762578468003913,0.03631950373701348,0.17195801436901093,0.17667149007320404
1.8220000000000014,0.068138190969164,16.72167205810547,0.15698209035000152,0.036002560632508125,0.17167288064956665,0.17637956142425537
1.8240000000000014,0.0681381722291996,16.720050811767578,0.1563475879744308,0.035682771099759515,0.17140492796897888,0.17610596120357513
1.8260000000000014,0.06813817179780196,16.718429565429688,0.15572259109649764,0.03536018713255016,0.17115367949008942,0.17584949731826782
1.8280000000000014,0.06813818923963236,16.71680450439453,0.15510740212166996,0.035034860914182384,0.1709183156490326,0.17560921609401703
1.8300000000000014,0.06813822410808502,16.715213775634766,0.15450228543914266,0.03470684481223879,0.17069822549819946,0.1753845512866974
1.8320000000000014,0.06813827594554746,16.713623046875,0.15390224994452595,0.03437619137333791,0.17049242556095123,0.1751740723848343
1.8340000000000014,0.06813834428365717,16.712034225463867,0.15330364073920538,0.03404295331788942,0.17029991745948792,0.1749768704175949
1.8360000000000014,0.06813842864356244,16.710437774658203,0.1527067608286952,0.03370718353485011,0.1701193004846573,0.17479172348976135
1.8380000000000014,0.06813852853617791,16.708843231201172,0.15211191294495022,0.03336893507648382,0.1699507236480713,0.17461718618869781
1.8400000000000014,0.06813864346244179,16.707252502441406,0.15152088192248425,0.03302826115313397,0.16979184746742249,0.17445246875286102
1.8420000000000014,0.06813877291357419,16.705656051635742,0.15094105654529535,0.032685215128001016,0.1696426421403885,0.17429624497890472
1.8440000000000014,0.0681389163713292,16.704055786132812,0.15037359120892874,0.03233985051193999,0.169501394033432,0.17414730787277222
1.8460000000000014,0.06813907330825145,16.70245361328125,0.14981869192478586,0.03199222095827529,0.16936750710010529,0.17400430142879486
1.8480000000000014,0.06813924318792762,16.7008113861084,0.14927655053740405,0.03164238025763814,0.16923926770687103,0.17386630177497864
1.8500000000000014,0.0681394254652384,16.699195861816406,0.14874734456948843,0.03129038233283425,0.16911639273166656,0.17373186349868774
1.8520000000000014,0.06813961958660787,16.69757843017578,0.14823123709670452,0.03093628123373998,0.16899743676185608,0.17360037565231323
1.8540000000000014,0.0681398249902524,16.695960998535156,0.14772837665333263,0.03058013113224409,0.16888149082660675,0.17347055673599243
1.8560000000000014,0.06814004110642571,16.6943359375,0.1472388971697693,0.030221986317225138,0.16876788437366486,0.173341304063797
1.8580000000000014,0.0681402673576644,16.692716598510742,0.1467629179427515,0.029861901189585757,0.16865545511245728,0.1732117086648941
1.8600000000000014,0.06814050315902859,16.691089630126953,0.14630054363904518,0.02949993025734114,0.1685435175895691,0.17308104038238525
1.8620000000000014,0.06814074791834324,16.689456939697266,0.14585186433321243,0.029136128130773632,0.1684313267469406,0.17294859886169434
1.8640000000000014,0.06814100103643485,16.68781852722168,0.1454163650685006,0.028770549517655664,0.16831813752651215,0.17281335592269897
1.8660000000000014,0.06814126190736615,16.686180114746094,0.14498770692730775,0.02840324921856037,0.1682032197713852,0.1726750284433365
1.8680000000000014,0.0681415299186688,16.684541702270508,0.1445643564907994,0.02803428212225715,0.16808636486530304,0.172532856464386
1.8700000000000014,0.06814180445157166,16.68290138244629,0.14414656815622912,0.02766370320121108,0.16796663403511047,0.1723865270614624
1.8720000000000014,0.06814208488122814,16.681251525878906,0.1437379048087049,0.02729156750719304,0.16784389317035675,0.17223569750785828
1.8740000000000014,0.06814237057693863,16.679601669311523,0.14334371933701257,0.02691793016701405,0.16771753132343292,0.1720798760652542
1.8760000000000014,0.06814266090236992,16.67795181274414,0.1429640786756873,0.026542846378398207,0.16758766770362854,0.17191879451274872
1.8780000000000014,0.06814295521577195,16.67630386352539,0.14259896964124277,0.02616637140600741,0.1674538105726242,0.1717526763677597
1.8800000000000014,0.06814325287019024,16.67466163635254,0.14224836566831722,0.02578856057763375,0.1673160046339035,0.17158101499080658
1.8820000000000014,0.06814355321367423,16.673011779785156,0.14191222717787355,0.025409469280580015,0.16717365384101868,0.1714041382074356
1.8840000000000015,0.06814385558948179,16.671358108520508,0.1415905019783483,0.025029152958243164,0.16702744364738464,0.17122207581996918
1.8860000000000015,0.06814415933627996,16.669692993164062,0.1412831256985287,0.024647667106929342,0.16687744855880737,0.17103491723537445
1.8880000000000015,0.06814446378833998,16.66800880432129,0.14099002225078835,0.024265067272915844,0.1667231023311615,0.1708424836397171
1.8900000000000015,0.06814476827572948,16.666316986083984,0.14070855583782194,0.02388140904979423,0.16656501591205597,0.17064575850963593
1.8920000000000015,0.06814507212449816,16.664621353149414,0.14043429842645994,0.023496748076120344,0.1664031744003296,0.17044438421726227
1.8940000000000015,0.06814537465685812,16.662904739379883,0.1401673712015026,0.023111140033403674,0.16623805463314056,0.17023898661136627
1.8960000000000015,0.06814567519136017,16.661230087280273,0.13990797997917737,0.022724640644476195,0.16607029736042023,0.17003007233142853
1.8980000000000015,0.06814597304306401,16.6595516204834,0.139656327920135,0.022337305672276722,0.16589948534965515,0.1698179990053177
1.9000000000000015,0.0681462675237001,16.657865524291992,0.13941261544443387,0.02194919091910493,0.16572649776935577,0.16960309445858002
1.9020000000000015,0.06814655794182861,16.656169891357422,0.13917704014704527,0.02156035222638614,0.16555172204971313,0.169386088848114
1.9040000000000015,0.0681468436029889,16.65446662902832,0.13894979671387594,0.021170845475016426,0.1653755009174347,0.16916748881340027
1.9060000000000015,0.06814712380984313,16.65275764465332,0.1387310768382709,0.02078072658634953,0.1651984602212906,0.16894754767417908
1.9080000000000015,0.06814739786231092,16.65104103088379,0.13852106913798157,0.02039005152389643,0.1650211066007614,0.16872729361057281
1.9100000000000015,0.06814766505769705,16.649267196655273,0.1383199590725588,0.0199988762958342,0.16484367847442627,0.16850660741329193
1.9120000000000015,0.06814792469081053,16.647380828857422,0.1381279288611338,0.019607256958412277,0.1646670550107956,0.16828709840774536
1.9140000000000015,0.06814817605407249,16.64548110961914,0.13794515740054142,0.019215249620370273,0.1644914150238037,0.16806846857070923
1.9160000000000015,0.06814841843761561,16.64354133605957,0.13777182018372272,0.018822910448499236,0.164317786693573,0.1678515523672104
1.9180000000000015,0.06814865112937304,16.64154815673828,0.13760808921835047,0.018430295674490192,0.16414634883403778,0.16763731837272644
1.9200000000000015,0.06814887341515484,16.63953971862793,0.13745413294558995,0.018037461603239997,0.16397793591022491,0.16742630302906036
1.9220000000000015,0.06814908457871119,16.637521743774414,0.13731011615891703,0.017644464622816634,0.16381296515464783,0.16721852123737335
1.9240000000000015,0.0681492839017845,16.635498046875,0.13717619992287325,0.017251361216309942,0.16365201771259308,0.16701509058475494
1.9260000000000015,0.06814947066414348,16.633472442626953,0.13705254149165375,0.016858207975832915,0.16349554061889648,0.16681630909442902
1.9280000000000015,0.06814964967049791,16.631444931030273,0.13693929422737208,0.016465061618998394,0.16334445774555206,0.16662316024303436
1.9300000000000015,0.0681498308395443,16.629417419433594,0.13683660751784776,0.01607197900822466,0.16319893300533295,0.16643595695495605
1.9320000000000015,0.06815001382566178,16.627368927001953,0.13674462669372406,0.015679017173323064,0.16305959224700928,0.16625498235225677
1.9340000000000015,0.06815019802410006,16.625307083129883,0.13666349294469113,0.015286233337868563,0.16292710602283478,0.16608139872550964
1.9360000000000015,0.06815038282981843,16.623191833496094,0.13659334323456904,0.014893684949976494,0.1628018319606781,0.16591505706310272
1.9380000000000015,0.06815056763751483,16.621030807495117,0.13653431021494064,0.0145014297182235,0.16268430650234222,0.16575685143470764
1.9400000000000015,0.06815075184163995,16.61886215209961,0.136486522136996,0.014109525653585725,0.16257493197917938,0.1656072437763214
1.9420000000000015,0.06815093483639706,16.61667251586914,0.1364501027611767,0.013718031118477724,0.16247473657131195,0.16546669602394104
1.9440000000000015,0.06815111601572497,16.614473342895508,0.13642517126414924,0.01332700488416452,0.1623833328485489,0.1653352677822113
1.9460000000000015,0.06815129477326337,16.612258911132812,0.1364118421425399,0.012936506198151454,0.16230176389217377,0.16521401703357697
1.9480000000000015,0.06815147050229795,16.610031127929688,0.13641022511278267,0.01254659486347099,0.1622299998998642,0.1651029735803604
1.9500000000000015,0.06815164259568347,16.6077880859375,0.13642042500628762,0.012157331332272025,0.16216883063316345,0.16500259935855865
1.9520000000000015,0.06815181044574055,16.60553741455078,0.13644254165901254,0.011768776816671994,0.16211852431297302,0.1649133414030075
1.9540000000000015,0.06815197344412517,16.603281021118164,0.13647666979432058,0.011380993420598827,0.16207951307296753,0.16483527421951294
1.9560000000000015,0.06815213098166538,16.601015090942383,0.13652289889780744,0.010994044297287106,0.16205182671546936,0.164769247174263
1.9580000000000015,0.06815228244816138,16.598737716674805,0.13658131308248747,0.010607993838361016,0.16203628480434418,0.1647152602672577
1.9600000000000015,0.06815242723214392,16.596439361572266,0.13665199094241048,0.010222907902075556,0.16203300654888153,0.1646733433008194
1.9620000000000015,0.06815256472058508,16.5941162109375,0.13673500539233802,0.009838854090466927,0.1620420217514038,0.164644256234169
1.9640000000000015,0.06815269429855086,16.59178352355957,0.13683042349059155,0.00945590208808066,0.1620638519525528,0.16462787985801697
1.9660000000000015,0.06815281534879342,16.589441299438477,0.13693830624148853,0.00907412407889319,0.1620989739894867,0.16462458670139313
1.9680000000000015,0.06815292725126235,16.587093353271484,0.13705870837292547,0.008693595263410112,0.16214735805988312,0.16463486850261688
1.9700000000000015,0.06815302938253164,16.584732055664062,0.13719167808352703,0.008314394505368432,0.16220924258232117,0.16465848684310913
1.9720000000000015,0.06815312111511745,16.582359313964844,0.137337256752325,0.007936605147835691,0.16228504478931427,0.16469573974609375
1.9740000000000015,0.06815320181667063,16.579986572265625,0.13749547860197475,0.007560316053208238,0.1623746156692505,0.16474688053131104
1.9760000000000015,0.06815327084901855,16.57762336730957,0.13766637030394943,0.007185622942673537,0.16247840225696564,0.1648120880126953
1.9780000000000015,0.06815332756701992,16.57525062561035,0.13784995051066318,0.006812630141425292,0.16259661316871643,0.16489116847515106
1.9800000000000015,0.06815337131719681,16.572864532470703,0.13804622929472254,0.006441452881345268,0.16272906959056854,0.1649845540523529
1.9820000000000015,0.0681534014360848,16.570465087890625,0.13825520746895342,0.006072220381299998,0.16287629306316376,0.16509215533733368
1.9840000000000015,0.0681534172482354,16.568058013916016,0.13847687575163975,0.005705080030147316,0.16303791105747223,0.16521380841732025
1.9860000000000015,0.06815341806377774,16.565601348876953,0.1387112137283531,0.005340203161918119,0.16321465373039246,0.16534990072250366
1.9880000000000015,0.06815340317541857,16.563047409057617,0.13895818854285194,0.00497779317571427,0.16340619325637817,0.16549994051456451
1.9900000000000015,0.06815337185471215,16.560476303100586,0.13921775322184077,0.004618097184247767,0.163612499833107,0.16566400229930878
1.9920000000000015,0.06815332334738056,16.557880401611328,0.13948984449702567,0.0042614231011524825,0.16383378207683563,0.165842205286026
1.9940000000000015,0.06815325686737315,16.555253982543945,0.13977437992524466,0.0039081653348844725,0.16407015919685364,0.1660342514514923
1.9960000000000016,0.0681531715892488,16.55260467529297,0.14007125401103368,0.003558844503245939,0.1643213927745819,0.16623957455158234
1.9980000000000016,0.0681530666383138,16.5499267578125,0.14038033288617113,0.0032141707275343072,0.16458721458911896,0.16645795106887817
2.0000000000000013,0.06815294107780795,16.547239303588867,0.1407014468679186,0.002875147977068156,0.16486802697181702,0.16668881475925446
2.002000000000001,0.06815279389242214,16.544506072998047,0.1410343798646893,0.002543252537741152,0.1651635766029358,0.166931614279747
2.004000000000001,0.06815262396806535,16.541685104370117,0.14137885411020853,0.0022207502588083403,0.16547349095344543,0.16718515753746033
2.0060000000000007,0.06815243007091411,16.53873634338379,0.1417345082471187,0.0019112814747400892,0.1657974272966385,0.1674482226371765
2.0080000000000005,0.06815221084047375,16.535619735717773,0.1421008673494887,0.00162096574772701,0.1661352515220642,0.1677188128232956
2.0100000000000002,0.06815196485009302,16.53219985961914,0.14247730951572246,0.0013604516417048506,0.16648629307746887,0.1679946631193161
2.012,0.0681516908876656,16.528392791748047,0.1428630617216119,0.001148173235431692,0.16685013473033905,0.16827383637428284
2.014,0.06815138867945167,16.524362564086914,0.14325734924882907,0.0010125052929655855,0.1672258973121643,0.1685563623905182
2.0159999999999996,0.06815105966335644,16.520496368408203,0.14365994389488126,0.000982722535628786,0.16761378943920135,0.1688515692949295
2.0179999999999993,0.06815070647216967,16.517608642578125,0.14407188918939845,0.0010633979206915855,0.16801497340202332,0.169179305434227
2.019999999999999,0.06815033165496664,16.516170501708984,0.14449512939184292,0.0012260333250598081,0.1684315800666809,0.16955168545246124
2.021999999999999,0.06814993720859201,16.515371322631836,0.14493135968008192,0.0014349458971376998,0.16886554658412933,0.16985271871089935
2.0239999999999987,0.06814952467852486,16.514726638793945,0.14538164310066476,0.0016666479764993148,0.1693175584077835,0.17017170786857605
2.0259999999999985,0.06814909531414097,16.51392364501953,0.14584657608678372,0.0019093226803977067,0.16969984769821167,0.17025122046470642
2.0279999999999982,0.06814865016897136,16.5129337310791,0.14632647907529706,0.0021574415766739486,0.1700538992881775,0.1703108847141266
2.029999999999998,0.06814819015922552,16.511781692504883,0.1468215113458827,0.0024083668006808787,0.17042739689350128,0.17036613821983337
2.031999999999998,0.06814771609904394,16.510587692260742,0.1473317338589342,0.0026607678590079955,0.17082077264785767,0.1704173982143402
2.0339999999999976,0.06814722872304883,16.509387969970703,0.14785714432440156,0.00291392543550228,0.17123420536518097,0.17046764492988586
2.0359999999999974,0.06814672870163728,16.508167266845703,0.1483976977443913,0.0031674197945993376,0.17139853537082672,0.17051953077316284
2.037999999999997,0.06814621665187515,16.506935119628906,0.14895331903569323,0.003420985520481972,0.17142055928707123,0.1705765575170517
2.039999999999997,0.06814569314557246,16.505659103393555,0.14952391112354496,0.0036744406173788617,0.17145267128944397,0.1706412434577942
2.0419999999999967,0.06814515871546035,16.50434684753418,0.1501093603044919,0.003927650318325031,0.1714969128370285,0.17071615159511566
2.0439999999999965,0.06814461386003867,16.503032684326172,0.15070953990048022,0.0041805078250699195,0.1715547740459442,0.17080353200435638
2.0459999999999963,0.06814405904746529,16.50171661376953,0.15132431279959266,0.004432923661127421,0.1716281771659851,0.1709051877260208
2.047999999999996,0.06814349471873148,16.500396728515625,0.15195353325558258,0.0046848195784077035,0.17171789705753326,0.17102257907390594
2.049999999999996,0.06814292129030004,16.49907875061035,0.15259704817934253,0.004936124956760333,0.17182603478431702,0.17115724086761475
2.0519999999999956,0.0681423391563277,16.497760772705078,0.15325469807836392,0.005186774611429872,0.17195260524749756,0.17130990326404572
2.0539999999999954,0.06814174869056291,16.496437072753906,0.15392631774700333,0.005436707418263249,0.17209899425506592,0.17148138582706451
2.055999999999995,0.068141150247987,16.495107650756836,0.1546117367796293,0.005685865425900345,0.17226508259773254,0.1716722697019577
2.057999999999995,0.06814054416624861,16.49378204345703,0.15531077995582207,0.00593419326476348,0.1724512130022049,0.17188261449337006
2.0599999999999947,0.06813993076693156,16.49245834350586,0.15602326753317275,0.006181637740845824,0.1726572960615158,0.17211200296878815
2.0619999999999945,0.06813931035668369,16.491121292114258,0.15674901547254494,0.0064281475470412954,0.1728828251361847,0.17236045002937317
2.0639999999999943,0.06813868322823574,16.489816665649414,0.15748783561415228,0.006673673050838342,0.17312707006931305,0.1726270169019699
2.065999999999994,0.06813804966132016,16.488513946533203,0.15823953581752834,0.006918166132769755,0.1733894646167755,0.17291155457496643
2.067999999999994,0.06813740992351312,16.48721694946289,0.15900392007517125,0.0071615800594347955,0.17366905510425568,0.17321285605430603
2.0699999999999936,0.06813676427100543,16.48593521118164,0.1597807886069448,0.007403869380702942,0.17396460473537445,0.17352993786334991
2.0719999999999934,0.06813611294931514,16.484647750854492,0.16056993794056876,0.007644989844338484,0.17427562177181244,0.17386217415332794
2.073999999999993,0.06813545619394741,16.483354568481445,0.1613711609821092,0.007884898323551886,0.17460016906261444,0.17420829832553864
2.075999999999993,0.06813479423100914,16.482067108154297,0.16218424707942392,0.008123552754454595,0.17493818700313568,0.17456762492656708
2.0779999999999927,0.06813412727778376,16.480775833129883,0.16300898208075051,0.008360912081320141,0.17528827488422394,0.17493923008441925
2.0799999999999925,0.06813345554326865,16.47948455810547,0.16384514839008896,0.008596936208187234,0.17564986646175385,0.17532269656658173
2.0819999999999923,0.0681327792286818,16.47818946838379,0.16469252502060497,0.008831585955710014,0.1760227531194687,0.17571736872196198
2.083999999999992,0.06813209852793763,16.47689437866211,0.16555136891643749,0.009064823022481185,0.1764059066772461,0.17612291872501373
2.085999999999992,0.06813141362809601,16.475595474243164,0.16642560505194687,0.009296609950193794,0.17679952085018158,0.17653922736644745
2.0879999999999916,0.06813072470978793,16.474267959594727,0.1673160738257287,0.009526910092155075,0.1772037297487259,0.17696665227413177
2.0899999999999914,0.06813003194761724,16.472932815551758,0.16822267493414805,0.009755687584769114,0.17761877179145813,0.1774052530527115
2.091999999999991,0.06812933551054252,16.471582412719727,0.16914529511366563,0.009982907321640276,0.17804521322250366,0.17785586416721344
2.093999999999991,0.06812863556223883,16.470233917236328,0.1700838080683637,0.010208534930030292,0.17848384380340576,0.178319051861763
2.0959999999999908,0.0681279322614412,16.46888542175293,0.17103807442685076,0.01043253674942066,0.1789357215166092,0.17879602313041687
2.0979999999999905,0.06812722576227181,16.467533111572266,0.1720079417278314,0.010654879811973507,0.17940184473991394,0.17928746342658997
2.0999999999999903,0.06812651621455172,16.4661865234375,0.17299324443354605,0.0108755318246967,0.17988362908363342,0.1797955185174942
2.10199999999999,0.06812580376409617,16.4648380279541,0.17376597162730584,0.011094461153162979,0.1803826093673706,0.18032097816467285
2.10399999999999,0.06812508855299775,16.463489532470703,0.17368022118199875,0.011311636806614034,0.1809004247188568,0.1808655709028244
2.1059999999999897,0.06812437071989458,16.46214485168457,0.17359599046034926,0.011527028424336179,0.18143850564956665,0.18143096566200256
2.1079999999999894,0.06812365040022736,16.460792541503906,0.1735132748022551,0.011740606263180395,0.18199880421161652,0.18201857805252075
2.109999999999989,0.06812292772648502,16.459434509277344,0.17343206948627932,0.01195234118611809,0.18258294463157654,0.18263046443462372
2.111999999999989,0.06812220282843638,16.458045959472656,0.17335236972776427,0.01216220465173612,0.18319249153137207,0.183267742395401
2.1139999999999888,0.06812147583335555,16.456649780273438,0.17327417067721995,0.01237016870459196,0.18382923305034637,0.18393217027187347
2.1159999999999886,0.06812074686623328,16.45525550842285,0.1731974674189623,0.012576205966334597,0.1844945251941681,0.18462494015693665
2.1179999999999883,0.0681200160499813,16.45386505126953,0.17312225496999212,0.01278028962753731,0.18518991768360138,0.1853475570678711
2.119999999999988,0.06811928350562578,16.45247459411621,0.17304852827909512,0.012982393440158701,0.1859164535999298,0.18610112369060516
2.121999999999988,0.06811854935249424,16.451126098632812,0.17297628222615258,0.013182491710593089,0.18667536973953247,0.1868862807750702
2.1239999999999877,0.06811781370839197,16.449813842773438,0.17290551162164824,0.013380559293238408,0.18746760487556458,0.18770402669906616
2.1259999999999875,0.06811707668977196,16.44849967956543,0.1728362112063611,0.013576571584547543,0.18829345703125,0.1885548084974289
2.1279999999999872,0.0681163384118967,16.447181701660156,0.17276837565123063,0.01377050451750872,0.18915359675884247,0.1894385665655136
2.129999999999987,0.06811559898899257,16.44586944580078,0.17270199955738705,0.013962334556523306,0.19004791975021362,0.19035573303699493
2.131999999999987,0.0681148585343987,16.444551467895508,0.17263707745633575,0.014152038692639354,0.19097685813903809,0.1913057416677475
2.1339999999999866,0.06811411716070692,16.4432373046875,0.17257360381028364,0.014339594439107635,0.19193977117538452,0.19228845834732056
2.1359999999999864,0.06811337497989707,16.44192123413086,0.17251157301260375,0.014524979827232987,0.19293615221977234,0.19330310821533203
2.137999999999986,0.06811263210346571,16.440603256225586,0.17245097938842757,0.014708173402494999,0.19396524131298065,0.19434884190559387
2.139999999999986,0.06811188864254909,16.439289093017578,0.17239181719535565,0.014889154220903015,0.19502604007720947,0.19542443752288818
2.1419999999999857,0.06811114470804046,16.437978744506836,0.17233408062427993,0.015067901845573892,0.19611771404743195,0.19580650329589844
2.1439999999999855,0.06811040041070132,16.43666648864746,0.17227776380031443,0.01524439634350956,0.1960640698671341,0.19573251903057098
2.1459999999999853,0.06810965586126717,16.435359954833984,0.1722228607838199,0.015418618282543782,0.19597391784191132,0.19566047191619873
2.147999999999985,0.06810891117055126,16.434059143066406,0.1721693655715252,0.015590548728458753,0.19588631391525269,0.19559040665626526
2.149999999999985,0.06810816644953936,16.43276023864746,0.17211727209772879,0.01576016924223994,0.19580045342445374,0.1955220252275467
2.1519999999999846,0.06810742180948182,16.431453704833984,0.17206657423558525,0.015927461877461562,0.19571653008460999,0.1954556554555893
2.1539999999999844,0.06810667736198191,16.430147171020508,0.1720172657984619,0.01609240917778643,0.19563502073287964,0.19539135694503784
2.155999999999984,0.06810593321907643,16.428844451904297,0.1719693405413664,0.016254994174574166,0.19555549323558807,0.1953286975622177
2.157999999999984,0.0681051894933169,16.42753791809082,0.17192279216243753,0.016415200384572615,0.19547797739505768,0.19526821374893188
2.1599999999999837,0.06810444629784211,16.426227569580078,0.17187761430449197,0.016573011807696676,0.19540266692638397,0.1952093541622162
2.1619999999999835,0.06810370374644957,16.424922943115234,0.17183380055662772,0.016728412924875112,0.19532935321331024,0.19515244662761688
2.1639999999999833,0.06810296195366107,16.423622131347656,0.171791344455874,0.016881388695960887,0.1952579766511917,0.19509734213352203
2.165999999999983,0.06810222103478643,16.422319412231445,0.17175023948888613,0.017031924557693607,0.19518886506557465,0.19504433870315552
2.167999999999983,0.06810148110598138,16.420989990234375,0.17171047909368087,0.01718000642171191,0.19512179493904114,0.1949930191040039
2.1699999999999826,0.06810074228430292,16.419679641723633,0.17167205666140675,0.017325620672596416,0.19505690038204193,0.1949436515569687
2.1719999999999824,0.06810000468776221,16.418413162231445,0.1716349655381469,0.01746875416595585,0.19499392807483673,0.19489602744579315
2.173999999999982,0.06809926843537104,16.417163848876953,0.1715991990267485,0.017609394226531086,0.1949332058429718,0.19485041499137878
2.175999999999982,0.06809853364718875,16.415916442871094,0.17156475038867774,0.017747528646323334,0.1948743760585785,0.19480660557746887
2.1779999999999817,0.0680978004443622,16.41469383239746,0.17153161284589374,0.017883145682738785,0.1948174387216568,0.1947646588087082
2.1799999999999815,0.06809706894916483,16.413475036621094,0.171499779582741,0.01801623405674056,0.19476281106472015,0.19472457468509674
2.1819999999999813,0.06809633928503254,16.412263870239258,0.17146924374785424,0.018146782951010527,0.19471028447151184,0.19468623399734497
2.183999999999981,0.06809561157659448,16.41105079650879,0.1714399984560728,0.018274782008110235,0.19465970993041992,0.19464974105358124
2.185999999999981,0.06809488594970291,16.409841537475586,0.1714120367903647,0.018400221328642993,0.19461125135421753,0.19461509585380554
2.1879999999999806,0.06809416253145945,16.40863037109375,0.1713853518037519,0.01852309146940951,0.19456462562084198,0.19458231329917908
2.1899999999999804,0.06809344145023834,16.407421112060547,0.17135993652123846,0.01864338344155313,0.19452010095119476,0.19455139338970184
2.19199999999998,0.0680927228357056,16.40621566772461,0.1713357839417359,0.018761088708697526,0.19447773694992065,0.19452235102653503
2.19399999999998,0.06809200681883817,16.404918670654297,0.17131288703998496,0.018876199185067694,0.19443736970424652,0.19449485838413239
2.1959999999999797,0.06809129353193658,16.403587341308594,0.17129123876846866,0.01898870723359333,0.194398894906044,0.19446927309036255
2.1979999999999795,0.06809058310863922,16.40226173400879,0.17127083205931884,0.01909860566399796,0.1943625509738922,0.19444549083709717
2.1999999999999793,0.06808987568392937,16.400949478149414,0.17125165982620544,0.019205887730858847,0.19432809948921204,0.19442348182201385
2.201999999999979,0.06808917139414288,16.399646759033203,0.17123371496621653,0.019310547131651302,0.19429580867290497,0.19440332055091858
2.203999999999979,0.06808847037697227,16.398345947265625,0.17121699036171767,0.019412578004763106,0.1942654550075531,0.19438469409942627
2.2059999999999786,0.06808777277146714,16.397045135498047,0.1712014788821942,0.019511974927483265,0.19423703849315643,0.1943681240081787
2.2079999999999784,0.06808707871803339,16.395767211914062,0.1711871733860713,0.019608732913963728,0.1942104697227478,0.19435320794582367
2.209999999999978,0.06808638835842985,16.394508361816406,0.1711740667225121,0.019702847413148487,0.19418607652187347,0.19433996081352234
2.211999999999978,0.06808570183576121,16.393259048461914,0.17116215173318947,0.019794314306675907,0.19416379928588867,0.19432848691940308
2.2139999999999778,0.06808501929447015,16.392017364501953,0.1711514212540307,0.019883129906741143,0.19414329528808594,0.19431863725185394
2.2159999999999775,0.06808434088032538,16.390779495239258,0.17114186811693435,0.01996929095393607,0.19412456452846527,0.19431072473526
2.2179999999999773,0.06808366674040907,16.38954734802246,0.17113348515145643,0.020052794615044056,0.19410809874534607,0.19430436193943024
2.219999999999977,0.06808299702309961,16.388317108154297,0.17112626518646304,0.020133638480807382,0.19409337639808655,0.19429972767829895
2.221999999999977,0.06808233187805489,16.387088775634766,0.17112020105175182,0.020211820563653823,0.194080650806427,0.1942966878414154
2.2239999999999767,0.06808167145619062,16.3858642578125,0.17111528557963576,0.020287339295390328,0.19406981766223907,0.19429557025432587
2.2259999999999764,0.06808101590965841,16.384645462036133,0.17111151160649174,0.020360193524854204,0.19406087696552277,0.1942959427833557
2.227999999999976,0.06808036539181903,16.383426666259766,0.17110887197427024,0.020430382515533873,0.19405388832092285,0.19429804384708405
2.229999999999976,0.06807972005721756,16.382211685180664,0.1711073595319687,0.020497905943146016,0.1940487176179886,0.1943018138408661
2.231999999999976,0.06807908006155189,16.381000518798828,0.1711069671370592,0.02056276389317473,0.19404537975788116,0.19430728256702423
2.2339999999999756,0.06807844556164215,16.379789352416992,0.1711076876568801,0.02062495685837325,0.19404402375221252,0.19431434571743011
2.2359999999999753,0.06807781671539631,16.378585815429688,0.17110951396998136,0.0206844857362268,0.19404441118240356,0.19432289898395538
2.237999999999975,0.06807719368177498,16.377382278442383,0.1711124389674295,0.02074135182637487,0.19404686987400055,0.19433343410491943
2.239999999999975,0.06807657662075264,16.37618637084961,0.17111645555406374,0.020795556827993163,0.19405102729797363,0.19434532523155212
2.2419999999999747,0.0680759656932784,16.37499237060547,0.17112155664971235,0.020847102837139784,0.19405703246593475,0.19435879588127136
2.2439999999999745,0.0680753610612337,16.373804092407227,0.17112773519035793,0.02089599234405846,0.1940649151802063,0.19437406957149506
2.2459999999999742,0.06807476288738822,16.372617721557617,0.1711349841292591,0.0209422282304431,0.19407446682453156,0.19439056515693665
2.247999999999974,0.06807417133535426,16.37143898010254,0.17114329643802348,0.020985813766662725,0.19408594071865082,0.1944088488817215
2.249999999999974,0.06807358656953852,16.370267868041992,0.17115266510763255,0.021026752608950008,0.1940993070602417,0.19442874193191528
2.2519999999999736,0.0680730087550924,16.369104385375977,0.17116308314941833,0.021065048796544972,0.19411411881446838,0.19445005059242249
2.2539999999999734,0.06807243805786155,16.367938995361328,0.17117454359599152,0.02110070674880633,0.19413118064403534,0.1944730132818222
2.255999999999973,0.06807187464433054,16.366785049438477,0.17118703950211783,0.021133731262277675,0.1941496878862381,0.1944974958896637
2.257999999999973,0.06807131868156957,16.36563491821289,0.17120056394554847,0.02116412750772234,0.1941700428724289,0.19452354311943054
2.2599999999999727,0.06807077033717596,16.364486694335938,0.1712151100277964,0.021191901027112568,0.19419197738170624,0.19455087184906006
2.2619999999999725,0.06807022977921762,16.363357543945312,0.17123067087486554,0.021217057730587997,0.19421571493148804,0.19458003342151642
2.2639999999999723,0.0680696971761704,16.362232208251953,0.17124723963792648,0.021239603893371768,0.19424113631248474,0.19461040198802948
2.265999999999972,0.06806917269685824,16.36111831665039,0.17126480949394496,0.021259546152651607,0.19426842033863068,0.19464251399040222
2.267999999999972,0.06806865651038858,16.36000633239746,0.17128337364625615,0.021276891504426243,0.1942974030971527,0.19467595219612122
2.2699999999999716,0.06806814878608768,16.358896255493164,0.17130292532509087,0.021291647300312022,0.19432790577411652,0.1947108954191208
2.2719999999999714,0.06806764969343478,16.3577938079834,0.17132345778804953,0.021303821244316942,0.19436025619506836,0.1947471648454666
2.273999999999971,0.06806715940199282,16.3566951751709,0.1713449643205263,0.021313421389578535,0.19439396262168884,0.19478492438793182
2.275999999999971,0.06806667808133968,16.355602264404297,0.17136743823608205,0.02132045613506839,0.19442950189113617,0.19482408463954926
2.2779999999999707,0.0680662059009989,16.35451889038086,0.17139087287676882,0.021324934222261487,0.19446679949760437,0.1948646903038025
2.2799999999999705,0.06806574303036535,16.353437423706055,0.17141526161340032,0.021326864731772966,0.19450540840625763,0.19490700960159302
2.2819999999999703,0.06806528963863294,16.352340698242188,0.1714405978457776,0.02132625707996268,0.19454579055309296,0.19495025277137756
2.28399999999997,0.06806484589472059,16.351228713989258,0.17146687500286198,0.021323121015506902,0.19458778202533722,0.19499516487121582
2.28599999999997,0.0680644119671959,16.350143432617188,0.17149408654289935,0.021317466615937832,0.19463133811950684,0.19504131376743317
2.2879999999999696,0.06806398802419862,16.349061965942383,0.171522225953497,0.021309304284158198,0.19467639923095703,0.19508890807628632
2.2899999999999694,0.06806357423336198,16.347986221313477,0.17155128675165007,0.021298644744915246,0.1947231888771057,0.19513775408267975
2.291999999999969,0.06806317076173583,16.34691619873047,0.17158126248372463,0.021285499041256713,0.1947713941335678,0.1951880007982254
2.293999999999969,0.06806277777570371,16.345849990844727,0.17161214672538638,0.021269878530951303,0.19482119381427765,0.1952395737171173
2.2959999999999687,0.06806239544090534,16.34478759765625,0.17164393308149145,0.021251794882882934,0.1948724240064621,0.19529254734516144
2.2979999999999685,0.06806202392215177,16.343727111816406,0.17167661518592292,0.021231260073419054,0.19492526352405548,0.1953466236591339
2.2999999999999683,0.06806166338334588,16.34265899658203,0.17171018670138893,0.021208286382752472,0.1949794590473175,0.1954021155834198
2.301999999999968,0.06806131398739756,16.341588973999023,0.17174464131917125,0.021182886391216894,0.1950351744890213,0.19545890390872955
2.303999999999968,0.0680609758961396,16.34051513671875,0.17177997275883247,0.021155072975577446,0.19509246945381165,0.19551695883274078
2.3059999999999676,0.06806064927024412,16.339448928833008,0.17181617476787978,0.02112485930529867,0.19515101611614227,0.19557631015777588
2.3079999999999674,0.06806033426913778,16.3383846282959,0.1718532411213851,0.021092258838789405,0.19521117210388184,0.195637047290802
2.309999999999967,0.06806003105091403,16.337343215942383,0.17189116562156523,0.021057285319624513,0.19527263939380646,0.1956987977027893
2.311999999999967,0.0680597397722505,16.3363037109375,0.1719299420973213,0.02101995277274489,0.19533558189868927,0.19576188921928406
2.3139999999999668,0.0680594605883195,16.335269927978516,0.17196956440373604,0.020980275500638895,0.19539998471736908,0.19582600891590118
2.3159999999999665,0.06805919365270312,16.3342342376709,0.1720100264215362,0.020938268079500992,0.19546577334403992,0.19589154422283173
2.3179999999999663,0.06805893911730604,16.333206176757812,0.1720513220565125,0.020893945355375695,0.1955328732728958,0.195958212018013
2.319999999999966,0.06805869713226763,16.332183837890625,0.1720934452389067,0.020847322440278725,0.19560113549232483,0.19602611660957336
2.321999999999966,0.0680584678458757,16.331167221069336,0.1721363899227603,0.0207984147083067,0.19567108154296875,0.19609524309635162
2.3239999999999656,0.0680582514044781,16.33016014099121,0.17218015008522847,0.020747237791723182,0.1957421451807022,0.19616541266441345
2.3259999999999654,0.06805804795239695,16.329160690307617,0.17222471972586031,0.02069380757703679,0.1958145648241043,0.1962367594242096
2.327999999999965,0.06805785763183904,16.328166961669922,0.17227009286584735,0.02063814020106239,0.19588826596736908,0.19630920886993408
2.329999999999965,0.0680576805828113,16.32718849182129,0.17231626354723767,0.02058025204696425,0.19596348702907562,0.19638289511203766
2.3319999999999648,0.06805751694303251,16.326221466064453,0.1723632258321219,0.020520159740294242,0.1960395872592926,0.1964576095342636
2.3339999999999645,0.06805736684784681,16.32526206970215,0.17241097380178766,0.020457880145012187,0.1961173117160797,0.1965334117412567
2.3359999999999643,0.06805723043013744,16.32430648803711,0.1724595015558467,0.020393430359498345,0.19619609415531158,0.19661056995391846
2.337999999999964,0.06805710782024131,16.3233585357666,0.1725088032113344,0.02032682771255557,0.19627614319324493,0.19668897986412048
2.339999999999964,0.06805699914586248,16.322416305541992,0.17255887290178246,0.02025808975940017,0.19635744392871857,0.1967686414718628
2.3419999999999637,0.06805690453198932,16.321481704711914,0.17260970477626755,0.02018723427764878,0.19643987715244293,0.19684991240501404
2.3439999999999634,0.0680568241008083,16.320552825927734,0.17266129299843413,0.02011427926329478,0.19652359187602997,0.19693243503570557
2.3459999999999632,0.06805675797162136,16.319631576538086,0.17271363174549811,0.020039242926679215,0.19660834968090057,0.19701619446277618
2.347999999999963,0.06805670626076338,16.31871223449707,0.17276671520722509,0.01996214368845723,0.19669441878795624,0.19710135459899902
2.349999999999963,0.06805666908151935,16.317800521850586,0.1728205375848907,0.019883000175558056,0.19678157567977905,0.19718779623508453
2.3519999999999626,0.06805664654404439,16.31689453125,0.17287509309022092,0.019801831217144277,0.19686980545520782,0.1972755491733551
2.3539999999999623,0.06805663875528246,16.315994262695312,0.1729303759443151,0.019718655840567593,0.19695927202701569,0.19736459851264954
2.355999999999962,0.06805664581888847,16.315095901489258,0.17298638037655162,0.019633493267319085,0.19704991579055786,0.19745473563671112
2.357999999999962,0.06805666783514928,16.314205169677734,0.17304310062347886,0.019546362908984597,0.19714130461215973,0.19754622876644135
2.3599999999999617,0.06805670490090726,16.313322067260742,0.17310053092769098,0.01945728436319872,0.19723396003246307,0.1976388394832611
2.3619999999999615,0.06805675710948507,16.31243896484375,0.1731586655366923,0.019366277409594977,0.19732774794101715,0.19773252308368683
2.3639999999999612,0.06805682455061036,16.311561584472656,0.17321749870174652,0.01927336200576469,0.19742260873317719,0.19782768189907074
2.365999999999961,0.06805690731034388,16.310688018798828,0.17327702467672043,0.019178558283215123,0.19751843810081482,0.19792398810386658
2.367999999999961,0.06805700547100721,16.309825897216797,0.1733372377169136,0.01908188654333256,0.19761541485786438,0.1980213224887848
2.3699999999999606,0.06805711911111245,16.30896759033203,0.17339813207788246,0.01898336725334823,0.19771325588226318,0.19811969995498657
2.3719999999999604,0.06805724830529553,16.308116912841797,0.1734597020142565,0.01888302104231334,0.1978120654821396,0.1982191801071167
2.37399999999996,0.06805739312424641,16.307275772094727,0.1735219417785483,0.018780868697077943,0.19791188836097717,0.1983199268579483
2.37599999999996,0.06805755363464588,16.30643653869629,0.17358484561996146,0.018676931158277715,0.1980126053094864,0.19842182099819183
2.3779999999999597,0.0680577298991019,16.30560302734375,0.1736484077831912,0.018571229516330823,0.19811439514160156,0.19852463901042938
2.3799999999999595,0.06805792170661792,16.304773330688477,0.173712622507226,0.01846378500744222,0.1982169896364212,0.1986284852027893
2.3819999999999593,0.06805812740694017,16.3039493560791,0.17377746348622383,0.018354619009618357,0.19832073152065277,0.19873347878456116
2.383999999999959,0.06805834676079843,16.303131103515625,0.1738428139507554,0.01824375303869508,0.19842520356178284,0.19883933663368225
2.385999999999959,0.06805857982613875,16.302318572998047,0.1739086536460411,0.018131208744374763,0.19853068888187408,0.19894622266292572
2.3879999999999586,0.06805882665683265,16.301509857177734,0.1739749792745463,0.01801700790627953,0.19863691926002502,0.1990540623664856
2.3899999999999584,0.0680590873026247,16.300710678100586,0.1740417874909645,0.017901172430014375,0.19874416291713715,0.1991630345582962
2.391999999999958,0.0680593618090872,16.299917221069336,0.1741090749013074,0.017783724343249867,0.19885222613811493,0.19927285611629486
2.393999999999958,0.06805965021757171,16.29913330078125,0.17417683806199938,0.017664685791818176,0.19896094501018524,0.1993836611509323
2.3959999999999577,0.06805995256516535,16.298355102539062,0.1742450734789884,0.01754407903582389,0.19907072186470032,0.1994953155517578
2.3979999999999575,0.06806026888464956,16.29758071899414,0.17431377760686517,0.017421926445776732,0.1991812288761139,0.19960786402225494
2.3999999999999573,0.06806059920445807,16.296810150146484,0.17438294684799463,0.017298250498740314,0.19929268956184387,0.1997212916612625
2.401999999999957,0.06806094354864145,16.29606056213379,0.17445257755166235,0.01717307377450017,0.19940480589866638,0.19983558356761932
2.403999999999957,0.06806130193682804,16.295326232910156,0.17452266601323277,0.017046418951753038,0.1995176374912262,0.19995084404945374
2.4059999999999566,0.06806167438419371,16.294593811035156,0.17459320847332535,0.01691830880431805,0.19963128864765167,0.2000667303800583
2.4079999999999564,0.06806206090142865,16.293869018554688,0.17466420111700087,0.016788766197370155,0.19974565505981445,0.20018351078033447
2.409999999999956,0.06806246149470811,16.29315757751465,0.17473564007296918,0.01665781408369497,0.19986079633235931,0.200301393866539
2.411999999999956,0.06806287616566742,16.292465209960938,0.1748075214128115,0.016525475499970393,0.19997665286064148,0.200419619679451
2.4139999999999557,0.06806330491137597,16.291780471801758,0.17487984115021843,0.016391773563073343,0.20009316504001617,0.2005387246608734
2.4159999999999555,0.0680637477243166,16.291101455688477,0.17495259524024936,0.01625673146641157,0.2002103626728058,0.20065854489803314
2.4179999999999553,0.06806420459236653,16.290430068969727,0.17502577957860754,0.016120372476282875,0.2003283053636551,0.20077913999557495
2.419999999999955,0.0680646754987789,16.289762496948242,0.17509939000093488,0.01598271992826524,0.20044684410095215,0.20090021193027496
2.421999999999955,0.06806516042217059,16.289104461669922,0.1751734222821288,0.015843797223632296,0.20056618750095367,0.2010221630334854
2.4239999999999546,0.06806565933650933,16.288450241088867,0.17524787213567533,0.015703627825804485,0.20068596303462982,0.20114454627037048
2.4259999999999544,0.06806617221110435,16.287803649902344,0.17532273521300507,0.015562235256825586,0.20080649852752686,0.20126762986183167
2.427999999999954,0.06806669901060149,16.28716278076172,0.175398007102871,0.015419643093880372,0.2009275257587433,0.201391339302063
2.429999999999954,0.0680672396949777,16.286529541015625,0.1754736833307438,0.015275874965835932,0.2010493129491806,0.20151567459106445
2.4319999999999538,0.06806779421954208,16.285903930664062,0.17554975935823364,0.015130954549828816,0.20117153227329254,0.2016407698392868
2.4339999999999535,0.0680683625349343,16.28529167175293,0.17562623058252846,0.014984905567881089,0.20129433274269104,0.20176610350608826
2.4359999999999533,0.06806894458713257,16.284687042236328,0.17570309233586184,0.014837751783556587,0.20141790807247162,0.20189230144023895
2.437999999999953,0.0680695403174586,16.284090042114258,0.17578033988499359,0.0146895169986567,0.2015417516231537,0.20201872289180756
2.439999999999953,0.0680701496625882,16.283498764038086,0.17585796843072177,0.014540225049957405,0.2016664296388626,0.20214587450027466
2.4419999999999527,0.06807077255456402,16.282915115356445,0.17593597310741127,0.014389899805985732,0.20179137587547302,0.20227353274822235
2.4439999999999524,0.06807140892081107,16.28233528137207,0.17601434898254842,0.01423856516384106,0.20191694796085358,0.20240163803100586
2.445999999999952,0.06807205868415475,16.281761169433594,0.17609309105631615,0.014086245046061919,0.2020430862903595,0.20253023505210876
2.447999999999952,0.0680727217628428,16.28118324279785,0.1761721942611928,0.013932963397537699,0.20216964185237885,0.2026592493057251
2.4499999999999518,0.06807339807056871,16.280611038208008,0.1762516534615729,0.013778744182473076,0.20229656994342804,0.20278890430927277
2.4519999999999516,0.06807408751649888,16.28005027770996,0.17633146345341055,0.01362361138139426,0.2024240791797638,0.20291881263256073
2.4539999999999513,0.0680747900053029,16.279489517211914,0.1764116189638839,0.013467588988218267,0.2025519609451294,0.2030491828918457
2.455999999999951,0.06807550543718548,16.27893829345703,0.176492114651082,0.013310701007368137,0.20268039405345917,0.20317994058132172
2.457999999999951,0.06807623370792253,16.27838897705078,0.1765729451037129,0.013152971450947584,0.20280927419662476,0.20331121981143951
2.4599999999999507,0.06807697470890024,16.277847290039062,0.17665410484083233,0.01299442433597511,0.20293846726417542,0.20344288647174835
2.4619999999999505,0.06807772832715508,16.27730941772461,0.17673558831159175,0.012835083681680336,0.2030680924654007,0.2035747617483139
2.4639999999999502,0.06807849444541918,16.276782989501953,0.17681738989500756,0.012674973506858277,0.2031979113817215,0.2037070244550705
2.46599999999995,0.06807927294216817,16.27625846862793,0.17689950389974785,0.012514117827301167,0.2033284604549408,0.20383965969085693
2.46799999999995,0.06808006369166969,16.275741577148438,0.17698192456393674,0.012352540653291446,0.20345930755138397,0.20397275686264038
2.4699999999999496,0.0680808665640384,16.275230407714844,0.17706464605497818,0.012190265987171402,0.20359040796756744,0.20410606265068054
2.4719999999999493,0.06808168142529109,16.274723052978516,0.1771476624693909,0.012027317820990091,0.20372198522090912,0.20423953235149384
2.473999999999949,0.0680825081374061,16.27422523498535,0.17723096783266334,0.011863720134233254,0.20385369658470154,0.20437343418598175
2.475999999999949,0.06808334655838462,16.273731231689453,0.17731455609911861,0.011699496891634556,0.2039857804775238,0.20450760424137115
2.4779999999999487,0.06808419654231769,16.27324676513672,0.17739842115179244,0.01153467204108014,0.20411820709705353,0.20464201271533966
2.4799999999999485,0.06808505793945215,16.272764205932617,0.17748255680231984,0.011369269511608032,0.2042509913444519,0.2047768384218216
2.4819999999999482,0.06808593059626263,16.27229118347168,0.17756695679083306,0.011203313211508364,0.204383984208107,0.20491161942481995
2.483999999999948,0.06808681435552591,16.271821975708008,0.1776516147858635,0.011036827026528796,0.20451731979846954,0.2050466686487198
2.485999999999948,0.06808770905639762,16.271360397338867,0.17773652438424747,0.010869834818199683,0.20465074479579926,0.2051820456981659
2.4879999999999476,0.06808861453449261,16.27090072631836,0.17782167911103552,0.010702360422274154,0.2047845870256424,0.20531751215457916
2.4899999999999474,0.06808953062196851,16.27044677734375,0.17790707241939924,0.010534427647300828,0.20491860806941986,0.20545348525047302
2.491999999999947,0.06809045714761172,16.270002365112305,0.17799269769053494,0.01036606027333829,0.20505298674106598,0.20558927953243256
2.493999999999947,0.06809139393692755,16.269561767578125,0.17807854823355918,0.01019728205081326,0.20518752932548523,0.20572522282600403
2.4959999999999467,0.06809234081223293,16.26913070678711,0.17816461728539307,0.010028116699545094,0.2053222954273224,0.20586137473583221
2.4979999999999465,0.06809329759275243,16.268705368041992,0.17825089801063349,0.009858587907940305,0.20545709133148193,0.20599785447120667
2.4999999999999463,0.06809426409471815,16.268299102783203,0.1783373835014021,0.009688719332374564,0.20559215545654297,0.20613431930541992
2.501999999999946,0.06809524013147261,16.26791000366211,0.17842406677717226,0.009518534596781226,0.2057274580001831,0.20627081394195557
2.503999999999946,0.06809622551357448,16.26752471923828,0.17851094078456448,0.009348057292458117,0.20586292445659637,0.20640753209590912
2.5059999999999456,0.06809722004891036,16.267148971557617,0.17859799839710816,0.009177310978116462,0.20599842071533203,0.20654429495334625
2.5079999999999454,0.06809822354280592,16.26677703857422,0.1786852324149567,0.009006319180195814,0.2061343491077423,0.206681028008461
2.509999999999945,0.06809923579814686,16.266414642333984,0.1787726355645589,0.008835105393466767,0.20627014338970184,0.20681796967983246
2.511999999999945,0.06810025661549773,16.26605987548828,0.17886020049826484,0.008663693081954624,0.20640625059604645,0.20695509016513824
2.5139999999999447,0.06810128579322963,16.265710830688477,0.1789479197938691,0.00849210568021278,0.20654232800006866,0.20709189772605896
2.5159999999999445,0.0681023231276496,16.26536750793457,0.17903578595407454,0.008320366594991638,0.20667845010757446,0.20722898840904236
2.5179999999999443,0.068103368413136,16.265029907226562,0.1791237914058651,0.008148499207333387,0.20681476593017578,0.2073659598827362
2.519999999999944,0.0681044214422786,16.26470184326172,0.17921192849977763,0.007976526875159637,0.20695118606090546,0.20750313997268677
2.521999999999944,0.06810548200602301,16.264379501342773,0.1793001895090542,0.007804472936391133,0.2070876508951187,0.20764003694057465
2.5239999999999436,0.06810654989382205,16.26407241821289,0.17938856662866126,0.007632360712682585,0.20722424983978271,0.20777694880962372
2.5259999999999434,0.06810762489379331,16.26376724243164,0.17947705197415548,0.007460213513837147,0.2073606550693512,0.20791393518447876
2.527999999999943,0.06810870679287956,16.263473510742188,0.17956563758037258,0.007288054642996979,0.20749743282794952,0.20797723531723022
2.529999999999943,0.0681097953770226,16.263185501098633,0.17965431539992194,0.007115907402709228,0.2065470814704895,0.20681296288967133
2.5319999999999427,0.06811089043133917,16.26290512084961,0.17974307730144734,0.006943795102001525,0.2054070234298706,0.20567460358142853
2.5339999999999425,0.06811199174030912,16.262624740600586,0.17983191506763335,0.006771741064591053,0.20429444313049316,0.204563707113266
2.5359999999999423,0.06811309908796942,16.26235580444336,0.1799208203929128,0.006599768638420317,0.203210711479187,0.20348235964775085
2.537999999999942,0.06811421225812174,16.2620906829834,0.18000978488083763,0.006427901206705292,0.20215745270252228,0.20243167877197266
2.539999999999942,0.06811533103455106,16.26183319091797,0.18009880004105944,0.006256162200748856,0.20113594830036163,0.2014131247997284
2.5419999999999416,0.06811645520125402,16.261579513549805,0.1801878572858655,0.006084575114798331,0.20014688372612,0.20042741298675537
2.5439999999999414,0.06811758454268607,16.261333465576172,0.1802769479262042,0.005913163523304382,0.19919124245643616,0.19947503507137299
2.545999999999941,0.06811871884402286,16.261089324951172,0.18036606316711667,0.0057419511010012,0.19826944172382355,0.1985567957162857
2.547999999999941,0.0681198578914402,16.260852813720703,0.18045519410248767,0.005570961646314117,0.19738107919692993,0.19767242670059204
2.5499999999999408,0.06812100147241486,16.260623931884766,0.1805443317090037,0.005400219108734713,0.19652630388736725,0.19682170450687408
2.5519999999999405,0.06812214937605102,16.260414123535156,0.1806334668391899,0.005229747620927512,0.19570475816726685,0.19600386917591095
2.5539999999999403,0.06812330139343381,16.260215759277344,0.18072259024056025,0.0050595715365326695,0.19491524994373322,0.1952185481786728
2.55599999999994,0.06812445731801499,16.260025024414062,0.18081172639903798,0.0048897154748609095,0.1941569596529007,0.194464311003685
2.55799999999994,0.06812561694603579,16.25984001159668,0.18090089544357757,0.004720204373982794,0.19342832267284393,0.19373981654644012
2.5599999999999397,0.068126780076995,16.25966453552246,0.18099008683376644,0.004551063554127028,0.1927281767129898,0.1930435746908188
2.5619999999999394,0.06812794651416608,16.25949478149414,0.18107928986353683,0.004382318793812472,0.19205425679683685,0.19237397611141205
2.563999999999939,0.06812911606517731,16.25933074951172,0.18116849364391696,0.004213996421856423,0.19140519201755524,0.1917286515235901
2.565999999999939,0.06813028854266091,16.259178161621094,0.18125768708277995,0.004046123429332718,0.19077922403812408,0.19110621511936188
2.5679999999999388,0.06813146376499017,16.259031295776367,0.18134685886096308,0.003878727606836951,0.1901739239692688,0.19050492346286774
2.5699999999999386,0.0681326415571162,16.258888244628906,0.18082625190832696,0.0037118377141486547,0.18958799540996552,0.18992242217063904
2.5719999999999383,0.06813382175153053,16.258750915527344,0.1797994517764298,0.0035454836918239474,0.18901924788951874,0.18935726583003998
2.573999999999938,0.068135004189376,16.258625030517578,0.17878997236792177,0.003379696927649874,0.1884663850069046,0.18880774080753326
2.575999999999938,0.06813618872173938,16.258506774902344,0.17779809355889575,0.003214510595759066,0.18792782723903656,0.188272625207901
2.5779999999999377,0.06813737521116922,16.258399963378906,0.17682408134086774,0.003049960093232316,0.1874026656150818,0.1877506673336029
2.5799999999999375,0.06813856353347082,16.258302688598633,0.17586818788340236,0.0028860836093900916,0.18688952922821045,0.1872408539056778
2.5819999999999372,0.06813975357984374,16.258214950561523,0.17493065168539848,0.0027229228784606836,0.18638838827610016,0.186742901802063
2.583999999999937,0.06814094525945416,16.258140563964844,0.17401169783137493,0.0025605241900386474,0.1858987659215927,0.18625669181346893
2.585999999999937,0.06814213850254594,16.258085250854492,0.173111538373232,0.002398939768708503,0.1854209452867508,0.18578247725963593
2.5879999999999366,0.06814333326424327,16.25804901123047,0.1722303728633079,0.0022382296932996473,0.18495532870292664,0.18532051146030426
2.5899999999999364,0.06814452952921822,16.25802230834961,0.1713683890714092,0.0020784646230932713,0.18450285494327545,0.18487238883972168
2.591999999999936,0.06814572731746123,16.258012771606445,0.17052576392679947,0.0019197297617279591,0.18406473100185394,0.1844385713338852
2.593999999999936,0.06814692669141663,16.25801658630371,0.1697026647353942,0.0017621307742198742,0.18364262580871582,0.18402153253555298
2.5959999999999357,0.06814812776477099,16.258037567138672,0.1688992507300071,0.001605802886362504,0.18323786556720734,0.18362268805503845
2.5979999999999355,0.06814933071306924,16.258079528808594,0.16810342467226597,0.0014509253612148489,0.18285255134105682,0.1832440197467804
2.5999999999999353,0.06815053578588176,16.25814437866211,0.16721310247463242,0.0012977454444429589,0.18248890340328217,0.18288764357566833
2.601999999999935,0.06815174331878483,16.258230209350586,0.16633487189837284,0.0011466197901877856,0.18214845657348633,0.18255609273910522
2.603999999999935,0.0681529537389841,16.25834846496582,0.1654690706635151,0.0009980899430212379,0.18183355033397675,0.1822509914636612
2.6059999999999346,0.06815416754502422,16.258493423461914,0.1646160541690882,0.0008530283138909791,0.18154530227184296,0.18197424709796906
2.6079999999999344,0.06815538519937567,16.258670806884766,0.16377620856460046,0.0007129399140754121,0.1812853366136551,0.18172697722911835
2.609999999999934,0.06815660673994574,16.258869171142578,0.16294997525107166,0.0005806296118741403,0.1810535341501236,0.18150918185710907
2.611999999999934,0.06815783052020599,16.25905418395996,0.16213789803179987,0.00046174296200467596,0.18084973096847534,0.18131832778453827
2.6139999999999337,0.06815904985618572,16.2591552734375,0.16134070647292081,0.00036804427154712185,0.1804664582014084,0.18058261275291443
2.6159999999999335,0.06816024972173755,16.25893783569336,0.16055938015560667,0.0003206161100838706,0.1797085404396057,0.17983317375183105
2.6179999999999333,0.06816141664732232,16.258081436157227,0.15979477839278045,0.00033789737125169516,0.17897407710552216,0.1791042685508728
2.619999999999933,0.06816254894973645,16.256765365600586,0.1590467453806242,0.0004103352711870444,0.17826232314109802,0.17839258909225464
2.621999999999933,0.06816365004386758,16.255535125732422,0.158314527031879,0.0005127307751402917,0.177572563290596,0.17769955098628998
2.6239999999999326,0.06816472343485774,16.25442123413086,0.157597603132318,0.0006280659995755124,0.17690429091453552,0.17702700197696686
2.6259999999999324,0.06816577185095143,16.25373649597168,0.15689574907991144,0.000748825131807091,0.1762571781873703,0.17637546360492706
2.627999999999932,0.06816679735565831,16.25325584411621,0.15620891646331958,0.0008719549605339563,0.1756313294172287,0.1757454127073288
2.629999999999932,0.06816780154862975,16.25284767150879,0.15553715355357295,0.000996143176932771,0.1750265657901764,0.17513656616210938
2.6319999999999317,0.06816878570712416,16.25246810913086,0.15488056376700707,0.001120771907794,0.17444267868995667,0.17454893887043
2.6339999999999315,0.06816975088308898,16.25210952758789,0.15423928292246553,0.001245521428174816,0.17387987673282623,0.1739824414253235
2.6359999999999313,0.06817069796391147,16.251758575439453,0.1536134665369874,0.0013702103677116326,0.17333745956420898,0.17343668639659882
2.637999999999931,0.06817162771503409,16.251415252685547,0.15300328189636747,0.0014947262938503872,0.17281565070152283,0.17291171848773956
2.639999999999931,0.06817254080765216,16.251073837280273,0.15240890315622932,0.0016189933695224788,0.17231401801109314,0.1724070906639099
2.6419999999999306,0.06817343783932286,16.250732421875,0.15183050794571024,0.001742956317650774,0.17183241248130798,0.17192262411117554
2.6439999999999304,0.06817431934803334,16.250391006469727,0.15126827511596322,0.001866572027751892,0.17137058079242706,0.17145800590515137
2.64599999999993,0.06817518582319497,16.250051498413086,0.15072238306445926,0.001989804944380349,0.17092813551425934,0.17101308703422546
2.64799999999993,0.06817603771350932,16.249710083007812,0.15019300856615866,0.0021126244252180648,0.17050500214099884,0.170587420463562
2.6499999999999297,0.06817687543333972,16.24936866760254,0.14968032586108795,0.0022350031663372866,0.17000244557857513,0.17009158432483673
2.6519999999999295,0.06817769936746787,16.249025344848633,0.14918450599144947,0.002356916231492889,0.16945552825927734,0.1695428490638733
2.6539999999999293,0.06817850987505292,16.248682022094727,0.14870571626678714,0.002478340432592664,0.16892920434474945,0.1690147966146469
2.655999999999929,0.06817930729269953,16.248327255249023,0.14824411986142122,0.0025992539228809944,0.16842322051525116,0.16850732266902924
2.657999999999929,0.0681800919370625,16.247974395751953,0.14779987548178933,0.002719635921066697,0.16793803870677948,0.16802038252353668
2.6599999999999286,0.06818086410693851,16.247621536254883,0.14737313710789854,0.002839466519492535,0.16747356951236725,0.16755454242229462
2.6619999999999284,0.06818162408506732,16.247270584106445,0.1469640537757045,0.0029587265466594448,0.1670299619436264,0.1671094298362732
2.663999999999928,0.06818237213962208,16.246917724609375,0.1465727694029366,0.0030773974664925325,0.16660712659358978,0.16668574512004852
2.665999999999928,0.06818310852551146,16.246566772460938,0.14619942264026978,0.003195461302475916,0.16620559990406036,0.16628290712833405
2.6679999999999278,0.06818383348548564,16.2462158203125,0.14584414674901042,0.003312900579422954,0.16582514345645905,0.16590124368667603
2.6699999999999275,0.06818454725111166,16.245864868164062,0.145507069495228,0.003429698277721492,0.16546611487865448,0.16554124653339386
2.6719999999999273,0.0681852500436219,16.245515823364258,0.14518831306070243,0.003545837796820628,0.1651281714439392,0.16520234942436218
2.673999999999927,0.06818594207467081,16.245166778564453,0.14488799396499732,0.0036613029255320147,0.16481195390224457,0.16488522291183472
2.675999999999927,0.0681866235470044,16.24481964111328,0.1446062229986276,0.003776077817589513,0.16451723873615265,0.16458971798419952
2.6779999999999267,0.06818729465506433,16.244470596313477,0.14434310516405296,0.0038901469712316764,0.1642441749572754,0.16431593894958496
2.6799999999999264,0.06818795558552829,16.24411964416504,0.14409873962431122,0.004003495211996331,0.16399261355400085,0.16406376659870148
2.681999999999926,0.06818860651780378,16.243772506713867,0.14387321965737954,0.004116107678057254,0.163763165473938,0.1638336032629013
2.683999999999926,0.06818924762447551,16.243406295776367,0.1436666326160466,0.004227969807640002,0.16355548799037933,0.1636255532503128
2.685999999999926,0.06818987907171589,16.243038177490234,0.14347905989215892,0.004339067328136851,0.16336986422538757,0.16343927383422852
2.6879999999999256,0.06819050101966136,16.2426700592041,0.1433105768850406,0.004449386246635767,0.16320617496967316,0.16327525675296783
2.6899999999999253,0.06819111362276016,16.242305755615234,0.14316125297340643,0.004558912841626797,0.16306458413600922,0.1631333976984024
2.691999999999925,0.06819171703009382,16.241939544677734,0.14303115149059917,0.0046676336557099065,0.16294534504413605,0.1630137860774994
2.693999999999925,0.06819231138567541,16.2415714263916,0.14292032970274202,0.004775535489150072,0.16284821927547455,0.1629164069890976
2.6959999999999247,0.06819289682872655,16.2412109375,0.14282883878967453,0.00488260539415656,0.16277343034744263,0.16284124553203583
2.6979999999999245,0.06819347349393741,16.240846633911133,0.14275672382842133,0.004988830669785495,0.1627209633588791,0.16278879344463348
2.6999999999999242,0.06819404151170819,16.240482330322266,0.14270402377910046,0.005094198857381162,0.16269071400165558,0.1627584993839264
2.701999999999924,0.06819460100837552,16.24011993408203,0.14267077147311205,0.0051986977364842524,0.16268303990364075,0.16275079548358917
2.703999999999924,0.06819515210642707,16.239757537841797,0.14265699360354409,0.005302315321144702,0.16269764304161072,0.16276533901691437
2.7059999999999236,0.06819569492469926,16.239395141601562,0.14266271071770145,0.00540503985659507,0.16273470222949982,0.1628023236989975
2.7079999999999234,0.06819622957856832,16.239051818847656,0.1426879372117049,0.005506859816224732,0.16279439628124237,0.16286198794841766
2.709999999999923,0.06819675618012548,16.238737106323242,0.1427326813271119,0.0056077638988368496,0.16287627816200256,0.162944033741951
2.711999999999923,0.0681972748383464,16.23842430114746,0.1427969451495158,0.005707741026139787,0.1629808396100998,0.16304847598075867
2.7139999999999227,0.06819778565924864,16.238109588623047,0.14288072460910164,0.005806780340451128,0.1631074845790863,0.16317541897296906
2.7159999999999225,0.06819828874604159,16.23779296875,0.1429840094831255,0.005904871202590497,0.16325683891773224,0.1633249819278717
2.7179999999999223,0.06819878419926906,16.23748779296875,0.14310678340030455,0.006002003189935561,0.16342858970165253,0.16349682211875916
2.719999999999922,0.0681992721169421,16.237180709838867,0.1432490238470994,0.006098166094626399,0.1636226326227188,0.16369125247001648
2.721999999999922,0.06819975259466825,16.23687744140625,0.14341070217587973,0.006193349921901053,0.1638392210006714,0.16390778124332428
2.7239999999999216,0.06820022572577024,16.236570358276367,0.14359178361495878,0.006287544888541525,0.16407768428325653,0.1641467660665512
2.7259999999999214,0.06820069160140187,16.236263275146484,0.14379222728049548,0.006380741421431409,0.16433875262737274,0.16440792381763458
2.727999999999921,0.06820115031065617,16.2359561920166,0.14401198619025174,0.00647293015619429,0.16462206840515137,0.16469158232212067
2.729999999999921,0.06820160194066936,16.23564910888672,0.14425100727920293,0.006564101935923265,0.16492727398872375,0.16499708592891693
2.7319999999999207,0.06820204657671791,16.23534393310547,0.1445092314169958,0.006654247809977515,0.16525477170944214,0.16532494127750397
2.7339999999999205,0.06820248430231246,16.235036849975586,0.14478659342724817,0.006743359032843081,0.16560427844524384,0.1656748205423355
2.7359999999999203,0.06820291519928626,16.234731674194336,0.14508302210868793,0.006831427063054791,0.16597554087638855,0.16604644060134888
2.73799999999992,0.06820333934787913,16.234426498413086,0.14539844025812543,0.0069184435621634545,0.1663689911365509,0.16644026339054108
2.73999999999992,0.06820375682681801,16.234121322631836,0.1457327646952541,0.0070044003937535185,0.16678400337696075,0.16685567796230316
2.7419999999999196,0.06820416771339213,16.23382568359375,0.14608590628927634,0.00708928962249868,0.16722092032432556,0.16729281842708588
2.7439999999999194,0.06820457208352633,16.233531951904297,0.1464577699873463,0.007173103513251003,0.16767938435077667,0.16775156557559967
2.745999999999919,0.06820497001184853,16.233238220214844,0.1468482548448282,0.007255834530164817,0.16815932095050812,0.16823196411132812
2.747999999999919,0.06820536157175701,16.23294448852539,0.14725725405735618,0.00733747533584503,0.16866058111190796,0.16873374581336975
2.7499999999999187,0.0682057468354797,16.232648849487305,0.14768465499469982,0.00741801879052173,0.1691833883523941,0.1692570000886917
2.7519999999999185,0.06820612587413578,16.232341766357422,0.14813033923641442,0.007497457951243431,0.16972726583480835,0.16980116069316864
2.7539999999999183,0.06820649875778999,16.232036590576172,0.14859418260928012,0.007575786071090396,0.1702922135591507,0.17036667466163635
2.755999999999918,0.06820686555550656,16.231733322143555,0.14907605522651268,0.0076529965984030906,0.17087820172309875,0.17095300555229187
2.757999999999918,0.06820722633539926,16.231430053710938,0.1495758215287391,0.007729083176022345,0.17148515582084656,0.17156024277210236
2.7599999999999176,0.06820758116467945,16.231124877929688,0.15009334032673005,0.007804039640542625,0.17198669910430908,0.17206037044525146
2.7619999999999174,0.06820793010970158,16.230825424194336,0.15062846484587222,0.007877860021572215,0.1724785715341568,0.1725527048110962
2.763999999999917,0.06820827323600555,16.230525970458984,0.15118104277237643,0.0079505385410041,0.17299117147922516,0.1730659008026123
2.765999999999917,0.06820861060835881,16.230228424072266,0.1517509163012034,0.00802206961228866,0.17352434992790222,0.17359980940818787
2.7679999999999167,0.06820894229079319,16.22992515563965,0.15233792218569656,0.008092447839712857,0.17407891154289246,0.1741550713777542
2.7699999999999165,0.0682092683466423,16.229625701904297,0.15294189178890663,0.008161668017681856,0.17465484142303467,0.1747315675020218
2.7719999999999163,0.06820958883857628,16.229326248168945,0.15356265113659776,0.00822972513000184,0.17525236308574677,0.17532950639724731
2.773999999999916,0.0682099038286336,16.229022979736328,0.15420002097191415,0.00829661434916535,0.17587164044380188,0.17594945430755615
2.775999999999916,0.06821021337825234,16.22872543334961,0.15485381681169633,0.008362331035631894,0.17651280760765076,0.17659102380275726
2.7779999999999156,0.06821051754829802,16.228424072265625,0.15552384900442917,0.008426870737110306,0.1771760731935501,0.17725476622581482
2.7799999999999154,0.06821081639909293,16.228118896484375,0.15620992278980259,0.008490229187838457,0.1778613179922104,0.17794054746627808
2.781999999999915,0.0682111099904391,16.227815628051758,0.1569118383598717,0.00855240230785793,0.1785687506198883,0.17864839732646942
2.783999999999915,0.0682113983816438,16.227514266967773,0.15762939092179495,0.00861338620228719,0.17929810285568237,0.1793782263994217
2.7859999999999148,0.0682116816315421,16.227214813232422,0.15836237076213075,0.008673177160586408,0.18004949390888214,0.18012988567352295
2.7879999999999145,0.06821195979851706,16.226917266845703,0.15911056331267803,0.008731771655820222,0.1808227151632309,0.18090340495109558
2.7899999999999143,0.06821223294052028,16.22661781311035,0.15987374921783404,0.00878916634391344,0.1816173642873764,0.18169832229614258
2.791999999999914,0.0682125011150888,16.226322174072266,0.16065170440345533,0.008845358062900628,0.18243329226970673,0.18251462280750275
2.793999999999914,0.06821276437936355,16.22602653503418,0.1614442001471955,0.00890034383216632,0.1832703948020935,0.18335191905498505
2.7959999999999137,0.06821302279010422,16.225732803344727,0.1622510031502999,0.008954120851681777,0.1841278076171875,0.18420977890491486
2.7979999999999134,0.06821327640370449,16.225433349609375,0.16307187561083933,0.009006686501231376,0.1850055754184723,0.18508747220039368
2.7999999999999132,0.0682135252762042,16.225133895874023,0.16390657529835176,0.009058038339631067,0.1859028935432434,0.18598517775535583
2.801999999999913,0.0682137694633026,16.224834442138672,0.1647548556298754,0.009108174103937753,0.18681932985782623,0.18690167367458344
2.803999999999913,0.06821400902036959,16.224533081054688,0.1656164657473463,0.00915709170865305,0.18775424361228943,0.18783685564994812
2.8059999999999126,0.06821424400245504,16.22423553466797,0.16649115059633884,0.009204789244912703,0.1887071579694748,0.18878960609436035
2.8079999999999123,0.0682144744642997,16.223934173583984,0.16737865100612082,0.009251264979669596,0.18967705965042114,0.18975979089736938
2.809999999999912,0.0682147004603404,16.2236328125,0.16827870377100013,0.009296517354868535,0.19060273468494415,0.19068102538585663
2.811999999999912,0.06821492204472089,16.22333335876465,0.1691910417329375,0.009340544986608842,0.1911468505859375,0.19122369587421417
2.8139999999999117,0.06821513927129698,16.22303009033203,0.17011539386539992,0.009383346664295833,0.19171006977558136,0.19178549945354462
2.8159999999999115,0.06821535219364042,16.222726821899414,0.17105148535842424,0.009424921349786109,0.19229084253311157,0.19236493110656738
2.8179999999999112,0.06821556086504649,16.22242546081543,0.1719990377048682,0.009465268176518675,0.19288776814937592,0.19296076893806458
2.819999999999911,0.06821576533853642,16.222122192382812,0.17295956429269307,0.009504386448637596,0.1935001015663147,0.19357171654701233
2.821999999999911,0.06821596566686176,16.221817016601562,0.17393671912671568,0.00954227564010404,0.19412602484226227,0.19419652223587036
2.8239999999999106,0.06821616190250518,16.22150993347168,0.17493042419040492,0.009578935393794653,0.19476474821567535,0.19483403861522675
2.8259999999999104,0.068216354097685,16.221202850341797,0.17594045438575906,0.009614365520595568,0.19541500508785248,0.19548340141773224
2.82799999999991,0.06821654230435419,16.220895767211914,0.17696657143290773,0.009648565998477845,0.19607652723789215,0.19614382088184357
2.82999999999991,0.06821672657420265,16.2205867767334,0.17800852403816253,0.009681536971568571,0.19674862921237946,0.19681517779827118
2.8319999999999097,0.06821690695865676,16.22027587890625,0.1790660480838105,0.009713278749205061,0.19743108749389648,0.197496697306633
2.8339999999999095,0.06821708350887756,16.219966888427734,0.18013886683840813,0.009743791804984995,0.198123961687088,0.19818894565105438
2.8359999999999093,0.0682172562757628,16.219654083251953,0.18122669118631823,0.0097730767757989,0.19882771372795105,0.19889192283153534
2.837999999999909,0.06821742530994229,16.219341278076172,0.18232921987521772,0.009801134460854939,0.19954289495944977,0.19960668683052063
2.839999999999909,0.06821759066177796,16.219024658203125,0.18344613978028063,0.009827965820693233,0.2002703696489334,0.2003335952758789
2.8419999999999086,0.06821775238136056,16.21870994567871,0.18457712618376443,0.009853571976187045,0.20101137459278107,0.20107415318489075
2.8439999999999084,0.06821791051850615,16.21839141845703,0.18571915839096975,0.009877954207534905,0.20176687836647034,0.20182937383651733
2.845999999999908,0.0682180651227545,16.218074798583984,0.18686884082171967,0.009901113953241083,0.20253822207450867,0.20260052382946014
2.847999999999908,0.06821821624336377,16.217750549316406,0.18802582497670606,0.00992305280908247,0.20332708954811096,0.2033892720937729
2.8499999999999077,0.06821836392930673,16.217426300048828,0.18919148276015824,0.009943772527071853,0.20413507521152496,0.20419715344905853
2.8519999999999075,0.0682185082292672,16.217100143432617,0.19035563524568017,0.00996327501440125,0.20496362447738647,0.20502565801143646
2.8539999999999073,0.06821864919163416,16.21677589416504,0.19038433836930047,0.009981562332380248,0.2058144062757492,0.20587605237960815
2.855999999999907,0.06821878686449685,16.216445922851562,0.19041246180554128,0.009998636695363255,0.20668873190879822,0.20675057172775269
2.857999999999907,0.06821892129564007,16.21611785888672,0.19044000610810546,0.01001450046966346,0.20758788287639618,0.20764987170696259
2.8599999999999066,0.06821905253253835,16.21578598022461,0.19046697191135348,0.01002915617245915,0.20851318538188934,0.20857535302639008
2.8619999999999064,0.06821918062234889,16.2154541015625,0.1904933599299214,0.010042606470686536,0.2094656229019165,0.2095279097557068
2.863999999999906,0.06821930561190694,16.21512222290039,0.19051917095832238,0.010054854179924468,0.21044592559337616,0.21050870418548584
2.865999999999906,0.06821942754771902,16.21479034423828,0.19054440587053134,0.010065902263269592,0.2114548236131668,0.21151764690876007
2.8679999999999057,0.06821954647595514,16.214454650878906,0.19056906561955572,0.010075753830196765,0.2124924659729004,0.21255555748939514
2.8699999999999055,0.06821966244244393,16.2141170501709,0.19059315123699055,0.010084412135415001,0.2135586142539978,0.21362178027629852
2.8719999999999053,0.06821977549266503,16.21377944946289,0.19061666383255738,0.01009188057770977,0.2146533876657486,0.214716836810112
2.873999999999905,0.06821988567174085,16.21343994140625,0.1906396045936285,0.010098162698775141,0.2157760113477707,0.2158394157886505
2.875999999999905,0.06821999302443126,16.21310043334961,0.19066197478473845,0.010103262182040827,0.21692560613155365,0.2169891744852066
2.8779999999999046,0.0682200975951251,16.212759017944336,0.1906837757470769,0.010107182851481501,0.21810130774974823,0.2181648164987564
2.8799999999999044,0.06822019942783283,16.212419509887695,0.19070500889797082,0.01010992867042337,0.21930186450481415,0.21936511993408203
2.881999999999904,0.06822029856617987,16.212078094482422,0.19072567573035032,0.010111503740339967,0.22052563726902008,0.22058868408203125
2.883999999999904,0.06822039505339843,16.211732864379883,0.19074577781220092,0.010111912299635081,0.22177132964134216,0.22183385491371155
2.8859999999999038,0.06822048893231858,16.21139144897461,0.19076531678600162,0.010111158722420731,0.22303694486618042,0.22309906780719757
2.8879999999999035,0.06822058024536376,16.21105194091797,0.19078429436815186,0.010109247517283367,0.2240326702594757,0.22409598529338837
2.8899999999999033,0.06822066903454019,16.21070671081543,0.1908027123483798,0.010106183326042156,0.22405920922756195,0.22412173449993134
2.891999999999903,0.06822075534143045,16.210363388061523,0.19082057258914314,0.010101970922499905,0.22408506274223328,0.2241467535495758
2.893999999999903,0.06822083920718543,16.21001625061035,0.19083787702501248,0.010096615211181688,0.22410982847213745,0.22417111694812775
2.8959999999999027,0.06822092067251645,16.209671020507812,0.19085462766204542,0.010090121226067176,0.22413399815559387,0.2241947501897812
2.8979999999999024,0.06822099977768818,16.209321975708008,0.19087082657714494,0.010082494129316442,0.22415736317634583,0.22421742975711823
2.899999999999902,0.06822107656251021,16.20897102355957,0.19088647591740754,0.010073739209983012,0.22417999804019928,0.22423969209194183
2.901999999999902,0.06822115106633028,16.2086181640625,0.19090157789945933,0.010063861882723128,0.22420157492160797,0.22426089644432068
2.9039999999999018,0.06822122332802562,16.208261489868164,0.19091613480877756,0.010052867686494538,0.2242225855588913,0.22428134083747864
2.9059999999999016,0.06822129338599622,16.207904815673828,0.19093014899900496,0.010040762283248017,0.2242429107427597,0.22430117428302765
2.9079999999999013,0.06822136127815744,16.20754623413086,0.19094362289124844,0.010027551456612166,0.22426243126392365,0.2243201732635498
2.909999999999901,0.06822142704193229,16.207189559936523,0.19095655897336927,0.010013241110570727,0.22428108751773834,0.22433848679065704
2.911999999999901,0.06822149071424413,16.206825256347656,0.19096895979926043,0.009997837268129832,0.22429896891117096,0.22435608506202698
2.9139999999999007,0.06822155233151037,16.206462860107422,0.19098082798811628,0.009981346069981774,0.2243162840604782,0.22437265515327454
2.9159999999999004,0.06822161192963373,16.206100463867188,0.1909921662236871,0.009963773773161459,0.22433260083198547,0.2243884652853012
2.9179999999999002,0.06822166954399733,16.205732345581055,0.19100297725352844,0.00994512674969198,0.22434841096401215,0.2244034707546234
2.9199999999999,0.06822172520945637,16.205366134643555,0.19101326388823697,0.009925411485228559,0.22436317801475525,0.22441774606704712
2.9219999999999,0.0682217789603321,16.204999923706055,0.19102302900067863,0.009904634577693815,0.22437722980976105,0.22443141043186188
2.9239999999998996,0.06822183083040607,16.20462989807129,0.19103227552520524,0.009882802735905966,0.22439074516296387,0.22444412112236023
2.9259999999998993,0.06822188085291189,16.204261779785156,0.19104100645686461,0.009859922778202447,0.2244034856557846,0.2244560718536377
2.927999999999899,0.0682219290605309,16.20389175415039,0.19104922485060027,0.009836001631056806,0.22441527247428894,0.2244672179222107
2.929999999999899,0.06822197548538507,16.20351791381836,0.19105693382044187,0.009811046327690193,0.2244264930486679,0.2244776487350464
2.9319999999998987,0.06822202015903199,16.203147888183594,0.1910641365386886,0.009785064006677164,0.22443699836730957,0.22448739409446716
2.9339999999998985,0.06822206311245842,16.202770233154297,0.19107083623508264,0.00975806191054519,0.224446639418602,0.22449633479118347
2.9359999999998982,0.06822210437607526,16.202392578125,0.19107703619597793,0.009730047384370383,0.22445577383041382,0.22450460493564606
2.937999999999898,0.06822214397971256,16.202007293701172,0.1910827397634971,0.009701027874368209,0.2244640588760376,0.2245120406150818
2.939999999999898,0.06822218195261337,16.20162010192871,0.19108795033468395,0.009671010926476134,0.22447167336940765,0.22451868653297424
2.9419999999998976,0.06822221832343066,16.201229095458984,0.19109267136064922,0.009640004184938425,0.22447863221168518,0.22452490031719208
2.9439999999998974,0.06822225312022108,16.200838088989258,0.1910969063457062,0.009608015390877932,0.22448496520519257,0.22452999651432037
2.945999999999897,0.06822228637044146,16.200448989868164,0.19110065884650324,0.009575052380870327,0.22449035942554474,0.22453466057777405
2.947999999999897,0.068222318100944,16.200054168701172,0.19110393247114837,0.009541123085511572,0.22449526190757751,0.22453849017620087
2.9499999999998967,0.0682223483379728,16.19965934753418,0.19110673087832925,0.009506235527980994,0.2244994342327118,0.22454166412353516
2.9519999999998965,0.06822237710716013,16.199262619018555,0.191109057776424,0.009470397822602672,0.22450275719165802,0.22454404830932617
2.9539999999998963,0.06822240443352219,16.198863983154297,0.19111091692261073,0.0094336181734003,0.22450581192970276,0.22454574704170227
2.955999999999896,0.06822243034145728,16.198463439941406,0.19111231212197022,0.009395904872652506,0.22450792789459229,0.22454679012298584
2.957999999999896,0.06822245485474118,16.198062896728516,0.19111324722658046,0.009357266299442528,0.22450949251651764,0.22454726696014404
2.9599999999998956,0.0682224779965255,16.19765853881836,0.19111372613461414,0.009317710918203707,0.2245103120803833,0.22454704344272614
2.9619999999998954,0.06822249978933481,16.197261810302734,0.19111375278942327,0.009277247277268143,0.22451043128967285,0.2245461493730545
2.963999999999895,0.0682225202550644,16.196863174438477,0.19111333117862495,0.009235884007405626,0.22451020777225494,0.2245444655418396
2.965999999999895,0.06822253941497755,16.196462631225586,0.19111246533318205,0.009193629820364611,0.22450897097587585,0.22454223036766052
2.9679999999998947,0.06822255728970586,16.196063995361328,0.19111115932648032,0.009150493507411843,0.22450731694698334,0.22453923523426056
2.9699999999998945,0.06822257389924478,16.195659637451172,0.1911094172734003,0.009106483937865555,0.22450493276119232,0.22453570365905762
2.9719999999998943,0.06822258926295494,16.195255279541016,0.19110724332939083,0.009061610057633555,0.22450198233127594,0.22453144192695618
2.973999999999894,0.06822260339956002,16.194847106933594,0.19110464168953423,0.009015880887742314,0.22449848055839539,0.22452659904956818
2.975999999999894,0.06822261632714574,16.194442749023438,0.19110161658761327,0.008969305522873245,0.2244943231344223,0.22452107071876526
2.9779999999998936,0.06822262806316085,16.194034576416016,0.19109817229517423,0.008921893129891719,0.22448945045471191,0.22451499104499817
2.9799999999998934,0.06822263862441477,16.193622589111328,0.19109431312058683,0.008873652946376917,0.2244841605424881,0.22450831532478333
2.981999999999893,0.06822264802707953,16.193214416503906,0.19109004340810698,0.00882459427915274,0.22447830438613892,0.22450105845928192
2.983999999999893,0.06822265628668983,16.192798614501953,0.191085367536932,0.008774726502819009,0.22447176277637482,0.22449323534965515
2.9859999999998927,0.06822266341814262,16.192384719848633,0.19108028992025894,0.008724059058277837,0.2244645655155182,0.22448471188545227
2.9879999999998925,0.06822266943569949,16.191965103149414,0.1910748150043417,0.0086726014512662,0.22445692121982574,0.22447553277015686
2.9899999999998923,0.06822267435298594,16.19154930114746,0.19106894726754642,0.008620363250886026,0.22444872558116913,0.22446587681770325
2.991999999999892,0.06822267818299461,16.191129684448242,0.19106269121940744,0.0085673540881354,0.2244398146867752,0.22445575892925262
2.993999999999892,0.0682226809380863,16.19070816040039,0.19105605139968246,0.00851358365444019,0.22443053126335144,0.22444486618041992
2.9959999999998916,0.06822268262999161,16.190284729003906,0.19104903237740933,0.008459061700187799,0.22442074120044708,0.22443343698978424
2.9979999999998914,0.06822268326981337,16.189863204956055,0.19104163874996177,0.008403798033263863,0.22441039979457855,0.22442184388637543
2.999999999999891,0.06822268286802927,16.18943977355957,0.1910338751421078,0.008347802517586737,0.2243994176387787,0.2244093120098114
3.001999999999891,0.0682226814344944,16.18901252746582,0.19102574620506813,0.008291085071647795,0.22438792884349823,0.22439633309841156
3.0039999999998908,0.06822267897844424,16.188587188720703,0.19101725661557528,0.008233655667053493,0.2243759036064148,0.22438281774520874
3.0059999999998905,0.06822267550849823,16.188156127929688,0.19100841107493716,0.008175524327065385,0.22436344623565674,0.22436903417110443
3.0079999999998903,0.06822267103266275,16.187728881835938,0.19099921430809863,0.008116701125154458,0.22435036301612854,0.22435429692268372
3.00999999999989,0.06822266555833552,16.187294006347656,0.19098967106270986,0.008057196183542751,0.22433677315711975,0.2243393361568451
3.01199999999989,0.06822265909230861,16.186857223510742,0.19097978610819222,0.007997019671763207,0.2243228703737259,0.2243237942457199
3.0139999999998897,0.06822265164077385,16.186416625976562,0.19096956423481215,0.007936181805214146,0.22430846095085144,0.2243078649044037
3.0159999999998894,0.06822264320932724,16.185972213745117,0.19095901025275425,0.007874692843722152,0.22429345548152924,0.22429166734218597
3.017999999999889,0.06822263380297235,16.18552589416504,0.19094812899119934,0.007812563090107359,0.22427783906459808,0.2242746204137802
3.019999999999889,0.06822262342612649,16.18507957458496,0.19093692529740564,0.007749802888755702,0.22426196932792664,0.22425729036331177
3.0219999999998888,0.06822261208262606,16.18463134765625,0.190925404035796,0.007686422624194319,0.22424572706222534,0.22423946857452393
3.0239999999998886,0.06822259977573095,16.184181213378906,0.19091357008704535,0.007622432719673675,0.2242289036512375,0.2242211550474167
3.0259999999998883,0.06822258650813152,16.183731079101562,0.19090142834717588,0.007557843635753567,0.22421155869960785,0.22420252859592438
3.027999999999888,0.06822257228195328,16.183279037475586,0.19088898372665658,0.00749266586890089,0.22419390082359314,0.2241833657026291
3.029999999999888,0.06822255709876371,16.182823181152344,0.19087624114950774,0.0074269099500873185,0.22417575120925903,0.22416378557682037
3.0319999999998877,0.06822254095957865,16.1823673248291,0.190863205552409,0.007360586443398235,0.2241571843624115,0.22414395213127136
3.0339999999998875,0.06822252386486823,16.18191146850586,0.19084988188381602,0.00729370594464848,0.2241382896900177,0.22412365674972534
3.0359999999998872,0.06822250581456407,16.181453704833984,0.19083627510308177,0.00722627908000468,0.22411885857582092,0.2241029143333435
3.037999999999887,0.06822248680806613,16.180994033813477,0.19082239017958313,0.007158316504620426,0.2240990251302719,0.22408157587051392
3.039999999999887,0.06822246684424996,16.18053436279297,0.19080823209185777,0.007089828901272353,0.22407904267311096,0.2240600436925888
3.0419999999998866,0.06822244592147379,16.180068969726562,0.19079380582674166,0.007020826979016372,0.22405841946601868,0.22403833270072937
3.0439999999998864,0.06822242403758587,16.17960548400879,0.19077911637852069,0.006951321471843693,0.22403733432292938,0.22401587665081024
3.045999999999886,0.068222401189933,16.17914390563965,0.19076416874808566,0.006881323137354039,0.224016010761261,0.22399337589740753
3.047999999999886,0.068222377375367,16.178674697875977,0.19074896794209556,0.0068108427554386996,0.22399446368217468,0.2239704132080078
3.0499999999998857,0.06822235259025403,16.17820930480957,0.19073351897215163,0.006739891126972807,0.223972350358963,0.22394698858261108
3.0519999999998855,0.0682223268304817,16.177738189697266,0.1907178268539763,0.00666847907252456,0.22394999861717224,0.22392326593399048
3.0539999999998853,0.06822230009146876,16.17726707458496,0.19070189660660453,0.006596617431073006,0.22392719984054565,0.22389942407608032
3.055999999999885,0.06822227236817154,16.176794052124023,0.19068573325158178,0.006524317058743097,0.2239040732383728,0.22387488186359406
3.057999999999885,0.06822224365509497,16.176321029663086,0.19066934181217354,0.006451588827554734,0.22388075292110443,0.22385025024414062
3.0599999999998846,0.06822221394629857,16.17584228515625,0.19065272731258387,0.0063784436241852765,0.2238568663597107,0.2238253951072693
3.0619999999998844,0.0682221832354078,16.175365447998047,0.1906358947771854,0.006304892348753439,0.22383269667625427,0.22380004823207855
3.063999999999884,0.06822215151562146,16.174888610839844,0.19061884922975847,0.006230945913612838,0.22380831837654114,0.22377432882785797
3.065999999999884,0.0682221187797218,16.174409866333008,0.19060159569274354,0.006156615242171992,0.2237836718559265,0.22374849021434784
3.0679999999998837,0.06822208502008192,16.17392921447754,0.19058413918650396,0.006081911267730302,0.2237587422132492,0.2237224578857422
3.0699999999998835,0.06822205022867692,16.173444747924805,0.19056648472860305,0.006006844932333214,0.22373346984386444,0.22369606792926788
3.0719999999998833,0.06822201439709241,16.172964096069336,0.1905486373330899,0.0059314271856517106,0.22370800375938416,0.2236694097518921
3.073999999999883,0.06822197751653403,16.1724796295166,0.19053060200980226,0.005855668983883696,0.2236820012331009,0.22364240884780884
3.075999999999883,0.06822193957783587,16.1719913482666,0.19051238376368201,0.005779581288682235,0.22365598380565643,0.22361519932746887
3.0779999999998826,0.06822190057147162,16.171504974365234,0.19049398759410457,0.005703175066108017,0.22362956404685974,0.22358784079551697
3.0799999999998824,0.06822186048756258,16.171016693115234,0.19047541849422323,0.0056264612856100635,0.22360295057296753,0.22356006503105164
3.081999999999882,0.06822181931588808,16.170528411865234,0.1904566814503289,0.005549450919038001,0.22357606887817383,0.22353211045265198
3.083999999999882,0.06822177704589474,16.1700382232666,0.19043778144122797,0.005472154939685726,0.2235489785671234,0.22350412607192993
3.0859999999998817,0.06822173366670573,16.169546127319336,0.1904187234376341,0.005394584321367739,0.2235216498374939,0.2234758734703064
3.0879999999998815,0.0682216891671299,16.169055938720703,0.19039951240157965,0.00531675003753545,0.2234940379858017,0.2234472930431366
3.0899999999998813,0.06822164353567271,16.16856575012207,0.19038015328584723,0.0052386630604288895,0.22346629202365875,0.22341853380203247
3.091999999999881,0.06822159676054396,16.168071746826172,0.1903606510334162,0.005160334360275143,0.22343814373016357,0.22338932752609253
3.093999999999881,0.06822154882966765,16.16758155822754,0.19034101057693498,0.005081774904528973,0.223409965634346,0.22336038947105408
3.0959999999998806,0.0682214997306914,16.167085647583008,0.1903212368382109,0.005002995657164366,0.22338148951530457,0.22333116829395294
3.0979999999998804,0.06822144945099581,16.166589736938477,0.19030133472772442,0.004924007578018695,0.22335276007652283,0.22330167889595032
3.09999999999988,0.06822139797770217,16.16609764099121,0.19028130914416796,0.004844821622193397,0.22332389652729034,0.22327210009098053
3.10199999999988,0.06822134529768309,16.165599822998047,0.19026116497400786,0.004765448739521675,0.2232952117919922,0.22324231266975403
3.1039999999998797,0.06822129139757012,16.165102005004883,0.19024090709107488,0.004685899874098423,0.22326591610908508,0.22321222722530365
3.1059999999998795,0.06822123626376184,16.164602279663086,0.19022054035618252,0.004606185963886236,0.2232365757226944,0.22318221628665924
3.1079999999998793,0.06822117988243322,16.164104461669922,0.19020006961677555,0.004526317940404392,0.22320716083049774,0.22315213084220886
3.109999999999879,0.06822112223954213,16.163602828979492,0.19017949970661052,0.004446306728503261,0.2231774479150772,0.22312167286872864
3.111999999999879,0.06822106332083959,16.163101196289062,0.1901588354454708,0.0043661632462384595,0.2231476753950119,0.22309119999408722
3.1139999999998786,0.06822100311187379,16.162601470947266,0.19013808163891743,0.004285898404849919,0.22311781346797943,0.2230606973171234
3.1159999999998784,0.06822094159800009,16.162094116210938,0.19011724307808114,0.004205523108860441,0.22308769822120667,0.22302985191345215
3.117999999999878,0.0682208787643857,16.161588668823242,0.19009632453949504,0.004125048256301719,0.2230575829744339,0.22299915552139282
3.119999999999878,0.06822081459601738,16.161081314086914,0.19007533078497352,0.004044484739090657,0.22302713990211487,0.22296828031539917
3.1219999999998778,0.06822074907770648,16.160573959350586,0.19005426656154073,0.003963843443559451,0.2229967564344406,0.22293727099895477
3.1239999999998775,0.06822068219409366,16.160064697265625,0.1900331366014114,0.0038831352511684617,0.22296640276908875,0.22290614247322083
3.1259999999998773,0.06822061392965507,16.15955352783203,0.19001194562203322,0.003802371039422789,0.2229357361793518,0.22287492454051971
3.127999999999877,0.06822054426870501,16.159040451049805,0.1899906983261872,0.00372156168300706,0.2229050248861313,0.22284400463104248
3.129999999999877,0.06822047319539938,16.15852928161621,0.18996939940216284,0.003640718055179224,0.22287403047084808,0.22281257808208466
3.1319999999998767,0.06822040069373955,16.158016204833984,0.18994805352400623,0.00355985102944855,0.22284331917762756,0.2227812260389328
3.1339999999998764,0.06822032674757225,16.157501220703125,0.18992666535185293,0.0034789714815775803,0.2228125035762787,0.2227500081062317
3.135999999999876,0.06822025134059173,16.156986236572266,0.18990523953235422,0.003398090291955352,0.2227814495563507,0.22271864116191864
3.137999999999876,0.06822017445633859,16.15646743774414,0.18988378069920442,0.0033172183483903507,0.2227502316236496,0.22268716990947723
3.139999999999876,0.06822009607819818,16.15595054626465,0.18986229347378447,0.0032363665493872857,0.22271913290023804,0.2226555347442627
3.1419999999998756,0.068220016189399,16.155433654785156,0.18984078246593195,0.0031555458079804105,0.22268804907798767,0.2226240038871765
3.1439999999998753,0.06821993477300725,16.154911041259766,0.1898192522748527,0.0030747670562096003,0.22265689074993134,0.22259269654750824
3.145999999999875,0.06821985181192158,16.15439224243164,0.18979770749019564,0.002994041250341371,0.22262564301490784,0.22256110608577728
3.147999999999875,0.06821976728886518,16.153867721557617,0.1897761526933071,0.002913379376959826,0.2225944846868515,0.22252966463565826
3.1499999999998747,0.06821968118637553,16.153348922729492,0.18975459245869164,0.0028327924600759324,0.2225629985332489,0.22249817848205566
3.1519999999998745,0.06821959348679463,16.15283203125,0.18973303135570657,0.0027522915694374985,0.2225317806005478,0.22246672213077545
3.1539999999998742,0.06821950417225234,16.152313232421875,0.18971147395052207,0.002671887830253172,0.22250056266784668,0.22243532538414001
3.155999999999874,0.06821941322465039,16.15179443359375,0.18968992480839209,0.0025915924346058324,0.22246919572353363,0.22240374982357025
3.157999999999874,0.06821932062564097,16.151275634765625,0.1896683884962752,0.0025114166548832156,0.2224379926919937,0.2223723828792572
3.1599999999998736,0.06821922635660367,16.150753021240234,0.18964686958586935,0.0024313718596313512,0.22240671515464783,0.22234101593494415
3.1619999999998734,0.0682191303986171,16.15022850036621,0.18962537265712087,0.0023514695323502096,0.22237557172775269,0.22230981290340424
3.163999999999873,0.0682190327324247,16.14970588684082,0.1896039023022955,0.002271721293864404,0.22234420478343964,0.22227843105793
3.165999999999873,0.06821893333839882,16.14917755126953,0.18958246313070848,0.0021921389290852043,0.2223130613565445,0.22224737703800201
3.1679999999998727,0.06821883219649352,16.148651123046875,0.189561059774231,0.0021127344191965306,0.22228184342384338,0.22221612930297852
3.1699999999998725,0.06821872928619478,16.14811897277832,0.18953969689373035,0.002033519980601779,0.22225074470043182,0.22218504548072815
3.1719999999998723,0.06821862458646114,16.147586822509766,0.18951837918661962,0.0019545081123418214,0.22221985459327698,0.2221541404724121
3.173999999999872,0.06821851807565246,16.14705467224121,0.1894971113957547,0.001875711654271606,0.2221887856721878,0.22212323546409607
3.175999999999872,0.0682184097314514,16.14651870727539,0.18947589831996703,0.0017971438589524226,0.22215795516967773,0.22209233045578003
3.1779999999998716,0.06821829953076923,16.145978927612305,0.1894547448265969,0.001718818481289597,0.2221270501613617,0.22206179797649384
3.1799999999998714,0.06821818744963835,16.14543914794922,0.18943365586650662,0.0016407498912943733,0.2220962792634964,0.22203105688095093
3.181999999999871,0.06821807346308434,16.1448974609375,0.1894126364921797,0.0015629532173956052,0.22206559777259827,0.22200056910514832
3.183999999999871,0.06821795754498094,16.144350051879883,0.1893916918797091,0.0014854445305582476,0.2220350205898285,0.2219703644514084
3.1859999999998707,0.0682178396678761,16.143802642822266,0.18937082735572763,0.0014082410836888158,0.22200462222099304,0.22194011509418488
3.1879999999998705,0.06821771980279312,16.143253326416016,0.18935004843070474,0.0013313616270027966,0.22197428345680237,0.22191020846366882
3.1899999999998703,0.06821759791899326,16.142696380615234,0.18932936084052748,0.0012548268294662655,0.22194412350654602,0.22188007831573486
3.19199999999987,0.06821747398370052,16.142133712768555,0.18930877059902634,0.0011786598509293876,0.22191394865512848,0.2218504548072815
3.19399999999987,0.06821734796178207,16.141571044921875,0.18928828406515769,0.0011028871324540107,0.221884086728096,0.2218208760023117
3.1959999999998696,0.06821721981537326,16.141002655029297,0.18926790803015037,0.00102753950931914,0.22185423970222473,0.22179150581359863
3.1979999999998694,0.06821708950345348,16.140426635742188,0.18924764983232628,0.0009526538124765809,0.22182448208332062,0.22176223993301392
3.199999999999869,0.0682169569813722,16.13984489440918,0.18922751751105804,0.000878275228877434,0.22179517149925232,0.22173340618610382
3.201999999999869,0.06821682220035324,16.139259338378906,0.1892075200173014,0.0008044608757067983,0.2217659205198288,0.22170455753803253
3.2039999999998687,0.06821668510704723,16.138702392578125,0.18918766750793675,0.0007312853811781155,0.22173669934272766,0.22167609632015228
3.2059999999998685,0.06821654564329954,16.13815689086914,0.1891679717676737,0.0006588499074728584,0.22170782089233398,0.22164805233478546
3.2079999999998683,0.0682164037465418,16.13759994506836,0.1891484468309932,0.0005872973320451738,0.22167940437793732,0.22162015736103058
3.209999999999868,0.0682162593517668,16.137033462524414,0.18912910992803705,0.0005168389838027563,0.2216508686542511,0.221592515707016
3.211999999999868,0.06821611239745465,16.13646125793457,0.1891099829728216,0.0004478042463584982,0.22162306308746338,0.22156530618667603
3.2139999999998676,0.06821596284145415,16.135873794555664,0.1890910949869528,0.00038073810497998796,0.22159524261951447,0.22153888642787933
3.2159999999998674,0.06821581070261938,16.13528060913086,0.1890724861603914,0.00031660504467243537,0.22156785428524017,0.2215128391981125
3.217999999999867,0.06821565616922794,16.134689331054688,0.1890542146584232,0.0002572371284128748,0.22154109179973602,0.2214874029159546
3.219999999999867,0.06821549985829282,16.134122848510742,0.18903636684765057,0.00020630783549041828,0.22151495516300201,0.22146330773830414
3.2219999999998667,0.06821534319059998,16.133638381958008,0.1890190638248645,0.00017093073139707668,0.22148947417736053,0.22144034504890442
3.2239999999998665,0.0682151879363746,16.133493423461914,0.18900241933637868,0.00016104624462769918,0.2214650809764862,0.22141897678375244
3.2259999999998663,0.06821503464413335,16.13370704650879,0.18898639213491347,0.00018020046330622353,0.221441388130188,0.22139813005924225
3.227999999999866,0.06821488284527462,16.13395118713379,0.1889707775899549,0.00021977406354496256,0.22141864895820618,0.22137705981731415
3.229999999999866,0.06821473199445222,16.134071350097656,0.18895541042613312,0.00026926058480107286,0.2213960587978363,0.22135555744171143
3.2319999999998656,0.06821458171145162,16.134031295776367,0.18894020931309896,0.0003228747480189522,0.22137351334095,0.22133390605449677
3.2339999999998654,0.06821443175508013,16.133880615234375,0.18892513801300276,0.00037821308815070176,0.22135132551193237,0.22131218016147614
3.235999999999865,0.06821428197447,16.133651733398438,0.1889101801269894,0.00043430420286091995,0.22126804292201996,0.22121548652648926
3.237999999999865,0.0682141322758038,16.13338851928711,0.18889532817644045,0.0004907285145293828,0.22056397795677185,0.2205123007297516
3.2399999999998648,0.0682139826016538,16.133102416992188,0.18888057896602428,0.0005472875929521044,0.2198719084262848,0.21982122957706451
3.2419999999998645,0.06821383291844663,16.13280487060547,0.18886593149250452,0.0006038780113622227,0.21919192373752594,0.21914194524288177
3.2439999999998643,0.06821368320850742,16.13249969482422,0.18885138593229772,0.0006604401331760557,0.21829678118228912,0.2183055877685547
3.245999999999864,0.06821353346500789,16.13218879699707,0.1888369431198384,0.0007169358629811808,0.2168463170528412,0.21685293316841125
3.247999999999864,0.06821338368858176,16.13187599182129,0.1888226042642422,0.0007733383531706709,0.2154405564069748,0.21544525027275085
3.2499999999998637,0.06821323388507715,16.131567001342773,0.1888083707892586,0.0008296269684779045,0.21407277882099152,0.2140759378671646
3.2519999999998634,0.06821308406398545,16.13125228881836,0.18879424423989255,0.0008857846971778307,0.21273843944072723,0.21274031698703766
3.2539999999998632,0.06821293423736324,16.130943298339844,0.1887802262268466,0.0009417967606326902,0.211434006690979,0.21143518388271332
3.255999999999863,0.06821278441905367,16.130630493164062,0.1887663183929031,0.0009976498357559846,0.21015743911266327,0.2101575881242752
3.257999999999863,0.06821263462414243,16.130321502685547,0.18875252239250606,0.0010533316040625925,0.2089068740606308,0.2089063972234726
3.2599999999998626,0.06821248486855648,16.130016326904297,0.1887388398793055,0.001108830480459794,0.20768161118030548,0.2076800912618637
3.2619999999998623,0.068212335168779,16.129711151123047,0.18872527249865,0.0011641354444278083,0.20648053288459778,0.2064783126115799
3.263999999999862,0.06821218554163937,16.129405975341797,0.1887118218831067,0.001219235930938957,0.20530344545841217,0.20530085265636444
3.265999999999862,0.06821203600415945,16.129098892211914,0.18869848964987646,0.0012741217573780076,0.20415060222148895,0.20414738357067108
3.2679999999998617,0.06821188657344446,16.128795623779297,0.18868527739935903,0.001328783072571477,0.2030215710401535,0.20301790535449982
3.2699999999998615,0.06821173726660232,16.12849235534668,0.1886721867144211,0.0013832103198655847,0.20191657543182373,0.20191234350204468
3.2719999999998612,0.06821158810068585,16.12818717956543,0.18865921916007028,0.0014373942093016364,0.20083603262901306,0.20083127915859222
3.273999999999861,0.06821143909265387,16.12788963317871,0.18864637628336228,0.001491325695918032,0.19977955520153046,0.1997741311788559
3.275999999999861,0.0682112902593428,16.12759017944336,0.18863365961342027,0.0015449959622562653,0.19874723255634308,0.19874133169651031
3.2779999999998606,0.06821114161744783,16.12729263305664,0.1886210706615044,0.001598396403898748,0.19773918390274048,0.1977325975894928
3.2799999999998604,0.0682109931835145,16.126996994018555,0.18860861092108716,0.0016515186172291764,0.19675500690937042,0.1967480629682541
3.28199999999986,0.0682108449739315,16.1267032623291,0.1885962818679114,0.0017043543889077339,0.19579464197158813,0.19578710198402405
3.28399999999986,0.06821069700492939,16.12641143798828,0.18858408496002355,0.0017568956866852686,0.19485777616500854,0.1948496550321579
3.2859999999998597,0.06821054929258227,16.126117706298828,0.18784361879853861,0.0018091346513183727,0.193944051861763,0.19393517076969147
3.2879999999998595,0.06821040185281264,16.125835418701172,0.18674181468270906,0.0018610635893884881,0.19305258989334106,0.19304339587688446
3.2899999999998593,0.06821025470139445,16.12555503845215,0.1856554200105322,0.001912674966892618,0.19218333065509796,0.19217368960380554
3.291999999999859,0.06821010785396162,16.125276565551758,0.1845847227060855,0.0019639614034962566,0.1913355588912964,0.19132524728775024
3.293999999999859,0.06820996132601394,16.125,0.183529996746632,0.0020149156673629374,0.19050849974155426,0.1904980093240738
3.2959999999998586,0.06820981513292551,16.124723434448242,0.1824915019172434,0.002065530670490471,0.18970222771167755,0.18969134986400604
3.2979999999998584,0.06820966928995152,16.12445068359375,0.18146948358816156,0.0021157994644943343,0.1889158934354782,0.1889045238494873
3.299999999999858,0.06820952381223773,16.124176025390625,0.18046417251631303,0.0021657152367898606,0.18814949691295624,0.18813763558864594
3.301999999999858,0.06820937871482637,16.123905181884766,0.17947578467232944,0.0022152713071285197,0.18740247189998627,0.18739032745361328
3.3039999999998577,0.06820923401266694,16.123634338378906,0.17850452109443665,0.0022644611244512264,0.18667471408843994,0.1866624504327774
3.3059999999998575,0.06820908972062063,16.123367309570312,0.1775505677704955,0.0023132782640278046,0.18596647679805756,0.1859540343284607
3.3079999999998573,0.06820894585347034,16.123096466064453,0.17661409554944124,0.0023617164248483573,0.18527773022651672,0.18526490032672882
3.309999999999857,0.06820880242592647,16.122831344604492,0.17569526008328112,0.00240976942724621,0.18460871279239655,0.18459577858448029
3.311999999999857,0.06820865945263352,16.12256622314453,0.17479420180071978,0.002457431210727115,0.18395988643169403,0.1839466392993927
3.3139999999998566,0.06820851694817832,16.122303009033203,0.17391104591338716,0.0025046958319815136,0.1833314299583435,0.18331818282604218
3.3159999999998564,0.06820837492709475,16.122039794921875,0.1730459024555316,0.002551557463068457,0.18272390961647034,0.1827104240655899
3.317999999999856,0.06820823340386951,16.121774673461914,0.17219886635790896,0.0025980103897441814,0.18213745951652527,0.18212392926216125
3.319999999999856,0.06820809239294864,16.12151527404785,0.17137001755648568,0.0026440490099335916,0.1815727949142456,0.18155920505523682
3.3219999999998557,0.06820795190874239,16.12125587463379,0.1705594211364132,0.002689667832317799,0.18103010952472687,0.18101641535758972
3.3239999999998555,0.06820781196562999,16.12099838256836,0.16976712751160414,0.002734861475038418,0.18050944805145264,0.18049560487270355
3.3259999999998553,0.06820767257796363,16.12074089050293,0.1689931726400667,0.0027796246644958716,0.18001075088977814,0.1799968183040619
3.327999999999855,0.06820753376007373,16.120485305786133,0.16823757827501143,0.002823952234244021,0.1795337051153183,0.1795196831226349
3.329999999999855,0.06820739552627254,16.120227813720703,0.16750035225157572,0.002867839123963316,0.17907771468162537,0.17906342446804047
3.3319999999998546,0.06820725789085692,16.11997413635254,0.1667814888088377,0.0029112803785065586,0.17864163219928741,0.17862725257873535
3.3339999999998544,0.06820712086811229,16.119720458984375,0.16608096894663316,0.002954271147015864,0.17822380363941193,0.1782095730304718
3.335999999999854,0.06820698447231678,16.119468688964844,0.1653987608165199,0.0029968066820940087,0.17782285809516907,0.177808478474617
3.337999999999854,0.06820684871774145,16.119218826293945,0.16473482014605753,0.0030388823390373482,0.17743615806102753,0.17742180824279785
3.3399999999998538,0.0682067136186553,16.118967056274414,0.16408854589172436,0.003080493575111478,0.17706100642681122,0.1770467311143875
3.3419999999998535,0.06820657918932523,16.11871910095215,0.1634569571288789,0.003121635948875915,0.1766943633556366,0.176679790019989
3.3439999999998533,0.06820644544402021,16.118467330932617,0.162840641361491,0.003162305119546285,0.17633232474327087,0.17631790041923523
3.345999999999853,0.06820631239701126,16.11821937561035,0.16224224124125258,0.00320249684639443,0.1759709268808365,0.1759566366672516
3.347999999999853,0.0682061800625742,16.117971420288086,0.1616618207250129,0.0032422069881800366,0.17560593783855438,0.1755916327238083
3.3499999999998527,0.06820604845498873,16.11772346496582,0.1610992770632309,0.0032814315026129526,0.17523221671581268,0.17521844804286957
3.3519999999998524,0.06820591758854326,16.11747932434082,0.16055449881803105,0.0033201664458404993,0.17484547197818756,0.1748318076133728
3.353999999999852,0.06820578747753225,16.117238998413086,0.16002736649699945,0.003358407971959082,0.1744403839111328,0.17442697286605835
3.355999999999852,0.06820565813625792,16.117000579833984,0.159517753206399,0.0033961523325472605,0.17401182651519775,0.1739989072084427
3.3579999999998518,0.06820552957903149,16.116748809814453,0.15902552532165437,0.0034333958762176767,0.17355495691299438,0.17354248464107513
3.3599999999998515,0.0682054018201726,16.11650276184082,0.1585505431728748,0.003470135048184564,0.1730651557445526,0.1730531007051468
3.3619999999998513,0.06820527487400918,16.11625862121582,0.15809266174309783,0.003506366389847418,0.17253203690052032,0.17252154648303986
3.363999999999851,0.0682051487548781,16.116012573242188,0.15765173137689886,0.0035420865383893963,0.1718197762966156,0.17180950939655304
3.365999999999851,0.0682050234771247,16.11577606201172,0.15722759849693846,0.003577292226382232,0.17113244533538818,0.1711224466562271
3.3679999999998507,0.06820489905510145,16.11553955078125,0.15682010632602023,0.0036119802814064323,0.17047005891799927,0.17046020925045013
3.3699999999998504,0.06820477550316852,16.11530303955078,0.15642909561217022,0.003646147625677595,0.16983267664909363,0.16982288658618927
3.3719999999998502,0.06820465283569235,16.11507225036621,0.15605440535427978,0.0036797912756790776,0.16921988129615784,0.16921035945415497
3.37399999999985,0.06820453106704473,16.114839553833008,0.15569587352583159,0.003712908341805228,0.16863203048706055,0.168622687458992
3.37599999999985,0.06820441021160231,16.11461067199707,0.1553533377942533,0.0037454960280038736,0.16806887090206146,0.16805975139141083
3.3779999999998496,0.06820429028374428,16.114383697509766,0.15502663623347118,0.003777551631427164,0.167530357837677,0.16752147674560547
3.3799999999998493,0.06820417129785243,16.114158630371094,0.15471560802726936,0.003809072542085615,0.1670164167881012,0.167007714509964
3.381999999999849,0.06820405326830849,16.113935470581055,0.15442009416111224,0.0038400562425003194,0.1665268987417221,0.16651833057403564
3.383999999999849,0.06820393620949323,16.113710403442383,0.15413993810013993,0.0038705003073642072,0.16606168448925018,0.16605348885059357
3.3859999999998487,0.06820382013578495,16.11349105834961,0.15387498645110925,0.0039004024031956447,0.16562089323997498,0.1656126230955124
3.3879999999998485,0.06820370506155624,16.11326789855957,0.15362508960614024,0.00392976028799954,0.16520407795906067,0.16519619524478912
3.3899999999998482,0.06820359100117375,16.113048553466797,0.1533901023661762,0.003958571810922769,0.16481131315231323,0.16480344533920288
3.391999999999848,0.06820347796899569,16.112829208374023,0.15316988454219554,0.0039868349119145845,0.16444239020347595,0.1644347906112671
3.393999999999848,0.06820336597936894,16.112613677978516,0.15296430153225363,0.00401454762137705,0.16409729421138763,0.16408997774124146
3.3959999999998476,0.06820325504662735,16.112398147583008,0.15277322487257386,0.004041708059822579,0.16377577185630798,0.16376851499080658
3.3979999999998474,0.06820314518508921,16.1121826171875,0.1525965327609715,0.00406831443752303,0.1634778082370758,0.16347083449363708
3.399999999999847,0.06820303640905566,16.111968994140625,0.1524341105510193,0.00409436505415849,0.16320323944091797,0.16319653391838074
3.401999999999847,0.06820292873280552,16.111757278442383,0.15228585121545657,0.004119858298461854,0.16295216977596283,0.16294555366039276
3.4039999999998467,0.06820282217059696,16.11154556274414,0.1521516557774484,0.00414479264786166,0.1627240926027298,0.16271774470806122
3.4059999999998465,0.06820271673666069,16.111345291137695,0.1520314337084268,0.004169166668118525,0.16251914203166962,0.16251304745674133
3.4079999999998463,0.06820261244519879,16.111154556274414,0.15192510329132589,0.004192979012958576,0.16233739256858826,0.16233140230178833
3.409999999999846,0.06820250931038292,16.110965728759766,0.15183259194816917,0.004216228423704476,0.16217850148677826,0.1621728241443634
3.411999999999846,0.0682024073463488,16.110774993896484,0.15175383653104563,0.004238913728896729,0.16204239428043365,0.1620369255542755
3.4139999999998456,0.0682023065671962,16.110586166381836,0.15168878357563806,0.004261033843916505,0.16192935407161713,0.16192403435707092
3.4159999999998454,0.06820220698698277,16.110397338867188,0.15163738951658431,0.004282587770598729,0.16183891892433167,0.16183382272720337
3.417999999999845,0.06820210861972377,16.11020851135254,0.15159962086403836,0.0043035745968399725,0.16177122294902802,0.16176630556583405
3.419999999999845,0.0682020114793856,16.110021591186523,0.15157545434094172,0.0043239934962033275,0.16172628104686737,0.16172170639038086
3.4219999999998447,0.06820191557988659,16.109838485717773,0.15156487698059837,0.004343843727519167,0.16170410811901093,0.16169969737529755
3.4239999999998445,0.06820182093508895,16.109651565551758,0.15156788618427466,0.004363124634471793,0.16170446574687958,0.16170023381710052
3.4259999999998443,0.06820172755880019,16.10947036743164,0.15158448973864008,0.004381835645189719,0.1617276817560196,0.16172371804714203
3.427999999999844,0.0682016354647649,16.109285354614258,0.15161470579300285,0.004399976271825908,0.16177360713481903,0.161769837141037
3.429999999999844,0.06820154466666528,16.109100341796875,0.15165856279636267,0.0044175461101302535,0.1618422418832779,0.16183869540691376
3.4319999999998436,0.06820145517811464,16.108919143676758,0.15171609939446307,0.004434544839019338,0.16193370521068573,0.1619303822517395
3.4339999999998434,0.06820136701265497,16.108736038208008,0.15178736428709227,0.004450972220137958,0.16204804182052612,0.1620449721813202
3.435999999999843,0.0682012801837544,16.10855484008789,0.1518724160460215,0.004466828097412153,0.16218538582324982,0.16218240559101105
3.437999999999843,0.0682011947048008,16.108375549316406,0.15197132289407667,0.004482112396603576,0.16234569251537323,0.16234290599822998
3.4399999999998427,0.0682011105891003,16.108196258544922,0.15208416244593134,0.004496825124845729,0.16252896189689636,0.16252654790878296
3.4419999999998425,0.06820102784987235,16.108016967773438,0.15221102141135676,0.0045109663701844846,0.1627354919910431,0.16273324191570282
3.4439999999998423,0.06820094650024636,16.10784149169922,0.15235199526174278,0.004524536301107015,0.16296538710594177,0.16296324133872986
3.445999999999842,0.06820086655325787,16.107667922973633,0.15250718786083817,0.004537535166062191,0.16321858763694763,0.16321660578250885
3.447999999999842,0.06820078802184426,16.107494354248047,0.1526767110607666,0.0045499632929811625,0.16349542140960693,0.1634935885667801
3.4499999999998416,0.06820071091884089,16.10732078552246,0.1528606842644776,0.004561821088783833,0.16379572451114655,0.16379421949386597
3.4519999999998414,0.06820063525697753,16.107149124145508,0.15305923395591903,0.004573109038883767,0.16411980986595154,0.16411837935447693
3.453999999999841,0.06820056104887365,16.10698127746582,0.15327249319931788,0.004583827706684909,0.1644677370786667,0.16446655988693237
3.455999999999841,0.06820048830703601,16.1068115234375,0.15350060110907127,0.004593977733073027,0.16483978927135468,0.16483880579471588
3.4579999999998408,0.06820041704385238,16.106643676757812,0.15374370229184775,0.004603559835896829,0.16523584723472595,0.1652350127696991
3.4599999999998405,0.06820034727158884,16.10647964477539,0.15400194626261657,0.00461257480944647,0.1656562089920044,0.1656554788351059
3.4619999999998403,0.06820027900238619,16.10631561279297,0.15427548683642228,0.004621023523926789,0.1661008596420288,0.1661003679037094
3.46399999999984,0.06820021224825479,16.106155395507812,0.15456448149780405,0.004628906924917698,0.1665700525045395,0.16656966507434845
3.46599999999984,0.06820014702107104,16.105995178222656,0.15486909074987684,0.0046362260328351,0.16706375777721405,0.16706350445747375
3.4679999999998397,0.06820008333257256,16.105836868286133,0.1551894774451582,0.004642981942380759,0.16758209466934204,0.16758200526237488
3.4699999999998394,0.06820002119435586,16.105680465698242,0.15552580610032216,0.004649175821990241,0.16812530159950256,0.16812527179718018
3.471999999999839,0.06819996061787038,16.10552406311035,0.15587824219712773,0.004654808913269426,0.16869328916072845,0.16869354248046875
3.473999999999839,0.06819990161441551,16.105371475219727,0.15624695147183268,0.004659882530428306,0.16928613185882568,0.16928638517856598
3.4759999999998388,0.06819984419513575,16.1052188873291,0.15663209919547497,0.0046643980597090165,0.1699039191007614,0.16990439593791962
3.4779999999998386,0.06819978837101734,16.10506820678711,0.15703384944744128,0.004668356958805675,0.1705467700958252,0.17054730653762817
3.4799999999998383,0.06819973415288418,16.104915618896484,0.157452364384786,0.004671760756279407,0.17121465504169464,0.17121537029743195
3.481999999999838,0.06819968155139246,16.10476303100586,0.15788780350979092,0.004674611050966836,0.17189018428325653,0.17189061641693115
3.483999999999838,0.06819963057702849,16.1046142578125,0.15834032293826814,0.004676909511384895,0.17238961160182953,0.1723899394273758
3.4859999999998377,0.06819958124010339,16.10446548461914,0.1588100746711255,0.004678657875127184,0.172853022813797,0.17285367846488953
3.4879999999998375,0.06819953355074986,16.104320526123047,0.15929720587168836,0.004679857948254431,0.17328518629074097,0.1732858568429947
3.4899999999998372,0.06819948751891704,16.10417366027832,0.15980185815126338,0.004680511604683424,0.1736905723810196,0.1736915409564972
3.491999999999837,0.06819944315436773,16.104028701782227,0.16032416686539291,0.004680620785565228,0.17407433688640594,0.1740754395723343
3.493999999999837,0.06819940046667405,16.103885650634766,0.16086426042319604,0.0046801874986623125,0.17444129288196564,0.17444266378879547
3.4959999999998366,0.06819935946521273,16.103744506835938,0.16142225961214177,0.004679213817716982,0.17479658126831055,0.17479805648326874
3.4979999999998364,0.06819932015916257,16.103607177734375,0.16199827694051389,0.0046777018818169366,0.17514489591121674,0.17514672875404358
3.499999999999836,0.06819928255749964,16.103466033935547,0.1625924159997563,0.004675653894754865,0.17549070715904236,0.17549259960651398
3.501999999999836,0.0681992466689934,16.103328704833984,0.16320474561050613,0.004673072124383399,0.1758386194705963,0.17584064602851868
3.5039999999998357,0.06819921250220311,16.103195190429688,0.16383223824061122,0.004669958901963091,0.17619213461875916,0.17619453370571136
3.5059999999998355,0.0681991800654748,16.103059768676758,0.1644750366300373,0.004666316621510571,0.17655527591705322,0.17655779421329498
3.5079999999998353,0.06819914936693575,16.10292625427246,0.165135315176334,0.0046621477391344925,0.17693068087100983,0.17693325877189636
3.509999999999835,0.06819912041449214,16.102794647216797,0.16581397651193394,0.004657454772374569,0.17732137441635132,0.1773243248462677
3.511999999999835,0.06819909321582543,16.102663040161133,0.16651109093696206,0.004652240299530836,0.17772972583770752,0.17773254215717316
3.5139999999998346,0.06819906777838833,16.102535247802734,0.1672266894340253,0.00464650695899066,0.17815689742565155,0.17815999686717987
3.5159999999998344,0.06819904410940068,16.102407455444336,0.1679607898954639,0.00464025744855146,0.1786046028137207,0.17860813438892365
3.517999999999834,0.06819902221584787,16.102279663085938,0.16871339673352004,0.004633494524739171,0.17907406389713287,0.17907758057117462
3.519999999999834,0.06819900210447456,16.102157592773438,0.16948450052525393,0.004626221002120539,0.17956572771072388,0.1795693039894104
3.5219999999998337,0.06819898378178363,16.102035522460938,0.1702740776928634,0.00461843975261586,0.18007980287075043,0.18008370697498322
3.5239999999998335,0.06819896725403221,16.101909637451172,0.17108209021989046,0.004610153704803808,0.18061673641204834,0.1806206852197647
3.5259999999998333,0.06819895252722732,16.101791381835938,0.1719084854036362,0.004601365843224313,0.18117615580558777,0.18118029832839966
3.527999999999833,0.06819893960712405,16.101669311523438,0.17275319564391675,0.004592079207677814,0.18175800144672394,0.18176230788230896
3.529999999999833,0.0681989284992218,16.101552963256836,0.1736161382681592,0.0045822968925215805,0.1823621243238449,0.1823665350675583
3.5319999999998326,0.06819891920876107,16.1014347076416,0.17449721539263582,0.004572022045960383,0.18298815190792084,0.18299254775047302
3.5339999999998324,0.06819891174072049,16.101322174072266,0.17539631381952564,0.004561257869337678,0.18363551795482635,0.183639794588089
3.535999999999832,0.06819890609981395,16.101207733154297,0.17631330496929237,0.0045500076164187555,0.18430376052856445,0.1843084841966629
3.537999999999832,0.06819890229048779,16.10109519958496,0.17724804484778534,0.004538274592676771,0.18499311804771423,0.18499799072742462
3.5399999999998317,0.06819890031691771,16.100982666015625,0.17820037404728334,0.004526062154570983,0.18570317327976227,0.18570803105831146
3.5419999999998315,0.06819890018300571,16.100873947143555,0.1791701177806186,0.004513373708825125,0.1864340454339981,0.1864391267299652
3.5439999999998313,0.0681989018923787,16.10076141357422,0.18015708594737778,0.004500212711699948,0.18718549609184265,0.18719074130058289
3.545999999999831,0.06819890544838472,16.10065460205078,0.18116107323110703,0.004486582668269665,0.1879580169916153,0.1879633665084839
3.547999999999831,0.06819891085409006,16.100549697875977,0.18218185922630975,0.00447248713168703,0.1887514293193817,0.18875688314437866
3.5499999999998306,0.06819891811227813,16.100444793701172,0.1832192085940027,0.004457929702456314,0.18956659734249115,0.18957184255123138
3.5519999999998304,0.06819892722544656,16.100341796875,0.18427287124447117,0.00444291402769391,0.1904032677412033,0.19040898978710175
3.55399999999983,0.06819893819580447,16.10024070739746,0.18534258254585473,0.004427443800395164,0.19126230478286743,0.19126805663108826
3.55599999999983,0.06819895102527096,16.100139617919922,0.18642806355710723,0.004411522758695357,0.19214418530464172,0.19214989244937897
3.5579999999998297,0.0681989657154723,16.100040435791016,0.1875290212838721,0.004395154685129996,0.1930491030216217,0.19305506348609924
3.5599999999998295,0.06819898226774058,16.099945068359375,0.1885070005463938,0.004378343405892055,0.19397765398025513,0.1939835250377655
3.5619999999998293,0.06819900068311183,16.099851608276367,0.1885182399003929,0.004361092790092703,0.19493024051189423,0.19493606686592102
3.563999999999829,0.06819902096232337,16.09975814819336,0.18852962106074234,0.004343406749012258,0.1959068924188614,0.19591276347637177
3.565999999999829,0.068199043105813,16.099666595458984,0.18854114287739637,0.004325289235358228,0.19690831005573273,0.19691410660743713
3.5679999999998286,0.06819906711371707,16.099576950073242,0.18855280418796788,0.004306744242517887,0.19793398678302765,0.1979399472475052
3.5699999999998284,0.06819909298586786,16.099489212036133,0.18856460381785706,0.004287775803811347,0.19898465275764465,0.19899077713489532
3.571999999999828,0.06819912072179522,16.09939956665039,0.1885765405803787,0.004268387991742366,0.20006033778190613,0.20006614923477173
3.573999999999828,0.06819915032072113,16.09931182861328,0.1885886132768873,0.004248584917250871,0.20116087794303894,0.20116661489009857
3.5759999999998278,0.06819918178156137,16.099227905273438,0.18860082069691042,0.00422837072896269,0.20228618383407593,0.2022920548915863
3.5779999999998275,0.06819921510292404,16.09914779663086,0.18861316161827385,0.004207749612441667,0.20343658328056335,0.20344260334968567
3.5799999999998273,0.06819925028310678,16.09906578063965,0.18862563480723193,0.004186725789437295,0.2046123594045639,0.20461811125278473
3.581999999999827,0.06819928732009896,16.098983764648438,0.18863823901859778,0.00416530351713671,0.20581360161304474,0.20581921935081482
3.583999999999827,0.06819932621157677,16.098907470703125,0.18865097299587208,0.0041434870874143765,0.2070411890745163,0.20704694092273712
3.5859999999998267,0.06819936695490655,16.09882926940918,0.1886638354713766,0.00412128082608151,0.20829595625400543,0.20830154418945312
3.5879999999998264,0.06819940954714168,16.098751068115234,0.18867682516638085,0.00409868909213831,0.20957918465137482,0.20958465337753296
3.589999999999826,0.06819945398502307,16.098676681518555,0.1886899407912374,0.004075716277024366,0.21089309453964233,0.21089835464954376
3.591999999999826,0.06819950026497842,16.09860610961914,0.18870318104551181,0.004052366803868625,0.2122398465871811,0.2122451215982437
3.593999999999826,0.0681995483831223,16.09853172302246,0.18871654461811505,0.004028645126744157,0.21362386643886566,0.2136288583278656
3.5959999999998256,0.0681995983352558,16.098461151123047,0.18873003018743667,0.004004555729921462,0.2150495946407318,0.21505431830883026
3.5979999999998253,0.06819965011686561,16.098390579223633,0.18874363642147757,0.0039801031271209306,0.2158624231815338,0.2158716320991516
3.599999999999825,0.06819970372312624,16.098323822021484,0.18875736197798437,0.003955291860770326,0.21651704609394073,0.2165263593196869
3.601999999999825,0.06819975914889895,16.09825897216797,0.1887712055045821,0.003930126501260017,0.21718426048755646,0.2171935737133026
3.6039999999998247,0.06819981638873082,16.098194122314453,0.1887851656389088,0.0039046116462029346,0.2178633064031601,0.2178725302219391
3.6059999999998245,0.06819987543685757,16.098129272460938,0.18879924100875162,0.0038787519196931248,0.2185540795326233,0.2185634970664978
3.6079999999998242,0.06819993628720286,16.098068237304688,0.18881343023218033,0.0038525519715693194,0.21925607323646545,0.21926559507846832
3.609999999999824,0.06819999893337876,16.09800910949707,0.18882773191768354,0.0038260164766765,0.2199694663286209,0.21997913718223572
3.611999999999824,0.06820006336868724,16.097949981689453,0.18884214466430466,0.0037991501341325083,0.2206934690475464,0.22070322930812836
3.6139999999998236,0.06820012958612011,16.097896575927734,0.18885666706177812,0.003771957666597831,0.22114145755767822,0.2211533784866333
3.6159999999998234,0.06820019757836136,16.09783935546875,0.18887129769066574,0.003744443819543083,0.22116202116012573,0.2211742103099823
3.617999999999823,0.0682002673377871,16.097787857055664,0.18888603512249397,0.0037166133605241744,0.2211829423904419,0.22119517624378204
3.619999999999823,0.06820033885646723,16.097734451293945,0.1889008779198909,0.003688471078456698,0.22120381891727448,0.22121629118919373
3.6219999999998227,0.06820041212616802,16.097684860229492,0.1889158246367239,0.003660021782897169,0.22122515738010406,0.22123758494853973
3.6239999999998225,0.06820048713835096,16.097633361816406,0.18893087381823714,0.003631270303320265,0.22124624252319336,0.22125907242298126
3.6259999999998223,0.06820056388417692,16.097585678100586,0.18894602400118998,0.003602221488407674,0.22126774489879608,0.22128048539161682
3.627999999999822,0.06820064235450685,16.097537994384766,0.1889612737139954,0.00357288020533756,0.22128935158252716,0.22130228579044342
3.629999999999822,0.06820072253990381,16.09749412536621,0.18897662147685823,0.0035432513390700276,0.2213110327720642,0.22132426500320435
3.6319999999998216,0.06820080443063456,16.097450256347656,0.18899206580191313,0.0035133397916516083,0.2213328331708908,0.22134608030319214
3.6339999999998214,0.06820088801667248,16.097408294677734,0.1890076051933653,0.0034831504815073773,0.22135484218597412,0.22136814892292023
3.635999999999821,0.06820097328769921,16.097366333007812,0.18902323814762706,0.003452688342751117,0.22137685120105743,0.22139038145542145
3.637999999999821,0.06820106023310775,16.09732437133789,0.18903896315345864,0.0034219583244900044,0.22139909863471985,0.22141292691230774
3.6399999999998207,0.06820114884200369,16.097286224365234,0.18905477869210563,0.003390965390138723,0.22142145037651062,0.2214352786540985
3.6419999999998205,0.06820123910320904,16.09724998474121,0.18907068323743997,0.0033597145167381143,0.2214437574148178,0.22145797312259674
3.6439999999998203,0.06820133100526436,16.097213745117188,0.18908667525609724,0.003328210694276801,0.22146637737751007,0.22148068249225616
3.64599999999982,0.06820142453643226,16.09717559814453,0.18910275320761571,0.0032964589250207526,0.22148914635181427,0.22150340676307678
3.64799999999982,0.06820151968469981,16.097145080566406,0.189118915544576,0.0032644642228461637,0.22151193022727966,0.22152648866176605
3.6499999999998196,0.068201616437782,16.09711265563965,0.18913516071273823,0.0032322316125795673,0.22153504192829132,0.22154955565929413
3.6519999999998194,0.0682017147831244,16.097082138061523,0.18915148715118113,0.00319976612934275,0.22155794501304626,0.22157274186611176
3.653999999999819,0.06820181470790744,16.09705352783203,0.18916789329243955,0.003167072817906146,0.22158104181289673,0.2215961515903473
3.655999999999819,0.0682019161990495,16.09702491760254,0.18918437756264245,0.003134156732045989,0.22160445153713226,0.22161953151226044
3.6579999999998187,0.068202019243211,16.096996307373047,0.1892009383816486,0.0031010229339105255,0.22162772715091705,0.22164306044578552
3.6599999999998185,0.06820212382679693,16.096969604492188,0.18921757416318385,0.0030676764933929416,0.22165118157863617,0.22166654467582703
3.6619999999998183,0.0682022299359623,16.096946716308594,0.18923428331497655,0.0030341224875106414,0.22167471051216125,0.22169026732444763
3.663999999999818,0.06820233755661559,16.096923828125,0.1892510642388931,0.0030003659997967632,0.22169829905033112,0.22171400487422943
3.665999999999818,0.06820244667442223,16.096900939941406,0.18926791533106974,0.0029664121196915933,0.22172212600708008,0.22173793613910675
3.6679999999998176,0.06820255727480999,16.096881866455078,0.18928483498204934,0.002932265941954528,0.22174590826034546,0.22176191210746765
3.6699999999998174,0.0682026693429729,16.096858978271484,0.18930182157691022,0.0028979325660726182,0.2217700332403183,0.2217860072851181
3.671999999999817,0.0682027828638763,16.09684181213379,0.1893188734953975,0.002863417095689132,0.2217939794063568,0.2218099981546402
3.673999999999817,0.06820289782226013,16.09682273864746,0.18933598911205313,0.002828724638035673,0.2218179553747177,0.22183436155319214
3.6759999999998167,0.06820301420264623,16.096803665161133,0.18935316679634412,0.002793860303378979,0.22184211015701294,0.22185856103897095
3.6779999999998165,0.06820313198934076,16.096786499023438,0.18937040491278656,0.002758829204475719,0.22186647355556488,0.2218828946352005
3.6799999999998163,0.06820325116644119,16.096771240234375,0.18938770182107234,0.002723636456040933,0.22189085185527802,0.22190748155117035
3.681999999999816,0.06820337171784094,16.096755981445312,0.18940505587618978,0.0026882871742308113,0.22191521525382996,0.2219318002462387
3.683999999999816,0.06820349362723471,16.096742630004883,0.18942246542854357,0.002652786476132878,0.22193953394889832,0.22195656597614288
3.6859999999998156,0.06820361687812405,16.096729278564453,0.1894399288240729,0.0026171394792779447,0.22196412086486816,0.22198113799095154
3.6879999999998154,0.06820374145382324,16.096715927124023,0.18945744440436574,0.002581351301159713,0.22198881208896637,0.22200603783130646
3.689999999999815,0.06820386733746582,16.09670639038086,0.18947501050677068,0.0025454270587749106,0.22201350331306458,0.22203078866004944
3.691999999999815,0.06820399451200933,16.096698760986328,0.18949262546450374,0.0025093718681790398,0.22203831374645233,0.2220555543899536
3.6939999999998148,0.06820412296024267,16.096689224243164,0.18951028760675598,0.0024731908440578155,0.22206313908100128,0.2220805287361145
3.6959999999998145,0.06820425266479155,16.096683502197266,0.18952799525879155,0.002436889099320316,0.22208774089813232,0.22210539877414703
3.6979999999998143,0.06820438360812663,16.0966796875,0.18954574674204577,0.0024004717447119704,0.2221127152442932,0.22213050723075867
3.699999999999814,0.06820451577256882,16.0966739654541,0.18956354037421552,0.0023639438884484024,0.22213773429393768,0.22215548157691956
3.701999999999814,0.0682046491402964,16.096670150756836,0.1895813744693463,0.002327310635872668,0.22216281294822693,0.22218050062656403
3.7039999999998137,0.06820478369335292,16.096668243408203,0.1895992473379135,0.002290577089139129,0.2221878319978714,0.22220578789710999
3.7059999999998134,0.06820491941365456,16.096668243408203,0.1896171572868961,0.0022537483469232482,0.22221283614635468,0.22223088145256042
3.7079999999998132,0.06820505628299642,16.09667205810547,0.1896351026198439,0.002216829504160707,0.22223812341690063,0.22225603461265564
3.709999999999813,0.06820519428306226,16.09667205810547,0.1896530816369394,0.0021798256518180833,0.22226324677467346,0.2222813069820404
3.711999999999813,0.06820533339543138,16.096675872802734,0.18967109263504833,0.002142741876699268,0.22228853404521942,0.2223067432641983
3.7139999999998126,0.06820547360158673,16.0966796875,0.18968913390776243,0.002105583261287299,0.22231359779834747,0.22233204543590546
3.7159999999998123,0.06820561488292468,16.0966854095459,0.18970720374543393,0.002068354883628879,0.22233888506889343,0.22235721349716187
3.717999999999812,0.06820575722076302,16.096691131591797,0.1897253004351968,0.0020310618172628666,0.22236432135105133,0.22238267958164215
3.719999999999812,0.06820590059635051,16.096696853637695,0.18974342226097657,0.0019937091311964315,0.22238966822624207,0.22240807116031647
3.7219999999998117,0.06820604499087643,16.09670639038086,0.18976156750348883,0.0019563018899364333,0.22241491079330444,0.22243358194828033
3.7239999999998115,0.06820619038548027,16.096717834472656,0.18977973444022017,0.0019188451535805343,0.2224404364824295,0.22245889902114868
3.7259999999998112,0.06820633676126267,16.09672737121582,0.18979792134539603,0.0018813439779721997,0.2224656045436859,0.22248432040214539
3.727999999999811,0.06820648409929542,16.096736907958984,0.18981612648992907,0.0018438034149298626,0.2224910408258438,0.22250977158546448
3.729999999999811,0.06820663238063326,16.096750259399414,0.18983434814134803,0.0018062285125536883,0.22251640260219574,0.2225353866815567
3.7319999999998106,0.06820678158632465,16.09676742553711,0.18985258456370563,0.0017686243156277144,0.2225419282913208,0.22256073355674744
3.7339999999998104,0.06820693169742574,16.096782684326172,0.18987083401746307,0.0017309958661194844,0.22256752848625183,0.22258634865283966
3.73599999999981,0.06820708269501174,16.096797943115234,0.18988909475934385,0.0016933482037917575,0.22259269654750824,0.22261181473731995
3.73799999999981,0.06820723456019058,16.096813201904297,0.18990736504216316,0.0016556863669447807,0.2226184904575348,0.22263725101947784
3.7399999999998097,0.06820738727411797,16.096834182739258,0.18992564311461924,0.0016180153933006759,0.22264379262924194,0.222662553191185
3.7419999999998095,0.06820754081801168,16.09685516357422,0.1899439272210497,0.0015803403210535132,0.22266912460327148,0.2226881980895996
3.7439999999998093,0.06820769517316767,16.096879959106445,0.1899622156011459,0.0015426661901027689,0.2226947695016861,0.2227136492729187
3.745999999999809,0.06820785032097669,16.096904754638672,0.18998050648961823,0.0015049980435050685,0.22272029519081116,0.22273899614810944
3.747999999999809,0.06820800624294343,16.09693145751953,0.189998798115811,0.0014673409291631368,0.2227456271648407,0.22276461124420166
3.7499999999998086,0.06820816292070446,16.096961975097656,0.19001708870325362,0.0014296999018065006,0.22277086973190308,0.22278983891010284
3.7519999999998084,0.0682083203360493,16.09699058532715,0.19003537646914614,0.0013920800252912825,0.22279644012451172,0.22281549870967865
3.753999999999808,0.06820847847094294,16.097023010253906,0.19005365962376813,0.001354486375284042,0.22282174229621887,0.22284087538719177
3.755999999999808,0.0682086373075495,16.09705352783203,0.1900719363697943,0.0013169240423889918,0.22284726798534393,0.22286608815193176
3.7579999999998077,0.0682087968282581,16.097087860107422,0.19009020490151413,0.0012793981357987418,0.2228725105524063,0.22289149463176727
3.7599999999998075,0.06820895701571009,16.097122192382812,0.19010846340393212,0.0012419137875590094,0.22289778292179108,0.222916841506958
3.7619999999998073,0.06820911785283233,16.09715461730957,0.19012671005173504,0.0012044761575668052,0.22292321920394897,0.22294218838214874
3.763999999999807,0.06820927932286837,16.097192764282227,0.1901449430081013,0.00116709043944102,0.22294840216636658,0.22296741604804993
3.765999999999807,0.0682094414094164,16.097230911254883,0.19016316042333437,0.0011297618674399488,0.22297367453575134,0.22299253940582275
3.7679999999998066,0.06820960409646976,16.097270965576172,0.19018136043328104,0.0010924957246478252,0.22299878299236298,0.22301769256591797
3.7699999999998064,0.06820976736846376,16.09731101989746,0.1901995411575041,0.0010552973526987987,0.22302408516407013,0.22304275631904602
3.771999999999806,0.06820993121032493,16.09735107421875,0.19021770069716326,0.0010181721633904888,0.22304926812648773,0.22306782007217407
3.773999999999806,0.0682100956075272,16.097396850585938,0.19023583713255082,0.0009811256526181652,0.22307418286800385,0.22309298813343048
3.7759999999998057,0.06821026054615742,16.09743881225586,0.19025394852021393,0.0009441634172072642,0.22309915721416473,0.22311809659004211
3.7779999999998055,0.06821042601298746,16.097484588623047,0.19027203288958283,0.0009072911753704541,0.22312428057193756,0.22314289212226868
3.7799999999998053,0.06821059199555411,16.097530364990234,0.1902900882390025,0.0008705147917452549,0.2231491357088089,0.22316786646842957
3.781999999999805,0.06821075848225627,16.097579956054688,0.19030811253103858,0.0008338403082921926,0.2231740802526474,0.22319254279136658
3.783999999999805,0.06821092546246058,16.097627639770508,0.19032610368689284,0.0007972739827367285,0.22319892048835754,0.2232174128293991
3.7859999999998046,0.06821109292662764,16.09767723083496,0.19034405957972195,0.0007608223368555257,0.22322368621826172,0.22324208915233612
3.7879999999998044,0.06821126086645658,16.09773063659668,0.19036197802658605,0.0007244922177405028,0.22324857115745544,0.22326679527759552
3.789999999999804,0.06821142927505641,16.0977840423584,0.1903798567786789,0.000688290876403535,0.22327308356761932,0.22329124808311462
3.791999999999804,0.0682115981471463,16.09783935546875,0.19039769350936647,0.0006522260698547641,0.22329764068126678,0.22331593930721283
3.7939999999998038,0.06821176747929332,16.097898483276367,0.1904154857994182,0.000616306195449279,0.22332213819026947,0.2233402281999588
3.7959999999998035,0.06821193727019619,16.097957611083984,0.19043323111857763,0.0005805404703158115,0.2233465313911438,0.22336460649967194
3.7979999999998033,0.06821210752102876,16.098020553588867,0.19045092680231013,0.0005449391748805041,0.2233709841966629,0.22338874638080597
3.799999999999803,0.06821227823584956,16.09808349609375,0.19046857002209377,0.0005095139893716822,0.22339512407779694,0.22341293096542358
3.801999999999803,0.06821244942210508,16.0981502532959,0.19048615774692573,0.0004742784681238058,0.22341933846473694,0.22343719005584717
3.8039999999998027,0.06821262109123938,16.09821891784668,0.1905036866926592,0.0004392487231584032,0.22344356775283813,0.22346104681491852
3.8059999999998024,0.0682127932594368,16.098289489746094,0.1905211532541346,0.0004044444342778145,0.22346749901771545,0.22348491847515106
3.807999999999802,0.06821296594852246,16.098363876342773,0.19053855341244025,0.00036989038440101736,0.2234913557767868,0.22350852191448212
3.809999999999802,0.06821313918702303,16.09844398498535,0.19055588260529022,0.0003356188694934298,0.22351515293121338,0.22353222966194153
3.8119999999998018,0.06821331301135872,16.098526000976562,0.19057313554117117,0.0003016736232289437,0.2235388159751892,0.22355571389198303
3.8139999999998015,0.06821348746697975,16.098615646362305,0.1905903059250008,0.000268116485918738,0.22356237471103668,0.22357909381389618
3.8159999999998013,0.06821366260888248,16.09872055053711,0.19060738603971344,0.00023503930893732135,0.22358566522598267,0.22360225021839142
3.817999999999801,0.0682138384997996,16.098838806152344,0.19062436608452982,0.00020258645552035024,0.2236088663339615,0.22362543642520905
3.819999999999801,0.06821401520100377,16.098960876464844,0.1906412330877827,0.00017100021775559202,0.22363218665122986,0.22364826500415802
3.8219999999998007,0.06821419274024998,16.099092483520508,0.19065796905928734,0.00014071935890192655,0.2236548662185669,0.2236708551645279
3.8239999999998004,0.06821437100891965,16.099224090576172,0.19067454782356008,0.00011260781959977971,0.2236776351928711,0.22369320690631866
3.8259999999998002,0.06821454945934043,16.099348068237305,0.19069093011779514,8.849310983634685e-05,0.2236998826265335,0.22371520102024078
3.8279999999998,0.06821472653009618,16.09942054748535,0.19070706062777987,7.21513818665321e-05,0.22372199594974518,0.22373680770397186
3.8299999999998,0.06821490006354863,16.0993595123291,0.19072289287387506,6.897424830085966e-05,0.22374364733695984,0.22375766932964325
3.8319999999997996,0.0682150693464861,16.09917449951172,0.19073846885303775,8.022509446909798e-05,0.22376476228237152,0.2237783521413803
3.8339999999997993,0.06821523481181507,16.098947525024414,0.190753894000335,0.00010072361382088922,0.22378572821617126,0.22379903495311737
3.835999999999799,0.06821539699661928,16.09882926940918,0.19076923354564823,0.00012534528117859144,0.22380663454532623,0.22381974756717682
3.837999999999799,0.06821555630531059,16.098764419555664,0.1907845132591891,0.00015160669442413062,0.2238275110721588,0.2238404005765915
3.8399999999997987,0.06821571302645786,16.098724365234375,0.19079974215356782,0.00017853709011987292,0.2238483428955078,0.2238609790802002
3.8419999999997985,0.06821586737157903,16.098703384399414,0.19081492291269858,0.00020574964094690064,0.22386899590492249,0.22388151288032532
3.8439999999997982,0.06821601950145563,16.09868812561035,0.19083005575482576,0.0002330758803739073,0.22388947010040283,0.2239021211862564
3.845999999999798,0.06821616954304499,16.09868049621582,0.19084513990165197,0.0002604347221378107,0.22391006350517273,0.22392259538173676
3.847999999999798,0.06821631759963748,16.098674774169922,0.19086017417362283,0.00028778304410351994,0.22393056750297546,0.22394274175167084
3.8499999999997976,0.06821646375763071,16.098669052124023,0.19087515724479232,0.0003150955236088698,0.2239508479833603,0.22396306693553925
3.8519999999997974,0.06821660809079824,16.098663330078125,0.19089008775519656,0.00034235576706681797,0.22397106885910034,0.22398331761360168
3.853999999999797,0.06821675066334755,16.098657608032227,0.19090496436030102,0.00036955213595241435,0.22399133443832397,0.2240033894777298
3.855999999999797,0.06821689153195255,16.098651885986328,0.1909197857513214,0.00039667566781066135,0.22401146590709686,0.22402352094650269
3.8579999999997967,0.06821703074729707,16.09864616394043,0.19093455066190834,0.00042371898554967736,0.224031463265419,0.22404345870018005
3.8599999999997965,0.06821716835515299,16.0986385345459,0.19094925786839007,0.0004506757007755985,0.2240513265132904,0.22406317293643951
3.8619999999997963,0.06821730439723264,16.098630905151367,0.19096390618718068,0.0004775400731820726,0.224071204662323,0.22408294677734375
3.863999999999796,0.06821743891181117,16.09862518310547,0.19097849447107362,0.0005043068098228663,0.22409114241600037,0.2241026610136032
3.865999999999796,0.0682175719342344,16.098617553710938,0.1909930216053216,0.0005309709421297566,0.2241106480360031,0.22412219643592834
3.8679999999997956,0.06821770349730481,16.098609924316406,0.19100748650389365,0.0005575277485671681,0.22413033246994019,0.22414176166057587
3.8699999999997954,0.06821783363160297,16.098602294921875,0.19102188810611032,0.0005839727040328714,0.2241499423980713,0.2241610437631607
3.871999999999795,0.0682179623657415,16.098594665527344,0.1910362253737009,0.0006103014459641458,0.22416919469833374,0.2241804450750351
3.873999999999795,0.0682180897265789,16.098587036132812,0.1910504972882962,0.0006365097506700331,0.22418853640556335,0.22419951856136322
3.8759999999997947,0.06821821573939534,16.09857940673828,0.19106470284931404,0.0006625935164263507,0.22420793771743774,0.2242187112569809
3.8779999999997945,0.06821834042804271,16.098573684692383,0.1910788410722037,0.0006885487508900165,0.22422699630260468,0.22423775494098663
3.8799999999997943,0.06821846381507111,16.098573684692383,0.19109291098699777,0.000714371561531125,0.22424587607383728,0.2242567241191864
3.881999999999794,0.0682185859218379,16.098567962646484,0.19110691163713084,0.0007400581480908452,0.22426483035087585,0.22427542507648468
3.883999999999794,0.06821870676860235,16.09856414794922,0.1911208420784823,0.0007656047965237766,0.22428365051746368,0.224294051527977
3.8859999999997936,0.06821882637460873,16.098560333251953,0.19113470137860972,0.0007910078740011677,0.2243025302886963,0.22431257367134094
3.8879999999997934,0.06821894475815883,16.098556518554688,0.1911484886161398,0.0008162638247309408,0.22432102262973785,0.22433124482631683
3.889999999999793,0.06821906193667691,16.098554611206055,0.19116220288029023,0.0008413691663873085,0.2243395298719406,0.22434963285923004
3.891999999999793,0.06821917792676736,16.098548889160156,0.19117584327050213,0.0008663204870445117,0.22435790300369263,0.22436782717704773
3.8939999999997927,0.0682192927442669,16.098548889160156,0.19118940889616115,0.0008911144424944374,0.22437618672847748,0.22438617050647736
3.8959999999997925,0.06821940640429158,16.098541259765625,0.19120289887639286,0.0009157477539011645,0.22439438104629517,0.22440408170223236
3.8979999999997923,0.0682195189212792,16.098539352416992,0.19121631233991787,0.0009402172057184533,0.22441241145133972,0.22442203760147095
3.899999999999792,0.06821963030902871,16.098535537719727,0.19122964842495987,0.000964519643847839,0.22443026304244995,0.2244398593902588
3.901999999999792,0.0682197405807361,16.098529815673828,0.19124290627918938,0.0009886519739874015,0.2244480699300766,0.22445759177207947
3.9039999999997916,0.06821984974902677,16.098526000976562,0.1912560850597042,0.001012611160155746,0.22446602582931519,0.22447532415390015
3.9059999999997914,0.06821995782598725,16.098522186279297,0.19126918393303394,0.001036394223363975,0.22448362410068512,0.224492609500885
3.907999999999791,0.06822006482319233,16.09851837158203,0.19128220207516694,0.001059998240420333,0.22450095415115356,0.2245100736618042
3.909999999999791,0.06822017075173208,16.098512649536133,0.19129513867159514,0.001083420342848941,0.22451849281787872,0.22452732920646667
3.9119999999997908,0.06822027562223569,16.098506927490234,0.19130799291737005,0.0011066577159099004,0.22453556954860687,0.22454440593719482
3.9139999999997905,0.06822037944489555,16.0985050201416,0.19132076401717363,0.0011297075977121504,0.22455279529094696,0.22456152737140656
3.9159999999997903,0.06822048222948847,16.098501205444336,0.1913334511853919,0.001152567278405505,0.22456975281238556,0.22457841038703918
3.91799999999979,0.06822058398539468,16.098495483398438,0.1913460536462001,0.0011752340994441775,0.22458672523498535,0.22459517419338226
3.91999999999979,0.06822068472161988,16.098491668701172,0.1913585706336503,0.001197705452915431,0.22460360825061798,0.2246118038892746
3.9219999999997897,0.0682207844468094,16.098487854003906,0.19137100139176133,0.0012199787809237378,0.2246202826499939,0.22462831437587738
3.9239999999997894,0.06822088316926873,16.098480224609375,0.19138334517461564,0.0012420515750292522,0.22463661432266235,0.22464469075202942
3.925999999999789,0.06822098089697719,16.098478317260742,0.19139560124645166,0.0012639213757291567,0.22465303540229797,0.2246609777212143
3.927999999999789,0.06822107763760482,16.098474502563477,0.19140776888176247,0.0012855857719817458,0.22466935217380524,0.22467714548110962
3.9299999999997888,0.06822117339852572,16.098466873168945,0.1914198473653912,0.0013070424007666608,0.22468571364879608,0.22469323873519897
3.9319999999997886,0.06822126818683266,16.09846305847168,0.19143183599262847,0.0013282889466804555,0.22470171749591827,0.22470912337303162
3.9339999999997883,0.06822136200934888,16.09845542907715,0.1914437340693072,0.0013493231415581436,0.22471754252910614,0.22472497820854187
3.935999999999788,0.06822145487264226,16.098451614379883,0.1914555409119001,0.0013701427641258335,0.22473333775997162,0.22474059462547302
3.937999999999788,0.06822154678303576,16.098445892333984,0.19146725584761076,0.0013907456396736364,0.22474893927574158,0.22475609183311462
3.9399999999997877,0.0682216377466196,16.098440170288086,0.19147887821446813,0.0014111296397544778,0.2247643917798996,0.22477149963378906
3.9419999999997875,0.06822172776926115,16.098434448242188,0.1914904073614177,0.0014312926818955342,0.22477993369102478,0.22478684782981873
3.9439999999997872,0.06822181685661642,16.09842872619629,0.19150184264841041,0.0014512327293360338,0.22479502856731415,0.22480188310146332
3.945999999999787,0.06822190501413788,16.098421096801758,0.19151318344649082,0.0014709477907721763,0.22481027245521545,0.22481681406497955
3.947999999999787,0.06822199224708682,16.09841537475586,0.19152442913788414,0.0014904359201214673,0.22482506930828094,0.22483167052268982
3.9499999999997866,0.06822207856053929,16.098407745361328,0.19153557911607794,0.001509695216298133,0.2248399257659912,0.22484643757343292
3.9519999999997864,0.06822216395939658,16.098400115966797,0.1915466327859066,0.0015287238229983382,0.22457340359687805,0.224578395485878
3.953999999999786,0.06822224844839302,16.0983943939209,0.19155758956363078,0.0015475199284973316,0.22391164302825928,0.22391659021377563
3.955999999999786,0.06822233203210336,16.098386764526367,0.19156844887701463,0.0015660817654533062,0.2232610583305359,0.2232658714056015
3.9579999999997857,0.06822241471495076,16.09838104248047,0.1915792101654033,0.0015844076107228362,0.22262173891067505,0.2226264774799347
3.9599999999997855,0.06822249650121381,16.098373413085938,0.19158987287979545,0.001602495785176938,0.2219943106174469,0.22199900448322296
3.9619999999997852,0.06822257739503362,16.098365783691406,0.19160043648291636,0.001620344653531267,0.22066213190555573,0.22066493332386017
3.963999999999785,0.0682226574004207,16.098358154296875,0.19161090044928597,0.0016379526241737249,0.21924467384815216,0.21924766898155212
3.965999999999785,0.06822273652125996,16.098346710205078,0.19162126426528775,0.001655318149002732,0.2178681492805481,0.21787090599536896
3.9679999999997846,0.06822281476131938,16.098337173461914,0.19163152742923362,0.0016724397232657719,0.2165268510580063,0.21653006970882416
3.9699999999997844,0.06822289212425316,16.098325729370117,0.19164168945142573,0.0016893158854031922,0.21521782875061035,0.2152208685874939
3.971999999999784,0.06822296861360931,16.098318099975586,0.19165174985421896,0.0017059452168946276,0.2139376699924469,0.21394070982933044
3.973999999999784,0.06822304423283354,16.09830665588379,0.19166170817207873,0.0017223263421064128,0.21268489956855774,0.21268805861473083
3.9759999999997837,0.06822311898527543,16.098295211791992,0.19167156395163826,0.0017384579281437705,0.21145838499069214,0.21146158874034882
3.9779999999997835,0.0682231928741937,16.098283767700195,0.19168131675175115,0.0017543386847006523,0.21025732159614563,0.2102605104446411
3.9799999999997833,0.0682232659027597,16.09827423095703,0.1916909661435448,0.0017699673639143714,0.20908132195472717,0.2090843915939331
3.981999999999783,0.06822333807406315,16.098262786865234,0.19170051171046942,0.001785342760218425,0.20793037116527557,0.20793314278125763
3.983999999999783,0.06822340939111676,16.098251342773438,0.19170995304834576,0.0018004637101968128,0.20680417120456696,0.2068072259426117
3.9859999999997826,0.06822347985685812,16.09823989868164,0.19171928976540936,0.0018153290924394245,0.20570282638072968,0.20570604503154755
3.9879999999997824,0.06822354947415757,16.098224639892578,0.19172852148235647,0.001829937827394465,0.20462700724601746,0.2046298384666443
3.989999999999782,0.06822361824581881,16.098215103149414,0.19173764783237995,0.001844288877224506,0.2035762369632721,0.20357926189899445
3.991999999999782,0.0682236861745843,16.098201751708984,0.19174666846121224,0.001858381245658018,0.20255091786384583,0.20255355536937714
3.9939999999997817,0.06822375326313833,16.098186492919922,0.19175558302715928,0.0018722139778420506,0.20155028998851776,0.2015533149242401
3.9959999999997815,0.06822381951411093,16.098176956176758,0.19176439120113453,0.0018857861601944011,0.2005748748779297,0.2005777359008789
3.9979999999997813,0.06822388493008086,16.098159790039062,0.1917730926666909,0.0018990969202524095,0.19962427020072937,0.19962698221206665
3.999999999999781,0.06822394951357849,16.09814453125,0.19130675678102227,0.001912145426523575,0.19869773089885712,0.1987006664276123
4.001999999999781,0.06822401326709,16.09813117980957,0.19016857776169882,0.001924930888331622,0.19779524207115173,0.19779807329177856
4.003999999999781,0.06822407619305881,16.098115921020508,0.18904497697832895,0.0019374525556624645,0.19691622257232666,0.196918785572052
4.005999999999781,0.06822413829388992,16.098102569580078,0.1879362830108146,0.0019497097190070427,0.19605964422225952,0.19606243073940277
4.007999999999781,0.06822419957195139,16.098085403442383,0.18684281108260425,0.0019617017092059823,0.1952252984046936,0.19522815942764282
4.00999999999978,0.06822426002957778,16.098068237304688,0.18576486275065085,0.001973427897285436,0.19441261887550354,0.19441518187522888
4.01199999999978,0.0682243196690725,16.098052978515625,0.18470272561444062,0.001984887694297926,0.1936209797859192,0.1936236172914505
4.01399999999978,0.06822437849270964,16.09803581237793,0.18365667304562777,0.0019960805511577565,0.19284994900226593,0.19285237789154053
4.01599999999978,0.06822443650273653,16.098020553588867,0.1826269639397744,0.0020070059584712447,0.19209930300712585,0.19210180640220642
4.0179999999997795,0.0682244937013776,16.09800148010254,0.18161384249170048,0.0020176634463714644,0.19136859476566315,0.19137117266654968
4.019999999999779,0.06822455009083303,16.097984313964844,0.1806175379959039,0.0020280525843443583,0.19065825641155243,0.19066061079502106
4.021999999999779,0.06822460567328477,16.097965240478516,0.17963826467346855,0.0020381729810556707,0.18996797502040863,0.1899702250957489
4.023999999999779,0.06822466045089527,16.097949981689453,0.17867622152684398,0.0020480242841721505,0.1892981380224228,0.1893002688884735
4.025999999999779,0.06822471442581073,16.097930908203125,0.17773159222379648,0.002057606180186087,0.18864890933036804,0.18865108489990234
4.027999999999778,0.06822476760016323,16.097911834716797,0.1768045450117659,0.0020669183942297747,0.1880210041999817,0.18802326917648315
4.029999999999778,0.0682248199760719,16.097890853881836,0.17589523266379203,0.0020759606898931426,0.1874150186777115,0.18741706013679504
4.031999999999778,0.06822487155564456,16.09787368774414,0.1750037924570435,0.002084732869035505,0.18683110177516937,0.18683311343193054
4.033999999999778,0.06822492234097938,16.09785270690918,0.17413034618492007,0.0020932347715956756,0.18626976013183594,0.18627187609672546
4.0359999999997775,0.06822497233416663,16.09783172607422,0.17327500020354292,0.002101466275398419,0.18573161959648132,0.18573354184627533
4.037999999999777,0.06822502153728922,16.09781265258789,0.17243784551334587,0.0021094272959608575,0.1852167397737503,0.18521860241889954
4.039999999999777,0.06822506995242558,16.097789764404297,0.17161895787633033,0.002117117786291275,0.18472489714622498,0.1847267597913742
4.041999999999777,0.06822511758164955,16.097766876220703,0.1708183979694238,0.0021245377366898213,0.18425588309764862,0.18425770103931427
4.043999999999777,0.06822516442703233,16.097747802734375,0.1700362115741946,0.0021316871745433214,0.18380872905254364,0.18381044268608093
4.045999999999776,0.06822521049064346,16.097726821899414,0.16927242980306076,0.0021385661641193945,0.18338212370872498,0.18338355422019958
4.047999999999776,0.06822525577455245,16.097707748413086,0.168527069361936,0.002145174806354722,0.18297401070594788,0.18297557532787323
4.049999999999776,0.06822530028082852,16.09768295288086,0.16779992391669143,0.002151513238643348,0.18258251249790192,0.18258391320705414
4.051999999999776,0.06822534401154348,16.097660064697266,0.16708758348231872,0.002157581634622587,0.18220369517803192,0.18220503628253937
4.053999999999776,0.0682253869687715,16.097637176513672,0.16639002980959713,0.0021633802039514624,0.18183450400829315,0.18183574080467224
4.055999999999775,0.06822542915458951,16.09761619567871,0.16571065635837925,0.0021689091920920234,0.18147006630897522,0.18147128820419312
4.057999999999775,0.06822547057107974,16.09758949279785,0.16504966627887116,0.002174168880084846,0.1811053454875946,0.18110650777816772
4.059999999999775,0.06822551122032973,16.09756851196289,0.1644070031007409,0.0021791595843198585,0.18073414266109467,0.18073542416095734
4.061999999999775,0.06822555110443194,16.097543716430664,0.16378259874082896,0.0021838816563101602,0.180350661277771,0.18035165965557098
4.0639999999997745,0.06822559022548684,16.09751319885254,0.16317637402585397,0.0021883354824564667,0.17994767427444458,0.17994843423366547
4.065999999999774,0.06822562858560163,16.097492218017578,0.16258823924376742,0.002192521483812226,0.17951741814613342,0.17951814830303192
4.067999999999774,0.06822566618689185,16.09746551513672,0.1620180947221173,0.002196440115848266,0.17905250191688538,0.17905324697494507
4.069999999999774,0.06822570303148195,16.097436904907227,0.16146583143166635,0.002200091868207931,0.1785445362329483,0.1785452514886856
4.071999999999774,0.06822573912150523,16.097410202026367,0.1609313316133607,0.0022034772644658035,0.17798584699630737,0.1779862642288208
4.073999999999773,0.06822577445910527,16.09738540649414,0.16041446942663695,0.0022065968618812356,0.17725452780723572,0.1772548258304596
4.075999999999773,0.06822580904643616,16.097354888916016,0.15977564673476308,0.002209451251148324,0.1764839142560959,0.1764841079711914
4.077999999999773,0.06822584288566193,16.09733009338379,0.15915175140932605,0.002212041056146562,0.17573784291744232,0.17573805153369904
4.079999999999773,0.06822587597895896,16.097301483154297,0.15854523881864177,0.0022143669336837624,0.17501656711101532,0.17501671612262726
4.0819999999997725,0.06822590832851463,16.097270965576172,0.15795629502063277,0.0022164295732402814,0.17431990802288055,0.1743200123310089
4.083999999999772,0.06822593993652923,16.097240447998047,0.15738510072917494,0.0022182296967100507,0.17364788055419922,0.17364796996116638
4.085999999999772,0.06822597080521486,16.097213745117188,0.15683183125884198,0.0022197680581391233,0.1730005294084549,0.1730004847049713
4.087999999999772,0.06822600093679641,16.097183227539062,0.1562966564713004,0.0022210454434592017,0.1723775565624237,0.17237746715545654
4.089999999999772,0.06822603033351203,16.097152709960938,0.15577974072337672,0.002222062670223357,0.17177894711494446,0.1717788279056549
4.091999999999771,0.06822605899761318,16.09712028503418,0.15528124281681316,0.002222820587332925,0.17120464146137238,0.17120453715324402
4.093999999999771,0.06822608693136503,16.097089767456055,0.15480131594971924,0.002223320074770235,0.1706545501947403,0.17065437138080597
4.095999999999771,0.0682261141370466,16.09705924987793,0.15434010766974632,0.0022235620433203075,0.1701284646987915,0.1701282411813736
4.097999999999771,0.06822614061694993,16.09702491760254,0.15389775982898835,0.0022235474342971475,0.16962628066539764,0.16962602734565735
4.0999999999997705,0.06822616637338343,16.096994400024414,0.1534744085406273,0.0022232772192639716,0.16914786398410797,0.1691475659608841
4.10199999999977,0.06822619140866804,16.096960067749023,0.15307018413734053,0.0022227523997515155,0.16869297623634338,0.16869261860847473
4.10399999999977,0.0682262157251397,16.096925735473633,0.15268521113147146,0.0022219740069759643,0.1682615727186203,0.16826120018959045
4.10599999999977,0.06822623932514921,16.096893310546875,0.15231960817698714,0.0022209431015519578,0.16785338521003723,0.1678529679775238
4.10799999999977,0.06822626221106197,16.09685707092285,0.1519734880332297,0.002219660773206797,0.16746827960014343,0.1674678474664688
4.109999999999769,0.06822628438525795,16.09682273864746,0.15164695753047017,0.002218128140489598,0.16710612177848816,0.16710565984249115
4.111999999999769,0.06822630585013273,16.09678840637207,0.15134011753727794,0.00221634635047885,0.1667666733264923,0.16676630079746246
4.113999999999769,0.06822632660809588,16.096752166748047,0.15105306292971743,0.0022143165784901764,0.16644999384880066,0.16644935309886932
4.115999999999769,0.06822634666157265,16.09671401977539,0.15078588256237638,0.002212040027780563,0.1661556214094162,0.16615508496761322
4.1179999999997685,0.06822636601300285,16.0966796875,0.15053865924123774,0.00220951792924893,0.16588355600833893,0.16588298976421356
4.119999999999768,0.0682263846648413,16.096641540527344,0.15031146969840464,0.002206751541138177,0.1656336784362793,0.16563302278518677
4.121999999999768,0.06822640261955823,16.09660530090332,0.15010438456868033,0.0022037421487321467,0.16540585458278656,0.16540513932704926
4.123999999999768,0.06822641987963823,16.096567153930664,0.1499174683680178,0.002200491064054844,0.16519977152347565,0.1651991307735443
4.125999999999768,0.06822643644758129,16.096527099609375,0.14975077947383705,0.0021969996255629593,0.1650155484676361,0.16501487791538239
4.127999999999767,0.06822645232590212,16.09648895263672,0.14960437010722547,0.002193269197840717,0.1648530513048172,0.1648522913455963
4.129999999999767,0.06822646751713027,16.096446990966797,0.1494782863170164,0.0021893011712915867,0.16471199691295624,0.16471123695373535
4.131999999999767,0.06822648202381035,16.09640884399414,0.14937256796575837,0.0021850969618265334,0.16459247469902039,0.16459180414676666
4.133999999999767,0.06822649584850081,16.09636878967285,0.1492872487175755,0.002180658010554741,0.1644943654537201,0.16449351608753204
4.1359999999997665,0.06822650899377565,16.096328735351562,0.1492223560279218,0.0021759857834695306,0.16441763937473297,0.16441687941551208
4.137999999999766,0.06822652146222292,16.096284866333008,0.14917791113523757,0.0021710817711328868,0.16436220705509186,0.16436129808425903
4.139999999999766,0.06822653325644557,16.09624481201172,0.14915392905450123,0.0021659474883620094,0.1643279790878296,0.16432709991931915
4.141999999999766,0.06822654437906019,16.096202850341797,0.14915041857268824,0.0021605844739093156,0.16431505978107452,0.16431431472301483
4.143999999999766,0.06822655483269811,16.096160888671875,0.14916738224613021,0.002154994290146023,0.16432343423366547,0.16432245075702667
4.145999999999765,0.06822656462000438,16.09611701965332,0.14920481639977912,0.0021491785227396986,0.16435298323631287,0.1643521636724472
4.147999999999765,0.06822657374363833,16.096073150634766,0.14926271112837536,0.002143138780336395,0.16440391540527344,0.16440296173095703
4.149999999999765,0.06822658220627331,16.09602928161621,0.14934105029952183,0.00213687669423489,0.16447608172893524,0.16447512805461884
4.151999999999765,0.06822659001059614,16.095985412597656,0.14943981155865468,0.002130393918066268,0.164569690823555,0.1645687371492386
4.1539999999997645,0.06822659715930682,16.095937728881836,0.14955896633591925,0.0021236921274663395,0.16468480229377747,0.16468381881713867
4.155999999999764,0.06822660365511968,16.09589385986328,0.1496984798549431,0.0021167730197540068,0.16482138633728027,0.16482040286064148
4.157999999999764,0.06822660950076162,16.09584617614746,0.14985831114350184,0.0021096383135999473,0.1649797260761261,0.16497869789600372
4.159999999999764,0.06822661469897312,16.095800399780273,0.1500384130460797,0.0021022897487038704,0.16515962779521942,0.1651584953069687
4.161999999999764,0.06822661925250753,16.095754623413086,0.15023873223831508,0.0020947290854622584,0.1653614044189453,0.16536036133766174
4.1639999999997634,0.06822662316413118,16.095706939697266,0.15045920924333148,0.0020869581046429843,0.1655852496623993,0.16558411717414856
4.165999999999763,0.06822662643662304,16.095657348632812,0.15069977844994248,0.002078978607050462,0.165831059217453,0.1658298522233963
4.167999999999763,0.0682266290727744,16.09560775756836,0.1509603681327315,0.002070792413201349,0.16609923541545868,0.1660979837179184
4.169999999999763,0.06822663107538945,16.095558166503906,0.1512409004739945,0.002062401362986706,0.16638977825641632,0.16638852655887604
4.171999999999763,0.06822663244728441,16.095508575439453,0.15154129158754454,0.002053807315345933,0.16670289635658264,0.16670161485671997
4.173999999999762,0.0682266331912874,16.095455169677734,0.1518614515443612,0.00204501214793038,0.16703864932060242,0.16703735291957855
4.175999999999762,0.06822663331023862,16.09540367126465,0.15220128440008793,0.002036017756771334,0.16739730536937714,0.16739608347415924
4.177999999999762,0.06822663280699048,16.095352172851562,0.1525606882243613,0.0020268260559482107,0.16777904331684113,0.16777783632278442
4.179999999999762,0.06822663168440635,16.095298767089844,0.15293955513196453,0.002017438977252544,0.1681841015815735,0.16818274557590485
4.1819999999997615,0.06822662994536187,16.095245361328125,0.15333777131579518,0.0020078584698558738,0.16861248016357422,0.16861103475093842
4.183999999999761,0.06822662759274291,16.095191955566406,0.1537552170816407,0.001998086499973952,0.16906438767910004,0.1690630316734314
4.185999999999761,0.06822662462944783,16.09514045715332,0.15419176688474212,0.001988125050532484,0.16953997313976288,0.16953866183757782
4.187999999999761,0.06822662105838491,16.0950870513916,0.154647289368146,0.0019779761208324562,0.17003951966762543,0.17003804445266724
4.189999999999761,0.06822661688247425,16.095029830932617,0.15512164740282053,0.0019676417262158136,0.17056305706501007,0.1705615371465683
4.19199999999976,0.0682266121046462,16.094972610473633,0.15561469812953424,0.0019571238977299215,0.17111079394817352,0.1711093932390213
4.19399999999976,0.06822660672784162,16.09491729736328,0.15612629300247538,0.0019464246817919373,0.17168273031711578,0.17168131470680237
4.19599999999976,0.06822660075501207,16.09486198425293,0.1566562778346045,0.0019355461398561575,0.1722792387008667,0.17227770388126373
4.19799999999976,0.06822659418911921,16.094804763793945,0.157204492844723,0.0019244903480767116,0.17290017008781433,0.17289859056472778
4.1999999999997595,0.06822658703313528,16.09474754333496,0.15777077270624368,0.001913259396975124,0.17354561388492584,0.1735440343618393
4.201999999999759,0.06822657929004236,16.094688415527344,0.15835494659764776,0.001901855391104199,0.17421576380729675,0.17421424388885498
4.203999999999759,0.06822657096283212,16.09463119506836,0.15895683825461404,0.0018902804487155886,0.17491072416305542,0.17490917444229126
4.205999999999759,0.06822656205450664,16.094572067260742,0.15957626602380232,0.0018785367014252854,0.17563022673130035,0.17562873661518097
4.207999999999759,0.06822655256807728,16.094511032104492,0.1601159092177726,0.0018666262938805097,0.176374614238739,0.17637301981449127
4.209999999999758,0.06822654250656483,16.094451904296875,0.16062180490623884,0.0018545513834272568,0.17714369297027588,0.17714208364486694
4.211999999999758,0.06822653187299968,16.09439468383789,0.16114523015839483,0.001842314139777995,0.17784708738327026,0.1778453290462494
4.213999999999758,0.06822652067042179,16.094329833984375,0.1616863170134729,0.0018299167446799382,0.17839276790618896,0.17839090526103973
4.215999999999758,0.06822650890188024,16.09427261352539,0.16224518998492474,0.0018173613915841759,0.17888903617858887,0.1788872331380844
4.2179999999997575,0.06822649657043262,16.094207763671875,0.16282196539687735,0.0018046502853168518,0.1793445348739624,0.17934241890907288
4.219999999999757,0.0682264836791454,16.094146728515625,0.16341675074018566,0.001791785641747539,0.17976638674736023,0.17976431548595428
4.221999999999757,0.06822647023109499,16.094083786010742,0.16402964405016918,0.0017787696874631172,0.1801629364490509,0.18016068637371063
4.223999999999757,0.06822645622936573,16.09402084350586,0.16466073330801692,0.0017656046594380274,0.1805415004491806,0.18053913116455078
4.225999999999757,0.06822644167705037,16.09395980834961,0.1653100958677225,0.001752292804710361,0.1809086799621582,0.1809064745903015
4.227999999999756,0.06822642657725124,16.093894958496094,0.16597779791030418,0.0017388363800555384,0.18127097189426422,0.18126873672008514
4.229999999999756,0.0682264109330774,16.093830108642578,0.16666388331579352,0.0017252376516613231,0.18163427710533142,0.18163204193115234
4.231999999999756,0.06822639474764824,16.093765258789062,0.16736570698072153,0.0017114988948062483,0.18200306594371796,0.18200093507766724
4.233999999999756,0.06822637802408989,16.093700408935547,0.1680816024535914,0.0016976223935371358,0.18238231539726257,0.18238012492656708
4.2359999999997555,0.06822636076553733,16.09363555908203,0.16881518966102455,0.0016836104403499775,0.18277567625045776,0.1827734410762787
4.237999999999755,0.06822634297513297,16.093568801879883,0.1695672048601305,0.001669465335870347,0.18318578600883484,0.1831834763288498
4.239999999999755,0.06822632465602808,16.093502044677734,0.17033764318289732,0.0016551893885375063,0.18361516296863556,0.1836128979921341
4.241999999999755,0.068226305811381,16.09343719482422,0.17112648561162278,0.0016407849142882896,0.18406572937965393,0.18406341969966888
4.243999999999755,0.06822628644435821,16.093368530273438,0.1719336986865623,0.0016262542362435407,0.18453848361968994,0.18453621864318848
4.245999999999754,0.06822626655813384,16.093299865722656,0.17275923424978903,0.0016115996843971856,0.18503446877002716,0.18503224849700928
4.247999999999754,0.06822624615588947,16.093231201171875,0.173603029225441,0.0015968235953047211,0.18555395305156708,0.18555165827274323
4.249999999999754,0.06822622524081424,16.093162536621094,0.1744650054363786,0.0015819283117792383,0.1860971748828888,0.1860949695110321
4.251999999999754,0.06822620381610434,16.093097686767578,0.17534506945709905,0.001566916182580989,0.18666386604309082,0.1866617053747177
4.2539999999997535,0.06822618188496377,16.09302520751953,0.17624311250261138,0.0015517895621181864,0.18725360929965973,0.18725161254405975
4.255999999999753,0.06822615945060345,16.092960357666016,0.17715901035281917,0.0015365508101452788,0.1878664195537567,0.18786442279815674
4.257999999999753,0.06822613651624156,16.09288787841797,0.1780926233118203,0.001521202291463097,0.1885014921426773,0.1884993612766266
4.259999999999753,0.06822611308510275,16.092819213867188,0.179043796201395,0.001505746375624636,0.18915843963623047,0.1891564577817917
4.261999999999753,0.06822608916041935,16.092748641967773,0.18001235838783303,0.0014901854366423145,0.1898369938135147,0.1898350864648819
4.263999999999752,0.06822606474542954,16.09267807006836,0.18099812384113817,0.0014745218526981399,0.19053682684898376,0.19053496420383453
4.265999999999752,0.06822603984337894,16.092607498168945,0.18200089122553764,0.0014587580058541575,0.19125781953334808,0.19125601649284363
4.267999999999752,0.06822601445751926,16.09253692626953,0.1830204440201303,0.0014428962817744232,0.19200007617473602,0.19199822843074799
4.269999999999752,0.0682259885911084,16.092464447021484,0.18405655066843818,0.001426939069438956,0.19276341795921326,0.19276155531406403
4.2719999999997516,0.06822596224741062,16.092391967773438,0.1851089647555313,0.001410888760870102,0.19354824721813202,0.19354644417762756
4.273999999999751,0.06822593542969656,16.092317581176758,0.1861774252113612,0.0013947477508597973,0.194354847073555,0.1943531334400177
4.275999999999751,0.06822590814124278,16.092247009277344,0.18726165653886706,0.0013785184366986085,0.195183664560318,0.19518190622329712
4.277999999999751,0.06822588038533094,16.092174530029297,0.1883613690653907,0.0013622032179137118,0.19603529572486877,0.19603371620178223
4.279999999999751,0.06822585216524894,16.092098236083984,0.1894762592159085,0.0013458044960059986,0.19690987467765808,0.1969083547592163
4.2819999999997505,0.06822582348428961,16.092023849487305,0.1906060098065736,0.0013293246741953777,0.1978083848953247,0.19780683517456055
4.28399999999975,0.06822579434575149,16.091949462890625,0.19175029035703323,0.0013127661571694007,0.19873090088367462,0.19872935116291046
4.28599999999975,0.06822576475293735,16.091875076293945,0.1919759879349957,0.0012961313508389925,0.19967809319496155,0.19967661798000336
4.28799999999975,0.06822573470915524,16.091800689697266,0.19197186241257957,0.001279422662096342,0.20065024495124817,0.20064902305603027
4.28999999999975,0.06822570421771733,16.09172248840332,0.19196769783429274,0.001262642498581776,0.20164762437343597,0.20164650678634644
4.291999999999749,0.06822567328194006,16.091650009155273,0.19196349511038163,0.0012457932684546583,0.20267051458358765,0.20266930758953094
4.293999999999749,0.06822564190514385,16.091571807861328,0.19195925515164108,0.0012288773801719826,0.20371869206428528,0.20371763408184052
4.295999999999749,0.0682256100906524,16.091495513916016,0.191954978869321,0.001211897242273892,0.2047928273677826,0.20479172468185425
4.297999999999749,0.06822557784179284,16.091415405273438,0.1919506671750385,0.0011948552631766496,0.20589227974414825,0.20589129626750946
4.2999999999997485,0.06822554516189502,16.091339111328125,0.19194632098068937,0.0011777538509718302,0.2070174515247345,0.20701663196086884
4.301999999999748,0.06822551205429088,16.09126091003418,0.1919419411983636,0.0011605954132362496,0.20816832780838013,0.20816758275032043
4.303999999999748,0.06822547852231482,16.091182708740234,0.19193752874026393,0.001143382356851365,0.20934553444385529,0.20934449136257172
4.305999999999748,0.06822544456930252,16.09110450744629,0.191933084518627,0.0011261170878280192,0.21054856479167938,0.2105478197336197
4.307999999999748,0.06822541019859041,16.091026306152344,0.1919286094456475,0.001108802011148061,0.21177902817726135,0.21177832782268524
4.309999999999747,0.06822537541351582,16.090946197509766,0.19192410443340613,0.001091439530612174,0.21303749084472656,0.21303702890872955
4.311999999999747,0.06822534021741503,16.090866088867188,0.19191957039380003,0.0010740320487013396,0.21432575583457947,0.2143251746892929
4.313999999999747,0.06822530461362447,16.09078598022461,0.19191500823848068,0.0010565819664528832,0.21564610302448273,0.21564564108848572
4.315999999999747,0.06822526860547816,16.0907039642334,0.19191041887878912,0.0010390916833487474,0.2170015275478363,0.21700100600719452
4.3179999999997465,0.06822523219630844,16.090625762939453,0.19190580322570344,0.0010215635972203182,0.21839642524719238,0.21839624643325806
4.319999999999746,0.06822519538944352,16.090545654296875,0.19190116218978548,0.0010040001041691801,0.2196875363588333,0.2196829915046692
4.321999999999746,0.06822515818820883,16.090463638305664,0.1918964966811354,0.0009864035985095835,0.22029098868370056,0.22028639912605286
4.323999999999746,0.06822512059592373,16.090381622314453,0.19189180760935026,0.0009687764727233794,0.22090652585029602,0.22090207040309906
4.325999999999746,0.06822508261590196,16.09029769897461,0.19188709588349034,0.0009511211174464457,0.22153456509113312,0.22152993083000183
4.327999999999745,0.06822504425144973,16.09021759033203,0.19188236241204998,0.0009334399214726612,0.22217406332492828,0.22216953337192535
4.329999999999745,0.06822500550586459,16.090133666992188,0.19187760810293758,0.0009157352717865738,0.22282513976097107,0.22282041609287262
4.331999999999745,0.06822496638243483,16.090049743652344,0.19187283386346204,0.0008980095536282169,0.2234874665737152,0.22348275780677795
4.333999999999745,0.06822492688443733,16.0899658203125,0.19186804060032725,0.0008802651505839508,0.2241605818271637,0.22415602207183838
4.3359999999997445,0.068224887015135,16.089885711669922,0.1918632292196365,0.0008625044447227471,0.22484415769577026,0.2248397022485733
4.337999999999744,0.06822484677777714,16.089801788330078,0.19185840062690857,0.000844729816764942,0.22520801424980164,0.22520482540130615
4.339999999999744,0.06822480617559624,16.0897159576416,0.1918535557271006,0.0008269436463005797,0.22520098090171814,0.225197896361351
4.341999999999744,0.06822476521180623,16.089632034301758,0.1918486954246481,0.0008091483120593753,0.22519399225711823,0.22519099712371826
4.343999999999744,0.06822472388959935,16.08954620361328,0.1918438206235148,0.0007913461922354545,0.22518719732761383,0.22518390417099
4.345999999999743,0.068224682212146,16.089460372924805,0.19183893222725967,0.0007735396648789846,0.22518010437488556,0.2251768708229065
4.347999999999743,0.06822464018258909,16.089374542236328,0.19183403113911834,0.0007557311083605732,0.2251729816198349,0.22516989707946777
4.349999999999743,0.06822459780404302,16.089290618896484,0.19182911826210614,0.0007379229019212469,0.22516603767871857,0.22516277432441711
4.351999999999743,0.06822455507959024,16.089202880859375,0.19182419449913884,0.0007201174263157432,0.22515912353992462,0.2251557856798172
4.3539999999997425,0.06822451201227767,16.089115142822266,0.19181926075317718,0.000702317064565987,0.2251518964767456,0.22514885663986206
4.355999999999742,0.06822446860511233,16.08902931213379,0.19181431792739867,0.0006845242028459978,0.22514496743679047,0.22514177858829498
4.357999999999742,0.06822442486105666,16.088943481445312,0.19180936692539718,0.0006667412315064023,0.22513791918754578,0.2251347452402115
4.359999999999742,0.0682243807830259,16.08885383605957,0.19180440865141785,0.0006489705462754812,0.2251306027173996,0.22512763738632202
4.361999999999742,0.0682243363738806,16.08876609802246,0.19179944401062526,0.0006312145496528395,0.22512364387512207,0.2251204252243042
4.363999999999741,0.06822429163642262,16.08867835998535,0.19179447390942006,0.0006134756525448647,0.22511659562587738,0.22511343657970428
4.365999999999741,0.06822424657338688,16.08858871459961,0.1917894992558002,0.0005957562761674691,0.2251095026731491,0.2251061201095581
4.367999999999741,0.06822420118743636,16.0885009765625,0.1917845209597822,0.0005780588542801131,0.22510254383087158,0.22509920597076416
4.369999999999741,0.06822415548115275,16.08841323852539,0.19177953993388397,0.00056038583580588,0.22509507834911346,0.2250920534133911
4.3719999999997405,0.06822410945702864,16.088321685791016,0.19177455709368574,0.0005427396879193652,0.22508816421031952,0.2250848412513733
4.37399999999974,0.06822406311745731,16.088232040405273,0.19176957335847716,0.0005251228996951898,0.22508113086223602,0.2250777781009674
4.37599999999974,0.06822401646472184,16.08814239501953,0.19176458965200827,0.0005075379864419011,0.2250738888978958,0.22507070004940033
4.37799999999974,0.0682239695009824,16.088050842285156,0.19175960690336125,0.0004899874948652386,0.22506673634052277,0.22506359219551086
4.37999999999974,0.06822392222826248,16.08795928955078,0.19175462604796395,0.00047247400926263966,0.22505974769592285,0.225056454539299
4.381999999999739,0.06822387464843484,16.087867736816406,0.1917496480287748,0.0004550001589858674,0.22505255043506622,0.22504930198192596
4.383999999999739,0.0682238267632003,16.0877742767334,0.1917446737976683,0.00043756862749784605,0.2250455617904663,0.22504223883152008
4.385999999999739,0.06822377857407061,16.087682723999023,0.19173970431706994,0.0004201821634365011,0.2250383496284485,0.22503523528575897
4.387999999999739,0.06822373008234359,16.087589263916016,0.19173474056188433,0.0004028435942279312,0.22503125667572021,0.22502797842025757
4.3899999999997386,0.06822368128907667,16.08749771118164,0.19172978352178716,0.00038555584298184464,0.2250242382287979,0.22502098977565765
4.391999999999738,0.06822363219505684,16.087400436401367,0.19172483420396547,0.000368321949643951,0.22501729428768158,0.22501389682292938
4.393999999999738,0.06822358280076421,16.08730697631836,0.19171989363641206,0.0003511450977402385,0.2250099927186966,0.22500699758529663
4.395999999999738,0.06822353310633197,16.08721160888672,0.1917149628719182,0.00033402864854955016,0.2250032275915146,0.22499974071979523
4.397999999999738,0.06822348311149672,16.087114334106445,0.19171004299294653,0.00031697618527593496,0.22499604523181915,0.22499282658100128
4.3999999999997375,0.06822343281554444,16.087017059326172,0.19170513511763843,0.00029999157088617557,0.22498904168605804,0.2249857634305954
4.401999999999737,0.06822338221724214,16.0869197845459,0.1917002404072808,0.0002830790248860421,0.2249819040298462,0.2249789535999298
4.403999999999737,0.06822333131476135,16.086822509765625,0.19169536007570376,0.0002662432268200817,0.22497504949569702,0.22497178614139557
4.405999999999737,0.06822328010558618,16.086719512939453,0.19169049540123406,0.00024948945816361554,0.22496822476387024,0.2249649614095688
4.407999999999737,0.06822322858640315,16.086620330810547,0.1916856477421216,0.00023282380052892392,0.22496110200881958,0.22495801746845245
4.409999999999736,0.0682231767529756,16.086519241333008,0.19168081855673802,0.00021625341835248706,0.22495438158512115,0.22495122253894806
4.411999999999736,0.06822312459999275,16.086416244506836,0.19167600943047752,0.0001997869715731823,0.22494730353355408,0.22494451701641083
4.413999999999736,0.0682230721209026,16.08631134033203,0.19167122211227205,0.0001834352340785592,0.2249404937028885,0.22493748366832733
4.415999999999736,0.06822301930772906,16.086204528808594,0.19166645856522357,0.00016721204840222838,0.22493377327919006,0.224930539727211
4.4179999999997355,0.06822296615090298,16.086097717285156,0.1916617210385434,0.00015113585014648278,0.2249268889427185,0.22492392361164093
4.419999999999735,0.06822291263916441,16.085987091064453,0.19165701217259995,0.0001352321981865074,0.22492025792598724,0.2249172031879425
4.421999999999735,0.0682228587597085,16.085872650146484,0.19165233515716296,0.00011953816572809767,0.22491344809532166,0.22491054236888885
4.423999999999735,0.06822280449898022,16.085756301879883,0.19164769397816633,0.00010411036291178702,0.22490669786930084,0.22490400075912476
4.425999999999735,0.06822274984522106,16.08563995361328,0.19164309381720945,8.904048387890232e-05,0.2249002456665039,0.2248973697423935
4.427999999999734,0.0682226947957448,16.08551788330078,0.1916385417226082,7.448747520594285e-05,0.22489365935325623,0.22489100694656372
4.429999999999734,0.06822263937733739,16.08539390563965,0.19163404776504972,6.074861132924686e-05,0.22488734126091003,0.224884495139122
4.431999999999734,0.06822258370193947,16.08527374267578,0.19162962697505154,4.8422848584710094e-05,0.22488094866275787,0.22487835586071014
4.433999999999734,0.06822252808969301,16.085168838500977,0.19162530182404902,3.87534622548034e-05,0.22487464547157288,0.22487211227416992
4.4359999999997335,0.06822247312433213,16.085113525390625,0.19162110028543428,3.394115390094962e-05,0.22486867010593414,0.2248663455247879
4.437999999999733,0.06822241920845049,16.085145950317383,0.191617031825763,3.585763946458612e-05,0.22486284375190735,0.22486045956611633
4.439999999999733,0.06822236630115885,16.085220336914062,0.1916130607298519,4.3447975796443044e-05,0.22485683858394623,0.22485466301441193
4.441999999999733,0.06822231423576942,16.08527374267578,0.1916091448609914,5.405755679513365e-05,0.2248513102531433,0.22484923899173737
4.443999999999733,0.0682222628774795,16.085289001464844,0.191605262116599,6.592508659884445e-05,0.22484566271305084,0.22484366595745087
4.445999999999732,0.06822221213318307,16.085275650024414,0.1916014031242823,7.829736471246375e-05,0.2248401939868927,0.22483807802200317
4.447999999999732,0.06822216193851004,16.085247039794922,0.19159756397449113,9.088033880483672e-05,0.22483472526073456,0.2248324155807495
4.449999999999732,0.06822211224733304,16.085208892822266,0.19159374306783522,0.00010355274850480362,0.2248290628194809,0.2248271256685257
4.451999999999732,0.06822206302537592,16.085159301757812,0.19158993984573924,0.00011625974792092627,0.22482360899448395,0.22482165694236755
4.4539999999997315,0.06822201424624545,16.08510971069336,0.19158615425036996,0.00012897393805569958,0.22481809556484222,0.22481581568717957
4.455999999999731,0.06822196588903959,16.08506202697754,0.19158238647702086,0.000141680167583081,0.22481267154216766,0.2248106300830841
4.457999999999731,0.06822191793676533,16.08500862121582,0.19157863685278104,0.00015436914787529324,0.22480708360671997,0.22480542957782745
4.459999999999731,0.06822187037532894,16.08495330810547,0.19157490577375752,0.00016703457967243756,0.22480179369449615,0.22479984164237976
4.461999999999731,0.06822182319281994,16.08489990234375,0.19157119367131142,0.00017967177780803066,0.22479648888111115,0.2247944176197052
4.46399999999973,0.06822177637903033,16.0848445892334,0.19156750099338815,0.00019227697734450327,0.22479096055030823,0.22478926181793213
4.46599999999973,0.0682217299250936,16.08479118347168,0.19156382819407086,0.00020484696626796677,0.22478587925434113,0.22478368878364563
4.46799999999973,0.06822168382323116,16.084739685058594,0.1915601757277305,0.0002173788831438612,0.22478042542934418,0.22477854788303375
4.46999999999973,0.06822163806655558,16.084686279296875,0.19155654404581585,0.0002298701011377306,0.2247750163078308,0.22477327287197113
4.4719999999997295,0.06822159264892443,16.084632873535156,0.19155293359516234,0.00024231815939313882,0.22476984560489655,0.2247679978609085
4.473999999999729,0.06822154756482438,16.08458137512207,0.191549344817195,0.0002547207209167386,0.22476471960544586,0.22476287186145782
4.475999999999729,0.06822150280928341,16.08452796936035,0.1915457781476303,0.0002670755459775714,0.22475957870483398,0.2247578203678131
4.477999999999729,0.06822145837779767,16.0844783782959,0.19154223401646486,0.0002793804746542183,0.22475433349609375,0.224752739071846
4.479999999999729,0.06822141426627475,16.084426879882812,0.19153871284810986,0.00029163341504389163,0.22474923729896545,0.22474759817123413
4.481999999999728,0.06822137047098642,16.084373474121094,0.191535215061595,0.00030383233495834174,0.22474421560764313,0.22474247217178345
4.483999999999728,0.06822132698852926,16.08432388305664,0.19153174107079124,0.0003159752558965555,0.22473908960819244,0.22473758459091187
4.485999999999728,0.06822128381579323,16.084272384643555,0.19152829128463233,0.000328060248480913,0.2247341424226761,0.2247324436903
4.487999999999728,0.06822124094993312,16.08422088623047,0.19152486610731262,0.0003400854289074075,0.22472919523715973,0.22472751140594482
4.4899999999997275,0.06822119838834682,16.084171295166016,0.1915214659384613,0.0003520489560785912,0.22472426295280457,0.22472263872623444
4.491999999999727,0.0682211561286537,16.08411979675293,0.19151809117328755,0.0003639490292443916,0.22471943497657776,0.22471770644187927
4.493999999999727,0.06822111416867822,16.084070205688477,0.19151474220269993,0.0003757838859999857,0.22471436858177185,0.2247127890586853
4.495999999999727,0.06822107250643558,16.084020614624023,0.1915114194133985,0.00038755180057299877,0.22470974922180176,0.22470811009407043
4.497999999999727,0.06822103114011709,16.08397102355957,0.19150812318794286,0.00039925108232473345,0.22470492124557495,0.22470329701900482
4.499999999999726,0.06822099006807884,16.08392333984375,0.19150485390480315,0.00041088007443150406,0.2247002273797989,0.22469846904277802
4.501999999999726,0.06822094928883221,16.083873748779297,0.19150161193839121,0.0004224371527126095,0.22469550371170044,0.2246936857700348
4.503999999999726,0.06822090880103313,16.083824157714844,0.19149839765907778,0.0004339207245831068,0.22469080984592438,0.22468918561935425
4.505999999999726,0.06822086860347373,16.08377456665039,0.19149521143319648,0.00044532922811081854,0.22468604147434235,0.22468453645706177
4.507999999999726,0.06822082869507667,16.083728790283203,0.19149205362304011,0.00045666113116905877,0.22468148171901703,0.22468000650405884
4.509999999999725,0.06822078907488478,16.08367919921875,0.1914889245868438,0.0004679149306681899,0.2246769517660141,0.224675253033638
4.511999999999725,0.0682207497420572,16.083633422851562,0.19148582467876796,0.0004790891518580218,0.22467224299907684,0.2246709018945694
4.513999999999725,0.06822071069586218,16.08358383178711,0.19148275424886968,0.0004901823476980479,0.22466781735420227,0.224666565656662
4.515999999999725,0.06822067193567258,16.08353614807129,0.19147971364307365,0.0005011930982786982,0.22466334700584412,0.22466203570365906
4.5179999999997245,0.06822063346095941,16.08348846435547,0.19147670320313775,0.0005121200103003321,0.22465898096561432,0.22465753555297852
4.519999999999724,0.06822059527128792,16.08344268798828,0.19147372326661904,0.0005229617165914451,0.22465460002422333,0.2246532291173935
4.521999999999724,0.06822055736631341,16.083393096923828,0.19147077416683433,0.0005337168756725464,0.22465050220489502,0.22464920580387115
4.523999999999724,0.06822051974577585,16.08334732055664,0.19146785623282236,0.00054438417135589,0.22464612126350403,0.2246447056531906
4.525999999999724,0.06822048240949764,16.083301544189453,0.19146496978930427,0.0005549623123778504,0.22464191913604736,0.2246406227350235
4.527999999999723,0.06822044535737799,16.0832576751709,0.19146211515664352,0.0005654500320616298,0.22463782131671906,0.22463639080524445
4.529999999999723,0.06822040858939099,16.083209991455078,0.19145929265080658,0.000575846088008306,0.2246336042881012,0.22463224828243256
4.531999999999723,0.06822037210558131,16.08316421508789,0.19145650258332308,0.000586149261812361,0.22462932765483856,0.22462831437587738
4.533999999999723,0.06822033590606119,16.083118438720703,0.19145374526124698,0.000596358358797268,0.2246253788471222,0.22462427616119385
4.5359999999997225,0.06822029999100811,16.083072662353516,0.1914510209871178,0.0006064722077742377,0.22462154924869537,0.2246202826499939
4.537999999999722,0.06822026436066046,16.08302879333496,0.19144833005892226,0.0006164896608170732,0.22461749613285065,0.22461631894111633
4.539999999999722,0.06822022901531677,16.082983016967773,0.19144567277005897,0.0006264095930542352,0.2246134728193283,0.22461239993572235
4.541999999999722,0.06822019395533087,16.08293914794922,0.1914430494093004,0.0006362309024762012,0.22460967302322388,0.22460852563381195
4.543999999999722,0.0682201591811109,16.08289337158203,0.19144046026075956,0.0006459525097546665,0.22460579872131348,0.22460490465164185
4.545999999999721,0.06822012469311677,16.082849502563477,0.19143790560385443,0.0006555733580764484,0.22460198402404785,0.22460108995437622
4.547999999999721,0.06822009049185696,16.082807540893555,0.19143538571327584,0.0006650924129859516,0.22459843754768372,0.2245972901582718
4.549999999999721,0.06822005657788698,16.082763671875,0.1914329008589548,0.0006745086622375772,0.22459472715854645,0.2245936095714569
4.551999999999721,0.06822002295180717,16.082721710205078,0.19143045130603248,0.0006838211156608595,0.2245911955833435,0.22459012269973755
4.5539999999997205,0.06821998961426032,16.08267593383789,0.1914280373148291,0.000693028805028751,0.22458752989768982,0.2245866358280182
4.55599999999972,0.06821995656592969,16.08263397216797,0.191425659140816,0.0007021307839354468,0.22458414733409882,0.22458316385746002
4.55799999999972,0.06821992380753752,16.082592010498047,0.19142331703458831,0.0007111261276824409,0.22458067536354065,0.22457970678806305
4.55999999999972,0.06821989133984258,16.082548141479492,0.19142101124183725,0.0007200139331651371,0.22457720339298248,0.2245761603116989
4.56199999999972,0.06821985916363855,16.08250617980957,0.19141874200332482,0.0007287933187718379,0.22457362711429596,0.2245730459690094
4.563999999999719,0.0682198272797525,16.08246612548828,0.19141650955486034,0.000737463424283311,0.22457046806812286,0.22456978261470795
4.565999999999719,0.06821979568904259,16.082422256469727,0.191414314127276,0.000746023410775007,0.22456716001033783,0.22456642985343933
4.567999999999719,0.06821976439239695,16.082382202148438,0.19141215594640498,0.0007544724605274237,0.22456414997577667,0.22456301748752594
4.569999999999719,0.06821973339073255,16.082340240478516,0.1914100352330596,0.0007628097769368873,0.2245609015226364,0.2245599329471588
4.5719999999997185,0.06821970268499161,16.082300186157227,0.19140795220301132,0.0007710345844297604,0.22455765306949615,0.22455687820911407
4.573999999999718,0.06821967227614227,16.082258224487305,0.19140590706697203,0.0007791461283797694,0.22455459833145142,0.2245539426803589
4.575999999999718,0.06821964216517655,16.082218170166016,0.19140390003057428,0.0007871436750270201,0.2245517075061798,0.22455082833766937
4.577999999999718,0.06821961235310822,16.082176208496094,0.19140193129435573,0.0007950265113998717,0.2245488464832306,0.2245478630065918
4.579999999999718,0.06821958284097193,16.082138061523438,0.19140000105374083,0.0008027939452369823,0.22454582154750824,0.22454510629177094
4.581999999999717,0.06821955362982163,16.08209991455078,0.1913981094990274,0.0008104453049107195,0.22454284131526947,0.22454220056533813
4.583999999999717,0.06821952472072917,16.08205795288086,0.19139625681537126,0.0008179799393564708,0.22454015910625458,0.22453953325748444
4.585999999999717,0.06821949611478374,16.082019805908203,0.19139444318277232,0.0008253972179942639,0.2245374172925949,0.22453680634498596
4.587999999999717,0.06821946781308934,16.081979751586914,0.1913926687760627,0.0008326965306587161,0.2245347499847412,0.22453415393829346
4.5899999999997165,0.06821943981676455,16.08194351196289,0.19139093376489513,0.0008398772875270205,0.22453205287456512,0.22453151643276215
4.591999999999716,0.06821941212694071,16.081907272338867,0.19138923831373222,0.0008469389190454266,0.22452948987483978,0.22452892363071442
4.593999999999716,0.06821938474476157,16.081872940063477,0.19138758258183597,0.000853880875858122,0.2245270311832428,0.22452647984027863
4.595999999999716,0.06821935767138054,16.081836700439453,0.19138596672325947,0.0008607026287377584,0.2245246171951294,0.22452408075332642
4.597999999999716,0.06821933090796187,16.081798553466797,0.19138439088683917,0.0008674036685103623,0.2245221883058548,0.22452163696289062
4.599999999999715,0.06821930445567695,16.081764221191406,0.1913828552161863,0.000873983505986993,0.22451969981193542,0.22451937198638916
4.601999999999715,0.06821927831570523,16.081729888916016,0.19138135984968313,0.000880441671889231,0.22451765835285187,0.22451718151569366
4.603999999999715,0.06821925248923204,16.081693649291992,0.19137990492047435,0.0008867777167789547,0.22451543807983398,0.22451485693454742
4.605999999999715,0.06821922697744857,16.0816593170166,0.19137849055646522,0.0008929912109833565,0.2245132327079773,0.2245127409696579
4.6079999999997145,0.06821920178154897,16.08162498474121,0.19137711688031572,0.0008990817445232353,0.22451084852218628,0.22451065480709076
4.609999999999714,0.06821917690273173,16.081588745117188,0.1913757840094395,0.0009050489270382791,0.22450901567935944,0.22450856864452362
4.611999999999714,0.06821915234219735,16.081558227539062,0.19137449205600038,0.0009108923877124975,0.22450682520866394,0.22450663149356842
4.613999999999714,0.0682191281011469,16.08152198791504,0.1913732411269109,0.0009166117751968015,0.22450509667396545,0.22450456023216248
4.615999999999714,0.06821910418078221,16.08148956298828,0.19137203132383357,0.0009222067575360136,0.2245032787322998,0.22450272738933563
4.6179999999997134,0.0682190805823042,16.08145523071289,0.19137086274317922,0.0009276770220883583,0.2245013415813446,0.22450093924999237
4.619999999999713,0.0682190573069128,16.0814208984375,0.19136973547610903,0.000933022275448322,0.2244994044303894,0.22449913620948792
4.621999999999713,0.06821903435580469,16.081388473510742,0.19136864960853622,0.0009382422433674524,0.2244977504014969,0.22449757158756256
4.623999999999713,0.06821901173017354,16.081357955932617,0.19136760522112872,0.0009433366706735454,0.2244960218667984,0.22449587285518646
4.625999999999713,0.0682189894312087,16.08132553100586,0.1913666023893128,0.000948305321188522,0.22449466586112976,0.22449423372745514
4.627999999999712,0.06821896746009454,16.08129119873047,0.19136564118327648,0.0009531479776465141,0.22449280321598053,0.22449278831481934
4.629999999999712,0.06821894581800982,16.081260681152344,0.1913647216679753,0.000957864441609282,0.22449146211147308,0.22449134290218353
4.631999999999712,0.06821892450612592,16.08123016357422,0.19136384390313754,0.0009624545333811577,0.22449007630348206,0.22448980808258057
4.633999999999712,0.06821890352560704,16.081201553344727,0.19136300794327038,0.0009669180919227864,0.22448867559432983,0.22448845207691193
4.6359999999997115,0.06821888287760916,16.08116912841797,0.19136221383766755,0.0009712549747631152,0.22448748350143433,0.22448718547821045
4.637999999999711,0.06821886256327857,16.081138610839844,0.19136146163041717,0.0009754650579105402,0.22448614239692688,0.2244858294725418
4.639999999999711,0.06821884258375226,16.08110809326172,0.19136075136040975,0.0009795482357622524,0.22448495030403137,0.22448475658893585
4.641999999999711,0.0682188229401566,16.081077575683594,0.1913600830613476,0.0009835044210127855,0.22448386251926422,0.22448362410068512
4.643999999999711,0.06821880363360615,16.0810489654541,0.1913594567617552,0.0009873335445612522,0.22448259592056274,0.22448259592056274
4.64599999999971,0.06821878466520341,16.081018447875977,0.19135887248498917,0.0009910355554161455,0.22448167204856873,0.22448159754276276
4.64799999999971,0.06821876603603849,16.080989837646484,0.19135833024925075,0.0009946104206003748,0.22448064386844635,0.22448061406612396
4.64999999999971,0.06821874774718728,16.08095932006836,0.19135783006759605,0.0009980581250535793,0.2244798243045807,0.22447970509529114
4.65199999999971,0.06821872979971236,16.080928802490234,0.19135737194795044,0.0010013786715327487,0.22447887063026428,0.22447872161865234
4.6539999999997095,0.06821871219466015,16.080902099609375,0.19135695589312063,0.0010045720805153943,0.2244781106710434,0.22447802126407623
4.655999999999709,0.06821869493306262,16.08087158203125,0.19135658190080979,0.001007638390092759,0.22447732090950012,0.22447733581066132
4.657999999999709,0.068218678015935,16.080842971801758,0.19135624996363138,0.0010105776558731274,0.22447660565376282,0.22447669506072998
4.659999999999709,0.06821866144427573,16.08081817626953,0.1913559600691246,0.0010133899508723296,0.224476158618927,0.2244761437177658
4.661999999999709,0.06821864521906548,16.080791473388672,0.1913557121997701,0.0010160753654120888,0.2244756817817688,0.22447556257247925
4.663999999999708,0.06821862934126692,16.080764770507812,0.19135550633300735,0.001018634007010748,0.22447499632835388,0.2244751751422882
4.665999999999708,0.06821861381182409,16.08073616027832,0.19135534244125113,0.0010210660002749191,0.224119633436203,0.22411948442459106
4.667999999999708,0.06821859863166133,16.080711364746094,0.1913552204919094,0.0010233714867912895,0.2233969122171402,0.22339680790901184
4.669999999999708,0.06821858380168334,16.080684661865234,0.19135514044740176,0.0010255506250132585,0.22268414497375488,0.2226841151714325
4.6719999999997075,0.0682185693227741,16.080657958984375,0.1913551022651787,0.0010276035901506837,0.2219817340373993,0.22198162972927094
4.673999999999707,0.06821855519579617,16.08063507080078,0.19135510589774068,0.0010295305740527251,0.22128978371620178,0.22128981351852417
4.675999999999707,0.06821854142159094,16.080608367919922,0.191355151292659,0.001031331785096339,0.22060911357402802,0.22060900926589966
4.677999999999707,0.06821852800097725,16.080583572387695,0.19135523839259588,0.0010330074480658093,0.21993938088417053,0.21993938088417053
4.679999999999707,0.06821851493475148,16.08055877685547,0.1913553671353267,0.001034557804038727,0.21928127110004425,0.21928130090236664
4.681999999999706,0.06821850222368572,16.080533981323242,0.19135553745375955,0.0010359831102618633,0.21863515675067902,0.21863511204719543
4.683999999999706,0.0682184898685296,16.08051300048828,0.19135574927596233,0.0010372836400345748,0.2180013805627823,0.21800127625465393
4.685999999999706,0.06821847787000687,16.08049201965332,0.1913560025251806,0.0010384596825847494,0.21737971901893616,0.21737968921661377
4.687999999999706,0.06821846622881796,16.080467224121094,0.1913562971198648,0.0010395115429448663,0.2165813148021698,0.2165813148021698
4.6899999999997055,0.06821845494563696,16.0804443359375,0.19135663297369226,0.0010404395418298464,0.21517421305179596,0.21517428755760193
4.691999999999705,0.0682184440211121,16.080421447753906,0.19135700999559307,0.0010412440155079727,0.21380746364593506,0.21380721032619476
4.693999999999705,0.06821843345586547,16.080400466918945,0.19135742808977463,0.0010419253156765315,0.21247610449790955,0.2124762088060379
4.695999999999705,0.06821842325049281,16.080379486083984,0.19135788715574847,0.0010424838093314828,0.21117766201496124,0.21117761731147766
4.697999999999705,0.06821841340556202,16.08035659790039,0.19135838708835412,0.0010429198786385914,0.2099096179008484,0.20990946888923645
4.699999999999704,0.06821840392161352,16.080337524414062,0.19135892777778818,0.0010432339208026914,0.2086702287197113,0.20867012441158295
4.701999999999704,0.06821839479915971,16.08031463623047,0.1913595091096308,0.0010434263479347542,0.20745831727981567,0.20745831727981567
4.703999999999704,0.06821838603868452,16.080293655395508,0.19136013096487287,0.001043497586920182,0.20627285540103912,0.20627287030220032
4.705999999999704,0.06821837764064236,16.08027458190918,0.19136079321994431,0.0010434480792824814,0.20511363446712494,0.20511363446712494
4.7079999999997035,0.06821836960545923,16.08025550842285,0.191361495746744,0.0010432782810504324,0.2039802074432373,0.20398016273975372
4.709999999999703,0.06821836193353047,16.08023452758789,0.19136223841266692,0.001042988662618284,0.20287209749221802,0.20287205278873444
4.711999999999703,0.06821835462522183,16.080215454101562,0.19136302108063602,0.001042579708610573,0.2017892599105835,0.2017892599105835
4.713999999999703,0.06821834768086864,16.080198287963867,0.1913638436091301,0.001042051917741432,0.2007317990064621,0.20073191821575165
4.715999999999703,0.0682183411007747,16.080181121826172,0.19136470585221577,0.0010414058026758258,0.19969944655895233,0.19969940185546875
4.717999999999702,0.06821833488521316,16.080162048339844,0.19136560765957866,0.0010406418898892148,0.19869208335876465,0.19869215786457062
4.719999999999702,0.06821832903442535,16.080142974853516,0.1913665488765533,0.001039760719524623,0.19770929217338562,0.19770941138267517
4.721999999999702,0.06821832354862083,16.080127716064453,0.1904532781790218,0.0010387628452486525,0.19675154983997345,0.1967514157295227
4.723999999999702,0.06821831842797733,16.080110549926758,0.18931996791638755,0.0010376488341102019,0.19581769406795502,0.19581767916679382
4.7259999999997016,0.0682183136726385,16.080093383789062,0.18820149166613426,0.001036419266394095,0.19490781426429749,0.19490788877010345
4.727999999999701,0.06821830928271716,16.080078125,0.18709816897738557,0.001035074735475626,0.19402143359184265,0.19402144849300385
4.729999999999701,0.06821830525829141,16.080059051513672,0.1860103059051444,0.0010336158476734849,0.19315826892852783,0.19315825402736664
4.731999999999701,0.06821830159940688,16.08004379272461,0.1849381947155626,0.001032043222102559,0.1923176646232605,0.19231778383255005
4.733999999999701,0.06821829830607455,16.080028533935547,0.1838821136112052,0.0010303574905261336,0.19149954617023468,0.19149987399578094
4.7359999999997004,0.06821829537827283,16.080013275146484,0.18284232647779192,0.0010285592972048838,0.1907034069299698,0.19070346653461456
4.7379999999997,0.06821829281594448,16.079999923706055,0.1818190826539342,0.0010266492987500689,0.1899290233850479,0.18992920219898224
4.7399999999997,0.06821829061899844,16.079984664916992,0.1808126167252994,0.0010246281639677186,0.1891762763261795,0.18917633593082428
4.7419999999997,0.06821828878730878,16.07996940612793,0.1798231483446564,0.0010224965737130783,0.18844491243362427,0.1884451061487198
4.7439999999997,0.06821828732071474,16.0799560546875,0.1788508820791581,0.0010202552207323708,0.1877351552248001,0.18773546814918518
4.745999999999699,0.06821828621902047,16.079940795898438,0.1778960072862073,0.0010179048095151544,0.18704743683338165,0.1870473325252533
4.747999999999699,0.0682182854819948,16.079927444458008,0.176958698019128,0.001015446056136022,0.18638145923614502,0.18638157844543457
4.749999999999699,0.06821828510937016,16.079914093017578,0.17603911296384228,0.0010128796881032141,0.1857379674911499,0.18573801219463348
4.751999999999699,0.06821828510084461,16.07990264892578,0.17513739540760642,0.0010102064442017009,0.1851169466972351,0.18511706590652466
4.7539999999996985,0.06821828545607925,16.079891204833984,0.17425367324080826,0.0010074270743404097,0.1845189779996872,0.18451912701129913
4.755999999999698,0.06821828617469973,16.079877853393555,0.17338805899266854,0.0010045423393915012,0.18394438922405243,0.1839444935321808
4.757999999999698,0.06821828725629522,16.079864501953125,0.1725406499016048,0.0010015530110379172,0.18339334428310394,0.1833937019109726
4.759999999999698,0.06821828870041835,16.079856872558594,0.17171152802086057,0.0009984598716135285,0.18286581337451935,0.1828659474849701
4.761999999999698,0.06821829050658551,16.079843521118164,0.17090076035987445,0.000995263713945558,0.18236170709133148,0.18236200511455536
4.763999999999697,0.06821829267427595,16.079832077026367,0.1701083990617137,0.0009919653411984653,0.18188059329986572,0.18188084661960602
4.765999999999697,0.06821829520293349,16.079822540283203,0.16933448161673678,0.0009885655667116852,0.18142160773277283,0.18142174184322357
4.767999999999697,0.06821829809196339,16.079811096191406,0.16857903111250008,0.0009850652138428506,0.1809830665588379,0.18098357319831848
4.769999999999697,0.0682183013407354,16.079803466796875,0.16784205651974698,0.000981465115808289,0.18056420981884003,0.1805645227432251
4.7719999999996965,0.068218304948581,16.07979393005371,0.1671235530141678,0.0009777661155211048,0.18016190826892853,0.18016235530376434
4.773999999999696,0.06821830891479612,16.079782485961914,0.1664235023334216,0.0009739690654326052,0.17977386713027954,0.17977404594421387
4.775999999999696,0.06821831323863813,16.079774856567383,0.16574121497778826,0.0009700748273719653,0.1793963611125946,0.17939671874046326
4.777999999999696,0.06821831791932786,16.07976722717285,0.16507332541532074,0.0009660842723826989,0.17902567982673645,0.17902588844299316
4.779999999999696,0.06821832295604915,16.07975959777832,0.1644210373209303,0.0009619982805654444,0.17865709960460663,0.17865732312202454
4.781999999999695,0.06821832834794785,16.07975196838379,0.1637870456751847,0.0009578177409119106,0.178285613656044,0.17828577756881714
4.783999999999695,0.06821833409413336,16.079744338989258,0.16317132463458522,0.0009535435511480657,0.17790551483631134,0.17790591716766357
4.785999999999695,0.06821834019367747,16.079734802246094,0.16257379032316105,0.0009491766175673194,0.17751088738441467,0.17751114070415497
4.787999999999695,0.06821834664561417,16.079727172851562,0.16199434878874003,0.000944717854872964,0.1770954579114914,0.17709557712078094
4.7899999999996945,0.06821835344894134,16.079723358154297,0.1614328965953716,0.0009401681860127594,0.17665183544158936,0.1766522377729416
4.791999999999694,0.06821836060261878,16.079715728759766,0.16088932143956627,0.0009355285420199215,0.17617402970790863,0.17617419362068176
4.793999999999694,0.06821836810556887,16.079710006713867,0.1603635027883604,0.0009307998618465059,0.1756546050310135,0.17565490305423737
4.795999999999694,0.0682183759566782,16.07970428466797,0.1598553125371574,0.0009259830922053557,0.1750316470861435,0.17503181099891663
4.797999999999694,0.06821838415479463,16.07969856262207,0.15936461568514995,0.0009210791874046178,0.1742757260799408,0.17427581548690796
4.799999999999693,0.06821839269873024,16.079692840576172,0.15889127102607642,0.0009160891091879457,0.17354440689086914,0.17354458570480347
4.801999999999693,0.06821840158725928,16.079689025878906,0.15843513185197594,0.0009110138265692979,0.172838032245636,0.1728382110595703
4.803999999999693,0.06821841081911999,16.079687118530273,0.1579960466675505,0.0009058543156740804,0.17215633392333984,0.17215649783611298
4.805999999999693,0.06821842039301322,16.079681396484375,0.15757385991269587,0.000900611559574022,0.17149940133094788,0.171499565243721
4.8079999999996925,0.06821843030760404,16.07967758178711,0.15716841269072784,0.0008952865481260253,0.1708672046661377,0.17086739838123322
4.809999999999692,0.0682184405615196,16.079675674438477,0.15677954349980963,0.0008898802778124935,0.17025958001613617,0.1702597588300705
4.811999999999692,0.06821845115335232,16.079669952392578,0.1564070889650801,0.0008843937515757774,0.1696767508983612,0.1696769744157791
4.813999999999692,0.06821846208165702,16.079669952392578,0.15605088456898564,0.0008788279786599475,0.16911834478378296,0.16911856830120087
4.815999999999692,0.06821847334495337,16.079666137695312,0.15571076537732834,0.0008731839744484558,0.16858422756195068,0.1685844510793686
4.817999999999691,0.06821848494172494,16.079666137695312,0.15538656675858334,0.0008674627603030181,0.16807447373867035,0.16807471215724945
4.819999999999691,0.06821849687041939,16.07966423034668,0.15507812509406574,0.0008616653634035507,0.1675889939069748,0.1675892323255539
4.821999999999691,0.06821850912944909,16.079662322998047,0.15478527847657453,0.0008557928165869769,0.16712750494480133,0.16712768375873566
4.823999999999691,0.06821852171719073,16.079662322998047,0.15447473831864536,0.0008498461581895599,0.1666898876428604,0.1666901409626007
4.8259999999996905,0.06821853463198599,16.07965850830078,0.15409939855843766,0.0008438264318847649,0.16627614200115204,0.16627629101276398
4.82799999999969,0.06821854787214256,16.07965850830078,0.15374345449169355,0.0008377346865263333,0.1658858060836792,0.16588616371154785
4.82999999999969,0.06821856143593194,16.07965850830078,0.1534070147755957,0.0008315719759883031,0.1655191332101822,0.1655193418264389
4.83199999999969,0.06821857532159259,16.07965850830078,0.15309018212006342,0.0008253393590081547,0.16517576575279236,0.16517597436904907
4.83399999999969,0.06821858952732805,16.07965850830078,0.15279305325629197,0.0008190378990293927,0.164855495095253,0.1648557484149933
4.835999999999689,0.06821860405130806,16.07965850830078,0.15251571890711474,0.0008126686640434107,0.1645582914352417,0.1645585149526596
4.837999999999689,0.068218618891669,16.079662322998047,0.15225826375919463,0.0008062327264350366,0.16428396105766296,0.16428424417972565
4.839999999999689,0.06821863404651364,16.079660415649414,0.15202076643705908,0.0007997311628252166,0.16403228044509888,0.16403259336948395
4.841999999999689,0.06821864951391247,16.07966423034668,0.151803299478977,0.0007931650539183197,0.16380339860916138,0.16380368173122406
4.8439999999996886,0.06821866529190244,16.07966423034668,0.15160592931469788,0.0007865354843460691,0.16359686851501465,0.1635972559452057
4.845999999999688,0.06821868137848833,16.079666137695312,0.1514287162450463,0.0007798435425149366,0.16341276466846466,0.16341304779052734
4.847999999999688,0.06821869777164292,16.079669952392578,0.1512717144233912,0.0007730903204537454,0.16325095295906067,0.16325119137763977
4.849999999999688,0.06821871446930794,16.07967185974121,0.1511349718389865,0.0007662769136627883,0.16311118006706238,0.16311156749725342
4.851999999999688,0.06821873146939288,16.079673767089844,0.1510185303021933,0.0007594044209609812,0.1629936397075653,0.16299393773078918
4.8539999999996875,0.06821874876977696,16.079679489135742,0.15092242543158382,0.0007524739443394814,0.16289791464805603,0.16289836168289185
4.855999999999687,0.06821876636830797,16.079683303833008,0.15084668664293902,0.000745486588809277,0.16282431781291962,0.16282472014427185
4.857999999999687,0.06821878426280506,16.07968521118164,0.15079133714013415,0.0007384434622555521,0.1627725213766098,0.16277292370796204
4.859999999999687,0.06821880245105598,16.07969093322754,0.15075639390792342,0.0007313456752921837,0.16274264454841614,0.16274303197860718
4.861999999999687,0.0682188209308199,16.079696655273438,0.1507418677066186,0.0007241943411137625,0.16273455321788788,0.16273489594459534
4.863999999999686,0.06821883969982735,16.079700469970703,0.15074776306866994,0.0007169905753529282,0.16274812817573547,0.1627485454082489
4.865999999999686,0.06821885875577993,16.07970428466797,0.15077407829714892,0.0007097354959376403,0.16278377175331116,0.16278408467769623
4.867999999999686,0.06821887809635152,16.079710006713867,0.1508208054661299,0.0007024302229488688,0.1628410667181015,0.16284145414829254
4.869999999999686,0.0682188977191886,16.079713821411133,0.1508879304229756,0.000695075878481855,0.16292032599449158,0.16292068362236023
4.8719999999996855,0.06821891762190996,16.079721450805664,0.1509754327925229,0.0006876735865049482,0.16302137076854706,0.1630217283964157
4.873999999999685,0.06821893780210851,16.079727172851562,0.1510832859831685,0.0006802244727252319,0.16314448416233063,0.1631447970867157
4.875999999999685,0.06821895825735118,16.079734802246094,0.15121145719485693,0.0006727296644512868,0.1632896512746811,0.16329002380371094
4.877999999999685,0.06821897898517862,16.07973861694336,0.15135990742895933,0.0006651902904600903,0.16345690190792084,0.1634572297334671
4.879999999999685,0.06821899998310799,16.079748153686523,0.1515285915000495,0.0006576074808657528,0.16364619135856628,0.16364657878875732
4.881999999999684,0.06821902124863023,16.079753875732422,0.15171745804957118,0.0006499823669877015,0.16385793685913086,0.16385839879512787
4.883999999999684,0.06821904277921378,16.079763412475586,0.15192644956138865,0.0006423160812232477,0.1640920341014862,0.16409248113632202
4.885999999999684,0.0682190645723037,16.079771041870117,0.15215550237922232,0.0006346097569236507,0.16434869170188904,0.1643490493297577
4.887999999999684,0.06821908662532199,16.07978057861328,0.15240454672596043,0.0006268645282659331,0.16462795436382294,0.16462835669517517
4.8899999999996835,0.06821910893566872,16.07978630065918,0.15267350672484023,0.0006190815301359562,0.16492997109889984,0.16493040323257446
4.891999999999683,0.0682191315007232,16.079795837402344,0.15296230042249792,0.00061126189800592,0.16525498032569885,0.16525539755821228
4.893999999999683,0.06821915431784294,16.079805374145508,0.15327083981387477,0.0006034067678207648,0.16560302674770355,0.16560344398021698
4.895999999999683,0.0682191773843666,16.079811096191406,0.15359903086897345,0.000595517275881467,0.16597424447536469,0.1659746617078781
4.897999999999683,0.0682192006976128,16.079824447631836,0.15394677356146103,0.0005875945587368505,0.16636890172958374,0.1663692742586136
4.899999999999682,0.06821922425488151,16.0798282623291,0.15431396189910485,0.0005796397530735629,0.1667868196964264,0.16678743064403534
4.901999999999682,0.06821924805345513,16.07984161376953,0.15470048395603342,0.0005716539956133523,0.16722863912582397,0.16722902655601501
4.903999999999682,0.06821927209059929,16.07985496520996,0.15506819847569972,0.0005636384230110096,0.167694091796875,0.1676945835351944
4.905999999999682,0.06821929636356194,16.079862594604492,0.155375962377742,0.0005555941717568471,0.16818353533744812,0.16818398237228394
4.9079999999996815,0.0682193208695769,16.079872131347656,0.15569945713825478,0.000547522378084647,0.16869699954986572,0.16869744658470154
4.909999999999681,0.06821934560586297,16.079883575439453,0.15603884574449312,0.0005394241778809883,0.16923460364341736,0.16923503577709198
4.911999999999681,0.06821937056962421,16.07989501953125,0.15639429226488635,0.0005313007066014935,0.16979657113552094,0.1697969287633896
4.913999999999681,0.06821939575805275,16.079906463623047,0.1567659611405669,0.0005231530991893923,0.1703827679157257,0.1703832596540451
4.915999999999681,0.06821942116832862,16.079917907714844,0.15715401646758906,0.0005149824900044463,0.17099352180957794,0.17099401354789734
4.91799999999968,0.06821944679761993,16.079931259155273,0.15755862127222406,0.0005067900127496149,0.17162883281707764,0.17162930965423584
4.91999999999968,0.06821947264308537,16.07994270324707,0.1579799367818027,0.0004985768004113759,0.1722886562347412,0.17228913307189941
4.92199999999968,0.06821949870187444,16.079954147338867,0.15841812169356745,0.0004903439852012762,0.17297321557998657,0.17297367751598358
4.92399999999968,0.06821952497112851,16.079967498779297,0.1588733314440352,0.00048209269850847875,0.17368242144584656,0.1736828088760376
4.9259999999996795,0.0682195514479821,16.079978942871094,0.15934571748136542,0.00047382407085678715,0.17441615462303162,0.17441658675670624
4.927999999999679,0.06821957812956357,16.079994201660156,0.15983542654322774,0.0004655392318715427,0.17517468333244324,0.17517508566379547
4.929999999999679,0.06821960501299734,16.080005645751953,0.16034259994263741,0.0004572393102572656,0.17587627470493317,0.17587676644325256
4.931999999999679,0.06821963209540433,16.080020904541016,0.16086737286420186,0.0004489254337823316,0.1764216423034668,0.1764221042394638
4.933999999999679,0.06821965937390256,16.080034255981445,0.16140987367316334,0.0004405987292764167,0.17692336440086365,0.1769239902496338
4.935999999999678,0.06821968684561074,16.080047607421875,0.16197022323957946,0.000432260322640966,0.1773880273103714,0.17738868296146393
4.937999999999678,0.06821971450764747,16.080062866210938,0.1625485342799018,0.000423911338870749,0.17782266438007355,0.17782330513000488
4.939999999999678,0.06821974235713367,16.080074310302734,0.1631449107181251,0.0004155529020919309,0.1782337874174118,0.1782342493534088
4.941999999999678,0.06821977039119449,16.08009147644043,0.1637594470685993,0.0004071861356173028,0.17862819135189056,0.17862865328788757
4.9439999999996775,0.06821979860696045,16.080106735229492,0.16439222784246937,0.000398812162018468,0.17901165783405304,0.17901216447353363
4.945999999999677,0.06821982700156856,16.080121994018555,0.16504332697960514,0.0003904321032185381,0.1793903112411499,0.17939087748527527
4.947999999999677,0.06821985557216653,16.080135345458984,0.16571210920148177,0.0003820470806100075,0.17976918816566467,0.17976988852024078
4.949999999999677,0.06821988431591222,16.08015251159668,0.16639531431207719,0.0003736582151961799,0.18015319108963013,0.18015383183956146
4.951999999999677,0.06821991322997659,16.080167770385742,0.16709416616222275,0.0003652666277631977,0.18054640293121338,0.1805470585823059
4.953999999999676,0.0682199423115471,16.080183029174805,0.16781141338755512,0.0003568734390844774,0.18095238506793976,0.18095290660858154
4.955999999999676,0.06821997155782772,16.0802001953125,0.16854710914941012,0.00034847977016551335,0.18137426674365997,0.18137481808662415
4.957999999999676,0.06822000096604398,16.080217361450195,0.1693012593612776,0.00034008674252703614,0.18181410431861877,0.18181483447551727
4.959999999999676,0.06822003053344483,16.080232620239258,0.17007385620270082,0.0003316954785421424,0.18227414786815643,0.18227483332157135
4.961999999999676,0.06822006025730427,16.080251693725586,0.17086487779541273,0.0003233071018288118,0.1827557235956192,0.18275628983974457
4.963999999999675,0.06822009013492704,16.08026885986328,0.1716742879152007,0.00031492273770576483,0.18325980007648468,0.18326018750667572
4.965999999999675,0.06822012016365026,16.080284118652344,0.17250203573985476,0.00030654351372909,0.18378667533397675,0.18378722667694092
4.967999999999675,0.06822015034084758,16.080303192138672,0.1733480556333642,0.0002981705603133779,0.1843370944261551,0.1843377649784088
4.969999999999675,0.0682201806639347,16.080320358276367,0.17421226696639422,0.0002898050114603284,0.18491071462631226,0.18491122126579285
4.9719999999996745,0.06822021113037141,16.080339431762695,0.1750945739728903,0.00028144800560807564,0.18550746142864227,0.18550798296928406
4.973999999999674,0.06822024173766865,16.080358505249023,0.1759948656425156,0.00027310068662535474,0.18612703680992126,0.18612760305404663
4.975999999999674,0.06822027248339299,16.08037567138672,0.17691301564849793,0.00026476420498296345,0.18676920235157013,0.1867697387933731
4.977999999999674,0.06822030336517342,16.08039665222168,0.17784888231029067,0.0002564397191231363,0.18743330240249634,0.1874338537454605
4.979999999999674,0.0682203343807071,16.080413818359375,0.1788023085903621,0.00024812839709008257,0.18811944127082825,0.18811993300914764
4.981999999999673,0.06822036552776763,16.08043670654297,0.17977312212427538,0.00023983141844976342,0.18882672488689423,0.1888272911310196
4.983999999999673,0.0682203968042128,16.080453872680664,0.18076113528314702,0.00023154997658834361,0.18955545127391815,0.18955616652965546
4.985999999999673,0.06822042820799394,16.080474853515625,0.18176614526744939,0.00022328528145965294,0.1903054416179657,0.19030582904815674
4.987999999999673,0.06822045973716802,16.08049774169922,0.18278793423105216,0.0002150385628923747,0.1910763680934906,0.19107685983181
4.9899999999996725,0.06822049138990711,16.080520629882812,0.18382626943433433,0.00020681107459981468,0.19186872243881226,0.19186918437480927
4.991999999999672,0.06822052316451332,16.080543518066406,0.18488090342511831,0.00019860409906794957,0.19268247485160828,0.19268298149108887
4.993999999999672,0.0682205550594347,16.08056640625,0.1859515742461702,0.00019041895356871157,0.19351808726787567,0.19351881742477417
4.995999999999672,0.06822058707328185,16.080589294433594,0.1870380056679587,0.00018225699760542768,0.19437600672245026,0.1943763792514801
4.997999999999672,0.06822061920484943,16.080612182617188,0.18813990744536319,0.00017411964221956228,0.19525644183158875,0.19525685906410217
4.999999999999671,0.06822065145313942,16.080636978149414,0.1892569755970383,0.0001660083617478143,0.1961599439382553,0.19616059958934784
