time,dist,gamma,real_dist,tar_dist,pred_dist,pred_distv
0.002,0.06802353888085752,18.174203872680664,0.24007869507236734,0.7974475440378651,0.20405595004558563,0.20405595004558563
0.004,0.06802377151417,18.17169761657715,0.23929063847390758,0.7974475440378651,0.2039991021156311,0.20397071540355682
0.006,0.06802411996986328,18.168060302734375,0.23850468294226995,0.7973877520329082,0.20388683676719666,0.20377516746520996
0.008,0.06802458238619265,18.165464401245117,0.23772113185575416,0.7972686948669092,0.20371919870376587,0.20347216725349426
0.01,0.0680251559343679,18.162307739257812,0.23694033038318874,0.797090809100509,0.20349788665771484,0.2030649036169052
0.012,0.06802583661495021,18.159465789794922,0.23616260814071405,0.796854523673819,0.20322352647781372,0.2025558352470398
0.014,0.068026619420729,18.156238555908203,0.23538832204033744,0.7965602022967591,0.20289693772792816,0.20194771885871887
0.016,0.06802749822354136,18.153474807739258,0.23461782202309067,0.7962081936360503,0.20251896977424622,0.2012425810098648
0.018000000000000002,0.06802846587324163,18.15033721923828,0.23385147634944814,0.7957987977545684,0.20209071040153503,0.2004426270723343
0.020000000000000004,0.0680295141378159,18.147371292114258,0.23308965107386548,0.7953322968191378,0.2016124278306961,0.19955013692378998
0.022000000000000006,0.06803063376470216,18.144107818603516,0.23233272493323037,0.7948089357186955,0.20108528435230255,0.1985672563314438
0.024000000000000007,0.06803181445174387,18.141124725341797,0.23158107701546715,0.7942289410316276,0.20051051676273346,0.19749648869037628
0.02600000000000001,0.06803304488631097,18.13809585571289,0.23083509549185255,0.7935925099871668,0.1998884379863739,0.19634008407592773
0.02800000000000001,0.06803431273362222,18.13496971130371,0.23009517018036196,0.7928998223190045,0.19921988248825073,0.19510100781917572
0.030000000000000013,0.06803560466263947,18.13178253173828,0.2293592525344329,0.7921510341176761,0.1985062211751938,0.19378192722797394
0.032000000000000015,0.06803690634374565,18.128549575805664,0.22861808234657816,0.791346285347736,0.19774791598320007,0.1923855096101761
0.034000000000000016,0.06803820246654922,18.125347137451172,0.22787089378037823,0.7904856965499343,0.19694635272026062,0.1909162998199463
0.03600000000000002,0.06803947674218183,18.122432708740234,0.22711789678819871,0.7895693736960969,0.1961022913455963,0.18937736749649048
0.03800000000000002,0.0680407119159258,18.119556427001953,0.22635889240147805,0.7885974065364237,0.19521647691726685,0.1877732127904892
0.04000000000000002,0.06804188977135771,18.11669921875,0.22559140747701678,0.7875698718059628,0.19429075717926025,0.1861087679862976
0.04200000000000002,0.0680429911394094,18.113666534423828,0.22481493052293994,0.7864868325085405,0.1933257281780243,0.1843896061182022
0.044000000000000025,0.0680439959027606,18.110614776611328,0.22404000797608337,0.7853483400922,0.1923227608203888,0.18262162804603577
0.04600000000000003,0.06804488300221664,18.106977462768555,0.22327363855700444,0.784154434255389,0.1912834197282791,0.18081197142601013
0.04800000000000003,0.06804563044043517,18.10312271118164,0.22251635057910385,0.7829051444697751,0.1902085542678833,0.17896784842014313
0.05000000000000003,0.06804621528609361,18.099102020263672,0.22176866382359184,0.7816004900684091,0.18910014629364014,0.17709794640541077
0.05200000000000003,0.06804661367644252,18.093734741210938,0.22103108894372142,0.7802404813497242,0.18795986473560333,0.17521211504936218
0.054000000000000034,0.06804680081951742,18.088233947753906,0.2203041274637096,0.778825119810111,0.18678906559944153,0.17332011461257935
0.056000000000000036,0.06804675099523763,18.08249282836914,0.21958827135906872,0.7773543989750203,0.18558983504772186,0.17143434286117554
0.05800000000000004,0.06804643755579848,18.076560974121094,0.21888400300007904,0.7758283046987337,0.18436385691165924,0.16956670582294464
0.06000000000000004,0.06804583292517492,18.070598602294922,0.2181917948554704,0.7742468158147379,0.18311385810375214,0.16773079335689545
0.06200000000000004,0.06804490859776233,18.064796447753906,0.2175121094213318,0.7726099044606635,0.18184158205986023,0.16594114899635315
0.06400000000000004,0.068043635136224,18.058826446533203,0.21684539901705585,0.7709175366070413,0.18054993450641632,0.16421358287334442
0.06600000000000004,0.0680419821684171,18.052684783935547,0.2161921057245696,0.7691696723856732,0.17924174666404724,0.1625644713640213
0.06800000000000005,0.06803991838356095,18.04623031616211,0.21555266125840322,0.7673662665353509,0.17791947722434998,0.16101065278053284
0.07000000000000005,0.06803741152747601,18.03938102722168,0.2149274869304842,0.765507268723468,0.17658650875091553,0.15957045555114746
0.07200000000000005,0.06803442839706746,18.03226661682129,0.21431699358385398,0.763592623934393,0.17524607479572296,0.15826231241226196
0.07400000000000005,0.06803093483389779,18.02484893798828,0.21372158159237414,0.761622272780541,0.17390210926532745,0.15710528194904327
0.07600000000000005,0.06802689571699541,18.0174560546875,0.21314164085203074,0.7595961518508971,0.17255835235118866,0.156119242310524
0.07800000000000006,0.0680222749547737,18.010311126708984,0.21257755082120255,0.7575141940111921,0.1712189018726349,0.15532514452934265
0.08000000000000006,0.06801703547618074,18.00325584411621,0.21202309031781907,0.7553763287247985,0.16988851130008698,0.15474385023117065
0.08200000000000006,0.0680111392209787,17.996089935302734,0.21145750048432693,0.7531824823433593,0.1685715615749359,0.1543978750705719
0.08400000000000006,0.06800454712924614,17.989131927490234,0.21089007070470744,0.7509325784088114,0.16727301478385925,0.15431098639965057
0.08600000000000006,0.06799721913003584,17.981666564941406,0.2103267658732293,0.7486265379365832,0.16599851846694946,0.15450666844844818
0.08800000000000006,0.06798940020913002,17.973894119262695,0.2097681673311429,0.7462642797051632,0.1647535264492035,0.15501001477241516
0.09000000000000007,0.06798175419862826,17.965816497802734,0.20921487148321993,0.7438457205342246,0.16354377567768097,0.15541447699069977
0.09200000000000007,0.06797433282023957,17.957469940185547,0.20866372365957558,0.7413707755665804,0.1623755693435669,0.15573932230472565
0.09400000000000007,0.06796716104498714,17.948484420776367,0.20811433363363524,0.7388393585435403,0.16125507652759552,0.15643510222434998
0.09600000000000007,0.06796026440404233,17.93896484375,0.207572892391162,0.7362513820829937,0.16018898785114288,0.15738189220428467
0.09800000000000007,0.06795366899867164,17.929039001464844,0.20703912590387946,0.733606757954155,0.1591840535402298,0.1585206687450409
0.10000000000000007,0.06794740151034524,17.918437957763672,0.20651275270959218,0.7309053973547144,0.15824711322784424,0.15981674194335938
0.10200000000000008,0.06794148921096137,17.907007217407227,0.2059934848123448,0.728147211186927,0.15738552808761597,0.16122902929782867
0.10400000000000008,0.06793595997315352,17.895414352416992,0.20548102860335415,0.7253321103362105,0.15660642087459564,0.16270998120307922
0.10600000000000008,0.0679308422806443,17.883136749267578,0.204975085802731,0.7224600059503149,0.1559171974658966,0.1642293930053711
0.10800000000000008,0.06792616523860608,17.870086669921875,0.20447535441950165,0.7195308097213307,0.15532565116882324,0.16580206155776978
0.11000000000000008,0.06792195858399601,17.8565673828125,0.20398152972933836,0.7165444341694922,0.15483883023262024,0.167491614818573
0.11200000000000009,0.06791825269582036,17.842355728149414,0.20349330526798204,0.7135007929302497,0.15446513891220093,0.16936343908309937
0.11400000000000009,0.0679150786052971,17.827526092529297,0.20301037383943704,0.7103998010441014,0.15421171486377716,0.1705802083015442
0.11600000000000009,0.06791246800587455,17.810314178466797,0.2025283869662804,0.7072413752501621,0.15408694744110107,0.1692892163991928
0.11800000000000009,0.06791045326306665,17.79308319091797,0.20202792207001075,0.7040254342832778,0.15409834682941437,0.16831108927726746
0.12000000000000009,0.067909067424069,17.7747745513916,0.20150815636762615,0.7007518991753726,0.15425416827201843,0.16768239438533783
0.1220000000000001,0.06790834422710822,17.756481170654297,0.2009698322058337,0.6974206935610076,0.15456229448318481,0.1674342304468155
0.1240000000000001,0.06790831811049508,17.7377986907959,0.20041273718843178,0.6940317439876696,0.1549811214208603,0.16759033501148224
0.12600000000000008,0.06790902422132686,17.719701766967773,0.1998366729434965,0.6905849802308744,0.1549312174320221,0.16816829144954681
0.12800000000000009,0.06791049842380951,17.70046043395996,0.19924145567403334,0.6870803356144978,0.1551145315170288,0.16918082535266876
0.1300000000000001,0.06791277730714901,17.67976188659668,0.1986269167469073,0.683517747336485,0.15547814965248108,0.17063789069652557
0.1320000000000001,0.06791589819297106,17.65913963317871,0.1979929033222252,0.6798971568002962,0.15597744286060333,0.1719164252281189
0.1340000000000001,0.06791989914222772,17.637372970581055,0.19733927902552495,0.6762185099522834,0.1565849781036377,0.16740506887435913
0.1360000000000001,0.06792481896154573,17.613853454589844,0.19666592466519983,0.6724817576253229,0.15728585422039032,0.16287848353385925
0.1380000000000001,0.06793069720897028,17.586225509643555,0.1959727389977497,0.6686868558889464,0.15807348489761353,0.1583367884159088
0.1400000000000001,0.06793757419906164,17.556127548217773,0.19525963954355885,0.6648337664062779,0.15894131362438202,0.15378350019454956
0.1420000000000001,0.06794522385953015,17.524269104003906,0.19452656345605884,0.6609224567980586,0.15988028049468994,0.14922401309013367
0.1440000000000001,0.06795360176609412,17.554222106933594,0.19378864062792994,0.656952901014075,0.16084402799606323,0.1487765908241272
0.1460000000000001,0.06796266442036815,17.586240768432617,0.1930469873922357,0.6530376931609523,0.16180633008480072,0.1483549028635025
0.1480000000000001,0.0679723698838556,17.61505889892578,0.19230277945627006,0.6491770378654294,0.16275787353515625,0.14796182513237
0.1500000000000001,0.06798267708822558,17.64151954650879,0.19155713368282873,0.6453712349347606,0.16369736194610596,0.14759418368339539
0.1520000000000001,0.06799354631481745,17.666584014892578,0.1908112846050194,0.6416181227059742,0.16462241113185883,0.14726142585277557
0.1540000000000001,0.06800493869032753,17.691669464111328,0.19006641257690093,0.6379181151648702,0.16553126275539398,0.14696018397808075
0.1560000000000001,0.06801681652489018,17.713605880737305,0.18932370209644567,0.6342715339680784,0.16643282771110535,0.14669008553028107
0.1580000000000001,0.06802914296745571,17.73710823059082,0.1885842967657378,0.630678715980536,0.16733649373054504,0.14644910395145416
0.16000000000000011,0.0680418822263269,17.760284423828125,0.1878493330355001,0.627139935199869,0.16825470328330994,0.14623650908470154
0.16200000000000012,0.0680549993371164,17.783550262451172,0.1871199138279514,0.6236554670037293,0.16919682919979095,0.14605063199996948
0.16400000000000012,0.06806790405749634,17.806751251220703,0.1863971279570812,0.6202255426069984,0.1701638400554657,0.14589084684848785
0.16600000000000012,0.06807952205480669,17.830055236816406,0.18568183144434375,0.6168503875510276,0.17114311456680298,0.14575603604316711
0.16800000000000012,0.06809011907538594,17.851879119873047,0.18497140955129332,0.6135301953242648,0.1717233657836914,0.14564558863639832
0.17000000000000012,0.06810017701049416,17.873233795166016,0.18426562154788123,0.6102651505224157,0.17100340127944946,0.14555855095386505
0.17200000000000013,0.06810974113003958,17.894546508789062,0.18356558441871879,0.6070554137188421,0.17035558819770813,0.1454944610595703
0.17400000000000013,0.06811884549883934,17.915485382080078,0.18263016529467363,0.6039011354942414,0.16977734863758087,0.14545252919197083
0.17600000000000013,0.06812752238960232,17.93549346923828,0.18112946947271885,0.600802447883511,0.169266939163208,0.14543218910694122
0.17800000000000013,0.06813580233155793,17.953937530517578,0.1796774527866744,0.5977594729574063,0.16882158815860748,0.14543314278125763
0.18000000000000013,0.06814371419069847,17.971149444580078,0.17827382095486144,0.5947723180932539,0.16843844950199127,0.1454547792673111
0.18200000000000013,0.06815128522231191,17.987905502319336,0.17691827120422543,0.591841081296175,0.16811488568782806,0.14549694955348969
0.18400000000000014,0.06815854113802008,18.003597259521484,0.1756104942724161,0.5889658486771651,0.16784843802452087,0.14555896818637848
0.18600000000000014,0.06816550615828137,18.01821517944336,0.17435017512200612,0.5861466978140989,0.16763609647750854,0.14564071595668793
0.18800000000000014,0.06817220307082501,18.032150268554688,0.17313699474277203,0.5833836964912852,0.16747553646564484,0.14574190974235535
0.19000000000000014,0.06817865328133162,18.045686721801758,0.1719706311619323,0.5806769048739916,0.16736416518688202,0.14586231112480164
0.19200000000000014,0.06818487686589166,18.05904769897461,0.17085076111268838,0.5780263749584443,0.16729973256587982,0.1460016369819641
0.19400000000000014,0.06819089261914806,18.07261848449707,0.16977706121483174,0.575432152021297,0.16727979481220245,0.14615963399410248
0.19600000000000015,0.06819671525434637,18.085891723632812,0.1687492095394815,0.5728942744609112,0.16730201244354248,0.14633648097515106
0.19800000000000015,0.06820213746605426,18.09935188293457,0.16776688686652264,0.5704127747978524,0.16736410558223724,0.1465318500995636
0.20000000000000015,0.06820704391609647,18.112756729125977,0.1668297781513035,0.5679876797240083,0.16746370494365692,0.14674536883831024
0.20200000000000015,0.06821146336433756,18.125545501708984,0.16593481604898044,0.5656190108200997,0.16759860515594482,0.14697730541229248
0.20400000000000015,0.06821542380959998,18.138011932373047,0.16507635073025728,0.563306784708291,0.1677662879228592,0.147227481007576
0.20600000000000016,0.06821895249628573,18.15009117126465,0.16425452227331752,0.5610510135872012,0.16796399652957916,0.1474957913160324
0.20800000000000016,0.06822207592045958,18.16164779663086,0.16346964545235254,0.558851705429538,0.16818946599960327,0.14778222143650055
0.21000000000000016,0.06822481983541534,18.172809600830078,0.1627220347459969,0.5567088643959853,0.16844013333320618,0.14808672666549683
0.21200000000000016,0.06822720925675388,18.18343734741211,0.16201200498128746,0.5546224910458216,0.1687127649784088,0.14840959012508392
0.21400000000000016,0.06822926846706634,18.194034576416016,0.16133987186120227,0.5525925826676281,0.16900469362735748,0.14875023066997528
0.21600000000000016,0.06823102102020472,18.204227447509766,0.16070595243983685,0.5506191334859164,0.16931340098381042,0.14910922944545746
0.21800000000000017,0.06823248974524103,18.21371078491211,0.1601105654831617,0.5487021349324744,0.16877824068069458,0.14948618412017822
0.22000000000000017,0.06823369679717119,18.22283935546875,0.15955439868099486,0.5468415758405326,0.16819129884243011,0.1498814821243286
0.22200000000000017,0.06823466004443533,18.231708526611328,0.15903770484960522,0.545040398910927,0.16765013337135315,0.15029184520244598
0.22400000000000017,0.06823537242326633,18.224393844604492,0.15850869162089173,0.5432983488966342,0.1670975387096405,0.1488679051399231
0.22600000000000017,0.06823585535249212,18.231365203857422,0.15801934941084866,0.5415002753025849,0.16659119725227356,0.14930391311645508
0.22800000000000017,0.06823612992868894,18.241317749023438,0.15756988104040062,0.5397609919261079,0.1661304384469986,0.14975634217262268
0.23000000000000018,0.06823614670889204,18.247817993164062,0.15716061215239865,0.5380801612946373,0.16571590304374695,0.15022651851177216
0.23200000000000018,0.06823596540378085,18.24234390258789,0.15673885091395545,0.5364577437791426,0.16529016196727753,0.14897482097148895
0.23400000000000018,0.06823560601411663,18.247337341308594,0.1563575742343739,0.5347771775301996,0.16491031646728516,0.14947454631328583
0.23600000000000018,0.06823508858800297,18.257217407226562,0.15601697041237014,0.533154932734254,0.16457673907279968,0.14999262988567352
0.23800000000000018,0.06823429959773922,18.262916564941406,0.15571740015537702,0.5315906597494652,0.164289191365242,0.15052969753742218
0.24000000000000019,0.06823336242904215,18.257450103759766,0.15540530534678454,0.5300844117214166,0.16399039328098297,0.1494550257921219
0.2420000000000002,0.06823213204601647,18.26156234741211,0.15513460813419103,0.5285182963980724,0.1637376844882965,0.15002460777759552
0.2440000000000002,0.06823076360315672,18.257003784179688,0.15485128898229983,0.5270102943121336,0.16347357630729675,0.14897923171520233
0.2460000000000002,0.06822927580742803,18.260238647460938,0.15460974045507053,0.5254418773469035,0.16325539350509644,0.1495814323425293
0.2480000000000002,0.06822747790184798,18.270673751831055,0.1544101164342851,0.5239316810252544,0.16308362782001495,0.15020331740379333
0.25000000000000017,0.06822557098962467,18.26117706298828,0.15419808549596806,0.5224792734012902,0.16289980709552765,0.1492629200220108
0.25200000000000017,0.06822357404709203,18.2681884765625,0.1540284113579292,0.520966439247455,0.16276247799396515,0.14991797506809235
0.25400000000000017,0.06822124959590473,18.275896072387695,0.1539013648669163,0.5195116446515243,0.1626715213060379,0.15059301257133484
0.25600000000000017,0.06821884528550556,18.2685546875,0.1537620154289855,0.5181147449031955,0.16256819665431976,0.14975833892822266
0.2580000000000002,0.06821609246164002,18.274093627929688,0.1536656922964925,0.516657220978593,0.16251149773597717,0.15046706795692444
0.2600000000000002,0.06821327009508954,18.268524169921875,0.15355704427123779,0.5152578016251569,0.16244195401668549,0.14966242015361786
0.2620000000000002,0.06821007806565062,18.272735595703125,0.15349178051303733,0.5137977102448257,0.16241909563541412,0.15040487051010132
0.2640000000000002,0.06820682698785939,18.268112182617188,0.15341416135862312,0.5123958792350923,0.16238299012184143,0.14963017404079437
0.2660000000000002,0.06820318491625987,18.271533966064453,0.15338024814804077,0.5109333587949816,0.16239377856254578,0.150406152009964
0.2680000000000002,0.06819949448720151,18.267366409301758,0.1533339300309429,0.509529221366655,0.16239088773727417,0.14966145157814026
0.2700000000000002,0.06819539152896563,18.27042007446289,0.1533316038337153,0.5080643939611853,0.1624346226453781,0.15047083795070648
0.2720000000000002,0.06819125111112073,18.266483306884766,0.1533167965435258,0.5066580513942504,0.16246473789215088,0.14975611865520477
0.2740000000000002,0.06818667641028447,18.26937484741211,0.1533462298577778,0.5051910275612953,0.16254158318042755,0.15059898793697357
0.2760000000000002,0.06818207536001974,18.265625,0.1533630732068816,0.5037825769729113,0.1626039296388626,0.14991424977779388
0.2780000000000002,0.06817701804622397,18.268482208251953,0.15342402928819063,0.5023134589122524,0.16271328926086426,0.1507905125617981
0.2800000000000002,0.06817147984026443,18.264724731445312,0.15346954208844865,0.500902993555201,0.16280777752399445,0.15013566613197327
0.2820000000000002,0.0681659161260307,18.25172233581543,0.15349898089985736,0.49943187736969213,0.16288740932941437,0.14943332970142365
0.2840000000000002,0.0681598476052329,18.2612361907959,0.15356941050942166,0.49790071649246176,0.1630137711763382,0.15035581588745117
0.2860000000000002,0.06815376630532713,18.252113342285156,0.15362314140918185,0.49642814334183255,0.1631247103214264,0.14968378841876984
0.2880000000000002,0.06814715634277757,18.259124755859375,0.15371770851843264,0.49489534307904715,0.16328251361846924,0.15063899755477905
0.2900000000000002,0.06814054631685165,18.25202751159668,0.15379494058940135,0.4934213191710916,0.16342444717884064,0.14999794960021973
0.2920000000000002,0.0681333837161571,18.25745964050293,0.15391282358612182,0.4918869683735266,0.16361327469348907,0.15098556876182556
0.2940000000000002,0.06812564162016864,18.251441955566406,0.15401281336250078,0.49041152420820827,0.16378599405288696,0.1503773033618927
0.2960000000000002,0.06811790155683878,18.23843765258789,0.1540954040687985,0.48887575421401197,0.16394254565238953,0.14972427487373352
0.2980000000000002,0.06810955637535492,18.248292922973633,0.15422186400937593,0.48728020761606106,0.1641458421945572,0.1507578343153
0.3000000000000002,0.06810057653017361,18.23831558227539,0.1543342841542065,0.4857436228198032,0.16433317959308624,0.15014076232910156
0.3020000000000002,0.06809160249184895,18.226558685302734,0.1544325658313673,0.4841471837604773,0.16450396180152893,0.14948217570781708
0.3040000000000002,0.0680819671225995,18.235824584960938,0.15457516853788253,0.48249120194406275,0.16472163796424866,0.15055975317955017
0.3060000000000002,0.06807235228806958,18.226421356201172,0.15470324476493963,0.4808944755525235,0.16492301225662231,0.14993920922279358
0.3080000000000002,0.0680620494609687,18.233755111694336,0.15487557700468282,0.47923816518760515,0.1651710569858551,0.15104737877845764
0.3100000000000002,0.0680511349652017,18.22563934326172,0.1550329860056439,0.4776412205471471,0.1654028445482254,0.15046550333499908
0.3120000000000002,0.0680406765796205,18.21115493774414,0.15517545812860473,0.47598471005644266,0.16561844944953918,0.14984555542469025
0.3140000000000002,0.06802997622680376,18.22181510925293,0.15536168517372884,0.47426918498856413,0.16588102281093597,0.15099665522575378
0.3160000000000002,0.06801905740973221,18.210674285888672,0.15553241469485019,0.47261306780258466,0.1661270260810852,0.15041780471801758
0.3180000000000002,0.06800862755336759,18.197551727294922,0.15568742632206098,0.4708978541237592,0.16635732352733612,0.14980429410934448
0.32000000000000023,0.06799799621413737,18.207447052001953,0.15588571414083746,0.46912387938256134,0.16663464903831482,0.15099629759788513
0.32200000000000023,0.0679871881350265,18.196754455566406,0.1560676637601662,0.46740958105363967,0.16689610481262207,0.1504260152578354
0.32400000000000023,0.06797687284779287,18.182037353515625,0.15623306922223523,0.4656364776740972,0.16714192926883698,0.14982439577579498
0.32600000000000023,0.06796639834133603,18.192914962768555,0.15644105980842932,0.4638050084096805,0.16743505001068115,0.1510559320449829
0.32800000000000024,0.0679557898995859,18.181049346923828,0.15663178907103525,0.46203337001085915,0.16771267354488373,0.15049877762794495
0.33000000000000024,0.06794567749809763,18.16594696044922,0.15680497822068565,0.4602033038230811,0.1679753214120865,0.14991307258605957
0.33200000000000024,0.06793544939891195,18.17705535888672,0.1570199558224317,0.4583152163594888,0.16828519105911255,0.15118199586868286
0.33400000000000024,0.0679251317095084,18.164592742919922,0.15721660100279647,0.4564871528252737,0.16858002543449402,0.15064114332199097
0.33600000000000024,0.06791475020626168,18.14873504638672,0.1573946027217646,0.45460101556611143,0.16886068880558014,0.1500740349292755
0.33800000000000024,0.06790487858885477,18.13465118408203,0.15755347899887978,0.45265723937135854,0.1691269874572754,0.14948171377182007
0.34000000000000025,0.06789496265399955,18.144943237304688,0.15775285359279137,0.4506559995201735,0.16944067180156708,0.15079405903816223
0.34200000000000025,0.06788503019459996,18.13252830505371,0.15793223205208506,0.4487152194667326,0.1697402149438858,0.1506277322769165
0.34400000000000025,0.06787510834755617,18.114439010620117,0.15809130411101602,0.44671696333818667,0.17002618312835693,0.15056653320789337
0.34600000000000025,0.06786522581311331,18.10065460205078,0.15822949602641379,0.4446617824916331,0.17029869556427002,0.15050657093524933
0.34800000000000025,0.06785541131023777,18.083887100219727,0.158346401530893,0.44254978482253116,0.17055846750736237,0.15045300126075745
0.35000000000000026,0.06784569466124728,18.068605422973633,0.15844146240305623,0.4403814134080806,0.1708051562309265,0.150407612323761
0.35200000000000026,0.06783610605560342,18.05062484741211,0.15851420947185774,0.4381568599808596,0.171039879322052,0.150370255112648
0.35400000000000026,0.06782667656141578,18.033390045166016,0.1585640844739449,0.4358765096085188,0.17126217484474182,0.1503344029188156
0.35600000000000026,0.06781743779282516,18.014602661132812,0.15859057534186688,0.4335406063295696,0.1714724898338318,0.15029221773147583
0.35800000000000026,0.06780842213908297,17.996315002441406,0.15859311671024504,0.4311495070888567,0.17167076468467712,0.15023179352283478
0.36000000000000026,0.0677996626276236,17.976524353027344,0.1585711662170095,0.42870349131302055,0.17185695469379425,0.1501372903585434
0.36200000000000027,0.06779152018648303,17.956768035888672,0.15852414889562358,0.42620290595296223,0.17203041911125183,0.1499914824962616
0.36400000000000027,0.06778365812871492,17.971332550048828,0.15849213984242366,0.4236480571810937,0.17223641276359558,0.15124084055423737
0.36600000000000027,0.06777611022684157,17.953868865966797,0.15843035946389827,0.4211047448055169,0.17242789268493652,0.15100987255573273
0.36800000000000027,0.06776891087076474,17.930944442749023,0.1583384371993003,0.418507330453184,0.17260517179965973,0.15067166090011597
0.3700000000000003,0.06776209515025763,17.91067886352539,0.15821582438423903,0.4158563989402081,0.1727667897939682,0.15020422637462616
0.3720000000000003,0.06775591597279643,17.886363983154297,0.1580621621549087,0.41315215219707924,0.17291167378425598,0.14958415925502777
0.3740000000000003,0.0677501460929746,17.904603958129883,0.15793739265890894,0.4103950908181361,0.17309367656707764,0.15076322853565216
0.3760000000000003,0.0677449930035716,17.88331413269043,0.15778071509758124,0.40770053466333234,0.17325495183467865,0.14998918771743774
0.3780000000000003,0.06774027557733536,17.898866653442383,0.1576540661143852,0.4049531745371807,0.17367589473724365,0.15114259719848633
0.3800000000000003,0.06773602978697546,17.87932586669922,0.1574981375193828,0.402268338243919,0.17425228655338287,0.15019738674163818
0.3820000000000003,0.06773239443700103,17.851837158203125,0.1573126371712002,0.39953080725707407,0.17480167746543884,0.14650416374206543
0.3840000000000003,0.0677293360162243,17.873661041259766,0.15715758786286796,0.39674132177189175,0.17535243928432465,0.14779458940029144
0.3860000000000003,0.06772682082670789,17.89297866821289,0.1570328743955036,0.39402784891120307,0.17590604722499847,0.14910666644573212
0.3880000000000003,0.06772478078800548,17.91107749938965,0.15693482973402184,0.3913890824406386,0.17646220326423645,0.15044206380844116
0.3900000000000003,0.06772325976388534,17.890377044677734,0.15680250689147743,0.3888193337997419,0.1769895851612091,0.14687830209732056
0.3920000000000003,0.06772225359700565,17.90760612487793,0.15669761864351475,0.3861948785073026,0.17751699686050415,0.14823178946971893
0.3940000000000003,0.06772198032529668,17.928457260131836,0.15662184039502855,0.3836436528984851,0.17804399132728577,0.14960967004299164
0.3960000000000003,0.06772252813745372,17.944080352783203,0.15657277965436475,0.3811643422568806,0.17856773734092712,0.15099456906318665
0.3980000000000003,0.06772382683393055,17.926504135131836,0.1564907879093708,0.3787516074560233,0.17905361950397491,0.14770473539829254
0.4000000000000003,0.06772582310696175,17.940654754638672,0.15643495270147356,0.37628248601130254,0.17953240871429443,0.14909744262695312
0.4020000000000003,0.06772864015068594,17.959726333618164,0.15640499532373378,0.37388007064808837,0.18000218272209167,0.1505097597837448
0.4040000000000003,0.06773211209712451,17.940174102783203,0.15634118573793893,0.3715435007464114,0.18042562901973724,0.14735375344753265
0.4060000000000003,0.06773618615758661,17.95592498779297,0.1563026608693853,0.3691506979489826,0.18083560466766357,0.14876680076122284
0.4080000000000003,0.0677410800713949,17.972492218017578,0.15628926015485953,0.3668240009684585,0.1812320351600647,0.1501905471086502
0.4100000000000003,0.06774653463359137,17.95457649230957,0.1562407732493456,0.3645627579069194,0.18157336115837097,0.14717920124530792
0.4120000000000003,0.06775249860787186,17.96792221069336,0.15621671197880754,0.3622452968279183,0.18189725279808044,0.14860323071479797
0.4140000000000003,0.06775928071518199,17.983192443847656,0.15621681022532102,0.359993549379685,0.18220311403274536,0.15004053711891174
0.4160000000000003,0.06776653218024868,17.965831756591797,0.15618056923530005,0.3578068063295809,0.1824469268321991,0.14716659486293793
0.4180000000000003,0.06777420313889017,17.97842025756836,0.15616775302142394,0.35556397724199695,0.1826707422733307,0.14860175549983978
0.4200000000000003,0.06778269009582534,17.993148803710938,0.15617810218490932,0.3533864481530984,0.18287502229213715,0.1500481814146042
0.4220000000000003,0.06779155814558752,17.976119995117188,0.15615078316412967,0.3512735577223587,0.18300452828407288,0.14730429649353027
0.4240000000000003,0.06780075902497561,17.988361358642578,0.1561458605052716,0.3491047121181609,0.18194544315338135,0.14874449372291565
0.4260000000000003,0.06781075992252845,18.002748489379883,0.1561630477627856,0.34700080829049873,0.18094640970230103,0.15019463002681732
0.4280000000000003,0.0678210560381587,17.986515045166016,0.1561417733658434,0.34496118282843374,0.17991143465042114,0.14759188890457153
0.4300000000000003,0.06783160075218206,17.99883270263672,0.1561225864519311,0.34286619433006954,0.17892983555793762,0.14902815222740173
0.43200000000000033,0.06784292715090069,18.01263427734375,0.15566483704029105,0.34083579339364645,0.17800666391849518,0.15046802163124084
0.43400000000000033,0.0678544656334599,17.997814178466797,0.15515720000956634,0.3388693329077866,0.17704704403877258,0.1479891538619995
0.43600000000000033,0.06786617131189698,18.009449005126953,0.15467958078926297,0.33684804144469976,0.17613941431045532,0.14858028292655945
0.43800000000000033,0.06787799985894825,18.025920867919922,0.15423526435658483,0.33489099914924453,0.17529608309268951,0.14896251261234283
0.44000000000000034,0.06788990976037344,18.037843704223633,0.1538292597276761,0.33300222285933945,0.17450430989265442,0.1493624746799469
0.44200000000000034,0.06790179239703824,18.052274703979492,0.15346127781738497,0.33118114267846255,0.17377124726772308,0.14980711042881012
0.44400000000000034,0.06791408678753309,18.063594818115234,0.15313076061653821,0.32942672414781177,0.17308953404426575,0.1502753645181656
0.44600000000000034,0.06792610455466677,18.051197052001953,0.15275796689660054,0.3277384038292666,0.17236639559268951,0.14832015335559845
0.44800000000000034,0.06793782809359013,18.063142776489258,0.1524215997027404,0.32599340265649557,0.17169708013534546,0.148813396692276
0.45000000000000034,0.06794924084954287,18.07436752319336,0.15212113474760044,0.3243145458173102,0.17087730765342712,0.1493365466594696
0.45200000000000035,0.0679603269460722,18.085418701171875,0.15185606228924034,0.32270117442896834,0.1697714477777481,0.14989160001277924
0.45400000000000035,0.06797177902007502,18.09604835510254,0.15162584035815282,0.3211526133947249,0.16872745752334595,0.15047597885131836
0.45600000000000035,0.06798285047867217,18.08419418334961,0.15135171348681048,0.31966829687087345,0.16763347387313843,0.1488063782453537
0.45800000000000035,0.06799332735185172,18.09539794921875,0.15111131670274852,0.3181264747744181,0.16660457849502563,0.1494087278842926
0.46000000000000035,0.06800387115898243,18.105121612548828,0.15090408545850795,0.3166491982173027,0.16563473641872406,0.15003439784049988
0.46200000000000035,0.06801381842353274,18.094013214111328,0.15065214290750095,0.31523598776295864,0.16461524367332458,0.14847160875797272
0.46400000000000036,0.0680231906711599,18.104572296142578,0.15043226566795104,0.3137655893461091,0.16365833580493927,0.14911310374736786
0.46600000000000036,0.06803200917889507,18.113840103149414,0.15024391765659192,0.3123595299593097,0.1627594381570816,0.1497768610715866
0.46800000000000036,0.0680408917342591,18.123151779174805,0.150086601355906,0.31101729934490707,0.16191917657852173,0.14976735413074493
0.47000000000000036,0.06804981960496767,18.120281219482422,0.14994126019588677,0.3097383072425034,0.16112953424453735,0.14975690841674805
0.47200000000000036,0.06805877199246071,18.12071418762207,0.14980718490495107,0.3085124043036432,0.1604010909795761,0.14977090060710907
0.47400000000000037,0.06806772935376672,18.116790771484375,0.1496835551316632,0.30733907342599465,0.15971870720386505,0.1498022824525833
0.47600000000000037,0.06807667039724166,18.115440368652344,0.14956975585731658,0.3062184301651693,0.15909062325954437,0.1498555839061737
0.47800000000000037,0.06808557422511732,18.111434936523438,0.14946499090041723,0.30514998230173174,0.1585077941417694,0.1499251276254654
0.48000000000000037,0.068094299404492,18.10873031616211,0.14936862651347635,0.30413377287441257,0.15797492861747742,0.15001456439495087
0.4820000000000004,0.06810296303460366,18.10033416748047,0.1492286567775444,0.3031695154729049,0.15737901628017426,0.14872480928897858
0.4840000000000004,0.06811154137152245,18.097938537597656,0.14909584471304516,0.3021495166327952,0.15683554112911224,0.14881210029125214
0.4860000000000004,0.06812001087779314,18.093414306640625,0.1489696007649743,0.3011824583468314,0.15633636713027954,0.1489168256521225
0.4880000000000004,0.06812834708879727,18.090103149414062,0.14884949342706966,0.30026836347076946,0.15588590502738953,0.14904581010341644
0.4900000000000004,0.06813652538105158,18.085594177246094,0.1487350839673492,0.2994069676619003,0.1554793119430542,0.1491929292678833
0.4920000000000004,0.06814452040865193,18.081562042236328,0.14862600402663123,0.29859829561137535,0.15511952340602875,0.14936356246471405
0.4940000000000004,0.06815230646906262,18.07645034790039,0.14852178858684065,0.29784222223027823,0.15480341017246246,0.14955352246761322
0.4960000000000004,0.06815985722980669,18.071044921875,0.14842210201870965,0.2971387977785595,0.15453320741653442,0.14977774024009705
0.4980000000000004,0.0681669900864543,18.064990997314453,0.14832663019817385,0.2964879985903131,0.1543072760105133,0.1500737965106964
0.5000000000000003,0.06817386628807034,18.063982009887695,0.1481905871514284,0.29588991025573613,0.15402895212173462,0.1493055522441864
0.5020000000000003,0.06818045849050329,18.058616638183594,0.14805822273291075,0.29524431941601337,0.15380018949508667,0.14962127804756165
0.5040000000000003,0.0681866143198902,18.052227020263672,0.14792930138238544,0.29465212451727674,0.1536157727241516,0.15001177787780762
0.5060000000000003,0.06819246509739538,18.052623748779297,0.14776027780309423,0.29411344968245917,0.1533840149641037,0.14930875599384308
0.5080000000000003,0.0681979829194426,18.046932220458984,0.14759437763371858,0.29352970694924646,0.15320265293121338,0.14972279965877533
0.5100000000000003,0.06820305443110025,18.040180206298828,0.14743147097521547,0.29299993877000025,0.15306754410266876,0.15021522343158722
0.5120000000000003,0.06820777305359683,18.041908264160156,0.14722909797920702,0.29252423066755173,0.15288758277893066,0.1495695263147354
0.5140000000000003,0.06821205990779756,18.035865783691406,0.1470295959701521,0.2920054055946679,0.15276016294956207,0.15008771419525146
0.5160000000000003,0.06821597410630721,18.03738021850586,0.14679061138796443,0.29154093950064086,0.1525851935148239,0.1494641900062561
0.5180000000000003,0.06821947189772944,18.031715393066406,0.14655446427617383,0.291034239047025,0.15246713161468506,0.15000583231449127
0.5200000000000004,0.0682225776639002,18.033123016357422,0.1462788861178637,0.2905821209036682,0.1522998809814453,0.14940254390239716
0.5220000000000004,0.06822526377270513,18.027599334716797,0.14600620134960735,0.29008844425177577,0.15219290554523468,0.14996753633022308
0.5240000000000004,0.06822753778692008,18.019927978515625,0.14573640419951545,0.2896495082917864,0.1521306186914444,0.1505981832742691
0.5260000000000004,0.06822943105568029,18.023761749267578,0.1454284390854617,0.289265518455944,0.15202976763248444,0.1500452160835266
0.5280000000000004,0.0682308973618719,18.026226043701172,0.1450815692240631,0.28884018960424235,0.1518864631652832,0.14948201179504395
0.5300000000000004,0.06823200157605358,18.020177841186523,0.1447378839817926,0.2883733120566775,0.15180087089538574,0.1500786542892456
0.5320000000000004,0.06823266172506917,18.02260971069336,0.14435561855462195,0.28796155129392853,0.15166783332824707,0.14952155947685242
0.5340000000000004,0.06823297991182818,18.01687240600586,0.1439768199437717,0.2875081106362609,0.15159758925437927,0.15014372766017914
0.5360000000000004,0.06823283761388164,18.019289016723633,0.14355980845052577,0.28710985584419485,0.1514769345521927,0.14959415793418884
0.5380000000000004,0.06823237478049266,18.013717651367188,0.14314661124238495,0.2866697566026662,0.15142281353473663,0.150241419672966
0.5400000000000004,0.06823143564631262,18.01619529724121,0.14269560987802002,0.2862849253834976,0.15131673216819763,0.14970165491104126
0.5420000000000004,0.06823019853492486,18.01064682006836,0.14224884280993366,0.2858580630389056,0.15128004550933838,0.15037377178668976
0.5440000000000004,0.0682284698416102,18.01319122314453,0.14176472201424722,0.2854865554445086,0.15119074285030365,0.14984630048274994
0.5460000000000004,0.06822646670656614,18.00763702392578,0.1412853337651765,0.2850728145988729,0.15117329359054565,0.15054357051849365
0.5480000000000004,0.06822421071837453,18.01055145263672,0.14076908515760256,0.2847145149865905,0.15110327303409576,0.1500309705734253
0.5500000000000004,0.06822145861343044,18.01392364501953,0.14021548057286026,0.2843137686602715,0.1510058343410492,0.14953583478927612
0.5520000000000004,0.06821843082965687,18.007980346679688,0.13966719476247577,0.2838700992486938,0.15096545219421387,0.1498846858739853
0.5540000000000004,0.06821520375169945,18.018936157226562,0.13914475461091017,0.2834822964306563,0.1509864777326584,0.15041200816631317
0.5560000000000004,0.06821176560096016,18.020809173583984,0.13858565905090597,0.2831550103706716,0.15096460282802582,0.14993254840373993
0.5580000000000004,0.06820817282590218,18.031837463378906,0.1380529933152275,0.28278429526833243,0.15101011097431183,0.15045173466205597
0.5600000000000004,0.06820442782948782,18.032861709594727,0.1374832706975254,0.2824736945369811,0.15101030468940735,0.14995482563972473
0.5620000000000004,0.06820056510648997,18.043682098388672,0.13694060904443955,0.28211912663249805,0.15108174085617065,0.15046560764312744
0.5640000000000004,0.068196603729651,18.043743133544922,0.1363605735893206,0.28182432562878745,0.15110710263252258,0.1499563604593277
0.5660000000000004,0.06819255460010347,18.053936004638672,0.1358083859048896,0.2814850548918151,0.15120631456375122,0.15045861899852753
0.5680000000000004,0.06818845553634169,18.052814483642578,0.13521930206908986,0.28120524796190227,0.1511632353067398,0.14994212985038757
0.5700000000000004,0.06818429254663598,18.061893463134766,0.13465963253711252,0.28088050888247224,0.15084728598594666,0.1504366099834442
0.5720000000000004,0.06818012389759331,18.05999755859375,0.13406290011444041,0.2806149685413253,0.15049231052398682,0.14991803467273712
0.5740000000000004,0.06817590971271277,18.068485260009766,0.13349644961367885,0.28030407474906516,0.1501978039741516,0.1504058986902237
0.5760000000000004,0.06817173007058147,18.06580352783203,0.13289273723837167,0.28005214860090344,0.14986461400985718,0.14989018440246582
0.5780000000000004,0.06816760913089544,18.07355499267578,0.13232024344808116,0.27975448777166356,0.14959347248077393,0.15037308633327484
0.5800000000000004,0.0681635677650157,18.079544067382812,0.13177948417369464,0.2795155946695792,0.1493684947490692,0.15087884664535522
0.5820000000000004,0.06815962706820897,18.086523056030273,0.13127139009082955,0.2793354411737715,0.1492023766040802,0.15144366025924683
0.5840000000000004,0.06815580569597651,18.092498779296875,0.13079661413921503,0.27921350134385103,0.14908604323863983,0.15204215049743652
0.5860000000000004,0.06815212192386604,18.098487854003906,0.13035604646363663,0.2791496824216343,0.14902696013450623,0.15269215404987335
0.5880000000000004,0.06814859209647389,18.103731155395508,0.12995042890870345,0.27914361947607436,0.14901991188526154,0.15338009595870972
0.5900000000000004,0.06814523183156544,18.109216690063477,0.12958063998818375,0.2791952038768773,0.14906930923461914,0.1541162133216858
0.5920000000000004,0.0681420551225435,18.114505767822266,0.12924748041694556,0.27930418201459617,0.14917223155498505,0.1548926830291748
0.5940000000000004,0.06813907504117546,18.119922637939453,0.1289518298410044,0.2794704551780987,0.1493312418460846,0.15571565926074982
0.5960000000000004,0.06813630322195549,18.125137329101562,0.12869452734781026,0.279693851097179,0.1495448797941208,0.15658089518547058
0.5980000000000004,0.06813375027246826,18.130260467529297,0.12847645683828018,0.27997429399201923,0.14981472492218018,0.15749195218086243
0.6000000000000004,0.06813130315249581,18.135231018066406,0.1282984800906138,0.28031167436383775,0.15013976395130157,0.15844658017158508
0.6020000000000004,0.06812894868445754,18.132030487060547,0.1280892625543206,0.28070594530808224,0.15042708814144135,0.158288836479187
0.6040000000000004,0.06812667429203322,18.129226684570312,0.12784822284705807,0.281045006039257,0.15068195760250092,0.15813761949539185
0.6060000000000004,0.06812446716474416,18.126113891601562,0.12757482342481646,0.2813297692214187,0.1509028673171997,0.15798527002334595
0.6080000000000004,0.06812231490665913,18.123126983642578,0.12726868807305514,0.2815611455086342,0.15109370648860931,0.15783223509788513
0.6100000000000004,0.06812020504537841,18.120159149169922,0.12692949559241046,0.28173985280615765,0.15125395357608795,0.15767398476600647
0.6120000000000004,0.06811812539761856,18.117305755615234,0.12655704243674476,0.2818665906073378,0.15079905092716217,0.15750692784786224
0.6140000000000004,0.06811606377607783,18.114490509033203,0.1261511829744891,0.2819419347757864,0.15026433765888214,0.15732985734939575
0.6160000000000004,0.06811423854910255,18.11171531677246,0.1257118626930434,0.2819664387720765,0.14967584609985352,0.15714438259601593
0.6180000000000004,0.06811265827690292,18.116573333740234,0.1253156789419494,0.2819405760857692,0.14915543794631958,0.15779812633991241
0.6200000000000004,0.06811133137622749,18.122079849243164,0.12496380218429498,0.28197579755136565,0.14870283007621765,0.15851524472236633
0.6220000000000004,0.06811026424553221,18.12726402282715,0.12465724858790406,0.28207152800108104,0.14831724762916565,0.15928170084953308
0.6240000000000004,0.06810946268845598,18.132661819458008,0.12439710745481705,0.28222749823073273,0.1479979008436203,0.1597798764705658
0.6260000000000004,0.06810893084602603,18.137962341308594,0.124184369860493,0.28244331073168,0.1477440446615219,0.15990081429481506
0.6280000000000004,0.06810867201419817,18.14340591430664,0.1240200514167619,0.2827187591630772,0.14755402505397797,0.16004197299480438
0.6300000000000004,0.06810868804014374,18.148700714111328,0.12390509819067864,0.2830535798053165,0.14723385870456696,0.16020789742469788
0.6320000000000005,0.06810898019104235,18.151966094970703,0.12384071500388158,0.2834476321715652,0.1468522995710373,0.16044721007347107
0.6340000000000005,0.06810954832426591,18.155170440673828,0.12382764469592415,0.28389630066828586,0.14651893079280853,0.16072522103786469
0.6360000000000005,0.06811039124086275,18.15855598449707,0.1238666281213659,0.28439997548314455,0.14623354375362396,0.16107173264026642
0.6380000000000005,0.06811150644317994,18.162063598632812,0.12395836613137415,0.28495899220133347,0.1459953933954239,0.16150027513504028
0.6400000000000005,0.06811289034219016,18.16574478149414,0.12410173670953309,0.2855737109072476,0.14580437541007996,0.16200746595859528
0.6420000000000005,0.06811453812728727,18.169517517089844,0.12429093880578565,0.2862444591629926,0.1456604152917862,0.16260991990566254
0.6440000000000005,0.06811644389069654,18.17350196838379,0.12452576484429873,0.2869715773692803,0.14556372165679932,0.16333337128162384
0.6460000000000005,0.06811860056108157,18.177568435668945,0.12480653795334393,0.28775538664632166,0.1455143541097641,0.1641780138015747
0.6480000000000005,0.06812099998102683,18.181522369384766,0.1251335828147954,0.2885962148734118,0.14551344513893127,0.16514365375041962
0.6500000000000005,0.06812363287691178,18.185253143310547,0.1255072190278454,0.28949437862012173,0.1455613523721695,0.1662304699420929
0.6520000000000005,0.06812648890992692,18.189014434814453,0.12592776469249978,0.29045019809207206,0.14565886557102203,0.16743837296962738
0.6540000000000005,0.06812955666655471,18.192832946777344,0.1263955323141914,0.2914639869565489,0.14580698311328888,0.1687680333852768
0.6560000000000005,0.06813282369473646,18.196613311767578,0.12691083061116978,0.29253606089377454,0.14600662887096405,0.17021991312503815
0.6580000000000005,0.06813627650609601,18.20029640197754,0.12747396190202012,0.2936667318327241,0.14625918865203857,0.17179414629936218
0.6600000000000005,0.06813990060384287,18.203937530517578,0.12808522291801958,0.29485631279699726,0.146565243601799,0.1734916716814041
0.6620000000000005,0.06814367304179764,18.206375122070312,0.12874523351458483,0.2961051145848917,0.14692626893520355,0.17532461881637573
0.6640000000000005,0.06814757122760448,18.208547592163086,0.12945432697694556,0.2974036795410442,0.14734327793121338,0.1772748976945877
0.6660000000000005,0.06815157286295855,18.2105712890625,0.1302128160470254,0.2987527282937938,0.14781668782234192,0.17934325337409973
0.6680000000000005,0.06815565589403014,18.212574005126953,0.1310209959456954,0.30015292907326285,0.1483476608991623,0.18152932822704315
0.6700000000000005,0.06815979845921628,18.214706420898438,0.13188058109086198,0.30160490163597165,0.14893662929534912,0.18383358418941498
0.6720000000000005,0.06816397884447938,18.216915130615234,0.1327986147016947,0.30310922256293493,0.14958438277244568,0.1845495104789734
0.6740000000000005,0.06816792705713898,18.21914291381836,0.13377594995373218,0.3046664286665649,0.15029165148735046,0.1820283830165863
0.6760000000000005,0.06817165322477071,18.219791412353516,0.1347288246347427,0.30627702104639004,0.15098008513450623,0.1814671903848648
0.6780000000000005,0.06817516628183627,18.220130920410156,0.1356572428917044,0.3078345759444048,0.15164852142333984,0.18088674545288086
0.6800000000000005,0.06817847555486023,18.220436096191406,0.13656131759834014,0.3093392689542114,0.15229782462120056,0.18029972910881042
0.6820000000000005,0.06818158963995001,18.22032928466797,0.13744111290586303,0.31079103469996894,0.15292713046073914,0.1796986162662506
0.6840000000000005,0.06818451727414172,18.220096588134766,0.13829675761693835,0.31218996411025757,0.1535368710756302,0.17909099161624908
0.6860000000000005,0.06818726671795879,18.219730377197266,0.13912835992262507,0.31353600664688963,0.15412674844264984,0.178472638130188
0.6880000000000005,0.06818984623251817,18.219276428222656,0.1399360678987019,0.31482919698382716,0.15469694137573242,0.17784836888313293
0.6900000000000005,0.06819226373732422,18.218700408935547,0.14072002326269675,0.31606948591389383,0.1552475392818451,0.1772158145904541
0.6920000000000005,0.0681945270692268,18.217830657958984,0.14131633283049413,0.317256869881634,0.15577863156795502,0.1765778511762619
0.6940000000000005,0.06819664379011355,18.21675682067871,0.14151781095522326,0.3183912950862008,0.15629005432128906,0.17593321204185486
0.6960000000000005,0.06819862132498157,18.215572357177734,0.1416990060747702,0.3194727316491843,0.15678204596042633,0.17528404295444489
0.6980000000000005,0.06820046685126203,18.21419906616211,0.14186046515572737,0.32050111934953485,0.15725469589233398,0.174629345536232
0.7000000000000005,0.06820218736987178,18.21268081665039,0.1420027163925204,0.32147641021061196,0.157708078622818,0.1739705204963684
0.7020000000000005,0.06820378963907184,18.211124420166016,0.14212629457301645,0.3223985379030967,0.15814219415187836,0.17330695688724518
0.7040000000000005,0.06820528020842846,18.20944595336914,0.14223172198457412,0.3232674422992385,0.15855713188648224,0.17263975739479065
0.7060000000000005,0.06820666537710526,18.207590103149414,0.14231926186193622,0.3240830523184894,0.15895292162895203,0.171968474984169
0.7080000000000005,0.06820795120743,18.205575942993164,0.14238695992336917,0.32484530017079283,0.15932974219322205,0.17129363119602203
0.7100000000000005,0.06820914349676906,18.203472137451172,0.14243455357219306,0.3255541118253861,0.15968739986419678,0.17061498761177063
0.7120000000000005,0.0682102477800557,18.201385498046875,0.14246233976784947,0.32620941534721254,0.16002613306045532,0.16993290185928345
0.7140000000000005,0.06821126930942,18.199260711669922,0.14247060934083505,0.3268111356782698,0.1603459268808365,0.16924719512462616
0.7160000000000005,0.0682122130509471,18.197006225585938,0.14245964398377606,0.32735919958106247,0.16064666211605072,0.16855797171592712
0.7180000000000005,0.06821308366894777,18.194602966308594,0.1424297186543714,0.32785353285081775,0.16092833876609802,0.16786472499370575
0.7200000000000005,0.06821388551992646,18.191970825195312,0.14238231371776225,0.3282940633026399,0.1611912101507187,0.1671677678823471
0.7220000000000005,0.06821462263984034,18.18911361694336,0.14232039943139327,0.3286807193466846,0.16143499314785004,0.16646656394004822
0.7240000000000005,0.06821529873697012,18.186080932617188,0.14224453655775,0.32901343184148774,0.16165970265865326,0.1657610535621643
0.7260000000000005,0.068215917181291,18.182903289794922,0.1421551962953264,0.32929213342749303,0.1618654578924179,0.16505110263824463
0.7280000000000005,0.06821648099720745,18.179580688476562,0.1420528438249258,0.3295167597186942,0.16205213963985443,0.1643396019935608
0.7300000000000005,0.0682169928545741,18.176143646240234,0.14193793836873214,0.32968724905354085,0.1622198522090912,0.1636570543050766
0.7320000000000005,0.06821745506183709,18.172643661499023,0.1418109326211159,0.3298035432970779,0.16236843168735504,0.16301244497299194
0.7340000000000005,0.06821786955845903,18.169021606445312,0.14167227264224788,0.32986558781815134,0.16249796748161316,0.16242513060569763
0.7360000000000005,0.06821823790876787,18.16525650024414,0.14152239739287828,0.3298733320600206,0.16260859370231628,0.1619008630514145
0.7380000000000005,0.06821856129564902,18.161373138427734,0.14136173853354586,0.32982672963790133,0.1627001315355301,0.161443293094635
0.7400000000000005,0.06821884051527054,18.15742301940918,0.14119072001926322,0.3297257387707283,0.1623210310935974,0.16105690598487854
0.7420000000000005,0.06821907597195824,18.15336036682129,0.14100975784643735,0.3295703224413423,0.16189321875572205,0.16074775159358978
0.7440000000000005,0.06821926767388661,18.149185180664062,0.14081925968410755,0.3293604487446983,0.16145777702331543,0.1605232059955597
0.7460000000000006,0.06821941522908627,18.144981384277344,0.1406196245941689,0.3290960910803307,0.16101542115211487,0.16039343178272247
0.7480000000000006,0.06821951784214424,18.140613555908203,0.14041124268744856,0.328777228450881,0.16056665778160095,0.16037003695964813
0.7500000000000006,0.06821957431131319,18.13610076904297,0.14019355783272983,0.3284038456719233,0.16011221706867218,0.1604655385017395
0.7520000000000006,0.06821958302624338,18.131488800048828,0.1399620695837091,0.3279759336424147,0.1596527397632599,0.1606937199831009
0.7540000000000006,0.06821954196617508,18.126747131347656,0.13971675559040894,0.3274934895657092,0.1591884344816208,0.16106997430324554
0.7560000000000006,0.06821944869871799,18.121917724609375,0.13946290083327037,0.32695651720652447,0.158720001578331,0.16160963475704193
0.7580000000000006,0.06821930037912406,18.11703872680664,0.13920212552477343,0.32636502712195364,0.15824756026268005,0.16232892870903015
0.7600000000000006,0.06821909375012922,18.111984252929688,0.13893475600357738,0.32571903691559567,0.15777210891246796,0.16324234008789062
0.7620000000000006,0.06821882514231986,18.10690689086914,0.13866110739536033,0.3250185714802752,0.1572931408882141,0.16436316072940826
0.7640000000000006,0.0682184904750669,18.10189437866211,0.13838148334269587,0.32426366325783235,0.15681180357933044,0.165702223777771
0.7660000000000006,0.06821808525800897,18.09668731689453,0.13809588512559887,0.32345435249704346,0.15632809698581696,0.1666395664215088
0.7680000000000006,0.06821760459312586,18.090999603271484,0.1377990163229954,0.322590687526512,0.15584227442741394,0.16763031482696533
0.7700000000000006,0.06821704317739176,18.085262298583984,0.13748885030133057,0.32167272503249184,0.15535475313663483,0.168692484498024
0.7720000000000006,0.06821639530604678,18.079397201538086,0.13716543761765077,0.32070053035194923,0.15486550331115723,0.16982656717300415
0.7740000000000006,0.06821565487649793,18.07331085205078,0.13682882373430402,0.31967417777596074,0.15437541902065277,0.17103485763072968
0.7760000000000006,0.06821481539288235,18.067237854003906,0.13647972051863239,0.3185937508701265,0.15388377010822296,0.1723201721906662
0.7780000000000006,0.0682138699713164,18.06094741821289,0.13612437634136018,0.3174593428101143,0.1533917486667633,0.17368651926517487
0.7800000000000006,0.06821281134587237,18.054584503173828,0.13576448828573637,0.31627105673707545,0.15289883315563202,0.17513713240623474
0.7820000000000006,0.06821163187531526,18.04806137084961,0.13540026888733334,0.3150290061328843,0.15240539610385895,0.17667579650878906
0.7840000000000006,0.06821032355064777,18.041337966918945,0.13503191798470882,0.313733315218988,0.1519118845462799,0.17830528318881989
0.7860000000000006,0.06820887571957233,18.034446716308594,0.13465962260247702,0.3123841193800183,0.15141816437244415,0.1781463921070099
0.7880000000000006,0.06820727557875415,18.02735137939453,0.1342834500251457,0.310981565615594,0.1509239375591278,0.1770295649766922
0.7900000000000006,0.06820550954746547,18.020008087158203,0.13390338669069932,0.30952570593436685,0.15042942762374878,0.17585700750350952
0.7920000000000006,0.06820380820529266,18.01241111755371,0.13351941006532825,0.3080165307028358,0.14993473887443542,0.17462889850139618
0.7940000000000006,0.06820218067988022,18.01380729675293,0.13318987432842339,0.30645403890583295,0.14949022233486176,0.17586570978164673
0.7960000000000006,0.06820063627668749,18.015796661376953,0.13291392507964586,0.30495361498868395,0.1490960717201233,0.17712187767028809
0.7980000000000006,0.06819918316763357,18.01744842529297,0.13269079694909816,0.30351481983602224,0.1487518697977066,0.17839694023132324
0.8000000000000006,0.06819782942788961,18.019302368164062,0.13251930096211145,0.30213744923763086,0.14845740795135498,0.17968827486038208
0.8020000000000006,0.06819658226564959,18.021089553833008,0.13239333322940572,0.30082117379463746,0.14821253716945648,0.1800830364227295
0.8040000000000006,0.06819544862640416,18.023181915283203,0.1323107149223425,0.29956580434599644,0.14801695942878723,0.17891374230384827
0.8060000000000006,0.06819443474063633,18.025402069091797,0.13227137286297044,0.29837108791381023,0.14787063002586365,0.17773529887199402
0.8080000000000006,0.06819354647133545,18.027721405029297,0.1322752323011932,0.2972368570593077,0.14777325093746185,0.17654840648174286
0.8100000000000006,0.06819278904687226,18.030105590820312,0.13232224993173528,0.29616291421352214,0.14772431552410126,0.17535173892974854
0.8120000000000006,0.06819216725680155,18.03243637084961,0.13241238244533113,0.29514911555579926,0.14772391319274902,0.17414525151252747
0.8140000000000006,0.06819168529180204,18.034584045410156,0.13254600334408118,0.29419530541110656,0.14777150750160217,0.17292916774749756
0.8160000000000006,0.06819134685028751,18.036808013916016,0.13272597926337476,0.2933013632468608,0.1478666216135025,0.1717044711112976
0.8180000000000006,0.0681911550399536,18.03912353515625,0.1329505299303865,0.292467166437581,0.14800980687141418,0.17047154903411865
0.8200000000000006,0.06819111243235344,18.041461944580078,0.1332177288396751,0.29169261652622136,0.14820019900798798,0.16923147439956665
0.8220000000000006,0.0681912209999392,18.043720245361328,0.1335275268145679,0.29097761806950295,0.1484372466802597,0.1679842323064804
0.8240000000000006,0.06819148214072733,18.045974731445312,0.13387986855201908,0.2903220932681777,0.14872139692306519,0.1667310893535614
0.8260000000000006,0.06819189663607922,18.04776382446289,0.13427578932790668,0.28972596993518834,0.14905184507369995,0.16547103226184845
0.8280000000000006,0.06819246465869977,18.049358367919922,0.13471571633492013,0.2891891896193196,0.14942818880081177,0.16419976949691772
0.8300000000000006,0.06819318574299726,18.051002502441406,0.1351990550765416,0.28871170075382213,0.14985069632530212,0.1629156768321991
0.8320000000000006,0.06819374446900073,18.052692413330078,0.13572524015318518,0.2882934631504839,0.15031875669956207,0.161619171500206
0.8340000000000006,0.06819414420063702,18.047264099121094,0.13623412163105064,0.2879344440920435,0.15077799558639526,0.161764994263649
0.8360000000000006,0.06819438663406356,18.041458129882812,0.13672554775139653,0.28751818219910785,0.15122823417186737,0.1620083749294281
0.8380000000000006,0.0681944732726801,18.035808563232422,0.13719933573455326,0.28704506009746394,0.15166911482810974,0.1623559147119522
0.8400000000000006,0.06819440437097378,18.030147552490234,0.13765531711372472,0.28651526103885183,0.15210045874118805,0.16279947757720947
0.8420000000000006,0.06819417978108276,18.02460479736328,0.1380933038690639,0.2859291037779877,0.15252181887626648,0.16334645450115204
0.8440000000000006,0.06819379836956134,18.01871681213379,0.13851311420295434,0.28528679598132617,0.15293321013450623,0.16399413347244263
0.8460000000000006,0.06819325851113853,18.012508392333984,0.1389145533817469,0.2845886224059012,0.1533343493938446,0.16474324464797974
0.8480000000000006,0.06819255569377868,18.00615692138672,0.13929742840903142,0.2838348076595227,0.15372484922409058,0.16558966040611267
0.8500000000000006,0.06819168452554343,17.999935150146484,0.1396614818192812,0.28302562212720045,0.1541043519973755,0.1665405035018921
0.8520000000000006,0.06819063887286203,17.993568420410156,0.14000644370989587,0.2821616056173833,0.15447302162647247,0.167594775557518
0.8540000000000006,0.06818941202457034,17.98714828491211,0.1403320343303592,0.2812433467695777,0.15483000874519348,0.16875411570072174
0.8560000000000006,0.06818799660081992,17.980674743652344,0.14063796932685493,0.28027139173095755,0.15517552196979523,0.1700187474489212
0.8580000000000007,0.06818638474739715,17.973892211914062,0.14092395691840845,0.27924628017559133,0.1555090844631195,0.1713935136795044
0.8600000000000007,0.06818456835269295,17.96657371520996,0.14118971890283175,0.278168523508997,0.15583035349845886,0.17288361489772797
0.8620000000000007,0.06818253886768921,17.959144592285156,0.1414350369098064,0.2770386776126202,0.15613935887813568,0.17378640174865723
0.8640000000000007,0.06818028730157365,17.952083587646484,0.14165968925866823,0.27585746709450193,0.15643581748008728,0.17490069568157196
0.8660000000000007,0.0681778042836598,17.945072174072266,0.1418634510310912,0.27462559741603787,0.15671966969966888,0.1764020472764969
0.8680000000000007,0.06817507085712456,17.938058853149414,0.14204609616979536,0.27334375092638563,0.1569906771183014,0.1781318187713623
0.8700000000000007,0.06817206264632672,17.931079864501953,0.14220707247943867,0.2720125955562446,0.15724840760231018,0.18003475666046143
0.8720000000000007,0.06816875695214646,17.924327850341797,0.14234566450496117,0.2706333251843758,0.15749193727970123,0.18208009004592896
0.8740000000000007,0.06816513494517502,17.91777801513672,0.14246129951165665,0.26920734328932217,0.15772080421447754,0.18424250185489655
0.8760000000000007,0.06816117781134998,17.91106414794922,0.1425537746577308,0.26773581463454704,0.15793494880199432,0.1865016520023346
0.8780000000000007,0.0681568686717705,17.904239654541016,0.14262292350336092,0.2662195905382832,0.15813395380973816,0.18885062634944916
0.8800000000000007,0.06815219056474614,17.89710235595703,0.14266866345530244,0.2646595182128691,0.15831789374351501,0.19117316603660583
0.8820000000000007,0.06814712701628883,17.889751434326172,0.14269099970206195,0.2630557826971034,0.15848666429519653,0.1897328644990921
0.8840000000000007,0.06814166009572369,17.882343292236328,0.14268997535041883,0.26140887963181164,0.1586405336856842,0.1882709413766861
0.8860000000000007,0.06813577130581068,17.874814987182617,0.14266563179708666,0.25971952815303234,0.15877942740917206,0.1867629885673523
0.8880000000000007,0.06812944166407914,17.867141723632812,0.1426180164588211,0.2579884884584287,0.15890350937843323,0.18521152436733246
0.8900000000000007,0.06812265168801296,17.859371185302734,0.14254718375992495,0.256216569559586,0.15901295840740204,0.1836218237876892
0.8920000000000007,0.06811538138406656,17.851436614990234,0.14245319564989062,0.2544046276933151,0.15910756587982178,0.18199868500232697
0.8940000000000007,0.06810761023577216,17.84317398071289,0.1423361221363703,0.2525535636208751,0.15918751060962677,0.1803468018770218
0.8960000000000007,0.06809931719398654,17.834701538085938,0.1421960416777442,0.2506643204631182,0.15925316512584686,0.17867007851600647
0.8980000000000007,0.06809048066669166,17.826210021972656,0.14203304154918298,0.24873788137598735,0.15930421650409698,0.1769728660583496
0.9000000000000007,0.06808112088144884,17.817241668701172,0.1418472180891773,0.24677526755329557,0.1586860716342926,0.17525890469551086
0.9020000000000007,0.06807151018998095,17.808080673217773,0.1416386768941109,0.24477753617233905,0.15798571705818176,0.17353159189224243
0.9040000000000007,0.06806171606380848,17.79874038696289,0.14140753290630673,0.2427457785608007,0.15725338459014893,0.17179419100284576
0.9060000000000007,0.06805175717619877,17.78913688659668,0.1411539104370951,0.24068111837875994,0.15648993849754333,0.17004983127117157
0.9080000000000007,0.06804165291963295,17.779071807861328,0.14087794309475135,0.23858470998215736,0.15569542348384857,0.1683012992143631
0.9100000000000007,0.06803142339604552,17.768749237060547,0.14057977364510454,0.23645773686517582,0.15487061440944672,0.1665513664484024
0.9120000000000007,0.06802108941167476,17.757587432861328,0.1402595537909706,0.2343014102889309,0.15401582419872284,0.16480232775211334
0.9140000000000007,0.06801067247576041,17.746173858642578,0.13991744389192215,0.23211696805498333,0.15313173830509186,0.1630566120147705
0.9160000000000007,0.06800019480252363,17.734569549560547,0.13955361262210794,0.22990567350061875,0.15221883356571198,0.1613161265850067
0.9180000000000007,0.06798967931551757,17.722808837890625,0.13916823658568728,0.22766881471020442,0.15127751231193542,0.15958280861377716
0.9200000000000007,0.06797914965347882,17.710628509521484,0.13876149989613334,0.22540770400323068,0.15030835568904877,0.1578584462404251
0.9220000000000007,0.06796865669671222,17.698123931884766,0.13833359373925383,0.223123677712944,0.14931194484233856,0.15614460408687592
0.9240000000000007,0.06795823603357119,17.68708038330078,0.13793074663579907,0.22081809630538918,0.14834043383598328,0.15684953331947327
0.9260000000000007,0.06794792282072631,17.67662239074707,0.13755268893620926,0.21856445921020162,0.14739347994327545,0.15756580233573914
0.9280000000000007,0.06793775146164545,17.665929794311523,0.13719922590943606,0.21636250244546817,0.14647091925144196,0.15828831493854523
0.9300000000000007,0.06792775591296213,17.655099868774414,0.13687012011674873,0.21421212692714983,0.14557218551635742,0.15901191532611847
0.9320000000000007,0.06791796962410335,17.643657684326172,0.13656518179297297,0.21211310724301,0.14469678699970245,0.15973208844661713
0.9340000000000007,0.06790842564823238,17.63236427307129,0.13628420046751516,0.21006531208910617,0.1438448429107666,0.16044475138187408
0.9360000000000007,0.06789915667572773,17.621341705322266,0.13602699744315574,0.20806854197506436,0.14301563799381256,0.1611463725566864
0.9380000000000007,0.06789019506647585,17.60959815979004,0.1357933862203196,0.20612265275914962,0.14220918715000153,0.16183392703533173
0.9400000000000007,0.06788157290699137,17.59710121154785,0.13558320282251468,0.20422746530239083,0.141425222158432,0.16250482201576233
0.9420000000000007,0.06787332201443928,17.584312438964844,0.13539628295543651,0.2023828348863231,0.14066343009471893,0.16315694153308868
0.9440000000000007,0.0678654739910049,17.570680618286133,0.13523247942729377,0.20058860102328988,0.1399235725402832,0.1637885868549347
0.9460000000000007,0.06785806022009318,17.556156158447266,0.13509164896566148,0.1988446266162162,0.13920561969280243,0.1643979698419571
0.9480000000000007,0.0678511119102639,17.540599822998047,0.1349736621343446,0.19715077017392127,0.1385093480348587,0.16498427093029022
0.9500000000000007,0.06784466009107566,17.524776458740234,0.1348783956831652,0.19550690802075382,0.13783465325832367,0.16554629802703857
0.9520000000000007,0.06783873564618162,17.508460998535156,0.13480573810280486,0.1939129189963791,0.13718141615390778,0.16608311235904694
0.9540000000000007,0.06783336931097553,17.491500854492188,0.13475558511769528,0.1923686971376422,0.136549711227417,0.16659419238567352
0.9560000000000007,0.06782859169678102,17.4742374420166,0.13463413379497668,0.19087414331142386,0.13593930006027222,0.1670791208744049
0.9580000000000007,0.067824433290481,17.456520080566406,0.13409681947523838,0.1894291725069969,0.13535013794898987,0.16753727197647095
0.9600000000000007,0.06782092447209732,17.438247680664062,0.13358065234333674,0.1880337092898038,0.13478241860866547,0.16796845197677612
0.9620000000000007,0.06781809551599156,17.41916275024414,0.13308558526958808,0.18668769200948038,0.13423612713813782,0.16837245225906372
0.9640000000000007,0.06781597660380287,17.399627685546875,0.13261159189998428,0.18539107032542362,0.13371120393276215,0.1687491238117218
0.9660000000000007,0.06781459782674083,17.379844665527344,0.13215866782215724,0.18414380761245536,0.1332077533006668,0.16909846663475037
0.9680000000000007,0.06781398919537311,17.36001968383789,0.13172682888639908,0.18294587957177796,0.13272589445114136,0.1694204956293106
0.9700000000000008,0.0678141806426175,17.33989715576172,0.13131611156203238,0.18179727554549557,0.1322655826807022,0.16971516609191895
0.9720000000000008,0.06781520203143769,17.319042205810547,0.1309265716058689,0.18069799765446737,0.1318271905183792,0.16998273134231567
0.9740000000000008,0.0678170831582577,17.297569274902344,0.13055828389109594,0.1796480614152477,0.1314108967781067,0.17022322118282318
0.9760000000000008,0.06781985375928123,17.275257110595703,0.13021134573603177,0.17864749508761174,0.1310165375471115,0.17043693363666534
0.9780000000000008,0.06782354351413974,17.251953125,0.12988616977428818,0.1776963398116444,0.13064450025558472,0.17062422633171082
0.9800000000000008,0.067828182051313,17.22797393798828,0.12958306924272783,0.17679464898501246,0.1302947700023651,0.1707853078842163
0.9820000000000008,0.06783379895188213,17.202613830566406,0.12930219233799253,0.1759424880418064,0.1299678534269333,0.17092056572437286
0.9840000000000008,0.06784042375435123,17.176244735717773,0.12904370275884305,0.17513993375913325,0.12966375052928925,0.17103035748004913
0.9860000000000008,0.0678480859584242,17.14679718017578,0.12880777871461913,0.17438707374809118,0.1293826848268509,0.1711152195930481
0.9880000000000008,0.06785681502940501,17.115842819213867,0.12859461170105793,0.17368400563669242,0.12912477552890778,0.17117565870285034
0.9900000000000008,0.0678666404019384,17.083770751953125,0.12840440536920786,0.1730308363175296,0.12889006733894348,0.17121222615242004
0.9920000000000008,0.0678775914840934,17.05069351196289,0.12823737424829207,0.17242768098366174,0.128679096698761,0.17122547328472137
0.9940000000000008,0.06788969766101713,17.016376495361328,0.12809374251176303,0.17187466216606978,0.12849192321300507,0.17121614515781403
0.9960000000000008,0.06790298829875237,16.981172561645508,0.1279718235985305,0.1713719086188366,0.12832848727703094,0.171184703707695
0.9980000000000008,0.06791749274775703,16.94607925415039,0.12786691002196252,0.17091955417603075,0.12818945944309235,0.171132430434227
1.0000000000000007,0.06793324549649822,16.90644645690918,0.127779083075807,0.17051773649651447,0.12807433307170868,0.1710718423128128
1.0020000000000007,0.06795028222542847,16.865394592285156,0.12770770161147751,0.17016325929812914,0.12798373401165009,0.1710193157196045
1.0040000000000007,0.06796822249509994,16.82276153564453,0.12765217268921375,0.169856909386708,0.12791754305362701,0.17100957036018372
1.0060000000000007,0.06798525414317172,16.778926849365234,0.12761194937798181,0.1695994250014705,0.1278756856918335,0.17104144394397736
1.0080000000000007,0.06800112405863704,16.731996536254883,0.12758652862911124,0.16939149705420908,0.1278582513332367,0.1711154580116272
1.0100000000000007,0.0680157860311225,16.682756423950195,0.12757544912403235,0.16923377018848126,0.12786543369293213,0.1712304800748825
1.0120000000000007,0.06802919195478922,16.630924224853516,0.1275782892259224,0.1691268437632729,0.12789702415466309,0.17138434946537018
1.0140000000000007,0.06804129241519122,16.57970428466797,0.1275943293941692,0.16907127264391802,0.12795329093933105,0.17159007489681244
1.0160000000000007,0.06805203615924055,16.526992797851562,0.12762358187280792,0.1690713144293224,0.12803450226783752,0.17182734608650208
1.0180000000000007,0.06806137033321122,16.471485137939453,0.12766605605237724,0.16912714017177796,0.1281408965587616,0.17211470007896423
1.0200000000000007,0.06806924054642578,16.41425132751465,0.1277217701449164,0.16923892417510367,0.12827280163764954,0.1724594533443451
1.0220000000000007,0.068075591030427,16.35504913330078,0.1277907447639846,0.169406824946039,0.12843060493469238,0.1728617399930954
1.0240000000000007,0.06808036470518435,16.29369354248047,0.12787300899944118,0.16963099155876524,0.1286146640777588,0.17332105338573456
1.0260000000000007,0.06808350328855703,16.229259490966797,0.12796859753190973,0.16991155185356926,0.12882551550865173,0.1738371104001999
1.0280000000000007,0.06808494735558898,16.164306640625,0.12807755378440935,0.1702486152460496,0.12906333804130554,0.17440953850746155
1.0300000000000007,0.06808463641526717,16.099611282348633,0.12820102777582998,0.17064226526612064,0.1293288618326187,0.17503845691680908
1.0320000000000007,0.06808251003734013,16.033763885498047,0.12834790707864535,0.17109256053676095,0.12962256371974945,0.17572404444217682
1.0340000000000007,0.0680785142177396,15.965845108032227,0.128520229408555,0.17159952998453232,0.12994511425495148,0.1764598786830902
1.0360000000000007,0.06807260181011955,15.895624160766602,0.12871788987736854,0.17216314087099543,0.13029640913009644,0.17722797393798828
1.0380000000000007,0.06806473175656742,15.830556869506836,0.12894084130160346,0.17278317096253828,0.1306774765253067,0.17802871763706207
1.0400000000000007,0.06805486838349341,15.769392013549805,0.12918908609732768,0.17345928102170358,0.13108839094638824,0.17886260151863098
1.0420000000000007,0.06804298076493405,15.711542129516602,0.12946266841461426,0.17419102502628495,0.1315298229455948,0.17973101139068604
1.0440000000000007,0.06802904214503817,15.656612396240234,0.12976166748862503,0.1749778614924937,0.13200251758098602,0.18063533306121826
1.0460000000000007,0.06801330323116483,15.607521057128906,0.13008619128897034,0.17581916320796231,0.13250727951526642,0.18157684803009033
1.0480000000000007,0.0679984559803111,15.560018539428711,0.13043637103422573,0.17671422729801955,0.1330447793006897,0.18255814909934998
1.0500000000000007,0.06798521094363356,15.51233196258545,0.1308123560181521,0.17766228409750245,0.13361604511737823,0.1835806518793106
1.0520000000000007,0.06797359061290623,15.465400695800781,0.13121430907295115,0.17866250593299834,0.13422203063964844,0.18464668095111847
1.0540000000000007,0.06796361437138612,15.420551300048828,0.1316424023355275,0.17971401495634012,0.13486357033252716,0.185715913772583
1.0560000000000007,0.06795529884296801,15.376984596252441,0.13209681350083824,0.18081589066998852,0.1355419009923935,0.18671926856040955
1.0580000000000007,0.06794865820495342,15.334882736206055,0.13257772235988138,0.1819671766681401,0.13625803589820862,0.1877281218767166
1.0600000000000007,0.0679437044678161,15.292600631713867,0.13308530772435057,0.1831668869710573,0.13701285421848297,0.18874821066856384
1.0620000000000007,0.06794044772542368,15.251319885253906,0.1336197446142044,0.18441401169555405,0.13780775666236877,0.18978415429592133
1.0640000000000007,0.06793889637852848,15.210034370422363,0.13418120176278764,0.18570752228983783,0.13864335417747498,0.19084039330482483
1.0660000000000007,0.06793905733438212,15.168312072753906,0.13476983936268863,0.18704637620050366,0.1395207792520523,0.19192083179950714
1.0680000000000007,0.06794093618480548,15.125732421875,0.13538580707972434,0.18842952111481082,0.14044073224067688,0.19302968680858612
1.0700000000000007,0.06794453736504451,15.081855773925781,0.13602924228612634,0.18985589871663303,0.14140386879444122,0.19417035579681396
1.0720000000000007,0.06794986429532754,15.036382675170898,0.13670026852469355,0.19132444805022694,0.14241081476211548,0.19534648954868317
1.0740000000000007,0.06795691950700976,14.989618301391602,0.13739899417147644,0.19283410846949497,0.14346200227737427,0.1965625286102295
1.0760000000000007,0.06796570475487518,14.942085266113281,0.1381255112998009,0.1943838222381217,0.14455752074718475,0.1972845047712326
1.0780000000000007,0.06797622111710887,14.893651962280273,0.138879894722888,0.19597253677945548,0.14569738507270813,0.19640421867370605
1.0800000000000007,0.06798846908421877,14.844837188720703,0.1396560252989136,0.19759920662403924,0.1468813568353653,0.19558680057525635
1.0820000000000007,0.06800244863811711,14.794967651367188,0.14044441309226594,0.19926279506445285,0.14810888469219208,0.19485175609588623
1.0840000000000007,0.06801657913084272,14.742891311645508,0.14124488010990086,0.20096227555420282,0.14937931299209595,0.19421905279159546
1.0860000000000007,0.06802832225437389,14.689556121826172,0.14205735391305854,0.20269663286514933,0.1506916880607605,0.19370795786380768
1.0880000000000007,0.0680377364945427,14.67707633972168,0.14283721843490949,0.20446486403262068,0.15199339389801025,0.1919274479150772
1.0900000000000007,0.06804490517184672,14.672124862670898,0.14358477226274372,0.20621411031678596,0.1532830446958542,0.19017630815505981
1.0920000000000007,0.06804991238788875,14.673940658569336,0.14430044822216198,0.20794367265530295,0.15455977618694305,0.18847745656967163
1.0940000000000007,0.06805284364422234,14.677946090698242,0.144984537929623,0.20965262072929547,0.15582221746444702,0.1868188977241516
1.0960000000000008,0.06805378480013402,14.689611434936523,0.14563740895626162,0.2113402756193775,0.15706902742385864,0.1852150857448578
1.0980000000000008,0.06805282217822482,14.699750900268555,0.14625934851271294,0.21300584034035916,0.15829938650131226,0.1836519092321396
1.1000000000000008,0.06805004201918291,14.713831901550293,0.1468506880514902,0.21464867111795294,0.15951238572597504,0.1821335107088089
1.1020000000000008,0.06804553039144144,14.730867385864258,0.14741171473776338,0.21626806958029504,0.16061775386333466,0.18065853416919708
1.1040000000000008,0.06803937289197005,14.752925872802734,0.1479427852794691,0.2178634350476324,0.16143746674060822,0.17923232913017273
1.1060000000000008,0.06803165450136694,14.77733039855957,0.1484527472836581,0.21943414770101652,0.16218781471252441,0.17785251140594482
1.1080000000000008,0.06802245940895005,14.802803039550781,0.1489481529024449,0.2209796539455185,0.1628824770450592,0.176520437002182
1.1100000000000008,0.06801187087123382,14.829161643981934,0.14942903021894674,0.22249940069571694,0.16353541612625122,0.17523431777954102
1.1120000000000008,0.06799997110251198,14.857186317443848,0.1498954172893863,0.2239928831056427,0.16392838954925537,0.17399489879608154
1.1140000000000008,0.06798684115662292,14.883649826049805,0.15034734481870707,0.22545960752658936,0.16306567192077637,0.17280049622058868
1.1160000000000008,0.06797256085444352,14.909077644348145,0.15078484871772302,0.22689911807093074,0.1622142344713211,0.17164963483810425
1.1180000000000008,0.06795720869252014,14.937288284301758,0.15072150889919803,0.2283109756228547,0.16137471795082092,0.17054107785224915
1.1200000000000008,0.06794086179324298,14.967157363891602,0.15042078040744924,0.22969477248889317,0.16054795682430267,0.16947396099567413
1.1220000000000008,0.06792359583767633,14.999590873718262,0.15011091586201386,0.23105012037726294,0.15973475575447083,0.16844706237316132
1.1240000000000008,0.06790548503094931,15.0344877243042,0.14979215577514943,0.23237665833479382,0.1589360386133194,0.16745972633361816
1.1260000000000008,0.06788660205483714,15.072958946228027,0.14946467249198223,0.23367404572503236,0.15815286338329315,0.16651077568531036
1.1280000000000008,0.06786701804409978,15.111230850219727,0.14912868633728998,0.23494196637586198,0.15738637745380402,0.1655992567539215
1.1300000000000008,0.06784680255440863,15.147351264953613,0.1487843764888258,0.23618012433691796,0.1566382795572281,0.1647239625453949
1.1320000000000008,0.06782602354692022,15.184394836425781,0.14843194758098624,0.2373882458852382,0.155909925699234,0.1638832837343216
1.1340000000000008,0.0678047473677975,15.21837043762207,0.14807157838441196,0.23856607682502437,0.15520310401916504,0.16307565569877625
1.1360000000000008,0.06778303873912722,15.249832153320312,0.14770345989669614,0.23971338328194086,0.15451890230178833,0.16229943931102753
1.1380000000000008,0.06776096074705358,15.275030136108398,0.14732776580470214,0.24082994985881845,0.15385903418064117,0.16155248880386353
1.1400000000000008,0.06773857483761617,15.298738479614258,0.1469446742054864,0.24191557974658798,0.15322500467300415,0.1608329862356186
1.1420000000000008,0.06771594081122312,15.319849014282227,0.14655435060439378,0.24297009335741934,0.15261800587177277,0.1601385772228241
1.1440000000000008,0.06769311682229436,15.340015411376953,0.14615696026187427,0.2439933280536884,0.1520390510559082,0.15946704149246216
1.1460000000000008,0.06767015937837192,15.35824203491211,0.14575265840183876,0.24498513705167765,0.15148906409740448,0.1588164120912552
1.1480000000000008,0.06764712334268722,15.372902870178223,0.14534159720633885,0.24594538894208995,0.15096841752529144,0.15818454325199127
1.1500000000000008,0.06762406193664758,15.38618278503418,0.1449239201724979,0.2468739667526883,0.1504773050546646,0.15756945312023163
1.1520000000000008,0.0676010267446335,15.398353576660156,0.1444997660631027,0.2477707673613373,0.15001578629016876,0.15696893632411957
1.1540000000000008,0.06757808786566513,15.409849166870117,0.1440692656546104,0.24863570065847332,0.14958317577838898,0.15638166666030884
1.1560000000000008,0.06755528807388152,15.42163372039795,0.14367812692940274,0.24946868891221752,0.14925125241279602,0.1576167196035385
1.1580000000000008,0.06753266994348407,15.434249877929688,0.14333260717162352,0.2503173931857209,0.1490139216184616,0.15905867516994476
1.1600000000000008,0.06751027290656125,15.445426940917969,0.1430294026496326,0.251181505360293,0.14887934923171997,0.16067630052566528
1.1620000000000008,0.0674881355525959,15.455636978149414,0.14277222957340208,0.25206101972040973,0.14884580671787262,0.16247081756591797
1.1640000000000008,0.06746629389020273,15.466350555419922,0.14255125428750817,0.25295579971102705,0.14891773462295532,0.16441753506660461
1.1660000000000008,0.06744478271785187,15.478503227233887,0.14236429868696582,0.25386590086063326,0.14909492433071136,0.16651257872581482
1.1680000000000008,0.06742363454376965,15.48737907409668,0.1422082551018168,0.2547913277579194,0.14937998354434967,0.1689079999923706
1.1700000000000008,0.06740288044689707,15.495872497558594,0.1420852742602823,0.2557278854021763,0.14977309107780457,0.1714266985654831
1.1720000000000008,0.0673825502489639,15.503650665283203,0.14200544918914587,0.2566756180417529,0.1502753347158432,0.17406903207302094
1.1740000000000008,0.0673626803929272,15.510608673095703,0.14192474797608265,0.25763466140933255,0.15079672634601593,0.17360904812812805
1.1760000000000008,0.06734330352731774,15.515613555908203,0.14183739794394337,0.25855770008141965,0.15133483707904816,0.1731346845626831
1.1780000000000008,0.06732445261395707,15.519857406616211,0.14174751288848023,0.2594449235985813,0.15188200771808624,0.1723366230726242
1.1800000000000008,0.06730615780267911,15.524188041687012,0.14165177139753565,0.2602962555960884,0.15243420004844666,0.1715371012687683
1.1820000000000008,0.06728844883246912,15.528045654296875,0.1415524415373308,0.2611118270814469,0.1529858112335205,0.17075100541114807
1.1840000000000008,0.0672713532144024,15.531393051147461,0.14144758973601088,0.261891621128451,0.15353253483772278,0.16998009383678436
1.1860000000000008,0.0672548976312128,15.534832000732422,0.1413384394065136,0.2626357379476649,0.15407027304172516,0.1692241132259369
1.1880000000000008,0.06723910688623976,15.538132667541504,0.14122384194304766,0.263344195519103,0.15459533035755157,0.16848443448543549
1.1900000000000008,0.06722400471779642,15.541112899780273,0.14110304303105917,0.26401707798854096,0.15510497987270355,0.1677609384059906
1.1920000000000008,0.06720961319476651,15.543598175048828,0.14097286259009242,0.26465442371720543,0.1555967479944229,0.16705487668514252
1.1940000000000008,0.06719595319042289,15.545938491821289,0.14083372699884192,0.2652563083001699,0.15606850385665894,0.16636644303798676
1.1960000000000008,0.0671830440374858,15.547870635986328,0.1406853470619387,0.2658227816316958,0.1565188318490982,0.16569636762142181
1.1980000000000008,0.06717090380449843,15.549985885620117,0.14053001321761796,0.2663539142936386,0.15694645047187805,0.1650451421737671
1.2000000000000008,0.06715954881060668,15.552212715148926,0.14036890686640355,0.26684976211413347,0.15735039114952087,0.16441068053245544
1.2020000000000008,0.06714899323648486,15.554389953613281,0.14020189454257115,0.26731043995926623,0.15773005783557892,0.16378825902938843
1.2040000000000008,0.06713924907520268,15.556422233581543,0.14002874027473386,0.2677362782114784,0.15808439254760742,0.16317854821681976
1.2060000000000008,0.06713032640371122,15.55893325805664,0.139849428074551,0.26812773686145797,0.1584133803844452,0.16258229315280914
1.2080000000000009,0.0671222334775056,15.56167984008789,0.1396638232930436,0.26848521265840064,0.1587166041135788,0.16200068593025208
1.2100000000000009,0.06711497691660746,15.564752578735352,0.13947191425785344,0.268809056333121,0.15899397432804108,0.16143453121185303
1.2120000000000009,0.06710856178693293,15.56795883178711,0.13927362183602393,0.2690995741187935,0.15924520790576935,0.16088472306728363
1.2140000000000009,0.06710299173062638,15.571306228637695,0.13906893528240344,0.2693570384932199,0.1594705730676651,0.1603519171476364
1.2160000000000009,0.0670982690340906,15.57499885559082,0.13885780529812505,0.26958168993192266,0.15966983139514923,0.15983711183071136
1.2180000000000009,0.0670943947215433,15.578614234924316,0.13864022050747313,0.26977374369007256,0.15984301269054413,0.15934087336063385
1.2200000000000009,0.06709136861111388,15.582335472106934,0.13841614753132742,0.26993339141998846,0.15998990833759308,0.15886378288269043
1.2220000000000009,0.06708918938364693,15.58565616607666,0.13818557414573712,0.2700608055118368,0.1601106822490692,0.15840639173984528
1.2240000000000009,0.06708785462867732,15.589105606079102,0.1379484758130366,0.2701561404530663,0.16020531952381134,0.1579691767692566
1.2260000000000009,0.06708736089621095,15.593006134033203,0.13770484013718126,0.27021953564726875,0.16027380526065826,0.15755274891853333
1.2280000000000009,0.06708770373433226,15.59714126586914,0.13745464827186318,0.27025111650118816,0.1602587103843689,0.15715721249580383
1.2300000000000009,0.06708887772897554,15.601292610168457,0.1371978888687694,0.2702509962817361,0.15989789366722107,0.15678372979164124
1.2320000000000009,0.06709087653467799,15.60586929321289,0.13693454439723315,0.27021927695870285,0.15953920781612396,0.15642234683036804
1.2340000000000009,0.06709369290563807,15.611052513122559,0.13666388811878688,0.2701560504439914,0.15918342769145966,0.1560707539319992
1.2360000000000009,0.0670973187208464,15.61663818359375,0.13638552512790816,0.2700613992305696,0.15883083641529083,0.15572987496852875
1.2380000000000009,0.06710174500861892,15.62270736694336,0.13609966807753143,0.2699353972276662,0.15848195552825928,0.15540017187595367
1.2400000000000009,0.06710696196708188,15.629075050354004,0.13580652000901441,0.26977811023605747,0.1581372618675232,0.15508267283439636
1.2420000000000009,0.06711295899552967,15.635773658752441,0.13550616496959525,0.26958959651384895,0.15779714286327362,0.15477076172828674
1.2440000000000009,0.06711972472121389,15.642614364624023,0.13519865145556026,0.269369719556992,0.1574619561433792,0.1544639617204666
1.2460000000000009,0.06712724702543765,15.649650573730469,0.1348840356671888,0.26911829044384483,0.15713204443454742,0.15416353940963745
1.2480000000000009,0.0671355130616351,15.657005310058594,0.13456237442477292,0.26883512301060014,0.15680769085884094,0.1538708657026291
1.2500000000000009,0.06714450927133189,15.664909362792969,0.13423388633618738,0.2685200338837561,0.15648941695690155,0.15358717739582062
1.252000000000001,0.06715422139489646,15.672901153564453,0.1338987108555261,0.268172842181037,0.15617747604846954,0.15331067144870758
1.254000000000001,0.06716463448046431,15.681447982788086,0.13355680409550688,0.26779336934458003,0.15587224066257477,0.15301957726478577
1.256000000000001,0.0671757328893875,15.690909385681152,0.13320813484788774,0.2673814387947277,0.15557408332824707,0.1527101695537567
1.258000000000001,0.06718750030016102,15.700704574584961,0.13285268537645012,0.2669368756655267,0.15528325736522675,0.15238365530967712
1.260000000000001,0.06719991970995504,15.710811614990234,0.132490450079554,0.2664595064468945,0.1550002545118332,0.15204136073589325
1.262000000000001,0.06721297343487916,15.72100830078125,0.13212143593525233,0.2659491586803689,0.15472529828548431,0.15168452262878418
1.264000000000001,0.06722664310852802,15.731693267822266,0.13174566176478072,0.2654056606101077,0.15445874631404877,0.15131457149982452
1.266000000000001,0.06724090967945906,15.742986679077148,0.13136315850561095,0.26482884087184155,0.15420083701610565,0.15093284845352173
1.268000000000001,0.06725575340737279,15.75454330444336,0.13097396883050008,0.2642185281646373,0.15395188331604004,0.15054108202457428
1.270000000000001,0.06727115385836689,15.766319274902344,0.13057814733856138,0.26357455095219545,0.1537121832370758,0.1501406729221344
1.272000000000001,0.06728703821309631,15.778207778930664,0.130175760384954,0.2628967371629857,0.15348221361637115,0.14973348379135132
1.274000000000001,0.06730344288232025,15.79298210144043,0.1298276878750351,0.2621849139159342,0.153329536318779,0.15024414658546448
1.276000000000001,0.06732029225661693,15.805490493774414,0.12947567017556438,0.26149393237685026,0.15316596627235413,0.14987508952617645
1.278000000000001,0.06733761720398795,15.819930076599121,0.129174956229765,0.2607693200842636,0.15308985114097595,0.15048640966415405
1.280000000000001,0.0673553875415001,15.832916259765625,0.12887107182226665,0.26006590652655015,0.1529894322156906,0.15014387667179108
1.282000000000001,0.06737220962669138,15.843219757080078,0.12855230865634382,0.25932911421603777,0.15290483832359314,0.1490161120891571
1.284000000000001,0.06738812116052045,15.858648300170898,0.12829789151642368,0.2585587430398517,0.15285544097423553,0.1495451033115387
1.286000000000001,0.0674044807799037,15.869089126586914,0.12809616548123506,0.257830194921111,0.15263643860816956,0.15007716417312622
1.288000000000001,0.06741994573301018,15.879884719848633,0.12788455871249763,0.25714344705974035,0.1523588001728058,0.1491156667470932
1.290000000000001,0.06743580219141372,15.892529487609863,0.1277314181543785,0.2564225883133007,0.15213902294635773,0.14966708421707153
1.292000000000001,0.06745079625185739,15.905754089355469,0.1276317040865596,0.255743023850423,0.15200680494308472,0.14982978999614716
1.294000000000001,0.0674662119086405,15.917572021484375,0.12758919464687643,0.25507948245710654,0.1519320011138916,0.15056033432483673
1.296000000000001,0.06748077562684271,15.926061630249023,0.1275301984110171,0.2544574442018285,0.15183210372924805,0.1498190015554428
1.298000000000001,0.06749574553922169,15.938976287841797,0.12753209693042722,0.2538021214166238,0.15179219841957092,0.150655597448349
1.300000000000001,0.06750987626057497,15.946554183959961,0.12751424773319397,0.2531878168591328,0.15172620117664337,0.1499757468700409
1.302000000000001,0.06752438612567543,15.959945678710938,0.12755941244255134,0.252539772920744,0.1517217457294464,0.15082933008670807
1.304000000000001,0.06753923586233643,15.967113494873047,0.12758416539509781,0.2519323864542245,0.1516910046339035,0.15031108260154724
1.306000000000001,0.06755325140071142,15.978257179260254,0.12760314077303309,0.2512910263150683,0.1516420841217041,0.1496976912021637
1.308000000000001,0.06756758482721892,15.988893508911133,0.12767750674333206,0.250614872813275,0.1516503542661667,0.15041618049144745
1.310000000000001,0.06758220486216752,15.998208999633789,0.12773962670418262,0.2499793835936756,0.15163739025592804,0.14999920129776
1.312000000000001,0.06759704957889619,16.013063430786133,0.12786061319779302,0.24930923912823072,0.15171632170677185,0.150596022605896
1.314000000000001,0.06761208591278117,16.021364212036133,0.12796540296286435,0.2486550674379759,0.15177103877067566,0.1501028686761856
1.316000000000001,0.06762629161425587,16.03280258178711,0.12806380319963584,0.24796767726443675,0.15180617570877075,0.1495978832244873
1.318000000000001,0.06764067295770834,16.045120239257812,0.12821938024187599,0.24724640558941083,0.15189917385578156,0.15080143511295319
1.320000000000001,0.06765520024291098,16.05453109741211,0.12836291676479328,0.24656614435445004,0.15197086334228516,0.15038254857063293
1.322000000000001,0.0676689194115852,16.066143035888672,0.12849892462440315,0.24585214970247898,0.15202359855175018,0.14993607997894287
1.324000000000001,0.06768277207376253,16.0787410736084,0.12869367764065723,0.2451040230263985,0.15213482081890106,0.1506868451833725
1.326000000000001,0.06769674378556831,16.088041305541992,0.12887621461639762,0.2443967930066809,0.15222612023353577,0.15028056502342224
1.328000000000001,0.0677108778061451,16.09956169128418,0.12905296364151084,0.24365570015237353,0.152300164103508,0.14984090626239777
1.330000000000001,0.06772504277613643,16.11524772644043,0.12928606550199448,0.24288071719800022,0.15246586501598358,0.15123485028743744
1.332000000000001,0.06773922661367808,16.124568939208984,0.12950785406472404,0.24212288580921046,0.1526116281747818,0.15090076625347137
1.334000000000001,0.06775341631400937,16.135509490966797,0.12972410865467973,0.24133269471384727,0.15273968875408173,0.15048468112945557
1.336000000000001,0.06776758310100439,16.145038604736328,0.12993177869955813,0.24051006756738857,0.15285100042819977,0.15004122257232666
1.338000000000001,0.06778179860131728,16.156726837158203,0.13013487824088274,0.23965521460597777,0.15294727683067322,0.1495579481124878
1.340000000000001,0.06779591145157027,16.173538208007812,0.1303952815940944,0.23876839330044794,0.1531355381011963,0.1507880985736847
1.342000000000001,0.06780989647035135,16.182884216308594,0.13064600464615797,0.23789983786949823,0.15330711007118225,0.15052063763141632
1.344000000000001,0.06782373126989444,16.19577407836914,0.13089424148844583,0.23700075829419628,0.15346306562423706,0.15027175843715668
1.346000000000001,0.06783752509603325,16.20711898803711,0.13113660579153721,0.2360712823956759,0.15360523760318756,0.14984308183193207
1.348000000000001,0.06785109363617245,16.222793579101562,0.13143369787148548,0.2351118727456119,0.15384024381637573,0.15101566910743713
1.350000000000001,0.06786441842353039,16.236238479614258,0.13172898577224268,0.23417163971502786,0.15405909717082977,0.15086320042610168
1.352000000000001,0.06787748025312378,16.247976303100586,0.13201885235524385,0.23320267256744587,0.15426425635814667,0.15070906281471252
1.354000000000001,0.06789026142328429,16.261886596679688,0.13230783484986225,0.23220540493114467,0.15445630252361298,0.15030306577682495
1.356000000000001,0.06790289437209429,16.275049209594727,0.1325942752557316,0.2311800645441867,0.15463750064373016,0.14980129897594452
1.358000000000001,0.06791517896461131,16.289478302001953,0.13293410577757656,0.2301270898041897,0.15491147339344025,0.15157954394817352
1.360000000000001,0.06792710146836523,16.304290771484375,0.13327481312555065,0.22909447410435707,0.15517114102840424,0.15139253437519073
1.362000000000001,0.06793864764535829,16.316967010498047,0.13361221622257158,0.22803545906937842,0.15542033314704895,0.15093880891799927
1.364000000000001,0.06794980717156954,16.33222770690918,0.13395104210334183,0.22695052028542723,0.15565861761569977,0.15047511458396912
1.366000000000001,0.06796056836590664,16.346017837524414,0.1342889820846666,0.22583991426351752,0.15588867664337158,0.1500093787908554
1.368000000000001,0.06797105504056127,16.360870361328125,0.13462872876869017,0.2247042701913842,0.15611062943935394,0.1495458036661148
1.370000000000001,0.06798107991695113,16.373811721801758,0.1350188783211228,0.22354407373274782,0.1564256250858307,0.1517946422100067
1.372000000000001,0.06799063530540712,16.390769958496094,0.13541337843687543,0.2224056364882695,0.15672841668128967,0.15139217674732208
1.374000000000001,0.06799971143436014,16.403635025024414,0.13580608240618613,0.2212437967248426,0.15702559053897858,0.1509956419467926
1.376000000000001,0.06800829863608353,16.419647216796875,0.1362025729396068,0.22005927797345073,0.15731434524059296,0.15060828626155853
1.378000000000001,0.06801638586785368,16.43332862854004,0.13659971303457163,0.2188524465992777,0.15759915113449097,0.15023329854011536
1.380000000000001,0.06802406661908769,16.448530197143555,0.13700085516015265,0.21762395536167178,0.15787895023822784,0.14987334609031677
1.382000000000001,0.06803119102301483,16.461294174194336,0.13745025149310938,0.21637425967059074,0.15825088322162628,0.15231099724769592
1.384000000000001,0.06803775166000894,16.47870635986328,0.13790584155838456,0.21514761837877452,0.15861296653747559,0.15201276540756226
1.386000000000001,0.06804373942605403,16.491233825683594,0.13836160920082516,0.21390092747092715,0.15897421538829803,0.1517345905303955
1.388000000000001,0.06804914494204198,16.50703239440918,0.13882302539118233,0.2126349066480347,0.15932989120483398,0.1514764130115509
1.390000000000001,0.06805395766327652,16.520509719848633,0.13928700693819812,0.21134990886032018,0.15968641638755798,0.1512424498796463
1.392000000000001,0.06805816651824273,16.535919189453125,0.13975682518905624,0.21004657943563412,0.1600414365530014,0.15103384852409363
1.394000000000001,0.06806175953838554,16.549888610839844,0.14023100894138196,0.20872535990418695,0.1603989452123642,0.15085406601428986
1.396000000000001,0.06806472413105677,16.564964294433594,0.1407116016134169,0.20738685780329078,0.16075852513313293,0.15070413053035736
1.398000000000001,0.06806704694716603,16.57952308654785,0.1411980123450111,0.20603156741916237,0.16112293303012848,0.15058720111846924
1.400000000000001,0.0680687139862145,16.59441375732422,0.14169159208694343,0.20466007707760797,0.1614924669265747,0.1505047082901001
1.402000000000001,0.06806971056578465,16.608816146850586,0.14219222423034952,0.20327291175421194,0.16186946630477905,0.1504591703414917
1.404000000000001,0.06807002135308349,16.62346649169922,0.14270086208493382,0.20187064907582475,0.1622544676065445,0.15045233070850372
1.406000000000001,0.06806963037282704,16.637916564941406,0.14321763729729117,0.20045383040891698,0.16264937818050385,0.1504862904548645
1.408000000000001,0.06806852100881851,16.652450561523438,0.14374326760153816,0.19902302558048496,0.1630551666021347,0.15056301653385162
1.410000000000001,0.06806667602206071,16.666744232177734,0.1442780067031785,0.1975787824522455,0.16347338259220123,0.15068484842777252
1.412000000000001,0.06806407754143255,16.68119239807129,0.14482242560933273,0.19612166283752555,0.16390495002269745,0.15085338056087494
1.414000000000001,0.06806070708053007,16.695587158203125,0.1453751888855273,0.1946522137122036,0.16435140371322632,0.15107104182243347
1.416000000000001,0.06805654552512477,16.710023880004883,0.1459330231873183,0.19317098695703416,0.16481366753578186,0.15120501816272736
1.418000000000001,0.06805157314479325,16.72442054748535,0.14649603042654055,0.19167852274019756,0.16529302299022675,0.151028573513031
1.420000000000001,0.06804576957979011,16.738903045654297,0.14706455628242598,0.19017536018352132,0.16579031944274902,0.15060503780841827
1.422000000000001,0.06803911384674838,16.753448486328125,0.14763886814834717,0.18866202760057008,0.16630679368972778,0.15023201704025269
1.424000000000001,0.06803182491286336,16.768131256103516,0.14821929062431582,0.18713904807851425,0.16684338450431824,0.14991240203380585
1.426000000000001,0.06802383999221352,16.779001235961914,0.14882849141901963,0.18560693358753846,0.16742640733718872,0.15147976577281952
1.428000000000001,0.0680162015273171,16.79477882385254,0.1494474384016477,0.18412059195467265,0.1680244505405426,0.15129812061786652
1.430000000000001,0.06800912787252272,16.808191299438477,0.1500757129582386,0.18262498949575814,0.16864995658397675,0.1511717587709427
1.432000000000001,0.06800263781330244,16.823471069335938,0.15071820693750618,0.18112080063135308,0.16929449141025543,0.15110084414482117
1.434000000000001,0.06799675112309587,16.83690071105957,0.15137251274894728,0.17960839145096605,0.16996531188488007,0.15108805894851685
1.436000000000001,0.06799148779296658,16.851438522338867,0.1520407278636816,0.17808833113440276,0.17065787315368652,0.1511339396238327
1.438000000000001,0.06798686857285881,16.864757537841797,0.15272155874318777,0.17656100777659098,0.17137670516967773,0.1512400358915329
1.440000000000001,0.06798291458884728,16.87858009338379,0.15341621876474826,0.17502691576033275,0.17208629846572876,0.15140654146671295
1.442000000000001,0.06797964760872814,16.891630172729492,0.15412402170933592,0.17348643956633225,0.17247866094112396,0.15163415670394897
1.444000000000001,0.06797708985686977,16.904781341552734,0.15484567301664628,0.17194001516222815,0.17289571464061737,0.15192276239395142
1.446000000000001,0.06797526414113567,16.917129516601562,0.15558081088755066,0.17038800829310113,0.1733374446630478,0.1522720754146576
1.448000000000001,0.0679741937670846,16.929027557373047,0.15632984281959467,0.1688308050510487,0.1738036423921585,0.15268152952194214
1.450000000000001,0.06797390259672657,16.940486907958984,0.15709257368160962,0.16726874331396416,0.17429420351982117,0.15315036475658417
1.452000000000001,0.06797441501185379,16.951793670654297,0.15786923046564647,0.16570216352572925,0.17480875551700592,0.15367740392684937
1.454000000000001,0.06797575594043975,16.96257781982422,0.15865969698533006,0.16413137004670134,0.17534716427326202,0.15426155924797058
1.456000000000001,0.06797795084380892,16.973125457763672,0.1594640856664873,0.16255665959898424,0.17590901255607605,0.15490126609802246
1.458000000000001,0.06798102583200571,16.983226776123047,0.160282310781807,0.16097829946826092,0.17649386823177338,0.15559503436088562
1.460000000000001,0.06798500716129285,16.992734909057617,0.1611141846623785,0.1593965434326097,0.17710134387016296,0.1563383787870407
1.462000000000001,0.06798992018222323,17.001850128173828,0.16195918316491625,0.1578116117286414,0.17773044109344482,0.15712806582450867
1.464000000000001,0.06799578233251838,17.010438919067383,0.16281713405797665,0.15622348308430128,0.17838071286678314,0.1579725444316864
1.466000000000001,0.06800260797608594,17.01912498474121,0.16368793219721972,0.15463249315490457,0.17905209958553314,0.1589004099369049
1.468000000000001,0.06801040917616032,17.02777862548828,0.16457082117089156,0.15303976778887765,0.17978082597255707,0.15993326902389526
1.470000000000001,0.06801919605396739,17.036300659179688,0.1654650916200188,0.15144610660341798,0.18045452237129211,0.16092990338802338
1.472000000000001,0.06802897710700062,17.044029235839844,0.1663701065709741,0.14985225975926517,0.1810627430677414,0.16189278662204742
1.474000000000001,0.06803975948804995,17.051555633544922,0.16728526917342448,0.14825892890227943,0.18161898851394653,0.1628432720899582
1.476000000000001,0.06805154925150822,17.05891990661621,0.1682100348945212,0.14666677016836024,0.18213459849357605,0.16379690170288086
1.478000000000001,0.06806435156781188,17.066184997558594,0.16914389182249637,0.14507639526994137,0.18261952698230743,0.1647648960351944
1.480000000000001,0.06807771042122822,17.073562622070312,0.17008636593286683,0.14348837368880213,0.18308252096176147,0.16575494408607483
1.482000000000001,0.06809001907006997,17.081218719482422,0.1710370087509938,0.14190323374972824,0.18353012204170227,0.16677238047122955
1.484000000000001,0.06810112671309743,17.088882446289062,0.1718490881525581,0.14032146428385336,0.18396897614002228,0.16782045364379883
1.486000000000001,0.06811102078061473,17.09630012512207,0.17241038298934744,0.1387435156402484,0.18440406024456024,0.16890133917331696
1.488000000000001,0.06811969008760009,17.10356903076172,0.17297891324961237,0.13716980101277088,0.18483924865722656,0.17001621425151825
1.490000000000001,0.06812712457381906,17.110897064208984,0.17355463622209696,0.13560069739127015,0.18527869880199432,0.17116524279117584
1.492000000000001,0.0681333150756177,17.118122100830078,0.17413750818002233,0.13403654668534193,0.18572485446929932,0.17234890162944794
1.494000000000001,0.06813825312557116,17.1253604888916,0.17472748157422924,0.13247765663705693,0.1861799955368042,0.17357227206230164
1.496000000000001,0.06814193077693569,17.132610321044922,0.17532450488777124,0.13092430183390077,0.1866459995508194,0.17483752965927124
1.498000000000001,0.06814434045000085,17.139724731445312,0.17592881614296363,0.129376724609375,0.18712446093559265,0.17614325881004333
1.500000000000001,0.06814547479782526,17.146442413330078,0.1765405163767796,0.1278351360080175,0.18761591613292694,0.17748911678791046
1.5020000000000011,0.0681453265891191,17.15294075012207,0.17715946630402568,0.126299716697056,0.18812187016010284,0.17887409031391144
1.5040000000000011,0.06814388860625421,17.1591796875,0.1777855139198482,0.12477061792480992,0.18864239752292633,0.1802975833415985
1.5060000000000011,0.06814115355666901,17.163551330566406,0.17841849370106772,0.12324796246022675,0.18917784094810486,0.18175841867923737
1.5080000000000011,0.06813711399606752,17.16808319091797,0.17905822603458676,0.12173184556975487,0.1897284984588623,0.18325626850128174
1.5100000000000011,0.06813176226206592,17.172470092773438,0.17970679788077704,0.12022233599442265,0.19029425084590912,0.18478982150554657
1.5120000000000011,0.06812509041703284,17.176620483398438,0.18036687713691352,0.11871947695799447,0.19087521731853485,0.18635882437229156
1.5140000000000011,0.06811709019907473,17.180484771728516,0.1810381045637568,0.11722328718446406,0.19147107005119324,0.1879620999097824
1.5160000000000011,0.06810775298018493,17.184131622314453,0.18172009545055134,0.11573376194103441,0.19208146631717682,0.1895986795425415
1.5180000000000011,0.06809706973073931,17.18767738342285,0.18241245282156976,0.11425087409306087,0.19270610809326172,0.19126853346824646
1.5200000000000011,0.06808503098958026,17.191001892089844,0.18311476806918264,0.11277457517852482,0.19334463775157928,0.19296987354755402
1.5220000000000011,0.06807162683904296,17.193893432617188,0.18382662163517383,0.11130479649285377,0.19399705529212952,0.1939871609210968
1.5240000000000011,0.06805684688433827,17.196523666381836,0.18454758373969526,0.10984145018664498,0.19466225802898407,0.19318000972270966
1.5260000000000011,0.06804068023678832,17.19934844970703,0.18527721514591028,0.10838443036943451,0.19534020125865936,0.1924298107624054
1.5280000000000011,0.0680231364486543,17.20195770263672,0.18601506795784706,0.10693361421919574,0.1960303783416748,0.1917354017496109
1.5300000000000011,0.0680057045494067,17.20470428466797,0.18676068644261162,0.10548886309198727,0.19673214852809906,0.19109414517879486
1.5320000000000011,0.06798930985751964,17.20738983154297,0.18751360787370347,0.10405002362988999,0.19744497537612915,0.190504252910614
1.5340000000000011,0.06797395999107037,17.20990753173828,0.18827336338864625,0.10261692886245363,0.1981685608625412,0.1899634450674057
1.5360000000000011,0.06795966290212123,17.211963653564453,0.18903947885748967,0.10118939929904659,0.198902428150177,0.18947099149227142
1.5380000000000011,0.06794642612569483,17.213619232177734,0.18981147575684704,0.09976724400795113,0.1996457278728485,0.18902668356895447
1.5400000000000011,0.06793425536214898,17.2152099609375,0.1905889241336678,0.09835026167937642,0.2003985345363617,0.18862934410572052
1.5420000000000011,0.06792315802719165,17.216632843017578,0.19137157526048337,0.09693835615294932,0.20116053521633148,0.18827252089977264
1.5440000000000011,0.06791314319671612,17.21771240234375,0.19160158178873482,0.09553182508434255,0.20193210244178772,0.18795771896839142
1.5460000000000012,0.06790422156321094,17.218421936035156,0.19102634839286553,0.09413091398421308,0.2027132213115692,0.18768687546253204
1.5480000000000012,0.06789640540098209,17.218547821044922,0.19044333088663218,0.09273582198581685,0.20350392162799835,0.1874617487192154
1.5500000000000012,0.06788970894635965,17.218170166015625,0.18985234574216714,0.09134670701241618,0.2043042927980423,0.18728406727313995
1.5520000000000012,0.06788414998547913,17.216800689697266,0.18925332105236975,0.08996369040108589,0.2051139920949936,0.1871626377105713
1.5540000000000012,0.06787974557999174,17.21587371826172,0.18864686434692063,0.08858683401184038,0.2059325873851776,0.18714597821235657
1.5560000000000012,0.06787651196271013,17.21536636352539,0.1880380225323709,0.08721598272677762,0.20675931870937347,0.18722090125083923
1.5580000000000012,0.0678744642918481,17.214996337890625,0.18744064104579583,0.08585097233869318,0.20759257674217224,0.1873627007007599
1.5600000000000012,0.06787361673642854,17.21426773071289,0.1868561066632723,0.08449161696848594,0.2077106535434723,0.18753448128700256
1.5620000000000012,0.06787398248365373,17.213176727294922,0.1862849258624103,0.08313770199763648,0.2075909823179245,0.1877346932888031
1.5640000000000012,0.06787557374913444,17.21204376220703,0.18572759567723085,0.08178902726249633,0.20748990774154663,0.1879611611366272
1.5660000000000012,0.06787840178950084,17.21099853515625,0.185184602575383,0.08044540585139032,0.20740874111652374,0.1882120668888092
1.5680000000000012,0.067882476917005,17.209753036499023,0.18465642140438382,0.07910666304298251,0.20734803378582,0.1884860098361969
1.5700000000000012,0.06788780851575997,17.20782470703125,0.1841435144110279,0.07777263538408351,0.2073090523481369,0.18878160417079926
1.5720000000000012,0.06789440505928204,17.205585479736328,0.1836443185896559,0.07644316987313608,0.20729291439056396,0.18909740447998047
1.5740000000000012,0.06790227412906502,17.203481674194336,0.18314644439052408,0.07511812324503447,0.20730023086071014,0.18943262100219727
1.5760000000000012,0.06791142243392176,17.201345443725586,0.18264802415749604,0.0737973613356464,0.2073322832584381,0.18978676199913025
1.5780000000000012,0.06792185582988337,17.19923210144043,0.1821494502066454,0.07248075852111606,0.2070891261100769,0.19015973806381226
1.5800000000000012,0.06793357934045094,17.19705581665039,0.18165111188908584,0.07116819721774771,0.20632201433181763,0.19055110216140747
1.5820000000000012,0.06794659717703798,17.19487762451172,0.18115339509242595,0.06985956743782773,0.20557111501693726,0.19096091389656067
1.5840000000000012,0.06796091275945366,17.192623138427734,0.18065668177520916,0.06855476639182931,0.20482800900936127,0.19138923287391663
1.5860000000000012,0.06797652873630128,17.190319061279297,0.18016134953279156,0.06725369813295515,0.20408792793750763,0.19183632731437683
1.5880000000000012,0.06799344700518599,17.18783950805664,0.17966777119170502,0.06595627323742269,0.20334841310977936,0.19230173528194427
1.5900000000000012,0.06801166873263725,17.185771942138672,0.17917631443101528,0.06466240851712432,0.20260898768901825,0.19278612732887268
1.5920000000000012,0.06803119437367275,17.184892654418945,0.17868734142843778,0.06337202676000733,0.20187118649482727,0.19328878819942474
1.5940000000000012,0.06805202369094127,17.183948516845703,0.17820120852986387,0.06208505649544585,0.20113800466060638,0.1938096284866333
1.5960000000000012,0.06807415577338832,17.182880401611328,0.17771826594057077,0.06080143178127159,0.200413316488266,0.19434793293476105
1.5980000000000012,0.06809755990281766,17.18164825439453,0.17723953977168694,0.059521092010291,0.19970130920410156,0.194903165102005
1.6000000000000012,0.06812040018569031,17.180118560791016,0.1767769363447213,0.05824398173390446,0.19900701940059662,0.19547468423843384
1.6020000000000012,0.06814158073172412,17.178524017333984,0.17633489418473725,0.056970050501141796,0.19833505153656006,0.19606107473373413
1.6040000000000012,0.06816109657326247,17.176755905151367,0.17591366684795195,0.05569925271140471,0.1976902186870575,0.1966613382101059
1.6060000000000012,0.06817894359675968,17.17486572265625,0.17551348754605156,0.054431547479692824,0.19707608222961426,0.1972743421792984
1.6080000000000012,0.06819511851788627,17.17282485961914,0.17513456891388068,0.053166898513123555,0.1964958906173706,0.19789841771125793
1.6100000000000012,0.06820961885758364,17.170663833618164,0.1747771028165887,0.051905273997918784,0.1959526538848877,0.19853219389915466
1.6120000000000012,0.06822244291909914,17.16840362548828,0.17444126019660774,0.05064664649612637,0.1954479217529297,0.1991746574640274
1.6140000000000012,0.06823358976600345,17.166011810302734,0.17412719096078721,0.04939099285163661,0.1949828416109085,0.19982405006885529
1.6160000000000012,0.0682430592012052,17.1634464263916,0.17382685371203302,0.04813829410517134,0.19455812871456146,0.20047873258590698
1.6180000000000012,0.06825085174695401,17.160888671875,0.17352653904896162,0.04688853541820931,0.19417311251163483,0.20113788545131683
1.6200000000000012,0.0682569686258346,17.15831756591797,0.17322616266612995,0.045641706005974975,0.1938273012638092,0.2017994374036789
1.6220000000000012,0.06826141174273569,17.155609130859375,0.17292633306338107,0.044397799079901525,0.19351942837238312,0.20246294140815735
1.6240000000000012,0.06826418366778905,17.152942657470703,0.17264177189415877,0.04315681180022824,0.19324815273284912,0.20312738418579102
1.6260000000000012,0.06826528762026204,17.150402069091797,0.17237947852903437,0.041918745239737286,0.19301161170005798,0.20379126071929932
1.6280000000000012,0.0682647274533895,17.148426055908203,0.17213949617745622,0.04068360435998007,0.1928080916404724,0.20445457100868225
1.6300000000000012,0.06826250764013557,17.145565032958984,0.17192184741693453,0.039451398001835176,0.1926359236240387,0.2051161229610443
1.6320000000000012,0.06825863325987215,17.143054962158203,0.17172313949521423,0.03822213889277797,0.19249317049980164,0.20577570796012878
1.6340000000000012,0.06825310998596647,17.140531539916992,0.17153871275531624,0.036995843673949265,0.19237862527370453,0.20643271505832672
1.6360000000000012,0.06824594407427749,17.13805389404297,0.17136840450713173,0.03577253295101651,0.1922907829284668,0.20708709955215454
1.6380000000000012,0.06823714235256739,17.135635375976562,0.17121206895549215,0.03455223137394384,0.1922285109758377,0.207738995552063
1.6400000000000012,0.06822671221083956,17.13309097290039,0.17106955287827938,0.03333496775229641,0.19219085574150085,0.20838776230812073
1.6420000000000012,0.06821466159263982,17.13024139404297,0.17094069573609746,0.032120775214648636,0.19217750430107117,0.20903395116329193
1.6440000000000012,0.06820099898736202,17.127269744873047,0.1708253297638051,0.030909691423265048,0.19218753278255463,0.20967771112918854
1.6460000000000012,0.06818573342364091,17.12411117553711,0.1707235776102509,0.029701758858709303,0.1922212839126587,0.21031926572322845
1.6480000000000012,0.0681688744639311,17.120716094970703,0.17064109286626963,0.02849702519378672,0.19227813184261322,0.21095871925354004
1.6500000000000012,0.06815043220043615,17.116470336914062,0.1705799845629748,0.027295543782711353,0.19235795736312866,0.21159662306308746
1.6520000000000012,0.06813041725259845,17.112089157104492,0.1705400997325937,0.02609737430046353,0.19246114790439606,0.21223308145999908
1.6540000000000012,0.06810884076646594,17.10759162902832,0.17052126762095118,0.024902583580044463,0.19258734583854675,0.2128688395023346
1.6560000000000012,0.06808571441636127,17.102893829345703,0.17052329999426283,0.02371124671357363,0.19273719191551208,0.21350358426570892
1.6580000000000013,0.06806141022921804,17.098026275634766,0.17054599143188615,0.02252344850960318,0.19290989637374878,0.21413853764533997
1.6600000000000013,0.06803803767057467,17.09298324584961,0.17058911959256845,0.02133928543802288,0.19310586154460907,0.2147732526063919
1.6620000000000013,0.06801593402858525,17.087879180908203,0.170652445438045,0.02015886825245275,0.19332446157932281,0.21540839970111847
1.6640000000000013,0.06799509393913154,17.08306121826172,0.17073571339265922,0.018982325569575253,0.1935654580593109,0.2160441279411316
1.6660000000000013,0.06797551155478265,17.07857322692871,0.170838651410258,0.017809808824952807,0.19382889568805695,0.21668076515197754
1.6680000000000013,0.0679571805447839,17.074703216552734,0.17096097090875745,0.016641499249143894,0.19411304593086243,0.21731790900230408
1.6700000000000013,0.067940094093386,17.070886611938477,0.171102366516548,0.015477617876658068,0.1944182962179184,0.21795620024204254
1.6720000000000013,0.06792424489593837,17.066123962402344,0.1712625155500532,0.014318440224622935,0.19474326074123383,0.21859528124332428
1.6740000000000013,0.06790962515192912,17.061382293701172,0.17144107710275383,0.013164318370671344,0.1950874626636505,0.219234898686409
1.6760000000000013,0.06789622655372994,17.056371688842773,0.17163769056291758,0.012015715145065537,0.19544951617717743,0.21987473964691162
1.6780000000000013,0.0678840402691587,17.05112075805664,0.1718519732721612,0.010873258917678891,0.19582907855510712,0.22051437199115753
1.6800000000000013,0.06787305691493216,17.04553985595703,0.17208351685535986,0.009737834962890548,0.19622460007667542,0.22115260362625122
1.6820000000000013,0.06786326651632817,17.03981590270996,0.1723318814260627,0.008610745212181055,0.1966356784105301,0.22178854048252106
1.6840000000000013,0.06785465844545088,17.03382110595703,0.17259658625885788,0.007494003902197986,0.19706135988235474,0.22241966426372528
1.6860000000000013,0.06784722132552953,17.02745819091797,0.17287709431392673,0.006390923754284663,0.19750061631202698,0.2230425775051117
1.6880000000000013,0.06784094288043237,17.02062225341797,0.17317278551032467,0.005307380724147105,0.19795218110084534,0.22365157306194305
1.6900000000000013,0.06783580969542825,17.01275062561035,0.17348290833952318,0.004254841676461797,0.19841575622558594,0.22423438727855682
1.6920000000000013,0.06783180682392871,17.004005432128906,0.1738064885406551,0.0032585624639302783,0.19888949394226074,0.2247675061225891
1.6940000000000013,0.06782891685549554,16.994552612304688,0.17414216068276928,0.0023824891307454676,0.19937197864055634,0.2251947671175003
1.6960000000000013,0.0678271080962451,16.9840087890625,0.17448798964811893,0.0017985575899234143,0.1998610496520996,0.22537925839424133
1.6980000000000013,0.06782633442483339,16.97376251220703,0.17483983900312583,0.0017990605303634048,0.20035512745380402,0.22515836358070374
1.7000000000000013,0.06782654442573896,16.966516494750977,0.17518782879814704,0.002368066015464855,0.2008584886789322,0.22510166466236115
1.7020000000000013,0.0678277039343174,16.962936401367188,0.17553365094062995,0.003198867333751824,0.20137548446655273,0.22525259852409363
1.7040000000000013,0.06782978451324537,16.961238861083984,0.17587885735588582,0.004125780143140266,0.20190821588039398,0.22551698982715607
1.7060000000000013,0.06783276418291409,16.95893669128418,0.17622346867024852,0.00509104854156024,0.20245644450187683,0.22590839862823486
1.7080000000000013,0.06783662403336264,16.95638656616211,0.1765667618211133,0.006072116326102436,0.2030203938484192,0.2263670116662979
1.7100000000000013,0.06784134675915543,16.953628540039062,0.1769085598878674,0.007059326600879809,0.20359870791435242,0.2268640547990799
1.7120000000000013,0.06784691596980066,16.950584411621094,0.1772488587762216,0.008048010917315829,0.20419180393218994,0.22738438844680786
1.7140000000000013,0.0678533158097373,16.947275161743164,0.1775938959578665,0.009035677213119677,0.20479868352413177,0.22791993618011475
1.7160000000000013,0.06786053075276136,16.944259643554688,0.17794728077476646,0.010020881038409755,0.20541912317276,0.2284652143716812
1.7180000000000013,0.06786854546553012,16.94076919555664,0.17830955671053406,0.011002724456208743,0.20605245232582092,0.22901712357997894
1.7200000000000013,0.06787734472876968,16.937095642089844,0.17868287474290961,0.0119806134208739,0.20669837296009064,0.2295733243227005
1.7220000000000013,0.06788691337684852,16.93409538269043,0.17906695599984407,0.012954132399749567,0.20735560357570648,0.23013223707675934
1.7240000000000013,0.06789723626232777,16.931163787841797,0.17946137860422934,0.013922975474265502,0.20802392065525055,0.23069283366203308
1.7260000000000013,0.06790829822568535,16.927894592285156,0.1798657333993688,0.014886906834584723,0.2087021917104721,0.23125401139259338
1.7280000000000013,0.06792008407785768,16.924604415893555,0.18027962222466604,0.015845737039916093,0.2093896120786667,0.23181527853012085
1.7300000000000013,0.0679325785841817,16.921308517456055,0.1807026565212857,0.01679930833750002,0.21008503437042236,0.2323758751153946
1.7320000000000013,0.06794576645564192,16.91801643371582,0.18113445634664227,0.01774748523245932,0.21078765392303467,0.23293568193912506
1.7340000000000013,0.06795963234046205,16.91471290588379,0.18157464956747305,0.018690148305301857,0.21149590611457825,0.23349401354789734
1.7360000000000013,0.06797416082013583,16.911712646484375,0.18202281976532508,0.019627190028786157,0.21220946311950684,0.23405088484287262
1.7380000000000013,0.06798933640557099,16.908815383911133,0.18247662987957075,0.02055851189226579,0.21292637288570404,0.23460590839385986
1.7400000000000013,0.0680051435360519,16.905851364135742,0.1829347860948617,0.021484022372605195,0.2136460393667221,0.23515887558460236
1.7420000000000013,0.06802156657831032,16.90292739868164,0.18339704051110478,0.022403635482680522,0.2143668234348297,0.2357095628976822
1.7440000000000013,0.06803858982744651,16.89992904663086,0.1838631505688026,0.02331726971110709,0.21508853137493134,0.23625819385051727
1.7460000000000013,0.06805619750800061,16.896177291870117,0.18433287873663629,0.02422484723765753,0.21580925583839417,0.23680435121059418
1.7480000000000013,0.06807437195535751,16.892473220825195,0.18480599225686783,0.02512629334340738,0.21652859449386597,0.23734824359416962
1.7500000000000013,0.06809225983546505,16.88877296447754,0.1852822629271506,0.026021535961580442,0.2172456532716751,0.23764650523662567
1.7520000000000013,0.06810917432316162,16.88499641418457,0.1857614669192868,0.026910505331756807,0.2179592251777649,0.23770327866077423
1.7540000000000013,0.06812513258599084,16.88144874572754,0.18624338462287565,0.027793133730265398,0.2186688482761383,0.23776325583457947
1.7560000000000013,0.06814015185104567,16.877887725830078,0.18672895331795364,0.028669355258621756,0.2193741351366043,0.2378263771533966
1.7580000000000013,0.06815424940600723,16.87433433532715,0.1872192884644489,0.02953910567546353,0.22007448971271515,0.23789243400096893
1.7600000000000013,0.06816744259934925,16.870962142944336,0.1877140955638466,0.03040232226271842,0.22076961398124695,0.23796114325523376
1.7620000000000013,0.06817974883963035,16.867443084716797,0.18821308215500437,0.03125894371781181,0.22145912051200867,0.23803259432315826
1.7640000000000013,0.06819118559412324,16.863914489746094,0.1887159606740041,0.0321089100669367,0.22214321792125702,0.23810654878616333
1.7660000000000013,0.06820177038675365,16.860431671142578,0.1892224484417821,0.032952162594561483,0.22282175719738007,0.2381829023361206
1.7680000000000013,0.06821152079549929,16.857065200805664,0.18973226765270496,0.033788643786366354,0.2228882759809494,0.238261416554451
1.7700000000000014,0.0682204544492563,16.85366439819336,0.1902451453630069,0.034618297282666514,0.2219962328672409,0.23834216594696045
1.7720000000000014,0.0682285890242613,16.850330352783203,0.19076081347871388,0.03544106784064021,0.22107525169849396,0.2377486675977707
1.7740000000000014,0.06823594224009304,16.84694480895996,0.19127900874245923,0.03625690130351819,0.22013269364833832,0.23647628724575043
1.7760000000000014,0.06824253185531101,16.8436222076416,0.19179947271893383,0.037065744575678516,0.21917395293712616,0.2351808100938797
1.7780000000000014,0.06824837566275313,16.84063720703125,0.1923219517786544,0.03786754560245265,0.21820393204689026,0.23386994004249573
1.7800000000000014,0.06825349148453932,16.837648391723633,0.19284619707991035,0.03866225335394895,0.21722550690174103,0.23255009949207306
1.7820000000000014,0.06825789716679864,16.834957122802734,0.19337196454873595,0.03944981781210592,0.21624206006526947,0.2312256097793579
1.7840000000000014,0.06826161057415742,16.831939697265625,0.19321771799900883,0.04023018996050002,0.2152557671070099,0.22990034520626068
1.7860000000000014,0.06826464958400398,16.82878875732422,0.19221415510647194,0.041003321776373336,0.21426808834075928,0.22857823967933655
1.7880000000000014,0.06826703208056076,16.826038360595703,0.19120565994104916,0.04176916622455079,0.213279590010643,0.22726047039031982
1.7900000000000014,0.06826877594877861,16.823558807373047,0.19019539429677657,0.042527677252869836,0.21229185163974762,0.2259492725133896
1.7920000000000014,0.06826989906807923,16.821147918701172,0.189183831572324,0.04327880978889593,0.21130459010601044,0.2246454805135727
1.7940000000000014,0.0682704193059559,16.818767547607422,0.18817144379635975,0.044022519737649424,0.21031804382801056,0.22335003316402435
1.7960000000000014,0.0682703545114595,16.816423416137695,0.18715870135165524,0.044758763980182865,0.20933228731155396,0.2220631092786789
1.7980000000000014,0.06826972250857807,16.814102172851562,0.18614607269010247,0.04548750037281374,0.20834752917289734,0.2207847386598587
1.8000000000000014,0.06826854108952765,16.811809539794922,0.18513402403909884,0.04620868774688743,0.20736324787139893,0.21951529383659363
1.8020000000000014,0.06826682800797235,16.80946922302246,0.18412301910018725,0.04692228590894275,0.20637966692447662,0.21825392544269562
1.8040000000000014,0.06826460097218005,16.80706024169922,0.18311351874047666,0.04762825564117025,0.20539699494838715,0.21700093150138855
1.8060000000000014,0.06826187763813428,16.80467414855957,0.1821059806776184,0.04832655870208931,0.20441478490829468,0.21575583517551422
1.8080000000000014,0.0682586756026096,16.802631378173828,0.18110085915890883,0.049017157827347786,0.20343364775180817,0.2145189344882965
1.8100000000000014,0.06825501239622286,16.80077362060547,0.18009860463525362,0.049700016730596014,0.20245420932769775,0.21328938007354736
1.8120000000000014,0.06825090547647593,16.798965454101562,0.17909966343060352,0.0503751001043717,0.20147596299648285,0.21206791698932648
1.8140000000000014,0.06824637222079198,16.797346115112305,0.17810447740759644,0.05104237362094885,0.20050039887428284,0.21085406839847565
1.8160000000000014,0.06824142991956533,16.79584312438965,0.1771134836300674,0.051701803933112696,0.1995278298854828,0.2096482515335083
1.8180000000000014,0.06823609576922748,16.794294357299805,0.17612711402318476,0.05235335867482332,0.19855834543704987,0.2084505707025528
1.8200000000000014,0.0682303868653419,16.79268455505371,0.17514579503193345,0.05299700646174338,0.19759370386600494,0.20726224780082703
1.8220000000000014,0.06822432019573561,16.791383743286133,0.17416994727873825,0.05363271689160402,0.1966342031955719,0.20608285069465637
1.8240000000000014,0.06821791263367692,16.790170669555664,0.17319998522102398,0.05426046054438806,0.19568033516407013,0.20491307973861694
1.8260000000000014,0.06821118093110565,16.789018630981445,0.1722363168095522,0.054880208982317394,0.194733664393425,0.20375384390354156
1.8280000000000014,0.06820414171192701,16.787841796875,0.17127934314839557,0.05549193474962943,0.19379472732543945,0.20260582864284515
1.8300000000000014,0.06819681146537371,16.786699295043945,0.1703294581574602,0.056095611372129275,0.1928640753030777,0.20146866142749786
1.8320000000000014,0.06818920653944306,16.785526275634766,0.16938429002469327,0.0566912133565191,0.19194304943084717,0.2003437727689743
1.8340000000000014,0.06818134313442119,16.784317016601562,0.1684388833251936,0.05727871618948983,0.19103193283081055,0.19923166930675507
1.8360000000000014,0.06817323729649354,16.783113479614258,0.16749353826321434,0.057858096336572705,0.1901320070028305,0.19813252985477448
1.8380000000000014,0.0681649049114544,16.781848907470703,0.1665487670144678,0.05842933124075483,0.18924319744110107,0.19704793393611908
1.8400000000000014,0.06815636169851705,16.78056526184082,0.1656099552750106,0.05899239932084767,0.1883665770292282,0.19597786664962769
1.8420000000000014,0.06814762320423333,16.7793025970459,0.16468047491961316,0.05954727996962029,0.1875024288892746,0.19492311775684357
1.8440000000000014,0.0681387047965257,16.77801513671875,0.16376067189227045,0.06009395355168801,0.18665124475955963,0.19388462603092194
1.8460000000000014,0.06812962165884119,16.776718139648438,0.16285088269113027,0.060632401401164555,0.18581342697143555,0.19286198914051056
1.8480000000000014,0.06812039233199667,16.77529525756836,0.1619514340911336,0.06116260581908319,0.18498916923999786,0.1918562650680542
1.8500000000000014,0.06811134161184314,16.773714065551758,0.16106264287875194,0.06168455007058235,0.18417863547801971,0.19086749851703644
1.8520000000000014,0.068102666240476,16.772003173828125,0.160184815599981,0.06219821838186919,0.1833823174238205,0.18989607691764832
1.8540000000000014,0.06809435566310156,16.770366668701172,0.15931824832273678,0.06270359593696066,0.18259957432746887,0.1889418512582779
1.8560000000000014,0.06808639944076653,16.768726348876953,0.1584632264148172,0.06320066887420793,0.1818309724330902,0.1880054622888565
1.8580000000000014,0.06807878725487403,16.767019271850586,0.15762002433857455,0.06368942428261326,0.18107648193836212,0.1870865672826767
1.8600000000000014,0.06807150891158056,16.765296936035156,0.15678890546343272,0.06416985019793987,0.1803356111049652,0.18618521094322205
1.8620000000000014,0.06806455434606962,16.763774871826172,0.15597012189737233,0.06464193559862953,0.1796090304851532,0.18530118465423584
1.8640000000000014,0.06805791362670256,16.762170791625977,0.15516391433846566,0.0651056704015214,0.17889560759067535,0.18443481624126434
1.8660000000000014,0.06805157695903792,16.760501861572266,0.15437051194752457,0.0655610454573942,0.17819571495056152,0.18358542025089264
1.8680000000000014,0.0680455346897239,16.75890350341797,0.15359013224286638,0.06600805254632645,0.1775093376636505,0.18275338411331177
1.8700000000000014,0.0680397773102568,16.7574462890625,0.152822981018166,0.0664466843728885,0.1768358200788498,0.18193791806697845
1.8720000000000014,0.06803429546060497,16.756013870239258,0.15206925228430032,0.06687693456116703,0.17617535591125488,0.1811392605304718
1.8740000000000014,0.06802907993269804,16.7545166015625,0.1513291282360147,0.06729879764964106,0.17552748322486877,0.18035675585269928
1.8760000000000014,0.06802412167377718,16.75294303894043,0.15060101010025836,0.06771226908589731,0.1748921424150467,0.17959046363830566
1.8780000000000014,0.06801941178960771,16.75143814086914,0.14988019705917446,0.06811734522121428,0.1742691993713379,0.17883965373039246
1.8800000000000014,0.06801494154755096,16.750057220458984,0.149166753642226,0.06851402330500056,0.17365825176239014,0.17810451984405518
1.8820000000000014,0.068010702379495,16.74872398376465,0.148461040344541,0.06890230147911292,0.17305946350097656,0.17738491296768188
1.8840000000000015,0.06800668588464354,16.74741554260254,0.147763414072358,0.06928217877204636,0.17247246205806732,0.176680326461792
1.8860000000000015,0.06800288383216319,16.746082305908203,0.14707725505874356,0.06965365509301315,0.1718972623348236,0.17599040269851685
1.8880000000000015,0.06799928816368475,16.74472427368164,0.14640599327348375,0.07001673122591065,0.1713334172964096,0.17531505227088928
1.8900000000000015,0.06799589099566486,16.743356704711914,0.145749736503524,0.07037140882318833,0.1707814633846283,0.17465448379516602
1.8920000000000015,0.06799268462160198,16.741960525512695,0.14510858067019872,0.07071769039962109,0.17024102807044983,0.17400753498077393
1.8940000000000015,0.06798966151410747,16.740554809570312,0.14448261092713982,0.07105557932598837,0.1697119027376175,0.17337504029273987
1.8960000000000015,0.06798681432683597,16.73908805847168,0.14387190190270155,0.07138507982267847,0.16919435560703278,0.1727563887834549
1.8980000000000015,0.06798413589627027,16.737503051757812,0.14327651796981555,0.07170619695320582,0.1686883121728897,0.1721516102552414
1.9000000000000015,0.06798161924336363,16.735883712768555,0.1426965135427892,0.07201893661766787,0.1681935340166092,0.17156068980693817
1.9020000000000015,0.06797925757503957,16.734230041503906,0.1421319334004483,0.07232330554612837,0.16771039366722107,0.17098331451416016
1.9040000000000015,0.06797704428555103,16.732532501220703,0.14158281303488401,0.07261931129194586,0.16723866760730743,0.17041942477226257
1.9060000000000015,0.06797497295769606,16.730802536010742,0.14104917902493172,0.07290696222504547,0.16677866876125336,0.16986902058124542
1.9080000000000015,0.06797303736389444,16.729049682617188,0.14053104943337258,0.07318626752514538,0.1663305014371872,0.16933254897594452
1.9100000000000015,0.06797123146712554,16.727256774902344,0.1400284342267337,0.07345723717493478,0.16589391231536865,0.16880926489830017
1.9120000000000015,0.06796954942172662,16.725435256958008,0.13954133571643038,0.07371988195321641,0.16546925902366638,0.16829954087734222
1.9140000000000015,0.06796798557405558,16.72347068786621,0.1390697490198699,0.07397421342801651,0.16505621373653412,0.16780351102352142
1.9160000000000015,0.06796653446301539,16.721515655517578,0.13861366254003976,0.0742202439496591,0.1646556407213211,0.16732075810432434
1.9180000000000015,0.06796519082044675,16.719594955444336,0.13817305846197603,0.07445798664382644,0.16426695883274078,0.16685236990451813
1.9200000000000015,0.06796394957138596,16.717622756958008,0.1377479132644274,0.07468745540458528,0.16389089822769165,0.1663970947265625
1.9220000000000015,0.06796280583419258,16.715702056884766,0.13733819824492527,0.07490866488740905,0.16352692246437073,0.16595572233200073
1.9240000000000015,0.06796175492054589,16.713661193847656,0.13694388005639616,0.07512163050218085,0.16317537426948547,0.16552822291851044
1.9260000000000015,0.06796079233531292,16.71161460876465,0.13656492125337383,0.07532636840618925,0.16283679008483887,0.16511490941047668
1.9280000000000015,0.06795991377629342,16.70952606201172,0.1362012808458075,0.07552289549712082,0.16251078248023987,0.16471514105796814
1.9300000000000015,0.06795911513383472,16.70742416381836,0.13585291485841292,0.07571122940604752,0.16219773888587952,0.16432945430278778
1.9320000000000015,0.0679583924903307,16.70526885986328,0.13551977689345623,0.0758913884904208,0.16189758479595184,0.16395814716815948
1.9340000000000015,0.06795774211959175,16.703006744384766,0.13520181869484652,0.07606339182706631,0.16161058843135834,0.16360121965408325
1.9360000000000015,0.06795716048610571,16.700674057006836,0.13489899071136707,0.07622725920518972,0.1613367795944214,0.16325856745243073
1.9380000000000015,0.06795664424417346,16.69829559326172,0.13461124265689056,0.0763830111193883,0.16107647120952606,0.16293014585971832
1.9400000000000015,0.06795619023693547,16.695858001708984,0.13433852406539093,0.07653066876268387,0.16082940995693207,0.16261635720729828
1.9420000000000015,0.06795579549528563,16.69335174560547,0.13408078483859895,0.07667025401956315,0.16059595346450806,0.16231723129749298
1.9440000000000015,0.06795545723667169,16.69078826904297,0.1338379757841521,0.07680178945904097,0.16037611663341522,0.16203266382217407
1.9460000000000015,0.06795517286379264,16.68817138671875,0.13361004914211727,0.07692529832774532,0.16017019748687744,0.16176286339759827
1.9480000000000015,0.06795493996318672,16.685495376586914,0.13339695909781182,0.07704080454301643,0.15997815132141113,0.16150809824466705
1.9500000000000015,0.06795475630371955,16.68274688720703,0.1331986622788833,0.07714833268604315,0.15980008244514465,0.16126799583435059
1.9520000000000015,0.06795461983496945,16.679872512817383,0.13301511823466802,0.07724790799501022,0.15963566303253174,0.16104303300380707
1.9540000000000015,0.0679545286855152,16.676958084106445,0.13284628989591316,0.07733955635828665,0.15948565304279327,0.1608329713344574
1.9560000000000015,0.06795448116112957,16.67401695251465,0.13269208287944367,0.07742330430763435,0.15935002267360687,0.16063834726810455
1.9580000000000015,0.06795447574287615,16.671024322509766,0.13255194604067996,0.07749917901144941,0.15922866761684418,0.16045847535133362
1.9600000000000015,0.06795451108511943,16.667951583862305,0.13242586277320487,0.07756720826803688,0.15912148356437683,0.16029439866542816
1.9620000000000015,0.06795458601344402,16.664831161499023,0.13231396274946963,0.07762742049891565,0.15902908146381378,0.16014541685581207
1.9640000000000015,0.06795469952248852,16.66170310974121,0.13221636959005614,0.07767984474215726,0.15895120799541473,0.1600116491317749
1.9660000000000015,0.06795485077369794,16.658546447753906,0.1321332008285982,0.07772451064575717,0.1588878035545349,0.15989357233047485
1.9680000000000015,0.06795503909299264,16.65532684326172,0.1320645678790646,0.07776144846104688,0.15883924067020416,0.15979251265525818
1.9700000000000015,0.06795526396836342,16.65205955505371,0.13201057600540708,0.07779068903613462,0.1588055044412613,0.159712016582489
1.9720000000000015,0.06795552504738686,16.648706436157227,0.13197132429357483,0.07781226380938461,0.15878652036190033,0.15965239703655243
1.9740000000000015,0.06795582213467065,16.645374298095703,0.13194690562589223,0.07782620480293485,0.1587829291820526,0.15961259603500366
1.9760000000000015,0.06795615518922951,16.642017364501953,0.13193740665780837,0.07783254461624746,0.1587938666343689,0.15958969295024872
1.9780000000000015,0.06795652432179036,16.638595581054688,0.1319429077970081,0.0778313164196977,0.15882007777690887,0.15958331525325775
1.9800000000000015,0.06795692979203619,16.63513946533203,0.1319634831848892,0.07782255394820083,0.15886156260967255,0.15959398448467255
1.9820000000000015,0.06795737200578601,16.631616592407227,0.13199920068040408,0.07780629149487123,0.15891814231872559,0.15962141752243042
1.9840000000000015,0.06795785151211463,16.62803840637207,0.1320501218462618,0.07778256390472539,0.1589903086423874,0.15966567397117615
1.9860000000000015,0.06795836900041707,16.624435424804688,0.1321163019374858,0.07775140656841195,0.15907765924930573,0.15972700715065002
1.9880000000000015,0.06795892529741833,16.620763778686523,0.13219778989232944,0.07771285541598626,0.15918055176734924,0.1598048359155655
1.9900000000000015,0.06795952136412972,16.617042541503906,0.13229462832553937,0.07766694691071485,0.1592986285686493,0.15989993512630463
1.9920000000000015,0.06796015829275846,16.613323211669922,0.1324068535239659,0.07761371804291663,0.15943259000778198,0.16001181304454803
1.9940000000000015,0.06796083730356994,16.609554290771484,0.13253449544451124,0.07755320632384027,0.15958216786384583,0.16014066338539124
1.9960000000000016,0.06796155974170535,16.605741500854492,0.1326775777144157,0.07748544977957178,0.1597471833229065,0.1602867692708969
1.9980000000000016,0.06796232707395884,16.601917266845703,0.13283611763386827,0.07741048694498079,0.15992829203605652,0.1604493260383606
2.0000000000000013,0.0679631408855163,16.598037719726562,0.13301012618093813,0.07732835685769374,0.1601250022649765,0.1606292724609375
2.002000000000001,0.06796400287665677,16.59408950805664,0.1331996080188209,0.07723909905210477,0.16033796966075897,0.16082622110843658
2.004000000000001,0.06796491485942166,16.590131759643555,0.13340456150538493,0.07714275355340892,0.1605662852525711,0.16104012727737427
2.0060000000000007,0.06796587875425224,16.586162567138672,0.13362497870501788,0.07703936087167695,0.16081105172634125,0.16127131879329681
2.0080000000000005,0.0679668965865979,16.582246780395508,0.1338608454027539,0.07692896199594877,0.16107159852981567,0.16151952743530273
2.0100000000000002,0.06796797048350033,16.578264236450195,0.13411214112067774,0.0768115983883628,0.16134808957576752,0.16178470849990845
2.012,0.06796910267015184,16.57425308227539,0.1343790707906347,0.07668731197830725,0.1616411656141281,0.16206707060337067
2.014,0.06797029546643524,16.5701847076416,0.13466224873722796,0.07655614515660066,0.1619497835636139,0.1623668670654297
2.0159999999999996,0.06797155128344184,16.56606674194336,0.134961829985784,0.07641814076969723,0.16227516531944275,0.16268350183963776
2.0179999999999993,0.06797287261997635,16.56188201904297,0.13527794760497874,0.07627334211391554,0.16261644661426544,0.16301751136779785
2.019999999999999,0.06797426205904611,16.557697296142578,0.1356107357171182,0.07612179292968907,0.1629740297794342,0.16336850821971893
2.021999999999999,0.06797572226434007,16.55345916748047,0.13596032892475868,0.07596353739584231,0.16334806382656097,0.16373683512210846
2.0239999999999987,0.06797725597669732,16.54910659790039,0.13632686172289799,0.07579862012388375,0.16373811662197113,0.16412235796451569
2.0259999999999985,0.0679788660105704,16.54470443725586,0.1367104678990033,0.07562708615231993,0.16414491832256317,0.1645251214504242
2.0279999999999982,0.06798055525048374,16.540252685546875,0.1371112799232186,0.07544898094098938,0.16456758975982666,0.16494491696357727
2.029999999999998,0.06798232664748852,16.53546714782715,0.1375294283311181,0.0752643503654099,0.16500680148601532,0.1653819978237152
2.031999999999998,0.06798418321562044,16.530656814575195,0.13796504110142804,0.075073240711147,0.1654624193906784,0.16583627462387085
2.0339999999999976,0.06798612802835789,16.52582359313965,0.138418243031143,0.07487569866819174,0.1659344732761383,0.166307732462883
2.0359999999999974,0.06798816421508397,16.52097511291504,0.13888915511047825,0.07467177132535703,0.1664227545261383,0.16679644584655762
2.037999999999997,0.06799029495755807,16.51605987548828,0.13937789390009558,0.07446150616468374,0.1669274866580963,0.1673022210597992
2.039999999999997,0.06799252348639395,16.5111083984375,0.13988457091301607,0.07424495105585846,0.16744835674762726,0.1678251177072525
2.0419999999999967,0.06799485307754824,16.506122589111328,0.14040929200360105,0.07402215425064346,0.1679859459400177,0.16836543381214142
2.0439999999999965,0.06799728704882607,16.501127243041992,0.1409521567659435,0.07379316437731062,0.16853976249694824,0.16892209649085999
2.0459999999999963,0.06799982875639493,16.49608039855957,0.14151325794394107,0.07355803043509014,0.16910964250564575,0.169496551156044
2.047999999999996,0.06800248159132377,16.490989685058594,0.1420926808552509,0.07331680178862153,0.16969601809978485,0.1700877845287323
2.049999999999996,0.06800524897613419,16.48585319519043,0.14269050283125514,0.07306952816240984,0.17029860615730286,0.17069600522518158
2.0519999999999956,0.0680081343613763,16.48069953918457,0.1433067926750406,0.07281625963529043,0.1709175556898117,0.17132124304771423
2.0539999999999954,0.06801114122222703,16.47551727294922,0.14394161013931603,0.07255704663489346,0.17155256867408752,0.17196343839168549
2.055999999999995,0.06801427305511278,16.470298767089844,0.14459500542604833,0.07229193993211278,0.17220400273799896,0.17262275516986847
2.057999999999995,0.0680175333743582,16.46504020690918,0.1452670187094826,0.07202099063557461,0.17287138104438782,0.17329874634742737
2.0599999999999947,0.06802092570886487,16.45973777770996,0.1459576796840683,0.07174425018611133,0.17355506122112274,0.17399200797080994
2.0619999999999945,0.06802445359881941,16.454357147216797,0.14666700713866737,0.0714617703512279,0.17425504326820374,0.1747017353773117
2.0639999999999943,0.0680281205924324,16.448928833007812,0.14739500855827445,0.07117360321957293,0.17497126758098602,0.1754288524389267
2.065999999999994,0.06803193024271324,16.44347381591797,0.1481416797543166,0.07087980119540618,0.17570380866527557,0.17617252469062805
2.067999999999994,0.06803588610427803,16.438003540039062,0.1489070045244463,0.07058041699305904,0.1764523833990097,0.17693331837654114
2.0699999999999936,0.06803999173019654,16.432510375976562,0.1496909543425767,0.07027550363139767,0.17721742391586304,0.17771130800247192
2.0719999999999934,0.06804425066887478,16.426998138427734,0.15049348807974874,0.06996511442827753,0.17799901962280273,0.17850598692893982
2.073999999999993,0.0680486664609805,16.421466827392578,0.15131455175625289,0.06964930299499177,0.1787966638803482,0.17931781709194183
2.075999999999993,0.06805324263640845,16.415904998779297,0.15215407832527442,0.06932812323071777,0.17961101233959198,0.18014708161354065
2.0779999999999927,0.06805798271128806,16.4102725982666,0.15301198748817663,0.06900162931695185,0.18044182658195496,0.18099361658096313
2.0799999999999925,0.06806289018503757,16.40462303161621,0.15388818554136874,0.06866987571194139,0.18128980696201324,0.18185760080814362
2.0819999999999923,0.06806796853746178,16.398954391479492,0.15478256525458298,0.0683329171451067,0.1821543425321579,0.1827392727136612
2.083999999999992,0.06807322122589704,16.393362045288086,0.1556950057802224,0.06799080861145503,0.18303579092025757,0.18363814055919647
2.085999999999992,0.06807865168240634,16.387779235839844,0.15662537259332207,0.06764360536598439,0.183934286236763,0.18455550074577332
2.0879999999999916,0.06808426331102084,16.382190704345703,0.15757132582643443,0.06729136291808076,0.18485046923160553,0.18549053370952606
2.0899999999999914,0.06809005948503517,16.37660026550293,0.15852955279196707,0.0669341370259055,0.18578405678272247,0.1864439845085144
2.091999999999991,0.0680960435443523,16.370994567871094,0.15949974394466812,0.06657198369076911,0.1867356300354004,0.18741640448570251
2.093999999999991,0.06810221879288238,16.365373611450195,0.16048160653733728,0.06620495915149999,0.18770499527454376,0.18840718269348145
2.0959999999999908,0.06810858849599508,16.3597469329834,0.1614748806732738,0.06583311987879796,0.18869265913963318,0.18941697478294373
2.0979999999999905,0.0681151558780279,16.354045867919922,0.16248273836209168,0.06545652256958066,0.18969903886318207,0.19044621288776398
2.0999999999999903,0.06812192411984899,16.348312377929688,0.1635072108520328,0.0650752241413179,0.1907239407300949,0.19149503111839294
2.10199999999999,0.06812889635647774,16.34256362915039,0.1645480704405731,0.06468928172635487,0.19176821410655975,0.19256345927715302
2.10399999999999,0.06813607567476229,16.336719512939453,0.16560507607818395,0.06429875266622391,0.19283154606819153,0.19365228712558746
2.1059999999999897,0.06814346511111834,16.330833435058594,0.16667797355534839,0.06390369450594828,0.19391411542892456,0.1947614848613739
2.1079999999999894,0.06815102308990312,16.324953079223633,0.16776649571049265,0.06350416498832821,0.19501708447933197,0.19589108228683472
2.109999999999989,0.06815849798903313,16.319046020507812,0.16887036265750338,0.0631002220482287,0.19613955914974213,0.19704145193099976
2.111999999999989,0.06816584449154947,16.31315040588379,0.1699892820314972,0.0626919238068409,0.19728201627731323,0.1982128918170929
2.1139999999999888,0.06817305618460448,16.307266235351562,0.17112294925149507,0.06227932856594704,0.1984448879957199,0.19940528273582458
2.1159999999999886,0.06818012673037191,16.301433563232422,0.17227104779866134,0.06186249480216669,0.1996278464794159,0.2006191462278366
2.1179999999999883,0.06818704986877877,16.295557022094727,0.17343324950877273,0.061441481161197596,0.20083123445510864,0.2018541544675827
2.119999999999988,0.0681938194201608,16.289602279663086,0.1746092148776048,0.061016346452044054,0.20205487310886383,0.20311033725738525
2.121999999999988,0.06820042928783751,16.283653259277344,0.17579859337794612,0.060587149641239325,0.20329871773719788,0.20438778400421143
2.1239999999999877,0.06820687346061088,16.277706146240234,0.17700102378697385,0.060153949847058484,0.2045629620552063,0.20568597316741943
2.1259999999999875,0.06821314601518226,16.2717227935791,0.1782161345227703,0.059716806333721395,0.20584671199321747,0.20700550079345703
2.1279999999999872,0.06821924111849283,16.265731811523438,0.17944354398879486,0.05927577850559119,0.20715005695819855,0.20834513008594513
2.129999999999987,0.0682251530299836,16.25981903076172,0.1806828609251635,0.05883092590136371,0.20847296714782715,0.20970502495765686
2.131999999999987,0.06823087610377501,16.253978729248047,0.18193368476564897,0.05838230818825358,0.20981428027153015,0.21108442544937134
2.1339999999999866,0.06823640479076935,16.248151779174805,0.18319560599934798,0.05792998515617109,0.2111738622188568,0.2124825119972229
2.1359999999999864,0.06824173364066936,16.24235725402832,0.18446820653603224,0.05747401671189926,0.21255125105381012,0.21389873325824738
2.137999999999986,0.06824685730392245,16.23663330078125,0.18575106007423214,0.0570144628732625,0.2139461487531662,0.2153327912092209
2.139999999999986,0.06825177053358066,16.23086929321289,0.18704373247118156,0.05655138376329447,0.21535663306713104,0.21678312122821808
2.1419999999999857,0.06825646818708313,16.22502899169922,0.18834493503338207,0.05608483960440763,0.21678295731544495,0.21824991703033447
2.1439999999999855,0.06826094522795936,16.219242095947266,0.18965039094064418,0.05561489071255408,0.21822422742843628,0.21973133087158203
2.1459999999999853,0.06826519672745122,16.213468551635742,0.19095922207646737,0.05514159749139479,0.21967953443527222,0.22122728824615479
2.147999999999985,0.06826921786605891,16.207700729370117,0.1922710222780874,0.05466502042646509,0.2211475521326065,0.22273671627044678
2.149999999999985,0.0682730039350038,16.201875686645508,0.19358610781952762,0.05418522007934285,0.22262801229953766,0.22425837814807892
2.1519999999999846,0.06827655033761745,16.196182250976562,0.19490789881289478,0.05370225708182662,0.2241198867559433,0.22579152882099152
2.1539999999999844,0.06827985259064726,16.190507888793945,0.19623649062427306,0.05321619213010762,0.22562192380428314,0.2265745848417282
2.155999999999984,0.06828290632548813,16.18489646911621,0.19757140421046232,0.052727085978960066,0.22713404893875122,0.22706091403961182
2.157999999999984,0.06828570728933421,16.179397583007812,0.19891215572180848,0.05223499943593017,0.22865501046180725,0.22757507860660553
2.1599999999999837,0.06828825134625412,16.173921585083008,0.20025825686175908,0.05173999335554194,0.23018395900726318,0.2281111478805542
2.1619999999999835,0.06829053447818814,16.168481826782227,0.20160921524214742,0.05124212863350698,0.23172050714492798,0.22866320610046387
2.1639999999999833,0.06829255278587096,16.163049697875977,0.20296453473388248,0.05074146620095313,0.23326441645622253,0.229225292801857
2.165999999999983,0.06829430248967745,16.15757179260254,0.20432371581276515,0.05023806701866253,0.23481447994709015,0.22979159653186798
2.167999999999983,0.06829577993039097,16.152170181274414,0.20568625590017692,0.04973199207133019,0.2360284924507141,0.23035718500614166
2.1699999999999826,0.06829698156990108,16.14687728881836,0.20705164969844464,0.049223302361834996,0.2366054505109787,0.2309175282716751
2.1719999999999824,0.0682979039918223,16.14156723022461,0.20841938952069533,0.04871205890553818,0.2371816486120224,0.23146948218345642
2.173999999999982,0.06829854390204194,16.13624382019043,0.2097889656150621,0.04819832272459673,0.2377534657716751,0.2320103943347931
2.175999999999982,0.06829889812919367,16.13109016418457,0.21070203352919853,0.0476821548423047,0.23831792175769806,0.23253920674324036
2.1779999999999817,0.06829896362505711,16.12602996826172,0.21043658629538958,0.047163616277462524,0.23887285590171814,0.23305654525756836
2.1799999999999815,0.0682987374648881,16.121036529541016,0.21017066783746025,0.046642768038770314,0.23870861530303955,0.23356333374977112
2.1819999999999813,0.0682982168476748,16.116086959838867,0.20990432573370743,0.046119671119255426,0.23850315809249878,0.23406267166137695
2.183999999999981,0.06829739909632342,16.111181259155273,0.20963760721084534,0.045594386490737576,0.23829497396945953,0.23455867171287537
2.185999999999981,0.06829628165777621,16.106367111206055,0.20937055913864727,0.045066975098323844,0.23808449506759644,0.23505614697933197
2.1879999999999806,0.06829486210305423,16.101573944091797,0.20910322802475906,0.044537497854947795,0.23787282407283783,0.23542192578315735
2.1899999999999804,0.0682931381272374,16.09678840637207,0.20883566000969278,0.04400601563595238,0.23765994608402252,0.23520778119564056
2.19199999999998,0.06829110754937145,16.092079162597656,0.20856790086199317,0.04347258927371518,0.23744633793830872,0.23499546945095062
2.19399999999998,0.0682887683123084,16.08755111694336,0.20829999597359045,0.042937279552327505,0.23723265528678894,0.2347847819328308
2.1959999999999797,0.06828611848248084,16.083356857299805,0.20803199035533537,0.04240014720232448,0.2370184361934662,0.2345760613679886
2.1979999999999795,0.06828315624960796,16.079227447509766,0.20776392863272147,0.04186125289547271,0.2368050366640091,0.23436911404132843
2.1999999999999793,0.0682798799263364,16.07504653930664,0.20749585504179863,0.04132065723962241,0.23659184575080872,0.2341640740633011
2.201999999999979,0.06827628794781386,16.07088851928711,0.20722781342528296,0.0407784207736211,0.23637932538986206,0.23396062850952148
2.203999999999979,0.06827237887120069,16.06684684753418,0.20695984722886202,0.04023460396230452,0.23616783320903778,0.23375864326953888
2.2059999999999786,0.06826815137511243,16.06282615661621,0.20669199949770556,0.039689267191555605,0.23595717549324036,0.23355814814567566
2.2079999999999784,0.06826360425900237,16.05904197692871,0.20642431287318103,0.03914247076345772,0.23574769496917725,0.23335909843444824
2.209999999999978,0.06825873644247797,16.05548667907715,0.20615682958978265,0.03859427489152278,0.2355392575263977,0.23316127061843872
2.211999999999978,0.06825354696455292,16.051944732666016,0.20588959147227492,0.038044739696024045,0.23533235490322113,0.2329646497964859
2.2139999999999778,0.06824803498283862,16.048431396484375,0.20562263993306207,0.03749392519942744,0.23512622714042664,0.232769176363945
2.2159999999999775,0.06824219977267024,16.044940948486328,0.20535601596978253,0.03694189132193251,0.23492173850536346,0.23257453739643097
2.2179999999999773,0.0682360407261705,16.041475296020508,0.20508976016314112,0.036388697877133676,0.23471815884113312,0.23238034546375275
2.219999999999977,0.06822955735125079,16.038270950317383,0.20482391267498218,0.035834404567808495,0.23451580107212067,0.232186958193779
2.221999999999977,0.0682227492705496,16.03504753112793,0.2045585132466139,0.035279070981844456,0.23431433737277985,0.23199407756328583
2.2239999999999767,0.06821561622030668,16.031627655029297,0.20429360119739043,0.03472275658831547,0.2341141700744629,0.23180162906646729
2.2259999999999764,0.06820815804917459,16.02826690673828,0.20402921542356373,0.034165520733723344,0.23391476273536682,0.23160909116268158
2.227999999999976,0.06820037471696572,16.024892807006836,0.20376539439741276,0.03360742263841157,0.23371651768684387,0.23141679167747498
2.229999999999976,0.06819226629333658,16.021621704101562,0.20350217616666477,0.033048521393174574,0.233518585562706,0.2312244325876236
2.231999999999976,0.0681838329564035,16.01840591430664,0.20323959835421773,0.03248887595607259,0.23332156240940094,0.23103190958499908
2.2339999999999756,0.06817507499129649,16.015235900878906,0.202977698158181,0.031928545149482,0.23312510550022125,0.230838805437088
2.2359999999999753,0.06816599278864115,16.012115478515625,0.2027165123522479,0.031367587657385905,0.23292900621891022,0.23064565658569336
2.237999999999975,0.06815658684297543,16.009029388427734,0.2024560772864193,0.030806062022948128,0.2327330857515335,0.23045174777507782
2.239999999999975,0.06814685775109422,16.006301879882812,0.20219642888809508,0.030244026646384977,0.23253747820854187,0.23025736212730408
2.2419999999999747,0.0681368062103211,16.003707885742188,0.2019375661499621,0.029681539783166653,0.23234181106090546,0.23006239533424377
2.2439999999999745,0.06812643301670587,16.001129150390625,0.2016789407241431,0.02911865954259322,0.23214612901210785,0.22986654937267303
2.2459999999999742,0.0681157390631446,15.998625755310059,0.20142038416194524,0.02855544388677412,0.2319500595331192,0.22966992855072021
2.247999999999974,0.0681047253374184,15.99646282196045,0.20116193041947678,0.02799195063005797,0.23175391554832458,0.2294725626707077
2.249999999999974,0.06809340886044603,15.994474411010742,0.20090361325978084,0.027428237438970736,0.2315569669008255,0.22927406430244446
2.2519999999999736,0.06808217685896276,15.99264144897461,0.20064546625926188,0.026864361832718855,0.23135989904403687,0.22907479107379913
2.2539999999999734,0.0680711952232601,15.990907669067383,0.20038752281468986,0.02630038118431845,0.2311621755361557,0.22887447476387024
2.255999999999973,0.06806046467919401,15.989214897155762,0.2001298161508348,0.025736352722443106,0.23096348345279694,0.22867301106452942
2.257999999999973,0.06804998586006984,15.987592697143555,0.19987237932879126,0.025172333534069162,0.23076413571834564,0.2284708470106125
2.2599999999999727,0.0680397593078124,15.986032485961914,0.1996152452550664,0.024608380568033963,0.23056383430957794,0.2282675951719284
2.2619999999999725,0.06802978547417714,15.984508514404297,0.1993584466915036,0.024044550639623904,0.2303624451160431,0.22806337475776672
2.2639999999999723,0.06802006472201323,15.98299503326416,0.19910201626614082,0.02348090043634532,0.23016029596328735,0.22785808145999908
2.265999999999972,0.06801059732656912,15.981536865234375,0.19884598648509744,0.022917486525039926,0.22995704412460327,0.22765183448791504
2.267999999999972,0.06800138347685039,15.980121612548828,0.19859038974561727,0.02235436536055409,0.2297523468732834,0.22744475305080414
2.2699999999999716,0.06799242327702518,15.978689193725586,0.19833525835039656,0.021791593296201298,0.2295466959476471,0.22723671793937683
2.2719999999999714,0.06798371674788466,15.977334976196289,0.19808062452336012,0.021229226596291624,0.22933965921401978,0.22702783346176147
2.273999999999971,0.0679752638283566,15.975993156433105,0.19782652042706322,0.02066732145108321,0.22913166880607605,0.2268180549144745
2.275999999999971,0.06796706437707649,15.974759101867676,0.19757297818193398,0.020105933994555715,0.22892197966575623,0.2266078144311905
2.2779999999999707,0.06795911817402073,15.97361946105957,0.19732002988760294,0.01954512032549833,0.22871127724647522,0.2263966053724289
2.2799999999999705,0.06795142492220302,15.972526550292969,0.19706770764660592,0.01898493653252018,0.22849948704242706,0.22618474066257477
2.2819999999999703,0.067943984249444,15.971488952636719,0.19681604359080335,0.01842543872369963,0.22828613221645355,0.22597257792949677
2.28399999999997,0.06793679571021227,15.970476150512695,0.19656506991090944,0.01786668306178797,0.22807173430919647,0.2257595956325531
2.28599999999997,0.0679298587875518,15.969496726989746,0.1963148188896125,0.01730872580605906,0.2278560996055603,0.22554656863212585
2.2879999999999696,0.06792317289509787,15.968542098999023,0.19606532293884515,0.016751623362186496,0.22763927280902863,0.22533299028873444
2.2899999999999694,0.06791673737919576,15.96755313873291,0.19581689051803736,0.016195432341872883,0.22742122411727905,0.2251191884279251
2.291999999999969,0.06791055152112956,15.966737747192383,0.19556994966665625,0.015640209634397134,0.22720204293727875,0.2249053567647934
2.293999999999969,0.0679046145394796,15.966049194335938,0.1953245330174294,0.015086012492825679,0.22698210179805756,0.22469152510166168
2.2959999999999687,0.06789892559262282,15.965471267700195,0.19508067015864794,0.014532898638416003,0.2267608940601349,0.22447730600833893
2.2979999999999685,0.06789348378139749,15.964883804321289,0.19483839087666022,0.01398092638775139,0.22653865814208984,0.2242637574672699
2.2999999999999683,0.0678882881519576,15.964256286621094,0.194597725233576,0.013430154808518877,0.22631584107875824,0.22405000030994415
2.301999999999968,0.06788333769884901,15.963603973388672,0.19435870365757918,0.012880643911710512,0.22609180212020874,0.22383685410022736
2.303999999999968,0.06787863136833944,15.962961196899414,0.19412135704848654,0.012332454890574822,0.22586748003959656,0.22362414002418518
2.3059999999999676,0.06787416806205944,15.96240234375,0.19388545575014804,0.011785650420206349,0.22564232349395752,0.22341203689575195
2.3079999999999674,0.06786994664100197,15.961871147155762,0.19365099354170967,0.011240295036642515,0.22541679441928864,0.22320063412189484
2.309999999999967,0.06786596592996019,15.961360931396484,0.19341840171543168,0.010696455621489862,0.22519059479236603,0.22298984229564667
2.311999999999967,0.06786222472249746,15.960860252380371,0.19318771465364704,0.010154202028432454,0.2249641716480255,0.22278012335300446
2.3139999999999668,0.0678587217865634,15.960308074951172,0.19295896768925902,0.00961360790323069,0.2247374951839447,0.22257165610790253
2.3159999999999665,0.06785545587091761,15.959770202636719,0.19273219778036743,0.009074751771730113,0.22451063990592957,0.22236427664756775
2.3179999999999663,0.06785242571255755,15.959281921386719,0.19250744389291718,0.008537718505476605,0.22428381443023682,0.2221582531929016
2.319999999999966,0.06784963004542645,15.95890998840332,0.1922847474796106,0.008002601329519634,0.22405703365802765,0.22195374965667725
2.321999999999966,0.06784706761075612,15.958648681640625,0.1920641530870273,0.007469504625193035,0.2238304167985916,0.22175106406211853
2.3239999999999656,0.0678447371695467,15.9583740234375,0.19184570913639132,0.006938547926239841,0.22360430657863617,0.22155041992664337
2.3259999999999654,0.06784263751786589,15.958048820495605,0.19162946894393784,0.0064098717541542565,0.2233782559633255,0.22135204076766968
2.327999999999965,0.06784076750594803,15.957662582397461,0.19141549207890318,0.005883646374377311,0.22315320372581482,0.2211557775735855
2.329999999999965,0.06783912606248403,15.957208633422852,0.19120384620866832,0.005360085352620485,0.22292889654636383,0.2209625542163849
2.3319999999999648,0.06783771222616825,15.956670761108398,0.19099460966605347,0.00483946731768346,0.22270525991916656,0.2207723706960678
2.3339999999999645,0.06783652518755093,15.955984115600586,0.19078794782940728,0.004322172416307234,0.2224828153848648,0.22058595716953278
2.3359999999999643,0.06783556434577011,15.955167770385742,0.19058439426035928,0.003808746542455278,0.22226181626319885,0.22040386497974396
2.337999999999964,0.06783482938682535,15.95448112487793,0.19038414942724985,0.0033000216068826646,0.22204218804836273,0.22022654116153717
2.339999999999964,0.06783432039193149,15.953588485717773,0.19018738370243327,0.0027973581890631065,0.22182442247867584,0.22005558013916016
2.3419999999999637,0.06783403798022664,15.952434539794922,0.18999432779315578,0.002303182817137262,0.22160883247852325,0.21989266574382782
2.3439999999999634,0.0678339834444839,15.950968742370605,0.18980531088237096,0.0018223257892043948,0.22139579057693481,0.21973998844623566
2.3459999999999632,0.0678341585341197,15.949227333068848,0.18962083155362686,0.0013658769647674584,0.22118614614009857,0.21960148215293884
2.347999999999963,0.06783456259686921,15.947492599487305,0.18944168346072915,0.0009641598756257037,0.22098079323768616,0.21948277950286865
2.349999999999963,0.06783517796834072,15.94760799407959,0.1892690216795616,0.0007083337941398875,0.2207811176776886,0.21938562393188477
2.3519999999999626,0.06783596943750302,15.956260681152344,0.18910286006781762,0.0007535506206419206,0.2205873727798462,0.21926823258399963
2.3539999999999623,0.06783692051840236,15.97264575958252,0.18893939336025833,0.0010544102389476156,0.22039581835269928,0.21906165778636932
2.355999999999962,0.06783802404908787,15.985406875610352,0.18877668316038732,0.0014559807733354503,0.2202034592628479,0.21883247792720795
2.357999999999962,0.06783927471145282,15.994377136230469,0.18861458666035724,0.0018907376871995494,0.2200106531381607,0.21861188113689423
2.3599999999999617,0.06784066774165534,16.001466751098633,0.18845328948803042,0.0023372503078627773,0.21981759369373322,0.21840086579322815
2.3619999999999615,0.06784219868651638,16.0070743560791,0.18829298914096104,0.0027879467211443213,0.21962414681911469,0.21819692850112915
2.3639999999999612,0.06784386332493254,16.011383056640625,0.18813384902827235,0.00323969683154334,0.21943064033985138,0.21799835562705994
2.365999999999961,0.06784565762477582,16.01508903503418,0.18797599899190126,0.003691028906666758,0.21923741698265076,0.21780429780483246
2.367999999999961,0.06784757771230938,16.01837730407715,0.1878195422481952,0.004141177472784674,0.21904471516609192,0.21761341392993927
2.3699999999999606,0.06784961984856745,16.02125358581543,0.18766456170400875,0.004589710360631064,0.2188524603843689,0.21742556989192963
2.3719999999999604,0.06785178041060622,16.023887634277344,0.1875111247562108,0.005036365776367812,0.21866077184677124,0.2172403782606125
2.37399999999996,0.06785405587643412,16.026338577270508,0.1873592868008117,0.00548097469066903,0.21846961975097656,0.21705780923366547
2.37599999999996,0.0678564428127972,16.02861785888672,0.18720909379366785,0.005923421214254182,0.21827928721904755,0.21687699854373932
2.3779999999999597,0.06785893786520387,16.030784606933594,0.18706058413805293,0.006363621194281504,0.21808983385562897,0.2166983187198639
2.3799999999999595,0.06786153774972585,16.03287124633789,0.18691379009580888,0.006801510103174113,0.21790114045143127,0.21652169525623322
2.3819999999999593,0.06786423924620945,16.034883499145508,0.186768738858337,0.0072370359149257785,0.21771351993083954,0.21634702384471893
2.383999999999959,0.06786703919262377,16.036823272705078,0.18662545337157416,0.007670154776244059,0.21752718091011047,0.21617385745048523
2.385999999999959,0.06786993448032709,16.038694381713867,0.1864839529804836,0.008100828302452685,0.2173415571451187,0.21600273251533508
2.3879999999999586,0.06787292205008072,16.040550231933594,0.18634425393925425,0.008529021848277212,0.2171572893857956,0.21583326160907745
2.3899999999999584,0.0678759988886783,16.042377471923828,0.18620636982020577,0.008954703379792569,0.21697409451007843,0.21566574275493622
2.391999999999958,0.06787916202608112,16.044147491455078,0.18607031184530748,0.009377842726045391,0.21679222583770752,0.2154996544122696
2.393999999999958,0.06788240853297552,16.045909881591797,0.18593608915786553,0.009798411075494909,0.21661145985126495,0.21533545851707458
2.3959999999999577,0.06788573551868404,16.04766845703125,0.18580370904744042,0.010216380633261513,0.21643206477165222,0.2151728868484497
2.3979999999999575,0.0678891401293709,16.04943084716797,0.1856731771378215,0.010631724385681275,0.2162541002035141,0.2150120586156845
2.3999999999999573,0.06789261954650076,16.051166534423828,0.18554449754555707,0.011044415937506097,0.21607765555381775,0.21485298871994019
2.401999999999957,0.06789617098550556,16.052879333496094,0.18541767301479628,0.01145442939887817,0.2159024029970169,0.21469567716121674
2.403999999999957,0.06789979169463826,16.0545711517334,0.18529270503293044,0.011861739306778779,0.2157287448644638,0.2145397663116455
2.4059999999999566,0.0679034789539769,16.056278228759766,0.1851695939305456,0.012266320570578835,0.21555636823177338,0.21438579261302948
2.4079999999999564,0.06790723007456542,16.057958602905273,0.18504833896847273,0.01266814843455659,0.21538569033145905,0.21423351764678955
2.409999999999956,0.06791104239766636,16.05961036682129,0.1849289384141533,0.01306719845244591,0.21521660685539246,0.2140829712152481
2.411999999999956,0.06791491329411638,16.061243057250977,0.18481138960910642,0.013463446470549685,0.21504917740821838,0.2139340490102768
2.4139999999999557,0.06791884016376407,16.062894821166992,0.18469568902893724,0.013856868616964583,0.2148830145597458,0.21378694474697113
2.4159999999999555,0.06792282043498615,16.064577102661133,0.18458183233707065,0.014247441295184269,0.21471862494945526,0.21364140510559082
2.4179999999999553,0.06792685156426526,16.066242218017578,0.184469814433166,0.01463514118082029,0.21455614268779755,0.2134978175163269
2.419999999999955,0.06793093103582935,16.067861557006836,0.18435962949701418,0.015019945220550624,0.21439507603645325,0.21335580945014954
2.421999999999955,0.06793505636133572,16.06951141357422,0.18425127102856925,0.015401830632635598,0.21423570811748505,0.21321554481983185
2.4239999999999546,0.06793922507960069,16.071224212646484,0.18414473188466962,0.015780774908533975,0.2140781581401825,0.21307703852653503
2.4259999999999544,0.0679434347563699,16.072908401489258,0.18404000431290374,0.016156755815269232,0.2139221578836441,0.21294035017490387
2.427999999999954,0.06794768298411757,16.0745792388916,0.18393707998300113,0.016529751398298938,0.21376797556877136,0.2128053456544876
2.429999999999954,0.06795196738187685,16.07622718811035,0.18383595001608583,0.01689973998470033,0.21361564099788666,0.2126721292734146
2.4319999999999538,0.06795628559509893,16.077852249145508,0.18373660501205513,0.017266700186536938,0.21346509456634521,0.21254053711891174
2.4339999999999535,0.06796063529552794,16.079463958740234,0.18363903507532126,0.017630610904315253,0.2133161574602127,0.21241065859794617
2.4359999999999533,0.06796501418110351,16.081058502197266,0.18354322983912236,0.01799145133045707,0.2131691426038742,0.2122826725244522
2.437999999999953,0.0679694199758742,16.08265495300293,0.18344917848855952,0.01834920095273547,0.2130240797996521,0.21215631067752838
2.439999999999953,0.06797385042993018,16.084243774414062,0.18335686978251875,0.01870383955764146,0.21288052201271057,0.21203182637691498
2.4419999999999527,0.06797830331934662,16.085819244384766,0.18326629207459516,0.019055347233664664,0.21273905038833618,0.21190904080867767
2.4439999999999524,0.06798277644614098,16.087387084960938,0.18317743333313058,0.019403704374452064,0.2125994712114334,0.21178798377513885
2.445999999999952,0.06798726763823759,16.088970184326172,0.18309028116045728,0.019748891681857783,0.21246156096458435,0.21166880428791046
2.447999999999952,0.06799177474944416,16.09047508239746,0.183004822811429,0.02009089016885679,0.21232551336288452,0.211551234126091
2.4499999999999518,0.06799629565943265,16.091964721679688,0.1829210452113062,0.02042968116233896,0.21219131350517273,0.21143542230129242
2.4519999999999516,0.06800082827372837,16.093441009521484,0.18283893497306097,0.020765246305762423,0.21205928921699524,0.21132132411003113
2.4539999999999513,0.06800537052370549,16.094907760620117,0.18275847841414977,0.021097567561689606,0.21192891895771027,0.21120893955230713
2.455999999999951,0.0680099203665838,16.096363067626953,0.18267966157279947,0.02142662721418449,0.21180042624473572,0.21109835803508759
2.457999999999951,0.06801447578543365,16.09780502319336,0.18260247022385245,0.021752407871095825,0.21167407929897308,0.21098962426185608
2.4599999999999507,0.06801903478918062,16.099239349365234,0.18252688989419563,0.022074892466215322,0.2115492969751358,0.21088244020938873
2.4619999999999505,0.0680235954126144,16.10075569152832,0.18245290587781243,0.022394064261317195,0.21142655611038208,0.21077701449394226
2.4639999999999502,0.0680281557164004,16.10256576538086,0.18238050325047794,0.022709906848089226,0.2113056629896164,0.21067340672016144
2.46599999999995,0.0680327137870906,16.104351043701172,0.18230966688412226,0.023022404149953334,0.2111867517232895,0.21057143807411194
2.46799999999995,0.068037267737138,16.106117248535156,0.18224038146088184,0.02333154042377742,0.21106977760791779,0.2104712277650833
2.4699999999999496,0.06804181570491041,16.107868194580078,0.1821726314868563,0.023637300261491863,0.21095474064350128,0.210372656583786
2.4719999999999493,0.06804635585470588,16.109603881835938,0.18210640130558142,0.023939668591601734,0.21013183891773224,0.20979566872119904
2.473999999999949,0.06805088637676548,16.111326217651367,0.18204167511123942,0.024238630680612015,0.2076864242553711,0.2073666751384735
2.475999999999949,0.06805540548728932,16.11286163330078,0.18197843696160948,0.024534172134356474,0.20522281527519226,0.2049160599708557
2.4779999999999487,0.06805991142845082,16.114381790161133,0.18191667079077223,0.024826278899238434,0.2027466595172882,0.20244953036308289
2.4799999999999485,0.06806439739473294,16.115901947021484,0.18185636042157555,0.02511493726339474,0.2002648562192917,0.19997359812259674
2.4819999999999482,0.06806879101609772,16.11743927001953,0.1817974895778689,0.025400133857766547,0.19778354465961456,0.19749446213245392
2.483999999999948,0.06807307101145148,16.118967056274414,0.18174004189651388,0.02568185565710132,0.1953098624944687,0.19501952826976776
2.485999999999948,0.0680772396608379,16.120473861694336,0.18168400093916948,0.02596008998087063,0.19285161793231964,0.19255617260932922
2.4879999999999476,0.06808129921119446,16.121967315673828,0.1816293502038669,0.026234824494121185,0.19041557610034943,0.19011245667934418
2.4899999999999474,0.06808525187652631,16.123443603515625,0.18157607313636764,0.026506047208246987,0.18800956010818481,0.18769556283950806
2.491999999999947,0.06808909983807042,16.124906539916992,0.18152415314131543,0.026773746481695605,0.18564051389694214,0.18531301617622375
2.493999999999947,0.06809284524444616,16.126354217529297,0.18147357359317695,0.027037911020607056,0.18331530690193176,0.18297237157821655
2.4959999999999467,0.06809649021179759,16.127758026123047,0.18142431784698204,0.027298529879384234,0.18104001879692078,0.18067991733551025
2.4979999999999465,0.0681000368239262,16.129148483276367,0.18137636924885636,0.027555592461201393,0.1788206547498703,0.1784420907497406
2.4999999999999463,0.06810348713241422,16.130523681640625,0.1813297111463546,0.027809088518449203,0.17666198313236237,0.17626433074474335
2.501999999999946,0.0681068431567447,16.131885528564453,0.1812843268985907,0.028059008153120287,0.17456825077533722,0.17415131628513336
2.503999999999946,0.06811010688441099,16.133220672607422,0.18124019988616807,0.028305341817132058,0.17254289984703064,0.1721065789461136
2.5059999999999456,0.06811328027102484,16.134540557861328,0.18119731352090934,0.02854808031259382,0.17058761417865753,0.17013278603553772
2.5079999999999454,0.06811636524041566,16.135814666748047,0.1811556512553854,0.028787214792019507,0.16870392858982086,0.16823168098926544
2.509999999999945,0.0681193636847296,16.137069702148438,0.18111519659224729,0.02902273675847831,0.16689175367355347,0.1664036065340042
2.511999999999945,0.06812227746452404,16.13829803466797,0.1810759330933539,0.029254638065698047,0.16515026986598969,0.16464798152446747
2.5139999999999447,0.06812510840885735,16.13951301574707,0.18103784438870207,0.029482910918109877,0.16347737610340118,0.16296324133872986
2.5159999999999445,0.0681278583153778,16.14067268371582,0.18100091418515735,0.029707547870843565,0.16187022626399994,0.1613466888666153
2.5179999999999443,0.06813052895041159,16.141803741455078,0.18096512627498207,0.02992854182967156,0.16032524406909943,0.15979456901550293
2.519999999999944,0.06813312204904794,16.142925262451172,0.18093046454416295,0.03014588605090197,0.15883769094944,0.15830259025096893
2.521999999999944,0.06813563931522196,16.14403533935547,0.17981533297327834,0.030359574141221663,0.15740257501602173,0.15686571598052979
2.5239999999999436,0.06813808242179985,16.14513397216797,0.17845475567135616,0.030569600057493426,0.15601412951946259,0.15547825396060944
2.5259999999999434,0.06814045301066173,16.146217346191406,0.17710451350172518,0.030775958106501675,0.15466676652431488,0.1541343331336975
2.527999999999943,0.06814275269278425,16.147296905517578,0.17576515447187668,0.030978642944655462,0.15335427224636078,0.15282781422138214
2.529999999999943,0.06814498304832502,16.14837646484375,0.17443721968040432,0.03117764957764332,0.15207049250602722,0.15155203640460968
2.5319999999999427,0.06814714562670483,16.149442672729492,0.17312124269366574,0.03137297336004064,0.15080969035625458,0.15030160546302795
2.5339999999999425,0.06814904713275716,16.150493621826172,0.17181460468934745,0.031564609994878534,0.149566188454628,0.1490701138973236
2.5359999999999423,0.06815069464119677,16.160743713378906,0.17054148520331766,0.031752555533162446,0.1483737975358963,0.14800532162189484
2.537999999999942,0.06815209357965386,16.17525291442871,0.1693009518857638,0.031913490715575,0.14722473919391632,0.14696475863456726
2.539999999999942,0.06815324911469677,16.185466766357422,0.16809346311605003,0.032047870308531165,0.14611618220806122,0.14595407247543335
2.5419999999999416,0.06815416500669443,16.197494506835938,0.1669187074023374,0.03215616041649272,0.14504332840442657,0.14498649537563324
2.5439999999999414,0.06815484440120764,16.206398010253906,0.16577682413707512,0.032238859488077136,0.14400464296340942,0.1440628468990326
2.545999999999941,0.06815528916598429,16.2161922454834,0.1646677504624555,0.03229648114487622,0.14299724996089935,0.14317776262760162
2.547999999999941,0.06815550034536862,16.2244815826416,0.16359150899064565,0.032329567316035465,0.1420205682516098,0.14232982695102692
2.5499999999999408,0.06815547691893063,16.239547729492188,0.16254851515833801,0.032338680471823505,0.14107494056224823,0.14151808619499207
2.5519999999999405,0.06815521845873257,16.24190330505371,0.1615382824253645,0.03232441248845583,0.1401607245206833,0.1407472938299179
2.5539999999999403,0.06815472219990042,16.252761840820312,0.1605615146513151,0.032287375542336655,0.13927993178367615,0.14003072679042816
2.55599999999994,0.06815398526170198,16.25568389892578,0.1596176193883228,0.03222823401093407,0.1384332925081253,0.1393756866455078
2.55799999999994,0.06815300295155369,16.263259887695312,0.15870731396551577,0.032147674837815866,0.13762421905994415,0.13878479599952698
2.5599999999999397,0.06815177006159143,16.266210556030273,0.1578301008243181,0.03204643505122221,0.13685433566570282,0.13825857639312744
2.5619999999999394,0.06815027988717669,16.271751403808594,0.15698704721183973,0.0319252912786585,0.13612741231918335,0.13780032098293304
2.563999999999939,0.06814852498961377,16.273786544799805,0.15618285740167598,0.03178507531101832,0.13544625043869019,0.13741154968738556
2.565999999999939,0.06814649663002972,16.27709197998047,0.15541929079912079,0.03162667405246231,0.13481451570987701,0.13709546625614166
2.5679999999999388,0.06814418522313079,16.278676986694336,0.15469609053136898,0.031451039672747955,0.1342351883649826,0.13685433566570282
2.5699999999999386,0.06814158001349359,16.28090476989746,0.1540134057289699,0.03125919528388988,0.13371184468269348,0.13669122755527496
2.5719999999999383,0.06813866935013779,16.28165626525879,0.15337108360307156,0.031052243251006473,0.13324756920337677,0.13660819828510284
2.573999999999938,0.06813544138592886,16.27644157409668,0.15276848332407178,0.0308313741371439,0.13284650444984436,0.13660843670368195
2.575999999999938,0.06813188181020768,16.280757904052734,0.15220682808737418,0.030597875027201082,0.1325097531080246,0.13669340312480927
2.5779999999999377,0.06812797650980587,16.277198791503906,0.15168520297042462,0.030353129148686483,0.13224251568317413,0.1368676871061325
2.5799999999999375,0.06812370955787961,16.278770446777344,0.1512040959423489,0.030098651844773963,0.13204355537891388,0.1371297985315323
2.5819999999999372,0.06811906455567843,16.270273208618164,0.15076306165933673,0.029836073244389624,0.1319187879562378,0.1374879628419876
2.583999999999937,0.06811402376695844,16.263683319091797,0.15036237604495034,0.029567054792010578,0.1318693459033966,0.13794901967048645
2.585999999999937,0.0681085689737651,16.255041122436523,0.15000184336552608,0.029293371742232444,0.13190023601055145,0.13851355016231537
2.5879999999999366,0.06810268084995842,16.248075485229492,0.14967651725769854,0.029016976597859945,0.13201148808002472,0.139176607131958
2.5899999999999364,0.06809633947972893,16.240036010742188,0.14938354903564655,0.028739991137087435,0.13220666348934174,0.13993977010250092
2.591999999999936,0.06808952399364751,16.23268699645996,0.14912295736858772,0.028464732936245764,0.13248397409915924,0.14079920947551727
2.593999999999936,0.06808221288767649,16.224882125854492,0.14889465773896002,0.028193710344076025,0.13284485042095184,0.14176230132579803
2.5959999999999357,0.06807438381520241,16.218551635742188,0.14869875034942542,0.027929642320485636,0.13328638672828674,0.1428254246711731
2.5979999999999355,0.06806610967245755,16.211669921875,0.14853522744100908,0.027675453169697675,0.1338079571723938,0.14398939907550812
2.5999999999999353,0.06805765629019836,16.20546531677246,0.14840424327133786,0.027434283325952106,0.1344050168991089,0.1452486217021942
2.601999999999935,0.06804905693217715,16.20041275024414,0.14831824867049015,0.027209479428993204,0.13507677614688873,0.14662015438079834
2.603999999999935,0.06804032999879076,16.195884704589844,0.14827735392651634,0.02705751880292918,0.13582004606723785,0.1481269896030426
2.6059999999999346,0.06803149450288531,16.190998077392578,0.1482083814294762,0.026982501167439006,0.1366334706544876,0.14976766705513
2.6079999999999344,0.06802257000980858,16.187145233154297,0.14817817725567822,0.026988470029997467,0.13751348853111267,0.15153735876083374
2.609999999999934,0.06801357665600839,16.184146881103516,0.14820681386988124,0.027079288223103994,0.1384572833776474,0.15343190729618073
2.611999999999934,0.06800453510920611,16.180994033813477,0.1482942035014178,0.027258521651538404,0.13946203887462616,0.15544509887695312
2.6139999999999337,0.06799546657199688,16.17759895324707,0.14844025045385265,0.027529327976357487,0.1405237913131714,0.15757139027118683
2.6159999999999335,0.06798639275310972,16.174034118652344,0.14864485780662995,0.027894368301984752,0.1416393667459488,0.15980324149131775
2.6179999999999333,0.06797733586246418,16.17091178894043,0.14890792409097175,0.02835574088600781,0.14280515909194946,0.16213414072990417
2.619999999999933,0.06796831858837898,16.167457580566406,0.14922934782422706,0.02891494748841897,0.14401794970035553,0.16455700993537903
2.621999999999933,0.06795936408765088,16.16365623474121,0.1496090260190108,0.029572888485080526,0.14527419209480286,0.1670646071434021
2.6239999999999326,0.06795049596578497,16.1595516204834,0.15004685738723292,0.030329888702580483,0.1465711146593094,0.16965046525001526
2.6259999999999324,0.06794173826403564,16.155176162719727,0.15054274190812708,0.031185746107755465,0.1479056477546692,0.17230801284313202
2.627999999999932,0.06793311544098275,16.1505069732666,0.15109658318116945,0.032139799374970565,0.1492752581834793,0.1750316619873047
2.629999999999932,0.06792505686721739,16.14570426940918,0.1517082885662107,0.03319100526377516,0.15067794919013977,0.17781630158424377
2.6319999999999317,0.06791753772278018,16.145530700683594,0.15230978352615726,0.034338020508300426,0.1519947499036789,0.17743073403835297
2.6339999999999315,0.06791053331770736,16.13999366760254,0.15290137902336048,0.03549550399554365,0.1532549411058426,0.17713652551174164
2.6359999999999313,0.06790401855540604,16.13909912109375,0.15348397672161168,0.036656980625731084,0.15444250404834747,0.17688165605068207
2.637999999999931,0.06789796865851419,16.134790420532227,0.15405811590151913,0.037817636547273784,0.15557502210140228,0.1766674518585205
2.639999999999931,0.06789235879900334,16.13298797607422,0.1546243362653181,0.03897348859589441,0.15664440393447876,0.17647026479244232
2.6419999999999306,0.06788716426291883,16.128591537475586,0.15518293974957637,0.04012114941925869,0.15766166150569916,0.17629633843898773
2.6439999999999304,0.06788236060670662,16.125152587890625,0.1557342009008697,0.04125819160493334,0.158624067902565,0.17613862454891205
2.64599999999993,0.06787792347509888,16.122264862060547,0.15627794030109068,0.04238311012459108,0.1595417857170105,0.1759996861219406
2.64799999999993,0.06787382860361396,16.121578216552734,0.1568139666983888,0.04349611080421808,0.16041849553585052,0.17587073147296906
2.6499999999999297,0.06787004654752263,16.12141227722168,0.15734215730265544,0.04459792782671344,0.16126170754432678,0.1757562756538391
2.6519999999999295,0.06786654988723137,16.121929168701172,0.15786333340171896,0.045689129376034913,0.16207271814346313,0.1756841242313385
2.6539999999999293,0.06786331399265573,16.12188148498535,0.1583783333950296,0.04676913050150237,0.16285482048988342,0.17565344274044037
2.655999999999929,0.0678603166616942,16.122020721435547,0.15884163025089076,0.04783728055805008,0.163609117269516,0.17565685510635376
2.657999999999929,0.06785753785157231,16.121543884277344,0.15927673120753538,0.04889300832323758,0.1643383800983429,0.17569030821323395
2.6599999999999286,0.0678549594166964,16.12103271484375,0.15970895202220647,0.04993581652837143,0.16504381597042084,0.17574921250343323
2.6619999999999284,0.0678525649022013,16.12032699584961,0.16013904554738298,0.050965263315109914,0.16572730243206024,0.175831139087677
2.663999999999928,0.06785033935062278,16.119640350341797,0.16056776542071502,0.05198095803313407,0.16639015078544617,0.17593242228031158
2.665999999999928,0.06784826914317482,16.11876678466797,0.1609957582473483,0.05298254949250095,0.1670340597629547,0.17605060338974
2.6679999999999278,0.06784634185499502,16.117761611938477,0.16142365922516888,0.053969722747520515,0.16766001284122467,0.1761830449104309
2.6699999999999275,0.06784454613275036,16.116613388061523,0.16185202553697714,0.05494219155341004,0.1682695895433426,0.1763284057378769
2.6719999999999273,0.067842871584792,16.115388870239258,0.16228156515423056,0.05589969591943202,0.16886326670646667,0.17648452520370483
2.673999999999927,0.06784130868634448,16.114097595214844,0.1627130802973356,0.05684199719980633,0.16938050091266632,0.17665007710456848
2.675999999999927,0.0678398486951652,16.11271095275879,0.1631469312666111,0.057768876243913275,0.16985337436199188,0.17682389914989471
2.6779999999999267,0.06783848357769502,16.11122703552246,0.16358342818353183,0.05868013015969465,0.17032746970653534,0.17700500786304474
2.6799999999999264,0.06783720594362115,16.10962677001953,0.16402286950485426,0.0595755709238795,0.17080308496952057,0.17719288170337677
2.681999999999926,0.06783600898800647,16.10797882080078,0.1644655287074248,0.0604550232217545,0.17128050327301025,0.17738613486289978
2.683999999999926,0.06783488644004156,16.106346130371094,0.1649116676790409,0.061318323409147286,0.17176003754138947,0.177584707736969
2.685999999999926,0.06783383251739952,16.104637145996094,0.16536152941907423,0.06216531805446468,0.17224186658859253,0.17778776586055756
2.6879999999999256,0.06783284188575421,16.10286521911621,0.16581534619861324,0.06299586316778778,0.17272618412971497,0.1779947727918625
2.6899999999999253,0.06783190962253274,16.101093292236328,0.1662733356465022,0.06380982320733244,0.17321336269378662,0.17820529639720917
2.691999999999925,0.06783103118467573,16.09933090209961,0.16673570580814706,0.06460707051015409,0.17370356619358063,0.1784193366765976
2.693999999999925,0.06783020237964689,16.09756088256836,0.16720265312197985,0.06538748460975563,0.1741970181465149,0.17863593995571136
2.6959999999999247,0.0678294193395488,16.09575080871582,0.1676743656150525,0.06615095181815105,0.17469389736652374,0.17885532975196838
2.6979999999999245,0.0678286784977612,16.093856811523438,0.16815102192056638,0.06689736475447433,0.17519459128379822,0.1790769398212433
2.6999999999999242,0.06782797656798735,16.09197425842285,0.16863279333552225,0.06762662204012944,0.17569908499717712,0.17930066585540771
2.701999999999924,0.06782731052527166,16.090085983276367,0.16911984339771113,0.06833862797202811,0.1762077808380127,0.17952623963356018
2.703999999999924,0.06782667758888987,16.087961196899414,0.16961232923411748,0.06903329230184001,0.1767207235097885,0.17975348234176636
2.7059999999999236,0.06782607520678532,16.085651397705078,0.17011040142554648,0.06971053000926124,0.17721617221832275,0.1799820065498352
2.7079999999999234,0.06782550104146237,16.083335876464844,0.17061420490202897,0.0703702611434819,0.17762859165668488,0.1802118718624115
2.709999999999923,0.06782495295709533,16.080976486206055,0.17112387894301784,0.07101241066610839,0.1780335009098053,0.1804426908493042
2.711999999999923,0.06782442900777573,16.078487396240234,0.17163955777512932,0.07163690833838489,0.17843134701251984,0.1806744635105133
2.7139999999999227,0.06782392742671324,16.075519561767578,0.17216137062421588,0.07224368861279552,0.17882190644741058,0.18090683221817017
2.7159999999999225,0.06782344661632317,16.07254409790039,0.17268944211129603,0.07283269055367428,0.17920568585395813,0.1811397671699524
2.7179999999999223,0.0678229851390649,16.06957244873047,0.17322389231178453,0.07340385776283799,0.17958231270313263,0.1813732236623764
2.719999999999922,0.06782254170896952,16.066856384277344,0.17376483701010165,0.073957138324297,0.17995202541351318,0.18160653114318848
2.721999999999922,0.06782211518375639,16.06433868408203,0.17431238774350466,0.0744924847535675,0.18031468987464905,0.18184016644954681
2.7239999999999216,0.0678217045574836,16.06195068359375,0.1748666519546217,0.07500985395952621,0.18067039549350739,0.1820731908082962
2.7259999999999214,0.06782130895365832,16.059560775756836,0.17542773300983572,0.07550920721000831,0.18101906776428223,0.18230581283569336
2.727999999999921,0.06782092761875883,16.057188034057617,0.1759957302760921,0.07599051010558773,0.18136060237884521,0.18253788352012634
2.729999999999921,0.06782055991611326,16.05482292175293,0.17657073666064865,0.07645373255614528,0.18169467151165009,0.1827687919139862
2.7319999999999207,0.06782020532009561,16.052268981933594,0.17715251463031473,0.07689884876266281,0.18202126026153564,0.1829986274242401
2.7339999999999205,0.06781986341059265,16.04966163635254,0.1777408498770232,0.07732583720090665,0.18234021961688995,0.1832266002893448
2.7359999999999203,0.06781953386771537,16.046993255615234,0.17833572154783894,0.07773468060830648,0.18265140056610107,0.18345291912555695
2.73799999999992,0.06781921646671449,16.044342041015625,0.17893710061222257,0.07812536597194832,0.1829543560743332,0.18367698788642883
2.73999999999992,0.06781891107308191,16.04168128967285,0.17954495007211752,0.0784978845183501,0.18324880301952362,0.18389827013015747
2.7419999999999196,0.06781861763780281,16.038970947265625,0.18015922515051147,0.07885223170370761,0.1835346519947052,0.1841166764497757
2.7439999999999194,0.06781833619274866,16.03595733642578,0.18077987348218622,0.07918840720493733,0.1838112324476242,0.18433161079883575
2.745999999999919,0.06781806684618014,16.032962799072266,0.18140683529032803,0.07950641491067584,0.18407827615737915,0.18454262614250183
2.747999999999919,0.06781780977835508,16.029979705810547,0.18204004356258607,0.07980626291237444,0.18433570861816406,0.18474920094013214
2.7499999999999187,0.06781756523721488,16.027002334594727,0.18267942421762123,0.08008796349495607,0.1845826953649521,0.18495100736618042
2.7519999999999185,0.06781733353414765,16.024051666259766,0.1833248962699306,0.08035153312707134,0.18481922149658203,0.18514756858348846
2.7539999999999183,0.06781711503981076,16.0212459564209,0.18397637198815348,0.08059699245061172,0.18504436314105988,0.18533794581890106
2.755999999999918,0.06781691018000348,16.01845932006836,0.184633757051323,0.08082436626947744,0.18525850772857666,0.18551793694496155
2.757999999999918,0.06781671943158744,16.015666961669922,0.18528496268415223,0.0810336835373743,0.18546068668365479,0.18568575382232666
2.7599999999999176,0.06781654331844111,16.012866973876953,0.18588993381045515,0.08122497734462163,0.18565073609352112,0.18584121763706207
2.7619999999999174,0.06781638240745003,16.010082244873047,0.18650032882997564,0.0813982849038275,0.18582843244075775,0.18598394095897675
2.763999999999917,0.06781623730452242,16.00733184814453,0.18711622170852094,0.08155364753441113,0.18599392473697662,0.18611405789852142
2.765999999999917,0.06781610865063496,16.004608154296875,0.18773768174912292,0.08169111064587586,0.18614645302295685,0.1862310916185379
2.7679999999999167,0.06781599711789635,16.001955032348633,0.18836477338467417,0.08181072371982079,0.18628638982772827,0.18633529543876648
2.7699999999999165,0.06781590340563912,15.99934196472168,0.18899755597283385,0.08191254029063139,0.18641407787799835,0.18642699718475342
2.7719999999999163,0.06781582823652892,15.996759414672852,0.18963608359402123,0.08199661792484196,0.18652914464473724,0.18650630116462708
2.773999999999916,0.06781577235269964,15.9942045211792,0.19028040485320297,0.08206301819913146,0.1866326630115509,0.1865738183259964
2.775999999999916,0.06781573651190924,15.99168872833252,0.1909305626862008,0.08211180667695724,0.18672452867031097,0.18663017451763153
2.7779999999999156,0.06781572148372354,15.98919677734375,0.19158659417116297,0.08214305288380828,0.18680602312088013,0.18667617440223694
2.7799999999999154,0.06781572804572518,15.986763000488281,0.19224853034584605,0.0821568302810812,0.1868780553340912,0.18671266734600067
2.781999999999915,0.06781575697975359,15.984308242797852,0.19291639603129007,0.08215321623857455,0.18694153428077698,0.18673770129680634
2.783999999999915,0.06781580906817757,15.981828689575195,0.19359020966245116,0.08213229200562083,0.18699759244918823,0.18675287067890167
2.7859999999999148,0.06781588509020657,15.97933578491211,0.19426998312630878,0.08209414268084883,0.18704818189144135,0.18675951659679413
2.7879999999999145,0.06781598581823932,15.976882934570312,0.1949557216079409,0.08203885718060379,0.187095046043396,0.18675993382930756
2.7899999999999143,0.06781611201425998,15.974481582641602,0.19564742344500413,0.08196652820603272,0.1871398687362671,0.18675591051578522
2.791999999999914,0.06781626442628318,15.972074508666992,0.19634507999104867,0.08187725220885314,0.1871853768825531,0.186750128865242
2.793999999999914,0.06781644378485154,15.96971321105957,0.19704867548803107,0.08177112935583207,0.18723374605178833,0.1867450326681137
2.7959999999999137,0.06781665079959542,15.967382431030273,0.19775818694837466,0.08164826349198653,0.18728725612163544,0.18674324452877045
2.7979999999999134,0.06781688615585364,15.965105056762695,0.1984735840468812,0.08150876210253918,0.1873488873243332,0.1867477297782898
2.7999999999999132,0.06781715051136476,15.962905883789062,0.19919482902276375,0.08135273627365082,0.18742163479328156,0.18676131963729858
2.801999999999913,0.0678174444930342,15.96076774597168,0.19992187659203137,0.08118030065195579,0.18750818073749542,0.18678709864616394
2.803999999999913,0.06781776869378026,15.958702087402344,0.20065467387043096,0.0809915734029302,0.1876114159822464,0.18682797253131866
2.8059999999999126,0.06781812366946632,15.95671272277832,0.2013931603071087,0.08078667616812076,0.1877347230911255,0.18688730895519257
2.8079999999999123,0.06781850993592325,15.954792022705078,0.20213726762911766,0.0805657340212694,0.18788111209869385,0.1869676113128662
2.809999999999912,0.06781892796607031,15.952938079833984,0.20288691979687296,0.0803288754233599,0.18805348873138428,0.1870715618133545
2.811999999999912,0.06781937818713574,15.95114517211914,0.20364203297062172,0.08007623217662194,0.1882544606924057,0.18720154464244843
2.8139999999999117,0.06781986097798692,15.949421882629395,0.20430417159486175,0.07980793937752878,0.18848681449890137,0.1873602718114853
2.8159999999999115,0.06782037666657087,15.947770118713379,0.20427855402558914,0.07952413536882158,0.18875311315059662,0.1875503808259964
2.8179999999999112,0.0678209255274744,15.946182250976562,0.20424959564611755,0.079224961690592,0.18905514478683472,0.18777331709861755
2.819999999999911,0.06782150777960637,15.94467830657959,0.2042173328923086,0.07891056303046637,0.189395010471344,0.1880311667919159
2.821999999999911,0.06782212358400701,15.943269729614258,0.20418180353370163,0.07858108717292817,0.1897745430469513,0.18832455575466156
2.8239999999999106,0.06782277304178955,15.941939353942871,0.20414304667497496,0.07823668494781175,0.19019438326358795,0.18865512311458588
2.8259999999999104,0.06782345619221954,15.940707206726074,0.20410110275667276,0.07787751017801207,0.19065552949905396,0.1890232264995575
2.82799999999991,0.06782417301093475,15.939559936523438,0.20405601355518538,0.07750371962644757,0.19115814566612244,0.18942929804325104
2.82999999999991,0.06782492340830922,15.93848991394043,0.2040078221819684,0.07711547294231945,0.19170208275318146,0.18987323343753815
2.8319999999999097,0.06782570722796762,15.937495231628418,0.2039565730819876,0.0767129326067073,0.19228677451610565,0.1903541088104248
2.8339999999999095,0.06782652424544906,15.936603546142578,0.2039023120313651,0.07629626387754643,0.19291116297245026,0.1908714473247528
2.8359999999999093,0.0678273741670314,15.935787200927734,0.20384508613422359,0.075865634734025,0.19357357919216156,0.19142353534698486
2.837999999999909,0.06782825662870806,15.935036659240723,0.20378494381869117,0.07542121582045569,0.1942722648382187,0.19200865924358368
2.839999999999909,0.06782917119533008,15.934368133544922,0.2037219348320698,0.07496318038965437,0.1950049102306366,0.19262456893920898
2.8419999999999086,0.06783011735991074,15.933752059936523,0.2036561102351323,0.07449170424588693,0.19576886296272278,0.19326917827129364
2.8439999999999084,0.06783109454309218,15.93317985534668,0.20358752239553657,0.07400696568742067,0.19656135141849518,0.1939396858215332
2.845999999999908,0.06783210209278566,15.932636260986328,0.20351622498033933,0.07350914544873415,0.19737914204597473,0.19463327527046204
2.847999999999908,0.06783313928397229,15.932199478149414,0.2034422729475845,0.07299842664243547,0.19821906089782715,0.1953468769788742
2.8499999999999077,0.06783420531867958,15.931879043579102,0.20336572253695634,0.07247499470094249,0.19907788932323456,0.1960773766040802
2.8519999999999075,0.06783529932612277,15.93155574798584,0.20328663125947138,0.07193903731797106,0.19995231926441193,0.19682194292545319
2.8539999999999073,0.06783642036302066,15.931306838989258,0.2032050578861997,0.07139074438989436,0.2008390575647354,0.19757738709449768
2.855999999999907,0.06783756741407561,15.931142807006836,0.20312106243598943,0.07083030795702397,0.2017352432012558,0.1983410269021988
2.857999999999907,0.06783873939262959,15.931093215942383,0.20303470616219227,0.0702579221448679,0.20263798534870148,0.19911006093025208
2.8599999999999066,0.06783993514148402,15.931049346923828,0.2029460515383602,0.06967378310543414,0.20354507863521576,0.19988226890563965
2.8619999999999064,0.06784115343388757,15.93106460571289,0.20285516224291278,0.06907808895862942,0.20445388555526733,0.2006557136774063
2.863999999999906,0.06784239297469094,15.931161880493164,0.20276210314275778,0.06847103973382719,0.20536327362060547,0.20142862200737
2.865999999999906,0.06784365240166444,15.931343078613281,0.2026669402758543,0.06785283731166045,0.2062719613313675,0.20219969749450684
2.8679999999999057,0.06784493028697786,15.931614875793457,0.2025697408327123,0.0672236853661152,0.2071792483329773,0.20296840369701385
2.8699999999999055,0.06784622513883645,15.93198013305664,0.20247057313681976,0.0665837893069945,0.20808495581150055,0.2037344127893448
2.8719999999999053,0.06784753540327712,15.932331085205078,0.20236950662399655,0.06593335622281951,0.2089894860982895,0.20449784398078918
2.873999999999905,0.06784885946611101,15.932775497436523,0.2022666118206667,0.06527259482425256,0.2098938375711441,0.20525971055030823
2.875999999999905,0.06785019565502085,15.933345794677734,0.20216196032105882,0.06460171538812125,0.210799440741539,0.20602113008499146
2.8779999999999046,0.06785154224179724,15.934015274047852,0.20205562476332473,0.06392092970212129,0.21170827746391296,0.20678377151489258
2.8799999999999044,0.06785289744471977,15.934776306152344,0.20194767880459596,0.06323045101029676,0.21262244880199432,0.20754985511302948
2.881999999999904,0.06785425943107033,15.93562126159668,0.20183819709497536,0.06253049395938015,0.21354490518569946,0.20832188427448273
2.883999999999904,0.06785562631977829,15.936546325683594,0.2017272552504818,0.061821274546102735,0.21447843313217163,0.20910269021987915
2.8859999999999038,0.06785699618419162,15.93753719329834,0.2016149298249632,0.06110301006556385,0.215426504611969,0.20989537239074707
2.8879999999999035,0.06785836705496653,15.938600540161133,0.20150129828099128,0.060375919060787944,0.21639184653759003,0.21070316433906555
2.8899999999999033,0.067859736923072,15.939750671386719,0.20138643895976877,0.0596402212735701,0.21737851202487946,0.21152955293655396
2.891999999999903,0.06786110374290263,15.940988540649414,0.2012704310500681,0.058896137596748145,0.21838940680027008,0.21237803995609283
2.893999999999903,0.06786246543549145,15.942303657531738,0.20115335455623634,0.05814389002803077,0.2194274514913559,0.21325187385082245
2.8959999999999027,0.06786381989182143,15.943689346313477,0.2010352902653018,0.05738370162552469,0.22049590945243835,0.2141542136669159
2.8979999999999024,0.0678651649762212,15.945127487182617,0.20091631971321833,0.05661579646512249,0.22159714996814728,0.21508818864822388
2.899999999999902,0.06786649852984745,15.946662902832031,0.20079652515029822,0.05584039959991361,0.22273319959640503,0.21605625748634338
2.901999999999902,0.06786781837423844,15.948295593261719,0.20067598950587534,0.0550577370218082,0.22390590608119965,0.21706102788448334
2.9039999999999018,0.06786912231493661,15.950010299682617,0.2005547963522641,0.05426803562556383,0.2251165807247162,0.21810407936573029
2.9059999999999016,0.06787040814517276,15.951850891113281,0.20043302986806588,0.05347152317544221,0.2263653576374054,0.21918706595897675
2.9079999999999013,0.06787167364960088,15.953836441040039,0.2003107748008947,0.052668428274726016,0.22765256464481354,0.2203107476234436
2.909999999999901,0.06787291660808079,15.955900192260742,0.20018811642959983,0.051858980338359985,0.22819343209266663,0.22147545218467712
2.911999999999901,0.06787413479949869,15.95802116394043,0.20006514052605617,0.051043409569004064,0.22810088098049164,0.22268064320087433
2.9139999999999007,0.06787532600561569,15.96019172668457,0.19994193331661964,0.050221946936814095,0.22800806164741516,0.2239258587360382
2.9159999999999004,0.0678764880149424,15.962423324584961,0.19981858144334141,0.0493948241633077,0.2279144823551178,0.22520950436592102
2.9179999999999002,0.06787761862662697,15.964704513549805,0.19969517192504127,0.04856227370969895,0.22782091796398163,0.2265295535326004
2.9199999999999,0.06787871565435229,15.967037200927734,0.19957179211835857,0.047724528770146026,0.22772710025310516,0.22664989531040192
2.9219999999999,0.0678797769302297,15.969423294067383,0.1994485296789023,0.0468818232703966,0.22763368487358093,0.22654731571674347
2.9239999999998996,0.06788080030868822,15.971868515014648,0.19932547252263322,0.046034391872381564,0.22754023969173431,0.22644644975662231
2.9259999999998993,0.06788178367035015,15.974369049072266,0.1992027087876267,0.04518246998537293,0.22744734585285187,0.22634728252887726
2.927999999999899,0.0678827249258776,15.976932525634766,0.19908032679636772,0.044326293784407014,0.22735470533370972,0.2262500822544098
2.929999999999899,0.06788362201979609,15.979549407958984,0.19895841501876027,0.0434661002367567,0.22726279497146606,0.22615481913089752
2.9319999999998987,0.0678844729342768,15.982215881347656,0.19883704691627407,0.04260212713735603,0.2271716296672821,0.22606174647808075
2.9339999999998985,0.06788527569287649,15.984935760498047,0.198715458597979,0.041734613154199865,0.2270812839269638,0.22597092390060425
2.9359999999998982,0.06788602836422436,15.987701416015625,0.19859322122318246,0.04086379788488228,0.22699183225631714,0.22588226199150085
2.937999999999898,0.0678867290656538,15.990492820739746,0.198470389162559,0.03998992192562476,0.2269032597541809,0.22579601407051086
2.939999999999898,0.06788737596676582,15.993356704711914,0.19834701790366172,0.03911322695433358,0.22681578993797302,0.22571203112602234
2.9419999999998976,0.06788796729292478,15.996221542358398,0.1982231640754577,0.038233955829468744,0.22672942280769348,0.22563093900680542
2.9439999999998974,0.06788850132867505,15.999101638793945,0.19809888547494653,0.03735235270679806,0.22664450109004974,0.22555208206176758
2.945999999999897,0.06788897642107486,16.00204849243164,0.19797424109623785,0.03646866317643219,0.2265603244304657,0.2254759520292282
2.947999999999897,0.06788939098294315,16.005067825317383,0.19784929116250421,0.03558313442295275,0.22647787630558014,0.22540254890918732
2.9499999999998967,0.06788974349600935,16.008134841918945,0.19772409716129286,0.03469601541191608,0.2263966053724289,0.22533196210861206
2.9519999999998965,0.06789003251396615,16.01128387451172,0.19759872188375505,0.033807557106600286,0.2263166308403015,0.22526422142982483
2.9539999999998963,0.06789025666541841,16.0145206451416,0.19747322946842671,0.03291801271955661,0.22623828053474426,0.22519929707050323
2.955999999999896,0.06789041465672255,16.01780128479004,0.19734768545029824,0.032027638004381895,0.22616147994995117,0.2251376062631607
2.957999999999896,0.06789050527471643,16.021127700805664,0.19722215681602517,0.031136691594151965,0.22608605027198792,0.22507891058921814
2.9599999999998956,0.06789052738932988,16.024494171142578,0.197096712066264,0.030245435394226167,0.22601231932640076,0.22502340376377106
2.9619999999998954,0.06789047995608102,16.027896881103516,0.19697149727793573,0.02935413503869215,0.2259400337934494,0.22497107088565826
2.963999999999895,0.06789036201844907,16.031341552734375,0.19684770931262352,0.028463060421640596,0.2258693426847458,0.22492225468158722
2.965999999999895,0.06789017271012601,16.034801483154297,0.19672581277207807,0.02757248631685859,0.22580043971538544,0.22487691044807434
2.9679999999998947,0.06788991125714687,16.038307189941406,0.19660590336630407,0.02668269310253403,0.2257331758737564,0.22483505308628082
2.9699999999998945,0.06788957697989471,16.04193115234375,0.19648807715175792,0.02579396761133229,0.22566747665405273,0.22479671239852905
2.9719999999998943,0.06788916929498819,16.045562744140625,0.19637243061602067,0.02490660413100452,0.225603848695755,0.2247616946697235
2.973999999999894,0.06788868771705053,16.049238204956055,0.1962590607811202,0.024020905586783284,0.22554200887680054,0.2247297316789627
2.975999999999894,0.06788813186036972,16.05290412902832,0.19614806532845436,0.02313718494468982,0.2254817932844162,0.2247011661529541
2.9779999999998936,0.06788750144045388,16.05657958984375,0.1960395427488157,0.022255766885028627,0.22542345523834229,0.2246757596731186
2.9799999999998934,0.06788679627550379,16.06027603149414,0.1959335925216908,0.02137698980863075,0.22536726295948029,0.22465379536151886
2.981999999999893,0.06788601628780963,16.063976287841797,0.19583031532882278,0.020501208255866907,0.22531326115131378,0.22463536262512207
2.983999999999893,0.06788516150511288,16.067710876464844,0.19572981330805417,0.01962879584165501,0.2252609133720398,0.224620059132576
2.9859999999998927,0.06788423206196009,16.07146644592285,0.1956321903546917,0.018760148840777983,0.22521065175533295,0.2246088832616806
2.9879999999998925,0.06788322820111281,16.07518768310547,0.1955375524791913,0.017895690599908556,0.22516269981861115,0.22460103034973145
2.9899999999998923,0.06788215027508678,16.078941345214844,0.19544600823185015,0.01703587701027461,0.22511693835258484,0.2245970368385315
2.991999999999892,0.06788099874793994,16.082698822021484,0.19535766920754505,0.01618120335447649,0.22507357597351074,0.2245967984199524
2.993999999999892,0.06787977419747152,16.086490631103516,0.19527265064642552,0.015332212952179132,0.2250325232744217,0.22460061311721802
2.9959999999998916,0.06787847731808262,16.090335845947266,0.19519107214999126,0.014489508186818486,0.22499392926692963,0.2246084213256836
2.9979999999998914,0.06787710892466055,16.094213485717773,0.19511305853617034,0.013653764720953752,0.22495774924755096,0.2246205061674118
2.999999999999891,0.06787566995804632,16.09811782836914,0.19503874086192252,0.012825750035089397,0.22492441534996033,0.22463662922382355
3.001999999999891,0.06787416149292988,16.102001190185547,0.194968257647254,0.012006347905764096,0.2248934954404831,0.22465725243091583
3.0039999999998908,0.06787258474949559,16.10590362548828,0.19490175633976764,0.011196591154839883,0.22486542165279388,0.22468218207359314
3.0059999999998905,0.06787094111089959,16.10981559753418,0.19483939506237496,0.010397706081411965,0.22484047710895538,0.22471171617507935
3.0079999999998903,0.06786923214992004,16.113792419433594,0.1947813446850562,0.009611173632466828,0.22481875121593475,0.22474616765975952
3.00999999999989,0.06786745967020813,16.11784553527832,0.19472779124694706,0.008838814893630748,0.2247997373342514,0.22478552162647247
3.01199999999989,0.067865625771112,16.121999740600586,0.19467893871141534,0.008082912364851706,0.22478437423706055,0.2248298078775406
3.0139999999998897,0.06786373295101766,16.126230239868164,0.19463501193044036,0.007346384398533845,0.2247725874185562,0.22487887740135193
3.0159999999998894,0.06786178427423252,16.13043975830078,0.19459625945542003,0.00663303887500947,0.22476424276828766,0.22493351995944977
3.017999999999889,0.06785978364284256,16.1346378326416,0.19456295531608592,0.005947943849630958,0.2247597873210907,0.22499273717403412
3.019999999999889,0.0678577362394048,16.13892936706543,0.19453539781343437,0.00529796461323363,0.2247592955827713,0.22505658864974976
3.0219999999998888,0.06785564923378053,16.143442153930664,0.19451390121777645,0.00469251439055647,0.22476306557655334,0.22512440383434296
3.0239999999998886,0.0678535328454951,16.14794921875,0.19449877227346485,0.004144503323719777,0.22477132081985474,0.22519488632678986
3.0259999999998883,0.06785140171138758,16.152389526367188,0.19449025729156733,0.003671226933460287,0.22478431463241577,0.22526566684246063
3.027999999999888,0.06784927599881974,16.156429290771484,0.19448844089445294,0.0032943088427384234,0.2248014360666275,0.22533340752124786
3.029999999999888,0.06784718077958285,16.160106658935547,0.19449309023103056,0.0030368689261508056,0.22482305765151978,0.22539359331130981
3.0319999999998877,0.0678451420534623,16.163135528564453,0.19450349952591156,0.0029163472594357373,0.2248484045267105,0.22544150054454803
3.0339999999998875,0.0678431805787271,16.16522979736328,0.19451848221131962,0.0029356887965983395,0.2248765528202057,0.225475013256073
3.0359999999998872,0.06784130786404509,16.166828155517578,0.19453661521153465,0.003080737772757501,0.22490669786930084,0.22549645602703094
3.037999999999887,0.06783952661025913,16.167577743530273,0.19455659046529805,0.003327023627951685,0.22493773698806763,0.2255103886127472
3.039999999999887,0.06783783365840747,16.167869567871094,0.19457742752530088,0.0036490851990236828,0.22496947646141052,0.22552043199539185
3.0419999999998866,0.06783622290953258,16.16790771484375,0.19459849323290201,0.004025759196368739,0.22500108182430267,0.2255300134420395
3.0439999999998864,0.06783468726096722,16.167749404907227,0.19461942453805497,0.004441259438675941,0.22503267228603363,0.2255399376153946
3.045999999999886,0.06783321964737486,16.167545318603516,0.19464003928606033,0.004884346312554669,0.2250640094280243,0.22555144131183624
3.047999999999886,0.0678318135157032,16.167346954345703,0.1946602671410128,0.005347124982838703,0.2250950038433075,0.22556421160697937
3.0499999999998857,0.0678304629952428,16.16718101501465,0.19468010351461462,0.005824029187965119,0.22512578964233398,0.22557836771011353
3.0519999999998855,0.06782916291910003,16.16706657409668,0.1946995808182626,0.006311084722295242,0.22515633702278137,0.22559401392936707
3.0539999999998853,0.0678279087802022,16.16705894470215,0.19471875107704,0.006805405703020946,0.22518692910671234,0.22561098635196686
3.055999999999885,0.06782669666321818,16.167160034179688,0.19473767558455712,0.007304856743706827,0.22521716356277466,0.225629061460495
3.057999999999885,0.06782552317191592,16.167312622070312,0.1947564188213638,0.007807826787183525,0.22524742782115936,0.22564838826656342
3.0599999999998846,0.067824385360497,16.167509078979492,0.1947750449349699,0.008313076613614976,0.22527740895748138,0.22566847503185272
3.0619999999998844,0.06782328067213589,16.167749404907227,0.1947936157566929,0.008819634837749963,0.22530758380889893,0.2256895899772644
3.063999999999884,0.06782220688543417,16.16798973083496,0.19481218974057563,0.009326726013344694,0.22533771395683289,0.2257116287946701
3.065999999999884,0.06782116206841533,16.16820526123047,0.19483082145456387,0.009833720220072813,0.2253679782152176,0.22573433816432953
3.0679999999998837,0.06782014453924853,16.168432235717773,0.19484956140032772,0.010340097205396937,0.22539837658405304,0.22575783729553223
3.0699999999998835,0.06781915283280116,16.16868782043457,0.19486845602576253,0.010845420520994088,0.2254285216331482,0.225782111287117
3.0719999999998833,0.0678181856721432,16.168991088867188,0.19488754784717827,0.011349318616211182,0.22545917332172394,0.2258071005344391
3.073999999999883,0.06781724194423353,16.169328689575195,0.19490687563045705,0.011851470839474978,0.22548989951610565,0.22583243250846863
3.075999999999883,0.06781632067911106,16.169700622558594,0.19492647460027984,0.01235159694733981,0.2255207598209381,0.2258583903312683
3.0779999999998826,0.06781542103203464,16.17009925842285,0.19494637665877418,0.012849449151751938,0.22555199265480042,0.22588510811328888
3.0799999999998824,0.06781454226809219,16.170520782470703,0.1949666106025431,0.013344806025969269,0.22558313608169556,0.22591225802898407
3.081999999999882,0.06781368374889145,16.17096519470215,0.19498720233177752,0.01383746778690806,0.22561487555503845,0.22593985497951508
3.083999999999882,0.06781284492100376,16.171417236328125,0.19500817504809403,0.014327252607763,0.22564639151096344,0.2259678691625595
3.0859999999998817,0.0678120253058942,16.17188835144043,0.1950295494395622,0.01481399370961853,0.2256782501935959,0.22599640488624573
3.0879999999998815,0.06781122449110812,16.17236328125,0.1950513438524915,0.01529753704773759,0.22571061551570892,0.2260255664587021
3.0899999999998813,0.06781044212253559,16.172822952270508,0.19507357445020984,0.01577773945593638,0.2257431000471115,0.2260548174381256
3.091999999999881,0.06780967789759144,16.173280715942383,0.19509625535943298,0.016254467146889072,0.22577564418315887,0.22608482837677002
3.093999999999881,0.06780893155918291,16.17375373840332,0.19511939880503137,0.01672759449123144,0.22580860555171967,0.22611474990844727
3.0959999999998806,0.06780820289035829,16.174245834350586,0.19514301523407607,0.017197003016749816,0.22584186494350433,0.22614523768424988
3.0979999999998804,0.06780749170954052,16.174747467041016,0.19516711343006365,0.01766258058257223,0.22587522864341736,0.2261761724948883
3.09999999999988,0.06780679786627089,16.175251007080078,0.1951917006182015,0.018124220693498675,0.22590893507003784,0.22620712220668793
3.10199999999988,0.06780612123739642,16.1757755279541,0.19521678256257818,0.01858182192729013,0.22594279050827026,0.22623857855796814
3.1039999999998797,0.06780546172364449,16.176315307617188,0.19524236365599118,0.019035287453579353,0.22597700357437134,0.22627024352550507
3.1059999999998795,0.06780481924653711,16.176860809326172,0.19526844700314178,0.01948452462755502,0.22601135075092316,0.22630228102207184
3.1079999999998793,0.06780419374560584,16.177410125732422,0.1952950344978347,0.019929444645004884,0.22604601085186005,0.2263343781232834
3.109999999999879,0.06780358517586965,16.177963256835938,0.1953221268947662,0.020369962247996365,0.22608087956905365,0.2263667732477188
3.111999999999879,0.0678029935055469,16.178497314453125,0.19534972387642624,0.02080599547255604,0.22611606121063232,0.22639934718608856
3.1139999999998786,0.06780241871397624,16.17904281616211,0.1953778241155813,0.021237465431357485,0.22615133225917816,0.22643233835697174
3.1159999999998784,0.06780186078972318,16.17959976196289,0.19540642533375602,0.021664296125729777,0.22618666291236877,0.22646507620811462
3.117999999999878,0.06780131972885133,16.18015480041504,0.19543552435609862,0.022086414282337423,0.22622233629226685,0.2264982908964157
3.119999999999878,0.0678007955333451,16.180706024169922,0.19546511716295617,0.022503749210691506,0.22625820338726044,0.22653159499168396
3.1219999999998778,0.06780028820966603,16.181255340576172,0.19549519893846562,0.022916232678349878,0.22629424929618835,0.22656485438346863
3.1239999999998775,0.06779979776742816,16.18180274963379,0.19552576411642902,0.023323798801166917,0.2263304591178894,0.2265985757112503
3.1259999999998773,0.06779932421818817,16.18234634399414,0.1955568064237116,0.02372638394641831,0.22636686265468597,0.22663208842277527
3.127999999999877,0.0677988675743322,16.182884216308594,0.19558831892137307,0.024123926646960617,0.2264033704996109,0.22666577994823456
3.129999999999877,0.06779842784805423,16.183406829833984,0.1956202940437307,0.024516367524895367,0.22644025087356567,0.2266996204853058
3.1319999999998767,0.06779800505042065,16.18391990661621,0.19565272363552072,0.024903649223432654,0.22647666931152344,0.22673331201076508
3.1339999999998764,0.06779759919050786,16.184425354003906,0.19568559898731008,0.025285716345865124,0.22651365399360657,0.22676709294319153
3.135999999999876,0.0677972102746136,16.18491554260254,0.1957189108693017,0.025662515400699876,0.22655083239078522,0.22680094838142395
3.137999999999876,0.06779683830553342,16.185401916503906,0.19575264956364657,0.02603399475217083,0.22658777236938477,0.22683505713939667
3.139999999999876,0.06779648328189372,16.185894012451172,0.19578680489538197,0.02640010457543358,0.22662490606307983,0.2268688678741455
3.1419999999998756,0.06779614519754681,16.18637466430664,0.1958213662620924,0.02676079681586603,0.22666233777999878,0.22690284252166748
3.1439999999998753,0.06779582404101353,16.186845779418945,0.19585632266237446,0.027116025151962302,0.2266996204853058,0.22693665325641632
3.145999999999875,0.06779551979497703,16.187297821044922,0.1958916627231974,0.02746574496138938,0.2267369031906128,0.2269706279039383
3.147999999999875,0.06779523243582075,16.18773651123047,0.19592737472622157,0.02780991328982472,0.22677412629127502,0.22700423002243042
3.1499999999998747,0.06779496193321068,16.188161849975586,0.1959634466331442,0.028148488822249514,0.22681160271167755,0.22703799605369568
3.1519999999998745,0.06779470824971708,16.188575744628906,0.19599986611012887,0.028481431856403807,0.22684890031814575,0.22707165777683258
3.1539999999998742,0.0677944713404736,16.188976287841797,0.1960366205513691,0.02880870427816283,0.22688625752925873,0.22710521519184113
3.155999999999874,0.06779425115287378,16.189363479614258,0.19607369710183958,0.029130269538607683,0.2269236296415329,0.22713884711265564
3.157999999999874,0.06779404762629997,16.18973731994629,0.19611108267926974,0.029446092632600625,0.22696101665496826,0.22717203199863434
3.1599999999998736,0.0677938606918855,16.19009780883789,0.1961487639953836,0.029756140078696577,0.22699812054634094,0.2272053360939026
3.1619999999998734,0.06779369027230572,16.190441131591797,0.19618672757643935,0.030060379900238413,0.22703534364700317,0.22723841667175293
3.163999999999873,0.06779353628160022,16.190773010253906,0.19622495978310012,0.03035878160750792,0.22707237303256989,0.22727137804031372
3.165999999999873,0.06779339862502165,16.191085815429688,0.1962634468296625,0.03065131618080833,0.22710952162742615,0.22730425000190735
3.1679999999998727,0.06779327719890955,16.19138526916504,0.19630217480267365,0.03093795605438679,0.22714638710021973,0.22676388919353485
3.1699999999998725,0.06779317189059185,16.191665649414062,0.19634112967895584,0.031218675101088326,0.2251385897397995,0.2247648984193802
3.1719999999998723,0.06779308257830807,16.19194221496582,0.19638029734306162,0.03149344861767405,0.22311419248580933,0.2227751910686493
3.173999999999872,0.06779300913115738,16.19220542907715,0.19641966360418062,0.03176225331071993,0.2211068719625473,0.22080263495445251
3.175999999999872,0.06779295140906708,16.192466735839844,0.19645921421251256,0.03202506728303664,0.21912430226802826,0.2188546061515808
3.1779999999998716,0.06779290926278196,16.192733764648438,0.19649893487512687,0.0322818700205476,0.21717409789562225,0.21693876385688782
3.1799999999998714,0.06779288253387666,16.19298553466797,0.19653881127132017,0.03253264237957567,0.21526388823986053,0.21506232023239136
3.181999999999871,0.0677928710547824,16.19322395324707,0.19657882906748575,0.032777366574488286,0.21340036392211914,0.2132314145565033
3.183999999999871,0.06779287464883657,16.19342613220215,0.19661897393151306,0.0330160261656636,0.21158988773822784,0.21145258843898773
3.1859999999998707,0.06779289313034842,16.193578720092773,0.1966592315467195,0.033248606047732304,0.20983785390853882,0.2097310721874237
3.1879999999998705,0.06779292630468063,16.193714141845703,0.19669958762533263,0.03347509243806793,0.20814885199069977,0.20807093381881714
3.1899999999998703,0.06779297396834855,16.19382667541504,0.19674002792153167,0.03369547286548944,0.2065264880657196,0.20647573471069336
3.19199999999987,0.0677930359091347,16.193933486938477,0.1967805382440529,0.03390973615914913,0.2049729824066162,0.2049475908279419
3.19399999999987,0.06779311190621794,16.194026947021484,0.19682110446837464,0.03411787243758617,0.2034894824028015,0.20348738133907318
3.1959999999998696,0.06779320173031614,16.19410514831543,0.19686171254848311,0.03431987309791322,0.20207588374614716,0.2020951807498932
3.1979999999998694,0.0677933051438443,16.194162368774414,0.19690234852823285,0.03451573080512251,0.20073087513446808,0.200769305229187
3.199999999999869,0.06779342190108348,16.194210052490234,0.19694299855230324,0.03470543948149224,0.19945167005062103,0.19950714707374573
3.201999999999869,0.06779355174836446,16.19423484802246,0.1969405565704221,0.03488899429607464,0.19823475182056427,0.19830521941184998
3.2039999999998687,0.06779369442426043,16.194246292114258,0.19555490890602578,0.035066391654249136,0.1970750391483307,0.19715829193592072
3.2059999999998685,0.0677938496597936,16.194238662719727,0.19417074224774267,0.035237629187330435,0.19596697390079498,0.19606108963489532
3.2079999999998683,0.06779401717865062,16.194211959838867,0.19278863429382948,0.03540270574221766,0.19490408897399902,0.19500717520713806
3.209999999999868,0.06779419669740956,16.194171905517578,0.19140916305131256,0.03556162137107089,0.1938796043395996,0.1939898431301117
3.211999999999868,0.06779438792577448,16.194108963012695,0.1900329064497121,0.03571437732100951,0.19288592040538788,0.1930016726255417
3.2139999999998676,0.06779459056682194,16.19403076171875,0.18866044194008746,0.035860976023817964,0.19191569089889526,0.19203557074069977
3.2159999999998674,0.06779480431725296,16.193933486938477,0.187292346079181,0.03600142108565606,0.19096164405345917,0.1910841315984726
3.217999999999867,0.0677950288676558,16.193819046020508,0.1859291940984199,0.03613571727676063,0.19001658260822296,0.1901407241821289
3.219999999999867,0.0677952639027739,16.193683624267578,0.18457155945762455,0.03626387052113602,0.18907395005226135,0.18919889628887177
3.2219999999998667,0.06779550910178286,16.193538665771484,0.18322001338328037,0.03638588788622736,0.18812841176986694,0.18825316429138184
3.2239999999998665,0.0677957641385723,16.193376541137695,0.18187512439132997,0.036501777572566924,0.1871747076511383,0.18729884922504425
3.2259999999998663,0.06779602868203517,16.19320297241211,0.1805374577944585,0.03661154890339503,0.18620914220809937,0.18633206188678741
3.227999999999866,0.06779630239636225,16.193008422851562,0.17920757519396352,0.036715212314244405,0.18522906303405762,0.1853501945734024
3.229999999999866,0.0677965849413409,16.19281005859375,0.1778860339563325,0.03681277934248953,0.18423280119895935,0.1843520849943161
3.2319999999998656,0.06779687597265945,16.192588806152344,0.17657338667478417,0.03690426261685762,0.18322016298770905,0.1833372712135315
3.2339999999998654,0.06779717514221653,16.192344665527344,0.17527018061607835,0.03698967584688986,0.18219226598739624,0.18230709433555603
3.235999999999865,0.06779748209843191,16.19208335876465,0.17397695715304234,0.03706903381236413,0.18115103244781494,0.18126347661018372
3.237999999999865,0.06779779648656356,16.19181251525879,0.17269425118333648,0.03714235235266439,0.18009988963603973,0.1802099347114563
3.2399999999998648,0.06779811794902499,16.191524505615234,0.1714225905351365,0.037209648356101854,0.17904312908649445,0.17915062606334686
3.2419999999998645,0.0677984461257072,16.19121551513672,0.17016249536049088,0.03727093974918351,0.17798565328121185,0.17809048295021057
3.2439999999998643,0.06779878065430217,16.19086265563965,0.16891447751729682,0.03732624548582967,0.1769331842660904,0.17703527212142944
3.245999999999864,0.0677991211706268,16.190471649169922,0.1676790399409336,0.037375585536533584,0.17589201033115387,0.17599128186702728
3.247999999999864,0.06779946730894953,16.19007110595703,0.16645667600676023,0.03741898087746711,0.1748686581850052,0.17496514320373535
3.2499999999998637,0.06779981870231797,16.189655303955078,0.16524786888484164,0.037456453479534295,0.17386958003044128,0.1739630252122879
3.2519999999998634,0.06780017498288725,16.189218521118164,0.1640530908883986,0.03748802629736054,0.17290137708187103,0.1729915887117386
3.2539999999998632,0.06780053578224657,16.188751220703125,0.16287280281767594,0.037513723258235064,0.171969935297966,0.1720571666955948
3.255999999999863,0.06780090073174762,16.188270568847656,0.16170745330103115,0.03753356925098605,0.17108109593391418,0.1711658388376236
3.257999999999863,0.06780126946283296,16.187759399414062,0.16055747813527127,0.0375475901148091,0.17024008929729462,0.17032262682914734
3.2599999999998626,0.0678016416073607,16.18722152709961,0.15942329962737128,0.03755581262803138,0.16945108771324158,0.16953185200691223
3.2619999999998623,0.06780201679793091,16.18666648864746,0.15830532593990593,0.0375582644968243,0.16871747374534607,0.1687968373298645
3.263999999999862,0.067802394668209,16.18609046936035,0.15720395044265653,0.0375549743438581,0.1680416464805603,0.16811995208263397
3.265999999999862,0.0678027748532473,16.18549346923828,0.1561195510730216,0.03754597169690293,0.16742545366287231,0.16750290989875793
3.2679999999998617,0.0678031569898055,16.18487548828125,0.1550524897079779,0.037531286977374144,0.16686968505382538,0.16694623231887817
3.2699999999998615,0.06780354071666653,16.18423843383789,0.15400311155049815,0.037510951488825585,0.16637349128723145,0.16644947230815887
3.2719999999998612,0.06780392567495183,16.183584213256836,0.15297174453340448,0.03748499740538737,0.16593602299690247,0.16601130366325378
3.273999999999861,0.0678043115084332,16.18292236328125,0.15195869874378307,0.03745345776015671,0.1655552089214325,0.16563007235527039
3.275999999999861,0.06780469786384014,16.182273864746094,0.15096426587112757,0.03741636643353372,0.16522839665412903,0.1653025895357132
3.2779999999998606,0.06780508439116295,16.181602478027344,0.14998871868246785,0.037373758141511546,0.16495206952095032,0.1650257110595703
3.2799999999998604,0.06780547074395726,16.18092155456543,0.14903231052775817,0.03732566842391343,0.16472221910953522,0.1647954136133194
3.28199999999986,0.06780585657963537,16.18022346496582,0.148095274878841,0.03727213363259091,0.16453489661216736,0.1646077036857605
3.28399999999986,0.06780624155976274,16.179500579833984,0.14717782490525183,0.037213190919568935,0.16432921588420868,0.1644580364227295
3.2859999999998597,0.06780662535034306,16.178760528564453,0.14628015309013964,0.037148878225150304,0.16299135982990265,0.16314522922039032
3.2879999999998595,0.06780700762210108,16.177988052368164,0.1454024308894575,0.03707923426598101,0.16167421638965607,0.16183431446552277
3.2899999999998593,0.06780738805076204,16.177207946777344,0.14454480843752665,0.037004298523069676,0.16037774085998535,0.16054385900497437
3.291999999999859,0.06780776631732227,16.17641830444336,0.14370741430190676,0.03692411122976962,0.15910184383392334,0.15927450358867645
3.293999999999859,0.06780814210831629,16.17560577392578,0.14289035529037653,0.03683871335972763,0.1578470915555954,0.15802611410617828
3.2959999999998586,0.0678085151160802,16.174808502197266,0.14209371631260714,0.03674814661479077,0.1566135287284851,0.15679900348186493
3.2979999999998584,0.06780888503900506,16.173994064331055,0.1413175602989248,0.036652453412885866,0.15540127456188202,0.15559357404708862
3.299999999999858,0.06780925158178776,16.17316436767578,0.14056192817825663,0.036551676875862,0.15421074628829956,0.15441013872623444
3.301999999999858,0.06780961445567438,16.172317504882812,0.13982683891713338,0.0364458608173071,0.15304209291934967,0.15324915945529938
3.3039999999998577,0.06780997337869732,16.171457290649414,0.13911228962126665,0.0363350497303357,0.15189555287361145,0.15211062133312225
3.3059999999998575,0.06781032807590642,16.17057991027832,0.13841825570092173,0.03621928877534894,0.15077146887779236,0.15099479258060455
3.3079999999998573,0.06781085011675039,16.169687271118164,0.13774469110094395,0.03609862376777369,0.1496700644493103,0.14990197122097015
3.309999999999857,0.0678115386643742,16.17209815979004,0.13712851774052842,0.035973101165779856,0.14863552153110504,0.14900076389312744
3.311999999999857,0.06781239357902138,16.180011749267578,0.13656961586536334,0.03579989639174353,0.14769293367862701,0.14820489287376404
3.3139999999998566,0.06781341566717926,16.184213638305664,0.13594223403969063,0.03557902214192072,0.14681001007556915,0.14752477407455444
3.3159999999998564,0.06781460640679268,16.191387176513672,0.1352503082585748,0.03531051864020351,0.1459871530532837,0.1469406634569168
3.317999999999856,0.06781596807780992,16.196456909179688,0.1346203529536944,0.034994633528749375,0.1452241688966751,0.14645224809646606
3.319999999999856,0.06781750359780618,16.203426361083984,0.13405231793822614,0.03463170260863075,0.14452117681503296,0.14605866372585297
3.3219999999998557,0.06781921658551973,16.20868682861328,0.13354624291382225,0.03422226524640548,0.14387847483158112,0.1457636058330536
3.3239999999998555,0.06782111126172917,16.21462631225586,0.13310209928069577,0.03376700466123906,0.1432960033416748,0.14557769894599915
3.3259999999998553,0.06782319247589105,16.21942710876465,0.13271990521422997,0.03326683023510092,0.1427737921476364,0.14549154043197632
3.327999999999855,0.06782546564527366,16.22431755065918,0.13239963419959985,0.03272285873276317,0.14231176674365997,0.14550496637821198
3.329999999999855,0.06782793676192439,16.228389739990234,0.1321412810014142,0.03213648422287202,0.14191019535064697,0.14561791718006134
3.3319999999998546,0.06783061235405816,16.232107162475586,0.13194480894728952,0.03150939230306771,0.14156903326511383,0.14583024382591248
3.3339999999998544,0.06783349948298634,16.235759735107422,0.13181018786911142,0.030843633424780963,0.14128796756267548,0.1461421698331833
3.335999999999854,0.06783660571734637,16.239797592163086,0.13173736394161273,0.030141669922283565,0.14106707274913788,0.14655396342277527
3.337999999999854,0.06783993912521613,16.243183135986328,0.13172628171414547,0.029406467428144904,0.14090651273727417,0.14706547558307648
3.3399999999998538,0.0678435082556799,16.246313095092773,0.13177686712105133,0.02864158094228019,0.1408057063817978,0.1476767659187317
3.3419999999998535,0.06784732212885604,16.248870849609375,0.13188904054092654,0.027851280286158728,0.1407644897699356,0.14838850498199463
3.3439999999998533,0.06785139022158565,16.25117301940918,0.13206270752655755,0.02704068671769772,0.14078253507614136,0.14920085668563843
3.345999999999853,0.06785572245671338,16.25330924987793,0.13229776683558583,0.026215949412818844,0.14086949825286865,0.15011361241340637
3.347999999999853,0.06786032919102913,16.255386352539062,0.13259410569401786,0.02538444493341647,0.14103952050209045,0.15112727880477905
3.3499999999998527,0.06786522120438856,16.257112503051758,0.1329516050167149,0.024555015012770166,0.14127229154109955,0.15224237740039825
3.3519999999998524,0.06787040968881733,16.259138107299805,0.13337013732489827,0.023738225409254594,0.1415681391954422,0.1534586399793625
3.353999999999852,0.06787590623767108,16.260761260986328,0.13384957038355086,0.022946640294294125,0.1419268399477005,0.15477678179740906
3.355999999999852,0.06788172283525758,16.262386322021484,0.13438976664819444,0.022195074192255852,0.14234837889671326,0.1561966836452484
3.3579999999998518,0.06788787184605036,16.2636775970459,0.13499058598043795,0.02150077345694074,0.14283254742622375,0.157718688249588
3.3599999999998515,0.0678943660044394,16.26483917236328,0.13565188593838448,0.020883439520267968,0.14337944984436035,0.15934300422668457
3.3619999999998513,0.06790121840392672,16.265899658203125,0.13637352391259067,0.020364985231305654,0.14398904144763947,0.16106989979743958
3.363999999999851,0.06790844248677146,16.26721954345703,0.13715364027088145,0.019968897333067184,0.14466124773025513,0.16289959847927094
3.365999999999851,0.06791605203306639,16.26897430419922,0.13799007720748024,0.01971911495438316,0.14539594948291779,0.1648319661617279
3.3679999999998507,0.0679240611501237,16.27082061767578,0.1388830906841263,0.019638432665921624,0.14619316160678864,0.16686725616455078
3.3699999999998504,0.06793248426133432,16.27246856689453,0.13983527338349755,0.019746612532531415,0.14705276489257812,0.16900548338890076
3.3719999999998502,0.06794133609519154,16.27389144897461,0.14084758278899775,0.020058572500080946,0.14797483384609222,0.17124700546264648
3.37399999999985,0.06795063167383937,16.275047302246094,0.14191989356718104,0.020583106416429978,0.14895904064178467,0.17359159886837006
3.37599999999985,0.06795977980337552,16.276235580444336,0.14305208597910338,0.021322483837463973,0.15000589191913605,0.17603932321071625
3.3779999999998496,0.06796887656054787,16.281038284301758,0.14415654968930697,0.022273001748845105,0.15102910995483398,0.17549563944339752
3.3799999999998493,0.06797800216206504,16.2796630859375,0.14523875671773157,0.023348970534329282,0.15203402936458588,0.17515498399734497
3.381999999999849,0.06798722169547446,16.283767700195312,0.14630303398720781,0.024526274661236344,0.15302585065364838,0.17497630417346954
3.383999999999849,0.06799658583942514,16.284391403198242,0.14735305752063693,0.025785092434620772,0.15400761365890503,0.174932599067688
3.3859999999998487,0.06800613301797609,16.288511276245117,0.14839161438929732,0.027108994329404147,0.15498249232769012,0.1749991625547409
3.3879999999998485,0.06801589084096753,16.290367126464844,0.14942079034535488,0.028484471659448667,0.15595173835754395,0.17515502870082855
3.3899999999998482,0.06802587813026471,16.2935791015625,0.15044195083261305,0.029900399381382173,0.156917005777359,0.1753811538219452
3.391999999999848,0.06803608987558828,16.294815063476562,0.15145614510285357,0.03134760059476065,0.15787848830223083,0.17566628754138947
3.393999999999848,0.06804649888324962,16.29672622680664,0.1524635262447191,0.032818316141782426,0.15883630514144897,0.17598029971122742
3.3959999999998476,0.06805711357753086,16.298131942749023,0.1534637216256749,0.03430813052635829,0.15978950262069702,0.1763007640838623
3.3979999999998474,0.06806794027566467,16.300521850585938,0.15445852181130934,0.03581568746945196,0.16074015200138092,0.17669013142585754
3.399999999999847,0.06807898166792234,16.302852630615234,0.15544945647797434,0.037336051001162926,0.16168946027755737,0.1771395057439804
3.401999999999847,0.06809017399152195,16.305274963378906,0.15643776614073168,0.038865031118327,0.162638857960701,0.17763826251029968
3.4039999999998467,0.06810113236570953,16.307125091552734,0.15742447015879676,0.04039908212738037,0.1635892540216446,0.17817755043506622
3.4059999999998465,0.06811178606296107,16.30940818786621,0.1584103830503806,0.04193517435157201,0.16454167664051056,0.1787499338388443
3.4079999999998463,0.06812212770049086,16.311450958251953,0.15939616341634533,0.04347070395265958,0.16549642384052277,0.17934930324554443
3.409999999999846,0.06813215016088096,16.31346893310547,0.16038232798353647,0.04500341137450534,0.1664545089006424,0.1799708604812622
3.411999999999846,0.06814184688430584,16.315208435058594,0.16136928373713727,0.0465313237355302,0.16741594672203064,0.18061022460460663
3.4139999999998456,0.06815121210721227,16.3172607421875,0.16235733930912954,0.04805270330987348,0.1683812439441681,0.1812639981508255
3.4159999999998454,0.06816024100005896,16.319339752197266,0.16334672635070238,0.049566010179667365,0.1693504899740219,0.18192972242832184
3.417999999999845,0.06816892977287702,16.321308135986328,0.16433760851583193,0.05106986908041532,0.17032384872436523,0.1826048046350479
3.419999999999845,0.06817727572336282,16.323081970214844,0.16533009589487074,0.05256304474993522,0.17130155861377716,0.1832876354455948
3.4219999999998447,0.06818527726567446,16.32480239868164,0.1663242519974294,0.05404442015606998,0.17228351533412933,0.18397685885429382
3.4239999999998445,0.068192933926645,16.32631492614746,0.16732010365434657,0.055512979915052565,0.17326994240283966,0.1846710443496704
3.4259999999998443,0.06820024633057822,16.327651977539062,0.16831764639587724,0.056967795697962204,0.17426052689552307,0.18536962568759918
3.427999999999844,0.06820721616578675,16.32909393310547,0.16931685134480454,0.05840801486589069,0.17525553703308105,0.18607184290885925
3.429999999999844,0.06821384614460091,16.33060073852539,0.17031766932949385,0.05983285049117475,0.17625494301319122,0.1867770403623581
3.4319999999998436,0.06822013995341593,16.332033157348633,0.17132003574123414,0.06124157342715925,0.17725829780101776,0.18748532235622406
3.4339999999998434,0.06822610219927389,16.3333740234375,0.1723238736577962,0.06263350535468609,0.17826595902442932,0.18819637596607208
3.435999999999843,0.06823173835131399,16.334688186645508,0.1733290972956383,0.06400801315491791,0.17927776277065277,0.18891002237796783
3.437999999999843,0.06823705468069322,16.335926055908203,0.17433561436191328,0.06536450397792941,0.18029333651065826,0.1896265745162964
3.4399999999998427,0.06824205819820477,16.33710289001465,0.17534332851710765,0.06670242118761698,0.18131297826766968,0.1903458833694458
3.4419999999998425,0.06824675659159402,16.338157653808594,0.17635214112555753,0.06802124080745613,0.18233650922775269,0.1910683661699295
3.4439999999998423,0.06825115816223792,16.339086532592773,0.17736195300746765,0.06932046855688527,0.18336373567581177,0.19179420173168182
3.445999999999842,0.06825527176230088,16.339889526367188,0.17837266571978472,0.07059963725181251,0.18439489603042603,0.1925238072872162
3.447999999999842,0.06825910673224815,16.340648651123047,0.17938418278850987,0.07185830461089165,0.18542958796024323,0.193257674574852
3.4499999999998416,0.0682626728393283,16.341318130493164,0.18039641062194622,0.07309605132898593,0.18646787106990814,0.19399598240852356
3.4519999999998414,0.06826598021700625,16.341815948486328,0.18136237091155233,0.07431247943448852,0.18750998377799988,0.19473929703235626
3.453999999999841,0.06826903930568796,16.342153549194336,0.18224989124834506,0.07550721084438099,0.18855544924736023,0.19548793137073517
3.455999999999841,0.06827186079475422,16.342355728149414,0.1831394580619985,0.07667988612120978,0.18960458040237427,0.19624285399913788
3.4579999999998408,0.0682744555660947,16.342540740966797,0.18403082470520765,0.07783016337755382,0.19065727293491364,0.19700413942337036
3.4599999999998405,0.06827683463917522,16.34259033203125,0.18492375997167054,0.07895771732631021,0.19171366095542908,0.19777274131774902
3.4619999999998403,0.06827900911774931,16.342422485351562,0.18581804773186733,0.0800622384417641,0.19277366995811462,0.1985487937927246
3.46399999999984,0.06828099013823931,16.34206199645996,0.1867134865341446,0.08114343222738343,0.19383713603019714,0.19933314621448517
3.46599999999984,0.06828278881986707,16.341360092163086,0.18760988920115412,0.08220101856734138,0.19490453600883484,0.20012618601322174
3.4679999999998397,0.0682844162165509,16.34052085876465,0.18850708239868624,0.08323473115705103,0.19597557187080383,0.20092841982841492
3.4699999999998394,0.06828588327061917,16.339500427246094,0.18940490620375727,0.0842443169973169,0.19705061614513397,0.2017408162355423
3.471999999999839,0.06828720076836649,16.33831787109375,0.1903032136516915,0.0852295359475515,0.1981295645236969,0.20256349444389343
3.473999999999839,0.06828837929747764,16.336984634399414,0.19120187028420088,0.08619016032752379,0.19921272993087769,0.20339730381965637
3.4759999999998388,0.06828942920635164,16.335702896118164,0.19210075368213814,0.08712597456361178,0.2002999484539032,0.20424260199069977
3.4779999999998386,0.06829036056533404,16.334178924560547,0.19299975299998295,0.08803677487219772,0.2013915777206421,0.2051001489162445
3.4799999999998383,0.06829118312989396,16.33246421813965,0.19389876848965226,0.08892236897678724,0.20248761773109436,0.20597033202648163
3.481999999999838,0.06829190630574768,16.330524444580078,0.19479771102639304,0.08978257585361056,0.20358826220035553,0.20685364305973053
3.483999999999838,0.06829253911595684,16.328449249267578,0.19569650162770907,0.09061722550287948,0.20469380915164948,0.20775072276592255
3.4859999999998377,0.06829309017000719,16.3260440826416,0.1965950709746182,0.0914261587418998,0.20580419898033142,0.20866194367408752
3.4879999999998375,0.06829356763488575,16.323410034179688,0.19705086204673755,0.09220922701773487,0.20691990852355957,0.20958776772022247
3.4899999999998372,0.06829397920816312,16.32048797607422,0.19709021748984884,0.09296629223662559,0.20804089307785034,0.21052859723567963
3.491999999999837,0.06829433209309273,16.317493438720703,0.19713066452887273,0.09369722660830278,0.2091672122478485,0.21148496866226196
3.493999999999837,0.06829463297573253,16.314292907714844,0.19717128445688914,0.09440191250310986,0.21012720465660095,0.21226546168327332
3.4959999999998366,0.06829488800409272,16.310894012451172,0.19721123508680782,0.09508024232044164,0.21103131771087646,0.21301580965518951
3.4979999999998364,0.06829510276931364,16.30735206604004,0.1972505927230001,0.09573211836692269,0.21193300187587738,0.21377450227737427
3.499999999999836,0.06829528228887703,16.30364990234375,0.19728943118323933,0.09635745274313604,0.2128322869539261,0.21454204618930817
3.501999999999836,0.06829543099184031,16.299747467041016,0.19732782182470043,0.09695616723769576,0.21372951567173004,0.215318962931633
3.5039999999998357,0.06829555270610099,16.295536041259766,0.19736583357503257,0.0975281932277222,0.214625284075737,0.2161058932542801
3.5059999999998355,0.06829565064767344,16.290987014770508,0.19740353296084162,0.09807347158478749,0.2155200093984604,0.21690328419208527
3.5079999999998353,0.06829572741197572,16.28614616394043,0.19744098413389444,0.09859195258558301,0.21641434729099274,0.21771182119846344
3.509999999999835,0.0682957849671123,16.2811222076416,0.19747824889526044,0.09908359582658904,0.21730871498584747,0.21853218972682953
3.511999999999835,0.06829582464913476,16.27587890625,0.19751538671763713,0.09954837014215509,0.2182038128376007,0.2193649560213089
3.5139999999998346,0.06829584715926723,16.270423889160156,0.19755245476605576,0.09998625352542663,0.21910057961940765,0.22021089494228363
3.5159999999998344,0.06829585256307194,16.26482582092285,0.1975895079171619,0.10039723305165191,0.2199995219707489,0.22107063233852386
3.517999999999834,0.06829584029153464,16.259082794189453,0.1976265987772412,0.10078130480342955,0.2209015190601349,0.22193388640880585
3.519999999999834,0.068295809144038,16.253114700317383,0.19766377769915444,0.10113847379752587,0.221807599067688,0.22279085218906403
3.5219999999998337,0.06829575729319896,16.246896743774414,0.1977010927983303,0.10146875391292383,0.2227184772491455,0.2235669642686844
3.5239999999998335,0.06829568229153608,16.240442276000977,0.19773858996795413,0.10177216781980035,0.22363531589508057,0.22350597381591797
3.5259999999998333,0.06829558107992655,16.233766555786133,0.19777631289347442,0.10204874690918002,0.22385123372077942,0.2234506607055664
3.527999999999833,0.06829544999782222,16.227100372314453,0.19781430306655828,0.1022985312230187,0.22377869486808777,0.22340020537376404
3.529999999999833,0.06829528479517565,16.22028923034668,0.19785259979859754,0.10252156938451991,0.2237096130847931,0.22335486114025116
3.5319999999998326,0.06829508064603873,16.213401794433594,0.19789124023387578,0.10271791852849636,0.22364413738250732,0.2233152836561203
3.5339999999998324,0.06829483216378143,16.20633316040039,0.19793025936249348,0.10288764423161345,0.22358237206935883,0.22328060865402222
3.535999999999832,0.06829453341788441,16.198894500732422,0.19796969003314457,0.10303082044237848,0.22352416813373566,0.2232513129711151
3.537999999999832,0.06829417795224975,16.191146850585938,0.19800956296583477,0.10314752941074136,0.2234695851802826,0.22322730720043182
3.5399999999998317,0.06829375880498054,16.18319320678711,0.19804990676462708,0.10323786161719967,0.2234184592962265,0.223208487033844
3.5419999999998315,0.06829326852956558,16.175037384033203,0.19809074793048914,0.10330191570130987,0.2233714610338211,0.22319497168064117
3.5439999999998313,0.06829269921741313,16.166736602783203,0.1981321108743278,0.10333979838951643,0.22332775592803955,0.2231864333152771
3.545999999999831,0.06829204252167081,16.158241271972656,0.19817401793028133,0.1033516244222257,0.22328788042068481,0.22318311035633087
3.547999999999831,0.06829128968226789,16.149316787719727,0.19821648936934,0.10333751648005364,0.2232518345117569,0.22318463027477264
3.5499999999998306,0.06829043155211319,16.139677047729492,0.19825954341336616,0.10329760510919228,0.22321940958499908,0.22319112718105316
3.5519999999998304,0.06828945862438114,16.129865646362305,0.19830319624958181,0.10323202864584556,0.22319085896015167,0.22320209443569183
3.55399999999983,0.06828836106081584,16.11986541748047,0.19834746204558418,0.10314093313968163,0.22316579520702362,0.2232179045677185
3.55599999999983,0.0682871287209817,16.109691619873047,0.19839235296495877,0.10302447227627225,0.2231443226337433,0.22323811054229736
3.5579999999998297,0.06828575119238957,16.099380493164062,0.1984378791835486,0.10288280729848086,0.22312664985656738,0.22326289117336273
3.5599999999998295,0.06828421782142113,16.088970184326172,0.19848404890643379,0.10271610692676836,0.22311264276504517,0.22329159080982208
3.5619999999998293,0.06828251774497984,16.0782470703125,0.19853086838569317,0.10252454727839626,0.2231023609638214,0.2233244627714157
3.563999999999829,0.06828063992278931,16.067340850830078,0.19857834193899082,0.10230831178550115,0.22309553623199463,0.2233613133430481
3.565999999999829,0.0682785731702632,16.056346893310547,0.1986264719690516,0.10206759111202443,0.22309209406375885,0.22340178489685059
3.5679999999998286,0.06827630619187187,16.045238494873047,0.1986752589840775,0.10180258306948296,0.22309252619743347,0.2234458029270172
3.5699999999998284,0.06827382761492007,16.03400993347168,0.19872470161915384,0.10151349253156226,0.22309651970863342,0.22349338233470917
3.571999999999828,0.06827112602366703,16.022672653198242,0.19877479665870335,0.10120053134753054,0.22310376167297363,0.22354404628276825
3.573999999999828,0.0682681899937014,16.01127815246582,0.19882553906002876,0.10086391825445783,0.22311462461948395,0.2235977053642273
3.5759999999998278,0.06826500812649859,15.999881744384766,0.19887692197799955,0.10050387878823903,0.22312858700752258,0.22365429997444153
3.5779999999998275,0.06826156908407886,15.988426208496094,0.19892893679092288,0.10012064519341178,0.22314617037773132,0.22371336817741394
3.5799999999998273,0.06825786162368747,15.97693920135498,0.19898157312764736,0.09971445633177363,0.22316668927669525,0.2237750142812729
3.581999999999827,0.06825387463242268,15.96540641784668,0.1990348188959375,0.09928555758979164,0.22319075465202332,0.22383913397789001
3.583999999999827,0.06824959716173079,15.953807830810547,0.19908866031216482,0.09883420078480912,0.22321778535842896,0.22390514612197876
3.5859999999998267,0.0682450184616939,15.942195892333984,0.1991430819323466,0.0983606440700494,0.22324806451797485,0.22397305071353912
3.5879999999998264,0.06824012801503425,15.930570602416992,0.19919806668457457,0.09786515183842791,0.22328120470046997,0.22404253482818604
3.589999999999826,0.06823491557076092,15.919012069702148,0.19925359590286357,0.09734799462517173,0.22331753373146057,0.22411389648914337
3.591999999999826,0.06822937117738803,15.907733917236328,0.19930964936245454,0.09680944900925777,0.22335664927959442,0.2241864949464798
3.593999999999826,0.06822348521564846,15.896900177001953,0.19936620531659338,0.09624979751368172,0.22339855134487152,0.22426018118858337
3.5959999999998256,0.06821724843063869,15.885875701904297,0.19942324053482063,0.09566932850457094,0.22344325482845306,0.22433504462242126
3.5979999999998253,0.06821065196332048,15.874940872192383,0.1994807303427863,0.09506833608914955,0.22349050641059875,0.22441068291664124
3.599999999999825,0.06820368738131771,15.864200592041016,0.1995386486636171,0.09444712001258403,0.22354039549827576,0.22448702156543732
3.601999999999825,0.06819634670894273,15.853571891784668,0.1995969680608461,0.09380598555371857,0.22359275817871094,0.22456395626068115
3.6039999999998247,0.06818862245638592,15.843250274658203,0.19965565978292105,0.09314524341972877,0.22364746034145355,0.2246410995721817
3.6059999999998245,0.06818050764801457,15.833328247070312,0.1997146938093048,0.09246520963972196,0.223704531788826,0.2247186005115509
3.6079999999998242,0.06817199584971781,15.823596954345703,0.19977403889816464,0.09176620545730284,0.22376365959644318,0.22479629516601562
3.609999999999824,0.06816308119524367,15.814050674438477,0.19983366263566477,0.09104855722215005,0.223825141787529,0.22487375140190125
3.611999999999824,0.06815375841147772,15.80467414855957,0.1998935314868529,0.09031259628063323,0.22388847172260284,0.22495128214359283
3.6139999999998236,0.06814402284260737,15.79553508758545,0.19995361084813817,0.0895586588655101,0.22395366430282593,0.22502847015857697
3.6159999999998234,0.06813387047313028,15.786518096923828,0.2000138651013536,0.08878708598475653,0.22402076423168182,0.2251054346561432
3.617999999999823,0.06812329794965802,15.777582168579102,0.20007425766938658,0.0879982233095708,0.22408944368362427,0.22518177330493927
3.619999999999823,0.06811230260147298,15.768878936767578,0.2001347510733653,0.08719242106161863,0.2241595834493637,0.22525779902935028
3.6219999999998227,0.06810088245980374,15.760499000549316,0.20019530699137345,0.08637003389957286,0.2242313027381897,0.22533302009105682
3.6239999999998225,0.06808905080365005,15.752655029296875,0.20025588631867525,0.08553142080501895,0.2243044078350067,0.22540755569934845
3.6259999999998223,0.06807722415248887,15.745048522949219,0.20031644922941577,0.08467694496780773,0.22437889873981476,0.22548146545886993
3.627999999999822,0.06806560232473456,15.73770523071289,0.20037695523976456,0.08380697367092814,0.22445432841777802,0.22555433213710785
3.629999999999822,0.0680541961936487,15.730551719665527,0.20043736327246564,0.08292187817500378,0.2245306670665741,0.2256266176700592
3.6319999999998216,0.06804301608366697,15.723740577697754,0.20049763172274976,0.08202203360250628,0.22460806369781494,0.22569836676120758
3.6339999999998214,0.06803207175593469,15.717254638671875,0.2005577185255622,0.0811078188218014,0.2246863692998886,0.22576932609081268
3.635999999999821,0.06802137239504998,15.711040496826172,0.2006175812240587,0.08017961633114591,0.22476500272750854,0.22583982348442078
3.637999999999821,0.06801092659703699,15.705106735229492,0.20067717703931082,0.07923781214277593,0.2248443216085434,0.2259095460176468
3.6399999999998207,0.0680007423585666,15.699461936950684,0.20073646294116237,0.07828279566722667,0.22492413222789764,0.22597862780094147
3.6419999999998205,0.06799082706744139,15.694090843200684,0.20079539572017763,0.07731495959804922,0.22500421106815338,0.2260468602180481
3.6439999999998203,0.06798118749436059,15.688970565795898,0.20085393206061053,0.07633469979710208,0.22508461773395538,0.2261141687631607
3.64599999999982,0.06797182978597463,15.684099197387695,0.20091202861432716,0.0753424151806083,0.2251650094985962,0.22618061304092407
3.64799999999982,0.06796275945923455,15.679544448852539,0.20096964207560658,0.07433850760619375,0.2252453714609146,0.22624614834785461
3.6499999999998196,0.06795398139704786,15.675338745117188,0.2010267292567438,0.07332338176113964,0.22532574832439423,0.22631077468395233
3.6519999999998194,0.06794549984523791,15.671499252319336,0.20108324716437576,0.07229744505210459,0.2254057079553604,0.2263745218515396
3.653999999999819,0.06793731841080775,15.667980194091797,0.2011391530764443,0.07126110749659859,0.22548574209213257,0.22643712162971497
3.655999999999819,0.06792944006150715,15.66463851928711,0.20119440461971594,0.07021478161651704,0.2255650907754898,0.2264990508556366
3.6579999999998187,0.06792186712669634,15.661537170410156,0.20124895984776592,0.06915888233407423,0.22564402222633362,0.22655987739562988
3.6599999999998185,0.067914601299491,15.6588134765625,0.20130277731933843,0.06809382687051024,0.22572243213653564,0.22661980986595154
3.6619999999998183,0.06790764364019183,15.656923294067383,0.20135619071685146,0.06702003464798362,0.22580033540725708,0.22667863965034485
3.663999999999818,0.06790099458096571,15.655413627624512,0.20141018696791285,0.06593792719509835,0.22587740421295166,0.2267366647720337
3.665999999999818,0.06789465393177799,15.654111862182617,0.20146485379050894,0.06484792805657172,0.22595371305942535,0.22679369151592255
3.6679999999998176,0.06788862088754466,15.653093338012695,0.20152022735437808,0.06375046270758768,0.22602948546409607,0.22684995830059052
3.6699999999998174,0.06788289403649043,15.652454376220703,0.20157634404530994,0.06264595847345361,0.22610394656658173,0.22690527141094208
3.671999999999817,0.06787747136968031,15.652481079101562,0.2016332404237603,0.06153484445523224,0.22617778182029724,0.22695976495742798
3.673999999999817,0.06787235029170582,15.652899742126465,0.20169095318288882,0.06041755146210294,0.2262505739927292,0.22701354324817657
3.6759999999998167,0.0678675276324889,15.653572082519531,0.20174951910604705,0.059294511951283664,0.22632257640361786,0.22706663608551025
3.6779999999998165,0.06786299966017803,15.654497146606445,0.2018089750237555,0.058166159976448445,0.22639349102973938,0.22711904346942902
3.6799999999998163,0.06785876209509838,15.655923843383789,0.20186935777019582,0.05703293114567215,0.22646336257457733,0.2271708846092224
3.681999999999816,0.06785481012472117,15.657644271850586,0.20193070413925884,0.05589526259006697,0.22653226554393768,0.22722209990024567
3.683999999999816,0.06785113841961812,15.659711837768555,0.20199305084017333,0.05475359294440948,0.22660019993782043,0.22727300226688385
3.6859999999998156,0.06784774115035588,15.662130355834961,0.20205643445274807,0.053608362341216916,0.22666700184345245,0.22732330858707428
3.6879999999998154,0.06784461200529375,15.665164947509766,0.20212089138225514,0.05246001241991797,0.22673308849334717,0.22737348079681396
3.689999999999815,0.06784174420923816,15.668693542480469,0.20218645781397476,0.05130898635297482,0.22679802775382996,0.22742341458797455
3.691999999999815,0.06783913054291486,15.672552108764648,0.20225316966742596,0.05015572889105469,0.22686222195625305,0.22747312486171722
3.6939999999998148,0.06783676336320935,15.676692962646484,0.20232106255029092,0.049000686429632304,0.22692537307739258,0.22752290964126587
3.6959999999998145,0.06783463462413014,15.681018829345703,0.20239017171204277,0.047844307099738914,0.2269877940416336,0.227572500705719
3.6979999999998143,0.06783273589844946,15.685609817504883,0.20246053199727415,0.046687040885950666,0.2270495444536209,0.2276224046945572
3.699999999999814,0.06783105839997207,15.690478324890137,0.2025321777987124,0.04552933977515369,0.22711029648780823,0.22767256200313568
3.701999999999814,0.06782959300638448,15.6956205368042,0.20260514300989357,0.04437165794016412,0.22717085480690002,0.22772280871868134
3.7039999999998137,0.06782833028263546,15.700915336608887,0.20267946097745643,0.04321445196288042,0.22723032534122467,0.22777363657951355
3.7059999999998134,0.06782726050480137,15.70642375946045,0.20275516445299296,0.042058181102388625,0.22728963196277618,0.22782506048679352
3.7079999999998132,0.06782637368438559,15.712299346923828,0.20283228554436744,0.0409033076143047,0.22734828293323517,0.22787711024284363
3.709999999999813,0.06782565959300589,15.718404769897461,0.2029108556663991,0.039750297128671744,0.22740674018859863,0.2279297113418579
3.711999999999813,0.06782510778742319,15.724773406982422,0.20299090549075488,0.03859961909495404,0.22746483981609344,0.22798322141170502
3.7139999999998126,0.06782470763486825,15.731340408325195,0.2030724648948679,0.03745174730415752,0.22752273082733154,0.22803756594657898
3.7159999999998123,0.06782444833861727,15.738053321838379,0.20315556290964354,0.036307160499887664,0.2275804877281189,0.22809310257434845
3.717999999999812,0.06782431896378391,15.74489974975586,0.2032402276656598,0.035166343092300864,0.22763840854167938,0.2281496226787567
3.719999999999812,0.06782430846328291,15.751791000366211,0.20332539849445952,0.034029785991529664,0.22769589722156525,0.2282072901725769
3.7219999999998117,0.06782440570393283,15.758366584777832,0.20340956155745626,0.03289798758036496,0.22775375843048096,0.22826631367206573
3.7239999999998115,0.06782459949267365,15.765132904052734,0.20349279662623337,0.03177145484987933,0.22781185805797577,0.22832658886909485
3.7259999999998112,0.06782487860286919,15.772027969360352,0.20357678235863597,0.03065070472652355,0.22787010669708252,0.2283882051706314
3.727999999999811,0.06782523180068326,15.779045104980469,0.2036621386064778,0.029536265625198063,0.22792857885360718,0.22845137119293213
3.729999999999811,0.06782564787152504,15.786157608032227,0.20374888360137794,0.02842867927025925,0.22798745334148407,0.22851602733135223
3.7319999999998106,0.06782611564656534,15.793325424194336,0.2038370346135424,0.027328502835723644,0.228046715259552,0.22858236730098724
3.7339999999998104,0.06782662402935287,15.800552368164062,0.2039266078901219,0.02623631146769033,0.22810624539852142,0.22865000367164612
3.73599999999981,0.06782716202256514,15.807729721069336,0.20401761858515172,0.025152701266810937,0.2281665802001953,0.2287195473909378
3.73799999999981,0.06782771875497103,15.81539535522461,0.20411008067891845,0.02407829282756494,0.22822703421115875,0.22879040241241455
3.7399999999998097,0.06782828350869646,15.82335090637207,0.2042040068840389,0.023013735455246404,0.22828814387321472,0.22886312007904053
3.7419999999998095,0.0678288457469493,15.831409454345703,0.20429940853481932,0.021959712212724396,0.22834980487823486,0.2289372831583023
3.7439999999998093,0.06782939514240068,15.839557647705078,0.20439629545551719,0.02091694598931644,0.22841183841228485,0.2290133684873581
3.745999999999809,0.0678299216065108,15.847877502441406,0.2044946758019197,0.019886206836614788,0.228474423289299,0.22909101843833923
3.747999999999809,0.06783041532018456,15.855401992797852,0.2045945558690515,0.018868320884716766,0.22853748500347137,0.22917000949382782
3.7499999999998086,0.0678308667662939,15.86294174194336,0.20469593985572843,0.01786418124257915,0.22860094904899597,0.22925086319446564
3.7519999999998084,0.06783126676479868,15.870677947998047,0.20479882957390427,0.016874761405245294,0.22866496443748474,0.2293330878019333
3.753999999999808,0.06783160884732778,15.878382682800293,0.2049032240870775,0.015901131848034693,0.22872906923294067,0.22941677272319794
3.755999999999808,0.06783188776615957,15.886305809020996,0.20500894379588758,0.014944480695809932,0.22879400849342346,0.22950199246406555
3.7579999999998077,0.06783209889604591,15.894624710083008,0.20511575504638896,0.014006325064698535,0.22885946929454803,0.22958911955356598
3.7599999999998075,0.06783223823333924,15.903287887573242,0.20522341487977058,0.013088288629787398,0.22892574965953827,0.2296779900789261
3.7619999999998073,0.06783230240033405,15.912371635437012,0.20533166962921218,0.012192065507644706,0.2289929986000061,0.22976869344711304
3.763999999999807,0.0678322886535847,15.921663284301758,0.2054402535358033,0.011319466742782485,0.22906126081943512,0.22986115515232086
3.765999999999807,0.06783219529323761,15.931047439575195,0.20554888752280215,0.010472475660611984,0.22913098335266113,0.22995568811893463
3.7679999999998066,0.06783202259521101,15.940635681152344,0.20565716341565649,0.009653315744389292,0.2292022705078125,0.2300519347190857
3.7699999999998064,0.06783177188193149,15.949701309204102,0.20576429520194006,0.008864519447289164,0.22927550971508026,0.23014973104000092
3.771999999999806,0.06783144546710769,15.958330154418945,0.20586942801832836,0.008109152114271741,0.22935155034065247,0.2302510142326355
3.773999999999806,0.06783104652865399,15.966355323791504,0.20597165613531382,0.007391243942079784,0.2294313609600067,0.23035793006420135
3.7759999999998057,0.06783057758901008,15.973932266235352,0.20607006105890907,0.006716050826047577,0.2295149862766266,0.23047156631946564
3.7779999999998055,0.06783004104400292,15.981287002563477,0.2061642115414657,0.006090346605770615,0.22960315644741058,0.23059295117855072
3.7799999999998053,0.06782944013341809,15.988473892211914,0.20625396128490064,0.005522653984148078,0.22969560325145721,0.23072099685668945
3.781999999999805,0.06782877890913636,15.995159149169922,0.20633910690780427,0.005023354931052563,0.22979238629341125,0.23085492849349976
3.783999999999805,0.0678280583784833,16.001272201538086,0.20641938281518263,0.004604262899124402,0.22989358007907867,0.2309938669204712
3.7859999999998046,0.06782727645619324,16.00714111328125,0.20649568735241725,0.004277181609845974,0.22999773919582367,0.23106656968593597
3.7879999999998044,0.06782644106501627,16.012462615966797,0.206570161684059,0.004051271156973337,0.2301027476787567,0.2310999482870102
3.789999999999804,0.06782558007133589,16.015167236328125,0.2066422330323523,0.0039313373063109315,0.2302069216966629,0.23112690448760986
3.791999999999804,0.06782472007766636,16.01645278930664,0.20671105433016962,0.003920963302598806,0.23031042516231537,0.2311471551656723
3.7939999999998038,0.06782388291263629,16.01637077331543,0.20677680969817835,0.004013279312571101,0.23041319847106934,0.2311629354953766
3.7959999999998035,0.06782308383685672,16.015209197998047,0.20683976521540182,0.004196345762743433,0.2305155098438263,0.23117615282535553
3.7979999999998033,0.06782233165267898,16.01324462890625,0.20690022514803585,0.0044559355744143965,0.23061740398406982,0.23118856549263
3.799999999999803,0.06782162997956688,16.01119041442871,0.20695849081043521,0.004777927361629814,0.23066607117652893,0.23120158910751343
3.801999999999803,0.06782097884163382,16.008787155151367,0.20701483401417475,0.005149714764397946,0.2307019680738449,0.23121516406536102
3.8039999999998027,0.06782037605717436,16.00617218017578,0.2070694858321318,0.005560737877982923,0.23073710501194,0.23122981190681458
3.8059999999998024,0.06781981826188253,16.003543853759766,0.20712263574837825,0.006002476309382552,0.23077109456062317,0.23124559223651886
3.807999999999802,0.06781930158624006,16.00086784362793,0.2071744360709506,0.006468194621782353,0.2308042347431183,0.2312624752521515
3.809999999999802,0.06781882206959473,15.998239517211914,0.20722586018519712,0.006952617060277432,0.23083677887916565,0.23127976059913635
3.8119999999998018,0.0678183758950901,15.995792388916016,0.20727784159329543,0.0074516177504169254,0.23086833953857422,0.23129786550998688
3.8139999999998015,0.06781795951044498,15.993475914001465,0.20733041321363238,0.007961958740504644,0.23089921474456787,0.23131655156612396
3.8159999999998013,0.06781756967966178,15.991321563720703,0.20738359703105058,0.008481081384793776,0.23092930018901825,0.23133565485477448
3.817999999999801,0.06781720349464751,15.989356994628906,0.2074374063058565,0.009006945481810549,0.23095901310443878,0.23135508596897125
3.819999999999801,0.0678168583648806,15.987585067749023,0.20749184732951015,0.009537907299202395,0.2309880256652832,0.23137511312961578
3.8219999999998007,0.06781653199596623,15.986119270324707,0.20754692080735043,0.010072627792520022,0.2310163676738739,0.23139522969722748
3.8239999999998004,0.06781622236351367,15.98489761352539,0.20760262294400178,0.010610003666290094,0.23104415833950043,0.23141567409038544
3.8259999999998002,0.06781592768593805,15.983833312988281,0.20765894629142206,0.011149115498110054,0.2310713827610016,0.23143653571605682
3.8279999999998,0.06781564639818033,15.982881546020508,0.20771588041491307,0.011689188532593528,0.23109836876392365,0.23145757615566254
3.8299999999998,0.06781537712731116,15.982063293457031,0.20777341241674602,0.012229562878811245,0.23112498223781586,0.23147885501384735
3.8319999999997996,0.06781511867044397,15.981372833251953,0.20783152735139443,0.012769670699365895,0.23115107417106628,0.2315005511045456
3.8339999999997993,0.06781486997503405,15.98080062866211,0.20789020855606571,0.013309018621594738,0.23117709159851074,0.2315223217010498
3.835999999999799,0.06781463012148341,15.980342864990234,0.2079494379164547,0.013847174068984638,0.231202632188797,0.23154455423355103
3.837999999999799,0.06781439830786973,15.979988098144531,0.20800919608153356,0.01438375455515265,0.2312280386686325,0.2315671741962433
3.8399999999997987,0.0678141738365941,15.979734420776367,0.20806946263899073,0.014918419231040382,0.23125334084033966,0.2315901666879654
3.8419999999997985,0.06781395610272634,15.979568481445312,0.2081302162594052,0.015450862158675025,0.2312784492969513,0.2316136360168457
3.8439999999997982,0.06781374458384044,15.979488372802734,0.2081914348159939,0.01598080691702825,0.23130370676517487,0.23163741827011108
3.845999999999798,0.06781353883114663,15.979484558105469,0.2082530954847484,0.01650800224350635,0.23132894933223724,0.23166145384311676
3.847999999999798,0.06781333846174654,15.979555130004883,0.20831517482905387,0.017032218486145324,0.23135420680046082,0.2316862791776657
3.8499999999997976,0.06781314315185918,15.979690551757812,0.208377648871722,0.017553244695189495,0.23137971758842468,0.23171138763427734
3.8519999999997974,0.0678129526308835,15.979888916015625,0.2084404931569394,0.018070886222329784,0.2314053475856781,0.23173697292804718
3.853999999999797,0.06781276667617671,15.98013687133789,0.20850368280395337,0.018584962725894143,0.23143135011196136,0.23176312446594238
3.855999999999797,0.06781258510845643,15.980429649353027,0.20856719255406303,0.019095306502748988,0.2314572036266327,0.2317897230386734
3.8579999999997967,0.06781240778773096,15.980772018432617,0.20863099681206693,0.019601761084909748,0.23148369789123535,0.23181696236133575
3.8599999999997965,0.06781223460968876,15.981157302856445,0.20869506968317303,0.020104180051915308,0.23151057958602905,0.23184463381767273
3.8619999999997963,0.06781206550247984,15.981584548950195,0.20875938500611835,0.020602426020181478,0.23153775930404663,0.23187297582626343
3.863999999999796,0.06781190042383707,15.982051849365234,0.208823916383151,0.02109636977834142,0.2315654158592224,0.23190176486968994
3.865999999999796,0.06781173935848876,15.982553482055664,0.20888863720737177,0.021585889543694142,0.23159360885620117,0.23193097114562988
3.8679999999997956,0.0678115823158212,15.983083724975586,0.20895352068786505,0.022070870319655742,0.23162207007408142,0.23196077346801758
3.8699999999997954,0.06781142932775863,15.983642578125,0.20901853987295815,0.02255120333789586,0.23165099322795868,0.231991246342659
3.871999999999795,0.0678112804468317,15.984230041503906,0.2090836676718963,0.023026785571804775,0.23168078064918518,0.23202238976955414
3.873999999999795,0.06781113574440512,15.984844207763672,0.20914887687516442,0.02349751931034289,0.23171095550060272,0.23205409944057465
3.8759999999997947,0.06781099530904688,15.985486030578613,0.2092141401736548,0.023963311783230627,0.2317417860031128,0.23208606243133545
3.8779999999997945,0.0678108592450186,15.986148834228516,0.20927943017683903,0.02442407482997099,0.231773242354393,0.2321186661720276
3.8799999999997943,0.0678107276708727,15.986825942993164,0.2093447194300826,0.02487972460645639,0.23180514574050903,0.23215174674987793
3.881999999999794,0.06781060071813844,15.987532615661621,0.20940998043120956,0.025330181323917147,0.23183757066726685,0.23218533396720886
3.883999999999794,0.06781047853009171,15.98825454711914,0.20947518564642154,0.025775369015813423,0.23187078535556793,0.23221957683563232
3.8859999999997936,0.06781036126059246,15.988992691040039,0.20954030752563957,0.026215215328948466,0.23190464079380035,0.23225395381450653
3.8879999999997934,0.06781024907298541,15.989725112915039,0.20960531851734382,0.026649651335643766,0.23193895816802979,0.23228885233402252
3.889999999999793,0.06781014213905438,15.990461349487305,0.20967019108296248,0.027078611364297785,0.2319740504026413,0.23232422769069672
3.891999999999793,0.06781004063802584,15.991203308105469,0.20973489771085851,0.027502032846031137,0.23200976848602295,0.23235972225666046
3.8939999999997927,0.06780994475561455,15.991962432861328,0.20979941092995363,0.027919856175444503,0.23204588890075684,0.2323959618806839
3.8959999999997925,0.06780985468310921,15.992724418640137,0.20986370332302218,0.02833202458380788,0.23208262026309967,0.23243238031864166
3.8979999999997923,0.06780977061649024,15.993488311767578,0.2099277475396834,0.02873848402320762,0.23211996257305145,0.2324690818786621
3.899999999999792,0.06780969275558377,15.994260787963867,0.20999151630911583,0.029139183060395868,0.23215776681900024,0.23250605165958405
3.901999999999792,0.06780962130324039,15.995038986206055,0.21005498245250903,0.029534072779241194,0.2321961373090744,0.23254334926605225
3.9039999999997916,0.06780955646454367,15.995821952819824,0.21011811889527598,0.029923106690818203,0.23080818355083466,0.231569305062294
3.9059999999997914,0.0678094984460423,15.99660873413086,0.21018089867903234,0.03030624065031512,0.22870175540447235,0.22945958375930786
3.907999999999791,0.06780944745500685,15.99740219116211,0.2102432949733577,0.03068343278001409,0.22658757865428925,0.2273409515619278
3.909999999999791,0.06780940369870816,15.998281478881836,0.21030528108734692,0.0310546433977157,0.22447307407855988,0.22522087395191193
3.9119999999997908,0.0678093673837189,15.999162673950195,0.21036683048095656,0.031419834950035856,0.22236672043800354,0.2231079339981079
3.9139999999997905,0.06780933871523405,16.000051498413086,0.21042791677615524,0.03177897195008551,0.22027704119682312,0.22101108729839325
3.9159999999997903,0.06780931789641244,16.000953674316406,0.2104885137678802,0.03213202091909278,0.21821284294128418,0.21893875300884247
3.91799999999979,0.06780930512773836,16.00185775756836,0.2105485954348047,0.032478950331578285,0.21618281304836273,0.21689951419830322
3.91999999999979,0.06780930060640364,16.002758026123047,0.2106081359499174,0.032819730563746825,0.21419519186019897,0.21490196883678436
3.9219999999997897,0.06780930452570634,16.003660202026367,0.2106671096909159,0.0331543338447819,0.21225780248641968,0.21295388042926788
3.9239999999997894,0.06780931707447205,16.00455093383789,0.2107254912504174,0.033482734210781406,0.21037770807743073,0.21106238663196564
3.925999999999789,0.06780933843649292,16.005434036254883,0.2107832554459843,0.03380490746108862,0.2085612416267395,0.20923396944999695
3.927999999999789,0.06780936878998571,16.006315231323242,0.2093495517018203,0.034120831116803654,0.20681369304656982,0.20747387409210205
3.9299999999997888,0.06780940830706988,16.007204055786133,0.20786313008039697,0.03443048438128419,0.20513933897018433,0.20578648149967194
3.9319999999997886,0.06780945715326614,16.00811004638672,0.20637582268174776,0.03473384810246551,0.20354071259498596,0.20417450368404388
3.9339999999997883,0.06780951548701267,16.009056091308594,0.20488821111932098,0.035030904736841874,0.20201963186264038,0.2026396542787552
3.935999999999788,0.06780958345920299,16.009998321533203,0.20340087863377987,0.03532163831497568,0.2005760669708252,0.20118199288845062
3.937999999999788,0.06780966121274346,16.010940551757812,0.20191440979214786,0.03560603440840689,0.1992088109254837,0.19980062544345856
3.9399999999997877,0.0678097488821313,16.01187515258789,0.20042939017528427,0.03588408009785709,0.19791536033153534,0.19849273562431335
3.9419999999997875,0.06780984659305178,16.012802124023438,0.19894640605339176,0.036155763942616,0.19669197499752045,0.19725508987903595
3.9439999999997872,0.06780995446199808,16.01371955871582,0.19746604404925577,0.03642107595103678,0.1955338567495346,0.1960824728012085
3.945999999999787,0.06781007259591007,16.014631271362305,0.19598889078892417,0.03668000755204433,0.19443513453006744,0.19496925175189972
3.947999999999787,0.06781020109183578,16.015539169311523,0.19451553253956516,0.03693255156758871,0.1933891326189041,0.19390873610973358
3.9499999999997866,0.06781034003661221,16.016441345214844,0.19304655483424288,0.03717870218597887,0.19238847494125366,0.19289390742778778
3.9519999999997864,0.06781048950656936,16.01734161376953,0.19158254208338693,0.03741845493603057,0.19142553210258484,0.19191670417785645
3.953999999999786,0.06781064956725318,16.01823616027832,0.19012407717275298,0.03765180666198143,0.19049255549907684,0.19096967577934265
3.955999999999786,0.06781082027317215,16.019121170043945,0.1886717410477159,0.03787875549911244,0.18958164751529694,0.19004517793655396
3.9579999999997857,0.06781100166756411,16.020002365112305,0.18722611228376063,0.03809930085004434,0.18868573009967804,0.18913553655147552
3.9599999999997855,0.06781119378218493,16.020885467529297,0.1857877666431037,0.038313443361656124,0.18779756128787994,0.18823394179344177
3.9619999999997852,0.06781139663711847,16.02176284790039,0.1843572766174073,0.038521184902593215,0.18691083788871765,0.1873341053724289
3.963999999999785,0.0678116102406079,16.02263641357422,0.1829352109566308,0.03872252854133157,0.1860201060771942,0.1864306628704071
3.965999999999785,0.06781183458890887,16.02349853515625,0.18152213418411034,0.038917478524764015,0.18512111902236938,0.1855192333459854
3.9679999999997846,0.06781206966616346,16.024356842041016,0.18011860609804087,0.039106040257280886,0.18421019613742828,0.18459640443325043
3.9699999999997844,0.06781231544429575,16.025222778320312,0.1787251812596209,0.039288220280322035,0.1832854151725769,0.18365991115570068
3.971999999999784,0.0678125718829279,16.026100158691406,0.17734240846819055,0.03946402625236882,0.18234552443027496,0.18270866572856903
3.973999999999784,0.06781283892931846,16.027008056640625,0.1759708302238142,0.03963346692936218,0.18139071762561798,0.18174304068088531
3.9759999999997837,0.0678131165183181,16.02791976928711,0.17461098217783239,0.03979655214551928,0.18042223155498505,0.1807641088962555
3.9779999999997835,0.06781340457235137,16.02882957458496,0.17326339257205153,0.03995329279453502,0.1794424057006836,0.17977432906627655
3.9799999999997833,0.0678137030014128,16.029726028442383,0.1719285816673282,0.04010370081114921,0.17845453321933746,0.1787767857313156
3.981999999999783,0.06781401170308665,16.03061294555664,0.17060706116245214,0.040247789153059516,0.1774624139070511,0.17777563631534576
3.983999999999783,0.06781433056258517,16.031452178955078,0.16929933360434085,0.04038557178317586,0.17647109925746918,0.17677567899227142
3.9859999999997826,0.06781465945280667,16.03226661682129,0.1680058917907292,0.04051706365218508,0.1754855513572693,0.17578189074993134
3.9879999999997824,0.06781499823441187,16.03307342529297,0.16672721816663413,0.040642280681434335,0.1745116263628006,0.17480014264583588
3.989999999999782,0.06781534675591894,16.03386878967285,0.16546378421606792,0.040761239746100665,0.1735546886920929,0.173835888504982
3.991999999999782,0.06781570485381862,16.034658432006836,0.1642160498505849,0.04087395865865056,0.17262041568756104,0.1728949099779129
3.9939999999997817,0.06781607235270393,16.035438537597656,0.16298446279642578,0.04098045615257079,0.17171470820903778,0.1719828099012375
3.9959999999997815,0.06781644906542093,16.036203384399414,0.16176945798215342,0.041080751866362855,0.1708424687385559,0.17110459506511688
3.9979999999997813,0.0678168347932335,16.03696060180664,0.16057145692884983,0.041174866327793054,0.17000837624073029,0.17026495933532715
3.999999999999781,0.06781722932600633,16.03769302368164,0.15939086714506448,0.04126282093838867,0.16921678185462952,0.16946819424629211
4.001999999999781,0.0678176324424041,16.03841781616211,0.15822808152887888,0.041344637958167466,0.16847100853919983,0.1687176525592804
4.003999999999781,0.06781804391010526,16.039127349853516,0.1570834777795608,0.04142034049060434,0.16777412593364716,0.1680162250995636
4.005999999999781,0.06781846348603164,16.03982925415039,0.15595741782144282,0.04148995246781264,0.1671278029680252,0.16736553609371185
4.007999999999781,0.06781889091659185,16.040523529052734,0.15485024724275012,0.0415534986359457,0.1665336936712265,0.16676725447177887
4.00999999999978,0.06781932593794007,16.04122543334961,0.15376229475222922,0.04161100454080566,0.1659919172525406,0.1662217676639557
4.01199999999978,0.0678197682762473,16.04192543029785,0.1526938716565164,0.04166249651365179,0.16550235450267792,0.16572882235050201
4.01399999999978,0.06782021764798668,16.042621612548828,0.15164527136126013,0.04170800165721036,0.16506414115428925,0.165287047624588
4.01599999999978,0.0678206737602288,16.043325424194336,0.150616768899061,0.04174754783187025,0.16467581689357758,0.16489534080028534
4.0179999999997795,0.06782113631095182,16.044015884399414,0.14960862048734136,0.04178116364206538,0.1643352061510086,0.1645514816045761
4.019999999999779,0.06782160498936231,16.044696807861328,0.14862106311925732,0.04180887842283705,0.16403982043266296,0.16425271332263947
4.021999999999779,0.06782207947622441,16.045364379882812,0.14765431419075498,0.04183072222656909,0.16378669440746307,0.1639963537454605
4.023999999999779,0.0678225594442027,16.046018600463867,0.14670857116683164,0.04184672580989434,0.16357262432575226,0.1637790948152542
4.025999999999779,0.06782304455821189,16.04666519165039,0.14578401129000498,0.04185692062076505,0.16339442133903503,0.16357950866222382
4.027999999999778,0.06782353447577671,16.047285079956055,0.1448807913338686,0.04186133878568352,0.16217666864395142,0.16228574514389038
4.029999999999778,0.0678240288474005,16.047887802124023,0.14399904740452407,0.041860013097090115,0.16090242564678192,0.16101506352424622
4.031999999999778,0.06782452731694119,16.04847526550293,0.14313889479247918,0.04185297700090016,0.15965157747268677,0.15976722538471222
4.033999999999778,0.06782502952199534,16.049053192138672,0.1423004278774587,0.041840264584191586,0.15842415392398834,0.1585426777601242
4.0359999999997775,0.06782553509428552,16.049612045288086,0.14148372008831542,0.041821910563033526,0.15722037851810455,0.1573409140110016
4.037999999999777,0.06782604366006087,16.050153732299805,0.14068882392001186,0.041797950270457726,0.1560417115688324,0.15616242587566376
4.039999999999777,0.0678265548404942,16.050682067871094,0.13991577100936864,0.04176841964456454,0.15495061874389648,0.15505848824977875
4.041999999999777,0.06782706825209323,16.051198959350586,0.1391645722709599,0.04173335521675963,0.15387731790542603,0.15398599207401276
4.043999999999777,0.06782758350710749,16.05170440673828,0.138435218094238,0.041692794100125496,0.152821883559227,0.15293163061141968
4.045999999999776,0.06782810021394699,16.05223846435547,0.13772767860261953,0.041646773977911625,0.15178558230400085,0.15189582109451294
4.047999999999776,0.06782861797759912,16.052764892578125,0.136826319530663,0.041595333092153394,0.15076927840709686,0.1508796513080597
4.049999999999776,0.06782927663271242,16.05327796936035,0.13593072182190186,0.041538510232407184,0.14977359771728516,0.14988377690315247
4.051999999999776,0.06783007847217981,16.055789947509766,0.13509869395561536,0.04147634472460249,0.14883650839328766,0.14905336499214172
4.053999999999776,0.06783102642204718,16.064353942871094,0.13432998238677069,0.04136158465765697,0.14795805513858795,0.14830197393894196
4.055999999999775,0.06783212417693482,16.068923950195312,0.1336245772355572,0.04119407320728852,0.14713869988918304,0.14763523638248444
4.057999999999775,0.06783337603331044,16.076929092407227,0.13298078554152604,0.04097373937825572,0.14637839794158936,0.1470540314912796
4.059999999999775,0.06783478695101569,16.08254623413086,0.13239526333946758,0.04070058872260906,0.1456773281097412,0.14656537771224976
4.061999999999775,0.06783636245780629,16.08983612060547,0.13186785308125845,0.04037471556445589,0.14503557980060577,0.14616969227790833
4.0639999999997745,0.06783810867144584,16.095521926879883,0.13139987070281678,0.03999630116614214,0.14445339143276215,0.14586752653121948
4.065999999999774,0.06784003224469816,16.10183334350586,0.13099473539440376,0.03956562555057088,0.14393070340156555,0.1456584483385086
4.067999999999774,0.06784214036745527,16.106903076171875,0.1306526207971153,0.039083072079076187,0.14346729218959808,0.14554302394390106
4.069999999999774,0.0678444407342417,16.11260414123535,0.13037346390886445,0.0385491416984379,0.14306384325027466,0.14552125334739685
4.071999999999774,0.06784694153699067,16.11766815185547,0.13015722724940196,0.037964464441925444,0.14272034168243408,0.14559383690357208
4.073999999999773,0.06784965144478751,16.122650146484375,0.13000384835976259,0.03732981901794877,0.14243659377098083,0.1457604616880417
4.075999999999773,0.06785257959283285,16.12701988220215,0.1299132762926293,0.03664615323888795,0.14221283793449402,0.14602181315422058
4.077999999999773,0.06785573556863869,16.13116455078125,0.12988544278516684,0.035914612779434404,0.14204925298690796,0.1463775783777237
4.079999999999773,0.06785912939988234,16.134933471679688,0.12992028334034703,0.035136574454565306,0.14194606244564056,0.14687763154506683
4.0819999999997725,0.06786277154384722,16.13872528076172,0.13001772097031386,0.0343136898994922,0.14190305769443512,0.14748574793338776
4.083999999999772,0.06786667287535478,16.141756057739258,0.1301776785721463,0.033447938504682216,0.1419205367565155,0.14819321036338806
4.085999999999772,0.0678708446776936,16.144285202026367,0.13040006997421114,0.032541695176193264,0.14199864864349365,0.1490006446838379
4.087999999999772,0.06787529863103559,16.14666748046875,0.13068480740614483,0.03159781431355097,0.14213711023330688,0.14990809559822083
4.089999999999772,0.0678800468039105,16.148555755615234,0.1310317967850174,0.030619736420835462,0.1423361897468567,0.15091638267040253
4.091999999999771,0.06788510164213096,16.150320053100586,0.13144094241474824,0.029611621591131895,0.14259546995162964,0.15202558040618896
4.093999999999771,0.06789047596031544,16.152307510375977,0.13191214471691454,0.028578518122135504,0.14291496574878693,0.1532362848520279
4.095999999999771,0.06789618293118943,16.154224395751953,0.13244530334412077,0.027526573502439342,0.1432938426733017,0.15454891324043274
4.097999999999771,0.0679022360768893,16.156030654907227,0.1330403162919653,0.02646329767579789,0.14373929798603058,0.15596406161785126
4.0999999999997705,0.0679086492584639,16.158092498779297,0.13369708207151246,0.025397886458232148,0.14429070055484772,0.1574821025133133
4.10199999999977,0.06791543666681206,16.160343170166016,0.1344154995641051,0.024341610903479475,0.14490550756454468,0.15910345315933228
4.10399999999977,0.06792261281221056,16.162723541259766,0.13519546959572265,0.023308268242091004,0.145583838224411,0.16082879900932312
4.10599999999977,0.06793019251480022,16.164836883544922,0.13603689514659006,0.022314671543750355,0.14632588624954224,0.1626582145690918
4.10799999999977,0.06793819089398626,16.16674041748047,0.13693968250422864,0.021381118656357074,0.1471315175294876,0.16459237039089203
4.109999999999769,0.06794662335842597,16.168956756591797,0.1379037415901699,0.02053172342362084,0.148001030087471,0.16663169860839844
4.111999999999769,0.06795550559516876,16.171594619750977,0.13892898678067356,0.01979441224003873,0.1489344984292984,0.16877664625644684
4.113999999999769,0.06796485355911334,16.17422103881836,0.14001533720580875,0.01920031077434685,0.14993220567703247,0.17102758586406708
4.115999999999769,0.06797409225944448,16.176685333251953,0.14116271728324667,0.01878222820749748,0.15099406242370605,0.17338474094867706
4.1179999999997685,0.06798319641542754,16.18191909790039,0.14229009943628865,0.018572090134660164,0.15204015374183655,0.17310193181037903
4.119999999999768,0.06799214145544771,16.18106460571289,0.14339559627445986,0.018581370267960112,0.1530691534280777,0.17280535399913788
4.121999999999768,0.06800090429703293,16.184377670288086,0.14447764963754783,0.018791529041718814,0.1540796309709549,0.17250531911849976
4.123999999999768,0.06800946273072556,16.184213638305664,0.14553662728484715,0.019177039709423912,0.1550724059343338,0.17224957048892975
4.125999999999768,0.06801779594092454,16.185773849487305,0.14657390024486988,0.019709768411916608,0.15604820847511292,0.17206266522407532
4.127999999999767,0.06802588408795379,16.18507957458496,0.14759115620157634,0.020361771016768355,0.15700888633728027,0.17195016145706177
4.129999999999767,0.06803371767108457,16.185150146484375,0.1485901079663032,0.021106978266805125,0.15795572102069855,0.1719128042459488
4.131999999999767,0.06804130439955941,16.18239402770996,0.1495724317962546,0.021922340558000436,0.15889082849025726,0.17197225987911224
4.133999999999767,0.06804869568927227,16.180397033691406,0.1505400837453716,0.022793227073929643,0.15981672704219818,0.1721128523349762
4.1359999999997665,0.0680559346204133,16.177978515625,0.15149677589863483,0.02371232540638168,0.16073724627494812,0.17236851155757904
4.137999999999766,0.06806305681700864,16.17648696899414,0.152445647191582,0.024669433315346195,0.1616559624671936,0.17271852493286133
4.139999999999766,0.06807009125073664,16.174724578857422,0.1533893664634748,0.025656258855701997,0.16257593035697937,0.17314676940441132
4.141999999999766,0.06807706121992008,16.17323112487793,0.15433017193503826,0.026666053377044835,0.1634991466999054,0.1736403852701187
4.143999999999766,0.06808398513010018,16.172096252441406,0.15526995423810927,0.027693293581210986,0.16442811489105225,0.17418989539146423
4.145999999999765,0.06809087728617577,16.17138671875,0.1562102957122131,0.028733436896333227,0.16536375880241394,0.1747872233390808
4.147999999999765,0.06809771147350575,16.170543670654297,0.15715253025042114,0.02978271891442806,0.1663079857826233,0.17542628943920135
4.149999999999765,0.06810435938569054,16.169822692871094,0.15809777473612904,0.030838000012665477,0.16726164519786835,0.17610202729701996
4.151999999999765,0.06811081932326973,16.16908836364746,0.15904697028828058,0.0318966400449314,0.16822580993175507,0.176810622215271
4.1539999999997645,0.06811710031013929,16.168533325195312,0.16000090559167832,0.03295640334750364,0.16920118033885956,0.17754843831062317
4.155999999999764,0.06812320918582822,16.16798210144043,0.16096024487999183,0.03401538118817892,0.1701885163784027,0.17831313610076904
4.157999999999764,0.06812915110746437,16.167404174804688,0.16192554476269133,0.03507193245394222,0.1711881160736084,0.1791023313999176
4.159999999999764,0.06813492993572658,16.166711807250977,0.16289727317440986,0.03612463501544084,0.1722007691860199,0.17991439998149872
4.161999999999764,0.06814054855442979,16.16608428955078,0.16387582139366613,0.03717224807102194,0.17322662472724915,0.1807110756635666
4.1639999999997634,0.06814600911730224,16.16555404663086,0.1648615169344582,0.038213681073483004,0.17426618933677673,0.18141289055347443
4.165999999999763,0.06815131325131082,16.16499137878418,0.16585463211548412,0.03924796934354907,0.17531968653202057,0.1821286380290985
4.167999999999763,0.06815646221376624,16.164350509643555,0.16685539289487883,0.04027425380967331,0.17638731002807617,0.1828574240207672
4.169999999999763,0.06816145702065401,16.163599014282227,0.167863984987712,0.04129176488823459,0.17746928334236145,0.18359874188899994
4.171999999999763,0.06816629854525949,16.162792205810547,0.16888055996782816,0.04229980900242359,0.17856577038764954,0.18435201048851013
4.173999999999762,0.06817098759753534,16.161930084228516,0.16990523964307674,0.0432977577132344,0.1794726848602295,0.1851169466972351
4.175999999999762,0.06817552498414588,16.16100311279297,0.17093812029871164,0.04428503857281302,0.1803831309080124,0.18589326739311218
4.177999999999762,0.068179911555516,16.160015106201172,0.17197927582972242,0.04526112765796115,0.1813051998615265,0.18668101727962494
4.179999999999762,0.06818414824017835,16.158992767333984,0.17302876070664994,0.046225543250288895,0.18223892152309418,0.1874799281358719
4.1819999999997615,0.06818823607030577,16.15802764892578,0.17408661221650998,0.047177840618080724,0.18318429589271545,0.18829019367694855
4.183999999999761,0.06819217619883726,16.157024383544922,0.1751528525406265,0.048117607575693486,0.18414145708084106,0.18911170959472656
4.185999999999761,0.0681959699106098,16.155914306640625,0.17622749035275748,0.04904446077898766,0.18511050939559937,0.18994460999965668
4.187999999999761,0.06819961862791671,16.15475845336914,0.17731052227339306,0.04995804255694653,0.1860915869474411,0.19078925251960754
4.189999999999761,0.06820312391201164,16.153553009033203,0.1784019340021728,0.0508580182438494,0.18708500266075134,0.19164566695690155
4.19199999999976,0.06820648746092413,16.15231704711914,0.1795017013304972,0.051744073886898584,0.18809084594249725,0.19251440465450287
4.19399999999976,0.06820971110457304,16.150970458984375,0.18060979093539808,0.05261591429999509,0.18910931050777435,0.1933956742286682
4.19599999999976,0.06821279679747533,16.149700164794922,0.18172616107718298,0.053473261384068764,0.19014066457748413,0.19428971409797668
4.19799999999976,0.06821574660969752,16.148395538330078,0.18285076214683688,0.054315852690525045,0.1911851465702057,0.1951972395181656
4.1999999999997595,0.0682185627162924,16.147043228149414,0.1839835371381618,0.055143440176288666,0.1922430396080017,0.1961185187101364
4.201999999999759,0.06822124738564773,16.145524978637695,0.18512442201594487,0.055955789132046255,0.19331467151641846,0.19705402851104736
4.203999999999759,0.06822380296694178,16.143802642822266,0.1862733460265455,0.05675267724974542,0.1944003850221634,0.19800418615341187
4.205999999999759,0.06822623187699733,16.14202117919922,0.18743023193629832,0.05753389381507159,0.19550038874149323,0.1987219601869583
4.207999999999759,0.06822853658667848,16.14018440246582,0.1885949962268118,0.05829923900214098,0.19655470550060272,0.19917410612106323
4.209999999999758,0.06823071960703898,16.138277053833008,0.1897675492402745,0.05904852325942046,0.19711463153362274,0.19962482154369354
4.211999999999758,0.06823278347533077,16.136306762695312,0.19094779529327166,0.05978156677132498,0.19767101109027863,0.20007359981536865
4.213999999999758,0.06823473074101984,16.13426971435547,0.19213563275635315,0.060498198987069464,0.1982237696647644,0.20052006840705872
4.215999999999758,0.06823656395189315,16.13218879699707,0.19323393250438853,0.06119825820598089,0.19877208769321442,0.20096425712108612
4.2179999999997575,0.06823828564036043,16.130090713500977,0.19430773453620387,0.061881591212815716,0.19931533932685852,0.20140565931797028
4.219999999999757,0.06823989831002056,16.12791633605957,0.195387671438768,0.06254805295546625,0.1998530775308609,0.20184388756752014
4.221999999999757,0.06824140442255897,16.125696182250977,0.19647367572733843,0.06319750626011435,0.20038507878780365,0.20227877795696259
4.223999999999757,0.06824280638503726,16.12340545654297,0.1975656730253827,0.0638298215783737,0.20091040432453156,0.20270994305610657
4.225999999999757,0.06824410653761766,16.121028900146484,0.1986635819745617,0.0644448767626355,0.2014288306236267,0.20313750207424164
4.227999999999756,0.06824530714177023,16.118579864501953,0.19976731414646748,0.06504255686564452,0.20194026827812195,0.20356127619743347
4.229999999999756,0.06824641036899785,16.116060256958008,0.20087677395889691,0.06562275396140507,0.20244447886943817,0.20398138463497162
4.231999999999756,0.06824741829010655,16.11347770690918,0.20199185859705032,0.06618536698448838,0.20294177532196045,0.20439814031124115
4.233999999999756,0.06824833286505326,16.11082649230957,0.20311245794146082,0.06673030158551112,0.2034318745136261,0.20481185615062714
4.2359999999997555,0.06824915593338751,16.108068466186523,0.2042384545030586,0.06725747000060048,0.20391583442687988,0.20522351562976837
4.237999999999755,0.06824988920531352,16.10519027709961,0.20536972336654125,0.06776679093312728,0.20439371466636658,0.20563356578350067
4.239999999999755,0.06825053425337875,16.10227394104004,0.20650613214238178,0.06825818944606257,0.20486675202846527,0.20604339241981506
4.241999999999755,0.06825109250481094,16.099308013916016,0.20764754092821247,0.06873159686362969,0.20533592998981476,0.20645414292812347
4.243999999999755,0.06825156523450893,16.0961971282959,0.2087938022798146,0.06918695068099812,0.20580308139324188,0.20686742663383484
4.245999999999754,0.06825195355869237,16.09288787841797,0.20994476119215588,0.06962419448099293,0.20626966655254364,0.20728561282157898
4.247999999999754,0.06825225842922455,16.089527130126953,0.21110025509058522,0.07004327785686143,0.20673762261867523,0.20771004259586334
4.249999999999754,0.06825248062860283,16.086078643798828,0.21226011383242832,0.07044415634029308,0.2072092890739441,0.20814365148544312
4.251999999999754,0.06825262076562286,16.0825138092041,0.21342415971897805,0.07082679133396257,0.20768748223781586,0.20858895778656006
4.2539999999997535,0.06825267927171522,16.078773498535156,0.21452156839519665,0.07119115004795992,0.20817455649375916,0.20904837548732758
4.255999999999753,0.06825265639795326,16.074928283691406,0.21459611599277534,0.0715372054395526,0.20867370069026947,0.20952539145946503
4.257999999999753,0.06825255221272865,16.07098388671875,0.21466897114875078,0.071864936155774,0.2091880887746811,0.21002258360385895
4.259999999999753,0.06825236660008897,16.06700897216797,0.21474009466888072,0.07217432647841011,0.2097207009792328,0.2105395793914795
4.261999999999753,0.06825209925873087,16.063053131103516,0.21480944924629342,0.07246536627099243,0.21027497947216034,0.21107153594493866
4.263999999999752,0.06825174970164305,16.058990478515625,0.21487699941345656,0.07273805092745995,0.21085414290428162,0.21162159740924835
4.265999999999752,0.0682513172563888,16.054841995239258,0.2149427114963251,0.07299238132217904,0.21146135032176971,0.21219322085380554
4.267999999999752,0.06825080106601815,16.050643920898438,0.2150065535705461,0.0732283637610667,0.21209968626499176,0.21278953552246094
4.269999999999752,0.06825020009059693,16.046674728393555,0.21506849541959994,0.0734460099335706,0.21277174353599548,0.21341291069984436
4.2719999999997516,0.06824951310934517,16.042631149291992,0.21512850849477344,0.07364533686530221,0.21348050236701965,0.21406711637973785
4.273999999999751,0.0682487387233652,16.038516998291016,0.21518656587686147,0.07382636687113554,0.21422803401947021,0.21475419402122498
4.275999999999751,0.06824787535894963,16.03432846069336,0.21524264223951112,0.07398912750861422,0.2150162309408188,0.2154769003391266
4.277999999999751,0.06824692127145147,16.03006935119629,0.21529671381411924,0.07413365153151409,0.2158464938402176,0.2162366807460785
4.279999999999751,0.06824587454970252,16.02574920654297,0.2153487583562101,0.07425997684344171,0.2167196273803711,0.2170354425907135
4.2819999999997505,0.0682447331209588,16.02138328552246,0.21539875511321727,0.07436814645135624,0.2176366001367569,0.21787433326244354
4.28399999999975,0.06824349475636034,16.016971588134766,0.21544668479360685,0.07445820841891304,0.21859712898731232,0.2187536656856537
4.28599999999975,0.06824215707688107,16.012483596801758,0.2154925295372771,0.07453021581954755,0.2196003496646881,0.21967372298240662
4.28799999999975,0.06824071755975498,16.007783889770508,0.21553627288718025,0.07458422668922014,0.22064581513404846,0.22063395380973816
4.28999999999975,0.06823917354535258,16.002960205078125,0.2155778997621116,0.07462030397875874,0.22173157334327698,0.22163346409797668
4.291999999999749,0.06823752224449273,15.998029708862305,0.21561739643061634,0.07463851550574481,0.22285579144954681,0.22266919910907745
4.293999999999749,0.068235760746163,15.993062019348145,0.21565475048596988,0.07463893390588631,0.22401617467403412,0.22373712062835693
4.295999999999749,0.06823388602563041,15.9880952835083,0.21568995082218417,0.07462163658384331,0.22520968317985535,0.22483442723751068
4.297999999999749,0.06823189495291906,15.98307991027832,0.21572298761100522,0.07458670566346808,0.22613146901130676,0.22595813870429993
4.2999999999997485,0.06822978430162989,15.978017807006836,0.21575385227985766,0.07453422793742225,0.22613605856895447,0.22617216408252716
4.301999999999748,0.06822755075808358,15.972869873046875,0.21578253749070547,0.07446429481616061,0.22614063322544098,0.22617793083190918
4.303999999999748,0.06822519093075742,15.96766471862793,0.21580903711978966,0.07437700227624726,0.2261447012424469,0.22618354856967926
4.305999999999748,0.06822270135999667,15.962339401245117,0.2158333462382157,0.07427245080799355,0.22614847123622894,0.2261890172958374
4.307999999999748,0.06822007852797482,15.95694637298584,0.21585546109335435,0.07415074536240845,0.2261519581079483,0.2261938899755478
4.309999999999747,0.06821731886887543,15.951515197753906,0.21587537909102972,0.07401199529744341,0.22615475952625275,0.2261987030506134
4.311999999999747,0.06821441877927804,15.946065902709961,0.21589309877846652,0.07385631432353536,0.22615739703178406,0.22620318830013275
4.313999999999747,0.06821137462871442,15.940275192260742,0.2159086198279641,0.07368382044844025,0.22615954279899597,0.2262069433927536
4.315999999999747,0.06820818277037867,15.934408187866211,0.2159219430212751,0.0734946359213555,0.2261611968278885,0.22621072828769684
4.3179999999997465,0.06820483955195851,15.928507804870605,0.21593307023466124,0.0732888871763371,0.22616229951381683,0.22621402144432068
4.319999999999746,0.06820134132657257,15.92259407043457,0.21594200442460154,0.07306670477501352,0.2261631190776825,0.22621692717075348
4.321999999999746,0.06819768446378019,15.916681289672852,0.21594874961412258,0.07282822334860371,0.22616341710090637,0.22621938586235046
4.323999999999746,0.06819386536064201,15.910768508911133,0.21595331087973468,0.07257358153924906,0.22616316378116608,0.22622150182724
4.325999999999746,0.06818988045281159,15.90485954284668,0.21595569433894324,0.07230292194066783,0.22616226971149445,0.22622305154800415
4.327999999999745,0.06818572622562703,15.89895248413086,0.21595590713831259,0.07201639103814515,0.2261611521244049,0.2262243628501892
4.329999999999745,0.06818139922518344,15.89327335357666,0.21595395744205825,0.07171413914787671,0.22615955770015717,0.2262250781059265
4.331999999999745,0.06817689606936043,15.887741088867188,0.21594985442114384,0.07139632035567522,0.22615723311901093,0.2262253761291504
4.333999999999745,0.0681722134587855,15.882204055786133,0.2159436082428603,0.0710630924550634,0.22615443170070648,0.22622527182102203
4.3359999999997445,0.06816734818770304,15.876747131347656,0.21593523006085624,0.07071461688476965,0.22615134716033936,0.22622467577457428
4.337999999999744,0.06816229715473575,15.871435165405273,0.21592473200560636,0.07035105866565126,0.22614754736423492,0.22622370719909668
4.339999999999744,0.06815705737350998,15.866157531738281,0.21591212717528346,0.06997258633706081,0.226143479347229,0.22622200846672058
4.341999999999744,0.06815162598312856,15.860918045043945,0.21589742962701497,0.06957937189268809,0.22613893449306488,0.22621972858905792
4.343999999999744,0.06814600025846568,15.855661392211914,0.2158806543684993,0.06917159071589954,0.2261340469121933,0.22621656954288483
4.345999999999743,0.06814017762027007,15.85046100616455,0.21586181734995463,0.0687494215146053,0.22612865269184113,0.22621282935142517
4.347999999999743,0.06813415564505135,15.845327377319336,0.21584093545637734,0.06831304625567845,0.2261226624250412,0.2262084186077118
4.349999999999743,0.06812793207473469,15.840263366699219,0.2158180265000854,0.06786265009896682,0.22611625492572784,0.2262030839920044
4.351999999999743,0.06812150482606537,15.835294723510742,0.21579310921352102,0.06739842133092368,0.22610975801944733,0.2261972725391388
4.3539999999997425,0.06811487199974435,15.830436706542969,0.2157662032422854,0.0669205512978964,0.22610272467136383,0.22619080543518066
4.355999999999742,0.06810803188928134,15.825664520263672,0.21573732913838511,0.0664292343391089,0.22609543800354004,0.22618386149406433
4.357999999999742,0.06810098298954964,15.820989608764648,0.21570650835365984,0.06592466771938228,0.2260877639055252,0.22617626190185547
4.359999999999742,0.06809374937294159,15.81641674041748,0.21567376323336745,0.06540705156163089,0.22607986629009247,0.22616839408874512
4.361999999999742,0.06808650846867235,15.81197738647461,0.21563911700990612,0.06487658877918147,0.22607161104679108,0.22616015374660492
4.363999999999741,0.06807929977392578,15.807640075683594,0.21560259379663937,0.06433348500796905,0.2260633409023285,0.22615112364292145
4.365999999999741,0.06807212933526427,15.803342819213867,0.2155642185818072,0.0637779485386464,0.22605475783348083,0.22614191472530365
4.367999999999741,0.06806500305370171,15.799110412597656,0.21552401722249365,0.06321019024867913,0.22604605555534363,0.22613228857517242
4.369999999999741,0.06805792667723896,15.794981002807617,0.21548201643863035,0.06263042353447089,0.22603709995746613,0.22612282633781433
4.3719999999997405,0.06805090579372719,15.790987014770508,0.21543824380700727,0.062038864243588066,0.22602811455726624,0.22611269354820251
4.37399999999974,0.0680439458240682,15.787115097045898,0.2153927277552728,0.06143573060714256,0.22601908445358276,0.22610247135162354
4.37599999999974,0.06803705201575602,15.783357620239258,0.215345497555894,0.06082124317241356,0.2260100245475769,0.22609232366085052
4.37799999999974,0.06803022943677765,15.779722213745117,0.21529658332006235,0.06019562473577398,0.22600091993808746,0.22608187794685364
4.37999999999974,0.068023482969871,15.776208877563477,0.21524601599151683,0.05955910027600339,0.22599169611930847,0.2260715365409851
4.381999999999739,0.06801681730715575,15.772855758666992,0.21519382734026782,0.05891189688808267,0.22598294913768768,0.22606129944324493
4.383999999999739,0.06801023694513415,15.76966381072998,0.2151400499562005,0.058254243717551196,0.22597406804561615,0.22605103254318237
4.385999999999739,0.06800374618007744,15.7666015625,0.21508471724254324,0.05758637189553407,0.22596542537212372,0.2260410189628601
4.387999999999739,0.06799734910379378,15.763699531555176,0.2150278634091784,0.0569085144745484,0.22595703601837158,0.22603124380111694
4.3899999999997386,0.06799104959978734,15.760948181152344,0.21496952346578557,0.05622090636519901,0.22594864666461945,0.22602170705795288
4.391999999999738,0.0679848513398092,15.758333206176758,0.214909733214802,0.05552378427389637,0.22594070434570312,0.2260124832391739
4.393999999999738,0.0679787577808028,15.755812644958496,0.21484852924418874,0.05481738664173049,0.22593316435813904,0.22600360214710236
4.395999999999738,0.06797277216224785,15.753421783447266,0.21478594891998987,0.05410195358465,0.22592571377754211,0.22599518299102783
4.397999999999738,0.06796689750389899,15.75106430053711,0.2147220303786853,0.05337772683511032,0.2259187549352646,0.22598740458488464
4.3999999999997375,0.06796113660392315,15.748815536499023,0.21465681251932406,0.05264494968536893,0.225912407040596,0.2259800285100937
4.401999999999737,0.06795549203743649,15.746713638305664,0.21459033499544233,0.05190386693261815,0.22590652108192444,0.22597339749336243
4.403999999999737,0.06794996615543156,15.744712829589844,0.21452263820676287,0.05115472482617336,0.22590112686157227,0.22596776485443115
4.405999999999737,0.06794456108410386,15.74287223815918,0.2144537632906856,0.0503977710169481,0.2258962243795395,0.225962832570076
4.407999999999737,0.06793927872456393,15.741189956665039,0.2143837521135728,0.049633254509477163,0.2258920818567276,0.22595864534378052
4.409999999999736,0.0679341207529404,15.739614486694336,0.21431264726184446,0.04886142561676925,0.22588860988616943,0.22595565021038055
4.411999999999736,0.06792908862086279,15.738197326660156,0.21424049203289963,0.04808253591831276,0.22588582336902618,0.22595342993736267
4.413999999999736,0.06792418355632417,15.736928939819336,0.21416733042588487,0.04729683822157847,0.22588376700878143,0.22595258057117462
4.415999999999736,0.06791940656491417,15.73580551147461,0.21409320713234065,0.046504586527421406,0.22588250041007996,0.22595247626304626
4.4179999999997355,0.06791475843141946,15.734817504882812,0.21401816752675262,0.04570603599980963,0.22588206827640533,0.22595374286174774
4.419999999999735,0.06791023972178176,15.733988761901855,0.21394225765705432,0.044901442940383104,0.225882425904274,0.22595615684986115
4.421999999999735,0.06790585078540572,15.73331069946289,0.21386552423512362,0.04409106476838415,0.22588399052619934,0.2259599268436432
4.423999999999735,0.06790159175781374,15.733016967773438,0.2137880146273332,0.043275160006589576,0.22588619589805603,0.2259647697210312
4.425999999999735,0.06789746256363148,15.733154296875,0.21370977684521164,0.04245398827394664,0.225889652967453,0.22597108781337738
4.427999999999734,0.06789346291989944,15.733488082885742,0.21363085953629984,0.04162781028570862,0.225894033908844,0.22597891092300415
4.429999999999734,0.06788959233970039,15.733957290649414,0.21355131197527838,0.040796887861984495,0.22589950263500214,0.22598786652088165
4.431999999999734,0.06788585013609097,15.734565734863281,0.21347118405547327,0.039961483945729986,0.22590619325637817,0.22599849104881287
4.433999999999734,0.06788223542632847,15.73532485961914,0.21339052628084498,0.03912186263137965,0.22591407597064972,0.22601065039634705
4.4359999999997335,0.0678787471363807,15.73623275756836,0.21330938975859676,0.03827828920546983,0.2259230762720108,0.22602428495883942
4.437999999999733,0.06787538400570714,15.737232208251953,0.21322782619254232,0.03743103020083868,0.22593313455581665,0.22603954374790192
4.439999999999733,0.06787214459230122,15.738334655761719,0.21314588787740868,0.03658035346621014,0.2259446680545807,0.22605635225772858
4.441999999999733,0.0678690272779803,15.739587783813477,0.2130636171315522,0.035726528253281944,0.22595752775669098,0.22607488930225372
4.443999999999733,0.06786603027391178,15.740989685058594,0.2129806202136154,0.03486982532377831,0.22597160935401917,0.2260950207710266
4.445999999999732,0.06786315162636335,15.742534637451172,0.21289669492414526,0.03401051707934495,0.22598721086978912,0.22611688077449799
4.447999999999732,0.06786038922266314,15.744216918945312,0.21281186915338302,0.03314887771767421,0.22600412368774414,0.22614045441150665
4.449999999999732,0.06785774079736068,15.746062278747559,0.21272617176334796,0.03228518341884793,0.22602233290672302,0.22616571187973022
4.451999999999732,0.0678552039385736,15.748274803161621,0.21263963262959534,0.03141971256663456,0.22604228556156158,0.22619277238845825
4.4539999999997315,0.06785277609450699,15.750688552856445,0.2125522826861393,0.03055274601036134,0.22606363892555237,0.22622163593769073
4.455999999999731,0.06785045458013815,15.753171920776367,0.21246415397407137,0.02968456737409498,0.2260863184928894,0.22625195980072021
4.457999999999731,0.06784823658404983,15.755765914916992,0.21237527969448916,0.028815463421218768,0.226110577583313,0.22628438472747803
4.459999999999731,0.06784611917540531,15.758615493774414,0.21228569426647598,0.027945724484164478,0.22613655030727386,0.22631844878196716
4.461999999999731,0.06784409931105151,15.76161003112793,0.21219543339101088,0.02707564497115661,0.226163849234581,0.22635439038276672
4.46399999999973,0.06784217384274563,15.76474380493164,0.21210471059558345,0.026205523964438763,0.22619284689426422,0.22639210522174835
4.46599999999973,0.06784033952449149,15.767988204956055,0.21201424340499897,0.025335665927756396,0.2262234091758728,0.22643157839775085
4.46799999999973,0.06783859301998808,15.77131462097168,0.21192415915680546,0.024466381545043943,0.22625550627708435,0.2264728844165802
4.46999999999973,0.06783693091017726,15.774721145629883,0.2118345218164056,0.023597988717634754,0.22628933191299438,0.22651591897010803
4.4719999999997295,0.06783534970089662,15.778255462646484,0.21174539619415483,0.022730813754174562,0.22632473707199097,0.22656062245368958
4.473999999999729,0.0678338458306396,15.781943321228027,0.21165684803142998,0.02186519279636885,0.22636175155639648,0.22660723328590393
4.475999999999729,0.0678324156784268,15.785715103149414,0.21156894410454102,0.02100147353536672,0.22640040516853333,0.22665530443191528
4.477999999999729,0.06783105557180923,15.789602279663086,0.21148175234991567,0.020140017289004573,0.22644062340259552,0.22670532763004303
4.479999999999729,0.067829761795022,15.793621063232422,0.21139534201476096,0.019281201530651656,0.22648237645626068,0.2267570048570633
4.481999999999728,0.0678285305973269,15.797910690307617,0.21130978383840476,0.018425422988001885,0.22652602195739746,0.22681015729904175
4.483999999999728,0.06782735820158792,15.802314758300781,0.2112251502707741,0.01757310146765324,0.22657115757465363,0.22686530649662018
4.485999999999728,0.06782624081316013,15.806816101074219,0.21114151573610684,0.016724684612809213,0.22661785781383514,0.2269217073917389
4.487999999999728,0.06782517462918056,15.811439514160156,0.21105895695208188,0.01588065387301309,0.2266661822795868,0.22697971761226654
4.4899999999997275,0.06782415584840881,15.816194534301758,0.21097755331732526,0.015041532065490686,0.22671596705913544,0.2270393967628479
4.491999999999727,0.06782318068180543,15.821046829223633,0.21089738738382247,0.014207893051186962,0.2267674207687378,0.22710058093070984
4.493999999999727,0.0678222453641256,15.825803756713867,0.2108185454355424,0.013380374255894596,0.2268202006816864,0.2271631807088852
4.495999999999727,0.06782134616690187,15.830398559570312,0.21074111820083608,0.012559693070857445,0.22687464952468872,0.22722682356834412
4.497999999999727,0.0678204794133739,15.835176467895508,0.2106652017345239,0.011746668619577677,0.22693070769309998,0.22729213535785675
4.499999999999726,0.06781964149613315,15.840136528015137,0.21059089851657092,0.010942251061410602,0.22698818147182465,0.22735841572284698
4.501999999999726,0.06781882889862104,15.845304489135742,0.21051831882869565,0.010147561652741534,0.22704684734344482,0.22742612659931183
4.503999999999726,0.06781803822212829,15.850555419921875,0.21044758248870976,0.009363948424585383,0.2271067500114441,0.2274947315454483
4.505999999999726,0.06781726622073253,15.8560152053833,0.2103788210449296,0.008593064927111326,0.22716818749904633,0.2275642603635788
4.507999999999726,0.06781650984777728,15.861736297607422,0.21031218055740947,0.007836983638323006,0.22723042964935303,0.22763469815254211
4.509999999999725,0.0678157663192168,15.867713928222656,0.2102478251109846,0.0070983623015429854,0.2272942066192627,0.22770576179027557
4.511999999999725,0.067815033201556,15.874006271362305,0.2101859411933124,0.006380692086637187,0.22735890746116638,0.22777730226516724
4.513999999999725,0.06781430853500676,15.88072395324707,0.2101267429659296,0.005688672787398084,0.22742415964603424,0.2278493344783783
4.515999999999725,0.0678135910044476,15.88784408569336,0.21007047809718654,0.005028782599585241,0.22749017179012299,0.22792084515094757
4.5179999999997245,0.067812880908467,15.895140647888184,0.21001743282419466,0.004410129997672775,0.2275569885969162,0.22799210250377655
4.519999999999724,0.06781218037651549,15.903311729431152,0.209967637954538,0.003845650313422432,0.22762419283390045,0.22806374728679657
4.521999999999724,0.06781149230727276,15.912823677062988,0.20992092197961038,0.003353406873035785,0.22769173979759216,0.2281361073255539
4.523999999999724,0.06781081928548344,15.922922134399414,0.20987730136480331,0.002956252735175875,0.22775934636592865,0.22820688784122467
4.525999999999724,0.06781016192761673,15.932477951049805,0.209837133812179,0.0026790607428041516,0.22782675921916962,0.22827215492725372
4.527999999999723,0.06780952205646028,15.939449310302734,0.20980123445997323,0.002541922588682034,0.22789283096790314,0.2283262312412262
4.529999999999723,0.06780889910497272,15.944900512695312,0.20976914068996905,0.0025513408125082773,0.22795763611793518,0.2283734232187271
4.531999999999723,0.06780829045476028,15.948400497436523,0.20974007870189887,0.0026908961179956505,0.22802084684371948,0.22841714322566986
4.533999999999723,0.06780769268375617,15.950042724609375,0.20971321464442377,0.0029317377324780377,0.2280827760696411,0.22845976054668427
4.5359999999997225,0.06780710255605878,15.950329780578613,0.20968785756414177,0.003245287305599205,0.2281438112258911,0.22850395739078522
4.537999999999722,0.06780651743305627,15.949830055236816,0.20966351676356387,0.003609260228358749,0.22820423543453217,0.22855010628700256
4.539999999999722,0.06780593532266854,15.948907852172852,0.20963987260346484,0.004007980134177931,0.2282642275094986,0.22859793901443481
4.541999999999722,0.06780535478715918,15.947793960571289,0.2096167272945204,0.00443079386035419,0.22832363843917847,0.22864781320095062
4.543999999999722,0.06780477482338244,15.946626663208008,0.2095939635004228,0.00487047189254122,0.22838319838047028,0.22869886457920074
4.545999999999721,0.06780419475518079,15.94549560546875,0.20957151533018287,0.0053220388852883525,0.22844251990318298,0.22875137627124786
4.547999999999721,0.06780361414825346,15.944463729858398,0.20954934944524023,0.00578199904442407,0.2285017967224121,0.22880472242832184
4.549999999999721,0.06780303274552822,15.943548202514648,0.20952745299906123,0.006247838083802447,0.22856102883815765,0.2288588285446167
4.551999999999721,0.06780245041942204,15.94273853302002,0.20950582600914813,0.006717703856074915,0.2286204695701599,0.228913813829422
4.5539999999997205,0.06780186713658039,15.942039489746094,0.2094844764813431,0.007190199459706281,0.22867992520332336,0.2289692908525467
4.55599999999972,0.06780128293206795,15.941476821899414,0.20946341729002182,0.007664247212821324,0.22873947024345398,0.22902508080005646
4.55799999999972,0.06780069789030933,15.94101333618164,0.2094426641477416,0.008138997604515448,0.22879888117313385,0.22908145189285278
4.55999999999972,0.06780011213110837,15.94064998626709,0.209422234286749,0.00861376728495865,0.2288585901260376,0.22913827002048492
4.56199999999972,0.06779952579929308,15.940380096435547,0.20940214558859133,0.009087996050957683,0.22891826927661896,0.22919510304927826
4.563999999999719,0.06779893905711637,15.94019889831543,0.20938241601593804,0.00956121651811422,0.22897806763648987,0.2292521744966507
4.565999999999719,0.06779835207864067,15.94009780883789,0.20936306323719228,0.010033032371753526,0.22903810441493988,0.22930948436260223
4.567999999999719,0.06779776504564876,15.940074920654297,0.20934410438507828,0.010503102543229302,0.22909797728061676,0.22936692833900452
4.569999999999719,0.06779717814465984,15.940122604370117,0.20932555590130336,0.010971129520197213,0.2291577160358429,0.22942446172237396
4.5719999999997185,0.06779659156480672,15.940237998962402,0.20930743344254266,0.011436850601475784,0.22921788692474365,0.2294819951057434
4.573999999999718,0.06779600549633932,15.940410614013672,0.20928955310683128,0.011900031265075191,0.22927789390087128,0.22953976690769196
4.575999999999718,0.06779542012961573,15.940651893615723,0.20927166600872932,0.01236046008332776,0.22933796048164368,0.229597270488739
4.577999999999718,0.06779483565445012,15.940945625305176,0.20925379591013316,0.012817944776663462,0.22939792275428772,0.22965474426746368
4.579999999999718,0.06779425225973484,15.941289901733398,0.2092359671968616,0.01327230912153234,0.22945788502693176,0.22971221804618835
4.581999999999717,0.0677936701332645,15.94167709350586,0.20921820336074726,0.013723390501317033,0.22951772809028625,0.22976942360401154
4.583999999999717,0.0677930894617095,15.942109107971191,0.2092005270415463,0.014171037950067397,0.22957740724086761,0.22982662916183472
4.585999999999717,0.06779251043069665,15.942575454711914,0.20918296006697085,0.014615110574811404,0.22963714599609375,0.2298838496208191
4.587999999999717,0.06779193322497085,15.943068504333496,0.20916552349076656,0.01505547627361439,0.22969655692577362,0.2299407720565796
4.5899999999997165,0.06779135802860417,15.943593978881836,0.2091482376282569,0.01549201068500951,0.2297562211751938,0.22999732196331024
4.591999999999716,0.06779078502524151,15.94413948059082,0.20913112208951434,0.015924596321256583,0.22981536388397217,0.23005397617816925
4.593999999999716,0.067790214398365,15.944723129272461,0.20911419580997787,0.01635312184781083,0.22987468540668488,0.23011019825935364
4.595999999999716,0.06778964633156291,15.945327758789062,0.20909747707873744,0.016777481480718753,0.2299334704875946,0.23016610741615295
4.597999999999716,0.06778908100879984,15.945943832397461,0.20908098356449567,0.01719757447920842,0.22999200224876404,0.23022180795669556
4.599999999999715,0.06778851861467622,15.946575164794922,0.20906473233942358,0.017613304716107912,0.2300504595041275,0.23027725517749786
4.601999999999715,0.06778795933467557,15.94723129272461,0.20904873990099693,0.01802458031193178,0.23010867834091187,0.23033234477043152
4.603999999999715,0.06778740335539368,15.947900772094727,0.20903302219201114,0.018431313321648723,0.23016656935214996,0.23038692772388458
4.605999999999715,0.06778685086474501,15.948587417602539,0.20901759461888408,0.018833419465073584,0.23022428154945374,0.23044106364250183
4.6079999999997145,0.06778630205215157,15.949286460876465,0.2090024720684217,0.019230817893739285,0.23028145730495453,0.23049506545066833
4.609999999999714,0.06778575710870319,15.950006484985352,0.2089876689231499,0.019623430988308876,0.2303384691476822,0.23054851591587067
4.611999999999714,0.06778521622729491,15.950756072998047,0.20897319907536577,0.02001118418177142,0.23039503395557404,0.23060168325901031
4.613999999999714,0.06778467960273818,15.951515197753906,0.2089590759400065,0.020394005804432017,0.23014631867408752,0.22905704379081726
4.615999999999714,0.06778414743184824,15.95228385925293,0.20894534824720823,0.020771826947463257,0.2279304713010788,0.2268683910369873
4.6179999999997134,0.0677836199135041,15.953060150146484,0.20893225299928003,0.021144581342274208,0.22567331790924072,0.2246387004852295
4.619999999999713,0.06778309724868495,15.953832626342773,0.208919831744175,0.021512205253461286,0.22337660193443298,0.22236977517604828
4.621999999999713,0.06778257964048078,15.954609870910645,0.2089080845119355,0.021874637383418837,0.22104330360889435,0.22006501257419586
4.623999999999713,0.0677820672940812,15.955368041992188,0.2088970109169952,0.022231818787024057,0.2186775803565979,0.2177285999059677
4.625999999999713,0.06778156041673818,15.95609188079834,0.20888661017216242,0.022583692795039446,0.21628475189208984,0.2153656780719757
4.627999999999712,0.06778105921770974,15.956823348999023,0.20887688110233138,0.022930204945084652,0.21387100219726562,0.2129833698272705
4.629999999999712,0.06778056390817927,15.957552909851074,0.20886782215793154,0.023271302919197535,0.2114439755678177,0.21058876812458038
4.631999999999712,0.06778007470115764,15.958288192749023,0.20885943142812563,0.023606936487148497,0.20901192724704742,0.20819078385829926
4.633999999999712,0.06777959181136269,15.959020614624023,0.20885170665377284,0.02393705745479236,0.20658454298973083,0.2057984173297882
4.6359999999997115,0.06777911545508197,15.95976734161377,0.20884464524016144,0.024261619616831757,0.20417127013206482,0.20342165231704712
4.637999999999711,0.06777864585001898,15.960546493530273,0.2088382442695243,0.024580578713464602,0.20178307592868805,0.20107075572013855
4.639999999999711,0.06777818321512086,15.961322784423828,0.20883250051334357,0.024893892390449455,0.19942983984947205,0.19875609874725342
4.641999999999711,0.06777772777039355,15.962098121643066,0.20882741044445385,0.025201520162185787,0.19712260365486145,0.196488156914711
4.643999999999711,0.06777727973669834,15.962869644165039,0.20882297024894914,0.025503423377459037,0.19487109780311584,0.1942765861749649
4.64599999999971,0.06777683933554211,15.963638305664062,0.20881917583790188,0.025799565187546582,0.19268487393856049,0.19213071465492249
4.64799999999971,0.0677764067888484,15.96440315246582,0.20754392785446996,0.02608991051641453,0.1905728578567505,0.1900588572025299
4.64999999999971,0.0677759823187212,15.965171813964844,0.205999594399358,0.026374426032768745,0.18854236602783203,0.1880681812763214
4.65199999999971,0.06777556614719918,15.9659423828125,0.204457405425787,0.026653080123755748,0.1865992695093155,0.18616464734077454
4.6539999999997095,0.0677751584959975,15.966712951660156,0.20291797016534924,0.02692584287013366,0.1847486048936844,0.18435262143611908
4.655999999999709,0.06777475958624456,15.967480659484863,0.2013818979902326,0.027192686022745095,0.18299317359924316,0.18263459205627441
4.657999999999709,0.06777436963821111,15.968241691589355,0.19984979805862624,0.027453582980156207,0.18133418262004852,0.18101175129413605
4.659999999999709,0.06777398887103174,15.968997955322266,0.198322278945732,0.027708508767335424,0.17977122962474823,0.1794833391904831
4.661999999999709,0.067773617502422,15.969745635986328,0.19679994826006386,0.027957440015253243,0.17830172181129456,0.17804650962352753
4.663999999999708,0.0677732557483919,15.970487594604492,0.19528341224477014,0.02820035494131348,0.17692208290100098,0.17669755220413208
4.665999999999708,0.06777290382295344,15.971223831176758,0.19377327536371225,0.028437233330522234,0.1756262183189392,0.17543061077594757
4.667999999999708,0.0677725619378282,15.971948623657227,0.19227013987210134,0.02866805651731244,0.1744077354669571,0.17423880100250244
4.669999999999708,0.06777223030215129,15.97266960144043,0.19077460537151114,0.02889280736796131,0.17325830459594727,0.1731138825416565
4.6719999999997075,0.06777190912217519,15.973381042480469,0.1892872683491545,0.029111470263532203,0.17216889560222626,0.1720469743013382
4.673999999999707,0.06777159860097316,15.974084854125977,0.18780872170135843,0.02932403108328596,0.17113029956817627,0.17102879285812378
4.675999999999707,0.0677712989381414,15.974778175354004,0.186339554241242,0.029530477188510932,0.17013263702392578,0.17004963755607605
4.677999999999707,0.0677710103295048,15.975464820861816,0.184880350190671,0.029730797406730007,0.1691659837961197,0.1690995842218399
4.679999999999707,0.06777073296682416,15.976144790649414,0.18343168865665282,0.029924982016236647,0.16822119057178497,0.16816957294940948
4.681999999999706,0.06777046703750267,15.976814270019531,0.1819941430924117,0.03011302273093282,0.16728904843330383,0.1672508418560028
4.683999999999706,0.0677702127243017,15.977473258972168,0.180568280743504,0.030294912685426965,0.1663619875907898,0.1663355827331543
4.685999999999706,0.06776997020505378,15.97812271118164,0.17915466207941533,0.03047064642037223,0.16543328762054443,0.16541743278503418
4.687999999999706,0.06776973965238449,15.978769302368164,0.1777538402112176,0.030640219868006253,0.1644972264766693,0.16449099779129028
4.6899999999997055,0.06776952123343757,15.979408264160156,0.17636636029598923,0.03080363033788258,0.16355010867118835,0.16355234384536743
4.691999999999705,0.0677693151096054,15.980039596557617,0.17499275892881422,0.030960876502761293,0.16258931159973145,0.16259939968585968
4.693999999999705,0.06776912143626475,15.980661392211914,0.17363356352334716,0.031111958384644332,0.16161413490772247,0.16163130104541779
4.695999999999705,0.06776894036252193,15.98127269744873,0.17228929168205107,0.03125687734093873,0.16062526404857635,0.16064900159835815
4.697999999999705,0.06776877203096096,15.981884002685547,0.17096045055740153,0.031395636050728065,0.15962515771389008,0.15965493023395538
4.699999999999704,0.06776861657740214,15.982484817504883,0.16964753620547804,0.031528238501143294,0.1586172878742218,0.15865257382392883
4.701999999999704,0.06776847413066654,15.983074188232422,0.16835103293356413,0.031654689973815334,0.15760648250579834,0.15764720737934113
4.703999999999704,0.06776834481234888,15.983652114868164,0.1670714126435181,0.031774997031401034,0.15659867227077484,0.15664464235305786
4.705999999999704,0.0677682287366003,15.98421859741211,0.1658091605068569,0.031889167504170916,0.1556006520986557,0.1556515395641327
4.7079999999997035,0.06776812600991781,15.984781265258789,0.16456485435923632,0.03199721047664979,0.15461981296539307,0.1546754390001297
4.709999999999703,0.0677680367309445,15.985332489013672,0.163338943300613,0.0320991362743017,0.15366318821907043,0.15372349321842194
4.711999999999703,0.06776796099027849,15.985870361328125,0.16213184266777741,0.03219495645024968,0.15273894369602203,0.15280389785766602
4.713999999999703,0.06776789887029153,15.986392974853516,0.16094395171985365,0.0322846837720293,0.15185412764549255,0.1519235521554947
4.715999999999703,0.06776785044495792,15.986906051635742,0.1597756529937758,0.03236833220836167,0.15101578831672668,0.15108974277973175
4.717999999999702,0.06776781577969258,15.987403869628906,0.1586273116739113,0.03244591691594755,0.1502302885055542,0.15030869841575623
4.719999999999702,0.06776786732015647,15.987890243530273,0.1574992749789931,0.03251745422627427,0.14950308203697205,0.14958582818508148
4.721999999999702,0.06776800948188642,15.995401382446289,0.15640558151333772,0.03258296163243083,0.14887955784797668,0.14905348420143127
4.723999999999702,0.0677682466296699,16.003341674804688,0.155348419857344,0.03263121052722154,0.148358553647995,0.1486387699842453
4.7259999999997016,0.06776858423334321,16.006040573120117,0.15432788064432798,0.03266470458686812,0.1479472815990448,0.14837054908275604
4.727999999999701,0.06776902818695087,16.01109504699707,0.1533441543374083,0.03268405688171127,0.14764317870140076,0.14824511110782623
4.729999999999701,0.0677695853325603,16.01287078857422,0.1523972858837266,0.03269002278250856,0.14745043218135834,0.14827129244804382
4.731999999999701,0.06777026307017146,16.01674461364746,0.1514873684327877,0.03268338368919035,0.14736369252204895,0.14843632280826569
4.733999999999701,0.06777106964957096,16.01862907409668,0.1506143965254663,0.032665041546202256,0.1473836749792099,0.14874285459518433
4.7359999999997004,0.06777201394555758,16.021007537841797,0.14977838334862695,0.03263595440700198,0.147503063082695,0.14917698502540588
4.7379999999997,0.06777310561608514,16.022159576416016,0.14897927330946603,0.03259719277393452,0.1477188766002655,0.1497364342212677
4.7399999999997,0.06777435497053078,16.023704528808594,0.14821701327627446,0.03254990517478807,0.14802280068397522,0.15040723979473114
4.7419999999997,0.06777577305107002,16.024335861206055,0.14749150093424054,0.0324953524737337,0.14840896427631378,0.15118347108364105
4.7439999999997,0.06777737155269195,16.02466583251953,0.1468026283787836,0.032434890568907186,0.14886821806430817,0.1520521640777588
4.745999999999699,0.06777916286062981,16.02375602722168,0.146150252026717,0.032369991815390714,0.14939385652542114,0.153005912899971
4.747999999999699,0.0677811599987314,16.02301788330078,0.14553421962978352,0.03230223709482274,0.1499767303466797,0.15403321385383606
4.749999999999699,0.06778319573028956,16.02130889892578,0.1449543531695593,0.03223332928933388,0.15060952305793762,0.15512721240520477
4.751999999999699,0.06778526490699524,16.022768020629883,0.1443862775812436,0.03216508985807393,0.15121641755104065,0.1554369181394577
4.7539999999996985,0.06778736292540721,16.018217086791992,0.1438298653852503,0.03210803907244271,0.15181618928909302,0.1557687520980835
4.755999999999698,0.06778948515878348,16.018173217773438,0.1432852172301142,0.032061299412112255,0.15238767862319946,0.15609538555145264
4.757999999999698,0.06779162737961844,16.014673233032227,0.14275229085386998,0.03202410026314416,0.15294237434864044,0.15642604231834412
4.759999999999698,0.06779378545420171,16.013870239257812,0.1422311811582731,0.031995662170989356,0.15346810221672058,0.15674574673175812
4.761999999999698,0.0677959555666027,16.011266708374023,0.14172189794715268,0.0319752802378991,0.15397140383720398,0.15611028671264648
4.763999999999697,0.06779813405292796,16.0101318359375,0.14122453209325334,0.031962259921458944,0.1532716155052185,0.1551777720451355
4.765999999999697,0.06780031751792062,16.00824737548828,0.1407391223844636,0.031955962262118186,0.15244364738464355,0.15426278114318848
4.767999999999697,0.06780250274319433,16.00718879699707,0.14026575385494355,0.031955767994239,0.151631161570549,0.15336564183235168
4.769999999999697,0.06780468674570121,16.005474090576172,0.13980447799905885,0.03196110180324197,0.15083450078964233,0.15248693525791168
4.7719999999996965,0.06780686672499829,16.004230499267578,0.1393553708139903,0.03197141199638571,0.1500537246465683,0.15162719786167145
4.773999999999696,0.06780927095218638,16.002525329589844,0.1389184849946807,0.0319861832501243,0.14928945899009705,0.15078634023666382
4.775999999999696,0.06781190739377063,16.000389099121094,0.13853741331424116,0.03200492484698452,0.1485910713672638,0.15059016644954681
4.777999999999696,0.06781478439406585,16.003387451171875,0.13821166055207848,0.0319743671035396,0.1479582041501999,0.15047110617160797
4.779999999999696,0.06781791098938683,16.00248908996582,0.13775193714285408,0.031894463045509844,0.14739006757736206,0.15043099224567413
4.781999999999695,0.06782129662692482,16.00537109375,0.13726621794929,0.031765244251451226,0.1468861699104309,0.15046919882297516
4.783999999999695,0.06782495131696423,16.006441116333008,0.1368421682504349,0.03158690880799148,0.14644576609134674,0.15058457851409912
4.785999999999695,0.06782888548312029,16.009727478027344,0.13647950443022303,0.031359767358375326,0.14606861770153046,0.1507754921913147
4.787999999999695,0.06783311002977062,16.012123107910156,0.13617803467746856,0.03108429929849678,0.14575393497943878,0.15104101598262787
4.7899999999996945,0.06783763626247555,16.01551055908203,0.13593752844998236,0.030761132761743845,0.14550167322158813,0.15137998759746552
4.791999999999694,0.06784247591229338,16.017112731933594,0.1357578104705773,0.030391087752237752,0.14531101286411285,0.1517917662858963
4.793999999999694,0.06784764109293125,16.01905059814453,0.1356386860492979,0.02997518026091954,0.14518219232559204,0.1522756665945053
4.795999999999694,0.06785314430398454,16.02064323425293,0.13557999435560142,0.02951466476508105,0.14511415362358093,0.1528313159942627
4.797999999999694,0.06785899840677154,16.023284912109375,0.1355815657599732,0.029011059729566677,0.14510738849639893,0.153457909822464
4.799999999999693,0.06786521661785411,16.025798797607422,0.13564325208369066,0.028466199643183063,0.14516106247901917,0.15416164696216583
4.801999999999693,0.06787181249396675,16.02838134765625,0.13576490231558377,0.027882284474308607,0.1452753096818924,0.15495657920837402
4.803999999999693,0.06787879992145598,16.030824661254883,0.1359463798739743,0.0272619518641402,0.145449697971344,0.1558428257703781
4.805999999999693,0.06788619310531038,16.03369903564453,0.13618754887630444,0.02660835796768463,0.14568419754505157,0.15682077407836914
4.8079999999996925,0.06789400655715773,16.036203384399414,0.13648828408140568,0.025925282726282386,0.14597845077514648,0.15789015591144562
4.809999999999692,0.06790225508585733,16.039047241210938,0.13684846321473418,0.025217254125684707,0.1463327705860138,0.15905120968818665
4.811999999999692,0.06791095378517391,16.041940689086914,0.13726797277707106,0.024489701959032037,0.14674675464630127,0.16030427813529968
4.813999999999692,0.0679201180246842,16.04475212097168,0.1377467038287218,0.023749139543316467,0.14722034335136414,0.16164909303188324
4.815999999999692,0.0679297634375009,16.04732894897461,0.13828455544383628,0.02300337859202082,0.14775362610816956,0.16308631002902985
4.817999999999691,0.067939905910909,16.049835205078125,0.13888143244579726,0.0222617725837756,0.14834634959697723,0.16461609303951263
4.819999999999691,0.06795056157418301,16.052034378051758,0.1395372474923925,0.021535481106738762,0.14899884164333344,0.1662389189004898
4.821999999999691,0.0679617467886881,16.053884506225586,0.14025191988117763,0.020837732072392756,0.14971093833446503,0.1679551601409912
4.823999999999691,0.06797280629529197,16.0556697845459,0.1410253768058649,0.020184041452566748,0.150482639670372,0.16976505517959595
4.8259999999996905,0.06798371155170921,16.062294006347656,0.1417893686080995,0.019592321893241994,0.1512429416179657,0.1693200021982193
4.82799999999969,0.06799443507167999,16.062963485717773,0.14254290278826248,0.019108889596723886,0.1519918292760849,0.16890272498130798
4.82999999999969,0.06800495091851444,16.067691802978516,0.1432848216063029,0.018734386899356442,0.15272799134254456,0.16850942373275757
4.83199999999969,0.06801523423774175,16.068723678588867,0.1440141504437679,0.018467206241591812,0.15345118939876556,0.1681404709815979
4.83399999999969,0.06802526158961372,16.071943283081055,0.14472991197932453,0.018303344990061452,0.15416085720062256,0.16779477894306183
4.835999999999689,0.06803501063397739,16.072704315185547,0.14543133898089378,0.01823649842195902,0.15485648810863495,0.16747312247753143
4.837999999999689,0.06804446035442238,16.07400131225586,0.14611757412518875,0.01825837395575233,0.1555374413728714,0.1671716272830963
4.839999999999689,0.0680535908681269,16.07366371154785,0.14678877949959968,0.01835913242115183,0.15620379149913788,0.16691285371780396
4.841999999999689,0.06806238356021162,16.073665618896484,0.1474453484848598,0.01852831812872155,0.15685607492923737,0.16669826209545135
4.8439999999996886,0.06807082095179492,16.072072982788086,0.14808788250002014,0.01875525781827968,0.15749509632587433,0.16652922332286835
4.845999999999688,0.06807885497507031,16.070209503173828,0.1487171067585766,0.019029517178687443,0.15812107920646667,0.16640526056289673
4.847999999999688,0.06808631805099029,16.067550659179688,0.1493338606950789,0.019341243316284146,0.15873508155345917,0.16632676124572754
4.849999999999688,0.06809321488226132,16.064664840698242,0.14993888016238746,0.019681392501471825,0.1593383401632309,0.16629251837730408
4.851999999999688,0.0680996128701194,16.0615291595459,0.15053285853499354,0.020045846238632495,0.15993180871009827,0.16629661619663239
4.8539999999996875,0.0681055706481171,16.058399200439453,0.1511180190892054,0.020433081093205255,0.16051799058914185,0.16636963188648224
4.855999999999687,0.06811113836519458,16.05559539794922,0.15169643172947705,0.02083872933673931,0.16109967231750488,0.16650256514549255
4.857999999999687,0.06811635890866166,16.052799224853516,0.1522699735984984,0.02125897875370156,0.16167882084846497,0.16668713092803955
4.859999999999687,0.06812126895142204,16.049863815307617,0.15284034665373616,0.021690571340806097,0.16225746273994446,0.16691696643829346
4.861999999999687,0.0681258998807528,16.04741096496582,0.153409087034715,0.022130725091752183,0.16283749043941498,0.1671864241361618
4.863999999999686,0.06813027858192869,16.044858932495117,0.15397758252214705,0.022577062699422386,0.1634203940629959,0.16749176383018494
4.865999999999686,0.06813442811916046,16.04238510131836,0.154547084139033,0.023027550669785936,0.16400763392448425,0.16782927513122559
4.867999999999686,0.06813836830660007,16.039823532104492,0.15511872145493585,0.023480446047022135,0.1646004021167755,0.1681964099407196
4.869999999999686,0.06814211619920527,16.037368774414062,0.1556935137158643,0.023934251880886052,0.16520020365715027,0.16859064996242523
4.8719999999996855,0.06814568650383225,16.034992218017578,0.15627238244675648,0.024387679012128568,0.16580766439437866,0.16901057958602905
4.873999999999685,0.06814909193075461,16.032901763916016,0.15685616109422598,0.024839614388777805,0.16642391681671143,0.16945452988147736
4.875999999999685,0.06815234348844006,16.03109359741211,0.15744560506019442,0.025289094114699505,0.1670498251914978,0.16992171108722687
4.877999999999685,0.06815545073504536,16.029266357421875,0.15804139964035357,0.02573528113139967,0.16768614947795868,0.17041069269180298
4.879999999999685,0.06815842198984721,16.02739715576172,0.15864416786377084,0.02617744629026914,0.16833359003067017,0.17092132568359375
4.881999999999684,0.06816126451352224,16.025522232055664,0.15925447684494007,0.02661495263875416,0.16899295151233673,0.17145279049873352
4.883999999999684,0.06816398466014775,16.023666381835938,0.15987284384336595,0.027047242091208006,0.1696643978357315,0.17200446128845215
4.885999999999684,0.0681665880068311,16.02178382873535,0.16049974125988692,0.027473824312697282,0.17034904658794403,0.17257638275623322
4.887999999999684,0.0681690794633026,16.019901275634766,0.16113560128953683,0.02789426727127281,0.17104701697826385,0.17316821217536926
4.8899999999996835,0.06817146336541482,16.01807403564453,0.1617808198074363,0.028308189315395454,0.17175884544849396,0.1737794429063797
4.891999999999683,0.06817374355436613,16.016212463378906,0.16243575992467457,0.028715252420812392,0.17248502373695374,0.17441031336784363
4.893999999999683,0.06817592344429861,16.01430892944336,0.16310075498523052,0.029115156494494736,0.17322586476802826,0.17498846352100372
4.895999999999683,0.06817800607966497,16.012392044067383,0.163776111271868,0.029507634502860796,0.1739819049835205,0.1754840463399887
4.897999999999683,0.06817999418415722,16.01045036315918,0.1644621103004613,0.029892448338674667,0.17462176084518433,0.17599277198314667
4.899999999999682,0.06818189020225471,16.008499145507812,0.16515901086910498,0.030269385273359435,0.17520852386951447,0.17651498317718506
4.901999999999682,0.06818369633462744,16.006458282470703,0.16586705080132816,0.03063825493043035,0.1758061945438385,0.17705079913139343
4.903999999999682,0.06818541456817759,16.00433349609375,0.16658644848830756,0.030998886678219293,0.17641493678092957,0.17760038375854492
4.905999999999682,0.06818704670159517,16.0021915435791,0.1673174042019593,0.03135112739395495,0.17703530192375183,0.17816407978534698
4.9079999999996815,0.06818859436700357,16.00003433227539,0.1680601012462958,0.03169483953075245,0.1776675581932068,0.17874190211296082
4.909999999999681,0.0681900590483161,15.997871398925781,0.16881470693625195,0.03202989945190656,0.17831219732761383,0.17933446168899536
4.911999999999681,0.06819144209673923,15.995759963989258,0.1695813734481765,0.03235619598589697,0.1789696365594864,0.17994195222854614
4.913999999999681,0.06819274474386337,15.993624687194824,0.17036023854010296,0.032673629175647256,0.1796402931213379,0.18056459724903107
4.915999999999681,0.06819396811266586,15.991466522216797,0.17115142617145349,0.032982109189933786,0.18032453954219818,0.1812029778957367
4.91799999999968,0.06819511322675241,15.989288330078125,0.171955047024561,0.033281555377246246,0.1810230314731598,0.18185748159885406
4.91999999999968,0.06819618101807444,15.987079620361328,0.17277119894841092,0.0335718954396821,0.18173611164093018,0.18252842128276825
4.92199999999968,0.06819717233336178,15.984884262084961,0.17359996732876262,0.03385306471218411,0.18246427178382874,0.18321636319160461
4.92399999999968,0.06819808793945517,15.982619285583496,0.17444142539903223,0.034125005531265074,0.18320806324481964,0.18392176926136017
4.9259999999996795,0.06819892852770867,15.980325698852539,0.17529563449658786,0.034387666682222026,0.18396803736686707,0.1846449226140976
4.927999999999679,0.06819969471760434,15.977998733520508,0.17616264427482986,0.03464100291349214,0.18474452197551727,0.18538671731948853
4.929999999999679,0.06820038705970598,15.975639343261719,0.17704249287554213,0.03488497450989173,0.18553835153579712,0.18614724278450012
4.931999999999679,0.06820100603806048,15.973237991333008,0.17793520706916532,0.03511954691651253,0.18616437911987305,0.18646684288978577
4.933999999999679,0.06820155207213657,15.970807075500488,0.17884080236702088,0.03534469040705745,0.18636921048164368,0.1866496503353119
4.935999999999678,0.06820202551838947,15.96833610534668,0.17975928311121925,0.03556037979059175,0.18656381964683533,0.1868237555027008
4.937999999999678,0.0682024266715174,15.965826034545898,0.18069064254572703,0.035766594152,0.18674668669700623,0.18698836863040924
4.939999999999678,0.06820275576547136,15.963292121887207,0.18163486287294867,0.035963316621696426,0.18691709637641907,0.187142476439476
4.941999999999678,0.06820301297427592,15.960683822631836,0.18253328810561764,0.03615053417101952,0.18707434833049774,0.1872854381799698
4.9439999999996775,0.06820319841270175,15.95804214477539,0.18333897979999714,0.0363282374299752,0.18721696734428406,0.1874161958694458
4.945999999999677,0.06820331213683489,15.955327987670898,0.18415584017169062,0.03649642052461607,0.18734458088874817,0.18753400444984436
4.947999999999677,0.06820335414457519,15.952579498291016,0.18498390231302242,0.03665508093154887,0.18745702505111694,0.18763890862464905
4.949999999999677,0.06820332437609346,15.94980239868164,0.1858231877150719,0.03680421934748767,0.18755358457565308,0.18773001432418823
4.951999999999677,0.06820322271427469,15.94698715209961,0.18667370616739376,0.03694383957196294,0.18763481080532074,0.1878051459789276
4.953999999999676,0.06820304898516853,15.944194793701172,0.18753545566472418,0.03707394840157829,0.18770074844360352,0.18786397576332092
4.955999999999676,0.06820280295846771,15.94140625,0.18840842232219657,0.03719455553437808,0.1877521425485611,0.1879071593284607
4.957999999999676,0.06820248434802778,15.938587188720703,0.18929258030051882,0.03730567348309338,0.18779052793979645,0.1879359781742096
4.959999999999676,0.06820209281244292,15.935735702514648,0.19018789174226625,0.0374073174961565,0.18781699240207672,0.18795146048069
4.961999999999676,0.06820162795569192,15.93282699584961,0.19109430672036143,0.037499505485534525,0.18783415853977203,0.1879560500383377
4.963999999999675,0.06820108932785891,15.929864883422852,0.19201176319957403,0.03758225796053184,0.18784396350383759,0.18795207142829895
4.965999999999675,0.0682004764259414,15.926872253417969,0.19294018701177434,0.037655597966826174,0.18784967064857483,0.18794216215610504
4.967999999999675,0.06819978869474605,15.923851013183594,0.19387949184550102,0.03771955103007256,0.1878540962934494,0.18792995810508728
4.969999999999675,0.06819902552788393,15.920829772949219,0.19482957925029282,0.03777414510351908,0.18786181509494781,0.18791887164115906
4.9719999999996745,0.06819818626886263,15.917959213256836,0.19579033865610274,0.037819410519103557,0.18787634372711182,0.1879134327173233
4.973999999999674,0.06819727021228153,15.915106773376465,0.19676164740800484,0.03785537994161337,0.18790234625339508,0.1879182606935501
4.975999999999674,0.06819627660512895,15.912237167358398,0.19774337081629445,0.03788208832548806,0.18794456124305725,0.18793776631355286
4.977999999999674,0.06819520464818404,15.909343719482422,0.19873536222200505,0.03789957287393452,0.1880078762769699,0.18797682225704193
4.979999999999674,0.06819405349752225,15.906424522399902,0.19973746307774937,0.037907873000044355,0.1880972534418106,0.18804043531417847
4.981999999999673,0.06819282226612196,15.90349006652832,0.2007495030437394,0.037907030289642284,0.18821783363819122,0.18813388049602509
4.983999999999673,0.06819151002557444,15.900534629821777,0.20177130009875072,0.0378970884656258,0.18837453424930573,0.18826204538345337
4.985999999999673,0.06819011580789192,15.89756965637207,0.2028026606657395,0.03787809335359305,0.18857237696647644,0.18842989206314087
4.987999999999673,0.06818863860741024,15.894584655761719,0.2038433797517506,0.037850092848565456,0.1888159066438675,0.18864232301712036
4.9899999999996725,0.06818707738278955,15.891609191894531,0.20489324110171936,0.03781313688264808,0.18910932540893555,0.18890336155891418
4.991999999999672,0.0681854310591003,15.888662338256836,0.20595201736570484,0.0377672773934799,0.1894565373659134,0.18921737372875214
4.993999999999672,0.06818369852999953,15.885663032531738,0.20701947027906442,0.03771256829335156,0.18986092507839203,0.1895875334739685
4.995999999999672,0.0681818786599868,15.882631301879883,0.20809535085504083,0.037649065438874356,0.19032490253448486,0.19001662731170654
4.997999999999672,0.06817997028674065,15.879602432250977,0.20917939958920034,0.037576826601108865,0.19085076451301575,0.19050659239292145
4.999999999999671,0.06817797222352795,15.876638412475586,0.21027130776364084,0.03749591143606148,0.1914399415254593,0.19105909764766693
