time,dist,gamma,real_dist,tar_dist,pred_dist,pred_distv
0.002,0.06802353888085752,18.174203872680664,0.24007869507236734,0.7974475440378651,0.20405595004558563,0.20405595004558563
0.004,0.06802377151417,18.17169761657715,0.23929063847390758,0.7974475440378651,0.2039991021156311,0.20397071540355682
0.006,0.06802411996986328,18.168060302734375,0.23850468294226995,0.7973877520329082,0.20388683676719666,0.20377516746520996
0.008,0.06802458238619265,18.165464401245117,0.23772113185575416,0.7972686948669092,0.20371919870376587,0.20347216725349426
0.01,0.0680251559343679,18.162307739257812,0.23694033038318874,0.797090809100509,0.20349788665771484,0.2030649036169052
0.012,0.06802583661495021,18.159465789794922,0.23616260814071405,0.796854523673819,0.20322352647781372,0.2025558352470398
0.014,0.068026619420729,18.156238555908203,0.23538832204033744,0.7965602022967591,0.20289693772792816,0.20194771885871887
0.016,0.06802749822354136,18.153474807739258,0.23461782202309067,0.7962081936360503,0.20251896977424622,0.2012425810098648
0.018000000000000002,0.06802846587324163,18.15033721923828,0.23385147634944814,0.7957987977545684,0.20209071040153503,0.2004426270723343
0.020000000000000004,0.0680295141378159,18.147371292114258,0.23308965107386548,0.7953322968191378,0.2016124278306961,0.19955013692378998
0.022000000000000006,0.06803063376470216,18.144107818603516,0.23233272493323037,0.7948089357186955,0.20108528435230255,0.1985672563314438
0.024000000000000007,0.06803181445174387,18.141124725341797,0.23158107701546715,0.7942289410316276,0.20051051676273346,0.19749648869037628
0.02600000000000001,0.06803304488631097,18.13809585571289,0.23083509549185255,0.7935925099871668,0.1998884379863739,0.19634008407592773
0.02800000000000001,0.06803431273362222,18.13496971130371,0.23009517018036196,0.7928998223190045,0.19921988248825073,0.19510100781917572
0.030000000000000013,0.06803560466263947,18.13178253173828,0.2293592525344329,0.7921510341176761,0.1985062211751938,0.19378192722797394
0.032000000000000015,0.06803690634374565,18.128549575805664,0.22861808234657816,0.791346285347736,0.19774791598320007,0.1923855096101761
0.034000000000000016,0.06803820246654922,18.125347137451172,0.22787089378037823,0.7904856965499343,0.19694635272026062,0.1909162998199463
0.03600000000000002,0.06803947674218183,18.122432708740234,0.22711789678819871,0.7895693736960969,0.1961022913455963,0.18937736749649048
0.03800000000000002,0.0680407119159258,18.119556427001953,0.22635889240147805,0.7885974065364237,0.19521647691726685,0.1877732127904892
0.04000000000000002,0.06804188977135771,18.11669921875,0.22559140747701678,0.7875698718059628,0.19429075717926025,0.1861087679862976
0.04200000000000002,0.0680429911394094,18.113666534423828,0.22481493052293994,0.7864868325085405,0.1933257281780243,0.1843896061182022
0.044000000000000025,0.0680439959027606,18.110614776611328,0.22404000797608337,0.7853483400922,0.1923227608203888,0.18262162804603577
0.04600000000000003,0.06804488300221664,18.106977462768555,0.22327363855700444,0.784154434255389,0.1912834197282791,0.18081197142601013
0.04800000000000003,0.06804563044043517,18.10312271118164,0.22251635057910385,0.7829051444697751,0.1902085542678833,0.17896784842014313
0.05000000000000003,0.06804621528609361,18.099102020263672,0.22176866382359184,0.7816004900684091,0.18910014629364014,0.17709794640541077
0.05200000000000003,0.06804661367644252,18.093734741210938,0.22103108894372142,0.7802404813497242,0.18795986473560333,0.17521211504936218
0.054000000000000034,0.06804680081951742,18.088233947753906,0.2203041274637096,0.778825119810111,0.18678906559944153,0.17332011461257935
0.056000000000000036,0.06804675099523763,18.08249282836914,0.21958827135906872,0.7773543989750203,0.18558983504772186,0.17143434286117554
0.05800000000000004,0.06804643755579848,18.076560974121094,0.21888400300007904,0.7758283046987337,0.18436385691165924,0.16956670582294464
0.06000000000000004,0.06804583292517492,18.070598602294922,0.2181917948554704,0.7742468158147379,0.18311385810375214,0.16773079335689545
0.06200000000000004,0.06804490859776233,18.064796447753906,0.2175121094213318,0.7726099044606635,0.18184158205986023,0.16594114899635315
0.06400000000000004,0.068043635136224,18.058826446533203,0.21684539901705585,0.7709175366070413,0.18054993450641632,0.16421358287334442
0.06600000000000004,0.0680419821684171,18.052684783935547,0.2161921057245696,0.7691696723856732,0.17924174666404724,0.1625644713640213
0.06800000000000005,0.06803991838356095,18.04623031616211,0.21555266125840322,0.7673662665353509,0.17791947722434998,0.16101065278053284
0.07000000000000005,0.06803741152747601,18.03938102722168,0.2149274869304842,0.765507268723468,0.17658650875091553,0.15957045555114746
0.07200000000000005,0.06803442839706746,18.03226661682129,0.21431699358385398,0.763592623934393,0.17524607479572296,0.15826231241226196
0.07400000000000005,0.06803093483389779,18.02484893798828,0.21372158159237414,0.761622272780541,0.17390210926532745,0.15710528194904327
0.07600000000000005,0.06802689571699541,18.0174560546875,0.21314164085203074,0.7595961518508971,0.17255835235118866,0.156119242310524
0.07800000000000006,0.0680222749547737,18.010311126708984,0.21257755082120255,0.7575141940111921,0.1712189018726349,0.15532514452934265
0.08000000000000006,0.06801703547618074,18.00325584411621,0.21202309031781907,0.7553763287247985,0.16988851130008698,0.15474385023117065
0.08200000000000006,0.0680111392209787,17.996089935302734,0.21145750048432693,0.7531824823433593,0.1685715615749359,0.1543978750705719
0.08400000000000006,0.06800454712924614,17.989131927490234,0.21089007070470744,0.7509325784088114,0.16727301478385925,0.15431098639965057
0.08600000000000006,0.06799721913003584,17.981666564941406,0.2103267658732293,0.7486265379365832,0.16599851846694946,0.15450666844844818
0.08800000000000006,0.06798940020913002,17.973894119262695,0.2097681673311429,0.7462642797051632,0.1647535264492035,0.15501001477241516
0.09000000000000007,0.06798175419862826,17.965816497802734,0.20921487148321993,0.7438457205342246,0.16354377567768097,0.15541447699069977
0.09200000000000007,0.06797433282023957,17.957469940185547,0.20866372365957558,0.7413707755665804,0.1623755693435669,0.15573932230472565
0.09400000000000007,0.06796716104498714,17.948484420776367,0.20811433363363524,0.7388393585435403,0.16125507652759552,0.15643510222434998
0.09600000000000007,0.06796026440404233,17.93896484375,0.207572892391162,0.7362513820829937,0.16018898785114288,0.15738189220428467
0.09800000000000007,0.06795366899867164,17.929039001464844,0.20703912590387946,0.733606757954155,0.1591840535402298,0.1585206687450409
0.10000000000000007,0.06794740151034524,17.918437957763672,0.20651275270959218,0.7309053973547144,0.15824711322784424,0.15981674194335938
0.10200000000000008,0.06794148921096137,17.907007217407227,0.2059934848123448,0.728147211186927,0.15738552808761597,0.16122902929782867
0.10400000000000008,0.06793595997315352,17.895414352416992,0.20548102860335415,0.7253321103362105,0.15660642087459564,0.16270998120307922
0.10600000000000008,0.0679308422806443,17.883136749267578,0.204975085802731,0.7224600059503149,0.1559171974658966,0.1642293930053711
0.10800000000000008,0.06792616523860608,17.870086669921875,0.20447535441950165,0.7195308097213307,0.15532565116882324,0.16580206155776978
0.11000000000000008,0.06792195858399601,17.8565673828125,0.20398152972933836,0.7165444341694922,0.15483883023262024,0.167491614818573
0.11200000000000009,0.06791825269582036,17.842355728149414,0.20349330526798204,0.7135007929302497,0.15446513891220093,0.16936343908309937
0.11400000000000009,0.0679150786052971,17.827526092529297,0.20301037383943704,0.7103998010441014,0.15421171486377716,0.1705802083015442
0.11600000000000009,0.06791246800587455,17.810314178466797,0.2025283869662804,0.7072413752501621,0.15408694744110107,0.1692892163991928
0.11800000000000009,0.06791045326306665,17.79308319091797,0.20202792207001075,0.7040254342832778,0.15409834682941437,0.16831108927726746
0.12000000000000009,0.067909067424069,17.7747745513916,0.20150815636762615,0.7007518991753726,0.15425416827201843,0.16768239438533783
0.1220000000000001,0.06790834422710822,17.756481170654297,0.2009698322058337,0.6974206935610076,0.15456229448318481,0.1674342304468155
0.1240000000000001,0.06790831811049508,17.7377986907959,0.20041273718843178,0.6940317439876696,0.1549811214208603,0.16759033501148224
0.12600000000000008,0.06790902422132686,17.719701766967773,0.1998366729434965,0.6905849802308744,0.1549312174320221,0.16816829144954681
0.12800000000000009,0.06791049842380951,17.70046043395996,0.19924145567403334,0.6870803356144978,0.1551145315170288,0.16918082535266876
0.1300000000000001,0.06791277730714901,17.67976188659668,0.1986269167469073,0.683517747336485,0.15547814965248108,0.17063789069652557
0.1320000000000001,0.06791589819297106,17.65913963317871,0.1979929033222252,0.6798971568002962,0.15597744286060333,0.1719164252281189
0.1340000000000001,0.06791989914222772,17.637372970581055,0.19733927902552495,0.6762185099522834,0.1565849781036377,0.16740506887435913
0.1360000000000001,0.06792481896154573,17.613853454589844,0.19666592466519983,0.6724817576253229,0.15728585422039032,0.16287848353385925
0.1380000000000001,0.06793069720897028,17.586225509643555,0.1959727389977497,0.6686868558889464,0.15807348489761353,0.1583367884159088
0.1400000000000001,0.06793757419906164,17.556127548217773,0.19525963954355885,0.6648337664062779,0.15894131362438202,0.15378350019454956
0.1420000000000001,0.06794549100729975,17.524269104003906,0.19452656345605884,0.6609224567980586,0.15988028049468994,0.14922401309013367
0.1440000000000001,0.06795448947374685,17.4907283782959,0.19377346844726684,0.656952901014075,0.16087637841701508,0.14466525614261627
0.1460000000000001,0.06796461220593007,17.455585479736328,0.19300033377284842,0.6529250797123097,0.16191263496875763,0.14011406898498535
0.1480000000000001,0.06797590258088805,17.418731689453125,0.1922071612800037,0.6488389806461551,0.16297274827957153,0.135576531291008
0.1500000000000001,0.06798840474634549,17.38021469116211,0.19139397652163548,0.6446945990600491,0.16404560208320618,0.13105666637420654
0.1520000000000001,0.06800216362096101,17.343658447265625,0.1905608299404133,0.6404919380939116,0.1651286780834198,0.12655644118785858
0.1540000000000001,0.06801722489360784,17.305946350097656,0.18970779812651128,0.6362310091967929,0.1662304550409317,0.1220758780837059
0.1560000000000001,0.06803363502163837,17.266597747802734,0.18883498515295327,0.6319118325501641,0.1673707813024521,0.11761245131492615
0.1580000000000001,0.06805144122808901,17.226104736328125,0.18794252399264866,0.627534437501318,0.1685759425163269,0.11406201124191284
0.16000000000000011,0.06807011660714865,17.183067321777344,0.18703057802135542,0.6230988630073826,0.16987168788909912,0.1107095330953598
0.16200000000000012,0.06808718350937668,17.140647888183594,0.18609811818658906,0.6186051580904913,0.1712607890367508,0.10737467557191849
0.16400000000000012,0.06810262216128843,17.102615356445312,0.1851371469715638,0.6140540418880053,0.17206789553165436,0.10424789041280746
0.16600000000000012,0.06811727262438896,17.068233489990234,0.1841463314234275,0.6094481370879591,0.17119528353214264,0.10141825675964355
0.16800000000000012,0.06813079165764595,17.031902313232422,0.18252113361610944,0.6047898442752057,0.17046061158180237,0.0989285558462143
0.17000000000000012,0.06814325703106393,17.057331085205078,0.1802054137005329,0.6000824525853093,0.16989703476428986,0.09889273345470428
0.17200000000000013,0.06815474391393578,17.085311889648438,0.17793785524976202,0.5953861886592264,0.16950851678848267,0.09892395883798599
0.17400000000000013,0.06816532574192519,17.110610961914062,0.1757196788292698,0.5907025799107083,0.1693001538515091,0.0990135595202446
0.17600000000000013,0.06817507361877087,17.14052391052246,0.17355202360600927,0.5860331261208704,0.16927510499954224,0.09914540499448776
0.17800000000000013,0.06818405668295913,17.17104721069336,0.17143600993179897,0.5813790990545399,0.16943638026714325,0.09930809587240219
0.18000000000000013,0.06819234188017982,17.20455551147461,0.16937269615234143,0.5767417233552248,0.16978611052036285,0.09948628395795822
0.18200000000000013,0.06819999410079727,17.23770523071289,0.16736265355506583,0.5721220612525331,0.1703260987997055,0.09966833889484406
0.18400000000000014,0.06820699396494094,17.273204803466797,0.16538034496054355,0.5675211224613963,0.17105668783187866,0.09984075278043747
0.18600000000000014,0.06821271972671629,17.30905532836914,0.16341083612811882,0.5629397986745394,0.17197777330875397,0.09999343752861023
0.18800000000000014,0.06821714434152436,17.344472885131836,0.16145430240026426,0.5583789308376478,0.16991093754768372,0.1001148447394371
0.19000000000000014,0.06822017814640452,17.302654266357422,0.15947323343418937,0.5538392726034019,0.16773246228694916,0.09813991189002991
0.19200000000000014,0.06822177448583436,17.33513641357422,0.15750542566085218,0.5492550885414657,0.16559572517871857,0.096217580139637
0.19400000000000014,0.06822187819005622,17.315563201904297,0.15555782082747124,0.5446934981321799,0.16350315511226654,0.09695028513669968
0.19600000000000015,0.0682206160824419,17.29190444946289,0.15363130123380936,0.5401715132937795,0.16145336627960205,0.09734537452459335
0.19800000000000015,0.06821782761692445,17.33030891418457,0.15171436005904998,0.5356895752343115,0.15943898260593414,0.09467089921236038
0.20000000000000015,0.06821345702719206,17.309181213378906,0.14981530260718665,0.5312250792800692,0.15746545791625977,0.09544236958026886
0.20200000000000015,0.06820744805628152,17.290542602539062,0.1479354821862188,0.5268010194033267,0.1555330902338028,0.09624120593070984
0.20400000000000015,0.06820008438785646,17.27084732055664,0.14607621984446187,0.5224176484609218,0.15364158153533936,0.0964517593383789
0.20600000000000016,0.06819104913802147,17.308460235595703,0.1442266165681759,0.5180752797234924,0.15178343653678894,0.09371169656515121
0.20800000000000016,0.06818028565683697,17.289424896240234,0.14239922488087117,0.5137453637985754,0.1499670445919037,0.09454704821109772
0.21000000000000016,0.0681677366692845,17.271068572998047,0.1405952011266851,0.5094567416078661,0.14819282293319702,0.0954056978225708
0.21200000000000016,0.06815384797908076,17.253307342529297,0.1388156478986354,0.5052096694318351,0.14646153151988983,0.09587973356246948
0.21400000000000016,0.06813814100322943,17.292808532714844,0.13704865870374042,0.5010044076337072,0.14476598799228668,0.09307266026735306
0.21600000000000016,0.06812055822711191,17.274883270263672,0.1353096731467877,0.4968123941943593,0.14311456680297852,0.09396228939294815
0.21800000000000017,0.06810104143756121,17.256580352783203,0.13359997916753139,0.49266241132573263,0.14150771498680115,0.09487342834472656
0.22000000000000017,0.06808020370769385,17.238483428955078,0.1319202794886001,0.48855471560302255,0.1399463564157486,0.09556145966053009
0.22200000000000017,0.06805740739049965,17.277128219604492,0.13025708235280078,0.4844895507634046,0.1384231299161911,0.09271646291017532
0.22400000000000017,0.06803411735504034,17.257675170898438,0.1286245106704984,0.48043828460975196,0.1369459182024002,0.09365032613277435
0.22600000000000017,0.0680114971231449,17.238628387451172,0.1270232343305094,0.4764297242454906,0.13551504909992218,0.09460294246673584
0.22800000000000017,0.06799021210863514,17.21965980529785,0.1254538969356535,0.47246413429298006,0.13413037359714508,0.09547258168458939
0.23000000000000018,0.06796964693578356,17.256263732910156,0.12390194788696533,0.4685417627808059,0.132785364985466,0.09260435402393341
0.23200000000000018,0.06794986106032568,17.236927032470703,0.12238244634698334,0.46463384494251103,0.13148683309555054,0.09357236325740814
0.23400000000000018,0.06793091425023612,17.214963912963867,0.12089600368028,0.4607692964395039,0.1302344799041748,0.09455734491348267
0.23600000000000018,0.06791286673141493,17.193328857421875,0.11944319930281941,0.456948400034882,0.12902803719043732,0.09556104242801666
0.23800000000000018,0.06789620753223427,17.171281814575195,0.11802460203259824,0.4531714223752741,0.12786713242530823,0.09554231911897659
0.24000000000000019,0.06788049531433368,17.20925521850586,0.11662437157411927,0.4494386535572286,0.12674587965011597,0.09376189112663269
0.2420000000000002,0.06786578987486025,17.187793731689453,0.11525869076598783,0.44572103604575436,0.12566940486431122,0.09477248787879944
0.2440000000000002,0.0678521513009128,17.16577911376953,0.11392808377427818,0.44204776504949034,0.12478972971439362,0.09579990059137344
0.2460000000000002,0.06783992187557848,17.143028259277344,0.11263304678519817,0.4384191553388111,0.1242884173989296,0.0959237739443779
0.2480000000000002,0.06782880462878332,17.18098258972168,0.11135677269447095,0.43483552137854753,0.12379959225654602,0.09412629157304764
0.25000000000000017,0.06781885911707435,17.157657623291016,0.11011629228767683,0.43126749058389413,0.12332404404878616,0.09515600651502609
0.25200000000000017,0.06781014512048052,17.13319969177246,0.10891206992091554,0.4277445910120251,0.12286734580993652,0.09620177000761032
0.25400000000000017,0.0678028539528922,17.109600067138672,0.10774453434661242,0.4242671839412583,0.1224338486790657,0.09650063514709473
0.25600000000000017,0.06779683700690288,17.145919799804688,0.10659596266113353,0.420835623515498,0.12203457206487656,0.09464310109615326
0.2580000000000002,0.06779215338736257,17.120296478271484,0.10548418911254027,0.4174201179665742,0.12166545540094376,0.09568764269351959
0.2600000000000002,0.06778886238432999,17.09738540649414,0.10440961740051392,0.4140506410070742,0.12132890522480011,0.09674769639968872
0.2620000000000002,0.06778700047198077,17.07474708557129,0.10337261201602671,0.41072760438086375,0.12102622538805008,0.09727075695991516
0.2640000000000002,0.06778657106210292,17.104843139648438,0.10235285940719763,0.40745141141154934,0.12076540291309357,0.09530724585056305
0.2660000000000002,0.06778763257105133,17.081432342529297,0.10137084046204962,0.4041879882659163,0.12053964287042618,0.09636237472295761
0.2680000000000002,0.0677902380713946,17.057342529296875,0.1004268790219948,0.40097192944265303,0.12034720182418823,0.09743358194828033
0.2700000000000002,0.06779426810445681,17.034894943237305,0.0995212945386023,0.3978036618765389,0.12018779665231705,0.09824769198894501
0.2720000000000002,0.06779987674243752,17.06468963623047,0.09863280724873695,0.3946841703894813,0.12006881833076477,0.09604638069868088
0.2740000000000002,0.0678071084640067,17.04155921936035,0.09778274125809704,0.3915780325377471,0.11997955292463303,0.0970841720700264
0.2760000000000002,0.0678160024795986,17.020641326904297,0.09697136145396511,0.388520917225382,0.11991805583238602,0.09808666259050369
0.2780000000000002,0.06782659327237398,17.00144386291504,0.09619889820514288,0.38551383017614194,0.11988196521997452,0.09905453026294708
0.2800000000000002,0.06783859127615764,16.983139038085938,0.09546549133226649,0.3825577122312269,0.11987000703811646,0.09970691055059433
0.2820000000000002,0.06785230938868601,17.012319564819336,0.09474873389902624,0.3796534515244399,0.1198895275592804,0.09769389778375626
0.2840000000000002,0.06786777637577267,16.991607666015625,0.09407091351378685,0.37676323961245095,0.11992901563644409,0.09863504767417908
0.2860000000000002,0.06788501722224906,16.972394943237305,0.09343220165295056,0.37392499056848844,0.11998555064201355,0.09954241663217545
0.2880000000000002,0.06790357202441825,16.955577850341797,0.09283274362281398,0.3711395802655901,0.12005838751792908,0.1004171073436737
0.2900000000000002,0.06792392254956904,16.97177505493164,0.09222369413322973,0.3684078370001508,0.12014062702655792,0.096662737429142
0.2920000000000002,0.06794609035374458,16.94924545288086,0.0916538212060646,0.36564636406626266,0.12023506313562393,0.09752565622329712
0.2940000000000002,0.06797009166810854,16.934675216674805,0.09112303646148859,0.36293889657543227,0.12034060806035995,0.09836991131305695
0.2960000000000002,0.06799539642517065,16.91658592224121,0.09063155823664709,0.3602860095532412,0.12045622617006302,0.09917288273572922
0.2980000000000002,0.06801901740546533,16.903749465942383,0.0901793323349467,0.3576886814506689,0.12058170139789581,0.09995431452989578
0.3000000000000002,0.06803996868686399,16.890121459960938,0.08976647047478435,0.35514751448049275,0.12071580439805984,0.10070202499628067
0.3020000000000002,0.06805880915590243,16.91437339782715,0.08934288818331805,0.3526633326794656,0.1203303337097168,0.09709354490041733
0.3040000000000002,0.0680754963057052,16.89591407775879,0.08895851254557822,0.35016236930050787,0.11907539516687393,0.09783948957920074
0.3060000000000002,0.06808999003018666,16.88576316833496,0.08861310355604682,0.3477176055279644,0.11788301914930344,0.09857577830553055
0.3080000000000002,0.06810225670290163,16.871767044067383,0.08830680064705802,0.3453295459934442,0.11675401777029037,0.0992748960852623
0.3100000000000002,0.06811226547196672,16.862743377685547,0.08803942265755857,0.3429992081116884,0.11568795889616013,0.09995988756418228
0.3120000000000002,0.06811970797349871,16.851177215576172,0.08781099779562525,0.3407271543285407,0.1146843209862709,0.10061588138341904
0.3140000000000002,0.06812497483934729,16.873342514038086,0.08757041693097439,0.3385142302361162,0.11364348977804184,0.09729975461959839
0.3160000000000002,0.06812835529423536,16.855730056762695,0.08736850859874465,0.3362843700891119,0.11266426742076874,0.0979660227894783
0.3180000000000002,0.06812986352185542,16.84674644470215,0.08720492685597316,0.33411295747532666,0.1117454543709755,0.09862852841615677
0.32000000000000023,0.06812946725949716,16.83248519897461,0.0870797317514601,0.3320004649179756,0.11088573187589645,0.09925807267427444
0.32200000000000023,0.06812713619216441,16.824365615844727,0.08699264824104976,0.3299479153471439,0.11008386313915253,0.09988593310117722
0.32400000000000023,0.06812282195506524,16.81289291381836,0.08694362735042772,0.3279558455022148,0.10933878272771835,0.10050413757562637
0.32600000000000023,0.06811659980775979,16.83161735534668,0.0868807089832052,0.3260250942412329,0.10855308920145035,0.09753970801830292
0.32800000000000024,0.06810843818500315,16.812686920166016,0.08685547609928254,0.3240768704818341,0.10782283544540405,0.09820784628391266
0.33000000000000024,0.06809830791887665,16.803071975708008,0.08686749772453395,0.32218940578127736,0.10714716464281082,0.09888850152492523
0.33200000000000024,0.06808618185861447,16.78935432434082,0.08691676685544608,0.3203631284241336,0.10652480274438858,0.09955445677042007
0.33400000000000024,0.06807223191868271,16.77986717224121,0.0870029327916212,0.3185990360369524,0.10595495998859406,0.10022620111703873
0.33600000000000024,0.0680563036296241,16.796218872070312,0.08707362323608353,0.31689761907366504,0.10534236580133438,0.09757882356643677
0.33800000000000024,0.0680383681994536,16.778060913085938,0.08718081832491122,0.3151781525106698,0.1047813668847084,0.09829981625080109
0.34000000000000025,0.0680183997578171,16.766643524169922,0.08732413851013968,0.31352098827895475,0.10427162051200867,0.09902443736791611
0.34200000000000025,0.06799637363824783,16.752445220947266,0.0875034612229221,0.31192667349215486,0.1038123294711113,0.0997372418642044
0.34400000000000025,0.06797267976829018,16.740758895874023,0.08771848772645925,0.3103960660008195,0.10340309143066406,0.10044757276773453
0.34600000000000025,0.06794693595781001,16.758159637451172,0.08791630769050719,0.3089297014259466,0.10294906049966812,0.09813711047172546
0.34800000000000025,0.06792081342819918,16.737924575805664,0.08814939161855652,0.3074445342497781,0.102544404566288,0.09889871627092361
0.35000000000000026,0.06789645976199642,16.72437286376953,0.08841728744553701,0.30602330210721945,0.10218915343284607,0.09965628385543823
0.35200000000000026,0.06787429990311533,16.707082748413086,0.0887198370940957,0.3046664538189428,0.10188280045986176,0.10039108991622925
0.35400000000000026,0.06785387092029486,16.724563598632812,0.08864942833976118,0.3033748122037528,0.10153049975633621,0.09833154827356339
0.35600000000000026,0.06783518778548371,16.700326919555664,0.08846130490037589,0.30206335418838987,0.10122660547494888,0.09911374002695084
0.35800000000000026,0.06781826564887895,16.68475341796875,0.08831373519915384,0.3008168337919412,0.10097163915634155,0.09987936168909073
0.36000000000000026,0.06780344355851925,16.664812088012695,0.08820652300500852,0.2996355288034478,0.10076489299535751,0.1005987748503685
0.36200000000000027,0.06779034349547103,16.681489944458008,0.08806436107908316,0.2985203144459616,0.1005113273859024,0.09880972653627396
0.36400000000000027,0.0677789796695627,16.654117584228516,0.08796253347345187,0.2973843140884693,0.10030587762594223,0.09955786913633347
0.36600000000000027,0.06776963673819154,16.6350154876709,0.08790121781658249,0.29631417462566706,0.10014902800321579,0.10025317966938019
0.36800000000000027,0.0677619981886352,16.652055740356445,0.08780454808807203,0.29531006431137113,0.09994427114725113,0.09861982613801956
0.3700000000000003,0.06775607994343483,16.62457275390625,0.08774829973967961,0.29428435092284316,0.09978771209716797,0.09931136667728424
0.3720000000000003,0.0677519916247861,16.599987030029297,0.08773248423497651,0.293324665486394,0.0996796265244484,0.09989704191684723
0.3740000000000003,0.06774965541246716,16.627544403076172,0.08775650289880894,0.29243144965641527,0.0996209979057312,0.09966100752353668
0.3760000000000003,0.06774894960738453,16.665367126464844,0.08782047095435744,0.29161128218246846,0.09961233288049698,0.09937288612127304
0.3780000000000003,0.06774989643587753,16.62932014465332,0.08792502748617378,0.2908627623711877,0.09965287148952484,0.09927593916654587
0.3800000000000003,0.0677525151811221,16.595134735107422,0.0880700977761452,0.2901797682357575,0.09974227845668793,0.09929556399583817
0.3820000000000003,0.06775682228121706,16.56167984008789,0.0882555802471589,0.28956280484441943,0.09988034516572952,0.09945549070835114
0.3840000000000003,0.06776282952295606,16.53281593322754,0.08848138770655087,0.28901235607951514,0.10006637871265411,0.09975624084472656
0.3860000000000003,0.06777046139100226,16.504831314086914,0.08874741264336798,0.2885287737756103,0.10029902309179306,0.10019296407699585
0.3880000000000003,0.06777958343768067,16.529991149902344,0.08897706724222179,0.28811236798236245,0.100477434694767,0.09922008216381073
0.3900000000000003,0.06779022491929695,16.493234634399414,0.08924681664367179,0.2876708830924905,0.10069822520017624,0.09976258128881454
0.3920000000000003,0.06780234505460195,16.46259307861328,0.0895551202317626,0.2872964033076932,0.10095841437578201,0.10043631494045258
0.3940000000000003,0.06781598849652289,16.489416122436523,0.08982104503421524,0.28698885996227513,0.10115614533424377,0.09949260205030441
0.3960000000000003,0.0678310394414551,16.44881820678711,0.09012096112848168,0.28665503795476377,0.10138477385044098,0.1002686396241188
0.3980000000000003,0.06784762290173166,16.480403900146484,0.09037804385439639,0.28638806820833135,0.10154460370540619,0.09934443235397339
0.4000000000000003,0.06786554378482249,16.433868408203125,0.09066884292972638,0.2860934852675661,0.10172435641288757,0.10022161900997162
0.4020000000000003,0.06788501137963501,16.468318939208984,0.09091679445949279,0.28586567849865463,0.10182774066925049,0.09932549297809601
0.4040000000000003,0.06790574429693803,16.417512893676758,0.09119821468732713,0.28560938939996716,0.10193635523319244,0.10030034929513931
0.4060000000000003,0.06792804283286578,16.45391273498535,0.09143789099764375,0.2854198255170281,0.10196142643690109,0.09946689754724503
0.4080000000000003,0.06795129090205748,16.39956283569336,0.09171081284353283,0.2852025058526963,0.10197322070598602,0.10053420811891556
0.4100000000000003,0.067973397713126,16.437299728393555,0.09194309289814244,0.2850518779222866,0.10189282149076462,0.09976913779973984
0.4120000000000003,0.06799337812460304,16.379199981689453,0.09220842090487404,0.2848742483387639,0.10177550464868546,0.10092160850763321
0.4140000000000003,0.06801130705225733,16.418087005615234,0.09243421333179858,0.284763289907836,0.10149732977151871,0.10022903978824615
0.4160000000000003,0.06802751802738019,16.450088500976562,0.09262068645792448,0.28462608984276133,0.10115009546279907,0.09954644739627838
0.4180000000000003,0.06804173603567824,16.393274307250977,0.0928409045759554,0.284462904850979,0.10083102434873581,0.10078389942646027
0.4200000000000003,0.06805403978070908,16.430753707885742,0.09302300723783918,0.2843697803425913,0.10050292313098907,0.1001625508069992
0.4220000000000003,0.06806463213729329,16.465559005737305,0.09316745707376066,0.28425051253894823,0.1001647338271141,0.0995616763830185
0.4240000000000003,0.06807329016914249,16.409040451049805,0.09334704711856545,0.28410484793617513,0.09985058754682541,0.10080165416002274
0.4260000000000003,0.06808009351219493,16.450424194335938,0.09356043544325363,0.2840339949402439,0.0995827168226242,0.10109595954418182
0.4280000000000003,0.06808512097881288,16.49043083190918,0.09380756301078715,0.28401966567243103,0.09936341643333435,0.10147073864936829
0.4300000000000003,0.06808845049144303,16.53256607055664,0.0940884488953941,0.28406081620866247,0.09919551759958267,0.10192549228668213
0.43200000000000033,0.06809015888621651,16.57347869873047,0.09440305069093959,0.2841562158786042,0.09908133000135422,0.10245844721794128
0.43400000000000033,0.06809032196336386,16.61416244506836,0.0947513746207343,0.28430481683156006,0.0990229919552803,0.10306797176599503
0.43600000000000033,0.06808901428077543,16.653898239135742,0.09513338953005401,0.28450547732990716,0.09902256727218628,0.10375184565782547
0.43800000000000033,0.06808630922594389,16.693872451782227,0.09554909446978002,0.2847571696440027,0.09908173978328705,0.10450784862041473
0.44000000000000034,0.0680822788452606,16.731809616088867,0.09599846618988307,0.285058824989982,0.09920185804367065,0.10533376038074493
0.44200000000000034,0.06807699390553358,16.767528533935547,0.0964815002895049,0.2854094505822166,0.09938354045152664,0.1062268316745758
0.44400000000000034,0.06807052376674638,16.80066680908203,0.09699817941093887,0.2858080429000505,0.09962734580039978,0.10718437284231186
0.44600000000000034,0.06806293642653723,16.832929611206055,0.09754849812940053,0.2862536536979533,0.09993338584899902,0.10820398479700089
0.44800000000000034,0.0680543825177485,16.862075805664062,0.0981324438165999,0.2867453416153604,0.10030124336481094,0.109282948076725
0.45000000000000034,0.06804492982000987,16.887950897216797,0.09868137301873094,0.28728220949361677,0.10066276043653488,0.10930624604225159
0.45200000000000035,0.06803464401012219,16.910907745361328,0.09919518303077549,0.287782822454258,0.10101480782032013,0.10933638364076614
0.45400000000000035,0.06802371051044458,16.933122634887695,0.09967415367427189,0.2882469103520233,0.10135530680418015,0.10937096923589706
0.45600000000000035,0.0680134449293305,16.951772689819336,0.10012060488757256,0.2886739447107252,0.10168206691741943,0.10940898209810257
0.45800000000000035,0.06800415437907448,16.969867706298828,0.10053510907876659,0.28906362939721064,0.1019931212067604,0.10944855958223343
0.46000000000000035,0.0679957911636473,16.985124588012695,0.10091749165655581,0.28941553231308614,0.10228689759969711,0.1094890758395195
0.46200000000000035,0.06798830871264638,16.997554779052734,0.10126764005943042,0.2897293603905542,0.10256192833185196,0.1095290258526802
0.46400000000000036,0.06798166125842726,17.008563995361328,0.1015854087869624,0.2900047529476458,0.10281681269407272,0.10956788808107376
0.46600000000000036,0.0679758040952728,17.018884658813477,0.10187069090109428,0.2902414357917016,0.10305046290159225,0.10960476845502853
0.46800000000000036,0.06797069342479813,17.028594970703125,0.10212336492122802,0.2904391052340956,0.10326182097196579,0.10963940620422363
0.47000000000000036,0.06796628648839204,17.037490844726562,0.10234333510227185,0.29059751443204723,0.1034502163529396,0.10967081785202026
0.47200000000000036,0.06796254149541538,17.044862747192383,0.10253050180244863,0.2907164082547294,0.10361471772193909,0.1096993014216423
0.47400000000000037,0.06795941769114962,17.051055908203125,0.10268478426402328,0.29079557164498876,0.10375453531742096,0.10972408950328827
0.47600000000000037,0.06795687532490086,17.05671501159668,0.10280610414958391,0.2908347930164646,0.10386917740106583,0.10974530875682831
0.47800000000000037,0.06795487568500946,17.060813903808594,0.10289439850995458,0.2908338913291948,0.10395815223455429,0.10976245999336243
0.48000000000000037,0.06795338108558137,17.063573837280273,0.10294961071024253,0.2907926955008611,0.10402099788188934,0.10976892709732056
0.4820000000000004,0.067952354884513,17.066057205200195,0.10297169788884745,0.2907110595543269,0.1040574312210083,0.10973435640335083
0.4840000000000004,0.06795176147844922,17.0684814453125,0.10296062602940091,0.29058885102229176,0.10406701266765594,0.10965598374605179
0.4860000000000004,0.06795156631189056,17.070709228515625,0.10291637432192065,0.2904259594126478,0.10404973477125168,0.10953442007303238
0.4880000000000004,0.06795173615265916,17.071455001831055,0.1028389325578078,0.290222289667522,0.10400515049695969,0.10937038064002991
0.4900000000000004,0.06795224023840003,17.072898864746094,0.10272829226337436,0.2899777668871122,0.10393337905406952,0.10916252434253693
0.4920000000000004,0.06795304867563107,17.074363708496094,0.10258439332447598,0.28969232418651675,0.10383419692516327,0.10890056937932968
0.4940000000000004,0.06795413245505666,17.07518768310547,0.1024071853279379,0.289365869414732,0.10370763391256332,0.108585886657238
0.4960000000000004,0.06795546346241554,17.075315475463867,0.10219662728136165,0.2889983323331167,0.10355346649885178,0.10822048038244247
0.4980000000000004,0.06795701448828771,17.075122833251953,0.10195268918984891,0.2885896660763402,0.1033719852566719,0.10780595242977142
0.5000000000000003,0.06795875923497709,17.074535369873047,0.10167535219856215,0.28813984560339867,0.10316330939531326,0.10734433680772781
0.5020000000000003,0.06796067232174877,17.073816299438477,0.10136460977039385,0.2876488684481673,0.10292738676071167,0.10683801770210266
0.5040000000000003,0.06796272928788025,17.0729923248291,0.10102046804779705,0.2871167537858723,0.10266471654176712,0.10628942400217056
0.5060000000000003,0.06796490659391566,17.071744918823242,0.1006429467883896,0.2865435427982481,0.10237576812505722,0.10570211708545685
0.5080000000000003,0.06796718162110292,17.069801330566406,0.10023207983334495,0.2859292980979574,0.1020609512925148,0.10508014261722565
0.5100000000000003,0.06796953266905931,17.067712783813477,0.0997879158909762,0.28527410388808755,0.10172057896852493,0.10432268679141998
0.5120000000000003,0.06797193895181083,17.065479278564453,0.09931051905020756,0.2845780655972624,0.10135576874017715,0.10339613258838654
0.5140000000000003,0.06797437956900647,17.063505172729492,0.09879996946480482,0.28384130993188905,0.10096727311611176,0.10234900563955307
0.5160000000000003,0.0679768345545648,17.061904907226562,0.09825655435613898,0.2830639846368178,0.10055630654096603,0.10120181739330292
0.5180000000000003,0.06797923469757175,17.06035041809082,0.09768059915924072,0.28224643290721424,0.10012442618608475,0.09996349364519119
0.5200000000000004,0.06798173938791176,17.062471389770508,0.09713913972124275,0.28138903276680677,0.09973850101232529,0.10060245543718338
0.5220000000000004,0.06798436670633855,17.053009033203125,0.09663069213126396,0.2805721461857047,0.09940191358327866,0.10120829194784164
0.5240000000000004,0.06798713561873213,17.04155731201172,0.09615503669854196,0.27981573660378045,0.09911433607339859,0.10179492086172104
0.5260000000000004,0.06799006572942207,17.03095054626465,0.0957121474725951,0.2791195006670076,0.09887488931417465,0.10236331075429916
0.5280000000000004,0.06799317749930985,17.01861572265625,0.0953019781336365,0.2784829630535655,0.09868153184652328,0.10291557759046555
0.5300000000000004,0.06799649207746303,17.006301879882812,0.09492462482895402,0.27790582627154736,0.09841471165418625,0.10345227271318436
0.5320000000000004,0.06800003144614387,16.992870330810547,0.09458020659112147,0.27738769895478643,0.09816055744886398,0.10397510975599289
0.5340000000000004,0.06800381830712592,16.97915267944336,0.09426895589145133,0.27692829212613573,0.0979229062795639,0.10448434948921204
0.5360000000000004,0.06800787617556737,16.964109420776367,0.09399115175907351,0.27652726533465166,0.09770558029413223,0.10498172044754028
0.5380000000000004,0.0680122293034652,16.94878387451172,0.0937471693308854,0.27618433662475683,0.09751155972480774,0.10546736419200897
0.5400000000000004,0.06801690273861564,16.932353973388672,0.09353744198065113,0.27589919524125806,0.09734392911195755,0.10594300180673599
0.5420000000000004,0.06802192227274122,16.913776397705078,0.09336248749678787,0.2756715631072531,0.09720493853092194,0.10641001164913177
0.5440000000000004,0.06802727100666786,16.894454956054688,0.09322288586492841,0.2755011451706598,0.09709727764129639,0.10686960816383362
0.5460000000000004,0.06803253134658335,16.87416648864746,0.09311929196902292,0.2753876636509437,0.09702272713184357,0.10732380300760269
0.5480000000000004,0.0680375676935959,16.852853775024414,0.09305242154290339,0.27533082969403083,0.09698286652565002,0.10777399688959122
0.5500000000000004,0.06804234785597259,16.831066131591797,0.0930230559363308,0.2753303623446463,0.09698008745908737,0.10822312533855438
0.5520000000000004,0.06804683830456948,16.808061599731445,0.09303203208434838,0.27538597228014033,0.09701544791460037,0.10870490968227386
0.5540000000000004,0.06805100418886222,16.783870697021484,0.09308024245428727,0.27549737223102344,0.09709044545888901,0.10923612862825394
0.5560000000000004,0.06805480936599712,16.758275985717773,0.09316862677854201,0.27566426757453466,0.09720662236213684,0.10981842875480652
0.5580000000000004,0.06805821641760239,16.731273651123047,0.09329816896841908,0.27588636198067623,0.0973648950457573,0.11045344173908234
0.5600000000000004,0.06806118667167328,16.704275131225586,0.0934698894443444,0.27616335191181096,0.09756683558225632,0.11114230751991272
0.5620000000000004,0.06806368021821071,16.67619514465332,0.09368484009133418,0.2764949296143985,0.09781329333782196,0.11188697069883347
0.5640000000000004,0.06806565592618366,16.64608383178711,0.09394409665479686,0.27688077985141507,0.09810531139373779,0.11268863081932068
0.5660000000000004,0.06806707085908227,16.619049072265625,0.09424889499232474,0.2773205814280288,0.0984441339969635,0.11355310678482056
0.5680000000000004,0.06806788234527923,16.590187072753906,0.09460055581975908,0.2778119987586482,0.09883077442646027,0.11447696387767792
0.5700000000000004,0.06806804788611559,16.56032943725586,0.09500037093272307,0.27835463926787335,0.09926633536815643,0.11546168476343155
0.5720000000000004,0.06806752507096757,16.528657913208008,0.09544959651021487,0.27894811843168027,0.099751777946949,0.1165086105465889
0.5740000000000004,0.06806634918561198,16.4952392578125,0.0959494470392866,0.2795920578954348,0.10028786957263947,0.1176188588142395
0.5760000000000004,0.06806456613499196,16.49933624267578,0.09644074248567251,0.2802860828395808,0.10080977529287338,0.11797046661376953
0.5780000000000004,0.06806222150683146,16.500946044921875,0.09692319537507083,0.28094099435644015,0.10131730139255524,0.11833527684211731
0.5800000000000004,0.06805936066812478,16.503684997558594,0.09739665241157314,0.2815569481470662,0.10181067883968353,0.11871236562728882
0.5820000000000004,0.06805602837334393,16.505008697509766,0.09786093861828166,0.2821338042719069,0.10228966176509857,0.11910270899534225
0.5840000000000004,0.06805226887326365,16.50495147705078,0.09831596414811998,0.28267163012665075,0.10275425761938095,0.11950480192899704
0.5860000000000004,0.0680481255997913,16.503456115722656,0.09876164501025542,0.283170326778817,0.10320470482110977,0.11992017179727554
0.5880000000000004,0.06804364124825264,16.50267791748047,0.09919795590515774,0.283629911891525,0.10364075005054474,0.12034785002470016
0.5900000000000004,0.06803885754246787,16.502052307128906,0.09962488994539313,0.2840503108093862,0.10406235605478287,0.12078698724508286
0.5920000000000004,0.0680338152860871,16.5035457611084,0.10004248420061004,0.2844315158941066,0.10446973145008087,0.12123627960681915
0.5940000000000004,0.06802855419436361,16.504335403442383,0.10045079915254845,0.2847734698970338,0.10486296564340591,0.12169480323791504
0.5960000000000004,0.06802311292102718,16.505075454711914,0.10084993054783126,0.28507615584683854,0.10524201393127441,0.12216128408908844
0.5980000000000004,0.06801752894043829,16.505409240722656,0.10123999875851666,0.2853395320727728,0.10560696572065353,0.12263280153274536
0.6000000000000004,0.06801183855816066,16.505678176879883,0.10162115382878116,0.2855635830316156,0.10595818608999252,0.1230810210108757
0.6020000000000004,0.06800607682940518,16.505868911743164,0.10199356975053794,0.28574828320456014,0.1062956154346466,0.12349769473075867
0.6040000000000004,0.06800027756008072,16.50477409362793,0.10235743555779654,0.2858936259234162,0.10661958903074265,0.12388331443071365
0.6060000000000004,0.06799447325079479,16.503828048706055,0.10270849076800032,0.2859996033812297,0.10693008452653885,0.12423887848854065
0.6080000000000004,0.06798869509319982,16.503047943115234,0.10304321922116798,0.2860662230408131,0.10722754895687103,0.12456540018320084
0.6100000000000004,0.0679829729318691,16.50259017944336,0.10336176265780489,0.2860934966160139,0.10751229524612427,0.12486371397972107
0.6120000000000004,0.06797733525906247,16.502065658569336,0.10366427434504613,0.2860814494504379,0.10778456181287766,0.12513436377048492
0.6140000000000004,0.06797180918917883,16.5009765625,0.10395091826883238,0.286030114474667,0.10804449766874313,0.12537881731987
0.6160000000000004,0.06796642045382302,16.499530792236328,0.10422186974039926,0.2859395375884586,0.10829278826713562,0.12559758126735687
0.6180000000000004,0.06796119338525258,16.497344970703125,0.10447731472802137,0.28580977436323235,0.10852967947721481,0.12579184770584106
0.6200000000000004,0.06795615091279925,16.49530601501465,0.10471745021186715,0.2856408931388105,0.10875573754310608,0.12596218287944794
0.6220000000000004,0.06795131455291066,16.493572235107422,0.1049424836310882,0.28543297322831257,0.10897131264209747,0.1261102557182312
0.6240000000000004,0.06794670440745472,16.49178123474121,0.1051526330347939,0.28518610669739336,0.10917707532644272,0.12623649835586548
0.6260000000000004,0.06794233915875167,16.49022102355957,0.1053481266094026,0.284900397381393,0.10937349498271942,0.12634237110614777
0.6280000000000004,0.06793823606997561,16.48888397216797,0.10552920267331144,0.2845759618968919,0.10956095904111862,0.1264287829399109
0.6300000000000004,0.06793441098408678,16.487747192382812,0.10569610925295189,0.284212929089832,0.10974042117595673,0.12649713456630707
0.6320000000000005,0.0679308783263608,16.486675262451172,0.10584910396039506,0.2838114405935125,0.10991231352090836,0.12654852867126465
0.6340000000000005,0.06792765110647363,16.485960006713867,0.1059884535939469,0.28337165049869034,0.1100773736834526,0.126583993434906
0.6360000000000005,0.06792474101145066,16.485536575317383,0.10611443392833032,0.2828937256389498,0.11023631691932678,0.1266050487756729
0.6380000000000005,0.06792215907395523,16.485288619995117,0.10622732062974659,0.28237784536961796,0.11038975417613983,0.12661334872245789
0.6400000000000005,0.06791991459349095,16.485496520996094,0.10632731910964184,0.2818241945654052,0.11053832620382309,0.12661372125148773
0.6420000000000005,0.06791801511580606,16.486085891723633,0.10641464459264975,0.2812329063674357,0.11068280041217804,0.1266060620546341
0.6440000000000005,0.06791646641047648,16.486934661865234,0.10649009108127183,0.28060413094622644,0.11082372069358826,0.12658947706222534
0.6460000000000005,0.06791527245317283,16.48809814453125,0.10656145309441888,0.2799380358448106,0.11096183210611343,0.12656241655349731
0.6480000000000005,0.06791443540823565,16.489343643188477,0.10663146023051608,0.2792348054136371,0.1110977903008461,0.12652252614498138
0.6500000000000005,0.06791395561545648,16.489896774291992,0.10670053169100202,0.27849464094738685,0.11123241484165192,0.12646642327308655
0.6520000000000005,0.06791383150493868,16.49053192138672,0.1067690934512225,0.27771776031573964,0.11136621236801147,0.1263905018568039
0.6540000000000005,0.06791405903522678,16.49132537841797,0.10683759019210969,0.27690439799365124,0.11150016635656357,0.12629133462905884
0.6560000000000005,0.06791463301531767,16.491710662841797,0.10690660520221536,0.2760548190300729,0.11163462698459625,0.12617520987987518
0.6580000000000005,0.0679155471493703,16.49224281311035,0.10697670142350138,0.27516944808899996,0.11177053302526474,0.12604032456874847
0.6600000000000005,0.06791679408505537,16.492876052856445,0.10704842050442188,0.2742487159332761,0.11190852522850037,0.12588785588741302
0.6620000000000005,0.06791836541561021,16.49393653869629,0.10712269872367831,0.2732930585437157,0.1120496466755867,0.12571951746940613
0.6640000000000005,0.06792025170944754,16.495651245117188,0.10720056908846044,0.27230349329071274,0.11218642443418503,0.1255379021167755
0.6660000000000005,0.0679224425728987,16.497859954833984,0.10728296676081829,0.27128122014048567,0.11222857981920242,0.12534624338150024
0.6680000000000005,0.06792492670309126,16.50068473815918,0.10737073236169196,0.27022735545353177,0.11227434128522873,0.12514819204807281
0.6700000000000005,0.06792769193956348,16.504026412963867,0.10746461565226054,0.2691429398786799,0.11232441663742065,0.12494631856679916
0.6720000000000005,0.06793072530732618,16.50777816772461,0.10756527848376216,0.2680289443284182,0.11237925291061401,0.12474383413791656
0.6740000000000005,0.06793399922279396,16.51197052001953,0.1076721102828884,0.26688627615347427,0.11243940889835358,0.12454292923212051
0.6760000000000005,0.06793748270051302,16.51654815673828,0.1077814385392817,0.2657157840337649,0.11250537633895874,0.1243390366435051
0.6780000000000005,0.06794114615988152,16.521392822265625,0.10789329876525638,0.2645184460694506,0.11257769912481308,0.12413269281387329
0.6800000000000005,0.06794496142918217,16.526248931884766,0.10800804326902133,0.263295249526324,0.11265664547681808,0.12392621487379074
0.6820000000000005,0.067948901739679,16.531259536743164,0.10812599648667369,0.26204714044077687,0.11274290084838867,0.1237211599946022
0.6840000000000005,0.06795294170127554,16.536542892456055,0.10824745573458278,0.2607750266632153,0.11283640563488007,0.12351945787668228
0.6860000000000005,0.0679570572715185,16.5419864654541,0.10837269242136667,0.259479781927872,0.11293771862983704,0.12332209944725037
0.6880000000000005,0.06796122571387757,16.547645568847656,0.10850195271624885,0.25816224869303656,0.11304695904254913,0.12313029915094376
0.6900000000000005,0.06796542555240329,16.553470611572266,0.10863545848236315,0.25682324148325864,0.11316437274217606,0.12294511497020721
0.6920000000000005,0.0679696365209763,16.559429168701172,0.10877340785906904,0.2554635494682196,0.11329016834497452,0.12276691198348999
0.6940000000000005,0.06797383951146126,16.565528869628906,0.10891597599447486,0.25408393926060835,0.11342452466487885,0.122596375644207
0.6960000000000005,0.0679780165200805,16.571849822998047,0.10906331555436484,0.25268515722477186,0.11356744170188904,0.12243428081274033
0.6980000000000005,0.06798215059461335,16.578290939331055,0.10921555731732674,0.25126793185500385,0.11371909081935883,0.12228094786405563
0.7000000000000005,0.06798622578220938,16.584760665893555,0.10937281063190708,0.2498329758282542,0.11387952417135239,0.12213681638240814
0.7020000000000005,0.06799022707933958,16.591251373291016,0.10953516392722339,0.24838098805041062,0.11404900252819061,0.12200239300727844
0.7040000000000005,0.0679941403838288,16.597822189331055,0.10970268514422904,0.2469126554766248,0.114227294921875,0.1218777671456337
0.7060000000000005,0.06799795244979605,16.604454040527344,0.10987542220598322,0.24542865488890625,0.11441468447446823,0.12176346033811569
0.7080000000000005,0.06800165084543597,16.611087799072266,0.11005340344910237,0.24392965450989415,0.11461111903190613,0.12165997177362442
0.7100000000000005,0.0680052239140303,16.61773681640625,0.11023663808942917,0.242416315558793,0.11481662839651108,0.12156731635332108
0.7120000000000005,0.06800866073806244,16.624439239501953,0.11042548479952963,0.24088929368340162,0.11503134667873383,0.12148579955101013
0.7140000000000005,0.06801195110653963,16.631153106689453,0.11062427456744327,0.2393492403301421,0.1152552142739296,0.12141619622707367
0.7160000000000005,0.06801508548535451,16.637836456298828,0.11083424389721414,0.23779680401663356,0.11548838764429092,0.12135827541351318
0.7180000000000005,0.06801805499061768,16.644622802734375,0.1110553489693002,0.2362326315433739,0.11573083698749542,0.12131281942129135
0.7200000000000005,0.0680208513647789,16.651466369628906,0.11128752249841184,0.23465736912588386,0.11598274856805801,0.12127980589866638
0.7220000000000005,0.06802346695538831,16.65828514099121,0.11153067384315507,0.2330716634690975,0.1162441298365593,0.12125971168279648
0.7240000000000005,0.06802589469631527,16.665102005004883,0.11178468922465365,0.231476162774305,0.11651518195867538,0.12125271558761597
0.7260000000000005,0.06802812809126382,16.671903610229492,0.11204943205616248,0.2298715176915296,0.1167958602309227,0.12125890702009201
0.7280000000000005,0.06803017289039386,16.679092407226562,0.11232474337207159,0.22825838221212405,0.11708623170852661,0.12127865105867386
0.7300000000000005,0.06803204838618299,16.686634063720703,0.11261049214681257,0.22663741450881458,0.11738652735948563,0.12145858258008957
0.7320000000000005,0.0680337596857571,16.694948196411133,0.11290660057459642,0.2250093662201112,0.11769682914018631,0.12191735953092575
0.7340000000000005,0.06803529892538572,16.703433990478516,0.11321295587659512,0.22337502083381447,0.11801745742559433,0.12243291735649109
0.7360000000000005,0.06803665894642444,16.7117862701416,0.11352938944109711,0.22173501539036644,0.11834827065467834,0.12285665422677994
0.7380000000000005,0.06803783338354945,16.720001220703125,0.11385570766971304,0.22008993523934234,0.11868928372859955,0.12308507412672043
0.7400000000000005,0.06803881669743604,16.728099822998047,0.11419169452541408,0.21844040129978867,0.11904062330722809,0.12330349534749985
0.7420000000000005,0.06803960417283042,16.736068725585938,0.11453711370703665,0.21678706460566388,0.11940250545740128,0.12352112680673599
0.7440000000000005,0.06804019189643172,16.743755340576172,0.11489171057290658,0.21513060182508806,0.11977456510066986,0.12374455481767654
0.7460000000000006,0.06804057672416627,16.751317977905273,0.11525521382398757,0.21347171154339853,0.12015704065561295,0.1239781454205513
0.7480000000000006,0.06804075624408816,16.7587890625,0.11562731829673582,0.21181111123591548,0.12054957449436188,0.12422500550746918
0.7500000000000006,0.06804072873874656,16.766202926635742,0.11600744079713655,0.2101495347663749,0.12095236033201218,0.12448732554912567
0.7520000000000006,0.0680404931492141,16.773555755615234,0.11639520302622504,0.2084877303335847,0.121365025639534,0.12476666271686554
0.7540000000000006,0.06804004904188198,16.780736923217773,0.11641310900898669,0.20682645874585806,0.12178739905357361,0.12506403028964996
0.7560000000000006,0.06803939657837174,16.787841796875,0.11620708559769435,0.2051664919582523,0.12221915274858475,0.12538029253482819
0.7580000000000006,0.06803853648848199,16.794893264770508,0.1160071213501634,0.20350861178841376,0.12266018241643906,0.125715970993042
0.7600000000000006,0.0680374700457887,16.801856994628906,0.11581508593447423,0.20185360876229475,0.12310981750488281,0.12607121467590332
0.7620000000000006,0.06803619818559745,16.808799743652344,0.11563465856433836,0.20020228103323806,0.12356791645288467,0.12644629180431366
0.7640000000000006,0.06803472209843221,16.815725326538086,0.11546578194659259,0.19855543334042805,0.12403359264135361,0.12683266401290894
0.7660000000000006,0.06803304343303872,16.822494506835938,0.11530820728774775,0.1969136185243634,0.12450623512268066,0.12722770869731903
0.7680000000000006,0.06803116429241166,16.829120635986328,0.1151616828729201,0.1952773194169496,0.12498480826616287,0.12763135135173798
0.7700000000000006,0.06802908730973856,16.8356876373291,0.11502617494570117,0.19364703903647051,0.12546898424625397,0.12804991006851196
0.7720000000000006,0.06802681561661665,16.842145919799805,0.11490163293978978,0.192023568858443,0.12595783174037933,0.12848341464996338
0.7740000000000006,0.06802435280778252,16.84847640991211,0.11478799018819226,0.19040770528373666,0.12645085155963898,0.12893155217170715
0.7760000000000006,0.06802170291317487,16.854684829711914,0.1146851635081969,0.18880024709361826,0.1269473135471344,0.1293943226337433
0.7780000000000006,0.06801887036717551,16.860797882080078,0.11459305377233772,0.18720199507536472,0.1274464875459671,0.12987114489078522
0.7800000000000006,0.06801585998189781,16.866886138916016,0.11451154588385314,0.1856137500547895,0.12794779241085052,0.13036172091960907
0.7820000000000006,0.06801267691812803,16.872848510742188,0.11444050930198829,0.18403631214182897,0.12845037877559662,0.13086572289466858
0.7840000000000006,0.06800932665825148,16.87871551513672,0.11437979825935457,0.18247047905623334,0.12895366549491882,0.13138249516487122
0.7860000000000006,0.06800581497725261,16.884525299072266,0.11432850149416411,0.18091704512506115,0.12945686280727386,0.1319115161895752
0.7880000000000006,0.06800214791453568,16.890195846557617,0.11428342587307887,0.1793767997438597,0.12995944917201996,0.13245216012001038
0.7900000000000006,0.06799833174425547,16.895769119262695,0.11424423364609011,0.1778505262044826,0.13046061992645264,0.13300403952598572
0.7920000000000006,0.06799437294594055,16.901260375976562,0.11421092180587399,0.17633900020567794,0.13095994293689728,0.13356634974479675
0.7940000000000006,0.06799027817411503,16.906639099121094,0.11418348052022867,0.17484298855868013,0.13145676255226135,0.13413846492767334
0.7960000000000006,0.067986054228103,16.91191291809082,0.11416197553875686,0.17336324770094302,0.1319505274295807,0.13471965491771698
0.7980000000000006,0.06798170802136784,16.917194366455078,0.11414881468325211,0.1719005223085745,0.1324407160282135,0.13530918955802917
0.8000000000000006,0.06797724655119679,16.922412872314453,0.11414493693696155,0.17045554378886074,0.1329268217086792,0.13590653240680695
0.8020000000000006,0.06797267686846531,16.927505493164062,0.1141500849891804,0.16902902881780632,0.13303446769714355,0.1365106999874115
0.8040000000000006,0.06796800604806287,16.932525634765625,0.11416399157241154,0.16762167779952153,0.13284645974636078,0.13712097704410553
0.8060000000000006,0.06796324115991709,16.937454223632812,0.11418638020371275,0.16623417334149024,0.13267163932323456,0.13773654401302338
0.8080000000000006,0.06795838924104854,16.942277908325195,0.11421696592358649,0.16486717867702103,0.13251011073589325,0.13835671544075012
0.8100000000000006,0.06795345726868172,16.946979522705078,0.11425545605345462,0.16352133608936134,0.1323612928390503,0.1389806866645813
0.8120000000000006,0.06794849183130541,16.95155906677246,0.11430155094940854,0.16219726530035117,0.13222551345825195,0.13960734009742737
0.8140000000000006,0.06794363451726843,16.956029891967773,0.11435494476193897,0.16089556185660975,0.13210232555866241,0.1402362436056137
0.8160000000000006,0.06793889531378963,16.96043586730957,0.11441532618763389,0.15961679549501973,0.13199158012866974,0.140866219997406
0.8180000000000006,0.06793427184097674,16.96480941772461,0.11448237667763157,0.15836150850946681,0.13189296424388885,0.1414967179298401
0.8200000000000006,0.06792976168422679,16.969646453857422,0.11455564198596066,0.15713022560254572,0.1318063586950302,0.1421365886926651
0.8220000000000006,0.06792536241329175,16.974870681762695,0.11463468573908678,0.1559240460738112,0.13173137605190277,0.1427830010652542
0.8240000000000006,0.06792107161736778,16.98040771484375,0.1147190871212143,0.15474390337957186,0.1316671222448349,0.14343293011188507
0.8260000000000006,0.06791689367074134,16.98616600036621,0.11480844025317069,0.15359057842831014,0.13161374628543854,0.14408306777477264
0.8280000000000006,0.0679128992580696,16.99632453918457,0.11489678919987292,0.15246470943403798,0.1315639764070511,0.144384503364563
0.8300000000000006,0.06790911909023901,17.006582260131836,0.1149826688421302,0.15136944144632772,0.1315174698829651,0.1446865200996399
0.8320000000000006,0.06790554584140468,17.016752243041992,0.11506577677420818,0.15030476918880126,0.13147413730621338,0.14498481154441833
0.8340000000000006,0.06790217236823413,17.02663803100586,0.1151458405519097,0.14927024264981703,0.1314338892698288,0.14528028666973114
0.8360000000000006,0.06789899169947479,17.036197662353516,0.11522260436133423,0.14826542547259208,0.13139618933200836,0.1455731838941574
0.8380000000000006,0.06789599703090435,17.04554557800293,0.11529582649830881,0.14728988846892294,0.1313609778881073,0.14586393535137177
0.8400000000000006,0.06789318171677171,17.054733276367188,0.11536527757264979,0.14634320511979104,0.1313280165195465,0.14615416526794434
0.8420000000000006,0.06789053926448997,17.063791275024414,0.11543073835325315,0.1454249468210469,0.1312972903251648,0.14644360542297363
0.8440000000000006,0.06788806332798247,17.072711944580078,0.11549199812337387,0.1445346794644779,0.13126805424690247,0.146730437874794
0.8460000000000006,0.06788574770316139,17.081632614135742,0.11554885287177412,0.1436719600814563,0.1312406063079834,0.1470128446817398
0.8480000000000006,0.06788358632316989,17.090511322021484,0.11560110385345967,0.14283633442616475,0.13121473789215088,0.1472892463207245
0.8500000000000006,0.06788157325514814,17.09931755065918,0.11564855610210954,0.14202733477086477,0.13118955492973328,0.14755775034427643
0.8520000000000006,0.06787970269729358,17.107582092285156,0.11569143119091732,0.1412444783905103,0.13116563856601715,0.14781621098518372
0.8540000000000006,0.06787796897708732,17.11563491821289,0.11573030619002118,0.1404872663156744,0.13114207983016968,0.1480632871389389
0.8560000000000006,0.06787636655002954,17.123458862304688,0.11576489858520789,0.1397551826073675,0.13111910223960876,0.14829705655574799
0.8580000000000007,0.06787488999929789,17.131223678588867,0.1157948988550649,0.13904769390489055,0.13109643757343292,0.14851553738117218
0.8600000000000007,0.06787353403596214,17.139060974121094,0.11581999501396577,0.13836424937531033,0.13107363879680634,0.14871762692928314
0.8620000000000007,0.06787229349992394,17.14683723449707,0.11583987313230051,0.137704280912505,0.13105039298534393,0.14890137314796448
0.8640000000000007,0.0678711633613665,17.1544189453125,0.1158542178701428,0.13706720364485234,0.13102670013904572,0.14906518161296844
0.8660000000000007,0.06787013872275974,17.16189193725586,0.11586271297781366,0.1364524166542225,0.1310020536184311,0.1492081880569458
0.8680000000000007,0.06786921482127538,17.169189453125,0.11586504180399808,0.13585930392715143,0.13097652792930603,0.14932861924171448
0.8700000000000007,0.06786838703159867,17.176374435424805,0.11586063039193527,0.13528723547222507,0.13094964623451233,0.14942577481269836
0.8720000000000007,0.0678676508690319,17.183502197265625,0.11584887792994182,0.13473556860414912,0.13092118501663208,0.1494983285665512
0.8740000000000007,0.06786700199284401,17.190515518188477,0.11582956371502012,0.13420364934713017,0.1308908313512802,0.14954543113708496
0.8760000000000007,0.06786643620978645,17.197391510009766,0.11580246602546494,0.13369081394784066,0.13085870444774628,0.1495666354894638
0.8780000000000007,0.06786594947771936,17.204120635986328,0.11576736023402348,0.13319639046229445,0.13082389533519745,0.14956089854240417
0.8800000000000007,0.06786553790927988,17.210731506347656,0.11572401891862179,0.1327197004026261,0.13078700006008148,0.14952772855758667
0.8820000000000007,0.06786519777554254,17.217233657836914,0.11567221203543342,0.1322600604161088,0.1307470053434372,0.1494666188955307
0.8840000000000007,0.06786492550961132,17.22382354736328,0.11561170715256533,0.1318167839815941,0.1307043731212616,0.14937745034694672
0.8860000000000007,0.0678647177100959,17.230388641357422,0.11554226973498735,0.13138918310173647,0.13065819442272186,0.149259552359581
0.8880000000000007,0.06786457114443244,17.236751556396484,0.11546366347737856,0.13097656997735288,0.13060878217220306,0.14911288022994995
0.8900000000000007,0.06786448275199713,17.243091583251953,0.11537565067710474,0.13057825864723724,0.13055549561977386,0.14877153933048248
0.8920000000000007,0.06786444964698951,17.24886131286621,0.11527799264324,0.13019356658197337,0.13049831986427307,0.1481444537639618
0.8940000000000007,0.06786446912104804,17.254507064819336,0.11517045013500468,0.12982181621936864,0.1304374784231186,0.14752070605754852
0.8960000000000007,0.06786453864557002,17.259937286376953,0.11505278382530254,0.12946233643271382,0.13037197291851044,0.14689955115318298
0.8980000000000007,0.06786465587372187,17.26518440246582,0.11492475478367788,0.12911446392324705,0.13030211627483368,0.14628057181835175
0.9000000000000007,0.06786481864211401,17.270172119140625,0.11478612497449305,0.12877754453080922,0.1302274912595749,0.14566361904144287
0.9020000000000007,0.0678650249721321,17.274982452392578,0.11463665776547333,0.1284509344573241,0.13014823198318481,0.14504796266555786
0.9040000000000007,0.06786527307091365,17.27954864501953,0.11447611844276953,0.12813400139971282,0.1300639659166336,0.1444329470396042
0.9060000000000007,0.0678655613319629,17.283960342407227,0.11430427472844323,0.12782612558965362,0.1300031840801239,0.1438189297914505
0.9080000000000007,0.06786588833540322,17.288188934326172,0.11412089729700528,0.12752670073910127,0.1299705058336258,0.14320464432239532
0.9100000000000007,0.06786625284786314,17.292404174804688,0.11392576028762404,0.12723513489126587,0.12993642687797546,0.14259026944637299
0.9120000000000007,0.06786665382200355,17.296630859375,0.11371864180918145,0.12695085117787036,0.12990087270736694,0.14197543263435364
0.9140000000000007,0.06786709039568406,17.300851821899414,0.11349932443546085,0.12667328848419676,0.12986354529857635,0.1413598507642746
0.9160000000000007,0.06786756189078282,17.304954528808594,0.11326759568820143,0.1264019020242236,0.12982448935508728,0.14074313640594482
0.9180000000000007,0.06786806781166782,17.309051513671875,0.11302324850592642,0.1261361638287037,0.1297840178012848,0.14012514054775238
0.9200000000000007,0.06786860784334006,17.313167572021484,0.1127660816968152,0.12587556314956805,0.12974201142787933,0.1395058035850525
0.9220000000000007,0.0678691818492485,17.317201614379883,0.11249590037408971,0.12561960678441841,0.12969855964183807,0.1388845592737198
0.9240000000000007,0.06786978986879875,17.321243286132812,0.11221251637268284,0.1253678193252083,0.1296541690826416,0.13826142251491547
0.9260000000000007,0.0678704321145552,17.32529067993164,0.11191574864614592,0.12511974333542064,0.1296081691980362,0.13763666152954102
0.9280000000000007,0.06787110896916033,17.329326629638672,0.11160542364301816,0.12487493946022447,0.12956112623214722,0.13700944185256958
0.9300000000000007,0.06787182098197816,17.333396911621094,0.11128137566202947,0.12463298647418153,0.129513218998909,0.1363799273967743
0.9320000000000007,0.06787256886547383,17.337505340576172,0.11094344718573525,0.12439348127109406,0.12946437299251556,0.13574814796447754
0.9340000000000007,0.06787335349134677,17.341571807861328,0.11059148919232134,0.12415603880057262,0.12941449880599976,0.13511590659618378
0.9360000000000007,0.06787417588642591,17.34566879272461,0.1102253614454784,0.12392029195584191,0.12936381995677948,0.13448797166347504
0.9380000000000007,0.06787503722834407,17.349653244018555,0.1098449327623773,0.12368589141718546,0.129313126206398,0.13395841419696808
0.9400000000000007,0.06787593883931799,17.35348892211914,0.10945008125989329,0.12345250545531053,0.1292615830898285,0.13291701674461365
0.9420000000000007,0.06787688217665605,17.35725212097168,0.10904075280272178,0.12321981969874701,0.12920944392681122,0.13184528052806854
0.9440000000000007,0.06787786882563901,17.360952377319336,0.10861734273434731,0.12298753126250274,0.1291573941707611,0.1307506114244461
0.9460000000000007,0.06787890049429524,17.364601135253906,0.10817998059538916,0.12275534249041994,0.12872281670570374,0.1296333521604538
0.9480000000000007,0.06787997900856216,17.368244171142578,0.10772871256655857,0.12252297934969743,0.1277237832546234,0.12849414348602295
0.9500000000000007,0.06788110630715143,17.371845245361328,0.10726359913902062,0.12229018967807048,0.12669621407985687,0.127332866191864
0.9520000000000007,0.06788228443661785,17.375438690185547,0.10678471524485335,0.122056741686757,0.12564048171043396,0.12614992260932922
0.9540000000000007,0.06788351554623272,17.378997802734375,0.10629215025519698,0.12182242256108645,0.12455675005912781,0.12494587898254395
0.9560000000000007,0.06788480188295182,17.382526397705078,0.10578600807230419,0.12158703724109116,0.12344632297754288,0.12372089177370071
0.9580000000000007,0.0678861457862458,17.386066436767578,0.10526640714262149,0.12135040728969496,0.1223086342215538,0.1224755272269249
0.9600000000000007,0.06788754968296527,17.38960838317871,0.1047331975924738,0.12111236989010249,0.12114504724740982,0.12121003866195679
0.9620000000000007,0.06788901608210321,17.393169403076172,0.10418545734876912,0.12087277691757663,0.11995542049407959,0.11992506682872772
0.9640000000000007,0.06789054756955869,17.396831512451172,0.10362310008562316,0.12063149410563137,0.11874045431613922,0.11862067133188248
0.9660000000000007,0.06789214680282686,17.40045738220215,0.10304613092306268,0.12038840027353931,0.11750083416700363,0.11729779839515686
0.9680000000000007,0.06789381650567068,17.40414047241211,0.10245456301701637,0.12014338662394135,0.11623672395944595,0.11595655232667923
0.9700000000000008,0.06789555946273777,17.40787124633789,0.10184841771332667,0.11989635609015843,0.11494892090559006,0.11459729075431824
0.9720000000000008,0.06789737851415924,17.411542892456055,0.10122772468880648,0.11964722273634115,0.113637775182724,0.11322072893381119
0.9740000000000008,0.06789927655010496,17.415176391601562,0.1005925220603623,0.11939591119758647,0.11230358481407166,0.11182722449302673
0.9760000000000008,0.06790125650532403,17.418800354003906,0.09994285647799754,0.11914235616045024,0.11094733327627182,0.11041717231273651
0.9780000000000008,0.06790332135365883,17.42241096496582,0.09927878319155124,0.11888650187554721,0.10956937074661255,0.10899100452661514
0.9800000000000008,0.06790547410254996,17.42593002319336,0.09860037508645579,0.1186283017014843,0.10816992074251175,0.107549287378788
0.9820000000000008,0.06790771778752691,17.42934799194336,0.09790934689688553,0.11836771767462997,0.10674941539764404,0.10609259456396103
0.9840000000000008,0.06791005546670122,17.432754516601562,0.09720716013959665,0.118104720103553,0.10530874133110046,0.10462094098329544
0.9860000000000008,0.06791249021525986,17.436283111572266,0.09649414811761498,0.1178392871844155,0.10384806245565414,0.103134885430336
0.9880000000000008,0.06791502511997158,17.43978500366211,0.09577065968979395,0.11757140463609578,0.10236788541078568,0.10163528472185135
0.9900000000000008,0.06791767602316377,17.443246841430664,0.09503705935039074,0.11730106535247373,0.10086845606565475,0.10012215375900269
0.9920000000000008,0.0679202495121162,17.44608497619629,0.09429896137018587,0.1170282690707661,0.0993536114692688,0.09872541576623917
0.9940000000000008,0.06792273414212142,17.44417381286621,0.09359057209157821,0.11675301879541033,0.09785855561494827,0.09797043353319168
0.9960000000000008,0.06792511975843163,17.442598342895508,0.09291281660511345,0.11650183503002505,0.09665177762508392,0.09720838814973831
0.9980000000000008,0.06792739710320807,17.442523956298828,0.09226511707871332,0.1162729344763105,0.09545904397964478,0.09643687307834625
1.0000000000000007,0.0679295582310402,17.44214630126953,0.09164838373970884,0.11606502727783911,0.09425969421863556,0.09565768390893936
1.0020000000000007,0.06793159651487714,17.43975067138672,0.09106484651861993,0.11587665927373543,0.0930548906326294,0.09487216919660568
1.0040000000000007,0.06793350662662898,17.437339782714844,0.09051077331993784,0.11570630631075662,0.09184723347425461,0.0940835177898407
1.0060000000000007,0.06793528447579596,17.434545516967773,0.08952035933886031,0.11555292140196839,0.09064018726348877,0.09329258650541306
1.0080000000000007,0.06793692727509212,17.43169403076172,0.08833789202417976,0.11541561624843036,0.08943744003772736,0.0925004631280899
1.0100000000000007,0.0679384335067337,17.428707122802734,0.08716851036232233,0.11529364335929454,0.0882430225610733,0.09170891344547272
1.0120000000000007,0.06793980295235327,17.425670623779297,0.0860126671966479,0.11518639867082466,0.08705984801054001,0.09091948717832565
1.0140000000000007,0.06794103667239797,17.422359466552734,0.0848708021073781,0.11509340910890364,0.08589115738868713,0.09013355523347855
1.0160000000000007,0.06794213701549781,17.418453216552734,0.08374335535195601,0.11501433231108617,0.0847395583987236,0.08935387432575226
1.0180000000000007,0.0679431076034569,17.414169311523438,0.08263075802955083,0.11494894747443528,0.08360684663057327,0.08858197927474976
1.0200000000000007,0.06794395332890527,17.409555435180664,0.08153344011121495,0.11489715353209003,0.08249499648809433,0.08782140165567398
1.0220000000000007,0.0679446803421928,17.404586791992188,0.08045182473511495,0.11485896201553297,0.08140499889850616,0.08709347993135452
1.0240000000000007,0.06794529604245776,17.399192810058594,0.07938633276094566,0.11483449439036063,0.08033821731805801,0.08641239255666733
1.0260000000000007,0.06794580906475703,17.393291473388672,0.07833737937420907,0.11482397615257345,0.07929538190364838,0.08577915281057358
1.0280000000000007,0.06794622926751956,17.38668441772461,0.07730537156963076,0.11482773367433675,0.07827698439359665,0.08519762009382248
1.0300000000000007,0.06794656771926935,17.379669189453125,0.07628796051126269,0.11484618903098621,0.07728389650583267,0.08469139039516449
1.0320000000000007,0.06794683668416787,17.37215805053711,0.07528304772388685,0.11487985651328039,0.07631688565015793,0.08426782488822937
1.0340000000000007,0.06794704960817224,17.364255905151367,0.07429077365927483,0.11492933784324645,0.0753762349486351,0.08392834663391113
1.0360000000000007,0.06794722110362394,17.35578727722168,0.07331335784527296,0.11499531840394826,0.07446301728487015,0.08367446064949036
1.0380000000000007,0.06794736693488716,17.346940994262695,0.07236686273209324,0.11507856260117937,0.0735781118273735,0.08350767940282822
1.0400000000000007,0.06794750400250522,17.338058471679688,0.07145650475831337,0.11517990980745403,0.07272236049175262,0.08342918008565903
1.0420000000000007,0.06794765032841929,17.32882308959961,0.07058460749272147,0.11530026969218325,0.07189717888832092,0.0834403783082962
1.0440000000000007,0.0679478143677274,17.31913185119629,0.0697535400633118,0.11544061785334161,0.0711035206913948,0.0835418775677681
1.0460000000000007,0.06794789849697658,17.308664321899414,0.06896570642235837,0.11560199098766724,0.07034249603748322,0.08373451977968216
1.0480000000000007,0.0679478824922377,17.297359466552734,0.06822353309936512,0.1157854821803924,0.06961619108915329,0.08401846885681152
1.0500000000000007,0.06794777710627008,17.285367965698242,0.06752945466772775,0.11599223582855682,0.06892591714859009,0.08439386636018753
1.0520000000000007,0.06794759381653706,17.272872924804688,0.0668858975944651,0.11622344257025853,0.06827329844236374,0.08486030995845795
1.0540000000000007,0.06794734481766894,17.25968360900879,0.06629526202033588,0.1164803339135114,0.06766030937433243,0.0854172632098198
1.0560000000000007,0.0679470430143593,17.24603271484375,0.06575990211307116,0.11676417680785932,0.06708843261003494,0.08606363087892532
1.0580000000000007,0.06794670201526641,17.23178482055664,0.06528210486296457,0.11707626797077743,0.06655982881784439,0.08679837733507156
1.0600000000000007,0.067946336127449,17.217071533203125,0.06486406800394687,0.11741792813327281,0.06607630848884583,0.08761992305517197
1.0620000000000007,0.06794596035165616,17.20191764831543,0.06450787722571641,0.11779049609607972,0.06563986092805862,0.08852670341730118
1.0640000000000007,0.06794559037818212,17.186180114746094,0.06419927905468148,0.11819532271411734,0.06525243818759918,0.08951754868030548
1.0660000000000007,0.06794524258346278,17.168758392333984,0.06392595200904509,0.11863376475464907,0.06491580605506897,0.09059102088212967
1.0680000000000007,0.0679449340272271,17.150230407714844,0.06369139578767442,0.11910717871992603,0.06463192403316498,0.09174598008394241
1.0700000000000007,0.06794468245029468,17.131267547607422,0.06349694556822306,0.11961691461681867,0.06440261006355286,0.09298163652420044
1.0720000000000007,0.06794450627290136,17.111614227294922,0.06334390818865628,0.12016430974904477,0.06422952562570572,0.09429784119129181
1.0740000000000007,0.06794442459358323,17.091739654541016,0.06323355211819658,0.12075068253951181,0.06411443650722504,0.09569486975669861
1.0760000000000007,0.06794445718854202,17.07111358642578,0.06316709741268246,0.12137732644936998,0.06405877321958542,0.09717327356338501
1.0780000000000007,0.06794462451149755,17.049453735351562,0.06314570578280815,0.12204550401713327,0.06406375765800476,0.09873437136411667
1.0800000000000007,0.06794494769396035,17.02691078186035,0.06317047097206889,0.12275644107784271,0.06413060426712036,0.1003795862197876
1.0820000000000007,0.0679454485459215,17.00347137451172,0.06324240960531906,0.12351132119397688,0.06426042318344116,0.1021101102232933
1.0840000000000007,0.06794614955690254,16.978931427001953,0.0633626334698992,0.12431128035140211,0.06445365399122238,0.1039276123046875
1.0860000000000007,0.06794707389734841,16.952877044677734,0.06355040487819048,0.12515740195410344,0.06471063941717148,0.10583243519067764
1.0880000000000007,0.0679482454203194,16.92584991455078,0.06381859462531267,0.12605071216282598,0.06503107398748398,0.10782429575920105
1.0900000000000007,0.06794968866345495,16.89767837524414,0.06416746834486659,0.12699217560813192,0.0654144361615181,0.10990093648433685
1.0920000000000007,0.06795142885117006,16.8695068359375,0.06459699170701245,0.12798269151285013,0.06585921347141266,0.11205883324146271
1.0940000000000007,0.0679534918970502,16.840381622314453,0.06510683879307715,0.12902309024703207,0.0663636103272438,0.11429110169410706
1.0960000000000008,0.06795590440641609,16.809598922729492,0.06567708096455468,0.13011413033847552,0.06692435592412949,0.11658927798271179
1.0980000000000008,0.06795869367487622,16.778709411621094,0.0662743322354357,0.13125649595167946,0.06753790378570557,0.11891996115446091
1.1000000000000008,0.06796188772598041,16.746423721313477,0.0668985747814398,0.1324528641679569,0.06819943338632584,0.12115982919931412
1.1020000000000008,0.06796551534264017,16.711864471435547,0.06755026984660707,0.13370370677408255,0.06890273094177246,0.12346869707107544
1.1040000000000008,0.0679696060388714,16.67592430114746,0.06822982927489554,0.1350094230407623,0.06963974982500076,0.12585201859474182
1.1060000000000008,0.06797418894407575,16.64052963256836,0.06893779543969447,0.13637032722677514,0.07040154188871384,0.128295436501503
1.1080000000000008,0.06797929275637019,16.602832794189453,0.06967489015664656,0.13777274670705897,0.07118307054042816,0.13083036243915558
1.1100000000000008,0.06798494584942422,16.56479263305664,0.07044172944242724,0.13921847208231064,0.07202702760696411,0.13346275687217712
1.1120000000000008,0.06799117634909323,16.52560043334961,0.07123883542943645,0.14070908768358417,0.07291605323553085,0.1361989676952362
1.1140000000000008,0.06799801222092863,16.484128952026367,0.07206664499956292,0.14224597849343068,0.0738518238067627,0.13904592394828796
1.1160000000000008,0.06800548133695491,16.440139770507812,0.07292742627818088,0.143830344484657,0.074836365878582,0.1420070379972458
1.1180000000000008,0.06801361154720299,16.394277572631836,0.07385234870697502,0.14546320838355836,0.07587211579084396,0.14508399367332458
1.1200000000000008,0.06802243073671312,16.34646987915039,0.07485096985669017,0.14714542778627174,0.0769609585404396,0.14827638864517212
1.1220000000000008,0.06803171172900045,16.29671859741211,0.07592151232371025,0.14887770316912988,0.07810546457767487,0.1515815705060959
1.1240000000000008,0.06804026881313346,16.24520492553711,0.07706213615387232,0.1506605883945764,0.07930760830640793,0.15499287843704224
1.1260000000000008,0.06804790496924891,16.19163703918457,0.07827095415152611,0.15249449861718825,0.08056961745023727,0.15850384533405304
1.1280000000000008,0.06805456860294297,16.134536743164062,0.07954604670244679,0.15437971956154314,0.08189337700605392,0.16210637986660004
1.1300000000000008,0.06806020767986236,16.07204818725586,0.0808854757603792,0.15631641511213926,0.08328051120042801,0.16579170525074005
1.1320000000000008,0.0680647696502388,16.007099151611328,0.082286013003074,0.15830463559627472,0.08473245054483414,0.1695515513420105
1.1340000000000008,0.06806820137950038,15.939926147460938,0.08373212034753942,0.16034432492776593,0.08625058084726334,0.17338038980960846
1.1360000000000008,0.06807044905833207,15.869873046875,0.0852188740112609,0.16243532803452468,0.08783555775880814,0.1772737205028534
1.1380000000000008,0.06807145824064564,15.79702091217041,0.08674587749284524,0.1645744170573085,0.08948823064565659,0.18124563992023468
1.1400000000000008,0.0680711737612702,15.721353530883789,0.08831270745094535,0.16676151279542384,0.09120931476354599,0.18530671298503876
1.1420000000000008,0.06806953967524473,15.63932991027832,0.08991891457903448,0.16899643241357631,0.09299889951944351,0.18947094678878784
1.1440000000000008,0.06806649919629161,15.554174423217773,0.09156403268128457,0.1712789124501695,0.09485650062561035,0.19374583661556244
1.1460000000000008,0.06806199463668612,15.466270446777344,0.09324757932936799,0.17360860227448993,0.09678157418966293,0.19811047613620758
1.1480000000000008,0.06805596735688556,15.375300407409668,0.09496906251380204,0.17598507972960162,0.09877290576696396,0.2020423412322998
1.1500000000000008,0.06804860661857692,15.281545639038086,0.09672798116152893,0.17840784913127333,0.10082891583442688,0.2049357295036316
1.1520000000000008,0.06803998364111623,15.320293426513672,0.09845371654960736,0.18087635228157137,0.1028665155172348,0.20379851758480072
1.1540000000000008,0.06803016745541957,15.355033874511719,0.10014656005956149,0.1833264425802634,0.1048840880393982,0.2026797980070114
1.1560000000000008,0.06801922596680457,15.391839981079102,0.10180694605507205,0.18575497535060745,0.10687967389822006,0.20157574117183685
1.1580000000000008,0.06800722550565227,15.423040390014648,0.10343524294363066,0.18815910617161577,0.10885138809680939,0.20048515498638153
1.1600000000000008,0.06799423158012617,15.45590877532959,0.10503191406035532,0.190536548298954,0.11079786717891693,0.19940505921840668
1.1620000000000008,0.06798030847881634,15.486759185791016,0.10659738006773346,0.19288525383424124,0.11271797120571136,0.19833596050739288
1.1640000000000008,0.06796551977075627,15.517099380493164,0.10813243630264475,0.19520355647245796,0.11461013555526733,0.1972801834344864
1.1660000000000008,0.06794992798245243,15.540349960327148,0.10964481849358171,0.19748997494384765,0.11647415161132812,0.19623924791812897
1.1680000000000008,0.0679335949114892,15.562835693359375,0.11113733299544043,0.19974329070531252,0.11830861866474152,0.19521425664424896
1.1700000000000008,0.06791658137442823,15.581830978393555,0.11260950746760241,0.2019624262682307,0.12011352926492691,0.19420619308948517
1.1720000000000008,0.06789894739150937,15.598764419555664,0.11406093224048343,0.204146486354962,0.1218881830573082,0.19321566820144653
1.1740000000000008,0.06788075199373476,15.614738464355469,0.11549122448535026,0.20629468219476652,0.12363287061452866,0.19224263727664948
1.1760000000000008,0.06786205330642464,15.629640579223633,0.11690005087295727,0.2084063524438057,0.1253473162651062,0.19128739833831787
1.1780000000000008,0.06784204198805253,15.640650749206543,0.11828710816119131,0.21048093008015287,0.12703214585781097,0.19034893810749054
1.1800000000000008,0.06782100440953878,15.650888442993164,0.11965213298949161,0.2125180128950402,0.12868709862232208,0.1894269585609436
1.1820000000000008,0.06779955433888149,15.659793853759766,0.12099488630496236,0.21451722507788257,0.1303132176399231,0.1885206252336502
1.1840000000000008,0.06777774986977932,15.668737411499023,0.12231515932338073,0.21647822942900416,0.13191105425357819,0.18762952089309692
1.1860000000000008,0.06775564799183234,15.677217483520508,0.12361276361421843,0.21840071385524737,0.13348136842250824,0.18675336241722107
1.1880000000000008,0.06773330460545322,15.685137748718262,0.12433336744114723,0.22028439778127665,0.13502471148967743,0.18589171767234802
1.1900000000000008,0.06771077446605278,15.69271469116211,0.12494953587132462,0.22212902356762254,0.13645052909851074,0.18504464626312256
1.1920000000000008,0.06768811118732622,15.699536323547363,0.1255668726598397,0.22393435961059197,0.13686272501945496,0.18421177566051483
1.1940000000000008,0.06766536720038288,15.7079439163208,0.12618522619757286,0.22570019471954625,0.13729961216449738,0.18339332938194275
1.1960000000000008,0.06764259375008773,15.71500301361084,0.12680396624649173,0.2274263393541093,0.13775932788848877,0.1825893670320511
1.1980000000000008,0.06761984086409983,15.721063613891602,0.12742247630346276,0.22911262180069694,0.13824011385440826,0.18179982900619507
1.2000000000000008,0.0675972070331182,15.727375030517578,0.12804019269314895,0.23075888838585304,0.13874050974845886,0.18102508783340454
1.2020000000000008,0.06757525021855082,15.733491897583008,0.12865669686786071,0.23236500076464872,0.13925880193710327,0.1802719682455063
1.2040000000000008,0.06755412357391433,15.738964080810547,0.1292715523983509,0.23393098010965968,0.13979381322860718,0.17954063415527344
1.2060000000000008,0.06753383723912412,15.74380111694336,0.12988419993702793,0.23545693630676476,0.14034369587898254,0.17882856726646423
1.2080000000000009,0.06751439963979891,15.748224258422852,0.13049414406783594,0.2369430515754723,0.14090700447559357,0.1781350076198578
1.2100000000000009,0.06749580557343975,15.751838684082031,0.13110094017005564,0.23838949166418494,0.14148247241973877,0.17745952308177948
1.2120000000000009,0.06747785935392019,15.755037307739258,0.13170419273500977,0.23979640977381167,0.142068549990654,0.17680177092552185
1.2140000000000009,0.06746050634318457,15.756278991699219,0.1323035466635999,0.24116394927361318,0.14266425371170044,0.17616155743598938
1.2160000000000009,0.06744376609262728,15.756799697875977,0.13289868545176453,0.24249224595384142,0.14326848089694977,0.1755385845899582
1.2180000000000009,0.06742765642613888,15.757495880126953,0.13348932530910976,0.24378142955760138,0.14388008415699005,0.17493295669555664
1.2200000000000009,0.06741219349303242,15.758167266845703,0.13407521342795392,0.2450316250327737,0.14449813961982727,0.17434453964233398
1.2220000000000009,0.06739739182065071,15.758575439453125,0.13465612391528864,0.246242953357416,0.14512157440185547,0.17377357184886932
1.2240000000000009,0.0673832643675011,15.758358001708984,0.13523185623408437,0.24741553219902876,0.1457495540380478,0.1732201874256134
1.2260000000000009,0.06736982257600374,15.757880210876465,0.1358022323162223,0.2485494763238815,0.14638115465641022,0.17268432676792145
1.2280000000000009,0.06735707642530092,15.757110595703125,0.1363670952004306,0.24964489790979966,0.14701564610004425,0.1721663624048233
1.2300000000000009,0.06734503448355887,15.757301330566406,0.13692630692682686,0.2507019067141914,0.14765192568302155,0.17166653275489807
1.2320000000000009,0.06733370395998488,15.756927490234375,0.13747974736508092,0.2517206101874254,0.14828923344612122,0.17118501663208008
1.2340000000000009,0.06732309075618426,15.756607055664062,0.1380273126360279,0.25270111350357327,0.1489267349243164,0.17072203755378723
1.2360000000000009,0.06731319951695644,15.756507873535156,0.13856891411054825,0.2536435195612463,0.1495637595653534,0.17027795314788818
1.2380000000000009,0.0673040336802696,15.756567001342773,0.13910447719401056,0.25454792893812234,0.15019935369491577,0.16985316574573517
1.2400000000000009,0.06729559552644297,15.757087707519531,0.13963394047222044,0.2554144398298595,0.1508328914642334,0.16944769024848938
1.2420000000000009,0.067287886226353,15.758209228515625,0.1401572547510218,0.25624314796364284,0.15146347880363464,0.1690623164176941
1.2440000000000009,0.06728090588686339,15.759519577026367,0.140674380265365,0.2570341465041379,0.15209053456783295,0.16869693994522095
1.2460000000000009,0.06727465358554838,15.76064395904541,0.1411852735780489,0.25778752120878107,0.15271328389644623,0.16835203766822815
1.2480000000000009,0.06726912742422714,15.761496543884277,0.141689903528117,0.2585033208637893,0.15333105623722076,0.16802792251110077
1.2500000000000009,0.06726432902761584,15.762752532958984,0.14218825460449125,0.2591815906529753,0.15394338965415955,0.1677250862121582
1.252000000000001,0.06726031575132883,15.76446533203125,0.14268032185666119,0.2598223724211547,0.1545495241880417,0.16744375228881836
1.254000000000001,0.06725709674559155,15.76658821105957,0.1431661126892803,0.26042570505455676,0.1551489382982254,0.1671844720840454
1.256000000000001,0.06725465938931441,15.768796920776367,0.14364564371553407,0.26099162458141095,0.15574133396148682,0.16694766283035278
1.258000000000001,0.06725299047715429,15.771553039550781,0.14411894166085226,0.26152016433988445,0.15632620453834534,0.16673360764980316
1.260000000000001,0.06725207626509279,15.774758338928223,0.14458604138526454,0.26201135498146005,0.1569032073020935,0.16654260456562042
1.262000000000001,0.06725190251388125,15.777621269226074,0.14504698628858867,0.26246522451352056,0.15747180581092834,0.1663752645254135
1.264000000000001,0.06725245452971204,15.780241012573242,0.14550182703752385,0.26288179824553537,0.15803205966949463,0.1662406027317047
1.266000000000001,0.06725371720269692,15.783136367797852,0.1459506216943206,0.2632610987584261,0.1585833728313446,0.1661466509103775
1.268000000000001,0.06725567504280193,15.786487579345703,0.14639343486922596,0.26360314581777794,0.15912571549415588,0.16607080399990082
1.270000000000001,0.06725831221358083,15.790555953979492,0.1468303376970033,0.26390795630107583,0.1596589982509613,0.16599904000759125
1.272000000000001,0.06726161256351612,15.794987678527832,0.14726140724595807,0.26417554409252275,0.16018308699131012,0.16593198478221893
1.274000000000001,0.06726555965517168,15.799469947814941,0.14768672641104713,0.2644059199866307,0.16069787740707397,0.1658703088760376
1.276000000000001,0.06727013679205808,15.804159164428711,0.1481063834770674,0.26459909157340483,0.161203533411026,0.16581463813781738
1.278000000000001,0.06727532704333823,15.809070587158203,0.14852047196565102,0.26475506312930425,0.1616998165845871,0.16576579213142395
1.280000000000001,0.06728111326632646,15.814117431640625,0.1489290902901314,0.2648738354980843,0.16218702495098114,0.1657244712114334
1.282000000000001,0.06728747812685595,15.819183349609375,0.14933234157614703,0.2649554059757464,0.16266527771949768,0.16569122672080994
1.284000000000001,0.06729440411750677,15.824556350708008,0.1497303333698471,0.264999768190316,0.1631345897912979,0.1656670868396759
1.286000000000001,0.06730187357374169,15.830362319946289,0.15012317744217904,0.2650069119848628,0.16359536349773407,0.1656525731086731
1.288000000000001,0.06730986868795563,15.836502075195312,0.15051098952679612,0.2649768232983736,0.16404780745506287,0.16564854979515076
1.290000000000001,0.06731837152147709,15.843006134033203,0.1508938891129378,0.2649094840494958,0.1644921898841858,0.16565567255020142
1.292000000000001,0.0673273640145301,15.85043716430664,0.15127199919844794,0.26480487202007447,0.1649288535118103,0.16567477583885193
1.294000000000001,0.06733682799419573,15.858633041381836,0.1516454460735258,0.26466296074152457,0.16535815596580505,0.1657065600156784
1.296000000000001,0.06734674518038287,15.867338180541992,0.15201435907990465,0.264483719382344,0.16578051447868347,0.1657516062259674
1.298000000000001,0.06735709718984163,15.876368522644043,0.15237887038653025,0.2642671126386716,0.16619640588760376,0.16581089794635773
1.300000000000001,0.06736786553823691,15.8858642578125,0.1527391147495377,0.26401310062703376,0.16660621762275696,0.16588473320007324
1.302000000000001,0.06737903164031109,15.8962984085083,0.15309522928046834,0.2637216387805416,0.1670106202363968,0.16597400605678558
1.304000000000001,0.06739057680815339,15.907209396362305,0.15344735320404182,0.2633926777482005,0.16740983724594116,0.16607928276062012
1.306000000000001,0.0674024822476069,15.918310165405273,0.15379562761949506,0.26302616329825096,0.16780459880828857,0.1662009358406067
1.308000000000001,0.06741472905283229,15.929666519165039,0.1541401952547321,0.2626220362255323,0.16819548606872559,0.166339710354805
1.310000000000001,0.06742729819905297,15.941512107849121,0.15448120022156872,0.262180232263615,0.1685829758644104,0.16649596393108368
1.312000000000001,0.06744017053350879,15.954206466674805,0.15481878776597663,0.26170068200192836,0.16896772384643555,0.16667018830776215
1.314000000000001,0.06745332676463796,15.967220306396484,0.15515310401831597,0.2611833108085561,0.16935037076473236,0.16686023771762848
1.316000000000001,0.06746674744951549,15.980875015258789,0.15548429574022885,0.2606280387591015,0.1697314828634262,0.16702871024608612
1.318000000000001,0.06748041297956621,15.995107650756836,0.15581251007129882,0.26003478057229706,0.170111745595932,0.16716374456882477
1.320000000000001,0.06749430356458407,16.009899139404297,0.15613789427379704,0.25940344555289346,0.17049138247966766,0.16726644337177277
1.322000000000001,0.06750839921507364,16.024986267089844,0.15646059547757438,0.2587339375425549,0.17087148129940033,0.16733868420124054
1.324000000000001,0.06752267972294228,16.040348052978516,0.15678076042440006,0.2580261548794239,0.1712523251771927,0.16738222539424896
1.326000000000001,0.06753712464056542,16.05655860900879,0.1570985352132426,0.2572799903671536,0.17163458466529846,0.1673988252878189
1.328000000000001,0.06755171325518798,16.073673248291016,0.1574140211456262,0.25649533125420587,0.17201904952526093,0.16739046573638916
1.330000000000001,0.0675664245611454,16.09113311767578,0.15772725921220687,0.2556720128050243,0.1724064201116562,0.1673598438501358
1.332000000000001,0.06758123723629605,16.108888626098633,0.15803829638112665,0.2548098062971412,0.17279723286628723,0.16730837523937225
1.334000000000001,0.06759612961699524,16.126964569091797,0.15834718764069325,0.2539084880587655,0.17319250106811523,0.16723757982254028
1.336000000000001,0.06761107967032574,16.14510726928711,0.15865399218162343,0.2529678385584345,0.17359277606010437,0.16714900732040405
1.338000000000001,0.06762606496486012,16.163015365600586,0.15895877433386535,0.25198764180142785,0.17399857938289642,0.1670444905757904
1.340000000000001,0.06764106263924193,16.1796932220459,0.15926160115058452,0.2509676846890132,0.17441079020500183,0.16692568361759186
1.342000000000001,0.06765604936933506,16.19659423828125,0.1595625427630493,0.24990775659091408,0.17482991516590118,0.16679485142230988
1.344000000000001,0.06767100133354409,16.21356773376465,0.15986167082709823,0.24880764892821935,0.17525669932365417,0.16577541828155518
1.346000000000001,0.06768589417675495,16.231163024902344,0.1601590585897255,0.2476671549116757,0.1756919026374817,0.16439005732536316
1.348000000000001,0.06770070297268227,16.249046325683594,0.1604547798778811,0.24648606931579645,0.17613613605499268,0.1629452407360077
1.350000000000001,0.06771540218489148,16.266939163208008,0.1607489090399755,0.24526418837266786,0.17659030854701996,0.16144725680351257
1.352000000000001,0.06772996544495567,16.284770965576172,0.1610413813986526,0.2440013097150706,0.17705506086349487,0.1599043905735016
1.354000000000001,0.0677443654261516,16.302343368530273,0.16133235513256747,0.24269730347816468,0.1770631968975067,0.15833984315395355
1.356000000000001,0.06775857389137707,16.320072174072266,0.1616219838604602,0.24135246335957306,0.17648150026798248,0.15675824880599976
1.358000000000001,0.06777256173849222,16.338045120239258,0.16186748053504582,0.23996708356416926,0.17588244378566742,0.15516318380832672
1.360000000000001,0.06778629903835394,16.355817794799805,0.1616700742445416,0.23854146011269195,0.17526955902576447,0.15355762839317322
1.362000000000001,0.06779975506992666,16.37359046936035,0.16146302721883393,0.2370758927926381,0.17464599013328552,0.15194334089756012
1.364000000000001,0.06781289834988301,16.391155242919922,0.16124215953013468,0.2355706864233466,0.1740138828754425,0.15032286942005157
1.366000000000001,0.06782569665932482,16.408559799194336,0.1610076421235643,0.23402615245729227,0.1733752191066742,0.14869756996631622
1.368000000000001,0.06783811706624591,16.425912857055664,0.16075984771467508,0.23244261014832304,0.17273132503032684,0.14706970751285553
1.370000000000001,0.06785012594535275,16.443214416503906,0.16049917475626632,0.2308203878858329,0.1720830202102661,0.1454412043094635
1.372000000000001,0.06786168899453741,16.460622787475586,0.16022604688757203,0.22915982425063947,0.1714308112859726,0.14381439983844757
1.374000000000001,0.06787277124902065,16.47863006591797,0.15994091253276926,0.22746126914471385,0.17077524960041046,0.14219212532043457
1.376000000000001,0.06788333509320713,16.496973037719727,0.15964414025363774,0.2257250847394189,0.17011642456054688,0.14057067036628723
1.378000000000001,0.06789334110630091,16.51537322998047,0.15933620700230106,0.22395150875804526,0.16945408284664154,0.13894808292388916
1.380000000000001,0.06790274843856194,16.533607482910156,0.1590177038520401,0.22214115262776277,0.1687883734703064,0.13733287155628204
1.382000000000001,0.0679115148039669,16.551361083984375,0.15868922952124795,0.22029484762642548,0.16811950504779816,0.13573069870471954
1.384000000000001,0.06791959291334929,16.569156646728516,0.15835138967598153,0.2184134366012792,0.16744765639305115,0.13414688408374786
1.386000000000001,0.06792688007369409,16.586971282958984,0.15800479636406345,0.21649777402643874,0.16677351295948029,0.13258732855319977
1.388000000000001,0.06793330667512446,16.604887008666992,0.15765006739452997,0.21454872588377838,0.16609729826450348,0.13105760514736176
1.390000000000001,0.06793882136147553,16.6231746673584,0.15728782579076336,0.21256716957833324,0.16542011499404907,0.12956362962722778
1.392000000000001,0.06794337194122696,16.64154052734375,0.15691869921200982,0.21055399373322528,0.16474266350269318,0.12811154127120972
1.394000000000001,0.06794690542246848,16.659738540649414,0.15654331941345564,0.20851009798759076,0.16406632959842682,0.12670767307281494
1.396000000000001,0.06794939517216683,16.677833557128906,0.15616319351253488,0.206436392708078,0.16339236497879028,0.1253577470779419
1.398000000000001,0.06795097956970649,16.695886611938477,0.1557854477191376,0.20433379868630266,0.16272202134132385,0.12406839430332184
1.400000000000001,0.06795164661720512,16.713890075683594,0.15541216915579795,0.2022032467708282,0.1620567888021469,0.12284544855356216
1.402000000000001,0.06795134480182558,16.73215675354004,0.15504415167001895,0.20004567747628807,0.16139863431453705,0.1216949075460434
1.404000000000001,0.0679497152783843,16.750328063964844,0.15468218872941975,0.19786204054024709,0.1607491821050644,0.12062278389930725
1.406000000000001,0.06794647070875917,16.768531799316406,0.15432707251141362,0.19565329445308255,0.1601097583770752,0.11963425576686859
1.408000000000001,0.06794155478774917,16.786943435668945,0.15397959294392,0.19342040594427862,0.15948252379894257,0.11873424798250198
1.410000000000001,0.06793491176736338,16.80489730834961,0.1536405367062793,0.19116434944034588,0.1588689088821411,0.11792755126953125
1.412000000000001,0.0679272086286378,16.823030471801758,0.15331068618680377,0.18888610648522752,0.1582707017660141,0.11721757054328918
1.414000000000001,0.0679204332755646,16.840877532958984,0.15299081840362092,0.18658666513258398,0.15768936276435852,0.11660796403884888
1.416000000000001,0.06791474083052786,16.858142852783203,0.152681703888354,0.18426701930521383,0.1571265012025833,0.11610052734613419
1.418000000000001,0.06791017185095166,16.875429153442383,0.152384105538211,0.1819281681276921,0.15658345818519592,0.11569690704345703
1.420000000000001,0.06790676706406562,16.892562866210938,0.15209877743817754,0.1795711152301099,0.1560615450143814,0.11539731919765472
1.422000000000001,0.06790456734800983,16.90946388244629,0.1518264636586276,0.17719686802715,0.1555618792772293,0.11520162969827652
1.424000000000001,0.06790361371238346,16.92608070373535,0.15156789703163034,0.1748064369720186,0.15508507192134857,0.11510839313268661
1.426000000000001,0.0679039472781702,16.94253158569336,0.15132379791146794,0.17240083478848023,0.15463264286518097,0.11511527001857758
1.428000000000001,0.06790560925698175,16.958803176879883,0.15109487292387516,0.1699810756815817,0.1542048305273056,0.11521944403648376
1.430000000000001,0.06790864398512582,16.974918365478516,0.15088181370992912,0.16754817452985915,0.15380221605300903,0.11541736871004105
1.432000000000001,0.06791309759726138,16.990625381469727,0.1506852102337459,0.16510314606032808,0.15342560410499573,0.11571549624204636
1.434000000000001,0.0679190156879312,17.006084442138672,0.15050555529410606,0.16264683110090405,0.15307500958442688,0.11611638218164444
1.436000000000001,0.06792644331850262,17.02121353149414,0.15034330075817812,0.16017999917154074,0.15275055170059204,0.11661531776189804
1.438000000000001,0.06793542161660261,17.036542892456055,0.1501988692362173,0.15770349162295058,0.1524524837732315,0.11720671504735947
1.440000000000001,0.06794598427755888,17.052532196044922,0.15007262636732574,0.15521827162473414,0.15218037366867065,0.11786080151796341
1.442000000000001,0.06795815962468284,17.068891525268555,0.14996487898009245,0.1527258692607595,0.15193425118923187,0.11854621022939682
1.444000000000001,0.06797197123588058,17.085302352905273,0.14987594533330573,0.15022817930046467,0.15171366930007935,0.11926005035638809
1.446000000000001,0.06798743850812043,17.101865768432617,0.1498061502297569,0.1477270313213854,0.15151864290237427,0.11999974399805069
1.448000000000001,0.06800457715932992,17.118621826171875,0.14975582036829424,0.14522419374035905,0.15134891867637634,0.12076369673013687
1.450000000000001,0.06802339918724015,17.13543128967285,0.14972528052563056,0.14272137792613918,0.1512041985988617,0.1215507909655571
1.452000000000001,0.06804193890819553,17.152145385742188,0.14971484999786563,0.14022024130111074,0.15108415484428406,0.12236028164625168
1.454000000000001,0.06805832604109321,17.168651580810547,0.14972483962795663,0.13772239032842476,0.15098896622657776,0.12319188565015793
1.456000000000001,0.06807253567991992,17.18529510498047,0.14975554908503863,0.13522938276462115,0.15091802179813385,0.12404515594244003
1.458000000000001,0.0680845466404901,17.20174217224121,0.14980726457286833,0.13274272971132156,0.15087153017520905,0.12492035329341888
1.460000000000001,0.06809434103453403,17.218040466308594,0.14988025676950387,0.13026389711846362,0.1508491337299347,0.12581735849380493
1.462000000000001,0.068101903890194,17.234390258789062,0.14997477909210952,0.12779430706021017,0.15085093677043915,0.12673625349998474
1.464000000000001,0.06810722281347263,17.25063133239746,0.15009106616781928,0.12533533859267038,0.15087680518627167,0.127677321434021
1.466000000000001,0.06811028768681417,17.26636505126953,0.15022933255807108,0.1228883283898866,0.15092667937278748,0.12864065170288086
1.468000000000001,0.06811109040060156,17.281808853149414,0.15038958158962962,0.12045457105705959,0.15100069344043732,0.12962602078914642
1.470000000000001,0.06810962522564584,17.296863555908203,0.15056618064990024,0.11803531924417021,0.15109875798225403,0.13063357770442963
1.472000000000001,0.0681058888196643,17.311534881591797,0.1507565247252505,0.11563178351039297,0.15122076869010925,0.13165776431560516
1.474000000000001,0.068099878991037,17.325786590576172,0.15096044975451245,0.11324495379472989,0.15136638283729553,0.13268989324569702
1.476000000000001,0.06809159453840591,17.339384078979492,0.15117777859463227,0.11087551128334876,0.15153490006923676,0.13373048603534698
1.478000000000001,0.06808103510983603,17.352699279785156,0.15140832277604957,0.10852411699005138,0.1517258584499359,0.13477984070777893
1.480000000000001,0.06806820108063326,17.365718841552734,0.1516514277706191,0.10619141573963643,0.15193897485733032,0.13583864271640778
1.482000000000001,0.06805309344679764,17.37846565246582,0.1519058158438263,0.10387803939175613,0.15217378735542297,0.13690705597400665
1.484000000000001,0.06803571373264045,17.39141082763672,0.1521712603464554,0.10158461025950657,0.15242978930473328,0.1379852592945099
1.486000000000001,0.06801606391071155,17.404186248779297,0.15244757559640137,0.09931174405969771,0.152706578373909,0.1390739530324936
1.488000000000001,0.06799420576494376,17.416645050048828,0.15273457045586175,0.09706005295611433,0.1530037671327591,0.14017315208911896
1.490000000000001,0.06797270252383202,17.42877769470215,0.15303204895615174,0.09483014832312159,0.15332117676734924,0.14128318428993225
1.492000000000001,0.06795292048722644,17.440296173095703,0.15333981095410149,0.09262264356258074,0.15365813672542572,0.14240436255931854
1.494000000000001,0.06793486298124739,17.45104217529297,0.15365765264812714,0.09043815676842407,0.15401434898376465,0.14353671669960022
1.496000000000001,0.06791853275517423,17.461570739746094,0.15398536710202626,0.08827731343901965,0.154389426112175,0.14468058943748474
1.498000000000001,0.06790393203029352,17.47177505493164,0.15432274467075913,0.08614074912722709,0.15478289127349854,0.14583595097064972
1.500000000000001,0.06789106254264726,17.482093811035156,0.15466957342131082,0.08402911215068089,0.15519462525844574,0.1470029503107071
1.5020000000000011,0.06787992558041314,17.49228286743164,0.15502563948408737,0.08194306630623141,0.15562380850315094,0.1481817662715912
1.5040000000000011,0.06787052201653031,17.502147674560547,0.15539074351244214,0.07988329366509189,0.15607047080993652,0.14937235414981842
1.5060000000000011,0.06786285233712348,17.511367797851562,0.1557680394225869,0.07785049742212757,0.15653394162654877,0.1505747139453888
1.5080000000000011,0.06785691770991308,17.520076751708984,0.15615965751067332,0.07584540484732946,0.1570136696100235,0.15178892016410828
1.5100000000000011,0.06785271920535917,17.528339385986328,0.15656515173480398,0.07386877032721732,0.15750956535339355,0.15301066637039185
1.5120000000000011,0.06785025340566456,17.536544799804688,0.15698450372186026,0.0719215769836311,0.158021479845047,0.15424399077892303
1.5140000000000011,0.06784951235558863,17.544666290283203,0.1574177042740895,0.0700055882299392,0.1585494726896286,0.15548941493034363
1.5160000000000011,0.0678504835313823,17.552600860595703,0.1578647533764279,0.06812257651874319,0.1590934842824936,0.15674801170825958
1.5180000000000011,0.06785314982694858,17.56057357788086,0.1583256587406477,0.06627431488475981,0.15965351462364197,0.15802046656608582
1.5200000000000011,0.06785748956409454,17.568275451660156,0.15880043512175435,0.06446256795825751,0.16022925078868866,0.15893365442752838
1.5220000000000011,0.06786347652729625,17.575740814208984,0.1592891027510938,0.0626890806735688,0.16082113981246948,0.15941596031188965
1.5240000000000011,0.06787108002943042,17.58282470703125,0.159791686055253,0.060955565782577534,0.1614285111427307,0.15997950732707977
1.5260000000000011,0.06788026500993423,17.589723587036133,0.16030821179242077,0.0592636891743061,0.1620519608259201,0.16062593460083008
1.5280000000000011,0.06789099217112596,17.596176147460938,0.16083870720909466,0.05761505363506786,0.16269075870513916,0.1613553762435913
1.5300000000000011,0.06790321815454757,17.60214614868164,0.16078565143138657,0.056011180560871655,0.1633451133966446,0.16216884553432465
1.5320000000000011,0.06791689576180945,17.607677459716797,0.1607469487270071,0.05445349008242667,0.16401471197605133,0.16306573152542114
1.5340000000000011,0.0679319742212063,17.612804412841797,0.16072641935485998,0.052943279509330136,0.16469980776309967,0.16404525935649872
1.5360000000000011,0.06794839950253467,17.617935180664062,0.16072451680292368,0.05148170058193931,0.16539987921714783,0.16510605812072754
1.5380000000000011,0.06796611467957676,17.621631622314453,0.16074167965881678,0.05006973579125579,0.16611476242542267,0.16624632477760315
1.5400000000000011,0.06798506033963754,17.624488830566406,0.16077832682127277,0.04870817440816722,0.16684459149837494,0.16746358573436737
1.5420000000000011,0.068005175036606,17.626903533935547,0.16083485256135888,0.04739758880492425,0.16758884489536285,0.16875500977039337
1.5440000000000011,0.06802639578303332,17.628829956054688,0.16091162132832404,0.04613831189989816,0.16834738850593567,0.17011699080467224
1.5460000000000012,0.06804865857393319,17.630748748779297,0.1610089625691641,0.04493041655170682,0.16912010312080383,0.17154544591903687
1.5480000000000012,0.06807189893367263,17.63187599182129,0.1611271655807277,0.04377369785073151,0.1699064075946808,0.17303615808486938
1.5500000000000012,0.068094656905845,17.63329315185547,0.1612664746367526,0.042667659211020656,0.17070648074150085,0.17459291219711304
1.5520000000000012,0.06811547230225444,17.634801864624023,0.16142708448197637,0.04161150314211075,0.1715197116136551,0.17621727287769318
1.5540000000000012,0.06813441006812367,17.635770797729492,0.16160913640946178,0.040604127432964876,0.17234571278095245,0.17790426313877106
1.5560000000000012,0.06815153695537647,17.636075973510742,0.1618127150349185,0.039644127306185266,0.1731843203306198,0.1796485185623169
1.5580000000000012,0.0681669202542224,17.63577651977539,0.16203784593616496,0.038729803841984545,0.1740351915359497,0.1814454346895218
1.5600000000000012,0.06818063373671404,17.63498306274414,0.16228463619854863,0.037859178687980014,0.1748974472284317,0.1832924336194992
1.5620000000000012,0.06819275451013364,17.633142471313477,0.16255327310602202,0.037030014810089856,0.17577046155929565,0.18519404530525208
1.5640000000000012,0.0682033448962433,17.63030242919922,0.16284379261065388,0.03624118814041816,0.17665278911590576,0.1871502548456192
1.5660000000000012,0.06821246150264583,17.626638412475586,0.1631550758381513,0.035492701724915594,0.17754347622394562,0.1890442818403244
1.5680000000000012,0.06822016199089369,17.622495651245117,0.16348533471072524,0.0347827939543856,0.17844070494174957,0.190804585814476
1.5700000000000012,0.0682265045335882,17.61850357055664,0.16383216124241087,0.03410875268944309,0.17934341728687286,0.19242671132087708
1.5720000000000012,0.0682315482943632,17.614532470703125,0.16419325773613125,0.033467865209973316,0.18025009334087372,0.19390882551670074
1.5740000000000012,0.068235352830877,17.610265731811523,0.16456697884853086,0.032857441778399436,0.1811591237783432,0.1953120082616806
1.5760000000000012,0.06823797735985292,17.60613250732422,0.16495179437747956,0.03227507701557116,0.18206900358200073,0.1966620832681656
1.5780000000000012,0.06823948041925655,17.601898193359375,0.16534619853998778,0.031718566411879125,0.18297819793224335,0.1979580670595169
1.5800000000000012,0.0682399195815171,17.59762191772461,0.1657487148399422,0.031185812075339832,0.1838851422071457,0.19919857382774353
1.5820000000000012,0.06823935121459761,17.59356689453125,0.16615790043323583,0.030674828656026425,0.1847885102033615,0.20038315653800964
1.5840000000000012,0.06823783028827408,17.589569091796875,0.1665723495533767,0.03018374720016483,0.18568669259548187,0.20151160657405853
1.5860000000000012,0.06823541022156522,17.585643768310547,0.16699069639599207,0.02971081717092074,0.18624751269817352,0.20258431136608124
1.5880000000000012,0.06823214276761301,17.581653594970703,0.16741161721890438,0.02925440680117307,0.186492919921875,0.20360197126865387
1.5900000000000012,0.06822807793169754,17.577608108520508,0.16783383194503798,0.028813002051321115,0.18675071001052856,0.20456548035144806
1.5920000000000012,0.06822326391844369,17.573795318603516,0.1682561056085019,0.028385204372021827,0.18701964616775513,0.20547595620155334
1.5940000000000012,0.06821774710414047,17.570125579833984,0.16867797769676401,0.02796972752933079,0.18729834258556366,0.20633459091186523
1.5960000000000012,0.06821157203049177,17.566129684448242,0.16909899740826537,0.027565393681409745,0.18758557736873627,0.20714251697063446
1.5980000000000012,0.06820478141625987,17.562068939208984,0.16951811629201088,0.027171128920801983,0.18787989020347595,0.20790144801139832
1.6000000000000012,0.06819741618365166,17.557945251464844,0.16993433003105254,0.026785958437178216,0.18818001449108124,0.20861271023750305
1.6020000000000012,0.06818951549656331,17.55374526977539,0.17034667766215358,0.026409001461815514,0.18848463892936707,0.20927755534648895
1.6040000000000012,0.06818111680815919,17.549468994140625,0.17075424057796842,0.026039466107239197,0.18879283964633942,0.2098972648382187
1.6060000000000012,0.06817225591555298,17.545188903808594,0.1711561413865157,0.02567664421306724,0.1891031712293625,0.2104731798171997
1.6080000000000012,0.06816296701967069,17.540618896484375,0.17155154263755013,0.025319906272581554,0.18941451609134674,0.21100671589374542
1.6100000000000012,0.06815328278864406,17.53563690185547,0.17193964546754678,0.024968696509162808,0.18972578644752502,0.21149861812591553
1.6120000000000012,0.06814323442333796,17.530689239501953,0.1723196881747828,0.024622528145255805,0.19003592431545258,0.21195030212402344
1.6140000000000012,0.0681328517238397,17.525718688964844,0.17269094475962993,0.02428097890107357,0.19034375250339508,0.21236306428909302
1.6160000000000012,0.06812216315593526,17.520523071289062,0.17305272344021752,0.023943686741907937,0.1906483769416809,0.2127372771501541
1.6180000000000012,0.06811119591677696,17.51523208618164,0.17340436516676597,0.02361034588857851,0.19094865024089813,0.213074192404747
1.6200000000000012,0.06809997599909078,17.50975799560547,0.17374524214237932,0.02328070309335239,0.1912437379360199,0.21337459981441498
1.6220000000000012,0.06808852825340336,17.504446029663086,0.17407460302340685,0.02295455418067055,0.19153261184692383,0.2136392742395401
1.6240000000000012,0.0680768764478769,17.499248504638672,0.17439051082875573,0.02263174084419904,0.19181427359580994,0.21386860311031342
1.6260000000000012,0.06806504332543124,17.49405288696289,0.17469206020003294,0.022312147689863962,0.19208823144435883,0.21406352519989014
1.6280000000000012,0.06805305065790128,17.48897933959961,0.17497942192063184,0.02199569950966529,0.19235315918922424,0.2142244428396225
1.6300000000000012,0.06804091929705545,17.484310150146484,0.17525328994318717,0.021682358770001235,0.19260843098163605,0.21435192227363586
1.6320000000000012,0.06802874571315892,17.479660034179688,0.17551320745258037,0.02137212329526038,0.1928534060716629,0.21444660425186157
1.6340000000000012,0.06801699331880882,17.475048065185547,0.17575872186660696,0.021065024126830197,0.1930871456861496,0.21450865268707275
1.6360000000000012,0.0680057206306676,17.47014617919922,0.17598940117976297,0.020761123535844916,0.19330890476703644,0.21453870832920074
1.6380000000000012,0.06799490886992161,17.465227127075195,0.17620483287200106,0.02046051316760538,0.1935180276632309,0.21453674137592316
1.6400000000000012,0.0679845400125725,17.460735321044922,0.17640462287566855,0.02016331229440946,0.1937137246131897,0.21450349688529968
1.6420000000000012,0.06797459675720975,17.45638656616211,0.17658839460333453,0.019869666153244484,0.19389545917510986,0.21443891525268555
1.6440000000000012,0.06796506249371186,17.45220947265625,0.1767557880387876,0.019579744343974474,0.19406266510486603,0.2143438756465912
1.6460000000000012,0.06795592127293873,17.448074340820312,0.1769064588942456,0.019293739263429553,0.19421452283859253,0.21421827375888824
1.6480000000000012,0.06794715777746312,17.44400405883789,0.1770400778368283,0.019011864550314714,0.1943507343530655,0.2140623778104782
1.6500000000000012,0.0679387572933733,17.439897537231445,0.1771563297880186,0.018734353515806643,0.19447053968906403,0.2138766199350357
1.6520000000000012,0.06793070568315995,17.436016082763672,0.17725491330006382,0.01846145753465072,0.19457313418388367,0.21366150677204132
1.6540000000000012,0.06792298935968949,17.43220329284668,0.1773355400138436,0.01819344437196304,0.19465845823287964,0.2134169042110443
1.6560000000000012,0.06791559526126387,17.42840576171875,0.17739793420297673,0.017930596421592292,0.19472578167915344,0.21314340829849243
1.6580000000000013,0.06790851082774961,17.42449188232422,0.17744183240932332,0.017673208833135605,0.19477471709251404,0.2128411829471588
1.6600000000000013,0.06790172397776867,17.42056655883789,0.17746698317512233,0.01742158750647142,0.1948048174381256,0.21251089870929718
1.6620000000000013,0.0678952230869258,17.416641235351562,0.17747314687705046,0.01717604693525058,0.19481545686721802,0.2121526002883911
1.6640000000000013,0.06788899696706231,17.41268539428711,0.17746009566720317,0.01693690788417183,0.19480663537979126,0.21176694333553314
1.6660000000000013,0.06788303484651301,17.408689498901367,0.1774276135255356,0.016704494889286894,0.19477739930152893,0.21135421097278595
1.6680000000000013,0.06787732635134955,17.40472984313965,0.1773754964274456,0.016479133576006,0.19472797214984894,0.21091516315937042
1.6700000000000013,0.06787186148760291,17.40074920654297,0.17730355262902758,0.016261147796068718,0.1946575790643692,0.21045003831386566
1.6720000000000013,0.06786663062444158,17.396785736083984,0.17721160307093475,0.016050856592378024,0.1945662647485733,0.20995968580245972
1.6740000000000013,0.06786162447830281,17.392820358276367,0.1770994818998416,0.015848571009273858,0.19445349276065826,0.20944422483444214
1.6760000000000013,0.06785683409796564,17.388877868652344,0.17696703710410172,0.015654590775266923,0.19431909918785095,0.2089049071073532
1.6780000000000013,0.06785225085055517,17.384998321533203,0.17681388443944884,0.015469200895255785,0.19416263699531555,0.20834174752235413
1.6800000000000013,0.0678478664084717,17.381202697753906,0.17663798665746733,0.015292668199325366,0.19398406147956848,0.207755908370018
1.6820000000000013,0.06784367273723405,17.37731170654297,0.17643881017254665,0.015125237904915143,0.19378331303596497,0.2071482092142105
1.6840000000000013,0.06783966208422235,17.37333869934082,0.17621623858646446,0.014967130257814234,0.19355978071689606,0.20651884377002716
1.6860000000000013,0.06783582696830055,17.369403839111328,0.17597017458403286,0.014818537324429027,0.19331377744674683,0.20586884021759033
1.6880000000000013,0.06783216017029745,17.365474700927734,0.17570054084367742,0.014679620012437252,0.1930450052022934,0.2051992267370224
1.6900000000000013,0.06782865472430619,17.361553192138672,0.1754072809379077,0.014550505398611205,0.19275332987308502,0.20451030135154724
1.6920000000000013,0.06782530390976779,17.357643127441406,0.17509036019930924,0.014431284440801339,0.19243869185447693,0.20380334556102753
1.6940000000000013,0.06782210124427848,17.353797912597656,0.17474976652703683,0.01432201014550078,0.19210132956504822,0.20307908952236176
1.6960000000000013,0.06781904047706402,17.34994888305664,0.17438624518871315,0.014222696252926718,0.19174101948738098,0.20233799517154694
1.6980000000000013,0.06781611558304737,17.346139907836914,0.1740017935896637,0.014133316488443754,0.19135774672031403,0.20158101618289948
1.7000000000000013,0.06781332075743114,17.342376708984375,0.1735966068748404,0.014053804412859264,0.19095155596733093,0.20080886781215668
1.7020000000000013,0.06781065041070988,17.338665008544922,0.17317080129810233,0.013984053885470712,0.19052280485630035,0.2000223845243454
1.7040000000000013,0.06780809916401967,17.335071563720703,0.17272451878330314,0.013923920133723728,0.1900714486837387,0.19922170042991638
1.7060000000000013,0.06780566184474218,17.331485748291016,0.17225792714406882,0.013873221403176704,0.18959785997867584,0.1984081119298935
1.7080000000000013,0.06780333348226836,17.32803726196289,0.17177122011916648,0.013831741142283048,0.18910181522369385,0.19758176803588867
1.7100000000000013,0.06780110930384506,17.324682235717773,0.17126461722099387,0.013799230659545466,0.18858374655246735,0.19674338400363922
1.7120000000000013,0.06779898473042577,17.32138442993164,0.1707383634001063,0.013775412176756844,0.18804395198822021,0.19589334726333618
1.7140000000000013,0.0677969553724663,17.318145751953125,0.1701927285337899,0.013759982192095566,0.187482550740242,0.1950322836637497
1.7160000000000013,0.06779501702560806,17.314971923828125,0.16962800675120002,0.01375261506114202,0.1869000643491745,0.19416047632694244
1.7180000000000013,0.06779316566621196,17.311847686767578,0.16904451561138278,0.013752966702545968,0.18629679083824158,0.1932782232761383
1.7200000000000013,0.06779139744671536,17.308757781982422,0.16844259515338111,0.013760678337820263,0.18567267060279846,0.19238577783107758
1.7220000000000013,0.06778970869080189,17.30573272705078,0.16782260683959435,0.013775380181071925,0.18502886593341827,0.1914835274219513
1.7240000000000013,0.06778809588837506,17.302722930908203,0.16718493241456345,0.013796695003707735,0.1843648999929428,0.19057169556617737
1.7260000000000013,0.06778655569035498,17.299711227416992,0.16652997270147346,0.013824241510439837,0.18368171155452728,0.1896505057811737
1.7280000000000013,0.0677850849033052,17.296749114990234,0.16585814635799487,0.013857637475433443,0.18297936022281647,0.1887204498052597
1.7300000000000013,0.06778368048392318,17.293838500976562,0.1651698886117456,0.013896502600371723,0.18225844204425812,0.1877809464931488
1.7320000000000013,0.06778233953342218,17.290973663330078,0.16446564999383037,0.01394046106885907,0.18151937425136566,0.18683288991451263
1.7340000000000013,0.06778105929183403,17.288135528564453,0.1637458950867023,0.013989143783364143,0.18076260387897491,0.1858760565519333
1.7360000000000013,0.06777983713227544,17.28528594970703,0.16301110130019628,0.0140421902814115,0.17998863756656647,0.18491072952747345
1.7380000000000013,0.06777867055520688,17.282499313354492,0.1622617576870973,0.0140992503366817,0.17919772863388062,0.18393684923648834
1.7400000000000013,0.06777755718272181,17.279766082763672,0.16149836380715643,0.014159985257954167,0.17839042842388153,0.1829547882080078
1.7420000000000013,0.06777649475289887,17.277084350585938,0.16072142864613873,0.014224068904413278,0.17756731808185577,0.1819644272327423
1.7440000000000013,0.06777548111424289,17.27444839477539,0.15993146959434767,0.014291188439847884,0.1767287254333496,0.1809658706188202
1.7460000000000013,0.06777451422024657,17.27185821533203,0.15912901148714972,0.014361044850786785,0.17587506771087646,0.17995934188365936
1.7480000000000013,0.06777359212409136,17.269302368164062,0.1583145857083683,0.014433353254922452,0.17500661313533783,0.1789451688528061
1.7500000000000013,0.06777271297350704,17.26678466796875,0.15748872935601146,0.014507843026407532,0.17412401735782623,0.1779230237007141
1.7520000000000013,0.06777187500580763,17.264328002929688,0.15665198446864395,0.014584257763997232,0.17322786152362823,0.1768932044506073
1.7540000000000013,0.06777107654311378,17.261940002441406,0.15580489730981306,0.014662355126815433,0.17231832444667816,0.17585593461990356
1.7560000000000013,0.06777031598776903,17.259624481201172,0.15494801770724664,0.014741906560836215,0.17139548063278198,0.17481116950511932
1.7580000000000013,0.067769591817961,17.257389068603516,0.154081898443034,0.014822696937198728,0.17046064138412476,0.1737593561410904
1.7600000000000013,0.06776890258354286,17.25518798828125,0.15320709469069113,0.014904524121382086,0.16951324045658112,0.17270015180110931
1.7620000000000013,0.06776824690206223,17.25302505493164,0.1523241634948062,0.014987198490078676,0.16855429112911224,0.1716337949037552
1.7640000000000013,0.0677676234549932,17.25090217590332,0.15143366328890384,0.015070542410464715,0.1675836443901062,0.1705607771873474
1.7660000000000013,0.06776703098416768,17.24880599975586,0.15053615344718285,0.015154389694531058,0.16694436967372894,0.16948078572750092
1.7680000000000013,0.06776646828840657,17.246742248535156,0.149632193865889,0.015238585039202676,0.16651561856269836,0.16869737207889557
1.7700000000000014,0.06776593422033844,17.24473762512207,0.14872234457022698,0.015322983461228215,0.16606740653514862,0.16819898784160614
1.7720000000000014,0.06776542768340377,17.24276351928711,0.14780673165086208,0.01540744973422225,0.16560818254947662,0.1676788628101349
1.7740000000000014,0.06776494762903934,17.240819931030273,0.14688205249503372,0.01549185783383225,0.16514354944229126,0.1671476662158966
1.7760000000000014,0.06776449305402811,17.23891830444336,0.14594786692365785,0.015576090395765529,0.16467849910259247,0.1666126698255539
1.7780000000000014,0.06776406299801667,17.23703384399414,0.1450046246732162,0.01566003819032571,0.16421577334403992,0.16607965528964996
1.7800000000000014,0.0677636565411839,17.235177993774414,0.14405277425274368,0.015743599616190495,0.16375732421875,0.16555160284042358
1.7820000000000014,0.06776327280205705,17.23334503173828,0.1430927628643291,0.01582668021538815,0.16330339014530182,0.16503070294857025
1.7840000000000014,0.067762910935468,17.23153305053711,0.14212689573232143,0.015909192210758524,0.16285459697246552,0.164517343044281
1.7860000000000014,0.06776257013063881,17.229785919189453,0.14115947408828905,0.015991054066659675,0.16240926086902618,0.1640114188194275
1.7880000000000014,0.06776224960939253,17.228084564208984,0.14019116334094728,0.016072190073226644,0.16196727752685547,0.16351231932640076
1.7900000000000014,0.06776194862447703,17.226398468017578,0.13922237380860067,0.016152529954142257,0.16152659058570862,0.1630178838968277
1.7920000000000014,0.06776166645800168,17.2247257232666,0.13824950950027703,0.01623200849758959,0.1610853374004364,0.16252709925174713
1.7940000000000014,0.0677614024199744,17.22307777404785,0.13727186172874425,0.016310565209835252,0.16064250469207764,0.16203784942626953
1.7960000000000014,0.06776115584693342,17.221500396728516,0.13629442031175862,0.0163881439907415,0.1601959764957428,0.1615479737520218
1.7980000000000014,0.0677609261006705,17.219940185546875,0.13531847020693505,0.01646469283036075,0.1597440540790558,0.16105586290359497
1.8000000000000014,0.06776071256703674,17.21841812133789,0.13434453962443807,0.016540163525702624,0.15928581357002258,0.16055910289287567
1.8020000000000014,0.06776051465482692,17.216907501220703,0.1333731522642489,0.016614511416693532,0.15881942212581635,0.1600567251443863
1.8040000000000014,0.06776033179473685,17.215412139892578,0.13240482696952355,0.01668769514033371,0.15834365785121918,0.1595468670129776
1.8060000000000014,0.06776016343838753,17.213924407958984,0.1314400773694652,0.016759676402024606,0.15785785019397736,0.159028097987175
1.8080000000000014,0.0677600090574151,17.212451934814453,0.13047941151138465,0.016830419763080532,0.15736088156700134,0.15849952399730682
1.8100000000000014,0.0677598681426168,17.210994720458984,0.12952333148176418,0.016899892443404108,0.15685200691223145,0.15796035528182983
1.8120000000000014,0.06775974020315433,17.209552764892578,0.12857233301626486,0.016968064138394294,0.15633080899715424,0.1574094444513321
1.8140000000000014,0.06775962476580658,17.2081298828125,0.1276269050987761,0.01703490684912699,0.15579698979854584,0.15684664249420166
1.8160000000000014,0.06775952137427142,17.206693649291992,0.12668752954972257,0.017100394724940658,0.15525008738040924,0.15627147257328033
1.8180000000000014,0.0677594295885102,17.205270767211914,0.12575468060400238,0.01716450391755437,0.15468992292881012,0.15568377077579498
1.8200000000000014,0.06775934898413356,17.203861236572266,0.1248288244790545,0.017227212445928022,0.15411628782749176,0.15508298575878143
1.8220000000000014,0.06775927915182757,17.202465057373047,0.12391041893370638,0.017288500071091766,0.15352924168109894,0.1544693112373352
1.8240000000000014,0.06775921969681138,17.201080322265625,0.12299910183884248,0.017348348180229095,0.15292888879776,0.15384282171726227
1.8260000000000014,0.06775917023833233,17.19970703125,0.12208955607419929,0.01740673967934204,0.1523149311542511,0.15320329368114471
1.8280000000000014,0.06775913040918762,17.19832992553711,0.12118104200389665,0.017463658893855802,0.15168771147727966,0.15255092084407806
1.8300000000000014,0.06775909985527745,17.196964263916016,0.12027531023560963,0.017519091476588217,0.1510472297668457,0.15188586711883545
1.8320000000000014,0.0677590782351822,17.19561004638672,0.11937866386183829,0.01757302432252084,0.15039369463920593,0.1512082815170288
1.8340000000000014,0.06775906521976617,17.194271087646484,0.11849218449621143,0.017625445489864045,0.14972716569900513,0.15051822364330292
1.8360000000000014,0.06775906049180258,17.192962646484375,0.1176162677201552,0.017676344126941478,0.14904767274856567,0.149815633893013
1.8380000000000014,0.06775906374562007,17.191661834716797,0.11675129696927994,0.017725710404447346,0.1483553647994995,0.14910128712654114
1.8400000000000014,0.06775907468676903,17.190380096435547,0.11589764304413304,0.017773535452675047,0.14765077829360962,0.14837495982646942
1.8420000000000014,0.06775909303170626,17.189130783081055,0.11505566362489061,0.017819811303325536,0.1466427594423294,0.14763684570789337
1.8440000000000014,0.0677591185074955,17.18789291381836,0.11422570279219924,0.017864530835557498,0.14522121846675873,0.1462489813566208
1.8460000000000014,0.06775915085152445,17.186687469482422,0.11340809055652694,0.01790768772594465,0.1438126266002655,0.14480844140052795
1.8480000000000014,0.06775918981123571,17.185504913330078,0.11260314239849649,0.017949276402046133,0.14241966605186462,0.14338319003582
1.8500000000000014,0.06775923514387204,17.184326171875,0.11181115882278103,0.01798929199931052,0.14104443788528442,0.14197573065757751
1.8520000000000014,0.06775928661623296,17.18315887451172,0.11103242492823916,0.018027730321058668,0.13968898355960846,0.14058783650398254
1.8540000000000014,0.0677593440044427,17.18199920654297,0.11026682205294062,0.018064587801308332,0.13835503160953522,0.13922174274921417
1.8560000000000014,0.0677594070937306,17.180845260620117,0.10950845629476828,0.01809986147022429,0.13704408705234528,0.13787902891635895
1.8580000000000014,0.06775947567822009,17.179706573486328,0.10875549473114328,0.01813354892199626,0.13575780391693115,0.13656099140644073
1.8600000000000014,0.06775954956072536,17.178577423095703,0.108008305640336,0.018165648284949723,0.13449707627296448,0.13526898622512817
1.8620000000000014,0.06775962855255961,17.17746353149414,0.10727249628573948,0.018196158193733564,0.13326303660869598,0.13400427997112274
1.8640000000000014,0.06775971247334964,17.176361083984375,0.10655168476500711,0.01822507776341163,0.13205669820308685,0.13276799023151398
1.8660000000000014,0.06775980115085588,17.17526626586914,0.10584605104188342,0.018252406565329435,0.13087879121303558,0.13156060874462128
1.8680000000000014,0.06775989442080198,17.174182891845703,0.10515575685426931,0.01827814460460932,0.12973031401634216,0.13038331270217896
1.8700000000000014,0.0677599921267096,17.173107147216797,0.10448094551946827,0.018302292299157055,0.1286114901304245,0.12923680245876312
1.8720000000000014,0.06776009411973795,17.172035217285156,0.10382174178335188,0.01832485046006683,0.1275235265493393,0.1281214952468872
1.8740000000000014,0.06776020025852952,17.170974731445312,0.1031782517160085,0.018345820273318842,0.1264667809009552,0.12703831493854523
1.8760000000000014,0.06776031040906055,17.169921875,0.10255056265625336,0.018365203282671484,0.12544207274913788,0.12598776817321777
1.8780000000000014,0.06776042444449559,17.16887092590332,0.10193874320715043,0.01838300137366501,0.12445000559091568,0.12497067451477051
1.8800000000000014,0.06776054224504635,17.167831420898438,0.1013428432844708,0.01839921675864423,0.12349089980125427,0.1239873543381691
1.8820000000000014,0.06776066369783507,17.16680335998535,0.10076289421971878,0.01841385196273858,0.12256564944982529,0.12303847819566727
1.8840000000000015,0.06776078869675937,17.165782928466797,0.10019890891908122,0.01842690981071596,0.12167413532733917,0.12212445586919785
1.8860000000000015,0.06776091714236342,17.16476821899414,0.09965088207931941,0.018438393414658177,0.12081721425056458,0.12124559283256531
1.8880000000000015,0.06776104894170872,17.163782119750977,0.09911879046129161,0.018448306162387445,0.11999499052762985,0.12040222436189651
1.8900000000000015,0.06776118400825008,17.162811279296875,0.09860259322144037,0.018456651706600158,0.11920751631259918,0.11959430575370789
1.8920000000000015,0.06776132226171276,17.161848068237305,0.09810223230120857,0.018463433954645714,0.11845473945140839,0.11882217228412628
1.8940000000000015,0.06776146362797238,17.160892486572266,0.09761597123511306,0.01846865705891666,0.11773684620857239,0.11808548867702484
1.8960000000000015,0.06776160803893677,17.159950256347656,0.09713852736806566,0.01847232540779287,0.11705332249403,0.1173841580748558
1.8980000000000015,0.06776175543242974,17.159015655517578,0.09666969751583807,0.018474443617112854,0.11640401184558868,0.11671777069568634
1.9000000000000015,0.06776190575207691,17.158092498779297,0.09620988992343786,0.018475016522125395,0.11578816920518875,0.11608593165874481
1.9020000000000015,0.06776205894719234,17.157176971435547,0.0957639808536945,0.018474049169893456,0.11520544439554214,0.11548778414726257
1.9040000000000015,0.06776221497266748,17.156272888183594,0.09533384620186347,0.018471546812117202,0.1146550253033638,0.11492299288511276
1.9060000000000015,0.0677623737888615,17.155370712280273,0.09491932879089561,0.0184675148983426,0.11413594335317612,0.1143902838230133
1.9080000000000015,0.06776253536149121,17.15447998046875,0.09452025853025162,0.018461959069536783,0.11364731192588806,0.11388889700174332
1.9100000000000015,0.06776269966152478,17.153596878051758,0.09413645326512546,0.018454885152000344,0.1131882444024086,0.11341767758131027
1.9120000000000015,0.06776286666507347,17.152721405029297,0.0937677196676744,0.018446299151588005,0.1127576008439064,0.11297564208507538
1.9140000000000015,0.06776303635328779,17.151859283447266,0.09341385416655072,0.018436207248230783,0.11235430836677551,0.11256136745214462
1.9160000000000015,0.06776320871225024,17.151002883911133,0.09307464391081255,0.01842461579072245,0.11197704821825027,0.112173892557621
1.9180000000000015,0.06776338373287313,17.150157928466797,0.09274986776408609,0.01841153129176558,0.11162461340427399,0.11181195080280304
1.9200000000000015,0.06776356141079316,17.14931869506836,0.09243929732469033,0.018396960423250612,0.1112959012389183,0.11147423088550568
1.9220000000000015,0.06776374174627028,17.148487091064453,0.09214269796731343,0.018380910011760173,0.11098963022232056,0.1111595630645752
1.9240000000000015,0.06776392474408488,17.14765167236328,0.0918598299017431,0.0183633870342747,0.1107046902179718,0.11086665838956833
1.9260000000000015,0.06776411041343458,17.146827697753906,0.09159044924410394,0.018344398614075778,0.11043976247310638,0.11059427261352539
1.9280000000000015,0.06776429876783488,17.146015167236328,0.09133430909604102,0.018323952016824407,0.11019380390644073,0.11034128069877625
1.9300000000000015,0.06776448982501747,17.145206451416016,0.09109116062731727,0.01830205464680858,0.10996547341346741,0.11010649055242538
1.9320000000000015,0.06776468360682972,17.1444091796875,0.09086075415734209,0.01827871404335245,0.1097540557384491,0.1098889708518982
1.9340000000000015,0.06776488013913463,17.143617630004883,0.09064284023122939,0.018253937877361494,0.10955823957920074,0.10968738049268723
1.9360000000000015,0.0677650794517114,17.142837524414062,0.09043652423359123,0.018227733948018018,0.10937712341547012,0.10950086265802383
1.9380000000000015,0.06776528157815571,17.14206314086914,0.09023958121463957,0.01820011017959395,0.10920968651771545,0.109328493475914
1.9400000000000015,0.06776548655578075,17.141284942626953,0.09005193676571376,0.01817107461838759,0.10905523598194122,0.10916931182146072
1.9420000000000015,0.06776569442551873,17.140514373779297,0.08987368892891394,0.018140635429774957,0.10891284048557281,0.1090225949883461
1.9440000000000015,0.06776590523182224,17.139751434326172,0.08970493207427856,0.01810880089536227,0.10878174751996994,0.10888740420341492
1.9460000000000015,0.06776611902256569,17.138996124267578,0.08954575687331744,0.01807557941023882,0.1086614802479744,0.10876321792602539
1.9480000000000015,0.0677663358489481,17.13825225830078,0.08939646139372429,0.01804097948032044,0.10855119675397873,0.10864923149347305
1.9500000000000015,0.06776655576539431,17.137516021728516,0.08925832498693698,0.01800500971978303,0.10845019668340683,0.10854484140872955
1.9520000000000015,0.06776677882945872,17.13678741455078,0.08913137878416802,0.017967678848571672,0.10835817456245422,0.10844959318637848
1.9540000000000015,0.06776700510172774,17.13606834411621,0.0890154270206607,0.017928995689991564,0.10827460885047913,0.10836300253868103
1.9560000000000015,0.06776723464572255,17.135358810424805,0.08891028438160706,0.017888969168362003,0.10819900035858154,0.10828450322151184
1.9580000000000015,0.0677674675278027,17.134654998779297,0.0888157767721406,0.01784760830674702,0.10813107341527939,0.10821381956338882
1.9600000000000015,0.0677677038170696,17.133960723876953,0.08873174203895225,0.01780492222474181,0.10807037353515625,0.10815044492483139
1.9620000000000015,0.06776794358527137,17.133277893066406,0.08865803064151363,0.017760920136318442,0.10801660269498825,0.10809431225061417
1.9640000000000015,0.06776818690670504,17.132600784301758,0.08859450627109806,0.01771561134773018,0.10796952992677689,0.10804486274719238
1.9660000000000015,0.06776843385812298,17.13193130493164,0.08854104641598698,0.017669005255464304,0.10792893171310425,0.10800204426050186
1.9680000000000015,0.06776868451863721,17.131277084350586,0.08849754287144368,0.017621111344246515,0.10789455473423004,0.10796551406383514
1.9700000000000015,0.06776893896962363,17.130634307861328,0.08846390219321251,0.01757193918508668,0.10786640644073486,0.10793524980545044
1.9720000000000015,0.06776919729462809,17.130001068115234,0.0884400460934661,0.01752149843337532,0.10784411430358887,0.10791105777025223
1.9740000000000015,0.0677694595792725,17.12938690185547,0.08842591177829884,0.01746979882701101,0.1078275665640831,0.1078927144408226
1.9760000000000015,0.06776972591116119,17.128807067871094,0.08842145222599872,0.01741685018457251,0.10781682282686234,0.10788008570671082
1.9780000000000015,0.06776999637978533,17.12823486328125,0.08842663640548731,0.017362662403527414,0.10781163722276688,0.10787317156791687
1.9800000000000015,0.06777027107643312,17.12767219543457,0.08844144943444848,0.0173072454584692,0.10781220346689224,0.10787209868431091
1.9820000000000015,0.06777055009409463,17.127117156982422,0.08846589267680391,0.017250609399388328,0.10781817138195038,0.10787665098905563
1.9840000000000015,0.06777083352737029,17.126571655273438,0.08849998377931745,0.017192764349978983,0.10782993584871292,0.1078866645693779
1.9860000000000015,0.06777112147237917,17.126033782958984,0.08854375664724023,0.017133720505964227,0.10784713923931122,0.10790227353572845
1.9880000000000015,0.06777141402666809,17.125507354736328,0.08859726135903659,0.017073488133454218,0.10787003487348557,0.10792381316423416
1.9900000000000015,0.06777171128911985,17.124988555908203,0.08866056402035283,0.017012077567329108,0.10789859294891357,0.10795097053050995
1.9920000000000015,0.06777201335986371,17.12447738647461,0.08873374655752853,0.01694949920964469,0.10793302208185196,0.10798388719558716
1.9940000000000015,0.06777232034018486,17.12397575378418,0.08881690645107446,0.016885763528059348,0.10797322541475296,0.10802270472049713
1.9960000000000016,0.06777263233243583,17.12348175048828,0.08891015640969689,0.016820881054285104,0.10801947861909866,0.10806779563426971
1.9980000000000016,0.06777294943994755,17.122997283935547,0.08901362398557866,0.016754862382555805,0.10807182639837265,0.10811878740787506
2.0000000000000013,0.06777327176694103,17.122520446777344,0.08912745113179261,0.016687718168116452,0.10813061892986298,0.10817619413137436
2.002000000000001,0.06777359941843959,17.122051239013672,0.08925179370289155,0.01661945912572954,0.1081959530711174,0.10824044048786163
2.004000000000001,0.06777393250018364,17.121593475341797,0.08938682089987827,0.01655009602819868,0.10826805233955383,0.1083112508058548
2.0060000000000007,0.0677742711185415,17.121143341064453,0.08953271466096285,0.016479639704908254,0.10834725946187973,0.10838919132947922
2.0080000000000005,0.0677746153804271,17.120697021484375,0.08968966899968989,0.01640810104037915,0.10843400657176971,0.1084747165441513
2.0100000000000002,0.06777496539321251,17.12026023864746,0.0898578892922414,0.016335490972836597,0.1085285022854805,0.10856811702251434
2.012,0.067775321264646,17.11983299255371,0.09003759151591048,0.016261820492798593,0.10863121598958969,0.10866954177618027
2.014,0.06777568310276602,17.119415283203125,0.09022900144099504,0.016187100641666258,0.10874231904745102,0.10877977311611176
2.0159999999999996,0.06777605101582165,17.119003295898438,0.09043212513780091,0.01611134251033957,0.10886285454034805,0.10889924317598343
2.0179999999999993,0.06777642511218739,17.118614196777344,0.09064572743342882,0.01603455723783402,0.10899310559034348,0.10902828723192215
2.019999999999999,0.0677768055002849,17.11823844909668,0.09086954071398101,0.015956756009917847,0.10913360863924026,0.10916773974895477
2.021999999999999,0.06777719228850151,17.117870330810547,0.09110350826648679,0.015877950057755042,0.10928505659103394,0.1093183308839798
2.0239999999999987,0.06777758558511089,17.117511749267578,0.09134756967307446,0.01579815065655631,0.10944823920726776,0.10948041826486588
2.0259999999999985,0.06777798549819417,17.11716079711914,0.09160166083793064,0.015717369124250192,0.10962384194135666,0.10965511202812195
2.0279999999999982,0.0677783921355626,17.11681365966797,0.09186616262524604,0.015635616820152808,0.10981295257806778,0.10984314978122711
2.029999999999998,0.06777880560468139,17.116477966308594,0.09214343342072095,0.01555290514365465,0.11001607030630112,0.110045425593853
2.031999999999998,0.0677792260125922,17.11614990234375,0.09243405790775885,0.01546924553291159,0.11023446917533875,0.11026286333799362
2.0339999999999976,0.06777965346584011,17.11583137512207,0.0927383106449542,0.015384649463547112,0.11046905070543289,0.1104966476559639
2.0359999999999974,0.06778008807039827,17.115528106689453,0.09305646535740857,0.015299128447364004,0.11072075366973877,0.11074761301279068
2.037999999999997,0.06778052993159545,17.115234375,0.0933887938533762,0.015212694031060141,0.11099089682102203,0.11101703345775604
2.039999999999997,0.06778097915404403,17.114948272705078,0.0937355649402905,0.01512535779495662,0.1112804040312767,0.11130589246749878
2.0419999999999967,0.06778143584156886,17.114669799804688,0.09409704334474939,0.015037131351730022,0.11159072071313858,0.11161554604768753
2.0439999999999965,0.06778190009713701,17.114398956298828,0.0944734886410762,0.014948026345156502,0.11192283034324646,0.11194711923599243
2.0459999999999963,0.06778237202279015,17.1141357421875,0.09486515419309713,0.014858054448857178,0.11227819323539734,0.11230192333459854
2.047999999999996,0.06778285171957497,17.113880157470703,0.09527228611375586,0.0147672273650555,0.11265785247087479,0.1126810759305954
2.049999999999996,0.06778333928747701,17.11362075805664,0.09569512224712512,0.014675556823342414,0.11306314170360565,0.11308595538139343
2.0519999999999956,0.0677838348253558,17.11336898803711,0.09613389117728066,0.014583054579442398,0.11349520087242126,0.11351779103279114
2.0539999999999954,0.06778433843087918,17.113128662109375,0.09658881126837628,0.014489732413992122,0.1139552891254425,0.11397752910852432
2.055999999999995,0.06778485020046057,17.112892150878906,0.09706008974007312,0.014395602131323492,0.1144445389509201,0.1144668236374855
2.057999999999995,0.0677853702291958,17.11266326904297,0.097547921782282,0.014300675558254683,0.11496412009000778,0.11498603969812393
2.0599999999999947,0.06778589861080347,17.112445831298828,0.09805248971291804,0.014204964542884446,0.11551492661237717,0.11553673446178436
2.0619999999999945,0.06778643543756349,17.112234115600586,0.0985739621821079,0.014108480953395841,0.11609797179698944,0.11611934006214142
2.0639999999999943,0.06778698080025894,17.112030029296875,0.09911113434402834,0.014011236676866518,0.116714246571064,0.11673516035079956
2.065999999999994,0.0677875347881181,17.111835479736328,0.09965899316792963,0.01391324361808489,0.1173642948269844,0.11738485097885132
2.067999999999994,0.06778809748875891,17.111652374267578,0.10021691042462173,0.01381451369836949,0.11804866790771484,0.11806883662939072
2.0699999999999936,0.06778866898813295,17.11147117614746,0.10078530582330994,0.013715058854400563,0.11876795440912247,0.11878776550292969
2.0719999999999934,0.06778924937047219,17.11130142211914,0.10136948499809528,0.013614891037053111,0.1195228099822998,0.11954199522733688
2.073999999999993,0.06778983871823528,17.111133575439453,0.10197081486659958,0.013514022210239738,0.1203131303191185,0.12033168971538544
2.075999999999993,0.0677904371120574,17.110977172851562,0.10258936100296137,0.013412464349757933,0.1211390420794487,0.1211569607257843
2.0779999999999927,0.06779104463069911,17.110824584960938,0.10322517136183329,0.01331022944214267,0.1220005676150322,0.12201761454343796
2.0799999999999925,0.06779166135099804,17.11068344116211,0.10387827596992624,0.013207329483529658,0.12289755791425705,0.12291378527879715
2.0819999999999923,0.06779228734782178,17.110546112060547,0.10454868667671938,0.013103776478520733,0.12382956594228745,0.12384486198425293
2.083999999999992,0.06779292269401946,17.11042022705078,0.10523639696389218,0.012999582439059493,0.12479618936777115,0.1248105838894844
2.085999999999992,0.06779356746038011,17.110288619995117,0.10594138181268682,0.012894759383309033,0.12579701840877533,0.12581026554107666
2.0879999999999916,0.06779422171558579,17.11018180847168,0.10666359762807591,0.012789319334542075,0.12683123350143433,0.12684334814548492
2.0899999999999914,0.06779488552617126,17.110084533691406,0.10740298221827703,0.012683274320034731,0.127898171544075,0.12790897488594055
2.091999999999991,0.06779555895648282,17.10999298095703,0.10815945482789534,0.012576636369965553,0.1289970725774765,0.12900637090206146
2.093999999999991,0.0677962420686376,17.10991096496582,0.10893291622267705,0.012469417516325366,0.13012665510177612,0.1301344633102417
2.0959999999999908,0.06779693492248592,17.10983657836914,0.10972324882364419,0.012361629791833499,0.13128632307052612,0.13129237294197083
2.0979999999999905,0.0677976375755754,17.109764099121094,0.11053031688816654,0.01225328522885795,0.13247482478618622,0.13247889280319214
2.0999999999999903,0.06779835008311318,17.109703063964844,0.11135396673535516,0.012144395858346443,0.13369090855121613,0.13369295001029968
2.10199999999999,0.06779907249793356,17.10964584350586,0.11219402701301051,0.012034973708766975,0.13493351638317108,0.1349332481622696
2.10399999999999,0.0677998048704643,17.109596252441406,0.11305000195894734,0.011925030805046795,0.13620121777057648,0.13619838654994965
2.1059999999999897,0.06780054724869591,17.109554290771484,0.11391593201047269,0.011814579167533364,0.13749279081821442,0.1374872475862503
2.1079999999999894,0.06780129967815063,17.109519958496094,0.11478938594463278,0.011703630810949262,0.13880670070648193,0.13879814743995667
2.109999999999989,0.06780206220185472,17.109495162963867,0.11567040364590195,0.011592197743366395,0.14014114439487457,0.14012961089611053
2.111999999999989,0.06780283486031073,17.10947608947754,0.11656439189613817,0.011480291965182167,0.1414947807788849,0.1414799839258194
2.1139999999999888,0.06780361769147165,17.10946273803711,0.11747321154464067,0.011367925468105895,0.1428660899400711,0.14284765720367432
2.1159999999999886,0.06780441073071697,17.109455108642578,0.11839658961759197,0.011255110234156998,0.14425301551818848,0.14423105120658875
2.1179999999999883,0.06780521401082937,17.109451293945312,0.11933423873304475,0.011141858234666804,0.14565421640872955,0.14562839269638062
2.119999999999988,0.06780602756197268,17.10945701599121,0.12028585758846906,0.011028181429296431,0.1470680832862854,0.14703844487667084
2.121999999999988,0.06780685141167297,17.109468460083008,0.1212511314620933,0.010914091765058377,0.1484932154417038,0.14845964312553406
2.1239999999999877,0.0678076855847984,17.109485626220703,0.12222973272550602,0.010799601175352534,0.14992862939834595,0.149891197681427
2.1259999999999875,0.06780853010354333,17.109508514404297,0.12322132136509042,0.010684721579009534,0.15137365460395813,0.1513325572013855
2.1279999999999872,0.0678093849874113,17.10953712463379,0.12422554550999926,0.010569464879346934,0.1528286188840866,0.15278391540050507
2.129999999999987,0.06781025025320171,17.109573364257812,0.1252420419645025,0.010453842963235387,0.1542939841747284,0.15424570441246033
2.131999999999987,0.06781112591499643,17.109622955322266,0.1262704367426835,0.01033786770017582,0.1557713747024536,0.15571993589401245
2.1339999999999866,0.06781201198414796,17.109676361083984,0.12731034560360174,0.010221550941389856,0.1572062373161316,0.15720905363559723
2.1359999999999864,0.06781290846927024,17.109737396240234,0.12836136821835367,0.010104904518921865,0.15819421410560608,0.15828830003738403
2.137999999999986,0.0678138153762297,17.10980224609375,0.12941932880687032,0.009987940244752629,0.1591743528842926,0.159274622797966
2.139999999999986,0.06781473270813851,17.10987663269043,0.1304806794089679,0.009870669909927337,0.160145103931427,0.16025185585021973
2.1419999999999857,0.06781566046534887,17.109954833984375,0.13154534781758587,0.00975310528369978,0.16110607981681824,0.1612187772989273
2.1439999999999855,0.06781659864544888,17.11004066467285,0.13261766380441178,0.009635258112684297,0.16205556690692902,0.16217468678951263
2.1459999999999853,0.06781754724326015,17.110116958618164,0.13369896252840527,0.009517140120031976,0.16299284994602203,0.16311821341514587
2.147999999999985,0.06781850625083737,17.110193252563477,0.13478881035241755,0.009398763004613817,0.1639174520969391,0.16404885053634644
2.149999999999985,0.06781947565746735,17.110275268554688,0.135886767389373,0.00928013844022482,0.16482797265052795,0.1649654060602188
2.1519999999999846,0.06782045544967308,17.110363006591797,0.1369923879774046,0.009161278074807717,0.16572435200214386,0.1658673733472824
2.1539999999999844,0.06782144561121566,17.110462188720703,0.13810522114493673,0.009042193529686902,0.16660615801811218,0.16675496101379395
2.155999999999984,0.0678224461231002,17.11056900024414,0.13922481106520737,0.008922896398831275,0.16747350990772247,0.1676275134086609
2.157999999999984,0.06782345696358313,17.110685348510742,0.1403506974998267,0.00880339824812949,0.16832642257213593,0.1684856414794922
2.1599999999999837,0.06782447810817864,17.110801696777344,0.1414824162310506,0.008683710614691472,0.16916523873806,0.16932983696460724
2.1619999999999835,0.06782550952967156,17.11092758178711,0.14261949948253855,0.008563845006168136,0.16999134421348572,0.1701604127883911
2.1639999999999833,0.06782655119812658,17.11105728149414,0.14376147632843478,0.008443812900098845,0.1708052009344101,0.17097927629947662
2.165999999999983,0.06782760308090237,17.111190795898438,0.14490787309067957,0.008323625743282959,0.1716090440750122,0.17178703844547272
2.167999999999983,0.06782866514266676,17.111328125,0.14605821372452024,0.008203294951177182,0.17240384221076965,0.17258569598197937
2.1699999999999826,0.06782973734541349,17.111469268798828,0.1472120201922526,0.008082831907322468,0.17319157719612122,0.1733771413564682
2.1719999999999824,0.06783081964847953,17.111618041992188,0.1483688128252626,0.007962247962803686,0.1739739626646042,0.17416299879550934
2.173999999999982,0.06783191200856699,17.111770629882812,0.14952811067448588,0.007841554435737497,0.17475293576717377,0.1749446839094162
2.175999999999982,0.06783301437976369,17.11193084716797,0.15068941590824542,0.007720762610801027,0.17552945017814636,0.17572389543056488
2.1779999999999817,0.06783412671356845,17.112096786499023,0.15184962521437503,0.007599883738795159,0.17630429565906525,0.17650100588798523
2.1799999999999815,0.06783524895891531,17.112266540527344,0.15300644469662802,0.00747892903624877,0.1770777702331543,0.1772761344909668
2.1819999999999813,0.06783638106220233,17.11244010925293,0.15416206082699507,0.007357909685070067,0.17784827947616577,0.17804782092571259
2.183999999999981,0.06783752296732196,17.112621307373047,0.15531806596602024,0.007236836832244082,0.17861299216747284,0.1788131296634674
2.185999999999981,0.06783867461569137,17.112812042236328,0.15647397284094663,0.007115721589581612,0.17936697602272034,0.17956729233264923
2.1879999999999806,0.06783983594628769,17.113008499145508,0.15762929492522293,0.006994575033526355,0.18010273575782776,0.18030257523059845
2.1899999999999804,0.06784100689568436,17.113208770751953,0.158782647612359,0.006873408205024241,0.18080972135066986,0.18100814521312714
2.19199999999998,0.06784218739808925,17.113405227661133,0.1599306611930579,0.006752232109460911,0.18147335946559906,0.1816699504852295
2.19399999999998,0.06784337738538547,17.113601684570312,0.16107275281127134,0.006631057716670894,0.18254296481609344,0.18276576697826385
2.1959999999999797,0.0678445767871768,17.11380386352539,0.1622085736282993,0.006509895961034507,0.18385092914104462,0.1840720772743225
2.1979999999999795,0.06784578553083224,17.114009857177734,0.16333777680687944,0.006388757741658193,0.18514946103096008,0.18536894023418427
2.1999999999999793,0.06784700354153585,17.114219665527344,0.16446001761690526,0.006267653922662624,0.18643870949745178,0.18665611743927002
2.201999999999979,0.06784823074233898,17.114437103271484,0.16557556805977977,0.006146595333574029,0.18771801888942719,0.18793322145938873
2.203999999999979,0.06784946705421613,17.114656448364258,0.16668658925248464,0.006025592769847203,0.188987135887146,0.189200296998024
2.2059999999999786,0.06785071239612328,17.114883422851562,0.1677929022760095,0.005904656993519938,0.19024576246738434,0.19045685231685638
2.2079999999999784,0.06785196668505973,17.11512565612793,0.16889404766178368,0.00578379873402513,0.19149421155452728,0.19170249998569489
2.209999999999978,0.06785322983613545,17.115371704101562,0.16998956914402996,0.005663028689178203,0.19273145496845245,0.1929374486207962
2.211999999999978,0.0678545017626406,17.115619659423828,0.1710790138499082,0.005542357526352882,0.19395796954631805,0.19416140019893646
2.2139999999999778,0.06785578237612125,17.11587142944336,0.17216193248280304,0.005421795883886638,0.1951732635498047,0.1953737586736679
2.2159999999999775,0.06785707158645775,17.11612892150879,0.1732378794990016,0.005301354372728435,0.19637709856033325,0.19657467305660248
2.2179999999999773,0.0678583693019515,17.116390228271484,0.17430641327799218,0.005181043578376638,0.19756905734539032,0.19776298105716705
2.219999999999977,0.06785967542941396,17.11665153503418,0.1753670962866119,0.005060874063135739,0.19874916970729828,0.19859860837459564
2.221999999999977,0.06786098987426407,17.11691665649414,0.17641949523724476,0.004940856368751757,0.19962002336978912,0.19943682849407196
2.2239999999999767,0.06786231254063302,17.1171875,0.1774631812402695,0.004821001019466912,0.20046044886112213,0.2002769112586975
2.2259999999999764,0.06786364333147439,17.11745834350586,0.17849772995093133,0.004701318525570877,0.2013019472360611,0.2011178582906723
2.227999999999976,0.06786498214868439,17.117734909057617,0.17952272171080563,0.004581819387524297,0.20214349031448364,0.2019590139389038
2.229999999999976,0.0678663288932308,17.118019104003906,0.18053774168399722,0.0044625141007392935,0.20298445224761963,0.20279937982559204
2.231999999999976,0.06786768346529198,17.118303298950195,0.18154237998820116,0.004343413161139794,0.20382371544837952,0.20363833010196686
2.2339999999999756,0.06786904576440865,17.118595123291016,0.18253623182074052,0.004224527071623971,0.20466072857379913,0.20447500050067902
2.2359999999999753,0.06787041568964526,17.118892669677734,0.18351889757966167,0.0041058663496030216,0.20549462735652924,0.20530833303928375
2.237999999999975,0.06787179313977117,17.119186401367188,0.1844899829799556,0.003987441535796076,0.2063247263431549,0.20613820850849152
2.239999999999975,0.06787317801345306,17.119487762451172,0.18544909916494584,0.0038692632045318988,0.2071501761674881,0.2069631814956665
2.2419999999999747,0.06787457020946837,17.11979103088379,0.18639586281285275,0.0037513419758551277,0.20797017216682434,0.20778293907642365
2.2439999999999745,0.06787596962694062,17.120094299316406,0.18732989623851398,0.0036336885297797434,0.20878413319587708,0.20859654247760773
2.2459999999999742,0.06787737616559547,17.12040138244629,0.18775134275125083,0.003516313623163312,0.209591343998909,0.209403395652771
2.247999999999974,0.06787878972604934,17.120708465576172,0.187726205937359,0.0033992281097537684,0.21039102971553802,0.21020269393920898
2.249999999999974,0.06788021021012466,17.121021270751953,0.18770141396846463,0.00328244296411476,0.2111826241016388,0.21099400520324707
2.2519999999999736,0.06788163752120646,17.121356964111328,0.1876769695005056,0.0031659693103410556,0.21196526288986206,0.21177637577056885
2.2539999999999734,0.06788307156463767,17.121694564819336,0.18765287530822017,0.003049818456704448,0.21273843944072723,0.2125493586063385
2.255999999999973,0.06788451224816745,17.12203598022461,0.1876291343036468,0.002934001937718863,0.21350151300430298,0.21331195533275604
2.257999999999973,0.06788595948245617,17.122379302978516,0.187605749557418,0.0028185315655524044,0.21425388753414154,0.21406404674053192
2.2599999999999727,0.06788741318164868,17.12272071838379,0.1875827243233884,0.002703419493317085,0.2149948924779892,0.2148047536611557
2.2619999999999725,0.06788887326403052,17.12306785583496,0.18756006206725523,0.0025886782935982526,0.215723916888237,0.21553348004817963
2.2639999999999723,0.06789033965277816,17.123414993286133,0.18753776649999443,0.002474321056721819,0.2164403349161148,0.21624965965747833
2.265999999999972,0.06789181227682668,17.123760223388672,0.1875158416171548,0.002360361514868866,0.21714381873607635,0.21695281565189362
2.267999999999972,0.06789329107187422,17.124107360839844,0.1874942917453133,0.0022468142004291136,0.21783356368541718,0.21764232218265533
2.2699999999999716,0.06789477598155245,17.12445831298828,0.18747312159737617,0.002133694650270459,0.21845489740371704,0.21831755340099335
2.2719999999999714,0.06789626695879983,17.12480926513672,0.18745233633888686,0.0020210196724462287,0.21842391788959503,0.21832971274852753
2.273999999999971,0.06789776396747692,17.125160217285156,0.18743194166816346,0.0019088076990615805,0.2183932512998581,0.21830230951309204
2.275999999999971,0.0678992669842824,17.125513076782227,0.1874119439139892,0.0017970792599978347,0.21836356818675995,0.21827587485313416
2.2779999999999707,0.06790077600102679,17.125864028930664,0.18739235316063846,0.001685857629240405,0.21833428740501404,0.21824978291988373
2.2799999999999705,0.06790229102734727,17.12621307373047,0.1873732166770039,0.0015751697226663085,0.21830593049526215,0.21822452545166016
2.2819999999999703,0.06790381209394511,17.12656021118164,0.18735455477296997,0.0014650473703569655,0.2182779610157013,0.21819999814033508
2.28399999999997,0.06790533925643848,17.126903533935547,0.18733637665034597,0.0013555291607537817,0.218251034617424,0.2181764543056488
2.28599999999997,0.06790687259989124,17.127246856689453,0.18731869308195265,0.001246663182591146,0.2182244509458542,0.21815352141857147
2.2879999999999696,0.06790841224399823,17.127586364746094,0.18730151680318874,0.0011385112216145494,0.21819868683815002,0.2181313931941986
2.2899999999999694,0.06790995834864892,17.1279239654541,0.1872848630315645,0.001031155401320293,0.21817366778850555,0.21811029314994812
2.291999999999969,0.0679115111189404,17.128253936767578,0.18726875016665634,0.0009247091037214018,0.21814954280853271,0.21808983385562897
2.293999999999969,0.0679130708070089,17.128582000732422,0.18725320074680324,0.0008193357550424152,0.21812613308429718,0.21807074546813965
2.2959999999999687,0.06791463770354542,17.12889862060547,0.1872382427705669,0.0007152828990867948,0.21810346841812134,0.2180522382259369
2.2979999999999685,0.06791621209942002,17.12921142578125,0.1872239115203993,0.0006129480071505501,0.21808212995529175,0.218035027384758
2.2999999999999683,0.06791779416114756,17.129512786865234,0.18721025199419916,0.000513015416093748,0.21806131303310394,0.21801914274692535
2.301999999999968,0.06791938354827279,17.129810333251953,0.18719732168258196,0.0004167670119584243,0.21804186701774597,0.2180050164461136
2.303999999999968,0.06792097822306356,17.130111694335938,0.1871851914714553,0.0003268542579126339,0.21802322566509247,0.2179921716451645
2.3059999999999676,0.06792257088826738,17.130443572998047,0.1871739331261258,0.00024932041754683877,0.21800625324249268,0.2179812490940094
2.3079999999999674,0.06792414260448118,17.13090705871582,0.18716354219234055,0.0001979341242457809,0.21799039840698242,0.21797114610671997
2.309999999999967,0.06792567310893917,17.1317138671875,0.18715367642962089,0.00019319368573287473,0.21797530353069305,0.21795865893363953
2.311999999999967,0.06792716344852927,17.132888793945312,0.18714360595341173,0.00023673817109457778,0.21795985102653503,0.2179405391216278
2.3139999999999668,0.06792862273698021,17.13401222229004,0.18713299551809898,0.00030795960269133505,0.21794374287128448,0.21791979670524597
2.3159999999999665,0.06793005818937009,17.13495635986328,0.18712189850183958,0.0003911447595256587,0.21792730689048767,0.21789908409118652
2.3179999999999663,0.06793147458394563,17.135759353637695,0.1871104386021708,0.0004793492851005772,0.2179102748632431,0.21787908673286438
2.319999999999966,0.06793287509619605,17.13646697998047,0.18709872184266124,0.0005697215085846784,0.21789270639419556,0.2178594022989273
2.321999999999966,0.06793426191080791,17.137107849121094,0.18708682898638007,0.0006610022015500841,0.2178748995065689,0.21784034371376038
2.3239999999999656,0.06793563658473054,17.137706756591797,0.18707482098058276,0.0007525810297854355,0.21785740554332733,0.21782127022743225
2.3259999999999654,0.06793700026101773,17.138267517089844,0.18706274449869065,0.0008441365767084302,0.21783941984176636,0.21780286729335785
2.327999999999965,0.06793835379894343,17.138805389404297,0.18705063597754584,0.0009354873712903407,0.21782177686691284,0.21778474748134613
2.329999999999965,0.06793969785634676,17.139324188232422,0.1870385243940198,0.001026524745612662,0.2178039401769638,0.2177666425704956
2.3319999999999648,0.06794103294375647,17.13982391357422,0.1870264331736189,0.0011171802093043743,0.21778640151023865,0.21774904429912567
2.3339999999999645,0.06794235946118925,17.14031219482422,0.1870143815233241,0.0012074085544033991,0.21776849031448364,0.2177312970161438
2.3359999999999643,0.06794367772392923,17.140792846679688,0.18700238538140546,0.001297178625655009,0.2177509367465973,0.21771405637264252
2.337999999999964,0.06794498798106746,17.141258239746094,0.18699045810839077,0.0013864680459655897,0.21773351728916168,0.21769678592681885
2.339999999999964,0.0679462904291409,17.141719818115234,0.1869786109996593,0.001475260084681255,0.21771621704101562,0.21767981350421906
2.3419999999999637,0.0679475852223756,17.14217185974121,0.18696685367261506,0.001563541736416631,0.217699334025383,0.21766316890716553
2.3439999999999634,0.06794887248051074,17.142621994018555,0.1869551943639569,0.0016513025089560582,0.21768227219581604,0.2176467776298523
2.3459999999999632,0.06795015229487945,17.143062591552734,0.1869436401613387,0.0017385336397231583,0.2176656275987625,0.2176303118467331
2.347999999999963,0.06795142473319353,17.143497467041016,0.18693219718633647,0.0018252275785183693,0.21764881908893585,0.21761442720890045
2.349999999999963,0.06795268984336174,17.143932342529297,0.18692087074073993,0.001911377639710253,0.217632457613945,0.21759873628616333
2.3519999999999626,0.06795394765657128,17.144357681274414,0.18690966542481663,0.0019969777646149708,0.2176162600517273,0.21758311986923218
2.3539999999999623,0.06795519818979676,17.144790649414062,0.1868985852338964,0.0020820223568919875,0.21760010719299316,0.21756774187088013
2.355999999999962,0.06795644144787011,17.145221710205078,0.18688763363798438,0.00216650616714141,0.21758458018302917,0.21755251288414001
2.357999999999962,0.06795767742519326,17.14565658569336,0.18687681364794323,0.0022504242111690714,0.2175687998533249,0.21753771603107452
2.3599999999999617,0.06795890610717692,17.14608383178711,0.18686612787095042,0.0023337717115929626,0.21755363047122955,0.21752296388149261
2.3619999999999615,0.06796012747144965,17.146514892578125,0.18685557855730112,0.0024165440558356873,0.21753831207752228,0.2175084799528122
2.3639999999999612,0.06796134148888491,17.146942138671875,0.18684516764018216,0.0024987367657348584,0.21752360463142395,0.21749429404735565
2.365999999999961,0.06796254812448015,17.147369384765625,0.1868348967696828,0.0025803454754802805,0.21750882267951965,0.21748028695583344
2.367999999999961,0.06796374733811017,17.14779281616211,0.18682476734204873,0.0026613659155630006,0.21749430894851685,0.21746663749217987
2.3699999999999606,0.0679649390851779,17.148208618164062,0.1868147776988639,0.0027417939010969204,0.21748021245002747,0.2174532115459442
2.3719999999999604,0.06796612331718142,17.148622512817383,0.18680491857272763,0.0028216253233427284,0.2174661010503769,0.21744003891944885
2.37399999999996,0.06796729998220857,17.149036407470703,0.186795190021114,0.0029008561435943567,0.21745242178440094,0.21742694079875946
2.37599999999996,0.06796846902536693,17.149446487426758,0.18678559288867858,0.0029794823888063897,0.217438742518425,0.21741408109664917
2.3779999999999597,0.0679696303891687,17.149852752685547,0.18677612786592956,0.0030575001485134722,0.2174254208803177,0.21740129590034485
2.3799999999999595,0.06797078401386597,17.15026092529297,0.18676679550257425,0.003134905572715173,0.21741238236427307,0.21738910675048828
2.3819999999999593,0.0679719298377505,17.150663375854492,0.18675759621937488,0.003211694870475148,0.21739931404590607,0.21737687289714813
2.383999999999959,0.06797306779742122,17.151063919067383,0.18674853031871502,0.00328786430905222,0.21738681197166443,0.21736492216587067
2.385999999999959,0.06797419782802165,17.151464462280273,0.18673959799405082,0.003363410213425711,0.21737456321716309,0.21735326945781708
2.3879999999999586,0.06797531986345555,17.151859283447266,0.18673079933839465,0.0034383289661133287,0.21736223995685577,0.21734173595905304
2.3899999999999584,0.06797643383657945,17.152254104614258,0.18672213435195567,0.0035126170072044605,0.21735027432441711,0.2173304557800293
2.391999999999958,0.06797753967937521,17.152645111083984,0.18671360294904138,0.0035862708345448207,0.21733872592449188,0.21731944382190704
2.393999999999958,0.06797863732311082,17.153034210205078,0.18670520496431314,0.003659287004032682,0.21732723712921143,0.2173086702823639
2.3959999999999577,0.0679797266984816,17.153423309326172,0.18669694015846883,0.003731662129993437,0.2173159271478653,0.21729815006256104
2.3979999999999575,0.06798080773574215,17.153806686401367,0.18668880822342448,0.0038033928856028823,0.21730497479438782,0.2172878235578537
2.3999999999999573,0.06798188036482461,17.154186248779297,0.1866808087870483,0.003874476003341348,0.21729418635368347,0.21727754175662994
2.401999999999957,0.06798294451544966,17.15456771850586,0.18667294141749963,0.003944908275468603,0.2172834575176239,0.21726757287979126
2.403999999999957,0.06798400011722623,17.154945373535156,0.18666520562721406,0.004014686554497959,0.2172730267047882,0.21725772321224213
2.4059999999999566,0.06798504709974379,17.155323028564453,0.18665760087657352,0.0040838077536733824,0.21684251725673676,0.21677108108997345
2.4079999999999564,0.0679860853926586,17.15570068359375,0.18665012657729552,0.004152268847436812,0.21609468758106232,0.21602457761764526
2.409999999999956,0.0679871149257721,17.15607261657715,0.186642782095568,0.00422006687187873,0.21533092856407166,0.2152620404958725
2.411999999999956,0.06798813562910437,17.15644645690918,0.18663556675495713,0.0042871989251777225,0.21455153822898865,0.214483842253685
2.4139999999999557,0.06798914743296201,17.156816482543945,0.18662847983911024,0.004353662168016299,0.21375709772109985,0.2136906534433365
2.4159999999999555,0.06799015026800208,17.157196044921875,0.18662152059427295,0.004419453823981497,0.21294791996479034,0.21288275718688965
2.4179999999999553,0.0679911440652905,17.157573699951172,0.18661468823163746,0.004484571179936392,0.21212495863437653,0.21206089854240417
2.419999999999955,0.06799212875635717,17.157949447631836,0.18660798192953953,0.004549011586380984,0.21128828823566437,0.21122552454471588
2.421999999999955,0.06799310427324838,17.158321380615234,0.18660140083551813,0.004612772457781599,0.2104387730360031,0.21037717163562775
2.4239999999999546,0.06799407054857434,17.158695220947266,0.18659494406824556,0.004675851272880021,0.20957668125629425,0.20951642096042633
2.4259999999999544,0.06799502751555517,17.15906524658203,0.18658861071934485,0.004738245574985551,0.20870284736156464,0.20864370465278625
2.427999999999954,0.06799597510806374,17.15943145751953,0.1865823998551006,0.0047999529722415075,0.20781782269477844,0.20775991678237915
2.429999999999954,0.06799691326066472,17.15979766845703,0.18657631051807394,0.004860971137869034,0.20692221820354462,0.20686544477939606
2.4319999999999538,0.06799784190865504,17.160160064697266,0.18657034172862724,0.004921297810396056,0.20601651072502136,0.2059609591960907
2.4339999999999535,0.06799876098809689,17.1605224609375,0.18656449248636797,0.004980930793862128,0.20510157942771912,0.20504717528820038
2.4359999999999533,0.06799967043585346,17.160879135131836,0.18655876177151787,0.00503986795800094,0.20417802035808563,0.2041248232126236
2.437999999999953,0.06800057018962043,17.161235809326172,0.18655314854621163,0.00509810723841194,0.2032465934753418,0.20319437980651855
2.439999999999953,0.06800146018795657,17.161590576171875,0.18629049944627157,0.005155646636706459,0.20230761170387268,0.20225676894187927
2.4419999999999527,0.0680023403703116,17.161941528320312,0.18534263944806822,0.00521248422063969,0.20136244595050812,0.20131254196166992
2.4439999999999524,0.06800321067705521,17.16228675842285,0.1843823504386929,0.0052686181242209505,0.2004113644361496,0.20036257803440094
2.445999999999952,0.0680040710495017,17.162620544433594,0.18341000480646896,0.005324046547815553,0.19945527613162994,0.19940750300884247
2.447999999999952,0.06800492142993468,17.162954330444336,0.18242598044926545,0.0053787677582209014,0.19849471747875214,0.19844821095466614
2.4499999999999518,0.06800576176163185,17.163280487060547,0.18143066065928315,0.005432780088733472,0.19753102958202362,0.19748544692993164
2.4519999999999516,0.06800659198888588,17.163604736328125,0.18042443400465608,0.0054860819391975004,0.1965644359588623,0.19652003049850464
2.4539999999999513,0.0680074120570264,17.163928985595703,0.17940769420774783,0.0055386717760398324,0.1955961436033249,0.1955527365207672
2.455999999999951,0.0680082219124402,17.164249420166016,0.17838084002000637,0.0055905481322889965,0.19462676346302032,0.19458459317684174
2.457999999999951,0.0680090215025907,17.164569854736328,0.17734427509324036,0.0056417096075855955,0.19365736842155457,0.19361631572246552
2.4599999999999507,0.06800981077603582,17.16488265991211,0.17629840784716871,0.005692154868170474,0.19268885254859924,0.1926489621400833
2.4619999999999505,0.06801058968244662,17.16519546508789,0.17524365133308656,0.005741882646868487,0.19172188639640808,0.1916828751564026
2.4639999999999502,0.0680113581726223,17.165504455566406,0.17418042309348022,0.005790891743053659,0.1907576322555542,0.1907198131084442
2.46599999999995,0.06801211619850872,17.165815353393555,0.17310914501742425,0.005839181022603014,0.18979698419570923,0.18976008892059326
2.46799999999995,0.06801286371321034,17.166118621826172,0.1720302431915724,0.005886749417843874,0.18884076178073883,0.18880502879619598
2.4699999999999496,0.06801360067100845,17.166419982910156,0.1709441477465539,0.005933595927480484,0.18789009749889374,0.18785540759563446
2.4719999999999493,0.06801432702737148,17.166719436645508,0.16985129269857396,0.005979719616515723,0.18694600462913513,0.18691220879554749
2.473999999999949,0.06801504273897072,17.167015075683594,0.16875211578601265,0.006025119616160052,0.18600939214229584,0.18597659468650818
2.475999999999949,0.06801574776369132,17.167308807373047,0.16764705830079699,0.00606979512372977,0.18508124351501465,0.18504951894283295
2.4779999999999487,0.06801644206064594,17.16759490966797,0.16653656491432953,0.006113745402531669,0.18416279554367065,0.18413196504116058
2.4799999999999485,0.06801712559018314,17.167884826660156,0.16542108349772813,0.006156969781745146,0.18325482308864594,0.1832250952720642
2.4819999999999482,0.0680177983139021,17.168170928955078,0.1643010649361391,0.006199467656285183,0.1823587268590927,0.18232980370521545
2.483999999999948,0.0680184601946589,17.16844940185547,0.16317696293687434,0.006241238486662042,0.18147523701190948,0.18144731223583221
2.485999999999948,0.06801911119657947,17.16872787475586,0.1620492338311066,0.006282281798827929,0.18060563504695892,0.18057873845100403
2.4879999999999476,0.06801975128506633,17.16900062561035,0.16091833636886657,0.0063225971840185375,0.17975106835365295,0.1797250658273697
2.4899999999999474,0.06802038042680952,17.169273376464844,0.15978473150706357,0.006362184298577476,0.1789124310016632,0.17888730764389038
2.491999999999947,0.06802099858979248,17.169540405273438,0.15864888219026094,0.006401042863782584,0.17809103429317474,0.17806684970855713
2.493999999999947,0.06802160574330178,17.16980743408203,0.157511253123922,0.006439172665654605,0.17728790640830994,0.17726470530033112
2.4959999999999467,0.06802220185793247,17.170072555541992,0.15637231053984693,0.006476573554762084,0.17650404572486877,0.17648166418075562
2.4979999999999465,0.06802278690559738,17.170331954956055,0.15523119061388357,0.00651324544601575,0.17574064433574677,0.17571909725666046
2.4999999999999463,0.0680233608595306,17.17057991027832,0.15402715764070085,0.006549188318457536,0.17499889433383942,0.17497827112674713
2.501999999999946,0.06802392369429568,17.170818328857422,0.15269241539515135,0.006584402215037712,0.17427973449230194,0.17425987124443054
2.503999999999946,0.0680244753857906,17.17105484008789,0.1513621262828835,0.006618887242388528,0.17358414828777313,0.17356517910957336
2.5059999999999456,0.06802501591125112,17.17129135131836,0.15003697282237685,0.00665264357058641,0.17291343212127686,0.1728953719139099
2.5079999999999454,0.0680255452492587,17.17152214050293,0.14871763827223883,0.006685671432908674,0.17226846516132355,0.17225120961666107
2.509999999999945,0.06802606337974168,17.171749114990234,0.14740480606279932,0.006717971125585532,0.1716504544019699,0.17163385450839996
2.511999999999945,0.06802657028398136,17.17197608947754,0.14609915919469046,0.00674954300753737,0.17106007039546967,0.17104439437389374
2.5139999999999447,0.06802706594461415,17.172203063964844,0.14480137960318268,0.006780387500114844,0.17049843072891235,0.17048345506191254
2.5159999999999445,0.06802755034563493,17.172422409057617,0.1435121474871206,0.006810505086824035,0.16996660828590393,0.16995222866535187
2.5179999999999443,0.06802802347240107,17.17264175415039,0.14223214060140696,0.006839896313048422,0.16946516931056976,0.16945156455039978
2.519999999999944,0.06802848531163282,17.17285919189453,0.1409620335121147,0.006868561785767198,0.16899511218070984,0.16898216307163239
2.521999999999944,0.06802893585141695,17.173072814941406,0.1397021208352976,0.006896502173257887,0.16836124658584595,0.1683490127325058
2.5239999999999436,0.06802937508120749,17.17328453063965,0.13844559741807205,0.0069237182048052,0.1672108918428421,0.167199045419693
2.5259999999999434,0.06802980299182745,17.173494338989258,0.13718999865091688,0.006950210670393391,0.16578669846057892,0.1657753586769104
2.527999999999943,0.06803021957546962,17.17369842529297,0.13593569973845077,0.006975980420398249,0.16418969631195068,0.16417893767356873
2.529999999999943,0.06803062482569731,17.173900604248047,0.1346830755434261,0.0070010283652690505,0.1624935120344162,0.1624835580587387
2.5319999999999427,0.06803101873744441,17.174100875854492,0.13343250047247412,0.007025355475210969,0.16075104475021362,0.1607416421175003
2.5339999999999425,0.06803140130701643,17.174299240112305,0.13218434836189244,0.007048962779855346,0.15899820625782013,0.1589893400669098
2.5359999999999423,0.06803177253208745,17.174495697021484,0.1309389923635044,0.007071851367927381,0.15725800395011902,0.15724961459636688
2.537999999999942,0.06803213241170311,17.1746883392334,0.1296968048306159,0.007094022386907681,0.15554441511631012,0.1555367261171341
2.539999999999942,0.06803248094627644,17.174877166748047,0.12845815720411227,0.007115477042691561,0.1538647562265396,0.15385769307613373
2.5419999999999416,0.06803281813758792,17.175064086914062,0.12722556442928712,0.00713621659923658,0.15222173929214478,0.15221498906612396
2.5439999999999414,0.06803314398878335,17.175251007080078,0.1260078620398973,0.007156242378212577,0.15061494708061218,0.15060870349407196
2.545999999999941,0.06803345850437328,17.175432205200195,0.12480647366086292,0.007175555758640858,0.14904242753982544,0.14903677999973297
2.547999999999941,0.06803376169022807,17.17561149597168,0.12362197190011927,0.0071941581765314865,0.14750130474567413,0.1474957913160324
2.5499999999999408,0.06803405355357786,17.17578887939453,0.12245491538473759,0.0072120511245144635,0.1459881216287613,0.1459832787513733
2.5519999999999405,0.06803433410300837,17.17596435546875,0.12130584762584005,0.007229236151468959,0.14450013637542725,0.1444956213235855
2.5539999999999403,0.06803460334845772,17.17613410949707,0.12017529585904917,0.007245714862142741,0.14303460717201233,0.1430303007364273
2.55599999999994,0.06803486130121322,17.17630386352539,0.11906376986431165,0.007261488916771883,0.14158889651298523,0.141585111618042
2.55799999999994,0.06803510797390801,17.176475524902344,0.11797176076950998,0.007276560030696311,0.14016181230545044,0.14015834033489227
2.5599999999999397,0.06803534338051569,17.176647186279297,0.11689973984283346,0.007290929973965761,0.13875190913677216,0.13874877989292145
2.5619999999999394,0.06803556753634764,17.17681884765625,0.11584815727947065,0.007304600570948228,0.1373583823442459,0.13735556602478027
2.563999999999939,0.06803578045804719,17.176982879638672,0.11481744098874787,0.007317573699930253,0.1359812617301941,0.1359786093235016
2.565999999999939,0.06803598216358536,17.177146911621094,0.11380799538839786,0.007329851292712867,0.1346200853586197,0.13461777567863464
2.5679999999999388,0.06803617267225508,17.177309036254883,0.11282020021317815,0.0073414353342076445,0.1332758367061615,0.13327373564243317
2.5699999999999386,0.06803635200466555,17.17746925354004,0.11185440934555516,0.007352327862025359,0.13194866478443146,0.13194693624973297
2.5719999999999383,0.06803652018273801,17.177623748779297,0.11091094967661026,0.007362530966061071,0.13063982129096985,0.13063818216323853
2.573999999999938,0.06803667722969828,17.177776336669922,0.10999012000572836,0.0073720467880782825,0.12935011088848114,0.12934862077236176
2.575999999999938,0.0680368231700704,17.177927017211914,0.10909218998792973,0.007380877521286521,0.12808063626289368,0.12807926535606384
2.5779999999999377,0.06803695802967129,17.17807388305664,0.10821739913795582,0.007389025409917991,0.126832515001297,0.1268315613269806
2.5799999999999375,0.06803708183560334,17.178218841552734,0.10736595590034444,0.007396492748800294,0.1256074160337448,0.1256064921617508
2.5819999999999372,0.06803719461624626,17.178361892700195,0.10653803679476635,0.007403281882922869,0.12440641969442368,0.12440575659275055
2.583999999999937,0.06803729640125211,17.17850112915039,0.10573378564581802,0.007409395207005696,0.12323101609945297,0.1232304498553276
2.585999999999937,0.06803738722153599,17.17863655090332,0.10495331290625326,0.007414835165060666,0.12208258360624313,0.12208208441734314
2.5879999999999366,0.06803746710926821,17.178770065307617,0.1041966950823105,0.007419604249953809,0.1209624856710434,0.12096195667982101
2.5899999999999364,0.06803753609786731,17.17890167236328,0.10346397426932356,0.007423705002957821,0.11987198889255524,0.11987154930830002
2.591999999999936,0.06803759422199096,17.179031372070312,0.10275515780522061,0.007427140013309957,0.11881233751773834,0.11881209909915924
2.593999999999936,0.06803764151752836,17.179157257080078,0.10207021804878456,0.00742991191776396,0.11778484284877777,0.11778464168310165
2.5959999999999357,0.06803767802158976,17.179279327392578,0.1014090922887116,0.007432023400135207,0.11679060012102127,0.11679049581289291
2.5979999999999355,0.06803770377249982,17.179399490356445,0.10077168278854144,0.007433477190850691,0.11583048850297928,0.1158304363489151
2.5999999999999353,0.06803771880978575,17.179515838623047,0.10015785697148041,0.007434276066491294,0.11490539461374283,0.11490539461374283
2.601999999999935,0.06803772317417058,17.179630279541016,0.09956744774797362,0.007434422849332522,0.11401604115962982,0.11401605606079102
2.603999999999935,0.06803771690756134,17.17974281311035,0.09900025398768968,0.007433920406886546,0.1131628081202507,0.11316278576850891
2.6059999999999346,0.06803770005304062,17.179853439331055,0.09845604113627612,0.007432771651434344,0.11234618723392487,0.1123461201786995
2.6079999999999344,0.06803767265485539,17.179956436157227,0.09793454197596936,0.007430979539565657,0.1115662008523941,0.11156625300645828
2.609999999999934,0.06803763475840773,17.180057525634766,0.09743545752781163,0.007428547071708192,0.11082310974597931,0.11082325130701065
2.611999999999934,0.06803758641024336,17.180156707763672,0.09695845809193793,0.007425477291659228,0.11011654883623123,0.11011655628681183
2.6139999999999337,0.06803752765804152,17.180252075195312,0.09650318442112464,0.0074217732861141745,0.10944635421037674,0.10944635421037674
2.6159999999999335,0.06803745855060443,17.18034553527832,0.09606924902159408,0.007417438184194785,0.10881181806325912,0.10881185531616211
2.6179999999999333,0.06803737913784483,17.180435180664062,0.09565623757393484,0.007412475156971821,0.10821237415075302,0.10821236670017242
2.619999999999933,0.06803728947077618,17.180526733398438,0.09526371046597196,0.0074068874169895505,0.10764702409505844,0.10764725506305695
2.621999999999933,0.06803718960150042,17.180606842041016,0.09489120442850676,0.007400678217789622,0.10711526870727539,0.10711529105901718
2.6239999999999326,0.06803707958319588,17.18069076538086,0.09453823426405622,0.007393850853427142,0.10661570727825165,0.10661595314741135
2.6259999999999324,0.06803695947010595,17.180768966674805,0.09420429465807494,0.007386408657992462,0.1061473861336708,0.1061476320028305
2.627999999999932,0.06803682931752783,17.180845260620117,0.09388886206164397,0.007378355005127762,0.10570912063121796,0.10570941865444183
2.629999999999932,0.06803668918179859,17.180919647216797,0.09359139663425646,0.00736969330754207,0.10529954731464386,0.10529984533786774
2.6319999999999317,0.06803653912028369,17.180984497070312,0.09331134423512695,0.007360427016526766,0.10491731017827988,0.10491776466369629
2.6339999999999315,0.06803637919136477,17.181049346923828,0.09304813845141216,0.007350559621468125,0.10456130653619766,0.10456173121929169
2.6359999999999313,0.06803620945442596,17.181110382080078,0.09280120265181073,0.007340094649360528,0.10422978550195694,0.1042303666472435
2.637999999999931,0.06803602996984179,17.181167602539062,0.09256995205424001,0.007329035664317576,0.10392175614833832,0.10392238944768906
2.639999999999931,0.06803584079896367,17.181224822998047,0.09235379579664153,0.007317386267080456,0.1036357581615448,0.10363642871379852
2.6419999999999306,0.06803564200410735,17.181278228759766,0.09215213900042492,0.007305150094529858,0.10337042808532715,0.10337117314338684
2.6439999999999304,0.06803543364853802,17.18132781982422,0.09196438481661935,0.007292330819192237,0.10312451422214508,0.10312535613775253
2.64599999999993,0.06803521579645844,17.18137550354004,0.09178993644543773,0.007278932148747276,0.10289667546749115,0.10289759933948517
2.64799999999993,0.06803498851299479,17.181421279907227,0.09162819912067213,0.007264957825536318,0.10268592834472656,0.10268692672252655
2.6499999999999297,0.06803475186418237,17.181461334228516,0.09147858205108163,0.007250411626066265,0.10249102860689163,0.10249215364456177
2.6519999999999295,0.06803450591695169,17.181503295898438,0.09134050031173163,0.007235297360516484,0.10231083631515503,0.10231206566095352
2.6539999999999293,0.06803425073911544,17.181537628173828,0.0912133766790403,0.007219618872242281,0.10214456170797348,0.1021457388997078
2.655999999999929,0.06803398639935278,17.181568145751953,0.09099594369030052,0.0072033800372808465,0.1019623875617981,0.10196433961391449
2.657999999999929,0.0680337129671965,17.181598663330078,0.09074360900084295,0.007186584763852105,0.10157284140586853,0.10157489031553268
2.6599999999999286,0.06803343051301723,17.181625366210938,0.09050463220189875,0.007169236991866475,0.10120361298322678,0.10120583325624466
2.6619999999999284,0.06803313910800947,17.18164825439453,0.09027876806136635,0.007151340692422863,0.10085475444793701,0.10085718333721161
2.663999999999928,0.06803283882417716,17.181671142578125,0.09006577525664686,0.007132899867315846,0.10052595287561417,0.10052833706140518
2.665999999999928,0.06803252973431836,17.181690216064453,0.08986541737106443,0.007113918548535523,0.10021650791168213,0.10021907836198807
2.6679999999999278,0.06803186593989644,17.18170738220215,0.08967746386387702,0.007094400797769829,0.09992637485265732,0.09992899000644684
2.6699999999999275,0.06803085421836647,17.184099197387695,0.08955013708244258,0.007074350705909908,0.09970042109489441,0.09974778443574905
2.6719999999999273,0.06802950125942975,17.187036514282227,0.0894826047260319,0.00707249146999029,0.09953771531581879,0.09965795278549194
2.673999999999927,0.06802781398135643,17.189950942993164,0.08947439124449877,0.007089993432776809,0.09943784773349762,0.09967410564422607
2.675999999999927,0.06802579932524953,17.193361282348633,0.08952483568651161,0.007129434180283256,0.09940016269683838,0.09979396313428879
2.6779999999999267,0.0680234644514974,17.196474075317383,0.08963348511223417,0.007194739547356361,0.0994238629937172,0.10001704096794128
2.6799999999999264,0.06802081662203051,17.199588775634766,0.08979933469537434,0.007291045785739654,0.09950874000787735,0.10034207999706268
2.681999999999926,0.068017863322835,17.202667236328125,0.09002197419045659,0.007424468601442637,0.09965431690216064,0.10076889395713806
2.683999999999926,0.06801461219825496,17.20580291748047,0.09030117511716118,0.007601785986601961,0.09986036270856857,0.10129648447036743
2.685999999999926,0.06801165645026686,17.20867156982422,0.09063679592979632,0.007830042774227908,0.10012650489807129,0.10192514210939407
2.6879999999999256,0.06800897257588519,17.2061767578125,0.09096437736322684,0.0081161250129299,0.10039015859365463,0.10201752185821533
2.6899999999999253,0.06800653847035802,17.20282554626465,0.0912856261363213,0.008420905951043703,0.10065311938524246,0.10213563591241837
2.691999999999925,0.06800433343042475,17.20053482055664,0.0916017860153285,0.008740154863064738,0.10091641545295715,0.10227533429861069
2.693999999999925,0.06800233852758714,17.197946548461914,0.09191424461776171,0.009070422960513316,0.10118100792169571,0.10243620723485947
2.6959999999999247,0.06800053642843712,17.19586944580078,0.09222405231893979,0.009408934486218538,0.10144802927970886,0.10261527448892593
2.6979999999999245,0.06799891147086061,17.193675994873047,0.09253230502100873,0.009753443468507143,0.1017184853553772,0.10281175374984741
2.6999999999999242,0.06799744944796188,17.19173812866211,0.09283985883125163,0.010102146088616669,0.10199332237243652,0.10302385687828064
2.701999999999924,0.06799613756785214,17.189796447753906,0.09314756962372268,0.010453578568462286,0.10227321833372116,0.10325080156326294
2.703999999999924,0.0679949642604365,17.18810272216797,0.09345612411737242,0.010806558931707204,0.10255873948335648,0.10349128395318985
2.7059999999999236,0.06799391910188633,17.186569213867188,0.09376618885050111,0.011160120634562547,0.10285085439682007,0.10374516993761063
2.7079999999999234,0.06799299265917529,17.185203552246094,0.09407831054555578,0.011513476227444419,0.1031498908996582,0.10401162505149841
2.709999999999923,0.06799217641181632,17.183847427368164,0.09439300838442964,0.011865975568887894,0.103456512093544,0.10429032891988754
2.711999999999923,0.06799146263208616,17.182594299316406,0.09471071563425806,0.012217083462115771,0.10377147793769836,0.10458076745271683
2.7139999999999227,0.06799084431539484,17.181358337402344,0.09503183671661358,0.012566353507566987,0.1040949672460556,0.10488317906856537
2.7159999999999225,0.06799031508948017,17.180273056030273,0.09535671336034487,0.01291341422091721,0.10442741215229034,0.10519696772098541
2.7179999999999223,0.06798986915612497,17.17922592163086,0.09568565992765546,0.013257952579970348,0.10476935654878616,0.10552246868610382
2.719999999999922,0.06798950122249312,17.178253173828125,0.09601894408472868,0.013599705244125546,0.10512109100818634,0.10585960745811462
2.721999999999922,0.06798920645365576,17.177309036254883,0.09635680874253204,0.01393844808723476,0.10548346489667892,0.10620829463005066
2.7239999999999216,0.06798898042044621,17.176420211791992,0.09669949583739855,0.014273990517184199,0.10585617274045944,0.10656871646642685
2.7259999999999214,0.06798881906124403,17.175537109375,0.09699166264618683,0.014606168727703466,0.10624004155397415,0.1069408729672432
2.727999999999921,0.06798871864205944,17.174701690673828,0.09722426027110304,0.014934841939048928,0.10663512349128723,0.10732516646385193
2.729999999999921,0.06798867572589133,17.17391586303711,0.0974568860193138,0.015259887985673222,0.10704201459884644,0.1077214851975441
2.7319999999999207,0.06798868714187857,17.173171997070312,0.09768969844054079,0.015581200775631387,0.10746090114116669,0.10813014954328537
2.7339999999999205,0.06798874996071962,17.17245864868164,0.09792283776875096,0.015898687364802638,0.10789201408624649,0.10855074971914291
2.7359999999999203,0.06798886147058786,17.171783447265625,0.0981564305121064,0.016212266208347193,0.10833580046892166,0.10898339748382568
2.73799999999992,0.06798901915735864,17.171138763427734,0.09839191982825253,0.016521865194398917,0.10879253596067429,0.10942879319190979
2.73999999999992,0.0679892206856127,17.17052459716797,0.09863138819014891,0.0168274204222462,0.1092623919248581,0.1098870038986206
2.7419999999999196,0.06798946388266068,17.169940948486328,0.09887534129730662,0.017128874864252585,0.10974583029747009,0.11035831272602081
2.7439999999999194,0.06798974672341528,17.16938018798828,0.09912427913959011,0.017426177501661314,0.11024265736341476,0.11084302514791489
2.745999999999919,0.0679900673174185,17.16884994506836,0.09937870187459814,0.017719282403736176,0.11075380444526672,0.11134132742881775
2.747999999999919,0.06799042389668197,17.168338775634766,0.0996391102380969,0.01800814811080558,0.11127888411283493,0.11185374110937119
2.7499999999999187,0.06799081480509638,17.16785430908203,0.0999060045983882,0.0182927369943287,0.11181865632534027,0.11238031089305878
2.7519999999999185,0.0679912384885728,17.167388916015625,0.10017988487011134,0.018573014813487405,0.11237306892871857,0.11292139440774918
2.7539999999999183,0.06799169348634959,17.166942596435547,0.10046124960118337,0.018848950266895002,0.112942174077034,0.1134771779179573
2.755999999999918,0.06799217842293542,17.166515350341797,0.10075059554686164,0.01912051467255783,0.11352647840976715,0.11404762417078018
2.757999999999918,0.06799269200093444,17.166095733642578,0.10104841673691412,0.01938768165191176,0.11412573605775833,0.11463330686092377
2.7599999999999176,0.06799323299441401,17.16569709777832,0.10135520381460264,0.019650426898377055,0.11474083364009857,0.11523425579071045
2.7619999999999174,0.06799380024294975,17.16531753540039,0.1016714430639888,0.019908727953777454,0.11537110805511475,0.11585066467523575
2.763999999999917,0.06799439264613233,17.16495704650879,0.10199761558712181,0.020162564041020438,0.11601735651493073,0.11648265272378922
2.765999999999917,0.06799500915859816,17.16461181640625,0.10233419629054705,0.020411915905635816,0.11667933315038681,0.11713043600320816
2.7679999999999167,0.06799564878545174,17.164283752441406,0.10268165295519888,0.02065676569514433,0.11735738068819046,0.11779429018497467
2.7699999999999165,0.06799631057810067,17.163969039916992,0.10304044519255118,0.020897096846870633,0.11805149167776108,0.11847416311502457
2.7719999999999163,0.06799699363041808,17.16366958618164,0.10341102345045221,0.021132894001437925,0.11873235553503036,0.11917025595903397
2.773999999999916,0.06799769707523769,17.163381576538086,0.10379382795598019,0.021364142923672513,0.11928702145814896,0.11987289041280746
2.775999999999916,0.06799842008112064,17.163105010986328,0.10418950079538157,0.021590830441092463,0.11986356228590012,0.12043286114931107
2.7779999999999156,0.06799916184939352,17.162841796875,0.10459889045782213,0.021812944388575416,0.12046302109956741,0.12101542204618454
2.7799999999999154,0.06799992161141452,17.162593841552734,0.10502247798415615,0.02203047356515514,0.12108583003282547,0.12162141501903534
2.781999999999915,0.06800069862605845,17.162353515625,0.10546072212203628,0.022243407695786577,0.12173300981521606,0.12225177139043808
2.783999999999915,0.06800149217739716,17.162128448486328,0.1059140663774746,0.022451737401518335,0.12240531295537949,0.12290676683187485
2.7859999999999148,0.06800230157255953,17.16191291809082,0.10638293778248438,0.022655454173553923,0.12310288101434708,0.12358735501766205
2.7879999999999145,0.06800312613975645,17.16170883178711,0.10686774570436787,0.022854550353146836,0.12382649630308151,0.12429356575012207
2.7899999999999143,0.06800396522645383,17.161495208740234,0.10736888069004148,0.023049019114464026,0.12457617372274399,0.1250258982181549
2.791999999999914,0.06800481819768521,17.16128921508789,0.10788671336240029,0.02323885445148895,0.12535235285758972,0.12578453123569489
2.793999999999914,0.06800568443449297,17.161090850830078,0.10842159336722088,0.023424051167135463,0.12615486979484558,0.12656976282596588
2.7959999999999137,0.06800656333248363,17.16090202331543,0.10897384838241954,0.023604604865134316,0.1269841492176056,0.12738119065761566
2.7979999999999134,0.0680074543004916,17.160720825195312,0.10954378319061626,0.023780511943515346,0.1278393715620041,0.12821871042251587
2.7999999999999132,0.06800835675934402,17.160552978515625,0.11013167882329503,0.023951769589968915,0.1287204623222351,0.12908242642879486
2.801999999999913,0.06800927014071652,17.160404205322266,0.11073779177836478,0.024118375778312304,0.12962694466114044,0.12997156381607056
2.803999999999913,0.068010193886073,17.160263061523438,0.11136235331678948,0.024280329266191676,0.13055814802646637,0.13088558614253998
2.8059999999999126,0.06801112744568721,17.160131454467773,0.11200556883997606,0.02443762959351058,0.13151364028453827,0.13182392716407776
2.8079999999999123,0.06801207027773525,17.160003662109375,0.11266761735148419,0.024590277081629808,0.132492333650589,0.1327860802412033
2.809999999999912,0.06801302184745772,17.15988540649414,0.11334865100406344,0.024738272832996604,0.13349369168281555,0.1337708681821823
2.811999999999912,0.06801398162638508,17.159774780273438,0.11404879473378116,0.02488161873121569,0.13451670110225677,0.1347777098417282
2.8139999999999117,0.06801494909162233,17.15967559814453,0.11476814598127404,0.02502031744132134,0.13556057214736938,0.13580556213855743
2.8159999999999115,0.06801592372518914,17.15958023071289,0.11550677450029942,0.02515437241024806,0.1366243213415146,0.1368539184331894
2.8179999999999112,0.06801690501341093,17.159494400024414,0.11626472225253359,0.025283787867336843,0.13770756125450134,0.137922003865242
2.819999999999911,0.06801789244636113,17.15941047668457,0.11704200338740438,0.02540856882486079,0.13880908489227295,0.13900893926620483
2.821999999999911,0.06801888551734617,17.159332275390625,0.11783860430484107,0.02552872107846496,0.13992871344089508,0.14011414349079132
2.8239999999999106,0.06801988372243337,17.159263610839844,0.11865448379852842,0.025644251207493057,0.1410658210515976,0.14123764634132385
2.8259999999999104,0.06802088656002205,17.159194946289062,0.1194895732765983,0.02575516657514529,0.1422204077243805,0.14237895607948303
2.82799999999991,0.06802189353044912,17.15912628173828,0.12034377705637515,0.02586147532842638,0.14339253306388855,0.14353835582733154
2.82999999999991,0.06802290413563183,17.159061431884766,0.12121697272931234,0.025963186397859803,0.1445823460817337,0.14471597969532013
2.8319999999999097,0.06802391787874504,17.159000396728516,0.12210901159199654,0.02606030949693794,0.14579030871391296,0.1459122747182846
2.8339999999999095,0.0680249342639283,17.158946990966797,0.1230197191387812,0.02615285512128031,0.14701758325099945,0.1471281796693802
2.8359999999999093,0.06802595279602619,17.158897399902344,0.12394889561141824,0.0262408345474967,0.14826500415802002,0.1483648270368576
2.837999999999909,0.0680269729803536,17.15885353088379,0.12489631660087971,0.026324259831721073,0.14953358471393585,0.14962317049503326
2.839999999999909,0.06802799432249214,17.158809661865234,0.1258617336964773,0.02640314380782773,0.15082526206970215,0.15090498328208923
2.8419999999999086,0.06802901632810793,17.15877342224121,0.1268448751773166,0.026477500085300303,0.15214137732982635,0.15221160650253296
2.8439999999999084,0.06803003850279858,17.158740997314453,0.127845446741136,0.02654734304676106,0.15348362922668457,0.1535448282957077
2.845999999999908,0.0680310603519607,17.158714294433594,0.128863132265619,0.02661268784515243,0.15485337376594543,0.15490594506263733
2.847999999999908,0.0680320813806792,17.158695220947266,0.1298975945973572,0.02667355040056712,0.1562521755695343,0.15629640221595764
2.8499999999999077,0.06803310109363998,17.15867805480957,0.13094847636376852,0.026729947396726385,0.157680943608284,0.15771707892417908
2.8519999999999075,0.06803411899506115,17.158668518066406,0.1320154008034352,0.02678189627710886,0.15913961827754974,0.15916800498962402
2.8539999999999073,0.06803513458864456,17.158660888671875,0.13309797261051376,0.026829415240730584,0.16062797605991364,0.16064894199371338
2.855999999999907,0.06803614737754542,17.15865707397461,0.13419577878908817,0.026872523237576426,0.16214413940906525,0.16215765476226807
2.857999999999907,0.06803715686435934,17.158655166625977,0.13530838951355986,0.026911239963690305,0.1636849343776703,0.1636914312839508
2.8599999999999066,0.0680381625511262,17.15865707397461,0.13643535899143175,0.026945585855926116,0.1652454435825348,0.16524486243724823
2.8619999999999064,0.06803916393935244,17.15866470336914,0.1375762263250912,0.026975582086363033,0.16681790351867676,0.1668107807636261
2.863999999999906,0.06804016053004402,17.158674240112305,0.13873051636947623,0.02700125055639222,0.16839241981506348,0.16837888956069946
2.865999999999906,0.06804115182375918,17.15869140625,0.1398977405827633,0.027022613890481766,0.1699560582637787,0.16993655264377594
2.8679999999999057,0.06804213732067346,17.158706665039062,0.14107739786750903,0.027039695429620956,0.17149174213409424,0.1714663952589035
2.8699999999999055,0.06804311652065664,17.158733367919922,0.1422689753999277,0.02705251922445523,0.1729791909456253,0.17294809222221375
2.8719999999999053,0.06804408892336611,17.15876007080078,0.14347111194046477,0.027061110028117688,0.17439287900924683,0.17435666918754578
2.873999999999905,0.068045053582584,17.15878677368164,0.14467565782684202,0.027065493288760838,0.17570383846759796,0.17566321790218353
2.875999999999905,0.06804600726421942,17.15882110595703,0.14588040152207446,0.027065695141797155,0.1767154037952423,0.17666596174240112
2.8779999999999046,0.06804694911310821,17.158859252929688,0.1470849979867108,0.02706174240185969,0.17705203592777252,0.1770002692937851
2.8799999999999044,0.06804787876689236,17.158893585205078,0.14828910183937832,0.027053662554481744,0.17741736769676208,0.17736347019672394
2.881999999999904,0.06804879586842144,17.15892791748047,0.1494923674728023,0.02704148374751067,0.17781075835227966,0.17775516211986542
2.883999999999904,0.06804970006564542,17.158967971801758,0.15069444916963226,0.027025234782258014,0.17823152244091034,0.17817454040050507
2.8859999999999038,0.06805059101150807,17.159011840820312,0.1518950012180252,0.027004945104397805,0.17867937684059143,0.17862096428871155
2.8879999999999035,0.06805146836384422,17.159053802490234,0.15309367802694848,0.026980644794614404,0.17915360629558563,0.1790938526391983
2.8899999999999033,0.06805233178527927,17.159101486206055,0.15429013424115548,0.026952364559017027,0.17965295910835266,0.17959241569042206
2.891999999999903,0.06805318094312877,17.159151077270508,0.15548750998111238,0.02692013571931499,0.18017715215682983,0.1801159679889679
2.893999999999903,0.06805401550930296,17.159202575683594,0.15669141817343296,0.026883990202776712,0.18072515726089478,0.18066368997097015
2.8959999999999027,0.06805483516020847,17.159257888793945,0.15790137409152688,0.026843960531966048,0.18129651248455048,0.18123458325862885
2.8979999999999024,0.0680556395766547,17.159313201904297,0.1591167759841824,0.02680007981427283,0.1818898767232895,0.18182826042175293
2.899999999999902,0.06805642844375838,17.159378051757812,0.16033701899587618,0.02675238173124173,0.18250493705272675,0.18244369328022003
2.901999999999902,0.06805720145085102,17.159442901611328,0.1615614957765633,0.02670090052770638,0.18314041197299957,0.18307961523532867
2.9039999999999018,0.06805795829138521,17.15950584411621,0.16278959706814608,0.026645671000736146,0.1837954819202423,0.18373575806617737
2.9059999999999016,0.06805869866284123,17.15957260131836,0.16402071226787754,0.026586728488406684,0.18446949124336243,0.18441030383110046
2.9079999999999013,0.06805942226663463,17.159645080566406,0.16525422996908576,0.026524108858395058,0.18516114354133606,0.18510277569293976
2.909999999999901,0.06806012880802564,17.159717559814453,0.1664895384796402,0.026457848496414593,0.18586985766887665,0.18581223487854004
2.911999999999901,0.06806081799602332,17.159793853759766,0.16772602631868094,0.026387984294490817,0.18659473955631256,0.18653707206249237
2.9139999999999007,0.06806148954329573,17.159870147705078,0.16896308269215052,0.026314553639086646,0.18733468651771545,0.187277153134346
2.9159999999999004,0.0680621431660764,17.15993881225586,0.17020009794774096,0.026237594399090125,0.18808870017528534,0.18803109228610992
2.9179999999999002,0.06806277858407148,17.160011291503906,0.17143646400988183,0.02615714491366166,0.18885597586631775,0.18879814445972443
2.9199999999999,0.06806339552036762,17.16008186340332,0.17267157479543715,0.026073243979958482,0.18963567912578583,0.18957750499248505
2.9219999999999,0.06806399370133799,17.16015625,0.1739048266107806,0.025985930840734788,0.1904267966747284,0.1903679072856903
2.9239999999998996,0.06806457285655067,17.160249710083008,0.17513561853095783,0.025895245171833458,0.19122840464115143,0.19116882979869843
2.9259999999998993,0.06806513271867515,17.160350799560547,0.17636335276161696,0.025801227069568194,0.19203956425189972,0.19197922945022583
2.927999999999899,0.06806567302338734,17.160457611083984,0.1775874349844273,0.02570391703800928,0.19285956025123596,0.19279809296131134
2.929999999999899,0.06806619350928077,17.16056251525879,0.17873586916129391,0.0256033559761748,0.19368724524974823,0.1936245709657669
2.9319999999998987,0.06806669391776941,17.16067123413086,0.17875951198354667,0.025499585165143206,0.1945217400789261,0.1944580227136612
2.9339999999998985,0.0680671739929976,17.160781860351562,0.17878384457409663,0.025392646255081648,0.195362389087677,0.1952972263097763
2.9359999999998982,0.0680676334817464,17.160890579223633,0.17880885552420328,0.025282581252211552,0.196208193898201,0.19614173471927643
2.937999999999898,0.06806807213334205,17.16100311279297,0.17883453348253114,0.02516943250570422,0.19705833494663239,0.1969902664422989
2.939999999999898,0.06806848969956436,17.161115646362305,0.17886086715549193,0.02505324269452437,0.19791178405284882,0.19784210622310638
2.9419999999998976,0.06806888593455511,17.161231994628906,0.17888784530755963,0.02493405481422508,0.19876784086227417,0.19869664311408997
2.9439999999998974,0.06806926059472929,17.16134262084961,0.17891545676155474,0.024811912163698963,0.19962581992149353,0.19955284893512726
2.945999999999897,0.06806961343868284,17.161457061767578,0.1789436903989,0.024686858331893775,0.2004847526550293,0.20041003823280334
2.947999999999897,0.06806994422710816,17.16157341003418,0.17897253515984818,0.024558937184503013,0.20134365558624268,0.20126734673976898
2.9499999999998967,0.0680702527227028,17.16168975830078,0.17900198004367796,0.024428192850633426,0.20220206677913666,0.2021237164735794
2.9519999999998965,0.06807053869008516,17.161808013916016,0.1790320141088665,0.02429466970945661,0.20305921137332916,0.20297907292842865
2.9539999999998963,0.0680708018957108,17.16192626953125,0.17906262647323007,0.024158412376858188,0.20391397178173065,0.20383206009864807
2.955999999999896,0.06807104210778628,17.16204071044922,0.1790938063140371,0.024019465692082204,0.20476588606834412,0.20468199253082275
2.957999999999896,0.06807125909619098,17.162155151367188,0.17912554286809607,0.02387787470438347,0.2056141346693039,0.2055283486843109
2.9599999999998956,0.0680714526323948,17.16227149963379,0.17915782543181297,0.0237336846596945,0.2063199132680893,0.2063702642917633
2.9619999999998954,0.06807162248938149,17.162385940551758,0.1791906433612236,0.023586940987310855,0.20637354254722595,0.20646153390407562
2.963999999999895,0.06807176844157371,17.162498474121094,0.1792239860719994,0.023437689286606084,0.2064279168844223,0.20652054250240326
2.965999999999895,0.06807189026475849,17.162628173828125,0.1792578430394231,0.023285975313776703,0.20648293197155,0.20658040046691895
2.9679999999998947,0.06807198773601711,17.162769317626953,0.17929220379834337,0.02313184496863123,0.20653890073299408,0.2066415250301361
2.9699999999998945,0.06807206063365663,17.162906646728516,0.17932705794309806,0.02297534428142618,0.20659556984901428,0.20670300722122192
2.9719999999998943,0.06807210873714492,17.163040161132812,0.17936239512741398,0.022816519399754886,0.20665328204631805,0.20676563680171967
2.973999999999894,0.06807213182704744,17.16317367553711,0.17939820506428,0.02265541657549776,0.20671141147613525,0.20682911574840546
2.975999999999894,0.06807212968496763,17.163299560546875,0.17943447752579444,0.022492082151841578,0.20677030086517334,0.20689333975315094
2.9779999999998936,0.06807210209349135,17.163419723510742,0.1794712023429863,0.022326562550371576,0.20682980120182037,0.20695838332176208
2.9799999999998934,0.06807204883613246,17.163541793823242,0.1795083694056101,0.022158904258245914,0.20689013600349426,0.20702405273914337
2.981999999999893,0.06807196969728503,17.16366195678711,0.1795459686619177,0.02198915381545786,0.20695118606090546,0.20709027349948883
2.983999999999893,0.06807186446217497,17.163782119750977,0.17958399011839937,0.021817357802190337,0.20701292157173157,0.20715731382369995
2.9859999999998927,0.0680717329168195,17.163898468017578,0.17962242383950472,0.021643562826275983,0.20707528293132782,0.20722496509552002
2.9879999999998925,0.06807157484798806,17.16400909423828,0.17966125994733417,0.021467815510762107,0.20713797211647034,0.20729339122772217
2.9899999999998923,0.06807139004316709,17.164119720458984,0.17970048862130455,0.02129016248159036,0.20720145106315613,0.20736217498779297
2.991999999999892,0.06807117829052914,17.164228439331055,0.17974010009779062,0.021110650355398365,0.20726536214351654,0.20743165910243988
2.993999999999892,0.06807093937890771,17.164337158203125,0.17978008466973866,0.020929325727450508,0.20733000338077545,0.20750156044960022
2.9959999999998916,0.0680706730977737,17.16445541381836,0.17982043268625358,0.020746235159700904,0.20739515125751495,0.20757223665714264
2.9979999999998914,0.06807037923721654,17.164566040039062,0.1798611345521594,0.020561425168999097,0.20746074616909027,0.2076433002948761
2.999999999999891,0.06807005758793248,17.164674758911133,0.17990218072753422,0.020374942215444863,0.20752695202827454,0.2077147364616394
3.001999999999891,0.0680697079412131,17.164779663085938,0.17994356172721404,0.02018683269089522,0.20759351551532745,0.2077867090702057
3.0039999999998908,0.06806933008894069,17.16488265991211,0.1799852681202727,0.01999714290763403,0.2076607495546341,0.20785905420780182
3.0059999999998905,0.06806892382358942,17.164981842041016,0.18002729052947103,0.01980591908721271,0.20772816240787506,0.20793195068836212
3.0079999999998903,0.06806848893822641,17.165081024169922,0.18006961963067658,0.019613207349460076,0.2077961415052414,0.2080054134130478
3.00999999999989,0.068068025226522,17.16517448425293,0.18011224615225696,0.01941905370167919,0.20786458253860474,0.20807895064353943
3.01199999999989,0.0680675324827628,17.165266036987305,0.18015516087443983,0.019223504028031788,0.20793356001377106,0.20815306901931763
3.0139999999998897,0.06806701050186821,17.16535186767578,0.18019835462864287,0.019026604079114613,0.2080027163028717,0.20822738111019135
3.0159999999998894,0.0680664590794123,17.165435791015625,0.18024181829677333,0.018828399461746335,0.20807233452796936,0.2083020955324173
3.017999999999889,0.06806587801165206,17.16551399230957,0.18028554281049497,0.018628935628955345,0.20814232528209686,0.20837703347206116
3.019999999999889,0.06806526709555535,17.16558837890625,0.18032951915045808,0.018428257870190437,0.20821259915828705,0.2084522843360901
3.0219999999998888,0.06806462612883901,17.16565704345703,0.1803737383455017,0.018226411301753665,0.208283469080925,0.20852790772914886
3.0239999999998886,0.06806395491000616,17.165742874145508,0.18041819147181315,0.018023440857465958,0.20835436880588531,0.20860373973846436
3.0259999999998883,0.06806325323839053,17.165830612182617,0.18046286965205666,0.01781939127956841,0.20842593908309937,0.2086799293756485
3.027999999999888,0.06806252091420563,17.165916442871094,0.18050776405446084,0.017614307109877634,0.20849743485450745,0.20875616371631622
3.029999999999888,0.06806175773859509,17.16599464416504,0.18055286589186642,0.017408232681187314,0.20856907963752747,0.20883268117904663
3.0319999999998877,0.0680609635136887,17.166065216064453,0.18059816642073534,0.01720121210893945,0.20864124596118927,0.2089092880487442
3.0339999999998875,0.06806013804266255,17.1661376953125,0.18064365694011586,0.016993289283163578,0.20871388912200928,0.20898616313934326
3.0359999999998872,0.06805928112980177,17.166215896606445,0.18068932879056326,0.01678450786069612,0.2087864726781845,0.2090630978345871
3.037999999999887,0.06805839258056759,17.166297912597656,0.18073517335301398,0.01657491125769138,0.20885924994945526,0.20914030075073242
3.039999999999887,0.068057472201666,17.16637420654297,0.1807811820476128,0.01636454264242698,0.20893241465091705,0.20921769738197327
3.0419999999998866,0.06805651980112332,17.166446685791016,0.18082734633248781,0.016153444928419566,0.209005668759346,0.2092951536178589
3.0439999999998864,0.0680555351883593,17.166513442993164,0.18087365770247232,0.01594166076785739,0.20907922089099884,0.20937250554561615
3.045999999999886,0.06805451817426676,17.166574478149414,0.18092010768777272,0.0157292325453638,0.20915304124355316,0.20945021510124207
3.047999999999886,0.06805346857129335,17.166629791259766,0.18096668785257602,0.01551620237209811,0.20922689139842987,0.2095276564359665
3.0499999999998857,0.06805238619352276,17.16667938232422,0.18101338979359516,0.01530261208020932,0.2093006670475006,0.2096053510904312
3.0519999999998855,0.06805127085676141,17.166725158691406,0.18106020513855176,0.015088503217656467,0.20937477052211761,0.209683358669281
3.0539999999998853,0.06805012540490618,17.166757583618164,0.1811071255445867,0.014873917043403441,0.20944908261299133,0.20976069569587708
3.055999999999885,0.0680489535261096,17.166784286499023,0.18115414269659996,0.014658894523008325,0.20952357351779938,0.20983879268169403
3.057999999999885,0.06804775552544161,17.166805267333984,0.18120124830551304,0.014443476324621061,0.20959794521331787,0.20991644263267517
3.0599999999998846,0.06804653171280914,17.166824340820312,0.18124843410644864,0.014227702815404166,0.20967280864715576,0.2099940925836563
3.0619999999998844,0.06804528240849689,17.166831970214844,0.18129569185682376,0.014011614058396328,0.2097473293542862,0.21007196605205536
3.063999999999884,0.0680440079429179,17.16683578491211,0.18134301333434866,0.013795249809838815,0.20982210338115692,0.21014945209026337
3.065999999999884,0.06804270865635875,17.16683578491211,0.18139039033492949,0.013578649516983433,0.2098969966173172,0.21022719144821167
3.0679999999998837,0.06804138489871152,17.16683006286621,0.18143781467046172,0.013361852316408336,0.20997180044651031,0.21030473709106445
3.0699999999998835,0.068040037029201,17.16681671142578,0.18148527816651422,0.013144897032863026,0.21004708111286163,0.2103821486234665
3.0719999999998833,0.06803866541610247,17.166793823242188,0.18153277265988887,0.01292782217867497,0.21012187004089355,0.21045954525470734
3.073999999999883,0.06803727043645,17.16677474975586,0.18158028999605147,0.012710665953744473,0.21019691228866577,0.21053682267665863
3.075999999999883,0.06803585247573966,17.166749954223633,0.18162782202642375,0.012493466246161575,0.21027174592018127,0.2106138914823532
3.0779999999998826,0.06803441192762036,17.16672134399414,0.18167536060552275,0.012276260633487836,0.21034696698188782,0.21069106459617615
3.0799999999998824,0.06803294919358277,17.166683197021484,0.1817228975879409,0.012059086384733539,0.21042172610759735,0.21076790988445282
3.081999999999882,0.0680314646826358,17.166645050048828,0.18177042482514788,0.011841980463089655,0.2104969471693039,0.21084469556808472
3.083999999999882,0.06802995881097774,17.16659927368164,0.1818179341621048,0.011624979529453633,0.2105720043182373,0.21092118322849274
3.0859999999998817,0.06802843200165981,17.166553497314453,0.18186541743367435,0.011408119946815417,0.21064692735671997,0.21099744737148285
3.0879999999998815,0.06802688468424331,17.166494369506836,0.18191286646080568,0.011191437785560535,0.2107216715812683,0.21107380092144012
3.0899999999998813,0.06802531729444897,17.1663818359375,0.18196027304647922,0.01097496882977278,0.2107965350151062,0.21114958822727203
3.091999999999881,0.06802373027379867,17.1662540435791,0.18200762897138795,0.01075874858460411,0.21087118983268738,0.21122537553310394
3.093999999999881,0.06802212406925119,17.166120529174805,0.18205492598933198,0.010542812284818268,0.21094581484794617,0.21130086481571198
3.0959999999998806,0.06802049913283245,17.165979385375977,0.18210215582229955,0.010327194904597745,0.2110203206539154,0.21137630939483643
3.0979999999998804,0.0680188559212545,17.16583251953125,0.18214931015520403,0.010111931168750957,0.2110946774482727,0.21145126223564148
3.09999999999988,0.06801719489553354,17.165679931640625,0.18219638063024934,0.009897055565431185,0.2111692726612091,0.21152591705322266
3.10199999999988,0.06801551652059666,17.16551971435547,0.18224335884087822,0.00968260236054318,0.21124327182769775,0.21160006523132324
3.1039999999998797,0.0680138212648823,17.165355682373047,0.18229023632527092,0.009468605613998109,0.21131742000579834,0.211674302816391
3.1059999999998795,0.06801210959993735,17.165185928344727,0.18233700455934448,0.009255099198026364,0.21139146387577057,0.21174804866313934
3.1079999999998793,0.06801038200000085,17.165010452270508,0.1823836549491985,0.009042116817777486,0.2114650309085846,0.2118215709924698
3.109999999999879,0.06800863894158621,17.164825439453125,0.18243017882295715,0.008829692034475627,0.21153861284255981,0.211894690990448
3.111999999999879,0.06800688090305221,17.164636611938477,0.18247656742193152,0.008617858291441587,0.21161195635795593,0.21196752786636353
3.1139999999998786,0.06800510836416804,17.164443969726562,0.18252281189103714,0.008406648943343087,0.21168525516986847,0.21203970909118652
3.1159999999998784,0.06800332180566766,17.16423797607422,0.18256890326837705,0.008196097289086837,0.21175815165042877,0.21211174130439758
3.117999999999878,0.06800152170879928,17.164031982421875,0.1826148324739002,0.00798623660885172,0.2118310034275055,0.21218325197696686
3.119999999999878,0.06799970855486163,17.163814544677734,0.18266059029701953,0.0077771002058314356,0.211903378367424,0.2122546285390854
3.1219999999998778,0.06799788282473439,17.163593292236328,0.18270616738307516,0.007568721453367614,0.2119756042957306,0.2123250514268875
3.1239999999998775,0.06799604499839355,17.163362503051758,0.18275155421849298,0.007361133848270315,0.21204742789268494,0.2123953402042389
3.1259999999998773,0.06799419555442136,17.163127899169922,0.18279674111448413,0.007154371071279198,0.21211928129196167,0.2124651074409485
3.127999999999877,0.06799233496949797,17.162883758544922,0.1828417181890915,0.006948467055793559,0.21219079196453094,0.21253442764282227
3.129999999999877,0.06799046371788654,17.162633895874023,0.18288647534737862,0.006743456066223661,0.2122616171836853,0.21260316669940948
3.1319999999998767,0.06798858227090111,17.162376403808594,0.18293100225950032,0.006539372787589714,0.21233230829238892,0.21267153322696686
3.1339999999998764,0.0679866910963583,17.162113189697266,0.18297528833637922,0.006336252428333296,0.21240268647670746,0.2127392739057541
3.135999999999876,0.06798479065801759,17.161842346191406,0.18301932270264915,0.006134130838720074,0.21247273683547974,0.21280623972415924
3.137999999999876,0.06798288141500186,17.16156578063965,0.18306309416647265,0.005933044647740955,0.2125423699617386,0.2128729671239853
3.139999999999876,0.0679809638211998,17.161277770996094,0.1831065911857807,0.005733031422075707,0.21261179447174072,0.21293872594833374
3.1419999999998756,0.06797903832465253,17.16098403930664,0.18314980183039764,0.005534129851517173,0.21268047392368317,0.21300405263900757
3.1439999999998753,0.06797710536691941,17.16067886352539,0.1831927137394167,0.005336379966311138,0.21274879574775696,0.21306878328323364
3.145999999999875,0.06797516538242539,17.160369873046875,0.1832353140730838,0.005139823393228233,0.21220426261425018,0.21236397325992584
3.147999999999875,0.0679732187977926,17.160053253173828,0.18327758945830058,0.00494450365894211,0.211405947804451,0.21157418191432953
3.1499999999998747,0.06797126603115636,17.159725189208984,0.18331952592669193,0.004750466551569594,0.21059849858283997,0.21077528595924377
3.1519999999998745,0.06796930749147086,17.159391403198242,0.18336110884397683,0.004557760554224439,0.2097824066877365,0.2099679708480835
3.1539999999998742,0.06796734357781298,17.1590518951416,0.1834023228291325,0.004366437368405663,0.2089584469795227,0.20915290713310242
3.155999999999874,0.0679653746786995,17.158700942993164,0.18344315166153097,0.004176552550333856,0.20812742412090302,0.20833095908164978
3.157999999999874,0.06796340117143079,17.158348083496094,0.18348357817385053,0.003988166290463037,0.20728972554206848,0.20750273764133453
3.1599999999998736,0.06796142342150102,17.15798568725586,0.18352358412811726,0.0038013443761201237,0.2064463198184967,0.2066689133644104
3.1619999999998734,0.06795944178211372,17.157615661621094,0.1835631500716468,0.00361615939054042,0.2055978775024414,0.2058301717042923
3.163999999999873,0.06795745659387706,17.157241821289062,0.18360225516899825,0.0034326922200898923,0.20474502444267273,0.2049873322248459
3.165999999999873,0.06795546818478754,17.156856536865234,0.18364087700521148,0.00325103396753029,0.20388877391815186,0.2041412889957428
3.1679999999998727,0.06795347687065684,17.156471252441406,0.18367899135462884,0.0030712884061860827,0.20302970707416534,0.20329280197620392
3.1699999999998725,0.06795148295623987,17.15608024597168,0.1837165719084839,0.002893575163184237,0.202168807387352,0.20244263112545013
3.1719999999998723,0.06794948673742959,17.155685424804688,0.183753589953204,0.002718033897633529,0.20130686461925507,0.20159170031547546
3.173999999999872,0.06794748850511127,17.155284881591797,0.183790013990207,0.0025448298542246144,0.2004445195198059,0.2007407248020172
3.175999999999872,0.06794548855158004,17.15488052368164,0.18290904767420346,0.0023741613440232813,0.19958294928073883,0.19989071786403656
3.1779999999998716,0.06794348718095551,17.15447235107422,0.1818548389348546,0.002206269962883724,0.19872285425662994,0.19904248416423798
3.1799999999998714,0.0679414847258663,17.154056549072266,0.18079282348996584,0.002041454752345237,0.19786527752876282,0.19819723069667816
3.181999999999871,0.06793948157406014,17.153635025024414,0.17972350058503167,0.0018800921123624489,0.19701094925403595,0.19735555350780487
3.183999999999871,0.067937478210847,17.153209686279297,0.17864738272959085,0.001722664199819897,0.1961609274148941,0.19651854038238525
3.1859999999998707,0.06793547528694857,17.15277862548828,0.17756499572304035,0.0015697999379100547,0.19531609117984772,0.19568729400634766
3.1879999999998705,0.06793347372713887,17.152355194091797,0.17647687775269744,0.0014223347589878465,0.19447746872901917,0.19486230611801147
3.1899999999998703,0.06793147490365846,17.151920318603516,0.17538357658980697,0.0012813977399811934,0.19364601373672485,0.19404487311840057
3.19199999999987,0.06792948090888962,17.151466369628906,0.17428564306289385,0.0011485368995334839,0.19282269477844238,0.19323554635047913
3.19399999999987,0.06792749496704785,17.150983810424805,0.17318361753768163,0.0010258912231845762,0.1920083463191986,0.19243505597114563
3.1959999999998696,0.0679255219983678,17.150447845458984,0.17207800399768,0.000916399762428073,0.19120387732982635,0.19164320826530457
3.1979999999998694,0.06792356922568962,17.149864196777344,0.1709692244339865,0.0008239768579481685,0.1904098391532898,0.19086018204689026
3.199999999999869,0.06792164640880612,17.149181365966797,0.16985754902804773,0.0007534430434479553,0.1896270215511322,0.19008459150791168
3.201999999999869,0.06791976494231414,17.148380279541016,0.16874301588144872,0.0007098321224606438,0.18885546922683716,0.18931475281715393
3.2039999999998687,0.06791793541148551,17.147472381591797,0.16762539512054742,0.000696841197821124,0.18809480965137482,0.18854893743991852
3.2059999999998685,0.06791616477574355,17.14642333984375,0.16650400641394514,0.0007150815975921964,0.18734519183635712,0.18778696656227112
3.2079999999998683,0.06791445521878635,17.14527702331543,0.16537573339963255,0.0007616039778281103,0.18660658597946167,0.18703019618988037
3.209999999999868,0.06791280507667732,17.14410400390625,0.1642396146783804,0.0008311940086786801,0.1858793944120407,0.18628188967704773
3.211999999999868,0.06791121054790919,17.14295196533203,0.16309565263787862,0.0009182270042570133,0.18516434729099274,0.1855452060699463
3.2139999999998676,0.06790966707406335,17.141841888427734,0.1619440709709612,0.0010178603244734184,0.1844622790813446,0.1848226636648178
3.2159999999998674,0.06790817012713646,17.140796661376953,0.16078523405634246,0.0011263917125338184,0.18377451598644257,0.1841159462928772
3.217999999999867,0.06790671555853692,17.139812469482422,0.15962083269999203,0.0012411538647354684,0.18310213088989258,0.18342629075050354
3.219999999999867,0.06790529970679687,17.13888168334961,0.15845420820399958,0.0013602713547512279,0.18244636058807373,0.18275509774684906
3.2219999999998667,0.06790391939361314,17.138002395629883,0.15728605811451854,0.0014824309615896513,0.1818082332611084,0.18210318684577942
3.2239999999998665,0.0679025718764796,17.137161254882812,0.15611697660450938,0.0016067065078904656,0.18118909001350403,0.18147139251232147
3.2259999999998663,0.06790125478974558,17.136356353759766,0.15494727395192173,0.001732436087563765,0.18058986961841583,0.18086083233356476
3.227999999999866,0.06789996608749178,17.135578155517578,0.15377414265650355,0.0018591388972932625,0.18001161515712738,0.1802632212638855
3.229999999999866,0.06789870399300471,17.13482666015625,0.15259714541086658,0.0019864594694056184,0.17932456731796265,0.1793484389781952
3.2319999999998656,0.06789746695587821,17.134105682373047,0.15141971167108806,0.002114130204712013,0.17840087413787842,0.178425133228302
3.2339999999998654,0.0678962536162825,17.133399963378906,0.15024390225614997,0.002241945990371799,0.17746679484844208,0.17749203741550446
3.235999999999865,0.06789506277543442,17.132715225219727,0.1490702617033846,0.002369746805716032,0.1765211671590805,0.1765478551387787
3.237999999999865,0.06789389337124908,17.13204574584961,0.1478993273168668,0.002497405646318068,0.17556297779083252,0.17559151351451874
3.2399999999998648,0.06789274445823376,17.131391525268555,0.14673162950538218,0.0026248200263503827,0.1745901256799698,0.1746211051940918
3.2419999999998645,0.067891615190836,17.130748748779297,0.14556769205495285,0.0027519059179343763,0.17360177636146545,0.17363545298576355
3.2439999999998643,0.06789050480958873,17.13011932373047,0.14440803232688867,0.0028785933715111535,0.17259687185287476,0.17263363301753998
3.245999999999864,0.06788941262953539,17.129497528076172,0.14325316138114344,0.003004823310800647,0.17157454788684845,0.171614408493042
3.247999999999864,0.06788833803050044,17.128894805908203,0.1421035840289818,0.0031305451589017648,0.17053455114364624,0.17057763040065765
3.2499999999998637,0.06788728044888023,17.12830352783203,0.1409597988207113,0.003255715059748495,0.169476717710495,0.16952326893806458
3.2519999999998634,0.06788623937067294,17.127716064453125,0.13982229797470858,0.0033802945310530204,0.16840101778507233,0.16845133900642395
3.2539999999998632,0.06788521432553732,17.127140045166016,0.13869156725384274,0.0035042494335060645,0.16730880737304688,0.1673625409603119
3.255999999999863,0.06788420488170191,17.126567840576172,0.13756808579494403,0.003627549174234906,0.16620022058486938,0.16625747084617615
3.257999999999863,0.06788321064158302,17.12600326538086,0.13645232589646286,0.0037501660855741082,0.16503217816352844,0.16513751447200775
3.2599999999998626,0.06788223123799873,17.125442504882812,0.1353447527689168,0.003872074936282232,0.16334961354732513,0.16352884471416473
3.2619999999998623,0.06788126633088216,17.124900817871094,0.1342458242522603,0.003993252543746056,0.16169992089271545,0.16187497973442078
3.263999999999862,0.06788031560441787,17.124361038208008,0.13315599050386595,0.0041136774638553955,0.16008569300174713,0.16025672852993011
3.265999999999862,0.06787937876453826,17.123828887939453,0.1320741996956026,0.004233329741107589,0.1585058867931366,0.15867307782173157
3.2679999999998617,0.06787845553672733,17.123300552368164,0.1309961637447062,0.004352190705785751,0.1569584608078003,0.1571219265460968
3.2699999999998615,0.06787754566408574,17.122772216796875,0.12992192592699253,0.004470242808207442,0.15544021129608154,0.15560005605220795
3.2719999999998612,0.06787664890562355,17.122249603271484,0.12885581755701261,0.004587469482365729,0.15394748747348785,0.15410400927066803
3.273999999999861,0.06787576503474818,17.121734619140625,0.12780103003224322,0.004703855033046351,0.152476966381073,0.15263016521930695
3.275999999999861,0.06787489383791935,17.121219635009766,0.1267579670729305,0.0048193845418084405,0.1510259509086609,0.1511756330728531
3.2779999999998606,0.0678740351134543,17.120712280273438,0.1257270220043104,0.004934043788219078,0.14959180355072021,0.14973852038383484
3.2799999999998604,0.06787318867046019,17.12021255493164,0.12470857730169421,0.005047819183495304,0.14817292988300323,0.14831644296646118
3.28199999999986,0.06787235432787836,17.119714736938477,0.12370300412961482,0.005160697714306107,0.1467679888010025,0.14690843224525452
3.28399999999986,0.06787153191362759,17.119220733642578,0.12271066187743913,0.005272666894916636,0.14537665247917175,0.14551381766796112
3.2859999999998597,0.0678707212638352,17.118724822998047,0.12173189769392352,0.005383714726246294,0.14399825036525726,0.1441325694322586
3.2879999999998595,0.06786992222214301,17.11823272705078,0.12076704602322667,0.005493829660662057,0.14263345301151276,0.14276491105556488
3.2899999999998593,0.06786913463908512,17.117748260498047,0.11981642814497616,0.0056030005715659165,0.1412827968597412,0.14141130447387695
3.291999999999859,0.06786835837151993,17.117263793945312,0.1188803517210362,0.005711216727004898,0.13994699716567993,0.14007273316383362
3.293999999999859,0.06786759328212229,17.116779327392578,0.11795911035170484,0.005818467766667825,0.13862727582454681,0.13875022530555725
3.2959999999998586,0.06786683923891904,17.11629867553711,0.11705298314412746,0.005924743681750408,0.13732481002807617,0.13744501769542694
3.2979999999998584,0.06786609611486906,17.115819931030273,0.11616111418852337,0.006030034797256499,0.13604074716567993,0.13615845143795013
3.299999999999858,0.0678653637874831,17.115346908569336,0.11527795842864205,0.006134331756379908,0.13477693498134613,0.13489212095737457
3.301999999999858,0.06786464213847448,17.114871978759766,0.1144029684156667,0.006237625506663441,0.13353461027145386,0.13364717364311218
3.3039999999998577,0.06786393105344424,17.114398956298828,0.1135386765819304,0.006339907287690901,0.13231512904167175,0.132425457239151
3.3059999999998575,0.06786323042159204,17.113927841186523,0.11269070110126778,0.006441168620095687,0.13112032413482666,0.1312282234430313
3.3079999999998573,0.06786254013545424,17.113452911376953,0.11185946912327542,0.0065414012957116015,0.12995147705078125,0.13005715608596802
3.309999999999857,0.06786186009066204,17.11298370361328,0.11104515731009308,0.006640597368715884,0.12881016731262207,0.12891334295272827
3.311999999999857,0.06786119018572426,17.11251449584961,0.1102479249350997,0.006738749147631445,0.12769751250743866,0.12779849767684937
3.3139999999998566,0.06786053032182363,17.112041473388672,0.10946791366619735,0.006835849188087598,0.1266150176525116,0.1267138123512268
3.3159999999998564,0.06785988040263602,17.111576080322266,0.10870524739005204,0.006931890286232119,0.12556388974189758,0.12566052377223969
3.317999999999856,0.06785924033416016,17.11111068725586,0.10796003207998901,0.007026865472730659,0.12454498559236526,0.1246396005153656
3.319999999999856,0.06785861002456452,17.110645294189453,0.10723235571007117,0.007120768007271437,0.12355974316596985,0.12365205585956573
3.3219999999998557,0.06785798938404684,17.110183715820312,0.10652228821771015,0.0072135913735177255,0.12260836362838745,0.12269888073205948
3.3239999999998555,0.06785737832470404,17.109722137451172,0.10582988151694127,0.0073053292744631486,0.12169221043586731,0.12178034335374832
3.3259999999998553,0.06785677676041432,17.10926055908203,0.10515516956424821,0.007395975628131841,0.12081127613782883,0.12089764326810837
3.327999999999855,0.06785618460672853,17.108800888061523,0.1044981684785547,0.00748552456360066,0.11996617913246155,0.12005066126585007
3.329999999999855,0.0678556017807711,17.10834312438965,0.10385887671670725,0.00757397041728918,0.11915723234415054,0.11923972517251968
3.3319999999998546,0.06785502820115011,17.107887268066406,0.1032372753054465,0.007661307729505282,0.11838431656360626,0.11846491694450378
3.3339999999998544,0.06785446378787151,17.107433319091797,0.10263332813054384,0.007747531241211142,0.11764753609895706,0.1177261546254158
3.335999999999854,0.06785390846226608,17.10698699951172,0.10204698228340749,0.007832635890983609,0.11694621294736862,0.11702308058738708
3.337999999999854,0.06785336214691783,17.10654067993164,0.1014781590404588,0.007916616812154486,0.11628039181232452,0.11635535210371017
3.3399999999998538,0.06785282476560117,17.106096267700195,0.10092313570731887,0.007999469330112304,0.11564913392066956,0.1157224178314209
3.3419999999998535,0.06785229624322314,17.10565185546875,0.1003790482420429,0.008081188959741682,0.11505191028118134,0.11512358486652374
3.3439999999998533,0.06785177650577058,17.105209350585938,0.09984608737763323,0.008161771402994941,0.11448801308870316,0.11455797404050827
3.345999999999853,0.0678512654802614,17.104766845703125,0.09932785730560434,0.00824121254657902,0.11395639926195145,0.11402466893196106
3.347999999999853,0.06785076309470227,17.104328155517578,0.0988270569202299,0.00831950845974674,0.11345596611499786,0.11352270096540451
3.3499999999998527,0.0678502692780476,17.1038875579834,0.09834353475447682,0.008396655392181157,0.11298559606075287,0.1130509153008461
3.3519999999998524,0.06784978396016474,17.103450775146484,0.09787712676783174,0.008472649771965202,0.11254457384347916,0.11260835826396942
3.353999999999852,0.06784930707180181,17.10301399230957,0.09742765716544581,0.00854748820363005,0.11213111877441406,0.11219362169504166
3.355999999999852,0.06784883854455748,17.102577209472656,0.09699493926077461,0.008621167466271264,0.11174425482749939,0.11180533468723297
3.3579999999998518,0.06784837831085568,17.102142333984375,0.09657877637819509,0.008693684511727256,0.11138278990983963,0.11144264787435532
3.3599999999998515,0.06784792630392272,17.10171127319336,0.09617896279181003,0.008765036462816147,0.11104537546634674,0.11110397428274155
3.3619999999998513,0.06784748245776588,17.101276397705078,0.09579528469642906,0.008835220611625479,0.11073093116283417,0.11078808456659317
3.363999999999851,0.06784704670715495,17.100845336914062,0.09542752120649634,0.008904234417845354,0.11043787002563477,0.11049400269985199
3.365999999999851,0.06784661898760695,17.100414276123047,0.09507544537858897,0.008972075507147284,0.11016526818275452,0.11022048443555832
3.3679999999998507,0.06784619923537129,17.09998321533203,0.09473882525297096,0.009038741669598905,0.10991191118955612,0.10996604710817337
3.3699999999998504,0.06784578738741795,17.09955596923828,0.09441742490959666,0.009104230858115807,0.10967663675546646,0.10972951352596283
3.3719999999998502,0.06784538338142654,17.09912872314453,0.09411100553391825,0.009168541186944974,0.10945861041545868,0.10951052606105804
3.37399999999985,0.06784498715577883,17.09870147705078,0.09381932648781521,0.009231670930176584,0.1092563197016716,0.10930737107992172
3.37599999999985,0.06784459864954925,17.098264694213867,0.09354214638099223,0.009293618520279694,0.10906913876533508,0.10911930352449417
3.3779999999998496,0.06784421780250172,17.09783172607422,0.09327922413823905,0.00935438254666617,0.10889606177806854,0.10894531011581421
3.3799999999998493,0.06784384455508219,17.09740447998047,0.09303032005802657,0.009413961754272086,0.10873623192310333,0.10878472030162811
3.381999999999849,0.06784347884841763,17.096988677978516,0.09279519685801726,0.009472355042163039,0.10840686410665512,0.10846729576587677
3.383999999999849,0.06784312062431179,17.096572875976562,0.09257309365412052,0.009529561462151191,0.10805497318506241,0.10811423510313034
3.3859999999998487,0.06784276982524491,17.096149444580078,0.09236236139894907,0.009585580217433977,0.10772386193275452,0.10778198391199112
3.3879999999998485,0.06784242639437282,17.09572982788086,0.09216296817778065,0.00964041066124522,0.10741325467824936,0.10747038573026657
3.3899999999998482,0.06784209027552729,17.095312118530273,0.09197498704844732,0.009694052295518098,0.10712280869483948,0.1071789488196373
3.391999999999848,0.0678417614132177,17.09490203857422,0.09179848742755072,0.0097465047695634,0.10685280710458755,0.10690770298242569
3.393999999999848,0.06784143975263095,17.09449005126953,0.09163353506635526,0.009797767878755156,0.10660243034362793,0.10665639489889145
3.3959999999998476,0.0678411252396365,17.094079971313477,0.0914803241621022,0.009847841563228045,0.10637177526950836,0.10642470419406891
3.3979999999998474,0.06784081782078755,17.093669891357422,0.09133966242139072,0.009896725906582615,0.10616061091423035,0.10621237009763718
3.399999999999847,0.06784051744332488,17.093257904052734,0.0912115338060818,0.009944421134601108,0.10596869140863419,0.10601954907178879
3.401999999999847,0.06784022405518099,17.092849731445312,0.09109577612361133,0.009990927613965417,0.10579583793878555,0.10584568232297897
3.4039999999998467,0.06783993760498376,17.092449188232422,0.09099223916328456,0.010036245850987306,0.10564196109771729,0.10569078475236893
3.4059999999998465,0.06783965804206174,17.09204864501953,0.09090078533141453,0.010080376490339233,0.1055067628622055,0.10555466264486313
3.4079999999998463,0.06783938531644819,17.091651916503906,0.09082129023092445,0.010123320313795635,0.10539023578166962,0.10543720424175262
3.409999999999846,0.06783911937888781,17.09125518798828,0.09075364318360407,0.010165078238974596,0.10529213398694992,0.10533817857503891
3.411999999999846,0.06783886018083979,17.090864181518555,0.09069774769342427,0.010205651318084343,0.10521246492862701,0.1052575409412384
3.4139999999998456,0.06783860767448527,17.090473175048828,0.09065352184953203,0.010245040736677043,0.10515104234218597,0.10519515722990036
3.4159999999998454,0.06783836181273159,17.090084075927734,0.09062089866774735,0.010283247812402136,0.105107881128788,0.10515093058347702
3.417999999999845,0.06783812254921903,17.089691162109375,0.09059982636958429,0.010320273993763616,0.10508279502391815,0.10512511432170868
3.419999999999845,0.06783788983832575,17.08930206298828,0.09059026859801629,0.01035612085888223,0.10507581382989883,0.10511719435453415
3.4219999999998447,0.06783766363517416,17.088909149169922,0.09059220456938537,0.010390790114255317,0.10508695989847183,0.10512731969356537
3.4239999999998445,0.0678374438956363,17.088525772094727,0.09060562916104976,0.010424283593526661,0.10511621832847595,0.10515594482421875
3.4259999999998443,0.06783723057633886,17.088138580322266,0.09063055293453655,0.010456603256247619,0.10516352206468582,0.10520219057798386
3.427999999999844,0.06783702363467047,17.087757110595703,0.09066700209415539,0.010487751186650636,0.1052289828658104,0.10526678711175919
3.429999999999844,0.06783682302878606,17.08737564086914,0.09071501838120004,0.010517729592416826,0.10531268268823624,0.10534960776567459
3.4319999999998436,0.0678366287176122,17.086994171142578,0.09077465890405047,0.010546540803447569,0.10541445016860962,0.10545066744089127
3.4339999999998434,0.06783644066085308,17.08661651611328,0.0908459959046639,0.010574187270639105,0.10553497821092606,0.10557008534669876
3.435999999999843,0.0678362588189941,17.08624267578125,0.09092911646214188,0.010600671564653661,0.10567374527454376,0.10570801794528961
3.437999999999843,0.06783608315330884,17.08586883544922,0.09102412213422381,0.010625996374696887,0.10583120584487915,0.10586460679769516
3.4399999999998427,0.06783591362586257,17.085498809814453,0.09113112853778607,0.01065016450729092,0.10600724071264267,0.10603988915681839
3.4419999999998425,0.06783575019951614,17.085124969482422,0.0912502648695891,0.010673178885053605,0.10620225965976715,0.10623398423194885
3.4439999999998423,0.06783559283793163,17.084753036499023,0.09138167336874675,0.010695042545472506,0.10641638934612274,0.106447234749794
3.445999999999842,0.06783544150557418,17.08438491821289,0.09152550872259167,0.010715758639685994,0.10664969682693481,0.10667967051267624
3.447999999999842,0.06783529616771844,17.084016799926758,0.0916819374178278,0.010735330431259254,0.1069025993347168,0.10693160444498062
3.4499999999998416,0.06783515679044931,17.083654403686523,0.09185113456634815,0.010753761294964017,0.10717494040727615,0.10720325261354446
3.4519999999998414,0.06783502334066682,17.083293914794922,0.0920325951213482,0.010771054715559036,0.10746720433235168,0.10749471187591553
3.453999999999841,0.06783489578608684,17.082931518554688,0.09222580076903454,0.010787214286568671,0.10777972638607025,0.10780616849660873
3.455999999999841,0.06783477409524576,17.08257484436035,0.09243069831978765,0.010802243709065351,0.10811232775449753,0.10813800245523453
3.4579999999998408,0.06783465823750039,17.082218170166016,0.09264723079991255,0.010816146790449227,0.10846523940563202,0.10849017649888992
3.4599999999998405,0.06783454818303147,17.081867218017578,0.0928753374691674,0.01082892744322996,0.10883934050798416,0.10886319726705551
3.4619999999998403,0.067834443902843,17.081514358520508,0.09311495383956822,0.01084058968381147,0.10923407971858978,0.1092570498585701
3.46399999999984,0.06783434536876463,17.081180572509766,0.09336667779690377,0.010851137631271041,0.10949098318815231,0.10951179265975952
3.46599999999984,0.06783425255345168,17.08084487915039,0.09363218804741141,0.01086057550614615,0.10969040542840958,0.10971039533615112
3.4679999999998397,0.06783416543038522,17.08051300048828,0.09391178917580488,0.010868907629216053,0.10990358144044876,0.10992293059825897
3.4699999999998394,0.06783408397387139,17.080181121826172,0.09420572223007122,0.010876138420288997,0.1101316288113594,0.11015021055936813
3.471999999999839,0.06783400815904118,17.079853057861328,0.09451422943085536,0.010882272396985311,0.11037517338991165,0.11039309203624725
3.473999999999839,0.06783393796184897,17.07952880859375,0.09483755311649038,0.010887314173525047,0.11063548177480698,0.11065252870321274
3.4759999999998388,0.06783387335907141,17.079206466674805,0.09517593468067347,0.010891268459515093,0.11091344058513641,0.1109297126531601
3.4779999999998386,0.06783381432830468,17.078886032104492,0.09552961350729777,0.010894140058735426,0.11121025681495667,0.11122582107782364
3.4799999999998383,0.06783376084796228,17.078567504882812,0.09589882590701772,0.010895933867931501,0.1115269660949707,0.1115417331457138
3.481999999999838,0.06783371289727312,17.0782527923584,0.09628380406016826,0.010896654875597624,0.11186490952968597,0.11187887191772461
3.483999999999838,0.06783367045627682,17.07794189453125,0.096684774970663,0.010896308160774146,0.11222533136606216,0.1122385635972023
3.4859999999998377,0.06783363350582015,17.077632904052734,0.09710195943546517,0.010894898891835524,0.1126091405749321,0.11262192577123642
3.4879999999998375,0.06783360202755437,17.07733154296875,0.09753557103417021,0.010892432325284878,0.11301804333925247,0.11303015053272247
3.4899999999998372,0.06783357600392861,17.0770263671875,0.09798581514313061,0.010888913804545855,0.11345307528972626,0.11346468329429626
3.491999999999837,0.06783355541818603,17.07672882080078,0.09845288797842072,0.010884348758759264,0.11391542851924896,0.11392685025930405
3.493999999999837,0.06783354025435698,17.076431274414062,0.09893697567177259,0.010878742701580436,0.1144065111875534,0.11441763490438461
3.4959999999998366,0.06783353049725514,17.07613754272461,0.09943825338340234,0.01087210122997574,0.11492741107940674,0.1149384006857872
3.4979999999998364,0.06783352613246936,17.075847625732422,0.0999568844554077,0.010864430023022275,0.1154794991016388,0.11549016088247299
3.499999999999836,0.06783352714635693,17.0755558013916,0.10049301960914918,0.010855734840709293,0.1160636618733406,0.11607418209314346
3.501999999999836,0.06783353352603719,17.075267791748047,0.10104670442774998,0.010846021522739798,0.11668086051940918,0.11669143289327621
3.5039999999998357,0.06783354525938255,17.07498550415039,0.1016140315564615,0.01083529598733541,0.1173321008682251,0.11734262108802795
3.5059999999998355,0.06783356233501184,17.074710845947266,0.10219274920715118,0.01082356423004294,0.11801818013191223,0.11802881211042404
3.5079999999998353,0.06783358474228034,17.074432373046875,0.10278269246256239,0.010810832322540223,0.11873975396156311,0.11875030398368835
3.509999999999835,0.06783361247127087,17.074161529541016,0.10338736210990118,0.010797106411445975,0.11949744075536728,0.11950806528329849
3.511999999999835,0.06783364551278517,17.073890686035156,0.10400969018178896,0.010782392717133684,0.12029153108596802,0.1203022375702858
3.5139999999998346,0.06783368385833323,17.073623657226562,0.10464972954490281,0.010766697532542514,0.12112215906381607,0.1211329847574234
3.5159999999998344,0.06783372750012326,17.073360443115234,0.10530751638553486,0.010750027221992847,0.1219896748661995,0.12200066447257996
3.517999999999834,0.0678337764310509,17.073097229003906,0.10598306987737546,0.01073238822000743,0.12289384007453918,0.12290497869253159
3.519999999999834,0.06783383064468831,17.072837829589844,0.10667639190637329,0.01071378703012766,0.1238345131278038,0.12384569644927979
3.5219999999998337,0.06783389013527183,17.072582244873047,0.10738746685234518,0.010694230223737259,0.12481121718883514,0.12482250481843948
3.5239999999998335,0.06783395489769041,17.072330474853516,0.10811626142664647,0.010673724438888837,0.12582340836524963,0.1258346140384674
3.5259999999998333,0.06783402492747492,17.072078704833984,0.1088627245649154,0.01065227637912852,0.12687018513679504,0.1268816888332367
3.527999999999833,0.06783410022078197,17.07183074951172,0.10962678737357881,0.01062989281232744,0.1279510110616684,0.12796275317668915
3.529999999999833,0.0678341807743844,17.07158660888672,0.11040836312854115,0.01060658056951514,0.12906478345394135,0.12907670438289642
3.5319999999998326,0.06783426658565544,17.07134246826172,0.11120734732422108,0.010582346543711985,0.13021038472652435,0.13022254407405853
3.5339999999998324,0.06783435765255554,17.07110595703125,0.1120236177708685,0.01055719768877013,0.13138681650161743,0.1313989907503128
3.535999999999832,0.06783445397361916,17.07086944580078,0.11285703473789913,0.010531141018213995,0.1325923055410385,0.13260474801063538
3.537999999999832,0.06783455554793806,17.070636749267578,0.11370744114081105,0.010504183604082323,0.13382598757743835,0.13383865356445312
3.5399999999998317,0.06783466237514921,17.070404052734375,0.11457466276910579,0.010476332575777925,0.1350860297679901,0.13509902358055115
3.5419999999998315,0.06783477445541672,17.070178985595703,0.11545850855252496,0.010447595118915267,0.1363714337348938,0.13638460636138916
3.5439999999998313,0.06783489178941872,17.06995391845703,0.11635877086282853,0.010417978474175606,0.13768015801906586,0.1376936286687851
3.545999999999831,0.06783501437833052,17.069732666015625,0.11727229353499057,0.010387489936162774,0.1390112042427063,0.13902485370635986
3.547999999999831,0.06783514222380785,17.069515228271484,0.11819429531145263,0.010356136852263147,0.14036275446414948,0.140376478433609
3.5499999999998306,0.06783527532797155,17.069297790527344,0.11912444279124706,0.01032392662151003,0.1417332887649536,0.14174723625183105
3.5519999999998304,0.0678354136933906,17.06908416748047,0.12006564479830532,0.010290866693448694,0.14312155544757843,0.14313575625419617
3.55399999999983,0.06783555732306425,17.068876266479492,0.12102176254837214,0.010256964567008154,0.14452606439590454,0.1445407122373581
3.55599999999983,0.06783570622040597,17.06867218017578,0.12199252502769091,0.01022222778937627,0.1459459364414215,0.1459607630968094
3.5579999999998297,0.06783586038922527,17.068470001220703,0.12297763060169423,0.010186663954874681,0.14738015830516815,0.1473952680826187
3.5599999999998295,0.06783601983371032,17.06827163696289,0.12397676442905732,0.010150280703844529,0.14882792532444,0.14884331822395325
3.5619999999998293,0.06783618455840953,17.06807518005371,0.12498959893928668,0.01011308572152853,0.15028902888298035,0.15030474960803986
3.563999999999829,0.06783635456821317,17.06787872314453,0.12601579432015025,0.010075086736963201,0.1517636924982071,0.1517796516418457
3.565999999999829,0.06783652986833634,17.06768798828125,0.12705499901275835,0.01003629152187137,0.1532522737979889,0.1532684564590454
3.5679999999998286,0.06783671046429823,17.067493438720703,0.12810685021220333,0.009996707889559671,0.15475605428218842,0.1547725796699524
3.5699999999998284,0.06783689636190594,17.067306518554688,0.12917097437181452,0.00995634369382244,0.15627697110176086,0.1562938541173935
3.571999999999828,0.06783708756723168,17.067121505737305,0.1302469877091957,0.009915206827846378,0.15781737864017487,0.1578347086906433
3.573999999999828,0.06783728408659874,17.066940307617188,0.13133449671236985,0.009873305223122518,0.15938042104244232,0.15939798951148987
3.5759999999998278,0.06783748592655729,17.06676483154297,0.13243309864446456,0.009830646848359777,0.16096973419189453,0.1609877198934555
3.5779999999998275,0.0678376930938681,17.066585540771484,0.13354238204552998,0.009787239708407485,0.1624421775341034,0.16246624290943146
3.5799999999998273,0.06783790559548109,17.06641387939453,0.13466039628356127,0.009743091843178075,0.1635645031929016,0.16358980536460876
3.581999999999827,0.06783812343851696,17.066242218017578,0.13578237901025167,0.009698211326576549,0.1646740883588791,0.1647011637687683
3.583999999999827,0.06783834663024686,17.06607437133789,0.1369077139156437,0.009652606265433522,0.16577038168907166,0.16579855978488922
3.5859999999998267,0.06783857517807186,17.065914154052734,0.13803840759216748,0.009606284798446482,0.16685141623020172,0.1668812781572342
3.5879999999998264,0.06783880908950424,17.065750122070312,0.1391775351784484,0.00955925509512124,0.16791635751724243,0.16794778406620026
3.589999999999826,0.06783904837214595,17.065589904785156,0.14032468246139843,0.009511525354721448,0.1689644455909729,0.16899731755256653
3.591999999999826,0.06783929303366985,17.06543731689453,0.14147939772056706,0.0094631038052233,0.1699950098991394,0.17002949118614197
3.593999999999826,0.06783954308179858,17.065282821655273,0.14264122419199465,0.009413998702273899,0.17100787162780762,0.17104358971118927
3.5959999999998256,0.0678397985242843,17.065134048461914,0.14380970049837305,0.009364218328155099,0.17200279235839844,0.17204032838344574
3.5979999999998253,0.06784005936888907,17.064987182617188,0.14498436106923873,0.009313770990754967,0.17298057675361633,0.1730193793773651
3.599999999999825,0.0678403256233641,17.06484603881836,0.14616473655091258,0.009262665022541517,0.1739417463541031,0.17398226261138916
3.601999999999825,0.0678405972954301,17.06470489501953,0.14735035420600043,0.00921090877954351,0.17488783597946167,0.17493000626564026
3.6039999999998247,0.06784087439275553,17.064565658569336,0.14854073830231768,0.00915851064033797,0.1758199781179428,0.17586395144462585
3.6059999999998245,0.06784115692293802,17.064428329467773,0.14973541049116318,0.009105479005041705,0.17674008011817932,0.17678579688072205
3.6079999999998242,0.06784144489348344,17.064292907714844,0.15093389017493272,0.009051822294308483,0.1776500791311264,0.17769736051559448
3.609999999999824,0.06784173831178565,17.064159393310547,0.1521356948640918,0.008997548948333515,0.17855186760425568,0.17860086262226105
3.611999999999824,0.06784203718510588,17.06403350830078,0.15334034052359086,0.008942667425863336,0.17944727838039398,0.17949776351451874
3.6139999999998236,0.06784234152055402,17.063907623291016,0.15454734190882705,0.00888718620321159,0.1803373247385025,0.18038944900035858
3.6159999999998234,0.06784265132506812,17.06378746032715,0.1557562128913063,0.00883111377327965,0.18122261762619019,0.18127645552158356
3.617999999999823,0.06784296660539309,17.063674926757812,0.15696646677416515,0.008774458644587405,0.1821030080318451,0.1821582019329071
3.619999999999823,0.0678432873680634,17.063566207885742,0.15817761659776766,0.00871722934030579,0.1829761266708374,0.18303287029266357
3.6219999999998227,0.06784361361938117,17.06346321105957,0.15938917543557646,0.00865943439729856,0.1838383674621582,0.18389642238616943
3.6239999999998225,0.06784394536539815,17.063358306884766,0.16059953096548707,0.00860108236516886,0.18468336760997772,0.18474261462688446
3.6259999999998223,0.06784428261189555,17.063261032104492,0.1618057574928315,0.008542181805315553,0.18550187349319458,0.1855621486902237
3.627999999999822,0.06784462536436509,17.06316375732422,0.16300803825945392,0.008482741289992383,0.18628090620040894,0.18634191155433655
3.629999999999822,0.06784497362798991,17.063072204589844,0.16420873398656108,0.008422769401377034,0.1870032697916031,0.1870647370815277
3.6319999999998216,0.06784532740762513,17.06298065185547,0.1654076797133529,0.008362274730644543,0.188076451420784,0.18814729154109955
3.6339999999998214,0.06784568670778053,17.06289291381836,0.16660438887526824,0.008301265877049609,0.18947285413742065,0.1895447075366974
3.635999999999821,0.06784605153260016,17.06281089782715,0.16779837670734768,0.008239751447018055,0.1908590942621231,0.19093209505081177
3.637999999999821,0.06784642188584548,17.062728881835938,0.1689887171111322,0.008177740053238795,0.19223527610301971,0.19230914115905762
3.6399999999998207,0.06784679777087625,17.06264877319336,0.1701725665039364,0.00811524031377206,0.19360092282295227,0.19367581605911255
3.6419999999998205,0.06784717919063388,17.062572479248047,0.17134919724877815,0.00805226085115787,0.1949559450149536,0.19503174722194672
3.6439999999998203,0.06784756614762216,17.062503814697266,0.1725182506173796,0.00798881029153602,0.19597357511520386,0.19597360491752625
3.64599999999982,0.06784795864389143,17.06243324279785,0.17367937028948163,0.007924897263773533,0.1968386173248291,0.1968381106853485
3.64799999999982,0.06784835668102117,17.062366485595703,0.17483220246302472,0.007860530398599594,0.197711780667305,0.19771099090576172
3.6499999999998196,0.06784876026010159,17.06230354309082,0.1759763959634612,0.007795718327746195,0.1985923945903778,0.19859102368354797
3.6519999999998194,0.06784916938171982,17.06224250793457,0.1771124904670508,0.007730469683103704,0.1994793713092804,0.19947752356529236
3.653999999999819,0.0678495840459413,17.062185287475586,0.17824175646729068,0.007664793095876283,0.20037181675434113,0.20036938786506653
3.655999999999819,0.067850004252295,17.062131881713867,0.17936378416520554,0.0075986971957533525,0.20126880705356598,0.2012658417224884
3.6579999999998187,0.06785042999975732,17.06207847595215,0.18047812772105526,0.007532190610083795,0.20216940343379974,0.20216608047485352
3.6599999999998185,0.06785086128673783,17.062028884887695,0.18158434538270551,0.007465281963064358,0.2030729353427887,0.2030690610408783
3.6619999999998183,0.06785129811106294,17.06198501586914,0.18268199964878923,0.0073979798749328985,0.20397846400737762,0.20397387444972992
3.663999999999818,0.06785174046996179,17.061941146850586,0.18377065742685306,0.007330292961175464,0.20488496124744415,0.2048797756433487
3.665999999999818,0.06785218836005275,17.061901092529297,0.18439776371125138,0.007262229831734625,0.20579171180725098,0.20578600466251373
3.6679999999998176,0.06785264177732923,17.061864852905273,0.18437181114183404,0.0071937990902412015,0.20669794082641602,0.20669160783290863
3.6699999999998174,0.06785310071714529,17.061832427978516,0.18434581888183826,0.007125009333239661,0.20760273933410645,0.20759588479995728
3.671999999999817,0.06785356517420364,17.061805725097656,0.18431979047015074,0.007055869149437433,0.20850539207458496,0.20849773287773132
3.673999999999817,0.06785403514254364,17.06178092956543,0.18429372943843275,0.006986387118956715,0.20940497517585754,0.20939679443836212
3.6759999999998167,0.06785451061552705,17.06175994873047,0.18426763931066226,0.006916571812601528,0.21030080318450928,0.21029193699359894
3.6779999999998165,0.06785499158582814,17.061744689941406,0.1842415236026888,0.006846431791129938,0.21119210124015808,0.2111828476190567
3.6799999999998163,0.06785547804542143,17.06172752380371,0.18421538582179126,0.006775975604546799,0.21207821369171143,0.21206821501255035
3.681999999999816,0.06785596998557149,17.061716079711914,0.18418922946624888,0.006705211791397447,0.21295829117298126,0.21294762194156647
3.683999999999816,0.06785646739682136,17.06170654296875,0.18416305802491856,0.006634148878082899,0.21383161842823029,0.21382032334804535
3.6859999999998156,0.06785697026898432,17.06170082092285,0.18413687497682463,0.006562795378180297,0.2145000547170639,0.21442246437072754
3.6879999999998154,0.06785747859113352,17.061697006225586,0.1841106837907548,0.00649115979178117,0.21446318924427032,0.21438537538051605
3.689999999999815,0.06785799235159243,17.061695098876953,0.1840844879248706,0.006419250604840285,0.21442633867263794,0.21434833109378815
3.691999999999815,0.06785851153792859,17.061697006225586,0.18405829082632658,0.0063470762885374865,0.21438968181610107,0.2143116444349289
3.6939999999998148,0.06785903613694287,17.06169891357422,0.18403209593090047,0.0062746452986569175,0.21435309946537018,0.2142748236656189
3.6959999999998145,0.06785956613466526,17.061702728271484,0.18400590666263733,0.006201966074977465,0.21431639790534973,0.21423791348934174
3.6979999999998143,0.06786010151634617,17.061710357666016,0.18397972643350313,0.006129047040681159,0.2142798900604248,0.21420112252235413
3.699999999999814,0.06786064226645064,17.061717987060547,0.18395355864305374,0.00605589660177504,0.21424315869808197,0.21416454017162323
3.701999999999814,0.06786118836865308,17.061737060546875,0.1839274066781172,0.0059825231465315595,0.214206725358963,0.21412794291973114
3.7039999999998137,0.06786173980583295,17.061758041381836,0.183901273912489,0.005908935044945189,0.2141702026128769,0.21409140527248383
3.7059999999998134,0.06786229656006879,17.061782836914062,0.18387516370664192,0.005835140648207147,0.214133620262146,0.21405501663684845
3.7079999999998132,0.06786285861263727,17.061805725097656,0.18384907940745449,0.005761148288199776,0.21409755945205688,0.2140185683965683
3.709999999999813,0.0678634259440074,17.061838150024414,0.1838230243479504,0.005686966277009974,0.21406090259552002,0.21398232877254486
3.711999999999813,0.06786399853383988,17.061870574951172,0.18379700184706121,0.005612602906463501,0.21402478218078613,0.21394599974155426
3.7139999999998126,0.06786457636098535,17.061904907226562,0.18377101520940198,0.00553806644768077,0.21398888528347015,0.2139100581407547
3.7159999999998123,0.06786515940348437,17.06194305419922,0.18374506772506816,0.005463365150658326,0.2139527052640915,0.2138739824295044
3.717999999999812,0.06786574763856514,17.061983108520508,0.1837191626694511,0.005388507243870801,0.21391676366329193,0.21383820474147797
3.719999999999812,0.06786634104264608,17.062026977539062,0.18369330330307648,0.005313500933900864,0.21388062834739685,0.21380238234996796
3.7219999999998117,0.067866939591338,17.06207275390625,0.18366749287146283,0.005238354405097901,0.21384504437446594,0.21376670897006989
3.7239999999998115,0.06786754325944411,17.062122344970703,0.18364173460500322,0.0051630758192637355,0.21380925178527832,0.21373115479946136
3.7259999999998112,0.06786815202096566,17.06217384338379,0.18361603171887325,0.0050876733153697755,0.21377360820770264,0.2136957049369812
3.727999999999811,0.06786876584910427,17.062227249145508,0.18359038741296346,0.0050121550093076665,0.21373823285102844,0.21366038918495178
3.729999999999811,0.06786938471626883,17.062284469604492,0.18356480487184046,0.004936528993677358,0.21370282769203186,0.21362528204917908
3.7319999999998106,0.06787000859408002,17.06234359741211,0.18353928726473584,0.004860803337608073,0.21366754174232483,0.21359017491340637
3.7339999999998104,0.06787063745337922,17.06240463256836,0.18351383774556834,0.004784986086627793,0.21363221108913422,0.21355535089969635
3.73599999999981,0.06787127126423473,17.062469482421875,0.18348845945299613,0.004709085262568323,0.2135973870754242,0.21352055668830872
3.73799999999981,0.06787190999595284,17.06254005432129,0.18346315551050835,0.004633108863527114,0.2135622203350067,0.2134859412908554
3.7399999999998097,0.06787255361708719,17.062612533569336,0.1834379290265501,0.004557064863871065,0.2135273665189743,0.2134515643119812
3.7419999999998095,0.06787320209545135,17.06268882751465,0.18341278309469095,0.004480961214304896,0.2134930044412613,0.21341738104820251
3.7439999999998093,0.06787385539813151,17.06276512145996,0.18338772079383459,0.004404805841994408,0.2134583741426468,0.21338306367397308
3.745999999999809,0.06787451349150145,17.062847137451172,0.18336274518847584,0.004328606650759495,0.2134239673614502,0.21334907412528992
3.747999999999809,0.06787517634123774,17.06292724609375,0.18333785932900626,0.0042523715213375534,0.21338976919651031,0.21331526339054108
3.7499999999998086,0.06787584391233781,17.063011169433594,0.183313066252075,0.004176108311727574,0.2133556753396988,0.2132812887430191
3.7519999999998084,0.06787651616913873,17.063098907470703,0.18328836898100614,0.004099824857622496,0.2133219838142395,0.2132481038570404
3.753999999999808,0.06787719307533908,17.063186645507812,0.18326377052627846,0.004023528972935275,0.2132880985736847,0.21321476995944977
3.755999999999808,0.0678778745940198,17.063278198242188,0.18323927388607197,0.0039472284504316136,0.21325446665287018,0.21318158507347107
3.7579999999998077,0.06787856068767112,17.06337547302246,0.1832148820468918,0.003870931062483687,0.21322107315063477,0.2131487876176834
3.7599999999998075,0.06787925131821805,17.063472747802734,0.183190597984265,0.003794644561951693,0.2131877988576889,0.2131158858537674
3.7619999999998073,0.06787994644705043,17.063573837280273,0.18316642466353034,0.0037183766832094467,0.21315468847751617,0.21308350563049316
3.763999999999807,0.06788064603505439,17.063676834106445,0.18314236504071946,0.0036421351433368588,0.2131217122077942,0.21305128931999207
3.765999999999807,0.0678813500426467,17.063783645629883,0.18311842206354217,0.0035659276434909563,0.2130890041589737,0.21301889419555664
3.7679999999998066,0.0678820584298119,17.06389808654785,0.18309459867248673,0.0034897618704849863,0.21305666863918304,0.2129870504140854
3.7699999999998064,0.06788277115614418,17.064014434814453,0.18307089780204355,0.0034136454985921657,0.21302427351474762,0.2129552662372589
3.771999999999806,0.06788348818088952,17.064136505126953,0.1830473242990363,0.0033375861916172716,0.2129920870065689,0.2129238098859787
3.773999999999806,0.06788420946299482,17.064258575439453,0.18302390467800284,0.003261591605261001,0.21296033263206482,0.21289224922657013
3.7759999999998057,0.0678849349611604,17.064382553100586,0.18300064873966732,0.0031856693898171715,0.21292844414710999,0.2128613293170929
3.7779999999998055,0.067885664633894,17.06450653076172,0.18297755922704656,0.0031098271932608113,0.21289683878421783,0.21283039450645447
3.7799999999998053,0.06788639843957561,17.06463623046875,0.18295463887150454,0.0030340726647721484,0.21286576986312866,0.21279969811439514
3.781999999999805,0.06788713633652246,17.064762115478516,0.18293189039507574,0.0029584134587665512,0.21283432841300964,0.2127692550420761
3.783999999999805,0.06788787828306347,17.064891815185547,0.1829093165130417,0.002882857239514856,0.21280337870121002,0.2127390205860138
3.7859999999998046,0.06788862423761811,17.065021514892578,0.18288691993678968,0.0028074116864318563,0.21277275681495667,0.21270915865898132
3.7879999999998044,0.06788937415878664,17.065155029296875,0.18286470337698418,0.0027320845001652175,0.21274234354496002,0.21267926692962646
3.789999999999804,0.06789012800544404,17.065288543701172,0.1828426695470961,0.002656883409594463,0.21271206438541412,0.21264994144439697
3.791999999999804,0.06789088573684754,17.065425872802734,0.18282082116733578,0.002581816179921792,0.2126818746328354,0.2126206010580063
3.7939999999998038,0.06789164731275385,17.065563201904297,0.1827991609690413,0.0025068906220340774,0.2126522660255432,0.21259146928787231
3.7959999999998035,0.06789241269354732,17.065698623657227,0.1827776916995873,0.0024321146033836503,0.21262268722057343,0.21256282925605774
3.7979999999998033,0.06789318184038405,17.06583595275879,0.18275641612789212,0.0023574960606636097,0.21259334683418274,0.2125343531370163
3.799999999999803,0.06789395471535022,17.065977096557617,0.18273533705060557,0.0022830430146537494,0.21256427466869354,0.21250618994235992
3.801999999999803,0.06789473128164035,17.066120147705078,0.18271445729908925,0.00220876358765991,0.21253561973571777,0.2124781757593155
3.8039999999998027,0.06789551150375342,17.06626319885254,0.18269377974730638,0.0021346660241133653,0.21250692009925842,0.21245045959949493
3.8059999999998024,0.06789629534771632,17.06640625,0.1826733073207787,0.0020607587150137984,0.21247868239879608,0.2124229371547699
3.807999999999802,0.06789708278133245,17.06654930114746,0.18265304300678203,0.0019870502270953358,0.2124505192041397,0.21239596605300903
3.809999999999802,0.06789787377446292,17.066699981689453,0.1826329898660049,0.0019135493378354285,0.21242281794548035,0.21236886084079742
3.8119999999998018,0.0678986682993455,17.066844940185547,0.1826131510459288,0.001840265077744693,0.2123953253030777,0.21234235167503357
3.8139999999998015,0.06789946633095609,17.066993713378906,0.18259352979625848,0.0017672067817968958,0.21236813068389893,0.21231599152088165
3.8159999999998013,0.06790026784742277,17.0671443939209,0.1825741294867987,0.0016943841524485618,0.2123410403728485,0.2122899740934372
3.817999999999801,0.06790107283049887,17.067296981811523,0.18255495362827345,0.0016218073374832012,0.2123144418001175,0.21226432919502258
3.819999999999801,0.0679018812661078,17.06744956970215,0.18253600589670782,0.001549487026996297,0.21228796243667603,0.2122388333082199
3.8219999999998007,0.06790269314497245,17.067604064941406,0.18251729016215434,0.0014774345753806118,0.21226218342781067,0.2122136950492859
3.8239999999998004,0.06790350846334463,17.06778335571289,0.18249881052275502,0.0014056621563399547,0.2122364044189453,0.2121889591217041
3.8259999999998002,0.0679043272238581,17.06795883178711,0.18248057134541812,0.0013341829620719396,0.21221061050891876,0.21216461062431335
3.8279999999998,0.06790514943652222,17.068130493164062,0.18246257731475357,0.001263011462362239,0.2121855914592743,0.21214035153388977
3.8299999999998,0.06790597511989259,17.06830596923828,0.1824448334924395,0.001192163746133413,0.21216073632240295,0.21211650967597961
3.8319999999997996,0.06790680430244474,17.068485260009766,0.18242734538987282,0.0011216579783626958,0.21213626861572266,0.21209321916103363
3.8339999999997993,0.06790763702419703,17.06866455078125,0.18241011905794885,0.001051515021329716,0.2121119648218155,0.2120700478553772
3.835999999999799,0.06790847333862096,17.06884765625,0.18239316119916427,0.0009817592946214366,0.2120879590511322,0.21204738318920135
3.837999999999799,0.06790931331487354,17.069034576416016,0.1823764793091998,0.0009124199897477338,0.2120646983385086,0.21202512085437775
3.8399999999997987,0.06791015704038202,17.069217681884766,0.1823600818579562,0.0008435328244538838,0.21204158663749695,0.21200315654277802
3.8419999999997985,0.06791100462373974,17.06940269470215,0.182343978524114,0.000775142641294947,0.2120186984539032,0.211981862783432
3.8439999999997982,0.06791185619775247,17.069583892822266,0.1823281805033956,0.000707307368263614,0.21199645102024078,0.2119608074426651
3.845999999999798,0.06791271192215181,17.06976318359375,0.1823127009196981,0.0006401042548987304,0.21197465062141418,0.21194009482860565
3.847999999999798,0.06791357198473374,17.069936752319336,0.18229755538155662,0.0005736400635442372,0.21195298433303833,0.21192006766796112
3.8499999999997976,0.06791443659785024,17.070110321044922,0.18228276274518823,0.0005080684524726016,0.21193203330039978,0.21190045773983002
3.8519999999997974,0.06791530598260463,17.07027816772461,0.18226834616885296,0.00044362112278864525,0.21191157400608063,0.2118818610906601
3.853999999999797,0.06791618032116906,17.0704402923584,0.1822543345593518,0.00038066685703825313,0.21189168095588684,0.21186356246471405
3.855999999999797,0.0679170596250644,17.070598602294922,0.18224076446028442,0.00031983063587909293,0.2118721306324005,0.2118462473154068
3.8579999999997967,0.06791794337650628,17.070756912231445,0.18222768205636108,0.00026224956994930795,0.21185359358787537,0.2118295431137085
3.8599999999997965,0.0679188295696978,17.070920944213867,0.18221514320933074,0.00021014569556844346,0.21183553338050842,0.21181383728981018
3.8619999999997963,0.06791971253861491,17.071121215820312,0.18220320225653547,0.00016802431053989552,0.21181835234165192,0.21179918944835663
3.863999999999796,0.06792058123005433,17.071422576904297,0.18219185819360667,0.00014402551638235465,0.21180200576782227,0.21178528666496277
3.865999999999796,0.06792142614668661,17.071929931640625,0.18218092751007975,0.00014642679683589592,0.21178634464740753,0.21177072823047638
3.8679999999997956,0.0679222469940463,17.072612762451172,0.18217006338881692,0.00017355177369979207,0.21177028119564056,0.2117549329996109
3.8699999999997954,0.06792304774834038,17.07329559326172,0.1821590502898799,0.00021593681329047066,0.21175439655780792,0.21173766255378723
3.871999999999795,0.0679238322709014,17.073928833007812,0.1821478463306323,0.0002660041762884805,0.21173813939094543,0.21172039210796356
3.873999999999795,0.06792460345901467,17.074478149414062,0.18213647635465385,0.00031980325645724966,0.21172191202640533,0.21170315146446228
3.8759999999997947,0.06792536340003952,17.074966430664062,0.18212497826033663,0.00037545648890912996,0.21170517802238464,0.2116856426000595
3.8779999999997945,0.06792611361368243,17.075416564941406,0.1821133875512227,0.00043204341182711496,0.21102701127529144,0.2109704315662384
3.8799999999997943,0.06792685523116249,17.07583236694336,0.18210173428451637,0.000489083159247722,0.21009065210819244,0.21003565192222595
3.881999999999794,0.06792758911392391,17.076221466064453,0.18209004328766276,0.0005463075568298023,0.209147647023201,0.20909427106380463
3.883999999999794,0.06792831593145104,17.076595306396484,0.1820783350456585,0.0006035579026779972,0.20819875597953796,0.20814670622348785
3.8859999999997936,0.06792903621311763,17.07695198059082,0.18206662657867084,0.0006607352018895382,0.20724467933177948,0.20719382166862488
3.8879999999997934,0.06792975038356744,17.07729721069336,0.18205493216388707,0.0007177747268434831,0.20628589391708374,0.20623613893985748
3.889999999999793,0.06793045878746773,17.07762908935547,0.1820432638982758,0.0007746323027792801,0.20532339811325073,0.20527464151382446
3.891999999999793,0.06793116170724403,17.077953338623047,0.18203163213093504,0.0008312765607324019,0.20435790717601776,0.20431005954742432
3.8939999999997927,0.06793185937606748,17.078269958496094,0.18202004579531333,0.0008876843794472489,0.20339004695415497,0.20334303379058838
3.8959999999997925,0.06793255198755364,17.078580856323242,0.18200851266614193,0.0009438381066815328,0.20242072641849518,0.20237457752227783
3.8979999999997923,0.06793323970313446,17.07888412475586,0.18199703955993973,0.0009997238118441328,0.20145083963871002,0.2014053612947464
3.899999999999792,0.06793392265775652,17.079185485839844,0.18198563249304678,0.0010553301567543102,0.20048098266124725,0.20043636858463287
3.901999999999792,0.06793460096434126,17.079483032226562,0.1819742968074351,0.001110647648019998,0.1995122730731964,0.19946840405464172
3.9039999999997916,0.06793527471733017,17.079776763916016,0.18180716690342075,0.0011656681313071523,0.1985454112291336,0.19850219786167145
3.9059999999997914,0.06793594399552955,17.08006477355957,0.18071191182087493,0.0012203844425915358,0.19758135080337524,0.1975388079881668
3.907999999999791,0.06793660886442017,17.08034896850586,0.17960879248219996,0.0012747901634620974,0.19662098586559296,0.19657903909683228
3.909999999999791,0.06793726937805177,17.080631256103516,0.17849823819493738,0.001328879446720128,0.19566507637500763,0.19562382996082306
3.9119999999997908,0.06793792558060868,17.08091163635254,0.17738068270634616,0.0013826468902983504,0.1947147697210312,0.19467416405677795
3.9139999999997905,0.067938577507715,17.08119010925293,0.17625656395686357,0.001436087444923967,0.193771094083786,0.19373096525669098
3.9159999999997903,0.06793922518753222,17.081462860107422,0.1751263238409933,0.0014891963456829503,0.19283463060855865,0.19279523193836212
3.91799999999979,0.06793986864168654,17.081737518310547,0.17399040797301493,0.0015419690607434656,0.1919066607952118,0.19186776876449585
3.91999999999979,0.06794050788605933,17.08201026916504,0.17284926545546295,0.001594401252546308,0.19098812341690063,0.19094979763031006
3.9219999999997897,0.06794114293146247,17.082286834716797,0.171703334359763,0.0016464887481597538,0.190079927444458,0.19004233181476593
3.9239999999997894,0.06794177378422275,17.082555770874023,0.170551437900456,0.0016982275164319084,0.1891830861568451,0.18914605677127838
3.925999999999789,0.067942400446685,17.082828521728516,0.1693928427416086,0.0017496136502514932,0.18829871714115143,0.18826231360435486
3.927999999999789,0.067943022917652,17.08309555053711,0.16822789784146813,0.0018006433526625315,0.187427818775177,0.18739186227321625
3.9299999999997888,0.06794364119276791,17.083364486694336,0.1670569542461064,0.001851312925922351,0.1865713894367218,0.18653598427772522
3.9319999999997886,0.06794425526485433,17.083633422851562,0.16588036495932815,0.0019016187628292521,0.18573027849197388,0.18569546937942505
3.9339999999997883,0.06794486512420898,17.08389663696289,0.1646984848148425,0.001951557339799967,0.18490585684776306,0.18487149477005005
3.935999999999788,0.06794547075886799,17.08415985107422,0.16342656194444838,0.0020011252113168627,0.18409888446331024,0.18406516313552856
3.937999999999788,0.06794607215483815,17.084423065185547,0.1620846293822676,0.0020503190054499136,0.18331047892570496,0.18327730894088745
3.9399999999997877,0.06794666929630781,17.08468246459961,0.16074532894170912,0.0020991354202258426,0.18254169821739197,0.18250910937786102
3.9419999999997875,0.06794726216583082,17.084941864013672,0.1594093221949978,0.002147571220675968,0.18179349601268768,0.18176130950450897
3.9439999999997872,0.06794785074449547,17.085203170776367,0.15807727209503036,0.0021956232364160186,0.1810668557882309,0.18103539943695068
3.945999999999787,0.06794843501207357,17.08545684814453,0.1567498424713803,0.0022432883596639848,0.18036288022994995,0.18033196032047272
3.947999999999787,0.0679490149471588,17.08571434020996,0.15542769750055638,0.0022905635436054838,0.17968246340751648,0.1796521097421646
3.9499999999997866,0.06794959052728732,17.085968017578125,0.15411150114936067,0.0023374458010380736,0.1790265291929245,0.17899683117866516
3.9519999999997864,0.06795016172905229,17.08622169494629,0.15280191659028017,0.0023839322032508012,0.1783960610628128,0.17836694419384003
3.953999999999786,0.0679507285282039,17.08647346496582,0.15149960558790246,0.0024300198790854774,0.17779195308685303,0.1777634620666504
3.955999999999786,0.0679512908997432,17.08672332763672,0.15020440906303123,0.0024757060141561717,0.17721517384052277,0.17718717455863953
3.9579999999997857,0.06795184881800821,17.086973190307617,0.14890996369594633,0.002520987850192298,0.1766664683818817,0.17663903534412384
3.9599999999997855,0.06795240225675084,17.087223052978516,0.14761509911072757,0.0025658626844857575,0.17614655196666718,0.1761195808649063
3.9619999999997852,0.0679529511892103,17.087467193603516,0.14632020247454766,0.0026103278694215915,0.17565634846687317,0.17563003301620483
3.963999999999785,0.06795349558817836,17.08771514892578,0.14502566103338121,0.0026543808120854002,0.1746421903371811,0.17463567852973938
3.965999999999785,0.06795403542606182,17.087963104248047,0.1437318619889321,0.002698018973921491,0.17347855865955353,0.1734710931777954
3.9679999999997846,0.06795457067493854,17.088207244873047,0.14243919237592043,0.002741239870443684,0.17229203879833221,0.17228412628173828
3.9699999999997844,0.06795510130661153,17.088451385498047,0.14114803893972888,0.0027840410709859187,0.1710410863161087,0.1710163801908493
3.971999999999784,0.06795562729265585,17.088695526123047,0.1398587880143931,0.0028264201984853038,0.16937020421028137,0.16934607923030853
3.973999999999784,0.06795614860446707,17.08893585205078,0.13857182540095225,0.002868374929289402,0.16763973236083984,0.1676161289215088
3.9759999999997837,0.06795666521330235,17.089176177978516,0.1372888969185489,0.002909902992994259,0.16588495671749115,0.16586177051067352
3.9779999999997835,0.06795717709032066,17.089414596557617,0.13601804762873657,0.002951002172288169,0.1641303300857544,0.1641078144311905
3.9799999999997833,0.06795768420662147,17.08965301513672,0.134761036538024,0.002991670302821664,0.16239243745803833,0.1623704433441162
3.981999999999783,0.06795818653327763,17.089889526367188,0.13351845189160644,0.0030319052730846045,0.1606815755367279,0.16066008806228638
3.983999999999783,0.06795868404137115,17.090126037597656,0.1322908713537164,0.003071705024290414,0.15900319814682007,0.15898223221302032
3.9859999999997826,0.06795917670202326,17.09035873413086,0.13107886105581923,0.003111067550273512,0.15735973417758942,0.15733933448791504
3.9879999999997824,0.067959664486423,17.090593338012695,0.12988297461902262,0.0031499908973863576,0.15575174987316132,0.155731663107872
3.989999999999782,0.06796014736585702,17.090824127197266,0.12870375215284563,0.0031884731644061296,0.15417733788490295,0.15415792167186737
3.991999999999782,0.06796062531173373,17.091053009033203,0.12754171923286622,0.0032265125024383097,0.15263496339321136,0.15261588990688324
3.9939999999997817,0.06796109829561049,17.09128189086914,0.12639738586020752,0.003264107114828315,0.1511218398809433,0.15110330283641815
3.9959999999997815,0.06796156628921503,17.091510772705078,0.12527124540624585,0.0033012552570696333,0.14963579177856445,0.1496174931526184
3.9979999999997813,0.06796202926447001,17.091739654541016,0.12416377354637947,0.00333795523671276,0.14817403256893158,0.14815649390220642
3.999999999999781,0.06796248719351342,17.091964721679688,0.12307542718713604,0.0033742054132733282,0.146734818816185,0.14671768248081207
4.001999999999781,0.06796294004871833,17.092187881469727,0.12200664339137199,0.0034100041981424585,0.14531627297401428,0.14529962837696075
4.003999999999781,0.06796338780271427,17.092411041259766,0.12095783830673186,0.003445350054487211,0.1439170241355896,0.1439007967710495
4.005999999999781,0.06796383042840401,17.092634201049805,0.11992940610301002,0.003480241497158997,0.1425362378358841,0.14252044260501862
4.007999999999781,0.06796426789898184,17.092851638793945,0.11892171792442156,0.0035146770925898233,0.14117324352264404,0.1411578357219696
4.00999999999978,0.06796470018795124,17.09307098388672,0.11793512086322257,0.003548655458694132,0.13982777297496796,0.1398129165172577
4.01199999999978,0.06796512726913953,17.09328842163086,0.11696993696141537,0.003582175264757855,0.13850003480911255,0.1384856402873993
4.01399999999978,0.06796554911671535,17.093502044677734,0.11602646224761864,0.003615235231334412,0.13719038665294647,0.13717642426490784
4.01599999999978,0.06796596570520198,17.093719482421875,0.11510496581638348,0.003647834130129154,0.13589957356452942,0.13588589429855347
4.0179999999997795,0.06796637700949233,17.093931198120117,0.11420568895744619,0.003679970783882547,0.13462817668914795,0.1346149891614914
4.019999999999779,0.06796678300486285,17.09414291381836,0.11332884434249055,0.003711644066251106,0.13337741792201996,0.13336461782455444
4.021999999999779,0.06796718366698598,17.09435272216797,0.11247461527703506,0.0037428529016807085,0.13214856386184692,0.1321360468864441
4.023999999999779,0.06796757897194335,17.094566345214844,0.1116431550249802,0.0037735962652780198,0.13094261288642883,0.1309305727481842
4.025999999999779,0.06796796889623823,17.094770431518555,0.11083458621321372,0.0038038731826776358,0.12976126372814178,0.12974956631660461
4.027999999999778,0.06796835341680581,17.094974517822266,0.11004900032340391,0.0038336827299042726,0.12860561907291412,0.1285942792892456
4.029999999999778,0.06796873251102636,17.095182418823242,0.1092864572777728,0.00386302403322959,0.12747716903686523,0.12746626138687134
4.031999999999778,0.06796910615673489,17.09538459777832,0.10854698512518035,0.003891896269026037,0.12637723982334137,0.1263667345046997
4.033999999999778,0.06796947433223158,17.09558868408203,0.10783057983331097,0.003920298663615221,0.12530730664730072,0.12529708445072174
4.0359999999997775,0.06796983701629211,17.095788955688477,0.10713720519210221,0.003948230493112648,0.12426844984292984,0.12425847351551056
4.037999999999777,0.06797019418817732,17.095989227294922,0.1064667928328246,0.003975691083265955,0.12326173484325409,0.12325212359428406
4.039999999999777,0.06797054582764227,17.0961856842041,0.10581924236641159,0.004002679809292201,0.122288279235363,0.1222788617014885
4.041999999999777,0.067970891914945,17.09637451171875,0.10519442164375009,0.004029196095706237,0.1213487759232521,0.12133970856666565
4.043999999999777,0.06797123243085597,17.096561431884766,0.10459216713968375,0.004055239416146242,0.1204439103603363,0.12043529748916626
4.045999999999776,0.06797156735666546,17.09674835205078,0.10401228446151574,0.004080809293197674,0.11957447230815887,0.11956609040498734
4.047999999999776,0.06797189667419186,17.096935272216797,0.10345454898174404,0.004105905298208731,0.11874046921730042,0.11873231828212738
4.049999999999776,0.06797222036578889,17.097116470336914,0.10291870659373813,0.004130527051100632,0.11794228106737137,0.1179344430565834
4.051999999999776,0.0679725384143542,17.09729766845703,0.10240447458802014,0.004154674220178481,0.11717993021011353,0.11717227101325989
4.053999999999776,0.06797285080333516,17.097476959228516,0.10191154264579506,0.0041783465219333415,0.11645292490720749,0.1164456307888031
4.055999999999775,0.06797315751673619,17.09765625,0.10143957394537374,0.004201543720841734,0.11576133221387863,0.11575418710708618
4.057999999999775,0.06797345853912493,17.097835540771484,0.10098820637619914,0.004224265629158719,0.11510434001684189,0.11509743332862854
4.059999999999775,0.06797375385563904,17.09800910949707,0.1005570538543152,0.00424651210670926,0.11448151618242264,0.11447487026453018
4.061999999999775,0.06797404345199186,17.098182678222656,0.10014570773230504,0.004268283060676015,0.11389171332120895,0.11388526111841202
4.0639999999997745,0.0679743273144784,17.098358154296875,0.09975373829602584,0.0042895784453765825,0.1133345514535904,0.1133284643292427
4.065999999999774,0.06797460542998064,17.098527908325195,0.09938069633986064,0.004310398262046036,0.11280873417854309,0.11280273646116257
4.067999999999774,0.06797487778597228,17.098697662353516,0.09902611481169285,0.004330742558606529,0.11231309920549393,0.11230733245611191
4.069999999999774,0.06797514437052506,17.098865509033203,0.09868951051843114,0.004350611429438126,0.11184673011302948,0.11184117197990417
4.071999999999774,0.06797540517231267,17.09903335571289,0.09837038588263583,0.004370005015143689,0.11140836775302887,0.11140304803848267
4.073999999999773,0.06797566018061468,17.099197387695312,0.0980682307406253,0.004388923502310296,0.11099666357040405,0.11099142581224442
4.075999999999773,0.06797590938532219,17.099363327026367,0.09778252417241119,0.004407367123266387,0.1106104776263237,0.11060525476932526
4.077999999999773,0.06797615277694173,17.099525451660156,0.09751273635386831,0.004425336155834526,0.11024821549654007,0.1102435365319252
4.079999999999773,0.06797639034659825,17.099685668945312,0.09725833042170508,0.004442830923082596,0.10990910232067108,0.10990454256534576
4.0819999999997725,0.06797662208603915,17.09984588623047,0.09701876434206785,0.004459851793066847,0.10959169268608093,0.10958714038133621
4.083999999999772,0.0679768479876385,17.100004196166992,0.09679349277396529,0.004476399178575583,0.10929470509290695,0.10929038375616074
4.085999999999772,0.0679770680443996,17.100160598754883,0.09658196891911182,0.00449247353686828,0.10901693254709244,0.10901272296905518
4.087999999999772,0.06797728224995797,17.10031509399414,0.09638364635028487,0.004508075369408409,0.10859671980142593,0.10859274864196777
4.089999999999772,0.06797749059858435,17.100467681884766,0.09619798081082563,0.004523205221594193,0.10809742659330368,0.10809353739023209
4.091999999999771,0.06797769308518811,17.10062026977539,0.09602443197850691,0.004537863682489618,0.1076197624206543,0.10761601477861404
4.093999999999771,0.06797788970531769,17.10076904296875,0.09586246518758326,0.004552051384544879,0.10716350376605988,0.10715993493795395
4.095999999999771,0.067978080455165,17.10091781616211,0.09560686811380965,0.004565769003319525,0.10672834515571594,0.10672511160373688
4.097999999999771,0.0679782653315669,17.101064682006836,0.09533307378385342,0.004579017257198366,0.10631425678730011,0.10631100088357925
4.0999999999997705,0.0679784443320063,17.101211547851562,0.09507321452367158,0.0045917969071074104,0.10592088848352432,0.10591772198677063
4.10199999999977,0.06797861745461484,17.101356506347656,0.09482706441663472,0.004604108756223001,0.1055479422211647,0.10554475337266922
4.10399999999977,0.06797878469817319,17.10149574279785,0.09459440075448682,0.004615953649681913,0.10519490391016006,0.10519203543663025
4.10599999999977,0.0679789460621139,17.10163688659668,0.09437500498495453,0.004627332474284353,0.10486190021038055,0.10485917329788208
4.10799999999977,0.06797910154652072,17.101776123046875,0.0941686636360504,0.004638246158197034,0.10454855114221573,0.10454583168029785
4.109999999999769,0.0679792511521316,17.101913452148438,0.09397516921356217,0.0046486956706499665,0.10425449907779694,0.10425197333097458
4.111999999999769,0.06797939488033738,17.10205078125,0.09379432106840142,0.004658682021636464,0.10397962480783463,0.10397712886333466
4.113999999999769,0.06797953273318401,17.102184295654297,0.0936259262306692,0.004668206261602088,0.10372330248355865,0.10372112691402435
4.115999999999769,0.06797966471337216,17.102325439453125,0.09346950120306716,0.004677269481138462,0.10348590463399887,0.10348369926214218
4.1179999999997685,0.06797979082425777,17.102462768554688,0.09332429814149089,0.004685872810667247,0.10326679050922394,0.10326460003852844
4.119999999999768,0.06797991106985132,17.102598190307617,0.09319032924469388,0.004694017420129895,0.10306581854820251,0.10306369513273239
4.121999999999768,0.06798002545481929,17.102733612060547,0.09306763227150108,0.0047017045186646894,0.10288257896900177,0.10288069397211075
4.123999999999768,0.06798013398448205,17.10286521911621,0.09295624165542665,0.0047089353542924565,0.10271716862916946,0.1027153879404068
4.125999999999768,0.06798023666481506,17.102996826171875,0.0928561884950947,0.004715711213589014,0.10256935656070709,0.10256762057542801
4.127999999999767,0.06798033350244653,17.103126525878906,0.0927675005456022,0.00472203342136414,0.10243894159793854,0.10243727266788483
4.129999999999767,0.06798042450465831,17.103252410888672,0.09269020221083114,0.004727903340332474,0.1023256853222847,0.10232418775558472
4.131999999999767,0.0679805096793844,17.103378295898438,0.09262431453670894,0.004733322370783188,0.10222966223955154,0.10222811251878738
4.133999999999767,0.06798058903520862,17.103504180908203,0.09256986941251615,0.0047382919502512,0.10215044766664505,0.10214915126562119
4.1359999999997665,0.06798066258136544,17.103626251220703,0.09252693523742841,0.004742813553179295,0.10208824276924133,0.10208697617053986
4.137999999999766,0.06798073032773652,17.103748321533203,0.09249547577638056,0.004746888690587049,0.10204287618398666,0.10204177349805832
4.139999999999766,0.06798079228485154,17.103866577148438,0.09247545326361399,0.004750518909727603,0.10201434046030045,0.10201335698366165
4.141999999999766,0.06798084846388339,17.103986740112305,0.09246684485041279,0.004753705793751504,0.10200249403715134,0.10200141370296478
4.143999999999766,0.06798089887664842,17.104103088378906,0.09246964269948514,0.004756450961364204,0.1020074188709259,0.10200634598731995
4.145999999999765,0.06798094353560398,17.104217529296875,0.09248385401854438,0.004758756066480515,0.1020289734005928,0.10202815383672714
4.147999999999765,0.06798098245384612,17.104328155517578,0.0925095010329891,0.004760622797881759,0.10206751525402069,0.10206668078899384
4.149999999999765,0.0679810156451067,17.104442596435547,0.09254662089774879,0.004762052878865532,0.10212262719869614,0.10212194174528122
4.151999999999765,0.06798104312375186,17.104549407958984,0.09259524456933123,0.004763048066898849,0.10219477862119675,0.10219423472881317
4.1539999999997645,0.06798106490477855,17.104660034179688,0.0926552989318243,0.0047636101532674115,0.10228389501571655,0.10228341817855835
4.155999999999764,0.06798108100381191,17.10476303100586,0.09272675343279643,0.004763740962722556,0.1023901030421257,0.10238967835903168
4.157999999999764,0.06798109143710294,17.104869842529297,0.09280958528512283,0.00476344235312947,0.10251358896493912,0.10251318663358688
4.159999999999764,0.06798109622152444,17.1049747467041,0.092903768349489,0.00476271621510867,0.10265429317951202,0.10265393555164337
4.161999999999764,0.06798109537456802,17.10507583618164,0.09300927314194667,0.00476156447168328,0.10281272977590561,0.1028122678399086
4.1639999999997634,0.06798108891434161,17.105175018310547,0.09312606684242042,0.0047599890779192015,0.10298886150121689,0.10298837721347809
4.165999999999763,0.06798107685956492,17.105270385742188,0.09325411330416133,0.004757992020566417,0.10318274796009064,0.10318223387002945
4.167999999999763,0.06798105922956618,17.105369567871094,0.09339337306413928,0.004755575317698295,0.1033947542309761,0.10339436680078506
4.169999999999763,0.06798103604427848,17.1054630279541,0.09354385331078949,0.004752741018351635,0.1036250963807106,0.1036246195435524
4.171999999999763,0.06798100732423555,17.105554580688477,0.09370634873845063,0.004749491202161402,0.10387396067380905,0.10387361794710159
4.173999999999762,0.06798097309056815,17.10564613342285,0.09388129119542883,0.004745827979000081,0.10414167493581772,0.10414133220911026
4.175999999999762,0.06798093336499894,17.105735778808594,0.09406887367371299,0.004741753488610473,0.1044284999370575,0.10442811250686646
4.177999999999762,0.06798088816984026,17.105823516845703,0.09426929691980018,0.004737269900241108,0.10473446547985077,0.10473411530256271
4.179999999999762,0.06798083752798716,17.10590934753418,0.09448276860232835,0.004732379412280752,0.10506019741296768,0.10505986958742142
4.1819999999997615,0.06798078146291443,17.105993270874023,0.09470950244592127,0.004727084251888745,0.10540571808815002,0.1054052785038948
4.183999999999761,0.0679807199986717,17.106075286865234,0.0949497173343882,0.0047213866746293525,0.10577128827571869,0.10577089339494705
4.185999999999761,0.06798065315987768,17.106159210205078,0.0952036363865825,0.004715288964100782,0.10615728050470352,0.10615679621696472
4.187999999999761,0.06798058097171726,17.106239318847656,0.09547148600842983,0.004708793431566147,0.10656395554542542,0.10656336694955826
4.189999999999761,0.0679805034599345,17.10631561279297,0.09569072022236808,0.004701902415585071,0.10699152201414108,0.10699097067117691
4.19199999999976,0.06798042065082817,17.106388092041016,0.09584479436978549,0.004694618281639623,0.10744033008813858,0.10743971168994904
4.19399999999976,0.06798033257124718,17.106464385986328,0.096010373132492,0.004686943421764977,0.10791029036045074,0.10790962725877762
4.19599999999976,0.06798023924858408,17.106536865234375,0.09618799054904731,0.004678880254177617,0.10840204358100891,0.1084013432264328
4.19799999999976,0.06798014071077066,17.106605529785156,0.09637818657407485,0.004670431222902207,0.1087765097618103,0.1087753102183342
4.1999999999997595,0.06798003698627152,17.10667610168457,0.09658150535793623,0.0046615987973998825,0.10904449224472046,0.10904324799776077
4.201999999999759,0.0679799281040782,17.10674285888672,0.0967984934832258,0.004652385472193655,0.10933182388544083,0.10933046042919159
4.203999999999759,0.0679798140937053,17.106807708740234,0.097029698164193,0.004642793766496587,0.10963935405015945,0.10963810235261917
4.205999999999759,0.06797969498518182,17.10687255859375,0.09727566541581513,0.004632826223837877,0.10996857285499573,0.10996720939874649
4.207999999999759,0.06797957080904728,17.10693359375,0.09753693819983504,0.004622485411688068,0.11032044142484665,0.1103191077709198
4.209999999999758,0.06797944159634435,17.106996536254883,0.09781405455564218,0.004611773921085926,0.11069656163454056,0.11069502681493759
4.211999999999758,0.06797930737861398,17.1070556640625,0.09810754572437697,0.004600694366264949,0.11109792441129684,0.11109647154808044
4.213999999999758,0.06797916818788792,17.107112884521484,0.09841793427507228,0.00458924938427872,0.11152590811252594,0.11152433604001999
4.215999999999758,0.0679790240566828,17.107166290283203,0.0987457322420255,0.004577441634625591,0.11198177188634872,0.11198017001152039
4.2179999999997575,0.067978875017994,17.107219696044922,0.09909143928286582,0.004565273798876012,0.11246658116579056,0.11246506124734879
4.219999999999757,0.0679787211052882,17.10727310180664,0.09945554086697474,0.0045527485802985285,0.11298166215419769,0.11298000812530518
4.221999999999757,0.06797856235249819,17.107322692871094,0.09983850650399514,0.004539868703484824,0.11352808028459549,0.1135263741016388
4.223999999999757,0.06797839879401445,17.107372283935547,0.1002407880221459,0.004526636913977176,0.11410640925168991,0.11410483717918396
4.225999999999757,0.06797823046467996,17.107421875,0.10066281790590802,0.004513055977893791,0.1147182360291481,0.11471657454967499
4.227999999999756,0.06797805739978208,17.107463836669922,0.10110500770240018,0.004499128681555416,0.1153639480471611,0.11536230891942978
4.229999999999756,0.06797787963504626,17.107507705688477,0.10156774650538222,0.004484857831114245,0.11604414135217667,0.1160426214337349
4.231999999999756,0.06797769720662965,17.10755157470703,0.10205139952534047,0.004470246252178392,0.1167595311999321,0.11675799638032913
4.233999999999756,0.0679775101511121,17.107593536376953,0.10255630675350053,0.004455296789440979,0.11751053482294083,0.11750881373882294
4.2359999999997555,0.06797731850549092,17.10763168334961,0.10308278172693129,0.004440012306308491,0.11829705536365509,0.11829541623592377
4.237999999999755,0.06797712230717282,17.107666015625,0.10363111040108983,0.0044243956845288115,0.11911921203136444,0.11911778151988983
4.239999999999755,0.06797692159396643,17.107704162597656,0.10420155013530007,0.004408449823820613,0.1199769377708435,0.11997538059949875
4.241999999999755,0.06797671640407589,17.107738494873047,0.10479432879570359,0.004392177641500984,0.12086985260248184,0.12086836993694305
4.243999999999755,0.06797650677609207,17.107769012451172,0.10540964397923748,0.004375582072118731,0.12179741263389587,0.12179598212242126
4.245999999999754,0.06797629274898577,17.107799530029297,0.10604766236115377,0.004358666067082866,0.1227589026093483,0.122757688164711
4.247999999999754,0.0679760743621008,17.10782814025879,0.10670851916754998,0.004341432594294839,0.12375371158123016,0.12375238537788391
4.249999999999754,0.06797585165514544,17.10785675048828,0.10739231777332421,0.004323884637777797,0.12478061020374298,0.12477932870388031
4.251999999999754,0.06797562466818542,17.107881546020508,0.10809912942492984,0.004306025197315877,0.12583856284618378,0.12583734095096588
4.2539999999997535,0.06797539344163558,17.107906341552734,0.10882899308628889,0.00428785728807955,0.12692631781101227,0.12692512571811676
4.255999999999753,0.0679751580162531,17.107929229736328,0.10958191540526532,0.004269383940265764,0.12804263830184937,0.128041610121727
4.257999999999753,0.0679749184331286,17.10795021057129,0.11035787079719296,0.0042506081987311265,0.1291860044002533,0.1291852593421936
4.259999999999753,0.06797467473367935,17.107969284057617,0.11115680164110377,0.004231533122626987,0.13035529851913452,0.13035455346107483
4.261999999999753,0.0679744269596404,17.107982635498047,0.11197861858357133,0.004212161785037764,0.1315489411354065,0.13154833018779755
4.263999999999752,0.06797417515305804,17.107999801635742,0.11282320094439495,0.004192497272617983,0.1327657550573349,0.13276536762714386
4.265999999999752,0.06797391935628024,17.108013153076172,0.11369039721780475,0.004172542685231352,0.13400433957576752,0.13400395214557648
4.267999999999752,0.06797365961194952,17.10802459716797,0.11458002566236773,0.004152301135590747,0.13526341319084167,0.13526320457458496
4.269999999999752,0.06797339596299545,17.1080322265625,0.11549187497244454,0.004131775748898072,0.1365419626235962,0.13654199242591858
4.2719999999997516,0.06797312845262533,17.108043670654297,0.11642570502373936,0.004110969662487359,0.1378391832113266,0.13783933222293854
4.273999999999751,0.06797285712431751,17.108049392700195,0.11738124768534475,0.004089886025466479,0.13915449380874634,0.13915477693080902
4.275999999999751,0.06797258202181165,17.108055114746094,0.11835820769058895,0.004068527998363098,0.14048734307289124,0.1404878795146942
4.277999999999751,0.06797230318910238,17.10805892944336,0.11935626355902434,0.004046898752767935,0.14183762669563293,0.1418381929397583
4.279999999999751,0.06797202067043007,17.108062744140625,0.12037506856196663,0.004025001470983099,0.14320555329322815,0.14320628345012665
4.2819999999997505,0.06797173451027251,17.108062744140625,0.1214142517242018,0.0040028393456685695,0.1445915251970291,0.1445925086736679
4.28399999999975,0.0679714447533378,17.108062744140625,0.1224734188546697,0.003980415579491441,0.14599648118019104,0.14599774777889252
4.28599999999975,0.06797115144455491,17.10805892944336,0.12355215359928036,0.0039577333847772905,0.14742203056812286,0.14742335677146912
4.28799999999975,0.06797085462906649,17.10805320739746,0.12465001850930962,0.003934795983160494,0.1488696038722992,0.14887116849422455
4.28999999999975,0.06797055435221916,17.108047485351562,0.12576655611924953,0.003911606605238,0.15034128725528717,0.15034300088882446
4.291999999999749,0.06797025065955722,17.10803985595703,0.126901290028374,0.0038881684902237336,0.151839479804039,0.1518412083387375
4.293999999999749,0.0679699435968136,17.1080322265625,0.12805372598073197,0.0038644848856045563,0.15336667001247406,0.15336871147155762
4.295999999999749,0.06796963320990014,17.108020782470703,0.12922335293871776,0.0038405590467972105,0.15492531657218933,0.15492752194404602
4.297999999999749,0.06796931954490239,17.108009338378906,0.13040964414584835,0.0038163942368074515,0.1565174162387848,0.1565197855234146
4.2999999999997485,0.06796900264806795,17.107994079589844,0.1316120581748087,0.0037919937258913635,0.1581445187330246,0.15814703702926636
4.301999999999748,0.06796868256580114,17.10797691345215,0.13283003995729595,0.0037673607912140673,0.15980654954910278,0.15980929136276245
4.303999999999748,0.06796835934465213,17.107955932617188,0.1340630217926381,0.0037424987165184886,0.1615014225244522,0.161504328250885
4.305999999999748,0.06796803303131142,17.10793685913086,0.13531042433257495,0.003717410791784992,0.16322366893291473,0.16322660446166992
4.307999999999748,0.0679677036725984,17.10791778564453,0.1365716575400044,0.0036921003129021,0.16496343910694122,0.164966881275177
4.309999999999747,0.06796737131545641,17.107894897460938,0.13784338469143934,0.003666570581333492,0.1667049676179886,0.1667085886001587
4.311999999999747,0.06796703600694225,17.107868194580078,0.13911803725055732,0.0036408249037879785,0.1684243232011795,0.16842810809612274
4.313999999999747,0.06796669779421785,17.107845306396484,0.14039486581966132,0.003614866591892509,0.17008663713932037,0.17009100317955017
4.315999999999747,0.06796635672454399,17.107818603515625,0.14167348388127787,0.0035886989618640367,0.17164506018161774,0.17164970934391022
4.3179999999997465,0.06796601284527028,17.1077880859375,0.1429535043720631,0.0035623253341880465,0.17295312881469727,0.17295195162296295
4.319999999999746,0.06796566620382719,17.107757568359375,0.14423453980121567,0.0035357490332933567,0.17412389814853668,0.1741224229335785
4.321999999999746,0.06796531684771853,17.10772705078125,0.14551620236894175,0.0035089733872314633,0.1747276484966278,0.17473383247852325
4.323999999999746,0.06796496482451317,17.107696533203125,0.146798104084944,0.00348200172736045,0.175201416015625,0.1752077341079712
4.325999999999746,0.06796461018183596,17.107662200927734,0.14807985688690228,0.003454837388025037,0.17570509016513824,0.175711527466774
4.327999999999745,0.06796425296736074,17.107627868652344,0.1493610727589158,0.003427483706243853,0.176237553358078,0.17624421417713165
4.329999999999745,0.06796389322880145,17.10759162902832,0.15064497973505994,0.003399944021394459,0.17679829895496368,0.1768052577972412
4.331999999999745,0.0679635310139043,17.107553482055664,0.1519367215802794,0.0033722216749068985,0.17738641798496246,0.17739352583885193
4.333999999999745,0.06796316637043998,17.10751724243164,0.1532357060662073,0.0033443200099490897,0.17800107598304749,0.1780082732439041
4.3359999999997445,0.06796279934619484,17.10747718811035,0.1545412685596152,0.0033162423711252703,0.178641214966774,0.17864887416362762
4.337999999999744,0.06796242998896351,17.107437133789062,0.15585274292530604,0.003287992104169314,0.17930617928504944,0.17931388318538666
4.339999999999744,0.06796205834654136,17.107393264770508,0.15716946213844243,0.003259572555642393,0.1799945831298828,0.1800026297569275
4.341999999999744,0.06796168446671409,17.107349395751953,0.1584907588668542,0.003230987072635805,0.1807059943675995,0.1807141900062561
4.343999999999744,0.0679613083972534,17.107303619384766,0.1598159660242548,0.003202239002470105,0.18143898248672485,0.18144740164279938
4.345999999999743,0.06796093018590565,17.107257843017578,0.1611444172953364,0.003173331692401486,0.18219269812107086,0.1822013407945633
4.347999999999743,0.06796054988038644,17.10721206665039,0.16247544763378607,0.0031442684893296614,0.18296615779399872,0.1829749047756195
4.349999999999743,0.06796016752837114,17.107160568237305,0.16380839373428321,0.003115052739505875,0.18375815451145172,0.18376721441745758
4.351999999999743,0.0679597831774879,17.107112884521484,0.16514259447957713,0.0030856877882470156,0.1845679134130478,0.1845770627260208
4.3539999999997425,0.06795939687530986,17.1070613861084,0.16645050167172148,0.0030561769796484685,0.1853943020105362,0.18540365993976593
4.355999999999742,0.06795900866934586,17.107009887695312,0.16761364333941267,0.0030265236563025186,0.18623606860637665,0.1862456351518631
4.357999999999742,0.06795861860703487,17.10695457458496,0.16877075210006603,0.0029967311590192586,0.18709243834018707,0.187102273106575
4.359999999999742,0.06795822673573698,17.10689926147461,0.1699214806856873,0.00296680282654658,0.1879623532295227,0.18797224760055542
4.361999999999742,0.0679578331027257,17.106842041015625,0.17106705270989656,0.002936741995298182,0.18884457647800446,0.1888546645641327
4.363999999999741,0.06795743775518019,17.10678482055664,0.1722083107905201,0.0029065519990814285,0.18973825871944427,0.18974868953227997
4.365999999999741,0.06795704074017841,17.106725692749023,0.17334479704286634,0.002876236168827951,0.19064243137836456,0.19065293669700623
4.367999999999741,0.06795664210468814,17.106666564941406,0.17447605634986987,0.0028457978323289707,0.19155587255954742,0.1915665864944458
4.369999999999741,0.06795624189556113,17.106605529785156,0.17560163655780942,0.002815240313971336,0.19247780740261078,0.19248875975608826
4.3719999999997405,0.0679558401595232,17.106544494628906,0.17672108866600494,0.002784566934480028,0.19340725243091583,0.19341829419136047
4.37399999999974,0.06795543694316905,17.10647964477539,0.1778339670107028,0.0027537810106612807,0.19434289634227753,0.19435419142246246
4.37599999999974,0.06795503229295279,17.106414794921875,0.17893982944337766,0.002722885855147805,0.19528420269489288,0.19529569149017334
4.37799999999974,0.06795462625518091,17.10634994506836,0.18003823750365833,0.00269188477615349,0.19623000919818878,0.1962415874004364
4.37999999999974,0.06795421887600638,17.10628318786621,0.18112875658707972,0.0026607810772248026,0.19717943668365479,0.19719122350215912
4.381999999999739,0.06795381020141776,17.106216430664062,0.18201330512211183,0.0026295780569991728,0.1981315165758133,0.19814348220825195
4.383999999999739,0.06795340027723533,17.10614776611328,0.18201980281597235,0.002598279008968515,0.19908535480499268,0.19909746944904327
4.385999999999739,0.06795298914910078,17.1060791015625,0.18202630167859896,0.002566887221243569,0.2000400722026825,0.2000524252653122
4.387999999999739,0.06795257686247123,17.106006622314453,0.18203280110464087,0.0025354059763236275,0.20099499821662903,0.20100748538970947
4.3899999999997386,0.06795216346261089,17.105937957763672,0.18203930048859734,0.0025038385508733075,0.20194898545742035,0.20196153223514557
4.391999999999738,0.06795174899458521,17.105865478515625,0.1820457992247725,0.0024721882154989027,0.20290128886699677,0.20291416347026825
4.393999999999738,0.06795133350325025,17.105792999267578,0.18205229670722683,0.002440458234533212,0.20385116338729858,0.20386405289173126
4.395999999999738,0.06795091703324818,17.10572052001953,0.18205879232973055,0.002408651865821925,0.20479759573936462,0.20481061935424805
4.397999999999738,0.06795049962899836,17.105648040771484,0.18206528548570844,0.002376772360522179,0.2057400643825531,0.20575331151485443
4.3999999999997375,0.06795008133468913,17.105571746826172,0.18207177556818605,0.0023448229628949407,0.2066776305437088,0.2066909819841385
4.401999999999737,0.06794966219427157,17.10549545288086,0.18207826196973426,0.002312806910113957,0.207609623670578,0.20762312412261963
4.403999999999737,0.06794924225145144,17.105419158935547,0.18208474408240488,0.002280727432076546,0.20853519439697266,0.208548903465271
4.405999999999737,0.06794882154968013,17.10533905029297,0.18209122129766836,0.0022485877512171994,0.209453746676445,0.20946751534938812
4.407999999999737,0.06794840013214866,17.105260848999023,0.18209769300634593,0.002216391082333605,0.21036459505558014,0.2103784680366516
4.409999999999736,0.06794797804177923,17.105186462402344,0.18210415859853601,0.0021841406324184594,0.2112668752670288,0.21128089725971222
4.411999999999736,0.06794755532121677,17.105106353759766,0.18211061746353813,0.0021518396004929947,0.21163883805274963,0.21164661645889282
4.413999999999736,0.067947132012821,17.10502815246582,0.18211706898977092,0.002119491177457109,0.2116488516330719,0.21165642142295837
4.415999999999736,0.06794670815865908,17.104949951171875,0.18212351256468523,0.00208709854594383,0.21165862679481506,0.2116662710905075
4.4179999999997355,0.06794628380049621,17.104869842529297,0.18212994757467038,0.0020546648801802203,0.2116681933403015,0.2116759866476059
4.419999999999735,0.06794585897978822,17.104787826538086,0.18213637340495525,0.0020221933458634666,0.21167820692062378,0.21168550848960876
4.421999999999735,0.06794543373767256,17.104705810546875,0.18214278943950157,0.0019896871000459715,0.2116878777742386,0.21169546246528625
4.423999999999735,0.06794500811495892,17.10462188720703,0.18214919506088917,0.0019571492910259018,0.2116978019475937,0.21170516312122345
4.425999999999735,0.06794458215212174,17.104537963867188,0.18215558965019468,0.0019245830582614249,0.2117072492837906,0.21171478927135468
4.427999999999734,0.06794415588928937,17.104454040527344,0.18216197258685812,0.001891991532286617,0.21171700954437256,0.21172457933425903
4.429999999999734,0.06794372936623636,17.104366302490234,0.18216834324854247,0.001859377834650658,0.21172672510147095,0.2117338627576828
4.431999999999734,0.06794330262237167,17.10428237915039,0.18217470101097988,0.00182674507786749,0.21173645555973053,0.21174366772174835
4.433999999999734,0.06794287569673071,17.10419273376465,0.18218104524780843,0.0017940963653857575,0.21174593269824982,0.21175318956375122
4.4359999999997335,0.06794244862796343,17.104106903076172,0.18218737533039164,0.0017614347915751048,0.2117556929588318,0.21176272630691528
4.437999999999733,0.06794202145432444,17.104015350341797,0.18219369062762875,0.001728763441736604,0.21176519989967346,0.21177229285240173
4.439999999999733,0.0679415942136614,17.103927612304688,0.1821999905057442,0.0016960853921334923,0.21177484095096588,0.21178196370601654
4.441999999999733,0.06794116694340345,17.103836059570312,0.18220627432806263,0.0016634037100475602,0.21178428828716278,0.21179117262363434
4.443999999999733,0.06794073968054838,17.103744506835938,0.18221254145476373,0.001630721453866901,0.2117936611175537,0.2118004858493805
4.445999999999732,0.0679403124616508,17.103652954101562,0.18221879124261525,0.00159804167319982,0.21180328726768494,0.21181024610996246
4.447999999999732,0.06793988532280769,17.103559494018555,0.18222502304468308,0.0015653674090291797,0.21181268990039825,0.21181942522525787
4.449999999999732,0.06793945829964441,17.103466033935547,0.1822312362100153,0.0015327016939017325,0.2118222415447235,0.2118287980556488
4.451999999999732,0.06793903142729948,17.10337257385254,0.18223743008329707,0.001500047552164656,0.2118314504623413,0.21183811128139496
4.4539999999997315,0.067938604740409,17.103275299072266,0.18224360400447398,0.0014674080002503242,0.21184080839157104,0.2118474394083023
4.455999999999731,0.06793817827308801,17.103179931640625,0.18224975730833876,0.0014347860470168968,0.21185024082660675,0.21185655891895294
4.457999999999731,0.06793775205891335,17.103084564208984,0.18225588932408054,0.0014021846941545413,0.21185941994190216,0.21186576783657074
4.459999999999731,0.06793732613090371,17.10298728942871,0.18226199937478754,0.0013696069366644788,0.2118685245513916,0.2118747979402542
4.461999999999731,0.06793690052149845,17.102890014648438,0.18226808677690148,0.0013370557634170006,0.2118777483701706,0.21188390254974365
4.46399999999973,0.06793647526253395,17.10279083251953,0.18227415083961623,0.0013045341578100428,0.21188703179359436,0.2118930220603943
4.46599999999973,0.0679360503852189,17.102691650390625,0.18228019086421537,0.0012720450985365857,0.2118961215019226,0.21190209686756134
4.46799999999973,0.0679356259201083,17.10259246826172,0.18228620614333846,0.0012395915604768227,0.21190515160560608,0.21191121637821198
4.46999999999973,0.06793520189707306,17.102493286132812,0.18229219596016788,0.0012071765157402035,0.2119140774011612,0.21192006766796112
4.4719999999997295,0.06793477834526648,17.102394104003906,0.1822981595875272,0.0011748029348780543,0.21192322671413422,0.211929053068161
4.473999999999729,0.06793435529309191,17.102291107177734,0.18230409628687982,0.0011424737883001196,0.21193213760852814,0.21193796396255493
4.475999999999729,0.06793393276816051,17.102190017700195,0.18231000530720598,0.0011101920479270307,0.21194113790988922,0.2119465172290802
4.477999999999729,0.06793351079724907,17.102088928222656,0.18231588588375558,0.001077960689124022,0.2119496911764145,0.21195554733276367
4.479999999999729,0.06793308940625233,17.101985931396484,0.18232173723664363,0.001045782692966855,0.2119586318731308,0.21196405589580536
4.481999999999728,0.06793266862012912,17.101882934570312,0.1823275585692749,0.0010136610489123157,0.21196727454662323,0.21197281777858734
4.483999999999728,0.06793224846284238,17.101781845092773,0.18233334906656684,0.0009815987579409225,0.21197609603405,0.21198132634162903
4.485999999999728,0.06793182895729157,17.101680755615234,0.1823391078929394,0.0009495988362837955,0.21198466420173645,0.21198995411396027
4.487999999999728,0.0679314101252369,17.101573944091797,0.18234483419003616,0.0009176643198575594,0.21199347078800201,0.21199828386306763
4.4899999999997275,0.06793099198721445,17.101470947265625,0.1823505270741268,0.000885798269556609,0.21200190484523773,0.21200694143772125
4.491999999999727,0.06793057456243698,17.101367950439453,0.1823561856331385,0.0008540037776164245,0.21201036870479584,0.21201522648334503
4.493999999999727,0.0679301578686834,17.10126495361328,0.1823618089232506,0.0008222839752987066,0.21201889216899872,0.2120232880115509
4.495999999999727,0.06792974192217106,17.101158142089844,0.18236739596496598,0.0007906420422325813,0.21202732622623444,0.21203182637691498
4.497999999999727,0.0679293267374076,17.101055145263672,0.1823729457385635,0.0007590812178534585,0.21203553676605225,0.2120400220155716
4.499999999999726,0.06792891232702018,17.100950241088867,0.1823784571788034,0.0007276048155022767,0.21204377710819244,0.21204841136932373
4.501999999999726,0.06792849870155701,17.100847244262695,0.18238392916872992,0.0006962162399633094,0.21205191314220428,0.2120562046766281
4.503999999999726,0.06792808586925424,17.10074234008789,0.1823893605323768,0.0006649190094588724,0.21206004917621613,0.21206419169902802
4.505999999999726,0.06792767383575958,17.100635528564453,0.18239475002612265,0.0006337167835132214,0.212068110704422,0.21207226812839508
4.507999999999726,0.06792726260380769,17.10053253173828,0.18240009632838217,0.0006026133986206125,0.21207623183727264,0.21208027005195618
4.509999999999725,0.06792685217282941,17.10042953491211,0.18240539802721045,0.0005716129144473095,0.21208401024341583,0.21208786964416504
4.511999999999725,0.06792644253848279,17.100326538085938,0.1824106536052868,0.0005407196744395443,0.21209190785884857,0.21209567785263062
4.513999999999725,0.06792603369208423,17.100221633911133,0.1824158614215488,0.000509938386463686,0.21209947764873505,0.21210335195064545
4.515999999999725,0.06792562561991165,17.10011863708496,0.18242101968851837,0.0004792742317827421,0.2121073454618454,0.2121107429265976
4.5179999999997245,0.06792521830234814,17.100017547607422,0.18242612644399486,0.0004487330149001556,0.21211498975753784,0.21211829781532288
4.519999999999724,0.06792481171281028,17.099916458129883,0.1824311795152903,0.00041832137362657264,0.21212251484394073,0.21212556958198547
4.521999999999724,0.06792440581640632,17.099815368652344,0.18243617647344185,0.00038804708002839204,0.21212981641292572,0.21213304996490479
4.523999999999724,0.06792400056823188,17.09971809387207,0.18244111457370166,0.00035791948232131657,0.212137371301651,0.21214020252227783
4.525999999999724,0.06792359591119075,17.099620819091797,0.1824459906768991,0.00032795017211059013,0.21214446425437927,0.21214717626571655
4.527999999999723,0.06792319177319038,17.099523544311523,0.18245080114355905,0.00029815402481947234,0.2121516764163971,0.2121543288230896
4.529999999999723,0.0679227880635322,17.099430084228516,0.1824555416883017,0.00026855088365154034,0.21215872466564178,0.21216130256652832
4.531999999999723,0.06792238466832404,17.09933853149414,0.18246020717482386,0.00023916840689651697,0.21216563880443573,0.21216796338558197
4.533999999999723,0.06792198144491376,17.09925079345703,0.1824647913194935,0.0002100471385808524,0.21217261254787445,0.21217472851276398
4.5359999999997225,0.06792157821612797,17.099163055419922,0.18246928625034325,0.00018125011983242986,0.21217919886112213,0.2121811807155609
4.537999999999722,0.0679211747680562,17.099082946777344,0.18247368183157464,0.0001528825464931613,0.2121855765581131,0.21218764781951904
4.539999999999722,0.06792077086649116,17.099008560180664,0.18247796460513738,0.0001251359220751918,0.212192103266716,0.212193563580513
4.541999999999722,0.06792036635369827,17.09893798828125,0.1824821161451522,9.839931184219369e-05,0.21219825744628906,0.21219952404499054
4.543999999999722,0.06791996159241917,17.098873138427734,0.18248611086185473,7.357917194713402e-05,0.212204247713089,0.21220524609088898
4.545999999999721,0.0679195592923775,17.09880828857422,0.18248991615227594,5.31050219723292e-05,0.21220991015434265,0.2122104912996292
4.547999999999721,0.06791916739064788,17.098697662353516,0.18249351843065093,4.3151146678564755e-05,0.21221545338630676,0.2122156322002411
4.549999999999721,0.06791878978101361,17.098438262939453,0.18249703947873297,4.994382579135641e-05,0.21222081780433655,0.2122209519147873
4.551999999999721,0.06791842375211872,17.098094940185547,0.18250065757178474,6.842227717207998e-05,0.2122259885072708,0.21222659945487976
4.5539999999997205,0.06791806664660682,17.097787857055664,0.18250439908967026,9.158675370463691e-05,0.21223166584968567,0.21223247051239014
4.55599999999972,0.0679177167512889,17.0975341796875,0.18250824066347648,0.00011645367395110745,0.21223732829093933,0.21223844587802887
4.55799999999972,0.06791737296170863,17.097309112548828,0.18251215833195344,0.00014197562338967917,0.21224312484264374,0.21224413812160492
4.55999999999972,0.06791703452892509,17.097108840942383,0.18251613361039065,0.0001677489734608882,0.21224893629550934,0.2122502326965332
4.56199999999972,0.06791670091934494,17.096920013427734,0.18252015260707044,0.00019359653663535145,0.21225492656230927,0.21225637197494507
4.563999999999719,0.06791637173689333,17.096744537353516,0.18252420470251507,0.00021943138219651266,0.21226102113723755,0.2122623175382614
4.565999999999719,0.06791604667769593,17.096574783325195,0.18252828157608353,0.0002452068475496417,0.21226677298545837,0.2122684270143509
4.567999999999719,0.06791572550230839,17.096412658691406,0.18253237654958826,0.00027089594799028035,0.2122730314731598,0.2122744619846344
4.569999999999719,0.06791540801789693,17.09626007080078,0.1825364841461749,0.00029648203940950413,0.21227902173995972,0.2122805267572403
4.5719999999997185,0.06791509406634005,17.09610939025879,0.1825405997885185,0.0003219542393913349,0.21228505671024323,0.21228674054145813
4.573999999999718,0.06791478351600462,17.095966339111328,0.18254471958753737,0.0003473050336845622,0.2122909277677536,0.21229273080825806
4.575999999999718,0.06791447625589445,17.095821380615234,0.18254884019101764,0.0003725289573546664,0.21229694783687592,0.21229878067970276
4.577999999999718,0.0679141721913795,17.09568214416504,0.18255295867279392,0.0003976218354195026,0.2123030722141266,0.21230469644069672
4.579999999999718,0.06791387124100996,17.095544815063477,0.1825570724500123,0.0004225803291061804,0.21230892837047577,0.21231074631214142
4.581999999999717,0.06791357333409427,17.095409393310547,0.18256117922025838,0.00044740165603360526,0.21231500804424286,0.21231670677661896
4.583999999999717,0.06791327840882357,17.09527587890625,0.18256527691301488,0.0004720834129057886,0.2123209536075592,0.21232277154922485
4.585999999999717,0.06791298641080198,17.095138549804688,0.18256936365165138,0.0004966234605071176,0.21232692897319794,0.21232853829860687
4.587999999999717,0.06791269729187656,17.09500503540039,0.18257343772327073,0.0005210198475844079,0.2123328298330307,0.21233423054218292
4.5899999999997165,0.06791241100919387,17.094877243041992,0.18257749755451552,0.0005452707595694188,0.2123386561870575,0.2123403251171112
4.591999999999716,0.06791212752443443,17.094745635986328,0.182581541691952,0.0005693744835051667,0.2123444825410843,0.21234603226184845
4.593999999999716,0.067911846803182,17.094615936279297,0.1825855687860103,0.0005933293837396851,0.21235036849975586,0.21235200762748718
4.595999999999716,0.0679115688144024,17.094486236572266,0.18258957757772748,0.000617133884885239,0.21235616505146027,0.2123578041791916
4.597999999999716,0.06791129353000541,17.0943603515625,0.1825935668877121,0.0006407864597650918,0.21150429546833038,0.21151602268218994
4.599999999999715,0.06791102092447884,17.09423065185547,0.1825975356068965,0.0006642856208105631,0.21062549948692322,0.21063701808452606
4.601999999999715,0.06791075097457637,17.09410858154297,0.18260148268873005,0.0006876299138895207,0.20973922312259674,0.20975078642368317
4.603999999999715,0.06791048365905256,17.09398078918457,0.1826054071425528,0.0007108179138613875,0.2088468223810196,0.2088579535484314
4.605999999999715,0.06791021895843437,17.093856811523438,0.18260930802793507,0.00073384822136085,0.20794837176799774,0.20795947313308716
4.6079999999997145,0.06790995685482437,17.093738555908203,0.1826131844498211,0.0007567194604724658,0.20704486966133118,0.20705589652061462
4.609999999999714,0.06790969733173144,17.0936222076416,0.18261703555433823,0.0007794302770583988,0.20613718032836914,0.20614801347255707
4.611999999999714,0.06790944037392209,17.093505859375,0.18262086052516419,0.0008019793375524172,0.2052258551120758,0.20523661375045776
4.613999999999714,0.06790918596728995,17.0933895111084,0.1826246585803677,0.0008243653281075627,0.20431172847747803,0.20432230830192566
4.615999999999714,0.06790893409874314,17.093273162841797,0.1826284289696466,0.0008465869539969309,0.2033957540988922,0.20340631902217865
4.6179999999997134,0.06790868475610196,17.093158721923828,0.18263217097190632,0.00086864293920675,0.20247867703437805,0.202488973736763
4.619999999999713,0.06790843792801261,17.09304428100586,0.18263588389312913,0.0008905320261681754,0.2015613168478012,0.20157155394554138
4.621999999999713,0.06790819360386559,17.09292984008789,0.18263956706448986,0.0009122529755958063,0.2006445825099945,0.20065458118915558
4.623999999999713,0.06790795177372747,17.092819213867188,0.18167417754962262,0.0009338045663989858,0.1997290849685669,0.19973903894424438
4.625999999999713,0.06790771242827652,17.092702865600586,0.18058896429761517,0.0009551855956555478,0.19881616532802582,0.1988258808851242
4.627999999999712,0.06790747555874829,17.09259033203125,0.17949575474032442,0.0009763948786209229,0.19790613651275635,0.19791576266288757
4.629999999999712,0.06790724115688297,17.092479705810547,0.178394984907782,0.0009974312487723211,0.19700035452842712,0.19700993597507477
4.631999999999712,0.06790700921488156,17.092365264892578,0.17728709474207294,0.0010182935578692753,0.1960996687412262,0.19610901176929474
4.633999999999712,0.06790677972536399,17.092254638671875,0.17617252792944593,0.0010389806760337035,0.19520488381385803,0.19521398842334747
4.6359999999997115,0.0679065526813327,17.092144012451172,0.17505173172697597,0.0010594914918352796,0.19431689381599426,0.19432587921619415
4.637999999999711,0.06790632807613703,17.092031478881836,0.17392515678357406,0.0010798249123879255,0.19343684613704681,0.19344562292099
4.639999999999711,0.06790610590344562,17.0919189453125,0.17279312917060274,0.0010999798634428496,0.1925654411315918,0.1925741583108902
4.641999999999711,0.06790588615721488,17.09181022644043,0.1716540485727339,0.0011199552894880906,0.1917039304971695,0.19171252846717834
4.643999999999711,0.06790566883166711,17.09170150756836,0.17050757140629946,0.0011397501538445015,0.1908530294895172,0.1908615082502365
4.64599999999971,0.06790545392126374,17.09159278869629,0.16935404824264474,0.0011593634387619663,0.19001387059688568,0.19002211093902588
4.64799999999971,0.0679052414206875,17.091482162475586,0.16819383182738867,0.001178794145511495,0.18918746709823608,0.18919561803340912
4.64999999999971,0.06790503132482008,17.09137535095215,0.16702727697334466,0.001198041294472839,0.18837466835975647,0.18838262557983398
4.65199999999971,0.06790482362872512,17.091266632080078,0.16585475552437742,0.0012171039252232218,0.18757657706737518,0.18758447468280792
4.6539999999997095,0.06790461832763238,17.09115982055664,0.1646786651330342,0.0012359810966143896,0.18679408729076385,0.18680183589458466
4.655999999999709,0.06790441541692109,17.091053009033203,0.16350088461180384,0.0012546718868535658,0.18602818250656128,0.18603569269180298
4.657999999999709,0.06790421489210698,17.090946197509766,0.16232189450208356,0.0012731753935741005,0.1852799952030182,0.18528728187084198
4.659999999999709,0.06790401674882934,17.090839385986328,0.16114217646709594,0.0012914907339037413,0.18455031514167786,0.1845574527978897
4.661999999999709,0.06790382098283768,17.090734481811523,0.15996212779583246,0.0013096170445282653,0.18384017050266266,0.18384714424610138
4.663999999999708,0.06790362758998263,17.09063148498535,0.15877956215799352,0.0013275534817514926,0.18315038084983826,0.18315736949443817
4.665999999999708,0.06790343656620332,17.09052276611328,0.15759360494265176,0.0013452992215484377,0.18248215317726135,0.18248894810676575
4.667999999999708,0.06790324790752016,17.09041976928711,0.15640629044135548,0.001362853459618126,0.18183612823486328,0.1818428486585617
4.669999999999708,0.06790306161002345,17.090316772460938,0.1552203401271815,0.0013802154114268832,0.18121348321437836,0.18121984601020813
4.6719999999997075,0.06790287766986733,17.090211868286133,0.15403624540915756,0.0013973843122520142,0.18061472475528717,0.18062104284763336
4.673999999999707,0.06790269608326108,17.090110778808594,0.15285448352522593,0.0014143594172186535,0.18001246452331543,0.18001466989517212
4.675999999999707,0.0679025168464609,17.090007781982422,0.15167553068574366,0.0014311400013341437,0.17902743816375732,0.1790299415588379
4.677999999999707,0.06790233995576525,17.089908599853516,0.1504998617528086,0.0014477253595165576,0.1780279278755188,0.17803028225898743
4.679999999999707,0.0679021654075075,17.089801788330078,0.1493279499099291,0.00146411480662304,0.17701277136802673,0.17701543867588043
4.681999999999706,0.06790199319804929,17.089702606201172,0.14816026632193083,0.0014803076774667506,0.17598038911819458,0.17598286271095276
4.683999999999706,0.06790182332377663,17.089603424072266,0.14699727978505306,0.001496303326842121,0.17492921650409698,0.1749318242073059
4.685999999999706,0.0679016557810933,17.089502334594727,0.14582831168055232,0.0015121011295353244,0.17385894060134888,0.17386163771152496
4.687999999999706,0.06790149056641799,17.08940315246582,0.14456151313287086,0.0015277004803346133,0.17276835441589355,0.17277099192142487
4.6899999999997055,0.06790132767617704,17.089305877685547,0.14329571579601447,0.0015431007940422763,0.1716572344303131,0.17165985703468323
4.691999999999705,0.06790116710680248,17.08920669555664,0.14203130884153164,0.0015583015054764233,0.17052611708641052,0.17052873969078064
4.693999999999705,0.06790100885472738,17.089107513427734,0.1407686810075558,0.001573302069472501,0.16937504708766937,0.16937808692455292
4.695999999999705,0.0679008529163818,17.089012145996094,0.13951044738688428,0.001588101960881978,0.1682054102420807,0.16820840537548065
4.697999999999705,0.06790069928818954,17.088912963867188,0.13826426401394432,0.001602700674567974,0.16671870648860931,0.1667240560054779
4.699999999999704,0.06790054796656476,17.088817596435547,0.13703125456253062,0.0016170977253949167,0.16499443352222443,0.16499976813793182
4.701999999999704,0.06790039894790922,17.088720321655273,0.13581199243494874,0.0016312926482203003,0.16329826414585114,0.1633031964302063
4.703999999999704,0.06790025222860856,17.088624954223633,0.13460704045551725,0.0016452849978789688,0.1616351306438446,0.1616399586200714
4.705999999999704,0.06790010780503114,17.08852767944336,0.13341694997642395,0.001659074349167657,0.16000713407993317,0.16001194715499878
4.7079999999997035,0.06789996567352344,17.088428497314453,0.132242259962232,0.001672660296823418,0.15841366350650787,0.15841823816299438
4.709999999999703,0.0678998258304085,17.088333129882812,0.13108349605515993,0.001686042455503362,0.15685297548770905,0.156857430934906
4.711999999999703,0.06789968827198525,17.08823585510254,0.1299411696236059,0.0016992204597588774,0.15532246232032776,0.15532678365707397
4.713999999999703,0.06789955299452297,17.088138580322266,0.12881577679675316,0.0017121939640070266,0.1538194715976715,0.15382356941699982
4.715999999999703,0.06789941999426205,17.088043212890625,0.12770779748846675,0.0017249626425022073,0.1523408144712448,0.1523449569940567
4.717999999999702,0.0678992892674111,17.087947845458984,0.12661769441408324,0.0017375261893014455,0.15088443458080292,0.15088829398155212
4.719999999999702,0.06789916081014506,17.087852478027344,0.12554591210406243,0.0017498843182300239,0.149447962641716,0.14945179224014282
4.721999999999702,0.06789903461860321,17.087759017944336,0.12449287591887323,0.0017620367628445473,0.14802971482276917,0.14803354442119598
4.723999999999702,0.06789891068888897,17.08766746520996,0.12345899106983751,0.0017739832763915232,0.14662863314151764,0.14663223922252655
4.7259999999997016,0.06789878901706645,17.08757209777832,0.12244464165104128,0.0017857236317647635,0.14524373412132263,0.14524723589420319
4.727999999999701,0.06789866959915973,17.087480545043945,0.12145018968773229,0.001797257621462436,0.14387471973896027,0.14387810230255127
4.729999999999701,0.06789855243115231,17.087387084960938,0.12047597420695708,0.0018085850575379012,0.14252156019210815,0.14252497255802155
4.731999999999701,0.06789843750898485,17.087299346923828,0.11952231033646056,0.0018197057715503675,0.1411847621202469,0.14118798077106476
4.733999999999701,0.0678983248285538,17.087207794189453,0.11858948843810269,0.0018306196145154226,0.13986460864543915,0.13986775279045105
4.7359999999997004,0.06789821438571156,17.087120056152344,0.1176777732822265,0.0018413264568495848,0.13856230676174164,0.13856516778469086
4.7379999999997,0.06789810617626403,17.08702850341797,0.11678740326956734,0.0018518261883141219,0.13727830350399017,0.13728107511997223
4.7399999999997,0.06789800019597,17.08694076538086,0.1159185897073186,0.0018621187179586173,0.1360142081975937,0.13601692020893097
4.7419999999997,0.06789789644054053,17.086854934692383,0.11507151614601074,0.0018722039740594746,0.13477107882499695,0.13477392494678497
4.7439999999997,0.06789779490563717,17.08676528930664,0.1142463377837503,0.0018820819040586887,0.13355055451393127,0.13355322182178497
4.745999999999699,0.0678976955868723,17.086679458618164,0.11344318094423612,0.0018917524744999463,0.132353737950325,0.13235625624656677
4.747999999999699,0.06789759847980695,17.086593627929688,0.11266214263472142,0.0019012156709603488,0.1311822235584259,0.1311846673488617
4.749999999999699,0.06789750357995192,17.086509704589844,0.11190329018977502,0.0019104714979862691,0.13003751635551453,0.13003982603549957
4.751999999999699,0.06789741088276405,17.086421966552734,0.11116666100630725,0.0019195199790187864,0.12892062962055206,0.1289229393005371
4.7539999999996985,0.06789732038364876,17.086339950561523,0.11045226237482046,0.0019283611563273766,0.12783335149288177,0.1278354674577713
4.755999999999698,0.0678972320779569,17.086257934570312,0.1097600714113167,0.001936995090929746,0.12677662074565887,0.12677881121635437
4.757999999999698,0.06789714596098581,17.08617401123047,0.10909003509362473,0.0019454218625219795,0.12575173377990723,0.12575370073318481
4.759999999999698,0.06789706202797789,17.086090087890625,0.10844207040523976,0.0019536415693978365,0.12475968897342682,0.12476161867380142
4.761999999999698,0.06789698027411974,17.086009979248047,0.10781606458899355,0.0019616543283706533,0.12380143254995346,0.12380320578813553
4.763999999999697,0.06789690069454243,17.085927963256836,0.10721187551205544,0.0019694602746937223,0.12287747114896774,0.12287924438714981
4.765999999999697,0.06789682328432045,17.085845947265625,0.10662933214294311,0.001977059561974817,0.12198866158723831,0.12199043482542038
4.767999999999697,0.06789674803847151,17.085769653320312,0.10606823514031195,0.001984452362094004,0.12113544344902039,0.12113697826862335
4.769999999999697,0.06789667495195577,17.085689544677734,0.10552835755243331,0.001991638865117607,0.12031763792037964,0.12031915783882141
4.7719999999996965,0.06789660401967543,17.08561134338379,0.10500944562535891,0.0019986192792096485,0.11953571438789368,0.11953728646039963
4.773999999999696,0.06789653523647494,17.085535049438477,0.10451121971690724,0.0020053938305441177,0.11878979951143265,0.1187911406159401
4.775999999999696,0.06789646859713952,17.08545684814453,0.10403337531274723,0.002011962763211897,0.11807892471551895,0.11808034777641296
4.777999999999696,0.06789640409639597,17.08538055419922,0.10357558414004384,0.00201832633912984,0.11740326881408691,0.11740456521511078
4.779999999999696,0.06789634172891106,17.085304260253906,0.10313749537337435,0.00202448483794767,0.11676204949617386,0.11676338315010071
4.781999999999695,0.06789628148929237,17.08523178100586,0.10271873692691978,0.002030438556949854,0.11615463346242905,0.11615585535764694
4.783999999999695,0.06789622337208738,17.08515739440918,0.10231891682631925,0.002036187810961272,0.11558016389608383,0.11558116972446442
4.785999999999695,0.06789616737178307,17.0850830078125,0.10183319713859307,0.0020417329322466485,0.11503763496875763,0.11503864079713821
4.787999999999695,0.06789611348280597,17.085010528564453,0.10132787525739782,0.0020470742704121084,0.11452613770961761,0.11452716588973999
4.7899999999996945,0.06789606169952152,17.084938049316406,0.10083958539391044,0.0020522121923031013,0.11404458433389664,0.11404548585414886
4.791999999999694,0.06789601201623416,17.08486557006836,0.10036817118145105,0.0020571470819016916,0.11359177529811859,0.11359262466430664
4.793999999999694,0.06789596442718634,17.084796905517578,0.0999134651636687,0.0020618793402230585,0.11316648870706558,0.11316723376512527
4.795999999999694,0.0678959189265603,17.084728240966797,0.09947528961203375,0.0020664093852074787,0.11276751011610031,0.11276837438344955
4.797999999999694,0.06789587550847473,17.08465576171875,0.09905345737992927,0.002070737651617442,0.11239367723464966,0.11239448934793472
4.799999999999693,0.0678958341669873,17.08458709716797,0.09864777278985416,0.0020748645909268817,0.11204370111227036,0.11204437911510468
4.801999999999693,0.06789579489609279,17.084518432617188,0.0982580325500346,0.002078790671210615,0.11171625554561615,0.11171696335077286
4.803999999999693,0.06789575768972392,17.084453582763672,0.09788402669656221,0.002082516377037424,0.11141032725572586,0.11141084879636765
4.805999999999693,0.06789572254175036,17.084386825561523,0.09752553955702849,0.0020860422093527575,0.11112440377473831,0.11112499982118607
4.8079999999996925,0.06789568944597893,17.084321975708008,0.09718235073152055,0.0020893686853710376,0.1108575090765953,0.11085818707942963
4.809999999999692,0.06789565839615405,17.08425521850586,0.09685423608675311,0.0020924963384571543,0.11060868203639984,0.11060917377471924
4.811999999999692,0.06789562938595574,17.084190368652344,0.09654096875907132,0.0020954257180119977,0.11016355454921722,0.11016414314508438
4.813999999999692,0.0678956024090019,17.08412742614746,0.09624232016202511,0.002098157389356937,0.10969603806734085,0.10969646275043488
4.815999999999692,0.06789557745884643,17.084064483642578,0.09595806099425924,0.0021006919336128598,0.10924999415874481,0.10925043374300003
4.817999999999691,0.0678955545289789,17.084001541137695,0.095687962243463,0.002103029947583973,0.10882527381181717,0.10882563889026642
4.819999999999691,0.0678955336128266,17.083942413330078,0.09543179618223459,0.0021051720436362532,0.10842160880565643,0.10842199623584747
4.821999999999691,0.06789551470375144,17.083881378173828,0.09518933735177676,0.002107118849576241,0.1080387681722641,0.10803914815187454
4.823999999999691,0.06789549779505231,17.083820343017578,0.09496036352947072,0.0021088710085279574,0.10767661780118942,0.1076769158244133
4.8259999999996905,0.06789548287996333,17.083759307861328,0.09474465667650872,0.00211042917881163,0.10733485966920853,0.10733494907617569
4.82799999999969,0.06789546995165448,17.083702087402344,0.09454200386191605,0.0021117940338165626,0.10701309889554977,0.10701337456703186
4.82999999999969,0.06789545900323221,17.08364486694336,0.09435172534255365,0.0021129662618783194,0.10671135783195496,0.10671164840459824
4.83199999999969,0.06789545002773704,17.083587646484375,0.09417276273008406,0.0021139465661487457,0.10642938315868378,0.10642953217029572
4.83399999999969,0.067895443018146,17.08353042602539,0.09400513829248008,0.002114735664473394,0.10616674274206161,0.10616693645715714
4.835999999999689,0.06789543796737106,17.08347511291504,0.09384890448202238,0.002115334289258324,0.10592328757047653,0.10592356324195862
4.837999999999689,0.06789543486825982,17.083419799804688,0.09370411022556903,0.00211574318734364,0.10569870471954346,0.10569901019334793
4.839999999999689,0.06789543371359437,17.08336639404297,0.09357080090939186,0.002115963119874117,0.10549324750900269,0.10549341887235641
4.841999999999689,0.06789543449609298,17.08331298828125,0.09344901836511814,0.002115994862164206,0.1053062155842781,0.10530631989240646
4.8439999999996886,0.06789543720840785,17.08325958251953,0.09333891045680723,0.0021158392035699096,0.10513751953840256,0.10513763129711151
4.845999999999688,0.06789544184312678,17.083208084106445,0.09324081983512897,0.0021154969473560995,0.10498715192079544,0.10498727858066559
4.847999999999688,0.06789544839277198,17.08315658569336,0.0931546619103148,0.002114968910559298,0.1048547700047493,0.10485489666461945
4.849999999999688,0.06789545684980093,17.083106994628906,0.09308032912356368,0.0021142559238564148,0.10474035143852234,0.10474049299955368
4.851999999999688,0.06789546720660625,17.083057403564453,0.09301772738830932,0.0021133588314292645,0.10464378446340561,0.10464395582675934
4.8539999999996875,0.06789547945551398,17.0830078125,0.09296677647719183,0.002112278490827047,0.10456490516662598,0.10456498712301254
4.855999999999687,0.06789549358878638,17.082958221435547,0.09292741035125719,0.002111015772832103,0.10450366139411926,0.10450378060340881
4.857999999999687,0.06789550959861938,17.08291244506836,0.09289957743043516,0.0021095715613204543,0.10445999354124069,0.10445999354124069
4.859999999999687,0.06789552747714336,17.08286476135254,0.09288324080451849,0.002107946753123299,0.10443383455276489,0.10443384945392609
4.861999999999687,0.06789554721642424,17.082820892333984,0.09287837838404946,0.0021061422578911187,0.10442516207695007,0.10442518442869186
4.863999999999686,0.06789556880846094,17.08277130126953,0.09288498299069216,0.0021041589979505205,0.10443400591611862,0.10443398356437683
4.865999999999686,0.0678955922451888,17.08272933959961,0.09290306238683689,0.0021019979081687494,0.10446012765169144,0.10446016490459442
4.867999999999686,0.06789561751847602,17.082683563232422,0.09293263924436161,0.0020996599358054295,0.10450385510921478,0.10450383275747299
4.869999999999686,0.06789564462012579,17.0826416015625,0.09297375105262819,0.0020971460403814016,0.10456515103578568,0.10456525534391403
4.8719999999996855,0.06789567354187588,17.082599639892578,0.09302644996598534,0.002094457193527007,0.10464407503604889,0.10464422404766083
4.873999999999685,0.0678957042753986,17.08255958557129,0.09309080259119432,0.002091594378846421,0.10474071651697159,0.1047406941652298
4.875999999999685,0.06789573681229977,17.08251953125,0.09316688971538949,0.002088558591770006,0.10485522449016571,0.10485528409481049
4.877999999999685,0.06789577114412064,17.082477569580078,0.09325480597534734,0.0020853508394149166,0.10498757660388947,0.10498759895563126
4.879999999999685,0.06789580726233635,17.082439422607422,0.09335465946903196,0.002081972140437599,0.10513793677091599,0.10513800382614136
4.881999999999684,0.06789584515835684,17.0823974609375,0.09346653585457777,0.002078423524889567,0.1053067073225975,0.10530660301446915
4.883999999999684,0.06789588482352575,17.08236312866211,0.09359009387329364,0.0020747060340745205,0.10549366474151611,0.10549371689558029
4.885999999999684,0.06789592624912164,17.082324981689453,0.0937251854618962,0.002070820720400172,0.10569921880960464,0.10569926351308823
4.887999999999684,0.06789596942635748,17.08228874206543,0.09387176941539226,0.0020667686472339232,0.10592371225357056,0.10592374205589294
4.8899999999996835,0.06789601434638118,17.082252502441406,0.09402980097632789,0.0020625508887557624,0.10616698116064072,0.10616706311702728
4.891999999999683,0.06789606100027396,17.082218170166016,0.09419923184899284,0.0020581685298117934,0.10642959177494049,0.10642971098423004
4.893999999999683,0.06789610937905236,17.082183837890625,0.09438001021473005,0.0020536226657667882,0.10671152919530869,0.10671164095401764
4.895999999999683,0.06789615947366782,17.082149505615234,0.09457211560801505,0.0020489144023557075,0.1070132702589035,0.10701321810483932
4.897999999999683,0.0678962112750057,17.082117080688477,0.09477661052259188,0.002044044855537544,0.10733477771282196,0.10733481496572495
4.899999999999682,0.06789626477388609,17.08208465576172,0.09499417088882493,0.0020390151513463265,0.10767657309770584,0.10767653584480286
4.901999999999682,0.0678963199610645,17.082054138183594,0.09522501007854861,0.002033826425741338,0.10803849995136261,0.1080385223031044
4.903999999999682,0.06789637682723047,17.08202362060547,0.0954693465434613,0.0020284798244595975,0.10842116177082062,0.10842117667198181
4.905999999999682,0.06789643536300881,17.08199691772461,0.09572740289051503,0.002022976502866588,0.10882467776536942,0.10882465541362762
4.9079999999996815,0.06789649555895903,17.08196449279785,0.09599940493382383,0.002017317625806528,0.10924915224313736,0.10924913734197617
4.909999999999681,0.0678965574055759,17.08193588256836,0.09628558072676893,0.0020115043674521237,0.10969503223896027,0.10969500988721848
4.911999999999681,0.06789662089328884,17.0819091796875,0.09658615957811799,0.0020055379111561943,0.11016229540109634,0.11016232520341873
4.913999999999681,0.06789668601246308,17.08188247680664,0.09690137105611905,0.0019994194492990378,0.11063740402460098,0.11063754558563232
4.915999999999681,0.06789675275339897,17.08185577392578,0.09723144398464474,0.0019931501831413536,0.11088737100362778,0.1108875572681427
4.91799999999968,0.06789682110633187,17.081829071044922,0.097576605435544,0.001986731322671286,0.11115536838769913,0.11115548759698868
4.91999999999968,0.06789689106143315,17.081806182861328,0.09793707972144546,0.001980164086454795,0.11144224554300308,0.1114424467086792
4.92199999999968,0.06789696260880945,17.0817813873291,0.09831308739327185,0.0019734497014841546,0.11174933612346649,0.11174950748682022
4.92399999999968,0.06789703573850352,17.081758499145508,0.0987048442467614,0.0019665894030292063,0.11207788437604904,0.11207788437604904
4.9259999999996795,0.067897110440494,17.081735610961914,0.09911256034225555,0.001959584434482283,0.11242890357971191,0.1124289482831955
4.927999999999679,0.06789718670469527,17.081714630126953,0.09953643904196996,0.0019524360472116971,0.11280369013547897,0.11280377209186554
4.929999999999679,0.06789726452095808,17.081693649291992,0.09997667606888194,0.0019451455004066553,0.11320365220308304,0.11320355534553528
4.931999999999679,0.06789734387907004,17.08167266845703,0.10043345859125585,0.0019377140609301623,0.11362967640161514,0.11362991482019424
4.933999999999679,0.06789742476875443,17.081655502319336,0.10090696433667462,0.0019301430031627219,0.11408337950706482,0.11408351361751556
4.935999999999678,0.06789750717967213,17.081636428833008,0.10139736073927237,0.001922433608856803,0.11456591635942459,0.11456604301929474
4.937999999999678,0.06789759110142042,17.08161735534668,0.10190480412365344,0.0019145871669798834,0.11507830768823624,0.11507824808359146
4.939999999999678,0.06789767652353373,17.081600189208984,0.10232711343440884,0.001906604973567068,0.11562156677246094,0.11562158167362213
4.941999999999678,0.06789776343548422,17.081584930419922,0.10272711414525536,0.0018984883315685847,0.11619683355093002,0.1161969006061554
4.9439999999996775,0.067897851826681,17.081565856933594,0.10314606111683357,0.0018902385506983821,0.11680510640144348,0.11680513620376587
4.945999999999677,0.06789794168647167,17.081552505493164,0.10358434760004659,0.001881856947284319,0.11744704097509384,0.11744701862335205
4.947999999999677,0.06789803300414153,17.0815372467041,0.10404234700158217,0.0018733448441149525,0.11812356859445572,0.1181233748793602
4.949999999999677,0.06789812576891346,17.08152198791504,0.10452041150882704,0.0018647035702905857,0.11883489787578583,0.11883475631475449
4.951999999999677,0.06789821996995023,17.08150863647461,0.10501887079425648,0.0018559344610704497,0.11958169937133789,0.11958158761262894
4.953999999999676,0.06789831559635266,17.081497192382812,0.10553803080593507,0.0018470388577242162,0.1203642189502716,0.12036401033401489
4.955999999999676,0.06789841263716015,17.081485748291016,0.10607817265014884,0.0018380181073807387,0.12118236720561981,0.12118228524923325
4.957999999999676,0.0678985110813525,17.08147430419922,0.10663955157149461,0.0018288735628765194,0.12203635275363922,0.12203618884086609
4.959999999999676,0.0678986109178489,17.081466674804688,0.10722239603498686,0.0018196065826063868,0.12292574346065521,0.12292560935020447
4.961999999999676,0.06789871213550772,17.08145523071289,0.10782690691393326,0.0018102185303743078,0.12385016679763794,0.12384995818138123
4.963999999999675,0.06789881472312848,17.081445693969727,0.10845325678648211,0.0018007107752406881,0.12480904906988144,0.12480875849723816
4.965999999999675,0.06789891866945122,17.081438064575195,0.10910158934286597,0.0017910846913774855,0.12580163776874542,0.12580133974552155
4.967999999999675,0.06789902396315678,17.081430435180664,0.10977201890446737,0.0017813416579137962,0.12682709097862244,0.12682673335075378
4.969999999999675,0.06789913059286766,17.081422805786133,0.11046463005496111,0.001771483058790355,0.12788425385951996,0.12788386642932892
4.9719999999996745,0.06789923854714766,17.0814151763916,0.11117947738288093,0.0017615102826101104,0.12897202372550964,0.12897156178951263
4.973999999999674,0.06789934781450337,17.081411361694336,0.11191658533414355,0.0017514247224887322,0.13008928298950195,0.13008885085582733
4.975999999999674,0.06789945838338295,17.081405639648438,0.11267594817222093,0.0017412277759047614,0.13123439252376556,0.13123396039009094
4.977999999999674,0.06789957024217859,17.081401824951172,0.11345753004290539,0.0017309208445578392,0.13240650296211243,0.1324058622121811
4.979999999999674,0.06789968337922483,17.081398010253906,0.11426126513990637,0.0017205053342141418,0.1336035430431366,0.13360291719436646
4.981999999999673,0.06789979778280085,17.081396102905273,0.11508705796687628,0.0017099826545631947,0.13482442498207092,0.1348237544298172
4.983999999999673,0.06789991344113001,17.08139419555664,0.11593478369091004,0.0016993542190702022,0.13606776297092438,0.13606707751750946
4.985999999999673,0.06790003034237947,17.081392288208008,0.11680428858206474,0.0016886214448298548,0.1373322457075119,0.13733147084712982
4.987999999999673,0.06790014847466301,17.081390380859375,0.11769539053305268,0.0016777857524192792,0.13861630856990814,0.13861563801765442
4.9899999999996725,0.06790026782603871,17.081390380859375,0.11860787965294753,0.0016668485657540628,0.13991908729076385,0.1399182230234146
4.991999999999672,0.06790038838451226,17.081390380859375,0.1195415189284815,0.0016558113119417583,0.1412394940853119,0.14123857021331787
4.993999999999672,0.06790051013803532,17.081390380859375,0.12049604494638835,0.0016446754211373255,0.14257660508155823,0.1425757110118866
4.995999999999672,0.06790063307450693,17.08139419555664,0.1214711686701416,0.0016334423264003327,0.14393016695976257,0.14392918348312378
4.997999999999672,0.06790075718177413,17.081398010253906,0.12246657626444928,0.0016221134635498009,0.14529962837696075,0.14529864490032196
4.999999999999671,0.06790088244763248,17.081398010253906,0.12348192996092479,0.0016106902710208548,0.14668504893779755,0.14668413996696472
