time,dist,gamma,real_dist,tar_dist,pred_dist,pred_distv
0.002,0.06802343770419143,18.174203872680664,0.24007869507236734,0.7974475440378651,0.20405595004558563,0.20405595004558563
0.004,0.06802343808442678,18.150320053100586,0.240102106903614,0.7974475440378651,0.20397789776325226,0.2035868763923645
0.006,0.0680233806246305,18.12906265258789,0.24014763761900298,0.797359110351755,0.203818678855896,0.20224951207637787
0.008,0.0680231933685483,18.109046936035156,0.2402141894648499,0.7971809750394748,0.20357510447502136,0.20004507899284363
0.01,0.06802278071995464,18.083927154541016,0.2403008503062246,0.7969120840676801,0.20324525237083435,0.19699253141880035
0.012,0.06802202438981572,18.043407440185547,0.24040688472711685,0.7965515764721282,0.20282699167728424,0.19312675297260284
0.014,0.06802078427558479,17.99018096923828,0.2405317255109073,0.796098765320562,0.20231866836547852,0.1885012686252594
0.016,0.06801889928664032,17.911165237426758,0.2406749656543702,0.7955531201417737,0.20171961188316345,0.1831914335489273
0.018000000000000002,0.06801621489373565,17.81332778930664,0.2408363507191877,0.7949142509570544,0.20102840662002563,0.1772998422384262
0.020000000000000004,0.06801256469770638,17.704265594482422,0.2410087159243442,0.7941818936698177,0.20025287568569183,0.17162854969501495
0.022000000000000006,0.06800777027556476,17.584213256835938,0.24118661540431757,0.7933711053875652,0.1993994563817978,0.16626861691474915
0.024000000000000007,0.06800164198015392,17.47007179260254,0.241366276935702,0.7924948493458869,0.19847480952739716,0.1612798273563385
0.02600000000000001,0.06799397962730833,17.36639404296875,0.24154516519445762,0.7915632222264675,0.1974840611219406,0.1566796451807022
0.02800000000000001,0.06798460609862128,17.2791748046875,0.24172165993981615,0.790584169066633,0.19643250107765198,0.15239852666854858
0.030000000000000013,0.06797340078169478,17.200334548950195,0.24189278454067337,0.7895640135706485,0.19532844424247742,0.14861883223056793
0.032000000000000015,0.06796024669348377,17.1748046875,0.2420535283363564,0.7885102314693123,0.19418521225452423,0.14571908116340637
0.034000000000000016,0.06794515875060682,17.164691925048828,0.24220115297005113,0.7874319545602814,0.19301369786262512,0.14359509944915771
0.03600000000000002,0.06793118877065063,17.161197662353516,0.24233452954057644,0.7863345883991879,0.1918219029903412,0.1421864628791809
0.03800000000000002,0.06791977138290042,17.158504486083984,0.2424540940379361,0.7852211848881121,0.19061602652072906,0.14134596288204193
0.04000000000000002,0.06791065733792725,17.159446716308594,0.24256037244571438,0.7840934036554038,0.18940111994743347,0.14089004695415497
0.04200000000000002,0.0679031406121744,17.15912628173828,0.24265395408710666,0.7829518781334107,0.18818175792694092,0.14066927134990692
0.044000000000000025,0.06789729557183602,17.156951904296875,0.2427354733319101,0.7817965952270312,0.18696127831935883,0.1405850350856781
0.04600000000000003,0.06789322074826899,17.153636932373047,0.2428055970351155,0.7806271379854209,0.18574246764183044,0.14058460295200348
0.04800000000000003,0.06789100682759794,17.15005874633789,0.24286501585019304,0.7794428420915132,0.18452803790569305,0.14064927399158478
0.05000000000000003,0.06789073751462331,17.14476203918457,0.24291444237719995,0.7782428977544841,0.18332022428512573,0.14078237116336823
0.05200000000000003,0.06789249010221393,17.137218475341797,0.2429546039685332,0.7770264149582238,0.1821204125881195,0.14099900424480438
0.054000000000000034,0.06789633588817517,17.12856674194336,0.24298623810576536,0.7757924711256036,0.180930495262146,0.14131923019886017
0.056000000000000036,0.06790234050526402,17.119094848632812,0.2430100904432691,0.7745401419747332,0.17975188791751862,0.14176303148269653
0.05800000000000004,0.06791056391625798,17.110963821411133,0.2430269134138029,0.7732685212809914,0.17858612537384033,0.1423482447862625
0.06000000000000004,0.06792106002753992,17.102615356445312,0.24266784135113129,0.7719767344101591,0.1774342805147171,0.14259673655033112
0.06200000000000004,0.06793387698114078,17.094499588012695,0.24202313803038783,0.7706639673110324,0.17629779875278473,0.14279316365718842
0.06400000000000004,0.06794905753951237,17.087488174438477,0.24139140505375817,0.7693294770025632,0.17517760396003723,0.1431163102388382
0.06600000000000004,0.06796663944370858,17.081565856933594,0.24077342933237078,0.7679725785093291,0.1740751713514328,0.14361882209777832
0.06800000000000005,0.06798665574746922,17.073339462280273,0.24016999551155893,0.7665926482600437,0.1729917675256729,0.14429615437984467
0.07000000000000005,0.06800913512888096,17.06448745727539,0.23958188791288693,0.7651891257241403,0.17192798852920532,0.14511802792549133
0.07200000000000005,0.068034102180885,17.05401039123535,0.23900989164550357,0.7637615138029105,0.17088589072227478,0.14605028927326202
0.07400000000000005,0.06806157768173454,17.04131317138672,0.2384547930824808,0.7623093783316334,0.16986630856990814,0.14706601202487946
0.07600000000000005,0.06809157884645108,17.02934455871582,0.23791737983204214,0.7608323469480482,0.16887052357196808,0.1481495350599289
0.07800000000000006,0.06812370618357733,17.017818450927734,0.237398440309178,0.7593301075083204,0.1679004579782486,0.14929568767547607
0.08000000000000006,0.06815358192346478,17.005699157714844,0.23689876297697066,0.7578024061844535,0.16695722937583923,0.15050733089447021
0.08200000000000006,0.06818001313523686,16.99336051940918,0.23641913531908065,0.7562490453407934,0.1660422831773758,0.15179279446601868
0.08400000000000006,0.0682029848153392,16.980636596679688,0.2359603425842341,0.7546698812638339,0.16515757143497467,0.15316227078437805
0.08600000000000006,0.06822248526470716,16.96753692626953,0.23552238831555178,0.7530648218006182,0.1643046885728836,0.1546257585287094
0.08800000000000006,0.06823850581228462,16.953359603881836,0.23510730840682453,0.7514338239485349,0.16348516941070557,0.15619194507598877
0.09000000000000007,0.06825104056628045,16.93872833251953,0.2347158304091183,0.7497768914287677,0.16270093619823456,0.15786655247211456
0.09200000000000007,0.06826008619024262,16.923246383666992,0.23434861296442033,0.7480940722685214,0.1619540899991989,0.15965306758880615
0.09400000000000007,0.0682656417012835,16.90608787536621,0.23400629991688982,0.7463854564109068,0.1612461358308792,0.16155178844928741
0.09600000000000007,0.06826770828805809,16.88684844970703,0.23368951870129206,0.7446511733670415,0.16057905554771423,0.16356037557125092
0.09800000000000007,0.06826628914631402,16.864530563354492,0.233398878659681,0.7428913899210565,0.15995484590530396,0.16567467153072357
0.10000000000000007,0.06826138933004205,16.841575622558594,0.23313496930843547,0.7411063078959716,0.1593754142522812,0.16788837313652039
0.10200000000000008,0.06825301561645895,16.81885528564453,0.23289835857695013,0.7392961619859483,0.15884286165237427,0.17019392549991608
0.10400000000000008,0.06824117638322146,16.794456481933594,0.23268959103707776,0.7374612176586687,0.15835875272750854,0.17258328199386597
0.10600000000000008,0.06822588149644268,16.768360137939453,0.23250918614157468,0.7356017691300246,0.15792517364025116,0.17504705488681793
0.10800000000000008,0.0682071479270508,16.7413387298584,0.2323576364882411,0.7337181374121707,0.15754404664039612,0.17757625877857208
0.11000000000000008,0.06818500061707357,16.712120056152344,0.23223536912977127,0.7318106684350112,0.15721701085567474,0.18018853664398193
0.11200000000000009,0.06815946712885879,16.68126106262207,0.23214261432680444,0.7298803577041899,0.15694572031497955,0.18288032710552216
0.11400000000000009,0.068130599123294,16.64889144897461,0.23206914570501586,0.7279284474755211,0.15673115849494934,0.18562209606170654
0.11600000000000009,0.06809844628493879,16.61501693725586,0.23200558081411948,0.7259558201090005,0.15657415986061096,0.1882479339838028
0.11800000000000009,0.06806306887329168,16.581867218017578,0.23195104623819923,0.7239633684551415,0.1564752757549286,0.19075755774974823
0.12000000000000009,0.06802782197569814,16.548410415649414,0.23190466331791953,0.7219515785978019,0.15643464028835297,0.19315581023693085
0.1220000000000001,0.06799524415755873,16.51447105407715,0.23186557430227023,0.7199207023029033,0.15645234286785126,0.19544799625873566
0.1240000000000001,0.06796531423925571,16.480131149291992,0.231832955555126,0.717870867747232,0.15652865171432495,0.1976405531167984
0.12600000000000008,0.0679380103765659,16.44619369506836,0.23180602325710925,0.7158021450508312,0.15666356682777405,0.19974087178707123
0.12800000000000009,0.06791331088045034,16.41275978088379,0.23178403491533378,0.7137145844233751,0.15685729682445526,0.2017558217048645
0.1300000000000001,0.0678911946590109,16.379350662231445,0.23176628858191395,0.7116082377643788,0.15710973739624023,0.20369212329387665
0.1320000000000001,0.06787164143832132,16.34572410583496,0.23175212093557984,0.7094831702866767,0.1574207842350006,0.20555758476257324
0.1340000000000001,0.06785463185490723,16.31216812133789,0.2317409048632833,0.7073394661799575,0.15779049694538116,0.2073582410812378
0.1360000000000001,0.06784014747468427,16.27866554260254,0.2317320469203063,0.705177230748184,0.1582186073064804,0.2091010957956314
0.1380000000000001,0.06782817077073935,16.244827270507812,0.23172498485945092,0.7029965905130657,0.158112570643425,0.21079163253307343
0.1400000000000001,0.0678186850789981,16.210769653320312,0.23171918533301566,0.7007976921823383,0.15803076326847076,0.2124350219964981
0.1420000000000001,0.06781167454295214,16.17696189880371,0.23171414180569566,0.6985807010325383,0.15815617144107819,0.2140359729528427
0.1440000000000001,0.06780712405391333,16.14342498779297,0.2317093726890992,0.6963457990311751,0.15842001140117645,0.2155987173318863
0.1460000000000001,0.06780501919051596,16.11138916015625,0.23170441968840577,0.694093182893932,0.1587732434272766,0.21712635457515717
0.1480000000000001,0.06780534615953625,16.07931137084961,0.23169884634426963,0.6918230621867318,0.15918222069740295,0.21862180531024933
0.1500000000000001,0.0678080917391428,16.0478515625,0.23169223674933415,0.6895356575352455,0.15962380170822144,0.2200876623392105
0.1520000000000001,0.06781324322512844,16.017841339111328,0.23168419441765287,0.6872311989717097,0.16008320450782776,0.22152584791183472
0.1540000000000001,0.06782078838035191,15.988112449645996,0.23167618360756503,0.6849099244323088,0.16055195033550262,0.22293783724308014
0.1560000000000001,0.0678307153874226,15.958562850952148,0.23167738770831237,0.682572078406175,0.16102513670921326,0.22432512044906616
0.1580000000000001,0.06784301280457543,15.92951774597168,0.23168928612820278,0.6802179107318335,0.16150058805942535,0.22568872570991516
0.16000000000000011,0.06785766952461209,15.900691986083984,0.23171209112627722,0.6778476755327114,0.1619778573513031,0.22702941298484802
0.16200000000000012,0.0678746747367757,15.87214469909668,0.23174641647265987,0.6754616302822433,0.16245749592781067,0.22834829986095428
0.16400000000000012,0.06789401789139592,15.843612670898438,0.23180191419509905,0.6730600349879906,0.16294030845165253,0.229645773768425
0.16600000000000012,0.06791568866716267,15.814550399780273,0.23188283652751368,0.6706431514845468,0.16342690587043762,0.2290637493133545
0.16800000000000012,0.06793967694087363,15.785359382629395,0.23198941410490087,0.6682112428250373,0.16391822695732117,0.2270701378583908
0.17000000000000012,0.06796597275950862,15.756111145019531,0.2321218730603506,0.6657645727618112,0.16441436111927032,0.22510752081871033
0.17200000000000013,0.06799456631450185,15.726776123046875,0.2322804337425428,0.6633034053073513,0.1649157702922821,0.22317583858966827
0.17400000000000013,0.06802544791807778,15.697498321533203,0.2324631392624255,0.6608280043672586,0.16542205214500427,0.22127479314804077
0.17600000000000013,0.06805786771686638,15.66810417175293,0.23266085153917565,0.6583386334377266,0.16593341529369354,0.21940435469150543
0.17800000000000013,0.06808792318185977,15.638912200927734,0.2328723244399738,0.6558355553606525,0.16644924879074097,0.21756437420845032
0.18000000000000013,0.06811505537479144,15.609983444213867,0.233097325793933,0.6533190321300725,0.16696958243846893,0.21575477719306946
0.18200000000000013,0.06813927288414862,15.581140518188477,0.23333562334025643,0.6507893247442696,0.1674945056438446,0.2139723151922226
0.18400000000000014,0.06816058386216785,15.552145004272461,0.2335869691006796,0.6482466889033662,0.1680242121219635,0.21218888461589813
0.18600000000000014,0.06817899603090927,15.521570205688477,0.2338511187963701,0.6456913324787886,0.16855913400650024,0.21039851009845734
0.18800000000000014,0.06819451669210626,15.490499496459961,0.23412783140266874,0.6431234693928538,0.1691000610589981,0.2086019515991211
0.19000000000000014,0.0682071527389881,15.459744453430176,0.23441686873620599,0.6405433190648542,0.16964782774448395,0.20679982006549835
0.19200000000000014,0.06821691066894334,15.429014205932617,0.23471799507715124,0.6379511058725736,0.17020368576049805,0.2049931287765503
0.19400000000000014,0.06822379659631747,15.397401809692383,0.23503097682741286,0.6353470586454065,0.17076832056045532,0.20318284630775452
0.19600000000000015,0.06822781616551434,15.365547180175781,0.2353555822043925,0.632731410197823,0.17134317755699158,0.20136959850788116
0.19800000000000015,0.06822897506319663,15.333803176879883,0.235691545550964,0.6301043969071521,0.17192916572093964,0.19955991208553314
0.20000000000000015,0.06822728042252606,15.302242279052734,0.23603983302947296,0.6274662647248278,0.1725267767906189,0.19777421653270721
0.20200000000000015,0.06822274049120909,15.270910263061523,0.23641211086489422,0.6248172805039667,0.17313618957996368,0.19601066410541534
0.20400000000000015,0.06821536438209329,15.239625930786133,0.2367972488616506,0.6221576854920217,0.17375792562961578,0.1942678540945053
0.20600000000000016,0.06820516188511236,15.208344459533691,0.23717633967581525,0.6194877041215863,0.17439159750938416,0.1925450712442398
0.20800000000000016,0.0681921433248717,15.177214622497559,0.23754876295388222,0.6168075508893601,0.17503617703914642,0.19084224104881287
0.21000000000000016,0.06817631945223074,15.147632598876953,0.23791397954573612,0.6141174357255601,0.17569179832935333,0.18915918469429016
0.21200000000000016,0.06815770136127121,15.118635177612305,0.2382714338286816,0.6114175681625423,0.17635701596736908,0.18749596178531647
0.21400000000000016,0.06813630042525969,15.091047286987305,0.23862891882268217,0.6087081605479963,0.17703138291835785,0.1858532726764679
0.21600000000000016,0.06811212824690409,15.064189910888672,0.2389943719226344,0.6059894304924829,0.17771373689174652,0.1842317432165146
0.21800000000000017,0.06808519661940235,15.038214683532715,0.23935248128480785,0.6032616027033214,0.1784040331840515,0.18263190984725952
0.22000000000000017,0.06805555515386424,15.013898849487305,0.23970284654527524,0.6005249103235224,0.1791018545627594,0.18105491995811462
0.22200000000000017,0.0680262288668142,14.990297317504883,0.2400475952954914,0.5977795958717029,0.17980751395225525,0.17950168251991272
0.22400000000000017,0.06799912033102805,14.966890335083008,0.24040522718797303,0.5950259118587595,0.18052126467227936,0.1779734194278717
0.22600000000000017,0.06797422200564596,14.943316459655762,0.24076436641395227,0.5922641211431916,0.1812441200017929,0.17647166550159454
0.22800000000000017,0.06795152599101448,14.920207977294922,0.2401222387393479,0.5894944970746041,0.18197712302207947,0.1749977320432663
0.23000000000000018,0.06793102405888307,14.897439002990723,0.23900608965135445,0.5867173234663368,0.18272149562835693,0.17355363070964813
0.23200000000000018,0.06791270767885906,14.875299453735352,0.2378872238164242,0.5839328944304609,0.1834782361984253,0.1721411645412445
0.23400000000000018,0.06789656804180089,14.853294372558594,0.23676597854345838,0.5811415141029919,0.18424855172634125,0.17076237499713898
0.23600000000000018,0.06788259608069137,14.831048965454102,0.23564268948910688,0.5783434962822758,0.18503263592720032,0.16941998898983002
0.23800000000000018,0.06787078248940946,14.809353828430176,0.23451769015509322,0.5755391640000515,0.1858309507369995,0.16811689734458923
0.24000000000000019,0.06786111773973408,14.787605285644531,0.23339131141092317,0.5727288490415153,0.18664231896400452,0.1668560802936554
0.2420000000000002,0.0678535920968409,14.76584243774414,0.23226388104313528,0.5699128914284524,0.18746578693389893,0.16564099490642548
0.2440000000000002,0.06784819563351635,14.744688034057617,0.23113572333274374,0.567091638877382,0.1882990002632141,0.16447561979293823
0.2460000000000002,0.06784491893537245,14.723149299621582,0.2300071586626697,0.5642654462431335,0.18913967907428741,0.16336441040039062
0.2480000000000002,0.06784375081025212,14.702295303344727,0.2288782666616938,0.5614346749568423,0.18998436629772186,0.16231858730316162
0.25000000000000017,0.067844678050138,14.682194709777832,0.22774902628901283,0.5586002342734552,0.19082985818386078,0.16134068369865417
0.25200000000000017,0.06784768620736989,14.662696838378906,0.22661943210133384,0.5557631794207805,0.19167295098304749,0.1604284942150116
0.25400000000000017,0.06785276013786601,14.643990516662598,0.22548948966547122,0.5529244100186598,0.19251200556755066,0.1593128740787506
0.25600000000000017,0.06785988437652304,14.627090454101562,0.22435921224666272,0.550084700089808,0.19334565103054047,0.15709717571735382
0.2580000000000002,0.06786904339234148,14.610332489013672,0.22212003885270137,0.5472447211948783,0.19417431950569153,0.15491339564323425
0.2600000000000002,0.06788022175785731,14.593612670898438,0.21973974067474955,0.5444050603412787,0.19499944150447845,0.15281710028648376
0.2620000000000002,0.06789340425796325,14.577174186706543,0.21737275938383188,0.5415662339138317,0.1958233118057251,0.15081080794334412
0.2640000000000002,0.06790857595624512,14.56135368347168,0.21500949685293086,0.5387286985735381,0.19664832949638367,0.14887136220932007
0.2660000000000002,0.06792572223187214,14.547233581542969,0.2126464940819699,0.5358928598418907,0.1974768042564392,0.1468905210494995
0.2680000000000002,0.0679448287963963,14.533742904663086,0.21028397015194045,0.5330590789157875,0.1983090192079544,0.14408473670482635
0.2700000000000002,0.06796588169711075,14.521827697753906,0.20792211437987235,0.530227678127072,0.199144646525383,0.14133988320827484
0.2720000000000002,0.06798886731167975,14.513015747070312,0.2055610891314284,0.527398945361887,0.19997988641262054,0.13866795599460602
0.2740000000000002,0.0680130404121764,14.503337860107422,0.20320103208766854,0.524573137679747,0.2008097767829895,0.13608185946941376
0.2760000000000002,0.06803502929808906,14.493748664855957,0.20084205808918187,0.5217504843153593,0.20162740349769592,0.13359396159648895
0.2780000000000002,0.06805442552627279,14.483972549438477,0.1984842606522993,0.5189311892028396,0.2024257332086563,0.1312161535024643
0.2800000000000002,0.06807124065609443,14.474203109741211,0.1961277132303808,0.5161154331291471,0.20217087864875793,0.12895835936069489
0.2820000000000002,0.06808548561986182,14.464944839477539,0.1937724702765064,0.513303375598496,0.1997303068637848,0.12682847678661346
0.2840000000000002,0.06809717073923141,14.455148696899414,0.19141856815120567,0.5104951564704934,0.19730420410633087,0.12483204156160355
0.2860000000000002,0.06810630574337175,14.445158958435059,0.1890660259090538,0.5076908974202426,0.19489321112632751,0.12297146022319794
0.2880000000000002,0.0681128997879506,14.435015678405762,0.1867166345207089,0.5048907032576176,0.19249819219112396,0.12124671787023544
0.2900000000000002,0.06811696147432071,14.426336288452148,0.1843817166736601,0.5020946631344758,0.19012001156806946,0.11965475231409073
0.2920000000000002,0.06811849886848755,14.41769027709961,0.18206352066312553,0.49930285166216803,0.18775959312915802,0.11819029599428177
0.2940000000000002,0.06811751951960249,14.408945083618164,0.1797623532670901,0.49651532995677655,0.18541863560676575,0.11684566736221313
0.2960000000000002,0.06811403047782776,14.39950942993164,0.1774785176154734,0.49373214662578363,0.1830979734659195,0.11561185121536255
0.2980000000000002,0.06810803831150658,14.389358520507812,0.17521231418406125,0.49095333870698393,0.18079932034015656,0.11447805911302567
0.3000000000000002,0.06809954851702696,14.378442764282227,0.17296404178663494,0.48817893256826644,0.17852406203746796,0.11343305557966232
0.3020000000000002,0.06808856450687416,14.366405487060547,0.1707339634883398,0.48540894477521634,0.17627453804016113,0.11179006844758987
0.3040000000000002,0.06807509191146176,14.351036071777344,0.16852229559894893,0.48264341199783417,0.17405244708061218,0.11000437289476395
0.3060000000000002,0.06805915168905881,14.335895538330078,0.16632937982086796,0.47988240625176953,0.171860009431839,0.10823803395032883
0.3080000000000002,0.06804077324149657,14.323356628417969,0.16415591794874873,0.47712592836171275,0.16970093548297882,0.10649427771568298
0.3100000000000002,0.06802138421188007,14.314334869384766,0.1620025315238189,0.4743737315625769,0.1675780713558197,0.10475967824459076
0.3120000000000002,0.06800381593555824,14.307281494140625,0.15986977785270648,0.47162544585837146,0.16549545526504517,0.10302510857582092
0.3140000000000002,0.06798813932380406,14.303106307983398,0.15775816293277936,0.46888060344074,0.16345664858818054,0.10128319263458252
0.3160000000000002,0.0679743039438384,14.302827835083008,0.15566827701033317,0.46613865974065716,0.16146551072597504,0.09954235702753067
0.3180000000000002,0.06796230540749379,14.30375862121582,0.15362585551659014,0.46339897412489256,0.15954741835594177,0.09979703277349472
0.32000000000000023,0.06795215955323085,14.304492950439453,0.1516314464837652,0.4607238967179205,0.1577063500881195,0.10006482154130936
0.32200000000000023,0.06794380468872713,14.312536239624023,0.1496575138842164,0.45811252749749587,0.15592414140701294,0.09812340140342712
0.32400000000000023,0.06793724159950822,14.308298110961914,0.14773176561446938,0.45549545008814324,0.1542266458272934,0.09840952605009079
0.32600000000000023,0.06793246975387315,14.304290771484375,0.1458487354785122,0.45294155605005193,0.1526181697845459,0.09871245920658112
0.32800000000000024,0.06792948737788475,14.29564380645752,0.14399213878291142,0.4504500405969811,0.15110328793525696,0.09902463853359222
0.33000000000000024,0.06792829188757425,14.286324501037598,0.14216226852421673,0.44802029030873114,0.14968568086624146,0.09935203194618225
0.33200000000000024,0.06792888003042055,14.273746490478516,0.14036030918970058,0.4456516305611754,0.14836931228637695,0.0996904969215393
0.33400000000000024,0.06793115298649932,14.260011672973633,0.1385874433089872,0.44334351304323955,0.14715741574764252,0.10004368424415588
0.33600000000000024,0.06793516698955727,14.292285919189453,0.13680525763797013,0.4410953618431572,0.14602862298488617,0.09758464246988297
0.33800000000000024,0.06794092523976944,14.271093368530273,0.13505253574845533,0.4388244201184926,0.1450110822916031,0.09797646850347519
0.34000000000000025,0.06794842945159872,14.249490737915039,0.13333055001664465,0.4366130989101864,0.14384712278842926,0.09839202463626862
0.34200000000000025,0.06795768033086233,14.223650932312012,0.13164034373112765,0.43446082484426807,0.14194726943969727,0.09882297366857529
0.34400000000000025,0.06796867754580256,14.197221755981445,0.12998304102403477,0.43236722279479245,0.13999579846858978,0.09927572309970856
0.34600000000000025,0.06797973959284766,14.182883262634277,0.12836338597357838,0.43033180594479803,0.13807755708694458,0.09976954758167267
0.34800000000000025,0.06798838633679354,14.166492462158203,0.12678265457126436,0.4283513291817557,0.13622614741325378,0.10031630843877792
0.35000000000000026,0.06799491267298498,14.230719566345215,0.12519795785803584,0.4264251298850385,0.1343906968832016,0.09739773720502853
0.35200000000000026,0.06799930593972073,14.20246696472168,0.12366891241274575,0.42446296023532054,0.13262423872947693,0.09802000969648361
0.35400000000000026,0.0680015561659813,14.174983978271484,0.12219567850051945,0.42255439839755,0.13091695308685303,0.09870833903551102
0.35600000000000026,0.06800165584377448,14.146026611328125,0.12077825665976268,0.42069880136965154,0.12925942242145538,0.09945303201675415
0.35800000000000026,0.06799958297798307,14.117080688476562,0.11941673537118483,0.41889572330304925,0.12764576077461243,0.10025633126497269
0.36000000000000026,0.06799543645173765,14.20907974243164,0.11805284621521071,0.4171446051076705,0.12601333856582642,0.09694772958755493
0.36200000000000027,0.06798919806361048,14.162271499633789,0.11674463042606897,0.41535188181878774,0.12442110478878021,0.09784618765115738
0.36400000000000027,0.06798085327145122,14.118650436401367,0.11549222982474042,0.4136104488391764,0.1228722333908081,0.09880826622247696
0.36600000000000027,0.0679703899938795,14.074394226074219,0.11429556652945795,0.4119197970435541,0.12136818468570709,0.09982198476791382
0.36800000000000027,0.06795808499472408,14.031425476074219,0.11315485824758417,0.41028175864027194,0.11991456151008606,0.10088251531124115
0.3700000000000003,0.06794371470524499,14.146284103393555,0.11200917780193928,0.40869559882823864,0.11845778673887253,0.09720546007156372
0.3720000000000003,0.06792725912519144,14.086849212646484,0.1109194867033069,0.4070642284312909,0.11706071346998215,0.09838363528251648
0.3740000000000003,0.06790869598429453,14.029934883117676,0.10988552167305704,0.4054839034092963,0.11572767049074173,0.09960340708494186
0.3760000000000003,0.06788863376366713,13.97199821472168,0.10890745555327806,0.4039434683629207,0.11446154117584229,0.1008557677268982
0.3780000000000003,0.06786648297333847,14.112268447875977,0.1079237073590968,0.4024434765191907,0.11320555210113525,0.09704887866973877
0.3800000000000003,0.06784221397156756,14.035623550415039,0.10699606845804159,0.4009008079756364,0.11201735585927963,0.09844215959310532
0.3820000000000003,0.06781580166216464,13.963729858398438,0.10612474726443424,0.399398767088091,0.11089658737182617,0.09986043721437454
0.3840000000000003,0.06778823051362337,13.88998794555664,0.10530991456615645,0.39793763167904317,0.10984162241220474,0.10126906633377075
0.3860000000000003,0.06775851791173472,14.047149658203125,0.1044879945343788,0.39651792875990816,0.10879004746675491,0.09741514921188354
0.3880000000000003,0.06772662510204709,13.956012725830078,0.10372197038740452,0.39505824714784016,0.10779907554388046,0.09893897920846939
0.3900000000000003,0.06769378981765037,13.869831085205078,0.10301000022450355,0.3936377244190878,0.1068648248910904,0.10046559572219849
0.3920000000000003,0.06765883448874996,14.024526596069336,0.10226686596756354,0.39225677548641324,0.10592260956764221,0.0966806560754776
0.3940000000000003,0.06762179187866112,13.929281234741211,0.10155128539708139,0.3908375480993539,0.10502955317497253,0.09820768982172012
0.3960000000000003,0.06758261036851483,13.833271026611328,0.10086429551624725,0.3894581467220034,0.1041831448674202,0.09974563121795654
0.3980000000000003,0.06754281257991579,13.737903594970703,0.10020697013565194,0.38811900821004947,0.10338079929351807,0.10126321762800217
0.4000000000000003,0.06750091252951845,13.88637924194336,0.09951298193867811,0.38682062529733596,0.1025579646229744,0.09767090529203415
0.4020000000000003,0.06745684582527774,13.78523063659668,0.09884955821059047,0.3854859198354019,0.10177575051784515,0.09916950017213821
0.4040000000000003,0.06741234322667365,13.685523986816406,0.09821788517286795,0.3841918870985553,0.10103365778923035,0.10064845532178879
0.4060000000000003,0.06736571178991516,13.835888862609863,0.09754967435520663,0.3829388248796259,0.100267194211483,0.09718192368745804
0.4080000000000003,0.06731688733671957,13.73087215423584,0.09691418692744014,0.3816502001164639,0.09954050928354263,0.09863881021738052
0.4100000000000003,0.06726580591360456,13.623992919921875,0.09631270593561479,0.3804023778511171,0.09885460883378983,0.10006876289844513
0.4120000000000003,0.06721242032218824,13.516399383544922,0.09574724877029316,0.37919574359129127,0.09821198135614395,0.10146138072013855
0.4140000000000003,0.06715673843129483,13.411792755126953,0.09521935381415284,0.3780391322374506,0.09761443734169006,0.10281021893024445
0.4160000000000003,0.06709877001068751,13.316327095031738,0.09473018746562699,0.37693202622284694,0.09706418961286545,0.10406988114118576
0.4180000000000003,0.06703852531624388,13.225496292114258,0.09428091968770454,0.37587402531192493,0.09656375646591187,0.10526114702224731
0.4200000000000003,0.06697601434401836,13.137678146362305,0.09387725130586777,0.3748647039033663,0.09611482918262482,0.10640227049589157
0.4220000000000003,0.06691124718471328,13.052751541137695,0.09353381687258665,0.3739037052468608,0.09571994841098785,0.10751441866159439
0.4240000000000003,0.06684423354632488,12.970373153686523,0.09325156317288137,0.37299066486636206,0.09538077563047409,0.10861378163099289
0.4260000000000003,0.06677498298019284,12.889755249023438,0.09303037275635907,0.37212526651798805,0.09509926289319992,0.10971705615520477
0.4280000000000003,0.06670350458648755,12.81001091003418,0.09287005119222101,0.3713071959128617,0.0948767140507698,0.11083701997995377
0.4300000000000003,0.06662980716703136,12.733322143554688,0.09277033871380994,0.37053617367499875,0.09471456706523895,0.11198566108942032
0.43200000000000033,0.06655389905338747,12.659021377563477,0.09273090540091804,0.3698119272535909,0.09461337327957153,0.11317194253206253
0.43400000000000033,0.06647578821792148,12.585432052612305,0.09275135714851473,0.36913421013689135,0.09457391500473022,0.11440341174602509
0.43600000000000033,0.0663954821826648,12.51523208618164,0.09283123613158216,0.36850278467133374,0.09459628909826279,0.1156853660941124
0.43800000000000033,0.0663129871342313,12.447998046875,0.09297081272819045,0.36791743308921004,0.09468019753694534,0.11700531095266342
0.44000000000000034,0.06622830912625405,12.380266189575195,0.09316968138406047,0.3673805067829313,0.09482582658529282,0.11839635670185089
0.44200000000000034,0.0661414539420697,12.312596321105957,0.09342658871110592,0.366891462646337,0.09503202885389328,0.11985594034194946
0.44400000000000034,0.06605242720862492,12.244020462036133,0.09372890592277204,0.3664498101513806,0.09529755264520645,0.12138110399246216
0.44600000000000034,0.06596123432314344,12.174886703491211,0.09407263667578905,0.3660550943312692,0.09562056511640549,0.12296812981367111
0.44800000000000034,0.06586785185249075,12.106097221374512,0.09445475154756693,0.36570690172752995,0.09599876403808594,0.12462161481380463
0.45000000000000034,0.0657722595538848,12.035758972167969,0.09486624115491292,0.3653987973982775,0.09642987698316574,0.1263742595911026
0.45200000000000035,0.06567444014385965,11.965219497680664,0.09530617352446984,0.36513122552915317,0.09691046923398972,0.12821976840496063
0.45400000000000035,0.06557437901092297,11.89567756652832,0.0957740634172901,0.36490458583067553,0.09743717312812805,0.13014784455299377
0.45600000000000035,0.06547206400105984,11.825143814086914,0.09626945382647827,0.36471923839489967,0.09800589084625244,0.13214586675167084
0.45800000000000035,0.06536748517535766,11.753765106201172,0.09679191242865486,0.3645755027315954,0.09861259907484055,0.1342002898454666
0.46000000000000035,0.06526063461918132,11.681806564331055,0.09734102939596288,0.36447366154797295,0.09925252944231033,0.13629786670207977
0.46200000000000035,0.06515150623997681,11.609415054321289,0.09791641432382917,0.36441396098455575,0.09992122650146484,0.13842615485191345
0.46400000000000036,0.06504245066321215,11.533710479736328,0.09851862967379606,0.3643966136124831,0.10061454772949219,0.14056283235549927
0.46600000000000036,0.06493363764253372,11.565240859985352,0.09907471303182011,0.36441914521310514,0.1012507975101471,0.13907210528850555
0.46800000000000036,0.06482523012787424,11.64084243774414,0.09958502450176246,0.36440869446822544,0.10182758420705795,0.13756175339221954
0.47000000000000036,0.06471738762068428,11.730093002319336,0.10004999382296902,0.3643641908620229,0.10234346985816956,0.13603445887565613
0.47200000000000036,0.06461026354636766,11.823960304260254,0.10046986919776806,0.3642845463043805,0.10279738157987595,0.13448260724544525
0.47400000000000037,0.06450400734923972,11.928919792175293,0.10084494486527677,0.3641688880295577,0.10318883508443832,0.1329147219657898
0.47600000000000037,0.06439876294281889,12.046686172485352,0.10117538147252635,0.36401634962983703,0.10351820290088654,0.13133694231510162
0.47800000000000037,0.06429467002937228,12.18331241607666,0.10146136627684024,0.36382620763092716,0.1037864089012146,0.12974761426448822
0.48000000000000037,0.06419187802925927,12.316245079040527,0.10170298908854183,0.3635977556373996,0.10399475693702698,0.1281408667564392
0.4820000000000004,0.0640905348792604,12.455358505249023,0.10190034409435933,0.363330383718296,0.10414476692676544,0.1265106052160263
0.4840000000000004,0.06399078176018874,12.599479675292969,0.10205345330766827,0.36302339640034625,0.1042385920882225,0.12485991418361664
0.4860000000000004,0.06389275378452086,12.74226188659668,0.1021623431313064,0.3626761601046108,0.10427850484848022,0.12319493293762207
0.4880000000000004,0.06379658000029366,12.877548217773438,0.10222698894748526,0.3622880908464143,0.10426702350378036,0.12151996791362762
0.4900000000000004,0.06370238386236389,13.011537551879883,0.10224736350155623,0.36185867559315416,0.1042066216468811,0.11983846873044968
0.4920000000000004,0.06361028315382768,13.143911361694336,0.10222340081780808,0.36138744032638703,0.10410026460886002,0.11815299838781357
0.4940000000000004,0.06352039036072167,13.27561092376709,0.1021550287173749,0.3608739613887299,0.10395058244466782,0.1164657324552536
0.4960000000000004,0.06343281274865403,13.40277099609375,0.10204214538592092,0.3603178459178751,0.10376044362783432,0.11477753520011902
0.4980000000000004,0.06334765265411871,13.519638061523438,0.10188464029783925,0.35971873750727906,0.1035325825214386,0.11308971047401428
0.5000000000000003,0.0632650075938353,13.62270736694336,0.10168237920297513,0.359076303746217,0.10326962172985077,0.11140280216932297
0.5020000000000003,0.06318497049712016,13.712789535522461,0.10143521768364737,0.35839023880452103,0.10297426581382751,0.10971712321043015
0.5040000000000003,0.06310762982594827,13.794137954711914,0.10114615519160441,0.3576602554705398,0.1026487946510315,0.10803283751010895
0.5060000000000003,0.06303306976379651,13.862930297851562,0.1008209981903548,0.3568860861183978,0.10229534655809402,0.10634993761777878
0.5080000000000003,0.0629613703340475,13.922199249267578,0.10046004072826309,0.3560674775608566,0.10191615670919418,0.10466787964105606
0.5100000000000003,0.06289260756057148,13.973630905151367,0.10006346751461856,0.3552041912216161,0.10151272267103195,0.10298602283000946
0.5120000000000003,0.06282685363920698,14.018733978271484,0.09963147203691207,0.35429599978297055,0.10108691453933716,0.10130321979522705
0.5140000000000003,0.06275962645723147,14.063340187072754,0.09916425004109121,0.35334268627587695,0.10063941776752472,0.09961777925491333
0.5160000000000003,0.06269534953207775,14.011466979980469,0.09874087338402968,0.3523440344844152,0.10025086253881454,0.10137072950601578
0.5180000000000003,0.06262953979117512,14.054733276367188,0.09828750965080581,0.351384700876328,0.09984283149242401,0.09976454079151154
0.5200000000000004,0.06256210268669127,14.00080394744873,0.09788347428296973,0.3503806839798504,0.09949500113725662,0.10153187811374664
0.5220000000000004,0.062492998127663416,13.951070785522461,0.09752982373051797,0.3494170791683391,0.09920851141214371,0.10331650823354721
0.5240000000000004,0.06242218303117332,13.89413070678711,0.09722622756681812,0.34849595708073206,0.09898349642753601,0.10512719303369522
0.5260000000000004,0.062349573122112006,13.8367919921875,0.09697298270141994,0.3476178504147906,0.09882039576768875,0.10699296742677689
0.5280000000000004,0.06227508609096287,13.776320457458496,0.09677021547719604,0.34678192323484175,0.09871941804885864,0.10888153314590454
0.5300000000000004,0.06219864517805279,13.71422004699707,0.09661851964018983,0.3459890468004048,0.0986812561750412,0.11079226434230804
0.5320000000000004,0.06212017560927409,13.64711856842041,0.09651818512848112,0.3452399029581283,0.09870598465204239,0.11271797865629196
0.5340000000000004,0.06203960663804273,13.576116561889648,0.09646976858572429,0.34453524711556094,0.09879394620656967,0.11465870589017868
0.5360000000000004,0.061956869314611834,13.501056671142578,0.0964736496438339,0.343875714073413,0.09894537925720215,0.11661095172166824
0.5380000000000004,0.06187189763353762,13.422231674194336,0.09653035445492276,0.34326197534214303,0.09916029125452042,0.11857910454273224
0.5400000000000004,0.06178462711540551,13.33902359008789,0.09664030015164136,0.34269462404318907,0.09943874180316925,0.12056782096624374
0.5420000000000004,0.061694995436346364,13.251890182495117,0.09680165041447457,0.3421742694058222,0.0997806265950203,0.12258152663707733
0.5440000000000004,0.06160772549319617,13.16158676147461,0.09700834350823807,0.3417014683295581,0.10018552839756012,0.12462357431650162
0.5460000000000004,0.06152293454721233,13.212469100952148,0.09718381599125336,0.34127678229221503,0.10057210922241211,0.12389718741178513
0.5480000000000004,0.06144072206795059,13.260147094726562,0.09732707043480007,0.34081982586859627,0.10093668848276138,0.12313365191221237
0.5500000000000004,0.06136118183777728,13.305452346801758,0.09743756405802408,0.3403301258133301,0.10127589106559753,0.12232539057731628
0.5520000000000004,0.06128440786338778,13.346536636352539,0.0975145202786857,0.33980715086768354,0.10158602893352509,0.1214662566781044
0.5540000000000004,0.06121049040122173,13.386034965515137,0.09755747488407229,0.3392505591275048,0.10186333954334259,0.12056733667850494
0.5560000000000004,0.06113951428809697,13.428184509277344,0.09756583501918953,0.3386599942901319,0.10210409015417099,0.11963057518005371
0.5580000000000004,0.061071560610241146,13.466127395629883,0.09753921598123877,0.33803522898084243,0.10230475664138794,0.11866358667612076
0.5600000000000004,0.06100670570769945,13.49887466430664,0.09747442157689405,0.33737604227415674,0.10246177762746811,0.11766950786113739
0.5620000000000004,0.06094502220527079,13.52659797668457,0.09736847028005778,0.336682305498121,0.10257184505462646,0.11665496230125427
0.5640000000000004,0.06088657846163119,13.549825668334961,0.09722149565831675,0.3359539086629274,0.10263191908597946,0.11562371253967285
0.5660000000000004,0.060831439210752555,13.569554328918457,0.09703370710235068,0.33519081032157166,0.10263927280902863,0.1145821139216423
0.5680000000000004,0.06077966526748681,13.585134506225586,0.09680528139916093,0.33439299322888705,0.10259126126766205,0.11353529244661331
0.5700000000000004,0.060731313929942035,13.598379135131836,0.0965364489079647,0.3335604930017866,0.10248620808124542,0.11248975247144699
0.5720000000000004,0.0606864388293807,13.606687545776367,0.09622742568570922,0.3326933712477652,0.10232209414243698,0.111451655626297
0.5740000000000004,0.06064509018430489,13.614198684692383,0.09587846842146741,0.33179173178649246,0.10209766775369644,0.11042843759059906
0.5760000000000004,0.060607314728586464,13.61998462677002,0.09548983155220238,0.3308557042106123,0.10181213170289993,0.10942742228507996
0.5780000000000004,0.06057315587195791,13.625099182128906,0.0950618022583214,0.3298854528470293,0.10146487504243851,0.10845707356929779
0.5800000000000004,0.06054265366794197,13.629709243774414,0.09459467405224749,0.3288811665476412,0.10105592012405396,0.10752633959054947
0.5820000000000004,0.06051584491383649,13.634221076965332,0.09408889790790853,0.3278430634346135,0.1005854383111,0.10664483904838562
0.5840000000000004,0.06049276313650183,13.63788890838623,0.09354485803887416,0.32677138441342996,0.10005408525466919,0.10582305490970612
0.5860000000000004,0.06046810356892277,13.640719413757324,0.09296285174718248,0.32566639548216003,0.09946268796920776,0.10507233440876007
0.5880000000000004,0.06044177541306568,13.621139526367188,0.09242139661415562,0.3245283834698848,0.09890014678239822,0.10657607764005661
0.5900000000000004,0.060413697062533335,13.602497100830078,0.09192143864926054,0.3234400725945603,0.09836780279874802,0.10808155685663223
0.5920000000000004,0.06038379195048221,13.580331802368164,0.09146335612606553,0.3224018785304334,0.09786657989025116,0.10959576815366745
0.5940000000000004,0.06035199036869162,13.55825424194336,0.09104805253890823,0.32141429958367485,0.09739751368761063,0.11113055795431137
0.5960000000000004,0.060318226839059,13.53354549407959,0.09067608827831405,0.3204777159659676,0.0969613641500473,0.11269094794988632
0.5980000000000004,0.060282441025079986,13.50839614868164,0.09034836418510626,0.3195925503606237,0.09655926376581192,0.1142859160900116
0.6000000000000004,0.060244576025267484,13.480987548828125,0.09006557552653648,0.31875914960504476,0.09619194269180298,0.11591759324073792
0.6020000000000004,0.06020457878806645,13.452875137329102,0.08982863738430329,0.31797788042782926,0.09586016088724136,0.1175897866487503
0.6040000000000004,0.060162398975884435,13.423086166381836,0.08963834113445796,0.3172490593220494,0.09556495398283005,0.11929972469806671
0.6060000000000004,0.06011798911336096,13.392837524414062,0.08949561743575485,0.3165730099265795,0.0953071266412735,0.12104805558919907
0.6080000000000004,0.060071303812848316,13.36076831817627,0.08940131957541401,0.3159500212482912,0.095087431371212,0.12282770127058029
0.6100000000000004,0.060022299784700514,13.326645851135254,0.0893563845618221,0.31538038216982484,0.09490706026554108,0.12461363524198532
0.6120000000000004,0.05997093529717816,13.290435791015625,0.08936169577506856,0.31486435642195054,0.0947670117020607,0.1260717809200287
0.6140000000000004,0.05991717012036092,13.252050399780273,0.08941818034181537,0.31440220335206515,0.09466855227947235,0.12725742161273956
0.6160000000000004,0.05986096514175261,13.210321426391602,0.08952672132403482,0.31399416282189163,0.09461293369531631,0.12856031954288483
0.6180000000000004,0.059802282283111026,13.167089462280273,0.08968821546359561,0.3136404676688357,0.09460185468196869,0.1299756020307541
0.6200000000000004,0.05974108422194039,13.121320724487305,0.08990343326950269,0.3133413344932979,0.09463677555322647,0.13149751722812653
0.6220000000000004,0.05967733430221799,13.073151588439941,0.09016709616491447,0.3130969710671647,0.094719797372818,0.1331203579902649
0.6240000000000004,0.05961099632957843,13.022443771362305,0.09047548044646388,0.31290757061672536,0.0948527529835701,0.13483868539333344
0.6260000000000004,0.05954203448657545,12.968379974365234,0.09082835218513864,0.3127733161416623,0.09503794461488724,0.13664685189723969
0.6280000000000004,0.05947041318030078,12.910730361938477,0.09122545677250066,0.31269437677179424,0.09527774900197983,0.13853919506072998
0.6300000000000004,0.0593960969670354,12.84950065612793,0.09166653395391985,0.3126709101896505,0.095574751496315,0.14051109552383423
0.6320000000000005,0.05931905043796853,12.783918380737305,0.0921513060153688,0.31270306021773336,0.09593155235052109,0.14255745708942413
0.6340000000000005,0.05923923815493601,12.71381950378418,0.09268325410918037,0.3127909580753833,0.09635096043348312,0.144673690199852
0.6360000000000005,0.059156624564353465,12.639861106872559,0.09327630310127231,0.31293472069851447,0.0968354195356369,0.14685510098934174
0.6380000000000005,0.05907117394408638,12.560340881347656,0.09393219408028076,0.3131344512823536,0.09738759696483612,0.1490979790687561
0.6400000000000005,0.05898285033864627,12.47456169128418,0.0946512997688113,0.3133902380419582,0.09800984710454941,0.15139788389205933
0.6420000000000005,0.058891617516416014,12.382408142089844,0.09543389224549534,0.3137021543229243,0.09870442003011703,0.15375079214572906
0.6440000000000005,0.058797438921131005,12.28411865234375,0.09628013982582488,0.3140702576342036,0.09947291761636734,0.1561555117368698
0.6460000000000005,0.058705992509562224,12.18643856048584,0.09719010953693558,0.31449458950524983,0.10031715780496597,0.15861554443836212
0.6480000000000005,0.05861734944614662,12.227928161621094,0.0980929940719065,0.314975174695915,0.10116373747587204,0.1589442789554596
0.6500000000000005,0.05853157422706352,12.274887084960938,0.0989864246837013,0.3154410436897063,0.10201019048690796,0.15928901731967926
0.6520000000000005,0.05844872912461729,12.31863021850586,0.09986900781675137,0.3158910517198646,0.10285463184118271,0.1596498191356659
0.6540000000000005,0.05836887110160867,12.357927322387695,0.1007388257892964,0.316324003204567,0.1036943569779396,0.16002018749713898
0.6560000000000005,0.058292054579690326,12.392467498779297,0.10159458001992876,0.3167388610387537,0.10452733933925629,0.1603994071483612
0.6580000000000005,0.05821832961402824,12.423676490783691,0.10243469328898577,0.3171345756847337,0.10535125434398651,0.1607842892408371
0.6600000000000005,0.058147743620647674,12.453285217285156,0.10325798997767871,0.31751021004752134,0.10616425424814224,0.16117046773433685
0.6620000000000005,0.0580803403178411,12.480534553527832,0.10406315806094013,0.3178648359564241,0.10696437209844589,0.16154322028160095
0.6640000000000005,0.058016160810043044,12.504289627075195,0.104849153250308,0.31819760814103726,0.10775012522935867,0.16190454363822937
0.6660000000000005,0.05795524299028016,12.524883270263672,0.1056146576257159,0.31850770152994,0.10852012783288956,0.16225729882717133
0.6680000000000005,0.0578976222271356,12.543684005737305,0.10635235870753455,0.3187943547171829,0.10927315801382065,0.16260409355163574
0.6700000000000005,0.05784333104085821,12.559150695800781,0.10705896782980674,0.31905683190350076,0.11000840365886688,0.16294702887535095
0.6720000000000005,0.05779239954526549,12.573360443115234,0.10773445246135939,0.3192944481741828,0.11072482913732529,0.16328799724578857
0.6740000000000005,0.05774485528373132,12.586516380310059,0.10837873415005574,0.3195065462873587,0.11142178624868393,0.16362887620925903
0.6760000000000005,0.057700723519075174,12.597793579101562,0.1089917783204686,0.31969251116620173,0.1120985671877861,0.16397088766098022
0.6780000000000005,0.05766002716096016,12.607904434204102,0.10957352548026353,0.3198517556247718,0.1127544417977333,0.1643151491880417
0.6800000000000005,0.05762278696060479,12.61566162109375,0.11012394588026946,0.31998372850050927,0.11338867247104645,0.16466309130191803
0.6820000000000005,0.057589021488774164,12.623119354248047,0.11064299790137334,0.3200879057624458,0.1140003353357315,0.16501563787460327
0.6840000000000005,0.05755874726999527,12.629999160766602,0.11113066135953356,0.32016379491805186,0.11458861827850342,0.16537357866764069
0.6860000000000005,0.05753197878706464,12.636042594909668,0.11158691236546549,0.32021092936900697,0.11515260487794876,0.16573773324489594
0.6880000000000005,0.057508728575955674,12.641168594360352,0.11201174364744153,0.32022887065309186,0.11569099128246307,0.1661088615655899
0.6900000000000005,0.057489007242829696,12.645733833312988,0.11240548202447985,0.3202172047668394,0.116202712059021,0.166486456990242
0.6920000000000005,0.05747282353263997,12.650238990783691,0.1127716733204466,0.32017554316292485,0.11668641865253448,0.1668713092803955
0.6940000000000005,0.05746018435063458,12.654191970825195,0.1131109885366994,0.32010352027139366,0.11714064329862595,0.1672639101743698
0.6960000000000005,0.05745109481270941,12.65826416015625,0.11342310169326149,0.3200007937925934,0.11756394058465958,0.16766460239887238
0.6980000000000005,0.05744555826694993,12.663286209106445,0.11370771877403366,0.3198670429555127,0.11795490235090256,0.16807381808757782
0.7000000000000005,0.057443576330785964,12.66880989074707,0.11396458078873015,0.3197019684211221,0.11831198632717133,0.1684923768043518
0.7020000000000005,0.0574451489102125,12.674806594848633,0.11419345906231754,0.3195052909999217,0.11863379925489426,0.1689205765724182
0.7040000000000005,0.05745027422698739,12.68124771118164,0.1143941567203706,0.31927675134777755,0.11891874670982361,0.16935332119464874
0.7060000000000005,0.05745894883438618,12.688156127929688,0.11456650550202573,0.3190161089745675,0.1191658079624176,0.16973930597305298
0.7080000000000005,0.05747116763658832,12.69578742980957,0.11471036633755514,0.31872314183662803,0.11936827003955841,0.1700662225484848
0.7100000000000005,0.05748692390052169,12.70387077331543,0.11482562712034834,0.31839764553410177,0.11920823156833649,0.17033465206623077
0.7120000000000005,0.05750620926891728,12.712557792663574,0.11491141391473135,0.318039432858558,0.1190398558974266,0.17054501175880432
0.7140000000000005,0.05752901376819483,12.721675872802734,0.11496578665081797,0.31764833311604457,0.11886174976825714,0.17069777846336365
0.7160000000000005,0.05755532581625878,12.731766700744629,0.11499055598176537,0.31722419166200677,0.11867251992225647,0.1707933247089386
0.7180000000000005,0.057585132226600416,12.742327690124512,0.11498690119124855,0.3167668693107648,0.11847098171710968,0.17083241045475006
0.7200000000000005,0.057618418211658425,12.753541946411133,0.11495481718183724,0.3162762418746477,0.11825596541166306,0.1708153486251831
0.7220000000000005,0.05765516738342984,12.765798568725586,0.11489432236644176,0.31575219963498086,0.11802668869495392,0.1707429587841034
0.7240000000000005,0.057695361753063126,12.778923034667969,0.11480545812225477,0.315194646893733,0.11778222024440765,0.17061564326286316
0.7260000000000005,0.05773898172833666,12.79362964630127,0.11468828789984419,0.31460350148989,0.117521733045578,0.1699773669242859
0.7280000000000005,0.05778600611005029,12.809221267700195,0.114542896671555,0.3139786943671403,0.11724473536014557,0.16903744637966156
0.7300000000000005,0.05783641208675874,12.825063705444336,0.11436939018103823,0.31332016912496713,0.11695060133934021,0.16807207465171814
0.7320000000000005,0.05789017522846698,12.841707229614258,0.11416789440723235,0.31262788160338384,0.11663903295993805,0.16708098351955414
0.7340000000000005,0.05794726947901141,12.858514785766602,0.11393855491603992,0.31190179946154645,0.11630965024232864,0.16606415808200836
0.7360000000000005,0.058007667147521806,12.875551223754883,0.11368153634948339,0.31114190177931444,0.11596223711967468,0.16502131521701813
0.7380000000000005,0.05807134038417137,12.893125534057617,0.11339702185359872,0.31034817865848585,0.11559667438268661,0.16395309567451477
0.7400000000000005,0.0581382700370736,12.911237716674805,0.1130852249042898,0.30952063084047826,0.1152128279209137,0.16285929083824158
0.7420000000000005,0.05820843364227746,12.930061340332031,0.11274646528730728,0.308659286415072,0.11481110751628876,0.16174007952213287
0.7440000000000005,0.0582818055915009,12.949697494506836,0.11238107862259704,0.30776430486794687,0.11439159512519836,0.16059595346450806
0.7460000000000006,0.05835835728002948,12.970144271850586,0.11198941545474034,0.3068358452648872,0.11395479738712311,0.15942636132240295
0.7480000000000006,0.05843805723694394,12.99111557006836,0.11157184049003727,0.30587406684896323,0.11350125074386597,0.1582326591014862
0.7500000000000006,0.058520871239548904,13.012557983398438,0.11112873191414005,0.3048791295587042,0.11303143203258514,0.15701434016227722
0.7520000000000006,0.05860676241371938,13.034290313720703,0.11066048081039642,0.30385119447795866,0.11254633218050003,0.15586234629154205
0.7540000000000006,0.05869569132167396,13.056983947753906,0.11016749063701875,0.3027904242214673,0.11204695701599121,0.1549704223871231
0.7560000000000006,0.05878761603854663,13.080646514892578,0.1096501767740071,0.3016969832646627,0.11153426766395569,0.154054194688797
0.7580000000000006,0.05888249221896942,13.105384826660156,0.10910896611328337,0.3005710382221112,0.11100994050502777,0.15311536192893982
0.7600000000000006,0.058980273154767664,13.130985260009766,0.10854429669790433,0.2994127580814004,0.1104755774140358,0.15215618908405304
0.7620000000000006,0.05908090982473479,13.15762710571289,0.1079566173936169,0.2982223143967276,0.10993349552154541,0.15117840468883514
0.7640000000000006,0.05918435093737596,13.185195922851562,0.10734638759598028,0.29699988144764383,0.10938629508018494,0.15018314123153687
0.7660000000000006,0.059290542967395554,13.213231086730957,0.10671407696264869,0.2957456363668114,0.10883721709251404,0.1491718888282776
0.7680000000000006,0.059399430186639346,13.241955757141113,0.10606016517275489,0.2944597592411649,0.10829038918018341,0.14814572036266327
0.7700000000000006,0.059510954690113534,13.271358489990234,0.1053851417071521,0.29314243318985417,0.10775113850831985,0.14710456132888794
0.7720000000000006,0.0596250564176497,13.301310539245605,0.10468950565091495,0.2917938444225361,0.10722619295120239,0.14604881405830383
0.7740000000000006,0.05974167317171507,13.331920623779297,0.10397376551463208,0.29041418228090515,0.10672391951084137,0.14497891068458557
0.7760000000000006,0.059860740631818996,13.363241195678711,0.10323843907577321,0.289003639266386,0.10625475645065308,0.14389480650424957
0.7780000000000006,0.05998219236591651,13.395281791687012,0.10248405323853374,0.28756241105645,0.1058323085308075,0.14279577136039734
0.7800000000000006,0.06010595983916711,13.426891326904297,0.10171114391354266,0.2860906965119613,0.10547254979610443,0.1416819989681244
0.7820000000000006,0.0602319724203682,13.45901870727539,0.10092025591712957,0.2845886976776427,0.10519382357597351,0.14055362343788147
0.7840000000000006,0.060360157386342574,13.492024421691895,0.10011194289173307,0.2830566197776783,0.10463865101337433,0.13941004872322083
0.7860000000000006,0.0604904399245347,13.525819778442383,0.09928676724806623,0.2814946712082166,0.10374753922224045,0.13825169205665588
0.7880000000000006,0.06062274313403462,13.560117721557617,0.09844530013085837,0.27990306352848643,0.10282502323389053,0.13707926869392395
0.7900000000000006,0.060756988025228845,13.594644546508789,0.09758812140944675,0.27828201145204384,0.10187216103076935,0.1358925700187683
0.7920000000000006,0.06089309351824397,13.629951477050781,0.0967158196952817,0.27663173283960424,0.10088944435119629,0.13469305634498596
0.7940000000000006,0.061025922255490125,13.665901184082031,0.09582899238811088,0.27495244869478275,0.09987787157297134,0.13348183035850525
0.7960000000000006,0.06115545767717015,13.703069686889648,0.0950080860912872,0.27324438316401545,0.09893464297056198,0.13335435092449188
0.7980000000000006,0.06128169139369438,13.74349308013916,0.0942526700257107,0.2715957771842338,0.09806033223867416,0.13318242132663727
0.8000000000000006,0.06140462310115388,13.779540061950684,0.09356147897701854,0.2700056800274335,0.09725460410118103,0.13296891748905182
0.8020000000000006,0.061524258801382375,13.817020416259766,0.09293391810084982,0.26847322493153336,0.09651772677898407,0.13272203505039215
0.8040000000000006,0.06164061062489756,13.851493835449219,0.09236888653153454,0.266997579872621,0.09584922343492508,0.13244418799877167
0.8060000000000006,0.06175369550409898,13.885198593139648,0.09186569037702354,0.26557798020906315,0.09524931758642197,0.13214166462421417
0.8080000000000006,0.061863534938187734,13.917152404785156,0.09142332838728971,0.2642136996795557,0.09471720457077026,0.1318172961473465
0.8100000000000006,0.061970154011488185,13.949274063110352,0.09104104464928801,0.2629040681159294,0.09425292909145355,0.1314760446548462
0.8120000000000006,0.06207358113599794,13.98029899597168,0.0907178959852647,0.26164845377736595,0.09385597705841064,0.13112026453018188
0.8140000000000006,0.062173847325094414,14.010721206665039,0.09045308599184537,0.2604462729023625,0.09352628886699677,0.13075408339500427
0.8160000000000006,0.06227098593980304,14.039673805236816,0.09024570385474298,0.25929697857588063,0.0932631641626358,0.13037993013858795
0.8180000000000006,0.06236503214923832,14.067473411560059,0.09009492608658731,0.2582000657720536,0.0930667594075203,0.130001500248909
0.8200000000000006,0.062456022696382396,14.092340469360352,0.0899998594349891,0.25715506409504824,0.09293649345636368,0.12962119281291962
0.8220000000000006,0.06254399549479239,14.116247177124023,0.08995966278051827,0.25616154030726723,0.0928722694516182,0.12924109399318695
0.8240000000000006,0.06262898942168725,14.139408111572266,0.08997345312604679,0.2552190934298907,0.09287402033805847,0.12886299192905426
0.8260000000000006,0.06271104401450316,14.161714553833008,0.09004037941035553,0.25432735585794486,0.09294167906045914,0.12848977744579315
0.8280000000000006,0.06279019929373027,14.183034896850586,0.090159566626344,0.25348598993147065,0.09307505190372467,0.12812219560146332
0.8300000000000006,0.06286649553320084,14.20315933227539,0.0903301606996685,0.2526946882497171,0.09327434748411179,0.127762109041214
0.8320000000000006,0.06293997311190626,14.222433090209961,0.09055092328752454,0.25195317117367083,0.09353944659233093,0.12741044163703918
0.8340000000000006,0.0630106723392656,14.240476608276367,0.09081921924225614,0.2512611866800723,0.09387054294347763,0.12706837058067322
0.8360000000000006,0.06307863333345268,14.256938934326172,0.0911341498904703,0.2506185084574766,0.09426774829626083,0.12673641741275787
0.8380000000000006,0.06314389588808816,14.272224426269531,0.09149510051838607,0.25002493548835003,0.09473089873790741,0.12641523778438568
0.8400000000000006,0.06320649937387668,14.286625862121582,0.09190146078143166,0.24948029052059156,0.09526032209396362,0.12610991299152374
0.8420000000000006,0.06326648263682556,14.30005168914795,0.09235263287088966,0.2489844194799291,0.0958559513092041,0.12583068013191223
0.8440000000000006,0.06332388391984041,14.312621116638184,0.09284802279515075,0.24853719017253642,0.09651750326156616,0.1255834996700287
0.8460000000000006,0.06337874078516345,14.324295043945312,0.0933870449681826,0.24813849158157714,0.0972442626953125,0.12536992132663727
0.8480000000000006,0.06343109005273802,14.335020065307617,0.09396911663457741,0.2477882327036119,0.09803598374128342,0.1251903921365738
0.8500000000000006,0.06348096774140327,14.34475040435791,0.09459366033931138,0.24748634175647413,0.09889139980077744,0.12504591047763824
0.8520000000000006,0.06352840902115965,14.35331916809082,0.0952601002980784,0.24723276508337866,0.09980912506580353,0.12493646144866943
0.8540000000000006,0.0635772101618452,14.360679626464844,0.09596786362468661,0.2470274662852984,0.10078692436218262,0.12486334145069122
0.8560000000000006,0.06362740521809117,14.383262634277344,0.09663204352738164,0.24687042514822147,0.10171330720186234,0.12447994947433472
0.8580000000000007,0.06367901958495369,14.401517868041992,0.09725380697935947,0.24666847584034424,0.10258799046278,0.12408550083637238
0.8600000000000007,0.06373207017831671,14.422566413879395,0.09783477952187299,0.2464225740912716,0.10341103374958038,0.1236811950802803
0.8620000000000007,0.06378656665086385,14.440696716308594,0.09837600040153206,0.24613355630615344,0.10418233275413513,0.12326716631650925
0.8640000000000007,0.06384251170411531,14.460428237915039,0.0988788264399252,0.24580219741158882,0.10490235686302185,0.1228436604142189
0.8660000000000007,0.06389990193242842,14.478409767150879,0.09934422723539049,0.24542918259259197,0.10557140409946442,0.12241150438785553
0.8680000000000007,0.06395872815989992,14.497159957885742,0.09977326453542253,0.2450151451884846,0.10619032382965088,0.121970534324646
0.8700000000000007,0.06401897604706147,14.515142440795898,0.10016676641732215,0.24456065122263176,0.1067594364285469,0.12152165174484253
0.8720000000000007,0.06408062640636585,14.534069061279297,0.10052563127871049,0.24406622415537244,0.10727954655885696,0.12106464058160782
0.8740000000000007,0.06414365565010723,14.552799224853516,0.10085060697493226,0.2435323370605907,0.1077517569065094,0.12060022354125977
0.8760000000000007,0.06420803606709942,14.571695327758789,0.10114247400869342,0.24295942884595356,0.10817693173885345,0.12012860924005508
0.8780000000000007,0.06427373615980912,14.590235710144043,0.10140191462957636,0.24234790081662194,0.10855582356452942,0.1196499764919281
0.8800000000000007,0.06434072087833173,14.609113693237305,0.10162962348169918,0.24169812739130156,0.1088893786072731,0.11916439980268478
0.8820000000000007,0.06440895187748574,14.628131866455078,0.10182623022378692,0.24101045506295124,0.1091785579919815,0.11866872012615204
0.8840000000000007,0.06447838771019418,14.647594451904297,0.10199236654548036,0.24028520956419275,0.10942452400922775,0.11815997213125229
0.8860000000000007,0.06454898402515276,14.667208671569824,0.1021286205951574,0.2395226960498618,0.10962805151939392,0.11763662099838257
0.8880000000000007,0.06462069372409676,14.687498092651367,0.1022355777078097,0.23872320395964092,0.10979024320840836,0.11709924787282944
0.8900000000000007,0.0646934671144281,14.707684516906738,0.10231379370589422,0.2378870077525192,0.10991176217794418,0.1165478378534317
0.8920000000000007,0.06476725203549413,14.728490829467773,0.10236381975660643,0.23701437026112931,0.10999374091625214,0.11598265916109085
0.8940000000000007,0.06484199397656039,14.749670028686523,0.10238618684490712,0.23610554361235842,0.11003699898719788,0.11540380120277405
0.8960000000000007,0.06491763617708345,14.771029472351074,0.1023814210272167,0.23516077158036633,0.11004216223955154,0.1148122027516365
0.8980000000000007,0.06499411971773907,14.792570114135742,0.10235003449675258,0.2341802905056921,0.11001032590866089,0.1142074465751648
0.9000000000000007,0.06507138359919241,14.814536094665527,0.10229253500980094,0.2331643309728383,0.109941765666008,0.1135905459523201
0.9020000000000007,0.0651493648120292,14.837021827697754,0.10220942082414657,0.2321131186414099,0.10983764380216599,0.11296211183071136
0.9040000000000007,0.06522799839793936,14.859779357910156,0.10210118657753069,0.23102687546024672,0.10969861596822739,0.11232271045446396
0.9060000000000007,0.06530721750305778,14.8829345703125,0.1019683204885286,0.22990582037949575,0.10952513664960861,0.11167291551828384
0.9080000000000007,0.06538695342488295,14.906408309936523,0.10181130806650754,0.22875017024140407,0.1093178242444992,0.11101389676332474
0.9100000000000007,0.06546713565253215,14.93016242980957,0.10163063062409189,0.227560140370931,0.10907722264528275,0.11034629493951797
0.9120000000000007,0.06554769190217004,14.954483032226562,0.10142676765554222,0.2263359452376135,0.10880409181118011,0.10967132449150085
0.9140000000000007,0.06562854814692407,14.97894287109375,0.10120019610199016,0.22507779893594143,0.10849876701831818,0.10899046063423157
0.9160000000000007,0.06570962864309281,15.003358840942383,0.10095139190782235,0.223785915683287,0.10819567739963531,0.10830453783273697
0.9180000000000007,0.06579085595188079,15.02786636352539,0.10068082971229131,0.22246051020662283,0.10792798548936844,0.10761500149965286
0.9200000000000007,0.06587215095822856,15.05273723602295,0.10038898389551071,0.22110179812229863,0.10762923210859299,0.10692337155342102
0.9220000000000007,0.06595343288604714,15.077829360961914,0.10007632850739334,0.21970999624672605,0.1072995662689209,0.10623075067996979
0.9240000000000007,0.06603461931114477,15.103246688842773,0.09974333799483026,0.21828532289101563,0.1069391593337059,0.10553916543722153
0.9260000000000007,0.06611562617127052,15.129106521606445,0.09915811622590412,0.21682799811226242,0.1065482571721077,0.10484999418258667
0.9280000000000007,0.06619636777429037,15.154618263244629,0.09837858731833313,0.21533824394741471,0.10612723231315613,0.1041642352938652
0.9300000000000007,0.06627675680405459,15.180009841918945,0.09758554627130253,0.2138162846199946,0.1056760773062706,0.10348417609930038
0.9320000000000007,0.06635670432471913,15.205928802490234,0.09677923952994928,0.21226234673165192,0.10519487410783768,0.10281099379062653
0.9340000000000007,0.06643611978320264,15.232566833496094,0.09595992308198371,0.2106766594371931,0.10468385368585587,0.1021459549665451
0.9360000000000007,0.06651480825732081,15.259492874145508,0.09512786319983277,0.20905945460818443,0.10414312779903412,0.10149043798446655
0.9380000000000007,0.06659256193939674,15.286008834838867,0.09428424267078027,0.20741096698739125,0.10357442498207092,0.10084962844848633
0.9400000000000007,0.06666919901313346,15.311983108520508,0.0934304341856674,0.20573304613565252,0.10297976434230804,0.10022101551294327
0.9420000000000007,0.06674267684685667,15.337593078613281,0.092567669342394,0.20402795576141938,0.10236183553934097,0.09960264712572098
0.9440000000000007,0.06681306074981451,15.367053985595703,0.0917417051691139,0.20229779226293074,0.10176145285367966,0.09973729401826859
0.9460000000000007,0.0668805182896618,15.397069931030273,0.09095312698168379,0.20062268615621057,0.101178377866745,0.09986907988786697
0.9480000000000007,0.06694392680136808,15.422658920288086,0.09020225530459636,0.1990017989958207,0.10061291605234146,0.09999752789735794
0.9500000000000007,0.06700634997990453,15.448319435119629,0.08948800244142227,0.19743435944376103,0.10006522387266159,0.10012351721525192
0.9520000000000007,0.06706591859114736,15.472566604614258,0.08875646700800363,0.1959196686698623,0.09949072450399399,0.09960340708494186
0.9540000000000007,0.06712272850811483,15.491775512695312,0.08805777839445242,0.1943712388969412,0.09895046055316925,0.09930933266878128
0.9560000000000007,0.06717687380494977,15.513814926147461,0.08739234972479046,0.1928681005477525,0.09844601899385452,0.09905476868152618
0.9580000000000007,0.06722844490340953,15.531890869140625,0.08676019229493306,0.19141056521778194,0.09797867387533188,0.09883997589349747
0.9600000000000007,0.06727753023440886,15.552169799804688,0.08616548634284306,0.18999894022088895,0.09755057096481323,0.09866448491811752
0.9620000000000007,0.06732421514894119,15.568999290466309,0.08561150140972347,0.18863355305804766,0.09716290235519409,0.09852717816829681
0.9640000000000007,0.06736858296047889,15.58658218383789,0.08509898513974905,0.1873147361742986,0.09681732952594757,0.09842699766159058
0.9660000000000007,0.06741071432215229,15.601747512817383,0.0846285488016793,0.18604284498765036,0.09651542454957962,0.09836180508136749
0.9680000000000007,0.06745068788191788,15.61707592010498,0.08420091194683635,0.18481824717325226,0.096258744597435,0.09833045303821564
0.9700000000000008,0.0674885799381754,15.63064956665039,0.08381670363959395,0.18364133584229692,0.0960487499833107,0.09832992404699326
0.9720000000000008,0.06752446485466193,15.644159317016602,0.0834766162389736,0.18251252203824733,0.09588676691055298,0.09836957603693008
0.9740000000000008,0.06755841488405143,15.656099319458008,0.0831760425144329,0.18143224422089843,0.0957743227481842,0.09846039116382599
0.9760000000000008,0.06759050044397136,15.668581008911133,0.08290995237345415,0.1804009145101757,0.09571244567632675,0.0986156240105629
0.9780000000000008,0.06762079002459039,15.680355072021484,0.08267813071240596,0.179418869938201,0.09570160508155823,0.09883659332990646
0.9800000000000008,0.06764935035946733,15.69168472290039,0.08248036778319322,0.17848648508759968,0.09574296325445175,0.0991203561425209
0.9820000000000008,0.06767624638619482,15.702140808105469,0.08231641692623841,0.1776041750054723,0.09583691507577896,0.09946594387292862
0.9840000000000008,0.06770154136088098,15.712438583374023,0.0821869887265923,0.1767723911101015,0.09598392248153687,0.09987232834100723
0.9860000000000008,0.06772529684758498,15.722146987915039,0.08210123241235853,0.17599162269575105,0.09618380665779114,0.10034051537513733
0.9880000000000008,0.06774756442829258,15.728500366210938,0.08206187442757093,0.17526239349195152,0.09643663465976715,0.10087184607982635
0.9900000000000008,0.06776839638312374,15.734249114990234,0.08206943553233828,0.17459722190099836,0.09674276411533356,0.10147283226251602
0.9920000000000008,0.06778784541707315,15.739888191223145,0.08212438540851545,0.17399561907549646,0.09710131585597992,0.10214920341968536
0.9940000000000008,0.06780596401679669,15.744373321533203,0.0822290663224556,0.173457205818606,0.09751182049512863,0.1029103621840477
0.9960000000000008,0.06782280462985031,15.748310089111328,0.0823838155569459,0.17298205800171193,0.097972571849823,0.10377179831266403
0.9980000000000008,0.06783841950678096,15.752060890197754,0.08258893016777438,0.17257008646881117,0.09848169982433319,0.1047535166144371
1.0000000000000007,0.06785286046743425,15.755207061767578,0.08284236152285061,0.17222126432117324,0.09903646260499954,0.1058133915066719
1.0020000000000007,0.06786617876683962,15.757919311523438,0.08313102617428954,0.17193561904883484,0.09963393211364746,0.10689209401607513
1.0040000000000007,0.06787913510867488,15.759906768798828,0.08345218542954229,0.17171322934337788,0.10027047246694565,0.10802411288022995
1.0060000000000007,0.06789168534946288,15.769660949707031,0.08373906579965122,0.17155421795004017,0.10087303817272186,0.10788846015930176
1.0080000000000007,0.06790378067943624,15.775014877319336,0.08400522159091005,0.17135495202913378,0.10144057869911194,0.10776412487030029
1.0100000000000007,0.06791536989037078,15.78437614440918,0.08425226108037422,0.17111522591258307,0.1019725427031517,0.10765029489994049
1.0120000000000007,0.067926401136178,15.79127025604248,0.08446757462208132,0.17083518403624112,0.10246976464986801,0.10754778981208801
1.0140000000000007,0.067936822465161,15.800590515136719,0.08465044252782512,0.17051515284587074,0.10293424874544144,0.10745473951101303
1.0160000000000007,0.06794658146770656,15.808496475219727,0.08480166876307296,0.17015547788530522,0.10336765646934509,0.1073710024356842
1.0180000000000007,0.06795562561882597,15.8182373046875,0.08492400305595137,0.169756495573814,0.10377319902181625,0.10729551315307617
1.0200000000000007,0.06796390208006639,15.827234268188477,0.08502903573528835,0.16931855605254226,0.10415300726890564,0.10722745209932327
1.0220000000000007,0.0679713579258523,15.837455749511719,0.08511863756666055,0.1688420053234344,0.1045105829834938,0.10716637223958969
1.0240000000000007,0.06797794004032615,15.84727668762207,0.08519288519597194,0.16832719975150925,0.10484826564788818,0.1071116030216217
1.0260000000000007,0.0679835952728413,15.858001708984375,0.08525188143371053,0.16777449473834605,0.10516892373561859,0.10706237703561783
1.0280000000000007,0.06798827039295377,15.868659973144531,0.08529573082614024,0.1671842539354445,0.10547424107789993,0.107018381357193
1.0300000000000007,0.06799191220281281,15.880254745483398,0.08532133656683884,0.16655684204729962,0.10576613992452621,0.1069788858294487
1.0320000000000007,0.06799446752758286,15.891921997070312,0.08532034214429052,0.1658926306849291,0.10604563355445862,0.10694820433855057
1.0340000000000007,0.06799588330157881,15.904474258422852,0.08529285855137525,0.16519199378275037,0.10631303489208221,0.10693511366844177
1.0360000000000007,0.06799610658010988,15.917303085327148,0.0852394683111376,0.16445531131406094,0.10656890273094177,0.10693451017141342
1.0380000000000007,0.06799508460951456,15.930612564086914,0.08516648272436927,0.16368296636422042,0.10681217908859253,0.10694576054811478
1.0400000000000007,0.06799276485180031,15.9439697265625,0.0850801593110771,0.16287534748381333,0.10704221576452255,0.10695281624794006
1.0420000000000007,0.06798909504465502,15.957706451416016,0.0849806179410243,0.16203284681228872,0.10725776851177216,0.10693857818841934
1.0440000000000007,0.06798402323356237,15.971794128417969,0.08486798784471494,0.16115586156228487,0.10745716840028763,0.10690277069807053
1.0460000000000007,0.06797749782540151,15.986017227172852,0.08474240974300778,0.16024479280991674,0.10763867944478989,0.106846384704113
1.0480000000000007,0.06796946762475403,16.000141143798828,0.08460403399863398,0.15930004642464726,0.10780019313097,0.1067701131105423
1.0500000000000007,0.06795988188321939,16.014678955078125,0.08445302160483616,0.15832203228284736,0.10794015973806381,0.10667409002780914
1.0520000000000007,0.06794934608462763,16.0295352935791,0.08428873163836204,0.15731116484370442,0.10774242132902145,0.1065588891506195
1.0540000000000007,0.06793981880920079,16.045024871826172,0.08410395787197485,0.15626786263160744,0.10738600045442581,0.10642385482788086
1.0560000000000007,0.06793147234400995,16.06106948852539,0.0838973295285057,0.15519254858602285,0.10702455043792725,0.10626956820487976
1.0580000000000007,0.0679243478724101,16.077377319335938,0.08366929820432126,0.15408564971460853,0.1066584512591362,0.10609545558691025
1.0600000000000007,0.06791848598857136,16.093643188476562,0.08342030648991311,0.15294759729867136,0.10628783702850342,0.10590140521526337
1.0620000000000007,0.06791392666300358,16.109914779663086,0.08315141530055609,0.1517788266546403,0.10591203719377518,0.10568757355213165
1.0640000000000007,0.06791070920559708,16.126285552978516,0.08286319768897887,0.15057977724713417,0.10553168505430222,0.10545387119054794
1.0660000000000007,0.06790887223058827,16.14275360107422,0.08255528287777024,0.14935089251905467,0.10514634847640991,0.10520030558109283
1.0680000000000007,0.0679084536201176,16.159221649169922,0.08222808319478443,0.14809261994536604,0.10475610941648483,0.10492723435163498
1.0700000000000007,0.06790949048905592,16.175445556640625,0.08188200441087794,0.146805410906422,0.1043609231710434,0.1046353429555893
1.0720000000000007,0.06791201914912036,16.191680908203125,0.08151744613543704,0.14548972070343996,0.10396089404821396,0.1043248176574707
1.0740000000000007,0.06791607507389319,16.207895278930664,0.08113480215805023,0.14414600845875708,0.10355602949857712,0.1039968803524971
1.0760000000000007,0.06792169286358417,16.22327423095703,0.08073446081768033,0.1427747371062222,0.1031465083360672,0.10365195572376251
1.0780000000000007,0.06792890621051444,16.238636016845703,0.0803168052968909,0.1413763733078302,0.10273200273513794,0.10329131782054901
1.0800000000000007,0.06793774786465656,16.254121780395508,0.07988221395576332,0.13995138742728666,0.10231292247772217,0.10291588306427002
1.0820000000000007,0.06794824959981868,16.26980209350586,0.07943336106303812,0.13850025345611672,0.10188919305801392,0.10252709686756134
1.0840000000000007,0.06796044218011071,16.2858943939209,0.07897577708157558,0.1370234489754637,0.10146089643239975,0.10212580859661102
1.0860000000000007,0.06797435532705086,16.301916122436523,0.07850991758116423,0.13552145508708854,0.10102798789739609,0.10171351581811905
1.0880000000000007,0.06799001768712121,16.317893981933594,0.0780360442979442,0.13399475636643324,0.10059110075235367,0.10129126161336899
1.0900000000000007,0.06800745680000371,16.333831787109375,0.0775544274816026,0.13244384079539206,0.10014968365430832,0.1008606106042862
1.0920000000000007,0.06802506733753849,16.34932518005371,0.07706534585354355,0.13086919970837962,0.09970423579216003,0.10042241960763931
1.0940000000000007,0.06804055927190121,16.366758346557617,0.07661075401987985,0.1292713277246981,0.09928649663925171,0.10048758238554001
1.0960000000000008,0.06805389621219515,16.386869430541992,0.07619155855258691,0.12770347298575355,0.09889649599790573,0.10056320577859879
1.0980000000000008,0.06806506833894072,16.40397834777832,0.07580476637278667,0.12616614594046419,0.09853465110063553,0.10065028071403503
1.1000000000000008,0.06807406840939965,16.422483444213867,0.075444571469502,0.12465985289400167,0.09820108860731125,0.10074807703495026
1.1020000000000008,0.06808089108793483,16.439435958862305,0.07511071246299361,0.12318517554351492,0.0978960245847702,0.10085764527320862
1.1040000000000008,0.06808553275218618,16.45652961730957,0.07480294976909774,0.12174272982433174,0.09761932492256165,0.10097850114107132
1.1060000000000008,0.06808799103592741,16.471969604492188,0.0745210693572011,0.1203332185066229,0.09737154841423035,0.10111062228679657
1.1080000000000008,0.06808826467941868,16.488306045532227,0.07426782865513963,0.11895740763219714,0.09715265780687332,0.1012541726231575
1.1100000000000008,0.0680863532188206,16.504207611083984,0.07405342159484027,0.1176161615223722,0.09696297347545624,0.10140921920537949
1.1120000000000008,0.06808225687662108,16.520130157470703,0.07387947009142669,0.11631042988115724,0.09680266678333282,0.10157528519630432
1.1140000000000008,0.0680759763528473,16.535659790039062,0.07374682891810003,0.11504127117419315,0.09667173773050308,0.10175266861915588
1.1160000000000008,0.06806751254308332,16.55181884765625,0.07365671139785844,0.11380984586098473,0.09657058864831924,0.10194380581378937
1.1180000000000008,0.06805686652605404,16.567184448242188,0.07360957968751129,0.11261694017393592,0.09649945795536041,0.10214488208293915
1.1200000000000008,0.06804403951101934,16.582014083862305,0.07360533483665498,0.11146388152976124,0.09645812213420868,0.10236293822526932
1.1220000000000008,0.06802903280021382,16.596837997436523,0.07363247423459236,0.11035212810200652,0.0964471623301506,0.10262861102819443
1.1240000000000008,0.0680118477568058,16.611610412597656,0.07368622316442447,0.10928326947676746,0.09646644443273544,0.10294496268033981
1.1260000000000008,0.0679924857830852,16.626115798950195,0.07376647635737896,0.10825902581966931,0.09651617705821991,0.10331150144338608
1.1280000000000008,0.06797094830259971,16.640281677246094,0.07387334901319192,0.10728124664080138,0.09659665077924728,0.10372750461101532
1.1300000000000008,0.06794850542136839,16.654239654541016,0.07401869255416516,0.10635190803639885,0.09670796990394592,0.10419195890426636
1.1320000000000008,0.0679276728595828,16.668004989624023,0.07420149003234612,0.10547310902121146,0.09685049951076508,0.10470479726791382
1.1340000000000008,0.06790851982363703,16.681344985961914,0.07441061657150783,0.10464706621279089,0.09702401608228683,0.10526429116725922
1.1360000000000008,0.06789104693601197,16.695228576660156,0.07464584113200372,0.10387610720446946,0.0972290188074112,0.10587050765752792
1.1380000000000008,0.06787525455047583,16.708850860595703,0.07490699888230047,0.10316266214597271,0.09746585041284561,0.10652682185173035
1.1400000000000008,0.06786114275772896,16.722341537475586,0.07520376106907332,0.10250925372650556,0.09773427993059158,0.10724347829818726
1.1420000000000008,0.06784871138886542,16.73548126220703,0.07554756522174659,0.10191848527441368,0.09803462028503418,0.10802058130502701
1.1440000000000008,0.06783796001633434,16.748558044433594,0.07593878377855419,0.10139302712495032,0.09836742281913757,0.10885723680257797
1.1460000000000008,0.06782888795334834,16.761409759521484,0.07637773248996188,0.10093560114097246,0.09873249381780624,0.10975287854671478
1.1480000000000008,0.06782149425159865,16.774038314819336,0.07686468086047468,0.10054896356795334,0.09913020581007004,0.11070700734853745
1.1500000000000008,0.06781577769789036,16.78626251220703,0.07739985082929139,0.10023588627290565,0.09956077486276627,0.11171909421682358
1.1520000000000008,0.0678119295272208,16.79791259765625,0.07798341611668384,0.09999913662800916,0.10002432018518448,0.11278834193944931
1.1540000000000008,0.0678098286720921,16.815879821777344,0.07855694165623779,0.09984145624815616,0.10047559440135956,0.11282553523778915
1.1560000000000008,0.06780933494157708,16.83150863647461,0.07910435619212448,0.0996927225621558,0.10091396421194077,0.11296059191226959
1.1580000000000008,0.06781031210710742,16.846323013305664,0.0796208088233312,0.0995487335887108,0.10133625566959381,0.11299478262662888
1.1600000000000008,0.06781264863615018,16.857948303222656,0.08011125689559401,0.09940750780591295,0.10173869132995605,0.11281312257051468
1.1620000000000008,0.06781624406371398,16.86931610107422,0.08057304827854823,0.09926784172884634,0.10212048143148422,0.11256077885627747
1.1640000000000008,0.06782099806179002,16.879947662353516,0.08100470124030872,0.09912860398506367,0.10248181968927383,0.11230400949716568
1.1660000000000008,0.06782681099286253,16.890583038330078,0.08140760219649716,0.09898884181450159,0.10282256454229355,0.11204364150762558
1.1680000000000008,0.0678335841428788,16.900320053100586,0.08178310661686512,0.09884771039023384,0.10314380377531052,0.11178116500377655
1.1700000000000008,0.067841220137568,16.909826278686523,0.08213242956142992,0.09870443835577764,0.10344545543193817,0.11151748150587082
1.1720000000000008,0.06784962315432083,16.918581008911133,0.08246148809698178,0.09855833297871495,0.10372739285230637,0.11125349998474121
1.1740000000000008,0.06785869923747156,16.927371978759766,0.0827765001367449,0.09840875822115436,0.10399019718170166,0.11099061369895935
1.1760000000000008,0.06786835648151504,16.93583869934082,0.08307724458668427,0.09825513696066275,0.10423403978347778,0.11072944104671478
1.1780000000000008,0.06787852275549938,16.94383430480957,0.08336346416518019,0.09809693717720709,0.10445873439311981,0.11047057062387466
1.1800000000000008,0.06788913421196169,16.95138168334961,0.08363502537193464,0.09793367292769921,0.10466516017913818,0.11023447662591934
1.1820000000000008,0.06790013350165396,16.958934783935547,0.08389182408923332,0.09776418538715134,0.10485359281301498,0.11001908034086227
1.1840000000000008,0.0679114692050894,16.966381072998047,0.08413379747042361,0.09758736225020388,0.10502495616674423,0.10982147604227066
1.1860000000000008,0.06792309532742526,16.973636627197266,0.08436090155176774,0.09740219433563894,0.10517940670251846,0.10963849723339081
1.1880000000000008,0.06793497080313256,16.98031234741211,0.08457312185791803,0.09720777028046355,0.10531751811504364,0.1094682440161705
1.1900000000000008,0.06794705905261701,16.986616134643555,0.08477045936491827,0.09700326761472922,0.1054399311542511,0.10930802673101425
1.1920000000000008,0.06795932755756473,16.992490768432617,0.08495284641533282,0.09678794725931734,0.10554676502943039,0.10915620625019073
1.1940000000000008,0.06797174747934029,16.998348236083984,0.08511765307895762,0.09656114600157281,0.10563883185386658,0.10901080816984177
1.1960000000000008,0.06798429329962152,17.004043579101562,0.08526405650085221,0.09632227125103622,0.10571593791246414,0.10887040197849274
1.1980000000000008,0.06799694249686292,17.009540557861328,0.08539257388010728,0.09607079471921622,0.105778768658638,0.10873343050479889
1.2000000000000008,0.06800967524536598,17.014572143554688,0.08550368798373303,0.09580624765605691,0.10582780838012695,0.10859911888837814
1.2020000000000008,0.06802247414417378,17.019145965576172,0.08559784770916674,0.09552821556369806,0.10586313903331757,0.1084660217165947
1.2040000000000008,0.06803531990662239,17.02336311340332,0.08567547324147187,0.09523633399924691,0.10588506609201431,0.10833317786455154
1.2060000000000008,0.0680477302205672,17.027446746826172,0.08573695699859551,0.09493028417141844,0.10589408874511719,0.10819879174232483
1.2080000000000009,0.06805941371484114,17.031394958496094,0.08578266754955834,0.09460978931693922,0.10589029639959335,0.10805466026067734
1.2100000000000009,0.06807041478924196,17.03531265258789,0.0858129507183642,0.0942746110456697,0.1058739498257637,0.10789915174245834
1.2120000000000009,0.06808077455052045,17.039133071899414,0.0858281325865391,0.09392454625616536,0.1058453842997551,0.10773268342018127
1.2140000000000009,0.06809053106236407,17.042686462402344,0.08582927115422151,0.09355942411081995,0.10580482333898544,0.10755519568920135
1.2160000000000009,0.06809971957631193,17.04605484008789,0.08581746842042036,0.0931791034363739,0.10575244575738907,0.10736684501171112
1.2180000000000009,0.06810837274580696,17.049142837524414,0.08579280556565885,0.09278347022593068,0.10568847507238388,0.10716760158538818
1.2200000000000009,0.0681165208237607,17.05214500427246,0.085755365851069,0.09237243546346256,0.1056131049990654,0.10695786029100418
1.2220000000000009,0.06812419184533887,17.05511474609375,0.08570523703964315,0.0919459330639721,0.10552651435136795,0.10673746466636658
1.2240000000000009,0.06813141179656843,17.057876586914062,0.08564251124298594,0.0915039180616037,0.10542932897806168,0.10650666058063507
1.2260000000000009,0.0681382047701272,17.060522079467773,0.08556728439644605,0.09104636491247134,0.10532107204198837,0.10626588016748428
1.2280000000000009,0.06814459310900157,17.063093185424805,0.0854796560984117,0.09057326599035184,0.10520241409540176,0.10601479560136795
1.2300000000000009,0.06815059753911233,17.06564712524414,0.08537972922893527,0.09008463018856809,0.10507318377494812,0.1057538166642189
1.2320000000000009,0.06815623729159459,17.068241119384766,0.08526760979771607,0.08958048167332042,0.10493388772010803,0.10548307746648788
1.2340000000000009,0.06816153021563993,17.0709228515625,0.08514340666215117,0.0890608587314378,0.10478448122739792,0.10520271211862564
1.2360000000000009,0.06816649288253983,17.073678970336914,0.0850072313908269,0.08852581273797412,0.10462535917758942,0.10491298884153366
1.2380000000000009,0.06817114068168495,17.076459884643555,0.08485918863220074,0.08797540720564044,0.1044565960764885,0.10461384057998657
1.2400000000000009,0.06817548790910155,17.079240798950195,0.08469903198631897,0.08740971692967503,0.10427799820899963,0.10430587083101273
1.2420000000000009,0.06817954784914994,17.082067489624023,0.08452674651629433,0.08682882720244205,0.1040901243686676,0.10398867726325989
1.2440000000000009,0.06818333284990143,17.08489227294922,0.08434251991975429,0.08623283310442875,0.10389328002929688,0.10366310924291611
1.2460000000000009,0.06818685439271856,17.08770751953125,0.08414653586649125,0.08562183885397848,0.10368721187114716,0.10332870483398438
1.2480000000000009,0.06819012315648351,17.090412139892578,0.08393897441624731,0.08499595721843968,0.1034722551703453,0.10298622399568558
1.2500000000000009,0.06819314907691876,17.09305763244629,0.08372001237751191,0.08435530897440599,0.10324867069721222,0.10263577103614807
1.252000000000001,0.06819594140138527,17.09565544128418,0.08348982365236636,0.0837000224175255,0.10301651805639267,0.10227710008621216
1.254000000000001,0.06819850873952334,17.09818458557129,0.0832485795368741,0.08303023291311847,0.10277603566646576,0.1019110158085823
1.256000000000001,0.06820085911007542,17.100730895996094,0.08299644900614728,0.08234608248695399,0.10252729803323746,0.10153753310441971
1.258000000000001,0.06820299998419341,17.1032772064209,0.08273359896533616,0.08164771944984296,0.1022702157497406,0.10115659981966019
1.260000000000001,0.06820493832551801,17.1058292388916,0.08246019448545809,0.08093529805488475,0.10200552642345428,0.10076871514320374
1.262000000000001,0.06820668062728721,17.108386993408203,0.08217643388746283,0.08020897818270442,0.10173285752534866,0.10037403553724289
1.264000000000001,0.06820828989590574,17.11113929748535,0.08188260513376841,0.07946892505334044,0.10145258903503418,0.09997283667325974
1.266000000000001,0.06820969592056729,17.113300323486328,0.08162924609056359,0.07871530896131691,0.10120347887277603,0.10020329803228378
1.268000000000001,0.06821094911991811,17.116369247436523,0.08136556140739262,0.07801593624270266,0.1009468138217926,0.09982559829950333
1.270000000000001,0.0682119944073114,17.11787986755371,0.08114240400732747,0.07730361995303167,0.10072125494480133,0.10006094723939896
1.272000000000001,0.06821286784133894,17.121097564697266,0.08090873797695977,0.07664600572752725,0.10048768669366837,0.09970673173666
1.274000000000001,0.068213550464506,17.122013092041016,0.08071565792654696,0.07597600611364828,0.10028515011072159,0.09994708001613617
1.276000000000001,0.0682140132924518,17.123491287231445,0.08056262995839991,0.07536115492059477,0.10011408478021622,0.10019567608833313
1.278000000000001,0.06821426773136598,17.12563705444336,0.08039913765850323,0.07480197953055279,0.09993446618318558,0.09989428520202637
1.280000000000001,0.06821429439059352,17.12757110595703,0.08027599460980839,0.0742312649471824,0.0997861921787262,0.10014832764863968
1.282000000000001,0.06821407344832564,17.12950897216797,0.08019316988196787,0.07371663523761966,0.09966898709535599,0.10041169077157974
1.284000000000001,0.06821358463797479,17.13168716430664,0.08015070514814784,0.07325859759702967,0.0995827317237854,0.10068433731794357
1.286000000000001,0.06821280725045774,17.133811950683594,0.08014863190950039,0.07285766982188707,0.0995277687907219,0.10096705704927444
1.288000000000001,0.06821172012604904,17.135887145996094,0.08018703199205782,0.07251438923044322,0.09950437396764755,0.10125990211963654
1.290000000000001,0.06821030165542462,17.138198852539062,0.08026598594684309,0.07222930706512035,0.09951214492321014,0.10156305134296417
1.292000000000001,0.06820852977531175,17.140443801879883,0.08038560931901576,0.07200299297914353,0.09955140948295593,0.10187730193138123
1.294000000000001,0.06820638196966484,17.142433166503906,0.08054602029675967,0.07183603052758852,0.09962286800146103,0.10220279544591904
1.296000000000001,0.06820383526816852,17.14432144165039,0.08074736110676702,0.07172901849838656,0.09972578287124634,0.1025639995932579
1.298000000000001,0.06820086624821502,17.145984649658203,0.08098977753802034,0.07168256668433848,0.09986083209514618,0.10297732055187225
1.300000000000001,0.06819765149642223,17.14745330810547,0.0812734312576573,0.07169729498877826,0.1000283882021904,0.1034432053565979
1.302000000000001,0.06819422152746375,17.147106170654297,0.08154492771321577,0.07177382913033392,0.1001858115196228,0.10342241078615189
1.304000000000001,0.06819060395014317,17.1464900970459,0.08180454902336551,0.07184198378093799,0.10033325850963593,0.10340290516614914
1.306000000000001,0.06818682373624861,17.14617919921875,0.08205233125504283,0.07190129073877756,0.10047103464603424,0.10338353365659714
1.308000000000001,0.06818290343739081,17.14593505859375,0.0822884830427065,0.0719513418105647,0.10059921443462372,0.1033642366528511
1.310000000000001,0.068178863409054,17.146221160888672,0.08251306184704897,0.07199175199690533,0.10071811079978943,0.10334412753582001
1.312000000000001,0.06817472200189129,17.146591186523438,0.08272622821634072,0.0720221836899512,0.10082768648862839,0.10332314670085907
1.314000000000001,0.0681704957484719,17.14689826965332,0.08292804949133505,0.07204232398747522,0.10092819482088089,0.10330028086900711
1.316000000000001,0.06816619952813102,17.14716148376465,0.08311865444231584,0.07205189828391254,0.10101998597383499,0.1032758355140686
1.318000000000001,0.06816184672239813,17.14745330810547,0.08329799611678824,0.07205065596670515,0.10110287368297577,0.10324873775243759
1.320000000000001,0.06815744935474853,17.147737503051758,0.08346550546695154,0.07203837787180117,0.10117711126804352,0.10321954637765884
1.322000000000001,0.06815301821962738,17.148113250732422,0.08362123184089965,0.07201486704018337,0.10124277323484421,0.10318712145090103
1.324000000000001,0.06814856299954568,17.14846420288086,0.0837653650503567,0.0719799526304173,0.10129987448453903,0.1031513586640358
1.326000000000001,0.06814409237184696,17.148849487304688,0.08389806434703802,0.07193348378763449,0.10134880989789963,0.10310980677604675
1.328000000000001,0.06813961410598023,17.14920997619629,0.084019496290545,0.07187533152602289,0.10138936340808868,0.10306216031312943
1.330000000000001,0.06813513515155332,17.14957046508789,0.08412980604629834,0.07180538455151647,0.10142193734645844,0.10300858318805695
1.332000000000001,0.06813066171862091,17.14995574951172,0.08422914171576525,0.07172355000002831,0.101446233689785,0.10294872522354126
1.334000000000001,0.06812619935006486,17.15030288696289,0.08431763626052456,0.0716297505137722,0.10146258771419525,0.10288236290216446
1.336000000000001,0.06812175298753688,17.150619506835938,0.08439542313386697,0.07152392435367182,0.10147112607955933,0.10280986875295639
1.338000000000001,0.06811732703077501,17.15093231201172,0.0844626249644682,0.0714060232992934,0.10147177428007126,0.10273067653179169
1.340000000000001,0.06811292539155396,17.15123748779297,0.08451936360889385,0.07127601243727717,0.10146467387676239,0.10264509916305542
1.342000000000001,0.06810855154216154,17.151525497436523,0.0845657531159697,0.07113386861594286,0.10144995898008347,0.10255307704210281
1.344000000000001,0.06810420855940225,17.151826858520508,0.08460190620499294,0.07097958008341695,0.10142743587493896,0.10245425999164581
1.346000000000001,0.0680998991641153,17.152175903320312,0.08462792992819788,0.07081314532537011,0.10139761865139008,0.10234891623258591
1.348000000000001,0.06809562575698065,17.152530670166016,0.08464392985985851,0.07063457265062563,0.10136013478040695,0.10223693400621414
1.350000000000001,0.06809139045066381,17.152809143066406,0.08465000745057867,0.07044387930023668,0.10131536424160004,0.10211823880672455
1.352000000000001,0.06808719509889398,17.153072357177734,0.08464626274958806,0.07024109103359497,0.10126320272684097,0.10199308395385742
1.354000000000001,0.06808304132256508,17.153350830078125,0.08463279281362371,0.07002624143429226,0.10120398551225662,0.10186117887496948
1.356000000000001,0.068078930533312,17.153636932373047,0.08460969348788504,0.06979937152355764,0.10113727301359177,0.1017225906252861
1.358000000000001,0.06807486395467767,17.154029846191406,0.0845770584676552,0.06956052921197874,0.10106350481510162,0.10157764703035355
1.360000000000001,0.06807084264120493,17.154521942138672,0.08453498047349654,0.06930976895201711,0.10098285228013992,0.1014261320233345
1.362000000000001,0.06806686749558295,17.155048370361328,0.08448355071333921,0.06904715129995255,0.10089492797851562,0.10126814991235733
1.364000000000001,0.06806293928409958,17.15558433532715,0.08442285966626069,0.0687727426107847,0.10080015659332275,0.10110372304916382
1.366000000000001,0.06805905865052221,17.15607452392578,0.084352996787476,0.06848661468485887,0.10069864988327026,0.10093307495117188
1.368000000000001,0.06805522612860095,17.156543731689453,0.08427405103775057,0.06818884450396127,0.10059022158384323,0.10075592249631882
1.370000000000001,0.06805144215330432,17.157028198242188,0.08418611073346054,0.06787951394392006,0.10047528892755508,0.10057263821363449
1.372000000000001,0.06804770707094297,17.157522201538086,0.08408926390944814,0.0675587095484955,0.10035336017608643,0.10038302838802338
1.374000000000001,0.06804402114826953,17.15802764892578,0.0839835982538502,0.06722652229398556,0.10022515803575516,0.10018767416477203
1.376000000000001,0.06803998947217996,17.15854263305664,0.08386920136084297,0.0668830473966377,0.10009057074785233,0.09998619556427002
1.378000000000001,0.06803560694730523,17.16012954711914,0.08379667600444371,0.06652838411865424,0.09998989850282669,0.10016840696334839
1.380000000000001,0.06803086736357672,17.161544799804688,0.0837656239312686,0.0662317718200004,0.09992348402738571,0.10035986453294754
1.382000000000001,0.06802576350958275,17.163328170776367,0.08377593704257233,0.06599363939958039,0.09989102184772491,0.10056091845035553
1.384000000000001,0.06802034795809007,17.165176391601562,0.08382731423247487,0.06581437599357251,0.09989269077777863,0.10077198594808578
1.386000000000001,0.06801470369085605,17.16701316833496,0.08391963844897608,0.06569436209580648,0.09992831945419312,0.1009928435087204
1.388000000000001,0.06800884533045115,17.168758392333984,0.08405267729127827,0.06563395202269919,0.09999813884496689,0.1012272834777832
1.390000000000001,0.06800324349594722,17.170433044433594,0.08422655038211688,0.06563349335771551,0.10010197758674622,0.10150650143623352
1.392000000000001,0.06799788521525568,17.169401168823242,0.0843902035986885,0.06569331680654335,0.10019812732934952,0.10153336077928543
1.394000000000001,0.06799275827236817,17.168537139892578,0.08454394903915147,0.06574325344611041,0.10028662532567978,0.10155566036701202
1.396000000000001,0.06798785105431815,17.167736053466797,0.08468776391908688,0.06578308430819052,0.1003674641251564,0.10157281905412674
1.398000000000001,0.067983152623274,17.16697883605957,0.08482186909734768,0.06581262992958313,0.10044069588184357,0.10158533602952957
1.400000000000001,0.06797865260599581,17.166244506835938,0.08494627817022954,0.06583172101313076,0.10050632804632187,0.10159271955490112
1.402000000000001,0.06797434122983032,17.165550231933594,0.08506115302761369,0.06584021791469598,0.10056468844413757,0.10159497708082199
1.404000000000001,0.06797020924158848,17.165098190307617,0.0851665270753375,0.06583799277656893,0.10061556845903397,0.10159219056367874
1.406000000000001,0.06796624792092766,17.164752960205078,0.08526252391623555,0.06582494071993131,0.10065916180610657,0.10158387571573257
1.408000000000001,0.06796244901949929,17.16444969177246,0.08534918740203008,0.06580096878330613,0.10069556534290314,0.10156898200511932
1.410000000000001,0.06795880476075195,17.16415023803711,0.08542661623749868,0.06576600228852095,0.10072459280490875,0.10154714435338974
1.412000000000001,0.06795530779314536,17.16385269165039,0.08549485959957707,0.06571997786909968,0.10074662417173386,0.10151895880699158
1.414000000000001,0.06795195118224914,17.16356658935547,0.08555400006122746,0.06566284702211432,0.10076160728931427,0.10148400813341141
1.416000000000001,0.06794872837387382,17.16329574584961,0.08560408946805351,0.06559457162826735,0.10076922923326492,0.10144250839948654
1.418000000000001,0.0679456331821857,17.16312026977539,0.08564520007198062,0.0655151258656822,0.10077016800642014,0.1013941690325737
1.420000000000001,0.06794265975999182,17.16299057006836,0.08567738513399817,0.06542449326982654,0.10076413303613663,0.10133938491344452
1.422000000000001,0.06793980258516663,17.16290283203125,0.08570071048714373,0.06532266769997659,0.1007511168718338,0.10127780586481094
1.424000000000001,0.06793705643624215,17.162818908691406,0.08571523033039483,0.06520965136546128,0.10073114186525345,0.10120982676744461
1.426000000000001,0.06793441637851617,17.16274642944336,0.08572100673313547,0.06508545525149619,0.10070454329252243,0.10113529860973358
1.428000000000001,0.06793187774369093,17.16269302368164,0.08571809476412512,0.06495009776206113,0.10067090392112732,0.10105408728122711
1.430000000000001,0.06792943611644818,17.16272735595703,0.08570655455907426,0.06480360484440871,0.10063078999519348,0.10096666216850281
1.432000000000001,0.0679270873172636,17.162830352783203,0.08568644218675155,0.06464600903269184,0.10058410465717316,0.10087268799543381
1.434000000000001,0.06792482738986613,17.162927627563477,0.08565781712518712,0.06447734941132886,0.10053078085184097,0.10077224671840668
1.436000000000001,0.0679226525866032,17.163124084472656,0.0856207366536547,0.06429767092430264,0.1004706472158432,0.1006656363606453
1.438000000000001,0.06792055935697938,17.16338348388672,0.0855752604909561,0.06410702425869536,0.10040418058633804,0.1005525290966034
1.440000000000001,0.06791854433511135,17.163658142089844,0.08552144735391669,0.06390546533390795,0.10033122450113297,0.10043324530124664
1.442000000000001,0.06791660432940162,17.163951873779297,0.08545935783923131,0.06369305515171506,0.100252166390419,0.10030802339315414
1.444000000000001,0.06791473631173822,17.164302825927734,0.08538905231269316,0.06346985941006471,0.10016649961471558,0.10017640888690948
1.446000000000001,0.06791293740828074,17.164669036865234,0.08531059270230089,0.06323594834532453,0.10007460415363312,0.10003893822431564
1.448000000000001,0.06791091870082568,17.16505241394043,0.08522404120432911,0.06299139643431105,0.09997661411762238,0.09989546984434128
1.450000000000001,0.06790868988403163,17.16641616821289,0.08517989094868231,0.06273628224222928,0.09991398453712463,0.10003527998924255
1.452000000000001,0.06790626074914231,17.167659759521484,0.08517777960736315,0.06253938299418854,0.09988656640052795,0.10018523037433624
1.454000000000001,0.0679036413618747,17.169193267822266,0.08521762489622747,0.062401094440559954,0.09989430755376816,0.1003449335694313
1.456000000000001,0.06790084194540762,17.170562744140625,0.08529917661518317,0.06232177337613733,0.09993734210729599,0.10051600635051727
1.458000000000001,0.06789816670766866,17.171863555908203,0.08542236420543738,0.06230176086353649,0.10001543164253235,0.10072609037160873
1.460000000000001,0.06789560971149644,17.171241760253906,0.08553612926739006,0.062341372207902625,0.1000860258936882,0.10075325518846512
1.462000000000001,0.06789316544148784,17.170822143554688,0.08564076290355442,0.062371132185617933,0.10014940798282623,0.10077515244483948
1.464000000000001,0.06789082854842916,17.170291900634766,0.08573622753009437,0.062390878975760185,0.1002056747674942,0.10079118609428406
1.466000000000001,0.06788859403688209,17.169919967651367,0.08582272874148554,0.06240048329410527,0.10025481134653091,0.10080189257860184
1.468000000000001,0.06788645709924673,17.169532775878906,0.08590026864098121,0.062399825757340335,0.10029688477516174,0.10080704092979431
1.470000000000001,0.06788441322939119,17.169395446777344,0.08596899799005833,0.06238881136348489,0.10033188760280609,0.10080642998218536
1.472000000000001,0.06788245811396569,17.16920280456543,0.08602894142390864,0.062367355757170985,0.10035988688468933,0.10080067068338394
1.474000000000001,0.06788058769961239,17.16910743713379,0.0860802144358422,0.062335393436298396,0.1003810241818428,0.10078823566436768
1.476000000000001,0.06787879812080606,17.169025421142578,0.08612285428453727,0.06229286927072332,0.10039514303207397,0.10076907277107239
1.478000000000001,0.06787708573820439,17.168987274169922,0.08615695378358808,0.06223974309802248,0.10040269792079926,0.10074334591627121
1.480000000000001,0.0678754470898523,17.16895294189453,0.08618255722077174,0.062175984386405925,0.1004035547375679,0.10071088373661041
1.482000000000001,0.06787387891178534,17.1689453125,0.08619974291119298,0.06210157474918783,0.10039734840393066,0.10067161172628403
1.484000000000001,0.06787237810426436,17.16895294189453,0.086208559119503,0.0620165045170068,0.10038493573665619,0.10062595456838608
1.486000000000001,0.06787094174162032,17.168983459472656,0.08620907503882501,0.061920774055748314,0.10036562383174896,0.10057350248098373
1.488000000000001,0.06786956704825388,17.169029235839844,0.086201341335126,0.06181439151600205,0.10034000873565674,0.1005147323012352
1.490000000000001,0.06786825140208363,17.169086456298828,0.08618542165544793,0.06169737346863164,0.10030780732631683,0.10044962167739868
1.492000000000001,0.06786699231698322,17.169143676757812,0.08616136833155932,0.061569743392028656,0.10026882588863373,0.10037778317928314
1.494000000000001,0.06786578744253678,17.16922378540039,0.08612924187243298,0.061431531924792476,0.10022386908531189,0.10029971599578857
1.496000000000001,0.06786463455079926,17.169349670410156,0.08608909600312047,0.061282775823601005,0.10017243027687073,0.10021543502807617
1.498000000000001,0.06786353153402713,17.16958236694336,0.08604098973607564,0.06112351800716333,0.10011466592550278,0.1001247987151146
1.500000000000001,0.06786247639440406,17.16982650756836,0.08598497815953592,0.06095380682007545,0.1000506579875946,0.10002805292606354
1.5020000000000011,0.06786124872963316,17.170085906982422,0.0859211199213076,0.06077369596874747,0.09998045861721039,0.09992528706789017
1.5040000000000011,0.0678598559687583,17.171733856201172,0.08589990791848327,0.060583243988335034,0.09994633495807648,0.10003898292779922
1.5060000000000011,0.06785830571914406,17.173065185546875,0.08592098937919285,0.06045088463509493,0.09994792938232422,0.10016340017318726
1.5080000000000011,0.06785660599795736,17.174827575683594,0.0859842726821364,0.06037700815434521,0.09998536109924316,0.10030369460582733
1.5100000000000011,0.06785498543596662,17.176551818847656,0.08608951016298148,0.06036197019796361,0.10005832463502884,0.1004921942949295
1.5120000000000011,0.0678534402925446,17.176101684570312,0.08618578822464505,0.06040610899181955,0.10012416541576385,0.10052496194839478
1.5140000000000011,0.06785196709063426,17.175704956054688,0.08627328622133247,0.06044036165259176,0.10018287599086761,0.1005520150065422
1.5160000000000011,0.06785056245970682,17.175369262695312,0.08635203266696206,0.06046459494978872,0.10023442655801773,0.10057297348976135
1.5180000000000011,0.06784922325117793,17.17510223388672,0.08642216214513267,0.06047869835410233,0.1002790555357933,0.10058858245611191
1.5200000000000011,0.06784794643717346,17.174896240234375,0.08648371535223914,0.0604825758441425,0.10031677782535553,0.10059810429811478
1.5220000000000011,0.0678467291798486,17.17475700378418,0.08653679749854265,0.060476149456682254,0.10034764558076859,0.10060218721628189
1.5240000000000011,0.06784556876538798,17.17471694946289,0.08658145528198825,0.060459354158427576,0.1003715991973877,0.10060057044029236
1.5260000000000011,0.06784446264465821,17.174713134765625,0.08661777462341057,0.06043213956919056,0.10038881003856659,0.10059326142072678
1.5280000000000011,0.06784340838949379,17.174718856811523,0.08664580496558545,0.06039446665448954,0.10039932280778885,0.10058028995990753
1.5300000000000011,0.06784240371565994,17.174739837646484,0.08666561962631363,0.060346308458778294,0.10040319710969925,0.10056097060441971
1.5320000000000011,0.06784144645329886,17.17477035522461,0.08667726921673106,0.06028764790508126,0.10040026158094406,0.10053481161594391
1.5340000000000011,0.06784053455908075,17.174819946289062,0.08668081894463225,0.06021847800260469,0.10039099305868149,0.10050200670957565
1.5360000000000011,0.06783966609572112,17.174888610839844,0.08667631995313411,0.060138800336602294,0.10037532448768616,0.10046257823705673
1.5380000000000011,0.06783883923761158,17.174957275390625,0.08666383240114839,0.060048625007998443,0.10035281628370285,0.10041653364896774
1.5400000000000011,0.06783805225621238,17.175045013427734,0.0866434078318079,0.05994796956536109,0.10032420605421066,0.10036399960517883
1.5420000000000011,0.06783730352183216,17.175148010253906,0.08661510346950063,0.05983685881872216,0.1002890095114708,0.10030476748943329
1.5440000000000011,0.06783659149288523,17.17526626586914,0.08657897137723425,0.05971532406281419,0.10024776309728622,0.10023923218250275
1.5460000000000012,0.06783591471546521,17.175443649291992,0.08653506732433619,0.059583402842423694,0.10020015388727188,0.1001676693558693
1.5480000000000012,0.06783527181519809,17.175640106201172,0.08648344412215045,0.05944113837308925,0.10014629364013672,0.10008937120437622
1.5500000000000012,0.0678346614956186,17.175880432128906,0.08642415713211861,0.05928857929883732,0.10008642077445984,0.10000511258840561
1.5520000000000012,0.0678339104933178,17.176149368286133,0.0863572601724832,0.05912577925055096,0.10002033412456512,0.0999145582318306
1.5540000000000012,0.0678330244571816,17.177852630615234,0.08633320765474496,0.058952796616477905,0.09999068826436996,0.10000204294919968
1.5560000000000012,0.06783200926977627,17.179580688476562,0.08635164633936182,0.05883770721721004,0.09999702125787735,0.1001005694270134
1.5580000000000012,0.06783104390648693,17.181655883789062,0.08641247607787551,0.058780905444849575,0.10003959387540817,0.10023342072963715
1.5600000000000012,0.06783012603265465,17.181303024291992,0.08646474661299203,0.05878275433813179,0.10007526725530624,0.10024560987949371
1.5620000000000012,0.06782925365772394,17.181087493896484,0.08650873360534658,0.05877478388485503,0.10010401159524918,0.10025208443403244
1.5640000000000012,0.06782842470461493,17.18090057373047,0.08654437475346147,0.0587569019570518,0.10012589395046234,0.10025276988744736
1.5660000000000012,0.06782763734573458,17.1807861328125,0.0865718637019787,0.058729037750443754,0.10014130175113678,0.10024794936180115
1.5680000000000012,0.06782688973254775,17.18071937561035,0.08659118497508109,0.05869113114207055,0.10014977306127548,0.10023745149374008
1.5700000000000012,0.06782618020356082,17.180702209472656,0.08660248037722408,0.0586431384041568,0.10015194118022919,0.10022122412919998
1.5720000000000012,0.06782550711410489,17.180692672729492,0.08660576224874687,0.058585025866450056,0.10014737397432327,0.10019897669553757
1.5740000000000012,0.06782486896447669,17.18067741394043,0.08660113962387848,0.05851677284295338,0.10013639181852341,0.10017026960849762
1.5760000000000012,0.06782426429237753,17.18072509765625,0.08658864138157575,0.05843836775002899,0.10011915117502213,0.10013484954833984
1.5780000000000012,0.06782369175137391,17.1807861328125,0.0865683559155588,0.05834980953092366,0.10009515285491943,0.10009285062551498
1.5800000000000012,0.06782315004252928,17.180904388427734,0.08654032203256559,0.058251105203922314,0.10006522387266159,0.100044384598732
1.5820000000000012,0.06782248565105861,17.1810359954834,0.08650461525957519,0.05814227048320134,0.10002891719341278,0.09998951107263565
1.5840000000000012,0.0678218561408498,17.18279266357422,0.08651172960488715,0.058023328179011936,0.10002906620502472,0.10007276386022568
1.5860000000000012,0.06782125990936877,17.18276023864746,0.08651078704925158,0.05796235629553183,0.10002265870571136,0.1000501960515976
1.5880000000000012,0.0678206957250482,17.182754516601562,0.08650206940861653,0.05789142338104961,0.10000980645418167,0.10002097487449646
1.5900000000000012,0.06782001403405533,17.182838439941406,0.08648547759569475,0.05781050921529928,0.09999064356088638,0.09998547285795212
1.5920000000000012,0.06781936826339319,17.184831619262695,0.08651168567748392,0.057719607569480476,0.10000775009393692,0.10007821768522263
1.5940000000000012,0.06781875664957132,17.18482208251953,0.08652967935783513,0.057686836269345655,0.10001826286315918,0.10007151961326599
1.5960000000000012,0.06781817794001892,17.18450927734375,0.08653983338264336,0.057644168774618865,0.10002224147319794,0.1000588908791542
1.5980000000000012,0.06781763061765164,17.184497833251953,0.08654198366668335,0.057591560738927655,0.10001964122056961,0.10004084557294846
1.6000000000000012,0.06781711350846623,17.18448829650879,0.08653638352018214,0.0575289840857506,0.10001074522733688,0.10001718997955322
1.6020000000000012,0.06781648409171741,17.184574127197266,0.08652295334651208,0.057456418906587356,0.09999540448188782,0.09998711198568344
1.6040000000000012,0.06781588853886729,17.18653106689453,0.0865523498555266,0.057373857716828854,0.10001638531684875,0.10008160024881363
1.6060000000000012,0.06781532516427145,17.186477661132812,0.0865735686265376,0.05734939038705766,0.10003084689378738,0.10007890313863754
1.6080000000000012,0.06781479279129225,17.186203002929688,0.08658697144521084,0.05731501471058954,0.10003869980573654,0.10007090121507645
1.6100000000000012,0.06781428997618782,17.18618392944336,0.0865924019587163,0.0572706865161868,0.10003998875617981,0.10005717724561691
1.6120000000000012,0.0678138156159946,17.18619155883789,0.08659010498668206,0.05721637609847805,0.10003501176834106,0.10003765672445297
1.6140000000000012,0.06781336846427778,17.18625259399414,0.08658000526254521,0.05715206328124238,0.10002349317073822,0.10001273453235626
1.6160000000000012,0.06781281408368785,17.186317443847656,0.08656227486684795,0.05707773920247369,0.10000567138195038,0.09998149424791336
1.6180000000000012,0.06781229036664722,17.188091278076172,0.08658734956501939,0.05699340365661308,0.10002434253692627,0.10007038712501526
1.6200000000000012,0.06781179587721547,17.187973022460938,0.08660439590599338,0.05696707425330846,0.10003649443387985,0.10006655007600784
1.6220000000000012,0.06781132950476576,17.18792724609375,0.08661364830402694,0.05693083304080388,0.10004185140132904,0.10005730390548706
1.6240000000000012,0.06781089000538693,17.187957763671875,0.08661504660169835,0.05688464329693102,0.10004112124443054,0.10004229098558426
1.6260000000000012,0.06781047635940063,17.187999725341797,0.08660875667906127,0.05682848019267356,0.10003387928009033,0.100022092461586
1.6280000000000012,0.06780996002960786,17.188064575195312,0.08659476232511464,0.05676232941877153,0.10002028942108154,0.09999590367078781
1.6300000000000012,0.06780947280460786,17.189903259277344,0.08662365291158389,0.056686186434151686,0.10004301369190216,0.10008860379457474
1.6320000000000012,0.06780901322809083,17.18985939025879,0.08664447304964529,0.056668053501356584,0.10005945712327957,0.10008924454450607
1.6340000000000012,0.06780858032163536,17.189701080322266,0.08665754781712202,0.05664001817453376,0.10006901621818542,0.10008442401885986
1.6360000000000012,0.06780817284802777,17.189714431762695,0.08666274600855466,0.0566020406167481,0.10007232427597046,0.1000739187002182
1.6380000000000012,0.0678077898882373,17.189712524414062,0.08666028923357776,0.056554091926222405,0.10006940364837646,0.1000576764345169
1.6400000000000012,0.06780743038239663,17.189762115478516,0.08665011723541184,0.05649615498116346,0.10005978494882584,0.10003600269556046
1.6420000000000012,0.06780709348742744,17.189769744873047,0.08663238725404271,0.056428221771324234,0.100043885409832,0.10000894963741302
1.6440000000000012,0.06780665830629402,17.1898136138916,0.08660708238449602,0.05635029423661469,0.10002204030752182,0.09997585415840149
1.6460000000000012,0.06780624876364887,17.19169044494629,0.08662474613398999,0.05626238207485937,0.10003666579723358,0.10005408525466919
1.6480000000000012,0.06780586358359868,17.191749572753906,0.0866344607640585,0.056232367349771745,0.10004467517137527,0.10004844516515732
1.6500000000000012,0.06780550197124409,17.191638946533203,0.0866365463952486,0.05619248025223386,0.10004619508981705,0.10003695636987686
1.6520000000000012,0.06780516285505267,17.191669464111328,0.08663087202830955,0.0561426929787415,0.10004153102636337,0.1000201404094696
1.6540000000000012,0.06780472939302586,17.191631317138672,0.08661765615818368,0.05608298612222703,0.10003051161766052,0.09999772906303406
1.6560000000000012,0.06780432138878367,17.193553924560547,0.08664728953859933,0.056013352572540996,0.10005597770214081,0.10009080916643143
1.6580000000000013,0.06780393765314681,17.193445205688477,0.08666897514194565,0.05600171553000757,0.10007478296756744,0.10009504854679108
1.6600000000000013,0.06780357729509129,17.19334602355957,0.08668292318781252,0.055980232175912435,0.1000872328877449,0.10009373724460602
1.6620000000000013,0.0678032392917433,17.193361282348633,0.08668909326391157,0.055948860324377715,0.10009307414293289,0.10008668899536133
1.6640000000000013,0.06780292282422223,17.193321228027344,0.08668763598833648,0.05590756779073872,0.10009268671274185,0.10007426142692566
1.6660000000000013,0.0678026270096375,17.193326950073242,0.0866785469990145,0.05585633519620141,0.10008592903614044,0.10005610436201096
1.6680000000000013,0.06780235110877135,17.193321228027344,0.08666193954035468,0.05579515186117682,0.1000726968050003,0.10003260523080826
1.6700000000000013,0.06780209435877935,17.19333839416504,0.0866378310256048,0.05572401762408251,0.10005349665880203,0.10000356286764145
1.6720000000000013,0.06780174694437421,17.19339942932129,0.08660631135168151,0.05564293991823457,0.10002800822257996,0.0999688133597374
1.6740000000000013,0.06780142138591957,17.19540786743164,0.08661779946962343,0.055551934877694,0.10003930330276489,0.10003820806741714
1.6760000000000013,0.06780111663891548,17.19540786743164,0.08662147941796942,0.05551876471749265,0.10004401206970215,0.10003092139959335
1.6780000000000013,0.06780083206170925,17.195323944091797,0.08661761617697923,0.05547578639624448,0.10004226863384247,0.1000179797410965
1.6800000000000013,0.06780046000449864,17.195350646972656,0.08660612049891152,0.05542297732896389,0.10003452748060226,0.09999929368495941
1.6820000000000013,0.06780011076369866,17.197532653808594,0.0866376108576327,0.05536032116998377,0.10006315261125565,0.1000940352678299
1.6840000000000013,0.06779978312024552,17.197511672973633,0.08666111582452178,0.05535568255978313,0.10008528083562851,0.10010221600532532
1.6860000000000013,0.06779947643423985,17.197141647338867,0.0866769952989254,0.055341265236343425,0.10010082274675369,0.1001049131155014
1.6880000000000013,0.06779918970075775,17.19713592529297,0.0866850930163721,0.055317025048373325,0.10011003166437149,0.10010180622339249
1.6900000000000013,0.06779892229138111,17.197040557861328,0.08668565186732523,0.055282922746797906,0.10011281073093414,0.10009326785802841
1.6920000000000013,0.06779867336740265,17.19709014892578,0.0866785959758633,0.055238936686208336,0.10010932385921478,0.10007918626070023
1.6940000000000013,0.06779844233919774,17.19708824157715,0.08666409539613953,0.05518505064742622,0.10009947419166565,0.10005942732095718
1.6960000000000013,0.06779822850132981,17.197162628173828,0.08664212328004389,0.055121262088160386,0.10008363425731659,0.10003427416086197
1.6980000000000013,0.06779803131686053,17.197200775146484,0.08661280440387645,0.055047573994760374,0.1000615730881691,0.10000355541706085
1.7000000000000013,0.06779774973964384,17.197298049926758,0.08657614193153822,0.0549640001215255,0.1000332459807396,0.09996739774942398
1.7020000000000013,0.06779748721765656,17.199237823486328,0.0865825822975505,0.054870559577589344,0.10004182904958725,0.10002954304218292
1.7040000000000013,0.06779724279908599,17.19936180114746,0.08658129300769472,0.054834917968918144,0.10004390776157379,0.10002071410417557
1.7060000000000013,0.06779701602608992,17.199249267578125,0.08657257861322765,0.05478953485114639,0.10003955662250519,0.10000637918710709
1.7080000000000013,0.06779670751875783,17.199350357055664,0.0865563175556343,0.054734392777020115,0.10002929717302322,0.09998657554388046
1.7100000000000013,0.06779641904408584,17.201467514038086,0.08658311154308314,0.054669476505157626,0.10005539655685425,0.10007447004318237
1.7120000000000013,0.06779614949816772,17.20148468017578,0.08660200888646273,0.05466255607796023,0.10007529705762863,0.10008149594068527
1.7140000000000013,0.06779589840742099,17.20110321044922,0.086613383517882,0.0546459337756898,0.10008846968412399,0.10008297115564346
1.7160000000000013,0.06779566488012732,17.201183319091797,0.086617067650762,0.05461956962285303,0.10009542852640152,0.10007882118225098
1.7180000000000013,0.06779544843044817,17.20111656188965,0.08661331277318883,0.05458342438308463,0.10009603202342987,0.10006911307573318
1.7200000000000013,0.06779524832748021,17.201183319091797,0.08660203588069086,0.05453747944162539,0.10009028017520905,0.10005374997854233
1.7220000000000013,0.06779506410559125,17.201169967651367,0.08658341228407439,0.054481718986971156,0.10007833689451218,0.10003315657377243
1.7240000000000013,0.0677948951600879,17.201257705688477,0.08655741071188469,0.05441614271670413,0.10006039589643478,0.10000696033239365
1.7260000000000013,0.067794647014035,17.20128059387207,0.08652415914041632,0.05434075419519455,0.10003632307052612,0.09997527301311493
1.7280000000000013,0.06779441636881231,17.203266143798828,0.08653398942809268,0.05425556885522732,0.1000489816069603,0.10004100203514099
1.7300000000000013,0.06779420239723104,17.20333480834961,0.08653616370851999,0.054228222161611564,0.10005535930395126,0.10003668069839478
1.7320000000000013,0.0677940046643418,17.20326805114746,0.08653092638208142,0.05419119247964284,0.10005535930395126,0.10002684593200684
1.7340000000000013,0.06779382249390535,17.203346252441406,0.08651820393808415,0.05414445714249967,0.10004905611276627,0.10001134872436523
1.7360000000000013,0.06779356342168076,17.203327178955078,0.08649816770855785,0.05408799611901704,0.10003675520420074,0.09999049454927444
1.7380000000000013,0.06779332212920586,17.205413818359375,0.08652114705025966,0.05402180574125394,0.10006100684404373,0.1000727191567421
1.7400000000000013,0.06779309777243149,17.205345153808594,0.08653640853312321,0.05401358415369762,0.10007884353399277,0.10007897764444351
1.7420000000000013,0.06779288986939855,17.205219268798828,0.08654418103327506,0.053995713074283164,0.10009025782346725,0.10007964074611664
1.7440000000000013,0.06779269772216678,17.205265045166016,0.08654440823321667,0.05396815405820063,0.10009529441595078,0.10007451474666595
1.7460000000000013,0.06779252087053736,17.205217361450195,0.08653725187285662,0.053930872649338046,0.1000942513346672,0.10006413608789444
1.7480000000000013,0.06779235873318518,17.205284118652344,0.08652269745730519,0.05388385176163101,0.10008709132671356,0.10004817694425583
1.7500000000000013,0.06779221088824135,17.205257415771484,0.08650086468480268,0.053827079229242125,0.10007360577583313,0.10002674907445908
1.7520000000000013,0.06779198808369707,17.205360412597656,0.08647176434276657,0.05376055618708565,0.10005418956279755,0.09999978542327881
1.7540000000000013,0.06779178161122038,17.2073974609375,0.0864858066199369,0.053684288975638234,0.10007146745920181,0.10007014870643616
1.7560000000000013,0.06779159062087974,17.207477569580078,0.08649219578874634,0.05366591249385846,0.1000823825597763,0.10007049143314362
1.7580000000000013,0.06779141478819965,17.20726776123047,0.08649123306843128,0.053637896897803926,0.1000869870185852,0.10006539523601532
1.7600000000000013,0.06779125343778866,17.2073974609375,0.08648280054190303,0.053600217529903245,0.10008537024259567,0.10005473345518112
1.7620000000000013,0.06779110623180963,17.20730209350586,0.08646710427579128,0.05355284739174906,0.10007762163877487,0.1000385731458664
1.7640000000000013,0.06779097262647675,17.207435607910156,0.08644409156922267,0.05349578033467173,0.10006372630596161,0.10001695156097412
1.7660000000000013,0.06779076585895259,17.207426071166992,0.0864139093211733,0.0534290109751605,0.10004390776157379,0.09999021887779236
1.7680000000000013,0.06779057467897133,17.209470748901367,0.08642683838140856,0.053352549258679605,0.1000606045126915,0.10005863010883331
1.7700000000000014,0.06779039834936013,17.209537506103516,0.08643218989771216,0.053333995120811994,0.10007110238075256,0.10005895048379898
1.7720000000000014,0.06779023652580159,17.209394454956055,0.08643019951859583,0.053305851958472546,0.10007552057504654,0.10005369037389755
1.7740000000000014,0.0677900886135301,17.209503173828125,0.08642080125662037,0.05326809280838217,0.10007357597351074,0.10004305094480515
1.7760000000000014,0.06778995427252268,17.209453582763672,0.08640416074602261,0.053220691229221566,0.10006548464298248,0.10002675652503967
1.7780000000000014,0.06778983301854682,17.209575653076172,0.08638025732296836,0.053163639425142156,0.10005135089159012,0.10000532865524292
1.7800000000000014,0.06778964011429622,17.209590911865234,0.08634921293057861,0.05309693221161095,0.10003125667572021,0.09997835010290146
1.7820000000000014,0.06778946220740513,17.211605072021484,0.08636130432443691,0.05302057832641326,0.10004781931638718,0.1000453308224678
1.7840000000000014,0.06778929857486876,17.211702346801758,0.08636585102965036,0.05300215022777189,0.10005807876586914,0.10004578530788422
1.7860000000000014,0.06778914891934106,17.211566925048828,0.08636310088058263,0.052974178533190204,0.10006227344274521,0.10004060715436935
1.7880000000000014,0.06778901266398771,17.211700439453125,0.0863529784157695,0.05293663673807617,0.10006002336740494,0.10003001242876053
1.7900000000000014,0.06778888950645882,17.211641311645508,0.08633565673136089,0.05288949706290023,0.10005180537700653,0.10001406073570251
1.7920000000000014,0.0677886961392958,17.211769104003906,0.08631110929047058,0.052832751840489627,0.10003767162561417,0.09999272227287292
1.7940000000000014,0.06778851772274445,17.213823318481445,0.08632973478146813,0.05276639489694523,0.1000603437423706,0.10006779432296753
1.7960000000000014,0.06778835343326689,17.21395492553711,0.08634075925931553,0.052758036482389595,0.10007622838020325,0.10007350891828537
1.7980000000000014,0.06778820304369007,17.21360969543457,0.08634450429226068,0.052740156078787674,0.10008616000413895,0.10007394850254059
1.8000000000000014,0.06778806591283061,17.213796615600586,0.08634083807558524,0.052712723583522615,0.10008985549211502,0.10006856173276901
1.8020000000000014,0.06778794177965548,17.21367835998535,0.08632997898548929,0.05267570175005042,0.10008729249238968,0.10005801916122437
1.8040000000000014,0.06778783013745554,17.21381378173828,0.08631186561642264,0.05262907899613007,0.10007892549037933,0.10004210472106934
1.8060000000000014,0.06778773072487937,17.21377182006836,0.08628665213286536,0.052572841625924314,0.10006456077098846,0.10002061724662781
1.8080000000000014,0.06778756226264866,17.213909149169922,0.0862543200166886,0.05250699436075012,0.10004410892724991,0.09999394416809082
1.8100000000000014,0.06778740777386644,17.215898513793945,0.08626521515750875,0.05243154267868745,0.10006047040224075,0.10005848109722137
1.8120000000000014,0.06778726649657968,17.216144561767578,0.0862686087219137,0.05241403983700293,0.1000705137848854,0.10005901753902435
1.8140000000000014,0.06778713826262762,17.21582794189453,0.08626481443789498,0.0523870425042038,0.10007428377866745,0.10005426406860352
1.8160000000000014,0.06778702248723585,17.216039657592773,0.08625370295612442,0.05235052986466924,0.10007203370332718,0.10004396736621857
1.8180000000000014,0.06778691896311985,17.215927124023438,0.08623548760916441,0.0523044720112443,0.10006380081176758,0.10002849996089935
1.8200000000000014,0.06778682723485346,17.216083526611328,0.08621010835058346,0.052248864978583394,0.1000494733452797,0.10000733286142349
1.8220000000000014,0.0677866675430035,17.216053009033203,0.08617771613504965,0.052183701367456724,0.10002945363521576,0.09998112171888351
1.8240000000000014,0.06778652138093365,17.218111038208008,0.08618850047373923,0.05210899221325808,0.10004603117704391,0.10004527121782303
1.8260000000000014,0.06778638811029675,17.21824836730957,0.08619186162803164,0.052092264650722996,0.10005632042884827,0.10004623979330063
1.8280000000000014,0.067786267505364,17.218097686767578,0.08618803218797999,0.05206609748724545,0.10006058216094971,0.10004177689552307
1.8300000000000014,0.06778615906361003,17.218238830566406,0.08617694718479789,0.052030464966867015,0.10005874186754227,0.10003216564655304
1.8320000000000014,0.06778606254745907,17.218172073364258,0.08615876993476693,0.051985338061964544,0.10005088150501251,0.10001712292432785
1.8340000000000014,0.06778589906888018,17.21829605102539,0.08613348007332242,0.05193070927737293,0.10003697872161865,0.0999966636300087
1.8360000000000014,0.06778574920815929,17.220352172851562,0.08615140715702069,0.05186657138198989,0.10005971044301987,0.1000695526599884
1.8380000000000014,0.06778561219989394,17.220542907714844,0.08616184427679284,0.051860499256268816,0.10007640719413757,0.10007623583078384
1.8400000000000014,0.0677854878979808,17.220172882080078,0.08616510906305837,0.05184501002151655,0.10008679330348969,0.10007764399051666
1.8420000000000014,0.0677853757170806,17.22037124633789,0.08616107150779274,0.05182007495576957,0.10009108483791351,0.10007377713918686
1.8440000000000014,0.06778527546469405,17.220233917236328,0.08614994714471695,0.05178565402135977,0.10008931159973145,0.10006430745124817
1.8460000000000014,0.06778518668622473,17.220378875732422,0.08613167539504685,0.05174173605544454,0.1000816747546196,0.10004953294992447
1.8480000000000014,0.06778510917905188,17.220327377319336,0.08610640826987555,0.0516883052129661,0.10006812959909439,0.10002931952476501
1.8500000000000014,0.06778504258717076,17.220458984375,0.08607412744286128,0.05162536601966342,0.10004866868257523,0.1000039204955101
1.8520000000000014,0.06778490958427817,17.220470428466797,0.08603494546400925,0.051552922171610754,0.10002332925796509,0.0999726727604866
1.8540000000000014,0.06778478909038774,17.222496032714844,0.08603901292276633,0.05147099206031176,0.10003465414047241,0.10002793371677399
1.8560000000000014,0.0677846805000493,17.222740173339844,0.08603577065441723,0.05144704164161994,0.10004007071256638,0.1000250056385994
1.8580000000000014,0.06778458367526255,17.222564697265625,0.08602546682396627,0.05141372790209379,0.10003945231437683,0.10001664608716965
1.8600000000000014,0.06778449815246775,17.222740173339844,0.08600802106103064,0.051371033452806886,0.10003270953893661,0.1000029519200325
1.8620000000000014,0.06778434718625319,17.222671508789062,0.0859836059895902,0.05131893330991732,0.10002020746469498,0.09998387098312378
1.8640000000000014,0.06778420919271982,17.224830627441406,0.0860023550999217,0.05125742644871722,0.10004416853189468,0.10005698353052139
1.8660000000000014,0.0677840835558077,17.224884033203125,0.08601372708541606,0.05125405872817851,0.10006199032068253,0.10006517171859741
1.8680000000000014,0.0677839700698083,17.224681854248047,0.08601794755146912,0.051241370050463295,0.10007363557815552,0.10006828606128693
1.8700000000000014,0.06778386824976963,17.22480010986328,0.08601495942410427,0.05121932449811991,0.10007955878973007,0.10006564110517502
1.8720000000000014,0.06778377787366087,17.224716186523438,0.08600492141827108,0.05118788182475123,0.10007910430431366,0.10005795955657959
1.8740000000000014,0.06778369855586092,17.224815368652344,0.0859878177878528,0.05114702547972638,0.10007287561893463,0.10004477947950363
1.8760000000000014,0.06778363008181605,17.22479248046875,0.08596376536041281,0.051096738681492865,0.1000608280301094,0.10002630949020386
1.8780000000000014,0.06778357214410892,17.224891662597656,0.08593277328094501,0.051037021785667665,0.10004281252622604,0.10000190138816833
1.8800000000000014,0.06778344899031101,17.22492027282715,0.08589493220511138,0.05096787714751798,0.10001934319734573,0.0999721959233284
1.8820000000000014,0.0677833379007164,17.22695541381836,0.08590036700645474,0.05088931981255449,0.10003204643726349,0.10002922266721725
1.8840000000000015,0.06778323826912629,17.227195739746094,0.0858985482477547,0.05086881014413035,0.10003906488418579,0.10002794861793518
1.8860000000000015,0.06778314999863352,17.22699737548828,0.0858897346870257,0.050839009469311344,0.1000400111079216,0.10002142935991287
1.8880000000000015,0.06778307263099924,17.227184295654297,0.08587383700940768,0.05079990003336054,0.10003513842821121,0.10000944137573242
1.8900000000000015,0.06778293090529415,17.227100372314453,0.08585103405307691,0.05075145328556778,0.10002434253692627,0.09999208152294159
1.8920000000000015,0.0677828017018043,17.22927474975586,0.0858714128055719,0.050693667299339586,0.1000499427318573,0.10006657242774963
1.8940000000000015,0.06778268442355999,17.229324340820312,0.08588447738748857,0.05069408759343444,0.10006958991289139,0.10007677227258682
1.8960000000000015,0.06778257888883786,17.229114532470703,0.08589045012198857,0.0506852535652414,0.10008320957422256,0.10008169710636139
1.8980000000000015,0.06778248462997823,17.22922134399414,0.08588927553886737,0.05066712816373429,0.10009059309959412,0.10008100420236588
1.9000000000000015,0.06778240144470127,17.22913360595703,0.08588110998413835,0.05063966860202439,0.10009218007326126,0.10007522255182266
1.9020000000000015,0.06778232896274002,17.229225158691406,0.08586593841611519,0.050602856984547716,0.10008794069290161,0.10006421059370041
1.9040000000000015,0.06778226698596172,17.229198455810547,0.08584387585189301,0.050556674335856075,0.10007788985967636,0.10004742443561554
1.9060000000000015,0.06778221522040062,17.229286193847656,0.08581493155765281,0.05050111955455447,0.10006200522184372,0.10002513229846954
1.9080000000000015,0.06778209918298424,17.229307174682617,0.08577919471658124,0.050436193027785396,0.10004045069217682,0.09999736398458481
1.9100000000000015,0.06778199483669468,17.23134994506836,0.0857867543346243,0.05036190828830294,0.10005529224872589,0.10005676746368408
1.9120000000000015,0.06778190158182985,17.231578826904297,0.08578711664663126,0.050345739888259564,0.1000644639134407,0.10005758702754974
1.9140000000000015,0.06778181934535572,17.231372833251953,0.08578054041966036,0.05032033503756435,0.10006747394800186,0.10005323588848114
1.9160000000000015,0.06778174767706703,17.231552124023438,0.08576693495026155,0.0502856755400527,0.10006468743085861,0.1000434085726738
1.9180000000000015,0.06778168645987485,17.231462478637695,0.08574647866489575,0.05024173013851817,0.10005614906549454,0.10002817213535309
1.9200000000000015,0.06778163535144714,17.231595993041992,0.0857191345841096,0.050188496016102216,0.10004168003797531,0.10000721365213394
1.9220000000000015,0.06778152021934654,17.231576919555664,0.08568503117755104,0.050125964488301644,0.10002177953720093,0.0999811515212059
1.9240000000000015,0.06778141668544882,17.233661651611328,0.0856942041351506,0.05005414670589701,0.10003817826509476,0.10004227608442307
1.9260000000000015,0.06778132417810372,17.23384666442871,0.08569620961688132,0.050040506894514884,0.10004888474941254,0.1000446081161499
1.9280000000000015,0.06778124261204108,17.233657836914062,0.08569128950988401,0.050017694828751506,0.10005328059196472,0.10004180669784546
1.9300000000000015,0.06778117155470846,17.23381805419922,0.08567936795605822,0.04998568761547081,0.10005210340023041,0.10003345459699631
1.9320000000000015,0.06778111088157147,17.233734130859375,0.08566061301169103,0.049944450851031184,0.10004502534866333,0.10001968592405319
1.9340000000000015,0.06778106026124259,17.233856201171875,0.08563499686900126,0.04989397786910359,0.10003219544887543,0.10000042617321014
1.9360000000000015,0.06778094581221608,17.233840942382812,0.08560264158078304,0.04983425716533561,0.1000138372182846,0.0999755933880806
1.9380000000000015,0.06778084289942912,17.235939025878906,0.08561356600242069,0.049765296678629306,0.1000320240855217,0.1000388115644455
1.9400000000000015,0.06778075094393603,17.236103057861328,0.08561734539111414,0.04975456188998132,0.10004405677318573,0.10004279017448425
1.9420000000000015,0.06778066986976605,17.23590087890625,0.08561422538458531,0.04973469785890041,0.10005030781030655,0.10004135966300964
1.9440000000000015,0.06778059923973159,17.23606300354004,0.08560412734833463,0.04970568008103208,0.10005077719688416,0.10003465414047241
1.9460000000000015,0.06778053893473564,17.235973358154297,0.08558722150287436,0.04966747124707251,0.10004536062479019,0.10002261400222778
1.9480000000000015,0.06778048862023213,17.2360897064209,0.08556347822330283,0.0496200630526945,0.10003416240215302,0.10000494122505188
1.9500000000000015,0.06778037467003557,17.236068725585938,0.08553302073184396,0.04956344158519095,0.10001736134290695,0.09998171776533127
1.9520000000000015,0.06778027218823411,17.23816680908203,0.08554584724556913,0.04949761318147996,0.10003712773323059,0.10004685819149017
1.9540000000000015,0.06778018059312604,17.238323211669922,0.08555155370743642,0.04949005204811139,0.10005107522010803,0.10005246847867966
1.9560000000000015,0.06778009981224861,17.238113403320312,0.0855503851472677,0.04947339278477341,0.10005894303321838,0.10005274415016174
1.9580000000000015,0.06778002940643899,17.238265991210938,0.08554226289437544,0.0494476097409813,0.1000610962510109,0.10004767030477524
1.9600000000000015,0.06777996925833477,17.238174438476562,0.08552735657399704,0.04941266358924694,0.10005743056535721,0.10003724694252014
1.9620000000000015,0.06777991903177248,17.238285064697266,0.08550563636204013,0.04936854481009526,0.10004816204309464,0.1000211164355278
1.9640000000000015,0.0677798053706313,17.23825454711914,0.08547722488922738,0.04931523775668709,0.10003315657377243,0.09999993443489075
1.9660000000000015,0.06777970310302235,17.240352630615234,0.08549210401612885,0.049252747535080285,0.10005460679531097,0.10006705671548843
1.9680000000000015,0.06777961164305363,17.24050521850586,0.08549988597830681,0.04924856439461598,0.10007010400295258,0.10007443279027939
1.9700000000000015,0.06777953092225822,17.240283966064453,0.08550081569711591,0.04923530604951175,0.10007993131875992,0.10007632523775101
1.9720000000000015,0.06777946049858737,17.240432739257812,0.08549481374686829,0.04921294610284896,0.10008390992879868,0.10007303953170776
1.9740000000000015,0.06777940025668858,17.240333557128906,0.0854820494261985,0.04918144347424786,0.1000818982720375,0.10006443411111832
1.9760000000000015,0.06777934985820358,17.240436553955078,0.08546249223624389,0.04914078773921547,0.10007452964782715,0.10005036741495132
1.9780000000000015,0.06777930917331701,17.240402221679688,0.08543626435055195,0.0490909617378177,0.10006149858236313,0.1000308245420456
1.9800000000000015,0.06777927794150948,17.240501403808594,0.08540336485987435,0.04903196958768116,0.10004258900880814,0.1000058650970459
1.9820000000000015,0.06777918291190188,17.240543365478516,0.08536388663641234,0.04896381329113767,0.10001841187477112,0.09997585415840149
1.9840000000000015,0.06777909872143285,17.242586135864258,0.08536776650486244,0.04888650997093826,0.10003067553043365,0.10003089159727097
1.9860000000000015,0.06777902480442032,17.242830276489258,0.08536466071161446,0.048867468523456914,0.10003706812858582,0.10002996772527695
1.9880000000000015,0.06777896115622366,17.24262237548828,0.08535482509681995,0.04883941313650195,0.10003769397735596,0.10002365708351135
1.9900000000000015,0.06777890736095918,17.242809295654297,0.08533816820194463,0.04880232974425945,0.10003280639648438,0.10001208633184433
1.9920000000000015,0.06777879026829763,17.242721557617188,0.08531486597126815,0.048756185630658505,0.10002228617668152,0.09999506175518036
1.9940000000000015,0.06777868454098926,17.244897842407227,0.08533482058572767,0.04870098038505052,0.10004808008670807,0.10006730258464813
1.9960000000000016,0.06777858962278724,17.244949340820312,0.08534772070993792,0.048704208985790004,0.10006783902645111,0.10007873177528381
1.9980000000000016,0.06777850542019613,17.24475860595703,0.08535378901663762,0.048698469311782316,0.10008218139410019,0.1000850573182106
2.0000000000000013,0.06777843150662877,17.244857788085938,0.08535296587312996,0.048683725903902283,0.10009032487869263,0.10008583217859268
2.002000000000001,0.06777836774820341,17.244766235351562,0.0853454067858421,0.04865993098999043,0.10009301453828812,0.10008150339126587
2.004000000000001,0.06777831381304593,17.244842529296875,0.08533109334913536,0.04862706656990019,0.10008988529443741,0.10007186233997345
2.0060000000000007,0.06777826955670115,17.24480438232422,0.0853101390484737,0.04858510950258803,0.10008123517036438,0.10005668550729752
2.0080000000000005,0.06777823471947834,17.244882583618164,0.08528255021936088,0.04853405746432517,0.1000668928027153,0.10003619641065598
2.0100000000000002,0.06777820916370306,17.244918823242188,0.08524841410699327,0.048473907101984286,0.1000472903251648,0.10001060366630554
2.012,0.06777811964316786,17.245025634765625,0.08520775196813546,0.0484046699724831,0.10002219676971436,0.09997985512018204
2.014,0.06777804074796122,17.247028350830078,0.08521049785640598,0.04832635886087325,0.10003343969583511,0.1000329852104187
2.0159999999999996,0.067777971861726,17.247337341308594,0.0852063216933977,0.04830636837900396,0.10003891587257385,0.10003146529197693
2.0179999999999993,0.06777791304498657,17.247047424316406,0.0851955129158585,0.04827744377877228,0.1000388115644455,0.10002457350492477
2.019999999999999,0.06777786385404873,17.247264862060547,0.08517795199632243,0.04823957626784481,0.10003313422203064,0.10001230984926224
2.021999999999999,0.06777775118440683,17.247154235839844,0.085153835191164,0.048192730507462034,0.10002194344997406,0.09999477863311768
2.0239999999999987,0.067777649646478,17.24933624267578,0.08517298916644771,0.0481369093760296,0.10004694759845734,0.10006552189588547
2.0259999999999985,0.06777755870720192,17.249378204345703,0.08518517421643754,0.04813958406306982,0.10006625205278397,0.10007664561271667
2.0279999999999982,0.06777747828026626,17.249210357666016,0.08519060283445598,0.04813337971104257,0.10007978230714798,0.100082628428936
2.029999999999998,0.0677774079564436,17.24930191040039,0.08518922209034294,0.04811826112061555,0.1000874862074852,0.10008306056261063
2.031999999999998,0.06777734760884728,17.24921417236328,0.08518118094659599,0.04809418052136447,0.10008969157934189,0.1000785082578659
2.0339999999999976,0.06777729691865898,17.24928855895996,0.08516646490197469,0.04806111992857267,0.10008630901575089,0.10006862133741379
2.0359999999999974,0.06777725574769894,17.24925422668457,0.08514518315103388,0.04801905605479523,0.10007745027542114,0.10005316138267517
2.037999999999997,0.06777722384607997,17.249347686767578,0.08511734420689848,0.047967986401823884,0.10006293654441833,0.10003279149532318
2.039999999999997,0.06777720108143516,17.249351501464844,0.08508303242042717,0.04790790733397205,0.10004302859306335,0.10000720620155334
2.0419999999999967,0.06777711407390687,17.249446868896484,0.0850422701597783,0.04783883008186807,0.1000179797410965,0.09997647255659103
2.0439999999999965,0.06777703754224011,17.251476287841797,0.08504493216381459,0.04776076702734164,0.10002905130386353,0.10002902895212173
2.0459999999999963,0.06777697086849317,17.251781463623047,0.08504074749027526,0.04774109300701564,0.10003457218408585,0.10002758353948593
2.047999999999996,0.06777691412933295,17.25149154663086,0.08503000490438199,0.04771257523301176,0.1000344306230545,0.10002074390649796
2.049999999999996,0.06777686688151655,17.251705169677734,0.08501258440695053,0.04767520568904196,0.10002889484167099,0.10000887513160706
2.0519999999999956,0.0677767558507149,17.251575469970703,0.08498868153675718,0.04762894731920448,0.10001770406961441,0.09999169409275055
2.0539999999999954,0.06777665581886033,17.253768920898438,0.08500806489620845,0.047573803157791285,0.1000429019331932,0.10006173700094223
2.055999999999995,0.06777656625298045,17.25381851196289,0.08502055307885618,0.0475772239044353,0.10006242245435715,0.10007325559854507
2.057999999999995,0.06777648708061189,17.253643035888672,0.08502635888566458,0.04757185668739659,0.10007607936859131,0.1000795066356659
2.0599999999999947,0.06777641789366044,17.25372886657715,0.08502542815050516,0.04755766645725771,0.10008419305086136,0.10008057206869125
2.0619999999999945,0.06777635857443957,17.25364112854004,0.08501790972970348,0.047534603829429874,0.10008683800697327,0.10007654875516891
2.0639999999999943,0.0677763088053928,17.25370979309082,0.08500378814055015,0.04750265053356175,0.10008387267589569,0.1000671535730362
2.065999999999994,0.06777626845426285,17.25365447998047,0.08498317222615179,0.04746178191310661,0.10007534921169281,0.10005255043506622
2.067999999999994,0.0677762372720817,17.253734588623047,0.08495606965465381,0.04741199490242083,0.10006149113178253,0.10003285855054855
2.0699999999999936,0.06777621513003661,17.25373649597168,0.08492256427830666,0.04735328463081419,0.10004225373268127,0.10000790655612946
2.0719999999999934,0.06777612841447218,17.253826141357422,0.08488267768989267,0.047285661575426956,0.10001783072948456,0.0999779924750328
2.073999999999993,0.06777605208256274,17.255882263183594,0.08488622935737518,0.04720913695136088,0.10002945363521576,0.10003054887056351
2.075999999999993,0.06777598550813242,17.256189346313477,0.08488300373261597,0.047191071747337845,0.10003579407930374,0.1000300794839859
2.0779999999999927,0.0677759287802067,17.255863189697266,0.08487328974077417,0.04716424816205701,0.10003634542226791,0.10002429783344269
2.0799999999999925,0.06777588145044451,17.256086349487305,0.08485696615295586,0.04712865855035262,0.10003161430358887,0.10001322627067566
2.0819999999999923,0.06777577002001953,17.25593376159668,0.08483422825461584,0.047084263631673624,0.10002147406339645,0.09999699890613556
2.083999999999992,0.06777566950525493,17.258140563964844,0.0848547897711436,0.04703106621259375,0.10004746913909912,0.10006742924451828
2.085999999999992,0.06777557936881305,17.258201599121094,0.08486852420640076,0.047036503941387295,0.10006766766309738,0.10007984936237335
2.0879999999999916,0.06777549954707904,17.258014678955078,0.08487564428135032,0.04703323770466645,0.10008250921964645,0.10008714348077774
2.0899999999999914,0.06777542962900132,17.258098602294922,0.08487609471828798,0.047021232220135975,0.10009157657623291,0.1000896617770195
2.091999999999991,0.06777536950172969,17.25799560546875,0.08487002397807848,0.04700043617412845,0.10009527951478958,0.10008670389652252
2.093999999999991,0.06777531884525359,17.25804901123047,0.08485741562631971,0.0469708306667009,0.10009338706731796,0.10007873177528381
2.0959999999999908,0.06777527752941649,17.25797462463379,0.08483837792591137,0.04693238937477128,0.10008620470762253,0.10006549209356308
2.0979999999999905,0.06777524530281938,17.258052825927734,0.08481291767003232,0.04688510835236936,0.10007365792989731,0.1000470519065857
2.0999999999999903,0.06777522203684717,17.258045196533203,0.08478111802093242,0.04682898121334867,0.10005570203065872,0.10002356767654419
2.10199999999999,0.06777513390837415,17.258127212524414,0.08474299972849941,0.046764017393740066,0.10003254562616348,0.09999524801969528
2.10399999999999,0.06777505609495268,17.260189056396484,0.0847483324941048,0.04669022667739367,0.1000455766916275,0.10004876554012299
2.1059999999999897,0.06777498795887489,17.260513305664062,0.08474695048128111,0.04667496642461485,0.1000531017780304,0.10004942864179611
2.1079999999999894,0.06777492959818857,17.260143280029297,0.08473914255832313,0.04665102309374856,0.10005533695220947,0.10004514455795288
2.109999999999989,0.06777488055650989,17.260364532470703,0.08472478621058085,0.04661838916514485,0.10005193203687668,0.10003579407930374
2.111999999999989,0.06777484083600263,17.260204315185547,0.08470407628344064,0.04657702291558272,0.10004349797964096,0.10002148896455765
2.1139999999999888,0.06777481010361179,17.260372161865234,0.08467695485448093,0.046526926693234646,0.1000293493270874,0.10000171512365341
2.1159999999999886,0.06777471440200152,17.260305404663086,0.084643558565533,0.046468083916642706,0.10001001507043839,0.09997713565826416
2.1179999999999883,0.06777462912708862,17.262432098388672,0.08465354791447056,0.04640050728931404,0.10002714395523071,0.10003499686717987
2.119999999999988,0.06777455372356392,17.262638092041016,0.08465685214908247,0.04639154449565994,0.10003859549760818,0.10003942251205444
2.121999999999988,0.06777448820742907,17.262393951416016,0.0846537078618341,0.0463739748112509,0.10004453361034393,0.10003899037837982
2.1239999999999877,0.06777443216810015,17.262535095214844,0.0846440362430813,0.04634777805321805,0.10004518181085587,0.10003342479467392
2.1259999999999875,0.06777438555235933,17.262409210205078,0.08462800009145652,0.0463129100191822,0.1000402644276619,0.10002273321151733
2.1279999999999872,0.06777434805056831,17.262523651123047,0.08460556834921505,0.0462693635269622,0.10003021359443665,0.1000068262219429
2.129999999999987,0.06777424550724542,17.26247787475586,0.08457685792808142,0.04621711886946745,0.1000148355960846,0.09998603910207748
2.131999999999987,0.0677741535436431,17.264602661132812,0.08459152980752999,0.046156181364644076,0.10003560036420822,0.10004835575819016
2.1339999999999866,0.06777407156860385,17.264789581298828,0.08459951786288286,0.04615391795975469,0.1000509038567543,0.1000564694404602
2.1359999999999864,0.06777399960214493,17.264514923095703,0.08460106897553461,0.04614308129942189,0.10006068646907806,0.10005970299243927
2.137999999999986,0.06777393720671648,17.26465606689453,0.08459609646030226,0.04612364855162391,0.1000649705529213,0.10005789250135422
2.139999999999986,0.06777388432668177,17.264503479003906,0.08458476917901672,0.04609557020334042,0.10006412118673325,0.10005076229572296
2.1419999999999857,0.06777384063119625,17.264606475830078,0.08456705103854684,0.04605883630404114,0.10005791485309601,0.10003887116909027
2.1439999999999855,0.06777380603008577,17.264541625976562,0.08454306239035375,0.04601342279190711,0.10004623979330063,0.10002179443836212
2.1459999999999853,0.06777370609853231,17.264636993408203,0.08451279764415107,0.04595933224278214,0.10002939403057098,0.09999988973140717
2.147999999999985,0.06777361667595762,17.266681671142578,0.0845259802935474,0.04589656056601809,0.10004891455173492,0.10005972534418106
2.149999999999985,0.06777353706493786,17.267026901245117,0.08453249935036991,0.04589247163719307,0.10006280988454819,0.10006675869226456
2.1519999999999846,0.0677734673780967,17.266571044921875,0.08453265842288869,0.045879832053492074,0.10007143020629883,0.100069060921669
2.1539999999999844,0.0677734071144342,17.26677703857422,0.0845263239689909,0.045858629454749604,0.1000743880867958,0.10006608068943024
2.155999999999984,0.0677733562768419,17.266571044921875,0.08451369933380094,0.045828811311347674,0.10007219016551971,0.10005805641412735
2.157999999999984,0.06777331449706035,17.2667236328125,0.08449471946698124,0.045790374697401666,0.10006497800350189,0.1000450849533081
2.1599999999999837,0.06777328172226886,17.266639709472656,0.08446952563237962,0.04574329419816042,0.10005199909210205,0.10002697259187698
2.1619999999999835,0.06777325767717167,17.266754150390625,0.08443809429271086,0.04568757716442821,0.10003422945737839,0.10000406950712204
2.1639999999999833,0.06777316782859873,17.26673126220703,0.08440052833194889,0.04562321906962815,0.10001132637262344,0.09997619688510895
2.165999999999983,0.06777308812067095,17.268802642822266,0.08440640818863468,0.04555023744043516,0.1000245064496994,0.10002776235342026
2.167999999999983,0.06777301797250444,17.269058227539062,0.08440574399758356,0.04553591651956794,0.10003241896629333,0.10002925246953964
2.1699999999999826,0.06777295744803204,17.268779754638672,0.08439878545986482,0.04551311595765787,0.1000349372625351,0.10002587735652924
2.1719999999999824,0.06777290612527301,17.26896095275879,0.08438543926503927,0.0454818244250156,0.10003204643726349,0.10001745820045471
2.173999999999982,0.06777286398406752,17.268840789794922,0.08436587567960534,0.04544199979836463,0.10002410411834717,0.10000388324260712
2.175999999999982,0.06777275610547065,17.268966674804688,0.08434005435476005,0.0453936412613596,0.10001089423894882,0.09998548775911331
2.1779999999999817,0.06777265886739775,17.271018981933594,0.08435767593052333,0.045336731211393796,0.10003376752138138,0.10004923492670059
2.1799999999999815,0.06777257152032565,17.271373748779297,0.08436866325728212,0.04533861815170067,0.1000511646270752,0.10005946457386017
2.1819999999999813,0.06777249420549811,17.270845413208008,0.08437333966815355,0.04533207227250037,0.10006342828273773,0.10006511956453323
2.183999999999981,0.06777242638540597,17.27105712890625,0.08437155819270654,0.04531707794460649,0.10007021576166153,0.10006582736968994
2.185999999999981,0.06777236807569094,17.270828247070312,0.08436353411402323,0.045293573409693706,0.10007152706384659,0.10006146132946014
2.1879999999999806,0.06777231888103863,17.27096939086914,0.08434919410414594,0.04526155200047434,0.10006788372993469,0.10005228221416473
2.1899999999999804,0.0677722787516566,17.27086639404297,0.08432868652769036,0.04522098098924625,0.10005895048379898,0.10003803670406342
2.19199999999998,0.06777224739098807,17.270973205566406,0.08430198261047321,0.04517186386711924,0.10004494339227676,0.1000189557671547
2.19399999999998,0.0677721499968776,17.27093505859375,0.08426918931461683,0.04511419013061807,0.10002576559782028,0.09999481588602066
2.1959999999999797,0.06777206282411183,17.273006439208984,0.08427983968958944,0.0450479735156974,0.10004261881113052,0.10005030781030655
2.1979999999999795,0.06777198527391155,17.273239135742188,0.08428399153923073,0.04504050043931979,0.10005418211221695,0.10005553066730499
2.1999999999999793,0.06777191740316095,17.272953033447266,0.08428189280422707,0.04502462268987464,0.10006047040224075,0.10005578398704529
2.201999999999979,0.06777185877413046,17.27310562133789,0.0842734507671489,0.04500032595721309,0.10006171464920044,0.10005119442939758
2.203999999999979,0.06777180935740319,17.27297019958496,0.08425883417358454,0.04496756368479456,0.10005752742290497,0.10004156827926636
2.2059999999999786,0.06777176882544636,17.273082733154297,0.0842380027000772,0.04492633205287792,0.10004820674657822,0.10002734512090683
2.2079999999999784,0.06777173710690267,17.273021697998047,0.08421107599324984,0.04487660961271484,0.10003388673067093,0.1000078096985817
2.209999999999978,0.06777163900702261,17.273120880126953,0.08417804538649029,0.04481840334522046,0.1000143438577652,0.09998372942209244
2.211999999999978,0.06777155114909589,17.275129318237305,0.08418850076319705,0.04475171131227976,0.10003099590539932,0.10003825277090073
2.2139999999999778,0.06777147282522711,17.275501251220703,0.08419246375889915,0.04474380399263302,0.10004229843616486,0.10004337131977081
2.2159999999999775,0.06777140418376015,17.275039672851562,0.0841902384932284,0.04472755073536706,0.1000485047698021,0.10004350543022156
2.2179999999999773,0.06777134472013735,17.275249481201172,0.0841816885647767,0.04470294408499323,0.10004942864179611,0.10003887116909027
2.219999999999977,0.06777129446101657,17.275066375732422,0.08416701708388719,0.04466993057183659,0.10004521161317825,0.10002931952476501
2.221999999999977,0.06777125303773636,17.275222778320312,0.08414615695763909,0.0446285103401985,0.10003575682640076,0.10001493990421295
2.2239999999999767,0.06777114536103714,17.27513885498047,0.08411924883269555,0.044578657434168986,0.10002128034830093,0.09999576210975647
2.2259999999999764,0.06777104804622167,17.277240753173828,0.08413575538802276,0.044520381026864175,0.10004297643899918,0.10005626827478409
2.227999999999976,0.06777096050228124,17.277420043945312,0.0841458035118606,0.04452095607838835,0.1000591367483139,0.1000656932592392
2.229999999999976,0.06777088275758439,17.277145385742188,0.08414962751703095,0.04451323180961596,0.1000702977180481,0.10007075220346451
2.231999999999976,0.06777081437313626,17.277263641357422,0.08414714680691374,0.044497185881037196,0.10007595270872116,0.10007083415985107
2.2339999999999756,0.06777075529581163,17.27711296081543,0.08413852154405725,0.044472765747107686,0.10007665306329727,0.1000659242272377
2.2359999999999753,0.06777070519135606,17.27719497680664,0.08412371866520937,0.04443996079663068,0.10007213056087494,0.10005627572536469
2.237999999999975,0.06777066396786549,17.277130126953125,0.08410285225282185,0.044398744151802234,0.1000625491142273,0.10004173964262009
2.239999999999975,0.0677706313663364,17.277206420898438,0.08407591781846993,0.04434911694206015,0.10004788637161255,0.10002230852842331
2.2419999999999747,0.06777053211169368,17.277189254760742,0.08404300086044372,0.044291072300062344,0.10002825409173965,0.09999841451644897
2.2439999999999745,0.06777044294833869,17.279237747192383,0.08405355769696173,0.044224622466393304,0.10004477947950363,0.10005167871713638
2.2459999999999742,0.06777036324798709,17.279495239257812,0.08405772558014059,0.04421699727281875,0.10005609691143036,0.10005683451890945
2.247999999999974,0.06777029309876459,17.2791748046875,0.08405576204318266,0.044201109513122644,0.10006213188171387,0.1000572070479393
2.249999999999974,0.06777023204490468,17.27933692932129,0.0840475649994756,0.04417694809656841,0.10006313025951385,0.10005289316177368
2.2519999999999736,0.06777018007564092,17.279191970825195,0.08403330861267524,0.04414446404293336,0.1000588908791542,0.10004357993602753
2.2539999999999734,0.06777013685188524,17.279306411743164,0.08401294652362577,0.0441036552444919,0.10004968196153641,0.10002939403057098
2.255999999999973,0.06777010231281828,17.279239654541016,0.08398660128076942,0.04405449848834343,0.10003563016653061,0.10001064091920853
2.257999999999973,0.06777000083225877,17.27933692932129,0.08395426020092532,0.0439970014793556,0.10001636296510696,0.0999869555234909
2.2599999999999727,0.06776990949335461,17.281341552734375,0.0839654247638462,0.04393116085469319,0.10003315657377243,0.10004038363695145
2.2619999999999725,0.0677698275684737,17.281707763671875,0.08397020536971186,0.043924190639143885,0.10004481673240662,0.10004590451717377
2.2639999999999723,0.06776975522488808,17.281234741210938,0.0839689076531963,0.043909018678703476,0.10005133599042892,0.10004685819149017
2.265999999999972,0.06776969194513831,17.281444549560547,0.08396139251650797,0.04388563919078331,0.10005252808332443,0.10004283487796783
2.267999999999972,0.0677696377660508,17.281253814697266,0.08394786352385032,0.04385399594963846,0.1000489890575409,0.10003433376550674
2.2699999999999716,0.06776959230975804,17.281402587890625,0.08392825165758808,0.043814089642747064,0.10004030913114548,0.1000208705663681
2.2719999999999714,0.06776955554356182,17.28131675720215,0.0839026974056252,0.04376589215283867,0.10002654045820236,0.10000241547822952
2.273999999999971,0.06776945163453595,17.281421661376953,0.08387117417226732,0.04370941247043601,0.10000807046890259,0.09997960180044174
2.275999999999971,0.06776935788494211,17.283428192138672,0.08388316298954587,0.043644643804634904,0.10002551972866058,0.10003325343132019
2.2779999999999707,0.06776927354542933,17.283796310424805,0.08388879759017609,0.04363877948714348,0.10003778338432312,0.10003940761089325
2.2799999999999705,0.06776919879705304,17.283302307128906,0.08388839055380092,0.043624766967341196,0.10004497319459915,0.10004092752933502
2.2819999999999703,0.06776913310788103,17.28351402282715,0.08388179722570038,0.04360260101697988,0.10004694759845734,0.10003780573606491
2.28399999999997,0.06776907652185207,17.283313751220703,0.08386922527862377,0.04357222302099413,0.10004396736621857,0.10003005713224411
2.28599999999997,0.06776902865097797,17.283466339111328,0.08385060221668118,0.043533633649318365,0.10003592073917389,0.10001721233129501
2.2879999999999696,0.06776891389791742,17.283374786376953,0.08382607090148292,0.04348680297568392,0.10002285242080688,0.09999993443489075
2.2899999999999694,0.06776880943901437,17.28548812866211,0.08384497285730422,0.043431739636579626,0.10004616528749466,0.10006064176559448
2.291999999999969,0.06776871466518786,17.285629272460938,0.083857555587525,0.04343564385299885,0.10006404668092728,0.10007201135158539
2.293999999999969,0.06776862961407731,17.285350799560547,0.08386405200388002,0.043431439290261734,0.10007665306329727,0.10007888078689575
2.2959999999999687,0.06776855383275904,17.285457611083984,0.08386438063387205,0.04341910347898867,0.10008440911769867,0.10008103400468826
2.2979999999999685,0.06776848727032395,17.285301208496094,0.08385870014634574,0.04339858023137673,0.10008686035871506,0.10007850080728531
2.2999999999999683,0.06776842958067987,17.28536605834961,0.08384697649392465,0.043369857943532326,0.10008453577756882,0.10007114708423615
2.301999999999968,0.06776838066957597,17.28529167175293,0.08382932223122072,0.043332906610581534,0.10007718950510025,0.10005933791399002
2.303999999999968,0.06776834026713054,17.285354614257812,0.08380573176728126,0.043287725821408204,0.1000647097826004,0.100042425096035
2.3059999999999676,0.0677683082629979,17.285327911376953,0.0837762890602507,0.04323430586750406,0.10004769265651703,0.1000211089849472
2.3079999999999674,0.06776820880128644,17.2853946685791,0.08374100566633774,0.04317265709435387,0.10002574324607849,0.09999507665634155
2.309999999999967,0.0677681192009343,17.287399291992188,0.08374926100631808,0.04310278587518503,0.10003975033760071,0.10004343092441559
2.311999999999967,0.067768038751528,17.28774070739746,0.08375127895478764,0.0430918228565955,0.10004861652851105,0.10004677623510361
2.3139999999999668,0.06776796769541919,17.287307739257812,0.08374735064116907,0.04307279171498068,0.10005266219377518,0.10004556179046631
2.3159999999999665,0.06776790594897154,17.287521362304688,0.08373734456940525,0.04304569148356958,0.10005153715610504,0.10003972798585892
2.3179999999999663,0.06776785370058096,17.287349700927734,0.08372145486191994,0.04301046957440021,0.1000455841422081,0.10002906620502472
2.319999999999966,0.06776781068359028,17.287487030029297,0.08369961680470034,0.04296713032238286,0.10003448277711868,0.10001368820667267
2.321999999999966,0.06776770000213234,17.287412643432617,0.08367196464874192,0.042915648480683515,0.10001883655786514,0.09999389946460724
2.3239999999999656,0.06776759982246389,17.289501190185547,0.08368777322893636,0.04285603578098022,0.10003908723592758,0.10004992038011551
2.3259999999999654,0.06776750961238225,17.289661407470703,0.08369735658920435,0.04285542124061074,0.10005426406860352,0.10005897283554077
2.327999999999965,0.06776742950477864,17.289386749267578,0.0837009509158771,0.04284680731587018,0.100064218044281,0.10006342828273773
2.329999999999965,0.06776735913612242,17.289501190185547,0.0836984707559684,0.04283017577370732,0.10006929188966751,0.10006330907344818
2.3319999999999648,0.06776729855402548,17.289356231689453,0.08369007658749307,0.042805471496402125,0.10006928443908691,0.10005860030651093
2.3339999999999645,0.06776724751149085,17.28943634033203,0.083675731833248,0.04277268593741717,0.10006462782621384,0.10004925727844238
2.3359999999999643,0.0677672060178847,17.28936767578125,0.08365555000773654,0.04273179016696321,0.10005490481853485,0.10003521293401718
2.337999999999964,0.06776717391054793,17.2894344329834,0.08362952388773155,0.042682785997947344,0.10004030913114548,0.10001667588949203
2.339999999999964,0.06776707193758943,17.289413452148438,0.08359773790327256,0.042625664691890504,0.10002114623785019,0.0999932810664177
2.3419999999999637,0.06776698057055516,17.291458129882812,0.08360946053582606,0.04256043821398571,0.10003779083490372,0.10004416108131409
2.3439999999999634,0.06776689925097708,17.29170036315918,0.08361501640577004,0.04255419362720115,0.10004948824644089,0.10005021095275879
2.3459999999999632,0.06776682814820292,17.291362762451172,0.08361466297420823,0.042539989099234905,0.1000560075044632,0.10005165636539459
2.347999999999963,0.06776676688670744,17.291513442993164,0.08360829545777065,0.04251781571183433,0.10005781799554825,0.10004857182502747
2.349999999999963,0.0677667155396932,17.291366577148438,0.08359608712404606,0.042487620025401934,0.10005441308021545,0.10004071146249771
2.3519999999999626,0.06776667385640203,17.29146957397461,0.08357798943477525,0.042449400332882185,0.10004644840955734,0.10002840310335159
2.3539999999999623,0.06776664186483411,17.291400909423828,0.08355412359227814,0.04240312977349451,0.10003362596035004,0.10001157969236374
2.355999999999962,0.0677665381212868,17.291481018066406,0.08352447497777671,0.042348815298892756,0.10001610964536667,0.09999000281095505
2.357999999999962,0.0677664452967848,17.293498992919922,0.08353836317398816,0.042286450310923505,0.1000344455242157,0.10004279017448425
2.3599999999999617,0.06776636273988071,17.293840408325195,0.08354608026892223,0.04228311539018356,0.10004763305187225,0.10005034506320953
2.3619999999999615,0.06776629067432519,17.2933406829834,0.08354793203744379,0.042271872592484085,0.10005591064691544,0.10005351901054382
2.3639999999999612,0.06776622866406769,17.293533325195312,0.08354377646028087,0.04225271823815577,0.10005936026573181,0.10005185008049011
2.365999999999961,0.06776617681119672,17.293331146240234,0.08353381622257149,0.042225590139606806,0.10005803406238556,0.10004591941833496
2.367999999999961,0.06776613482423291,17.293468475341797,0.08351797996206255,0.04219048908717484,0.10005170851945877,0.10003539174795151
2.3699999999999606,0.06776610274463986,17.29336929321289,0.0834964067296788,0.04214738216654892,0.10004058480262756,0.10002008080482483
2.3719999999999604,0.06776608038192129,17.2934627532959,0.08346906784317015,0.04209627720271405,0.10002490878105164,0.10000047832727432
2.37399999999996,0.06776598415837719,17.29342269897461,0.08343606312226613,0.042037163254470725,0.10000447183847427,0.09997624158859253
2.37599999999996,0.06776589889916561,17.29547119140625,0.08344657707566375,0.041970056158087826,0.10001979768276215,0.1000247448682785
2.3779999999999597,0.06776582407962495,17.29571533203125,0.08345101500583885,0.04196196904949456,0.10003010928630829,0.10002979636192322
2.3799999999999595,0.06776575983851998,17.29538345336914,0.08344962672103749,0.04194603652608452,0.10003579407930374,0.1000303328037262
2.3819999999999593,0.06776570581974294,17.295541763305664,0.08344231249844604,0.04192225039421232,0.10003631561994553,0.10002656280994415
2.383999999999959,0.06776566207625942,17.295391082763672,0.08342924070924194,0.04189055777402541,0.100032277405262,0.10001805424690247
2.385999999999959,0.06776562836757069,17.295501708984375,0.0834103657937613,0.04185095739485776,0.10002350062131882,0.10000505298376083
2.3879999999999586,0.06776551948973614,17.295421600341797,0.08338580576850117,0.04180342272552139,0.10000984370708466,0.0999874696135521
2.3899999999999584,0.06776542200099324,17.297508239746094,0.08340472584187582,0.041747960924081305,0.10003221780061722,0.10004521906375885
2.391999999999958,0.06776533536599669,17.29770851135254,0.08341755267334136,0.04175160478003902,0.10004943609237671,0.1000564843416214
2.393999999999958,0.06776525967489738,17.297338485717773,0.0834245301377597,0.04174745029453265,0.10006174445152283,0.10006345063447952
2.3959999999999577,0.06776519455300364,17.297456741333008,0.0834255652332119,0.04173547977501045,0.10006940364837646,0.10006580501794815
2.3979999999999575,0.0677651400121636,17.29724884033203,0.08342082252493219,0.04171563268700555,0.10007194429636002,0.10006383061408997
2.3999999999999573,0.06776509578921436,17.297332763671875,0.08341026040489047,0.041687899728706304,0.10006985068321228,0.10005715489387512
2.401999999999957,0.06776506186206009,17.297222137451172,0.08339399428667194,0.04165224759666974,0.10006286948919296,0.10004615038633347
2.403999999999957,0.06776503804871874,17.29727554321289,0.08337201338791732,0.04160867655696005,0.10005117952823639,0.10003062337636948
2.4059999999999566,0.0677650243196599,17.29721450805664,0.08334440270002873,0.041557174126073654,0.1000349149107933,0.10001076757907867
2.4079999999999564,0.06776493300117081,17.297264099121094,0.08331116999564406,0.04149775023611411,0.1000140830874443,0.09998638182878494
2.409999999999956,0.0677648530054763,17.299232482910156,0.0833215082396539,0.041430408706442524,0.10002902895212173,0.10003358870744705
2.411999999999956,0.06776478374534528,17.299610137939453,0.08332582761663923,0.04142212065305439,0.10003921389579773,0.10003825277090073
2.4139999999999557,0.06776472539744802,17.29909896850586,0.08332442027596791,0.04140607002667653,0.10004455596208572,0.10003881901502609
2.4159999999999555,0.06776467756597268,17.299320220947266,0.0833171512387146,0.04138225833375596,0.10004497319459915,0.10003487020730972
2.4179999999999553,0.06776464032461725,17.299091339111328,0.0833042143465563,0.041350627533775226,0.10004065185785294,0.10002639144659042
2.419999999999955,0.06776461340684364,17.299232482910156,0.08328554223752241,0.04131118241462829,0.10003168135881424,0.10001356154680252
2.421999999999955,0.06776450772253062,17.29911231994629,0.08326126814939114,0.041263893364246816,0.1000179797410965,0.09999608993530273
2.4239999999999546,0.06776441374771919,17.301197052001953,0.08328048372084003,0.04120877127512241,0.10004035383462906,0.10005320608615875
2.4259999999999544,0.06776433097397223,17.3013916015625,0.08329368550652592,0.04121279217312231,0.1000576913356781,0.10006478428840637
2.427999999999954,0.06776425945978284,17.301040649414062,0.08330110932898327,0.04120911038877802,0.10007002204656601,0.10007181763648987
2.429999999999954,0.06776419884465823,17.30113983154297,0.08330266712103776,0.04119770837815087,0.10007768124341965,0.10007452964782715
2.4319999999999538,0.06776414911872043,17.30094337463379,0.08329851821715503,0.04117852589590257,0.10008066147565842,0.10007279366254807
2.4339999999999535,0.06776411002504915,17.301010131835938,0.08328862381323177,0.04115155358352702,0.10007865726947784,0.10006669908761978
2.4359999999999533,0.06776408152573606,17.300899505615234,0.08327309584246234,0.04111675816339396,0.10007233172655106,0.10005617886781693
2.437999999999953,0.06776406343998759,17.300949096679688,0.08325192501347185,0.041074139671221345,0.10006117075681686,0.10004115104675293
2.439999999999953,0.06776405572589408,17.300888061523438,0.08322519392282758,0.04102368543414126,0.10004531592130661,0.1000218316912651
2.4419999999999527,0.06776396691659056,17.30093002319336,0.08319291102439272,0.0409654050055869,0.10002486407756805,0.09999801218509674
2.4439999999999524,0.06776388975420762,17.302902221679688,0.08320421006138218,0.04089930183952528,0.1000404804944992,0.10004542768001556
2.445999999999952,0.06776382366971316,17.30327606201172,0.0832095598174742,0.040892295932500655,0.10005112737417221,0.1000509262084961
2.447999999999952,0.0677637688114736,17.302757263183594,0.08320925160141786,0.04087762254384703,0.10005710273981094,0.10005205869674683
2.4499999999999518,0.0677637247918222,17.302974700927734,0.08320315005785321,0.040855283951306685,0.10005839914083481,0.10004884749650955
2.4519999999999516,0.06776369166397327,17.302743911743164,0.08319144819555165,0.04082522053661779,0.10005467385053635,0.10004127025604248
2.4539999999999513,0.06776366916323315,17.302871704101562,0.08317407823475428,0.040787437223958896,0.1000465676188469,0.10002932697534561
2.455999999999951,0.06776365729781239,17.302749633789062,0.08315117260915485,0.040741903111828584,0.10003393143415451,0.10001307725906372
2.457999999999951,0.06776356269482979,17.302833557128906,0.08312270434035678,0.04068862881788358,0.10001658648252487,0.09999220818281174
2.4599999999999507,0.06776348005318468,17.304805755615234,0.0831378129108917,0.04062760483543837,0.1000351682305336,0.1000434085726738
2.4619999999999505,0.06776340877250107,17.305208206176758,0.08314697107848114,0.04062573915748028,0.10004876554012299,0.10005193203687668
2.4639999999999502,0.06776334899959166,17.30462074279785,0.08315048918584908,0.04061626936983314,0.10005787014961243,0.10005591064691544
2.46599999999995,0.0677633003218149,17.304832458496094,0.08314821869838732,0.04059919634919008,0.10006210207939148,0.10005572438240051
2.46799999999995,0.06776326278549795,17.304580688476562,0.0831403641874758,0.04057445288081584,0.10006164759397507,0.10005107522010803
2.4699999999999496,0.06776323610502968,17.30470848083496,0.08312684982168643,0.040542041764007754,0.10005676746368408,0.10004204511642456
2.4719999999999493,0.06776322027870837,17.304569244384766,0.0831078149817071,0.04050192625294742,0.1000470295548439,0.10002868622541428
2.473999999999949,0.06776321511059347,17.304649353027344,0.08308322768412281,0.040454114532613085,0.1000327318906784,0.10001111030578613
2.475999999999949,0.06776312537303303,17.304576873779297,0.0830531871713468,0.04039859244892246,0.10001412779092789,0.09998904168605804
2.4779999999999487,0.0677630476507399,17.306610107421875,0.08306669587572796,0.04033537510765812,0.10003125667572021,0.10003803670406342
2.4799999999999485,0.06776298145438109,17.30687141418457,0.08307434014090229,0.040331310641586945,0.1000436395406723,0.10004521161317825
2.4819999999999482,0.06776292684738394,17.306480407714844,0.08307636896762499,0.040319697800556026,0.10005124658346176,0.10004808753728867
2.483999999999948,0.06776288348525596,17.306629180908203,0.08307268040969408,0.04030052973274344,0.10005409270524979,0.10004666447639465
2.485999999999948,0.0677628513644257,17.306438446044922,0.08306344144409701,0.04027374873463706,0.10005246847867966,0.10004085302352905
2.4879999999999476,0.06776283024115096,17.306522369384766,0.08304860457080315,0.040239353243802754,0.10004643350839615,0.10003095120191574
2.4899999999999474,0.06776282008397473,17.306411743164062,0.08302828610192044,0.040197312692029835,0.10003554821014404,0.1000165045261383
2.491999999999947,0.06776272383886679,17.306468963623047,0.08300247126479002,0.040147632889786636,0.10002028942108154,0.09999779611825943
2.493999999999947,0.06776263994161198,17.30846405029297,0.0830202330650553,0.040090303736032055,0.10004067420959473,0.10005126893520355
2.4959999999999467,0.06776256781213835,17.308841705322266,0.08303210884440297,0.040092182470301545,0.10005656629800797,0.10006163269281387
2.4979999999999465,0.06776250755360853,17.308263778686523,0.08303840294368826,0.040086553679783414,0.10006747394800186,0.10006779432296753
2.4999999999999463,0.06776245876024943,17.308452606201172,0.08303897077207881,0.04007341659557425,0.10007376968860626,0.1000695526599884
2.501999999999946,0.06776242144627939,17.30819320678711,0.08303401287522261,0.04005270167171951,0.10007557272911072,0.10006702691316605
2.503999999999946,0.06776239532487491,17.308311462402344,0.0830234556037644,0.04002440997442611,0.1000727042555809,0.10006019473075867
2.5059999999999456,0.06776238036939818,17.308170318603516,0.08300743552729899,0.03998850264292528,0.10006539523601532,0.10004913061857224
2.5079999999999454,0.06776237637786708,17.308231353759766,0.0829859217227997,0.03994498609691607,0.10005351901054382,0.10003376007080078
2.509999999999945,0.06776238331144888,17.308151245117188,0.08295901136328865,0.03989384420725265,0.10003716498613358,0.10001423209905624
2.511999999999945,0.06776230199270673,17.308204650878906,0.0829266993275104,0.039835090309849365,0.10001635551452637,0.09999051690101624
2.5139999999999447,0.0677622329304958,17.310176849365234,0.08293799826510063,0.03976872557893975,0.10003140568733215,0.10003583133220673
2.5159999999999445,0.06776217558974729,17.310562133789062,0.08294349935207017,0.039761532926181654,0.10004180669784546,0.10004136711359024
2.5179999999999443,0.06776213007387633,17.31003189086914,0.0829434995987787,0.039746886713625244,0.1000475212931633,0.10004263371229172
2.519999999999944,0.06776209601193266,17.31024742126465,0.08293785748240448,0.03972479296346987,0.10004876554012299,0.10003955662250519
2.521999999999944,0.06776207342501414,17.31001091003418,0.08292676896165181,0.03969518880147128,0.10004518926143646,0.10003247112035751
2.5239999999999436,0.06776206205412598,17.310136795043945,0.08291016222314479,0.03965808103672586,0.10003741830587387,0.1000208854675293
2.5259999999999434,0.06776206188289674,17.310009002685547,0.08288817102219409,0.03961343638440945,0.10002504289150238,0.10000517219305038
2.527999999999943,0.067761971960678,17.310081481933594,0.08286076559663956,0.03956126614245563,0.10000821202993393,0.09998531639575958
2.529999999999943,0.06776189463247835,17.312057495117188,0.08287695836072609,0.03950155887208183,0.10002733767032623,0.10003592818975449
2.5319999999999427,0.06776182933903409,17.312461853027344,0.08288734898035797,0.03950108793165178,0.10004150867462158,0.10004501789808273
2.5339999999999425,0.06776177616924903,17.31186294555664,0.08289224848102204,0.03949322527437549,0.10005126148462296,0.10005015879869461
2.5359999999999423,0.06776173473020362,17.312076568603516,0.08289150621521175,0.03947797391418749,0.10005631297826767,0.10005075484514236
2.537999999999942,0.06776170502703975,17.311813354492188,0.08288532660204999,0.039455263128687384,0.1000569611787796,0.1000472754240036
2.539999999999942,0.06776168678048862,17.311935424804688,0.08287363222825739,0.03942509638960474,0.10005296021699905,0.10003969073295593
2.5419999999999416,0.0677616799576905,17.311790466308594,0.08285656185770947,0.03938743420261207,0.10004449635744095,0.10002773255109787
2.5439999999999414,0.06776168436056895,17.311859130859375,0.08283408218422178,0.03934228448709342,0.10003155469894409,0.10001164674758911
2.545999999999941,0.06776159737042702,17.31177520751953,0.0828062915711398,0.03928963074279432,0.10001442581415176,0.09999125450849533
2.547999999999941,0.06776152303410664,17.313810348510742,0.08282206900878665,0.03922948719587174,0.1000329852104187,0.1000412106513977
2.5499999999999408,0.06776146088680571,17.314071655273438,0.08283212366155787,0.039228575286823386,0.10004694759845734,0.10005000233650208
2.5519999999999405,0.06776141094020877,17.313671112060547,0.0828367041919558,0.0392203185972073,0.10005615651607513,0.10005480796098709
2.5539999999999403,0.0677613728581852,17.313812255859375,0.08283570711372419,0.03920471099469829,0.10006098449230194,0.10005519539117813
2.55599999999994,0.06776134659872375,17.313610076904297,0.08282929860016615,0.03918169136612982,0.10006110370159149,0.10005156695842743
2.55799999999994,0.06776133191642145,17.313684463500977,0.08281742982657596,0.03915125779409969,0.10005698353052139,0.10004357993602753
2.5599999999999397,0.06776132874942334,17.313568115234375,0.0828002160459791,0.039113376855174076,0.10004835575819016,0.10003155469894409
2.5619999999999394,0.06776133691954256,17.313610076904297,0.0827776412357252,0.03906805331572811,0.10003522783517838,0.10001527518033981
2.563999999999939,0.06776125201412081,17.31354522705078,0.08274978925650572,0.03901527451087348,0.10001783072948456,0.09999490529298782
2.565999999999939,0.0677611798806143,17.315567016601562,0.08276551846985061,0.038955052826290755,0.10003632307052612,0.10004448145627975
2.5679999999999388,0.06776112005514358,17.315845489501953,0.08277556043353139,0.038954076766959965,0.10005013644695282,0.10005305707454681
2.5699999999999386,0.0677610725456498,17.3154296875,0.08278017020471656,0.03894580443532241,0.1000593900680542,0.10005784034729004
2.5719999999999383,0.06776103701602196,17.31557846069336,0.082779238599801,0.03893023189413716,0.1000640019774437,0.10005828738212585
2.573999999999938,0.06776101342120917,17.31536865234375,0.08277293553730855,0.03890729690237048,0.1000642403960228,0.10005469620227814
2.575999999999938,0.06776100151514693,17.31544303894043,0.08276120862559791,0.038876998867466366,0.10006000101566315,0.100046806037426
2.5779999999999377,0.06776100123329576,17.31532859802246,0.08274417526603244,0.03883930365407367,0.10005158931016922,0.10003481805324554
2.5799999999999375,0.0677610123962631,17.315372467041016,0.0827218171622505,0.038794216790155225,0.10003852844238281,0.10001873224973679
2.5819999999999372,0.06776092884306692,17.3153018951416,0.08269421936083525,0.03874172512037271,0.10002123564481735,0.09999855607748032
2.583999999999937,0.06776085818337269,17.31732177734375,0.08271020833934292,0.038681841420913105,0.10003984719514847,0.1000479906797409
2.585999999999937,0.06776079996310012,17.31760025024414,0.08272054701457661,0.038681219765593314,0.10005367547273636,0.10005687922239304
2.5879999999999366,0.06776075417797021,17.317188262939453,0.08272548960509672,0.03867335270430133,0.10006308555603027,0.10006173700094223
2.5899999999999364,0.06776072049686496,17.317333221435547,0.082724927103673,0.03865823665682593,0.10006789863109589,0.10006242245435715
2.591999999999936,0.0677606988662224,17.317123413085938,0.08271902877904526,0.038635808896705835,0.10006847977638245,0.10005912184715271
2.593999999999936,0.0677606890419534,17.317195892333984,0.0827077422631086,0.038606068925340326,0.10006451606750488,0.10005169361829758
2.5959999999999357,0.06776069095320048,17.31707763671875,0.08269118443272495,0.038568982189793016,0.10005612671375275,0.10003992170095444
2.5979999999999355,0.06776070442062126,17.317119598388672,0.08266933691046359,0.03852455413541597,0.1000436469912529,0.10002412647008896
2.5999999999999353,0.06776072937485549,17.317047119140625,0.08264228429984091,0.038472771211131074,0.1000266745686531,0.10000450909137726
2.601999999999935,0.06776065751197154,17.317079544067383,0.08261002868860387,0.03841364598826866,0.10000558942556381,0.09998051822185516
2.603999999999935,0.06776059853815564,17.31905174255371,0.08262141160765385,0.03834718100263455,0.10002005845308304,0.10002407431602478
2.6059999999999346,0.06776055198241,17.319456100463867,0.08262719276463404,0.038339969396301486,0.10003022849559784,0.10002949833869934
2.6079999999999344,0.06776051787847047,17.318931579589844,0.08262766467926733,0.03832557622158365,0.10003598779439926,0.10003098845481873
2.609999999999934,0.06776049589003097,17.319137573242188,0.08262268728008096,0.03830401011135119,0.10003700852394104,0.10002847015857697
2.611999999999934,0.06776048599072254,17.318897247314453,0.08261245313990323,0.0382752057450257,0.10003400593996048,0.1000216007232666
2.6139999999999337,0.06776048793769246,17.319011688232422,0.08259689100469671,0.03823917101668879,0.10002641379833221,0.10001072287559509
2.6159999999999335,0.0677603922507508,17.31888198852539,0.08257613197797883,0.038195870660769154,0.10001449286937714,0.09999586641788483
2.6179999999999333,0.06776030996343567,17.320941925048828,0.08259892004957575,0.03814531604543829,0.10003846883773804,0.1000528410077095
2.619999999999933,0.06776024063869615,17.32114601135254,0.08261609776776455,0.03815411116014961,0.10005781799554825,0.10006683319807053
2.621999999999933,0.06776018421021537,17.320764541625977,0.08262790021440411,0.03815578017585743,0.10007264465093613,0.10007712990045547
2.6239999999999326,0.06776014034669933,17.32086753845215,0.08263423532173578,0.03815030864470796,0.10008307546377182,0.10008282214403152
2.6259999999999324,0.06776010894686058,17.320663452148438,0.08263526050421065,0.038137628759467586,0.1000889465212822,0.10008475929498672
2.627999999999932,0.06776008975648799,17.32070541381836,0.08263093357944197,0.03811773130653191,0.10009066760540009,0.1000823974609375
2.629999999999932,0.06776008266613263,17.320575714111328,0.08262136391597591,0.038090576676309953,0.10008800029754639,0.10007622838020325
2.6319999999999317,0.06776008748078471,17.32059097290039,0.08260653908498847,0.038056163116803154,0.10008091479539871,0.10006586462259293
2.6339999999999315,0.06776010409848121,17.320510864257812,0.08258653875389388,0.03801447221057705,0.10006970167160034,0.10005133599042892
2.6359999999999313,0.06776013237193235,17.320520401000977,0.08256136828395907,0.037965510423037654,0.10005403310060501,0.10003317892551422
2.637999999999931,0.06776017221539266,17.320480346679688,0.0825310890572297,0.037909275683945205,0.10003425180912018,0.10001062601804733
2.639999999999931,0.06776011179783208,17.320499420166016,0.08249571716813252,0.03784578263688804,0.10001042485237122,0.099984310567379
2.6419999999999306,0.0677600643446256,17.322484970092773,0.08250400966288568,0.037775042138983604,0.10002213716506958,0.10002339631319046
2.6439999999999304,0.06776002942899219,17.322887420654297,0.08250680477966901,0.037763553466591,0.1000296026468277,0.10002655535936356
2.64599999999993,0.06776000706237058,17.322391510009766,0.082504386166376,0.037744984045495034,0.10003265738487244,0.10002569109201431
2.64799999999993,0.067759996937916,17.322593688964844,0.08249661829283277,0.03771934633879372,0.1000315323472023,0.10002099722623825
2.6499999999999297,0.06775999901783562,17.322368621826172,0.08248368802955741,0.03768657866280998,0.1000259667634964,0.10001222044229507
2.6519999999999295,0.06775990032100392,17.32248306274414,0.0824655267293304,0.03764669198504651,0.10001605749130249,0.09999914467334747
2.6539999999999293,0.06775981539646421,17.324459075927734,0.08249097782242258,0.03759965394820737,0.10004200041294098,0.10005855560302734
2.655999999999929,0.06775974372188635,17.324865341186523,0.08251082074439497,0.037612034716487386,0.10006316751241684,0.10007468611001968
2.657999999999929,0.06775968527707038,17.324180603027344,0.0825253865324116,0.03761739208496882,0.10008014738559723,0.10008661448955536
2.6599999999999286,0.06775963967497046,17.324398040771484,0.0825345088672588,0.037615728468759914,0.10009260475635529,0.10009459406137466
2.6619999999999284,0.06775960683732861,17.32408905029297,0.08253840336234222,0.03760695718495154,0.10010083764791489,0.10009866207838058
2.663999999999928,0.06775958647198903,17.324193954467773,0.08253698255145643,0.037591078365705896,0.10010461509227753,0.10009844601154327
2.665999999999928,0.06775957847867706,17.32400894165039,0.08253039100606781,0.03756803996507839,0.10010417550802231,0.10009454190731049
2.6679999999999278,0.06775958263516073,17.324054718017578,0.08251858856753919,0.03753784504252182,0.10009941458702087,0.10008648037910461
2.6699999999999275,0.06775959884036774,17.32394027709961,0.08250167608682879,0.037500466731586066,0.10009046643972397,0.1000743880867958
2.6719999999999273,0.0677596269262339,17.32396125793457,0.08247964182443498,0.03745591358869539,0.1000773012638092,0.10005830228328705
2.673999999999927,0.06775966680297657,17.323898315429688,0.08245255978849197,0.03740417757101612,0.10005997866392136,0.1000383272767067
2.675999999999927,0.06775971834642568,17.32392120361328,0.08242043540125467,0.037345273791590125,0.10003872215747833,0.10001451522111893
2.6779999999999267,0.067759666321886,17.323894500732422,0.0823833262984719,0.03727920867918551,0.1000131219625473,0.09998639672994614
2.6799999999999264,0.06775962737086517,17.325916290283203,0.08238988777710397,0.03720600412931157,0.10002324730157852,0.1000230461359024
2.681999999999926,0.06775960111664457,17.326274871826172,0.08239105104999547,0.037192064204605454,0.10002932697534561,0.10002515465021133
2.683999999999926,0.06775958753719653,17.325843811035156,0.08238707897201113,0.03717115412177189,0.1000307947397232,0.10002297163009644
2.685999999999926,0.06775958635687647,17.326025009155273,0.08237785095549599,0.037143285332299006,0.10002844780683517,0.10001687705516815
2.6879999999999256,0.06775959751819818,17.32581901550293,0.08236354098787874,0.037108399904130104,0.10002147406339645,0.10000704228878021
2.6899999999999253,0.06775950457618571,17.325916290283203,0.08234408941257779,0.03706650843423304,0.10001050680875778,0.09999299049377441
2.691999999999925,0.06775942555989167,17.327878952026367,0.08236826225268305,0.03701758108711547,0.10003499686717987,0.10005030781030655
2.693999999999925,0.0677593599867665,17.328292846679688,0.08238691416414408,0.03702809450542534,0.10005518794059753,0.1000652015209198
2.6959999999999247,0.06775930780840583,17.327634811401367,0.08240037146998067,0.03703170156603434,0.1000710055232048,0.10007642954587936
2.6979999999999245,0.0677592686622902,17.327850341796875,0.08240847085827781,0.037028406132679936,0.10008258372545242,0.10008355230093002
2.6999999999999242,0.06775924245301443,17.32754898071289,0.08241142487840745,0.03701812171614159,0.10008984059095383,0.10008680075407028
2.701999999999924,0.06775922890329802,17.327655792236328,0.0824091478383286,0.03700084936027562,0.10009265691041946,0.10008607804775238
2.703999999999924,0.0677592279021498,17.327472686767578,0.08240178228104311,0.036976537171183356,0.10009152442216873,0.1000814288854599
2.7059999999999236,0.06775923923598645,17.327510833740234,0.08238928904866069,0.0369451887393309,0.10008601099252701,0.10007267445325851
2.7079999999999234,0.06775926279661906,17.327402114868164,0.08237176761092908,0.03690677726086361,0.10007644444704056,0.1000601127743721
2.709999999999923,0.06775929842050595,17.327421188354492,0.08234920674170086,0.03686131154310397,0.10006265342235565,0.100043885409832
2.711999999999923,0.067759346012619,17.327362060546875,0.08232167946952937,0.03680878349802409,0.10004501044750214,0.10002337396144867
2.7139999999999227,0.06775928716173556,17.327381134033203,0.08228919142010943,0.0367492082759424,0.1000232920050621,0.09999918937683105
2.7159999999999225,0.06775924174341959,17.32937240600586,0.08230038743267579,0.036682592149644734,0.10003700852394104,0.10004038363695145
2.7179999999999223,0.0677592093653481,17.32978057861328,0.08230621926614566,0.03667529766188184,0.1000465378165245,0.10004565864801407
2.719999999999922,0.06775918998219915,17.329259872436523,0.08230697470555962,0.03666112516218473,0.10005190968513489,0.10004737973213196
2.721999999999922,0.06775918330208569,17.329456329345703,0.08230251346413602,0.03664008859105406,0.10005293041467667,0.10004474222660065
2.7239999999999216,0.06775918924645734,17.329219818115234,0.08229302432073304,0.03661212131841855,0.10005000233650208,0.1000385656952858
2.7259999999999214,0.0677592075954129,17.32931900024414,0.0822784353803766,0.036577234278797596,0.10004270821809769,0.10002819448709488
2.727999999999921,0.06775923826195006,17.32917594909668,0.08225887463473992,0.03653539121030278,0.10003140568733215,0.10001417994499207
2.729999999999921,0.06775916134860109,17.329235076904297,0.08223431132403217,0.036486604972841105,0.10001618415117264,0.0999961867928505
2.7319999999999207,0.06775909830755523,17.331188201904297,0.08225340749159582,0.036430861330498374,0.1000363901257515,0.1000465378165245
2.7339999999999205,0.06775904871576528,17.331619262695312,0.0822671104361435,0.036434526105083756,0.10005229711532593,0.10005798935890198
2.7359999999999203,0.06775901250111564,17.33102035522461,0.08227572880121228,0.03643137738019794,0.10006409138441086,0.10006532073020935
2.73799999999992,0.06775898934246224,17.331218719482422,0.08227910909637558,0.036421424346670984,0.10007140040397644,0.10006886720657349
2.73999999999992,0.0677589791347322,17.330951690673828,0.08227745271657416,0.03640458816187301,0.10007479786872864,0.10006845742464066
2.7419999999999196,0.06775898163035324,17.3310546875,0.08227067970785545,0.03638087454464157,0.10007397830486298,0.100064218044281
2.7439999999999194,0.06775899671663589,17.33088493347168,0.08225892555447199,0.03635023760562446,0.10006901621818542,0.10005638748407364
2.745999999999919,0.06775902420195665,17.33092498779297,0.08224215442555086,0.03631268496561874,0.10005982965230942,0.1000443622469902
2.747999999999919,0.06775906398065196,17.330829620361328,0.08222046131622612,0.03626819457679788,0.10004681348800659,0.10002835094928741
2.7499999999999187,0.06775911590577118,17.330854415893555,0.08219383691768781,0.03621677867480504,0.10002971440553665,0.10000888258218765
2.7519999999999185,0.06775905819734014,17.330806732177734,0.08216235142321351,0.03615843296389172,0.10000849515199661,0.09998531639575958
2.7539999999999183,0.06775901414337479,17.332826614379883,0.08217453223486842,0.03609317547969305,0.100023053586483,0.10002706944942474
2.755999999999918,0.06775898339417406,17.33316421508789,0.08218143814696077,0.036087271465030664,0.10003339499235153,0.10003328323364258
2.757999999999918,0.0677589658585001,17.332733154296875,0.08218332663030861,0.03607461268959729,0.10003957897424698,0.10003569722175598
2.7599999999999176,0.06775896126730753,17.33289337158203,0.08218008097539477,0.036055206320321796,0.10004155337810516,0.10003408789634705
2.7619999999999174,0.06775896951141887,17.332679748535156,0.08217187132290421,0.036028988321097216,0.10003935545682907,0.10002876073122025
2.763999999999917,0.06775899038173773,17.332754135131836,0.08215864001630914,0.035995964947136985,0.10003317892551422,0.10001964867115021
2.765999999999917,0.06775902376980439,17.332626342773438,0.08214050350409692,0.03595610100349835,0.10002297908067703,0.10000677406787872
2.7679999999999167,0.06775894647409908,17.332660675048828,0.08211743954005539,0.03590940596278919,0.10000862926244736,0.0999898612499237
2.7699999999999165,0.06775888328835801,17.33462142944336,0.08213803865984538,0.03585586572423876,0.10003018379211426,0.10004144161939621
2.7719999999999163,0.06775883381414184,17.335041046142578,0.08215331809849977,0.035861765338793525,0.10004713386297226,0.10005392134189606
2.773999999999916,0.06775879794334111,17.334447860717773,0.08216358214148306,0.03586096070352137,0.1000601127743721,0.10006250441074371
2.775999999999916,0.0677587753664838,17.334638595581055,0.08216868003545473,0.03585346030988405,0.10006879270076752,0.10006740689277649
2.7779999999999156,0.06775876595337103,17.334369659423828,0.08216881022027733,0.03583918368820601,0.10007348656654358,0.1000685766339302
2.7799999999999154,0.06775876946026696,17.334461212158203,0.08216389423606799,0.03581813561781682,0.1000739187002182,0.10006564110517502
2.781999999999915,0.06775878575598457,17.334293365478516,0.08215406547796233,0.035790268735009734,0.10007044672966003,0.10005895048379898
2.783999999999915,0.06775881464798204,17.334327697753906,0.0821392888117602,0.03575558957376177,0.100062794983387,0.10004863888025284
2.7859999999999148,0.06775885601612132,17.334228515625,0.08211965767304699,0.0357140746900479,0.10005129128694534,0.10003440082073212
2.7879999999999145,0.06775890970963103,17.334239959716797,0.0820951629346218,0.03566573513878528,0.10003581643104553,0.10001654922962189
2.7899999999999143,0.06775885082510016,17.334197998046875,0.08206587354963008,0.03561056526314051,0.10001624375581741,0.09999451786279678
2.791999999999914,0.0677588058106081,17.33620834350586,0.08208025878569397,0.03554858185473151,0.10003260523080826,0.10003843158483505
2.793999999999914,0.06775877433091658,17.336544036865234,0.08208943512636843,0.035545982613094246,0.1000446304678917,0.10004627704620361
2.7959999999999137,0.06775875626497811,17.336105346679688,0.0820936598685927,0.03553672437536964,0.10005246847867966,0.10005038231611252
2.7979999999999134,0.06775875134902395,17.336257934570312,0.08209281532089094,0.035520814352385216,0.10005611926317215,0.10005065053701401
2.7999999999999132,0.06775875945229122,17.336040496826172,0.08208707115301064,0.03549818634255443,0.10005585849285126,0.10004717856645584
2.801999999999913,0.06775878036545044,17.33610725402832,0.0820763688632813,0.03546884609675146,0.1000516414642334,0.10003989934921265
2.803999999999913,0.06775881396351818,17.33597183227539,0.08206082426383492,0.035432756590975174,0.10004342347383499,0.10002883523702621
2.8059999999999126,0.06775886008081541,17.336002349853516,0.08204041431434204,0.035389926451430666,0.10003125667572021,0.10001406073570251
2.8079999999999123,0.06775879233121081,17.33592987060547,0.08201522175519727,0.0353403399346929,0.10001502931118011,0.09999565035104752
2.809999999999912,0.06775873869822112,17.337940216064453,0.08203368371988022,0.03528401065870821,0.100034698843956,0.10004393756389618
2.811999999999912,0.06775869884631823,17.338254928588867,0.0820469495127882,0.03528711194147275,0.10004985332489014,0.10005475580692291
2.8139999999999117,0.06775867262816204,17.33782196044922,0.082055271525802,0.035283614269310294,0.10006102174520493,0.10006207972764969
2.8159999999999115,0.06775865977421565,17.33795738220215,0.08205853717782444,0.03527351943955288,0.10006833076477051,0.10006554424762726
2.8179999999999112,0.06775866013249465,17.337739944458008,0.0820569130627998,0.03525675749065787,0.10007119923830032,0.10006511956453323
2.819999999999911,0.06775867348492083,17.33779525756836,0.08205034372327466,0.03523332965832874,0.1000702753663063,0.10006100684404373
2.821999999999911,0.0677586996886497,17.33765411376953,0.08203894295268482,0.03520319548337154,0.10006541013717651,0.10005318373441696
2.8239999999999106,0.06775873856777329,17.33767318725586,0.0820226894259076,0.03516635974640197,0.10005644708871841,0.10004159063100815
2.8259999999999104,0.0677587899961811,17.337589263916016,0.08200166446160152,0.035122803574142186,0.10004355013370514,0.10002624243497849
2.82799999999991,0.06775885383388192,17.337600708007812,0.08197586717354166,0.03507253724658017,0.10002683103084564,0.10000728070735931
2.82999999999991,0.06775880185453642,17.337570190429688,0.08194535897722913,0.035015558143193105,0.10000623017549515,0.09998450428247452
2.8319999999999097,0.06775876383856709,17.339580535888672,0.08195854290013475,0.03495188278048225,0.1000213623046875,0.10002607107162476
2.8339999999999095,0.0677587394787274,17.339927673339844,0.08196660220506354,0.03494761017319469,0.10003224015235901,0.1000332459807396
2.8359999999999093,0.06775872863571411,17.3394775390625,0.0819697972767192,0.034936797406629055,0.10003930330276489,0.10003656148910522
2.837999999999909,0.06775873106318475,17.339637756347656,0.0819680073176016,0.03491945439225192,0.10004229843616486,0.10003607720136642
2.839999999999909,0.06775874661941116,17.339412689208984,0.08196140369022979,0.034895514069078655,0.10004114359617233,0.10003184527158737
2.8419999999999086,0.06775877510571114,17.339487075805664,0.08194992593248078,0.034864983853852595,0.10003618896007538,0.10002413392066956
2.8439999999999084,0.06775881639026296,17.33935546875,0.08193369072705864,0.03482782621836456,0.10002714395523071,0.10001250356435776
2.845999999999908,0.06775874098219462,17.339393615722656,0.08191267375037607,0.03478405076954851,0.10001436620950699,0.0999971330165863
2.847999999999908,0.06775868002168059,17.34134864807129,0.08193534045102784,0.03473364141396345,0.10003716498613358,0.1000499427318573
2.8499999999999077,0.06775863316171479,17.341766357421875,0.08195283240759754,0.03474272542544349,0.10005565732717514,0.10006428509950638
2.8519999999999075,0.06775860023304679,17.341167449951172,0.08196545362651393,0.0347453139823142,0.10007042437791824,0.10007458925247192
2.8539999999999073,0.06775858095335643,17.341350555419922,0.08197305180751085,0.03474141734783238,0.10008100420236588,0.10008130967617035
2.855999999999907,0.06775857515111056,17.341075897216797,0.08197582460648761,0.034730951535610476,0.10008742660284042,0.10008425265550613
2.857999999999907,0.06775858259484092,17.341156005859375,0.08197369228550884,0.034713921690199906,0.10009001195430756,0.10008352994918823
2.8599999999999066,0.0677586031239423,17.340980529785156,0.08196678719317457,0.03469027763484336,0.10008851438760757,0.10007916390895844
2.8619999999999064,0.06775863654893494,17.34101104736328,0.08195507301385233,0.03466002537117702,0.10008319467306137,0.10007108747959137
2.863999999999906,0.06775868272733662,17.340906143188477,0.08193864199717654,0.03462313900513731,0.10007403790950775,0.10005931556224823
2.865999999999906,0.06775874150565868,17.340919494628906,0.08191748384568574,0.034579628472483664,0.10006100684404373,0.10004386305809021
2.8679999999999057,0.06775881276303437,17.340866088867188,0.08189166624742453,0.034529485833015926,0.10004403442144394,0.1000247374176979
2.8699999999999055,0.06775889637761512,17.34088134765625,0.08186119457754795,0.03447272636347307,0.10002339631319046,0.10000203549861908
2.8719999999999053,0.06775886077599992,17.340866088867188,0.08182612158042193,0.034409355795095034,0.09999909996986389,0.09997527301311493
2.873999999999905,0.06775883905982276,17.342880249023438,0.08183477593744704,0.03433939521674625,0.10001040250062943,0.10001154989004135
2.875999999999905,0.06775883096411345,17.343246459960938,0.0818384133625774,0.034328827114482464,0.10001753270626068,0.10001513361930847
2.8779999999999046,0.06775883634097309,17.34280014038086,0.08183729638015046,0.034311834741712774,0.1000208929181099,0.10001522302627563
2.8799999999999044,0.06775885497434744,17.34296417236328,0.0818313005441405,0.03428843449601838,0.1000201627612114,0.10001151263713837
2.881999999999904,0.06775888672135087,17.342754364013672,0.08182059832544504,0.03425856189324988,0.10001573711633682,0.10000436753034592
2.883999999999904,0.06775879907794079,17.34284210205078,0.08180512697987094,0.034222229228363134,0.10000719130039215,0.09999328851699829
2.8859999999999038,0.06775872627304406,17.34477996826172,0.0818333307490619,0.034179401416049325,0.10003440082073212,0.10005234181880951
2.8879999999999035,0.06775866796523254,17.345211029052734,0.08185638428602486,0.03419614869823986,0.10005762428045273,0.10007064044475555
2.8899999999999033,0.06775862394422995,17.344547271728516,0.08187461259715881,0.03420652508603663,0.10007667541503906,0.10008542239665985
2.891999999999903,0.06775859392336918,17.344749450683594,0.08188784939065658,0.034210539585151675,0.10009172558784485,0.10009647905826569
2.893999999999903,0.06775857769861493,17.344425201416016,0.08189630493243547,0.0342080970171481,0.10010275989770889,0.10010366886854172
2.8959999999999027,0.06775857502849328,17.34450912475586,0.0818998909727253,0.03419919988916453,0.10010959953069687,0.10010750591754913
2.8979999999999024,0.0677585857254438,17.34431266784668,0.08189874730182782,0.034183789459722703,0.10011304914951324,0.10010714083909988
2.899999999999902,0.06775860958690287,17.344341278076172,0.08189283228357597,0.03416186843519914,0.10011229664087296,0.10010373592376709
2.901999999999902,0.06775864644716087,17.344215393066406,0.08188224240409703,0.034133404113922974,0.10010775923728943,0.10009642690420151
2.9039999999999018,0.0677586961381196,17.344223022460938,0.08186696388127657,0.03409840288449839,0.10009922087192535,0.10008558630943298
2.9059999999999016,0.06775875851829055,17.344154357910156,0.08184706663520738,0.034056851196937875,0.10008697211742401,0.1000710129737854
2.9079999999999013,0.06775883345061595,17.34415626525879,0.08182255359395503,0.03400876074800564,0.1000712439417839,0.10005281120538712
2.909999999999901,0.06775892081835694,17.344120025634766,0.08179347846757251,0.03395413249258057,0.1000516340136528,0.10003101080656052
2.911999999999901,0.06775902051263664,17.344135284423828,0.08175985431648249,0.03389298401703668,0.10002808272838593,0.10000551491975784
2.9139999999999007,0.0677589977880981,17.344135284423828,0.08172172508164642,0.033825327581916774,0.10000128298997879,0.09997574239969254
2.9159999999999004,0.06775898890573813,17.34615707397461,0.08172735213638484,0.033751186680907846,0.10000993311405182,0.10000878572463989
2.9179999999999002,0.06775899363881838,17.34653663635254,0.08172805760323426,0.033736439210747836,0.10001455247402191,0.1000102236866951
2.9199999999999,0.06775901182591118,17.346088409423828,0.08172410666755521,0.033715379405089,0.10001532733440399,0.10000800341367722
2.9219999999999,0.06775904327712781,17.34626007080078,0.08171537126714395,0.033688028730037387,0.1000123918056488,0.10000233352184296
2.9239999999998996,0.06775895249997031,17.346057891845703,0.08170202528699724,0.033654323824546875,0.10000582039356232,0.09999295324087143
2.9259999999998993,0.06775887675967297,17.348134994506836,0.08173226916562179,0.03361428063079294,0.10003448277711868,0.10005401819944382
2.927999999999899,0.06775881575534376,17.34829330444336,0.08175748338785946,0.0336338437682629,0.10005903989076614,0.10007409006357193
2.929999999999899,0.06775876923193161,17.347942352294922,0.08177788263866125,0.03364717551493435,0.10007990896701813,0.10009048879146576
2.9319999999998987,0.06775873692342849,17.348003387451172,0.08179338773086361,0.033654256434741354,0.1000964343547821,0.10010309517383575
2.9339999999998985,0.06775871859605874,17.347793579101562,0.08180414192763925,0.033655007729727654,0.10010934621095657,0.10011206567287445
2.9359999999998982,0.06775871401716907,17.34779930114746,0.08181010979536887,0.03364941363842512,0.10011844336986542,0.10011746734380722
2.937999999999898,0.06775872297838174,17.347652435302734,0.08181139034697169,0.03363742449102441,0.10012347251176834,0.10011935979127884
2.939999999999898,0.06775874527893047,17.347631454467773,0.08180797389304777,0.033619030996159,0.10012460500001907,0.10011761635541916
2.9419999999998976,0.06775878073755798,17.347537994384766,0.0817999320081239,0.03359420512832991,0.10012195259332657,0.10011222213506699
2.9439999999998974,0.06775882918381235,17.347511291503906,0.08178727014051376,0.03356294515265958,0.10011548548936844,0.10010341554880142
2.945999999999897,0.0677588904637507,17.347454071044922,0.08177004288738873,0.03352523956521274,0.10010544955730438,0.10009093582630157
2.947999999999897,0.06775896443551382,17.34743881225586,0.08174826464720605,0.03348109434040777,0.10009162127971649,0.10007494688034058
2.9499999999998967,0.06775905097171148,17.3474063873291,0.08172197959358192,0.03343051091503115,0.10007406771183014,0.10005544126033783
2.9519999999998965,0.06775914995722429,17.347400665283203,0.08169120751239826,0.03337350264719889,0.10005306452512741,0.10003224015235901
2.9539999999998963,0.06775926128987166,17.347400665283203,0.08165598629266894,0.03331008135616484,0.10002836585044861,0.10000509768724442
2.955999999999896,0.06775924709362244,17.34742546081543,0.08161633909368575,0.03324026724143062,0.1000000610947609,0.09997416287660599
2.957999999999896,0.06775924676439846,17.349449157714844,0.08162047245159895,0.03316408063687897,0.10000725835561752,0.10000528395175934
2.9599999999998956,0.06775926010852104,17.349849700927734,0.08161976582920195,0.033147302303569624,0.10001078993082047,0.10000569373369217
2.9619999999998954,0.06775928694446424,17.34937858581543,0.08161449347760358,0.03312432638667031,0.100010447204113,0.10000250488519669
2.963999999999895,0.06775918882856999,17.349559783935547,0.08160451940697386,0.03309517904518397,0.10000637173652649,0.09999590367078781
2.965999999999895,0.06775910602549333,17.351482391357422,0.08163822996910607,0.03305979519188724,0.10003778338432312,0.1000606045126915
2.9679999999998947,0.06775903824387386,17.351959228515625,0.08166687686079357,0.03308410285742752,0.10006512701511383,0.10008324682712555
2.9699999999998945,0.06775898519757428,17.351186752319336,0.08169082303690803,0.033102282958598385,0.10008866339921951,0.10010236501693726
2.9719999999998943,0.06775894662229708,17.351436614990234,0.08170987550390481,0.03311434807436756,0.1001083180308342,0.10011758655309677
2.973999999999894,0.06775892225988227,17.351028442382812,0.08172426727454778,0.0331201863150675,0.10012398660182953,0.10012950748205185
2.975999999999894,0.06775891187456483,17.351119995117188,0.08173389391665917,0.03311980010179821,0.10013560950756073,0.10013759136199951
2.9779999999998936,0.0677589152380454,17.350894927978516,0.08173890867989388,0.03311311843028872,0.10014376789331436,0.10014215856790543
2.9799999999998934,0.067758932143502,17.35092544555664,0.08173925992931122,0.03310014188114684,0.10014794021844864,0.1001434251666069
2.981999999999893,0.06775896239278195,17.350780487060547,0.08173505190573119,0.033080828341998735,0.10014825314283371,0.10014095157384872
2.983999999999893,0.06775900580761661,17.350788116455078,0.08172626443231747,0.03305518098375978,0.10014494508504868,0.10013507306575775
2.9859999999998927,0.06775906221926092,17.350696563720703,0.0817129716551823,0.03302317869818956,0.10013798624277115,0.1001257449388504
2.9879999999998925,0.06775913147702244,17.350692749023438,0.08169517218232368,0.0329848294178959,0.10012739151716232,0.100112684071064
2.9899999999998923,0.06775921344018788,17.35063934326172,0.08167292174712705,0.03294012776049445,0.10011295974254608,0.10009633004665375
2.991999999999892,0.06775930798425513,17.350637435913086,0.08164623026215048,0.03288908730816764,0.10009504854679108,0.10007631778717041
2.993999999999892,0.06775941499479105,17.350614547729492,0.08161514230056638,0.0328317148017569,0.10007365792989731,0.1000528335571289
2.9959999999998916,0.06775953437183017,17.350627899169922,0.08157967470063576,0.032768029656631725,0.10004864633083344,0.10002546012401581
2.9979999999998914,0.06775952536951875,17.35063934326172,0.08153986540551429,0.03269804822430564,0.10001993924379349,0.09999421238899231
2.999999999999891,0.06775953026596944,17.35268211364746,0.08154384749840263,0.03262179557185552,0.10002706944942474,0.10002481192350388
3.001999999999891,0.06775954889710017,17.353059768676758,0.08154307016622368,0.0326049668412941,0.10003026574850082,0.10002513229846954
3.0039999999998908,0.06775958105835324,17.35260772705078,0.0815377996299654,0.03258204199699821,0.10002990812063217,0.10002196580171585
3.0059999999998905,0.06775962659851131,17.352783203125,0.08152790501430857,0.0325530472078057,0.10002562403678894,0.10001535713672638
3.0079999999998903,0.06775968534320241,17.352584838867188,0.08151356037268341,0.03251791828598489,0.10001787543296814,0.10000527650117874
3.00999999999989,0.06775961551660603,17.352684020996094,0.08149469875960366,0.03247667409498419,0.10000630468130112,0.0999915674328804
3.01199999999989,0.06775956064995257,17.354610443115234,0.08151955801326823,0.0324292803221065,0.10003060847520828,0.100044846534729
3.0139999999998897,0.0677595205208367,17.355070114135742,0.08153951800471719,0.03244151110952029,0.1000509038567543,0.10006081312894821
3.0159999999998894,0.06775949483893949,17.354419708251953,0.0815549040411297,0.032447720046671846,0.1000671535730362,0.1000734269618988
3.017999999999889,0.06775948339179383,17.35462188720703,0.08156554768174061,0.03244792315691113,0.10007975995540619,0.10008244961500168
3.019999999999889,0.06775948592826399,17.354299545288086,0.08157165878590224,0.03244202333561883,0.10008864104747772,0.1000879779458046
3.0219999999998888,0.06775950225296992,17.354389190673828,0.08157314763588433,0.032430027377777365,0.10009369999170303,0.1000901311635971
3.0239999999998886,0.0677595321503865,17.354206085205078,0.08157015327989785,0.03241187542427148,0.10009508579969406,0.10008864104747772
3.0259999999998883,0.06775957544608496,17.354244232177734,0.08156263295122947,0.03238757265693978,0.1000928208231926,0.10008378326892853
3.027999999999888,0.06775963195712402,17.3541259765625,0.08155068223940669,0.032357085558475385,0.10008694976568222,0.10007549822330475
3.029999999999888,0.06775970153175265,17.354141235351562,0.08153428638152038,0.032320421752435824,0.10007735341787338,0.10006372630596161
3.0319999999998877,0.06775978401688619,17.354068756103516,0.08151351432783796,0.03227756689883178,0.1000642403960228,0.10004852712154388
3.0339999999998875,0.06775987928379254,17.354080200195312,0.08148836807297956,0.03222853305046652,0.10004754364490509,0.10002996772527695
3.0359999999998872,0.06775998720669982,17.354047775268555,0.08145890031482413,0.03217332025376703,0.10002746433019638,0.10000789910554886
3.037999999999887,0.06775996398775563,17.354061126708984,0.08142512317165242,0.03211194580488744,0.10000385344028473,0.09998201578855515
3.039999999999887,0.06775995503712068,17.3560791015625,0.08143513196074117,0.032044420868299915,0.10001567006111145,0.10001800209283829
3.0419999999998866,0.06775996019629842,17.356475830078125,0.08144042050253789,0.03203637844373717,0.10002391785383224,0.10002292692661285
3.0439999999998864,0.06775997921082894,17.355972290039062,0.08144126812841634,0.03202234898219138,0.10002847760915756,0.10002432018518448
3.045999999999886,0.06776001192431573,17.35614013671875,0.08143753415404194,0.0320023573576253,0.10002923756837845,0.10002253949642181
3.047999999999886,0.06776005812393644,17.355918884277344,0.08142940020839866,0.03197633062243296,0.10002652555704117,0.10001716762781143
3.0499999999998857,0.0677601176640284,17.356014251708984,0.08141679314670369,0.0319442852175016,0.10002008825540543,0.1000085398554802
3.0519999999998855,0.06776004573947575,17.355876922607422,0.08139983481130511,0.031906179967323436,0.10001008212566376,0.0999964028596878
3.0539999999998853,0.06775998893102118,17.357906341552734,0.08142654999385833,0.03186202961102824,0.10003557801246643,0.10005137324333191
3.055999999999885,0.06775994701486215,17.35814094543457,0.08144849589369742,0.031877494382709724,0.10005737096071243,0.100069060921669
3.057999999999885,0.0677599196821546,17.357738494873047,0.08146590630970504,0.03188703487590163,0.10007543861865997,0.10008331388235092
3.0599999999998846,0.06775990671598586,17.357820510864258,0.08147868127472682,0.03189064632696221,0.10008975863456726,0.10009400546550751
3.0619999999998844,0.06775990785171435,17.35759735107422,0.08148697468430394,0.03188824878075185,0.1001003086566925,0.10010116547346115
3.063999999999884,0.06775992288809392,17.357627868652344,0.08149073788766069,0.031879836233013055,0.1001071110367775,0.1001049354672432
3.065999999999884,0.06775995159913752,17.357479095458984,0.08149007554495188,0.03186535906777393,0.1001102402806282,0.10010545700788498
3.0679999999998837,0.06775999380398036,17.357479095458984,0.08148496936278442,0.03184481445261331,0.10010990500450134,0.10010234266519547
3.0699999999998835,0.06776004931105274,17.357379913330078,0.08147549364467685,0.031818174833890815,0.10010585188865662,0.10009613633155823
3.0719999999998833,0.06776011796201137,17.35736846923828,0.08146164805574735,0.03178544266564736,0.10009821504354477,0.10008637607097626
3.073999999999883,0.06776019959623487,17.3573055267334,0.08144348822012881,0.03174660690564395,0.1000872403383255,0.10007313638925552
3.075999999999883,0.06776029407841902,17.3572998046875,0.08142102448022365,0.03170167611072442,0.10007282346487045,0.10005664080381393
3.0779999999998826,0.06776040127589181,17.35726547241211,0.08139430104577212,0.03165065195174625,0.10005459934473038,0.10003671050071716
3.0799999999998824,0.06776052107589613,17.357269287109375,0.08136333470292559,0.03159354919848924,0.10003320127725601,0.10001327097415924
3.081999999999882,0.06776050669915239,17.35726547241211,0.08132816279831548,0.03153037957868596,0.10000832378864288,0.09998603165149689
3.083999999999882,0.06776050653587624,17.359310150146484,0.081336790221683,0.03146116382466535,0.10001907497644424,0.10002020746469498
3.0859999999998817,0.06776052046064254,17.35967254638672,0.08134079453414157,0.03145143174083568,0.10002602636814117,0.10002408921718597
3.0879999999998815,0.0677605482019747,17.359203338623047,0.08134044152194889,0.0314358197346071,0.10002952069044113,0.10002489387989044
3.0899999999998813,0.06776058962493978,17.35936737060547,0.0813355993407667,0.031414352749747215,0.1000293493270874,0.10002187639474869
3.091999999999881,0.06776064450786437,17.35915756225586,0.08132644112636238,0.03138696114685968,0.10002557933330536,0.10001588612794876
3.093999999999881,0.06776071271918853,17.359249114990234,0.08131289892833085,0.03135366169200253,0.10001830011606216,0.10000650584697723
3.0959999999998806,0.06776064643027843,17.359119415283203,0.08129508920695191,0.03131441548319449,0.10000757873058319,0.0999937504529953
3.0979999999998804,0.06776059525126495,17.361156463623047,0.08132097013310124,0.03126923764207973,0.10003243386745453,0.100047267973423
3.09999999999988,0.06776055898855754,17.36140251159668,0.08134216548239434,0.031283688549661716,0.10005340725183487,0.10006445646286011
3.10199999999988,0.0677605373149194,17.36098861694336,0.08135891084361031,0.03129232991030479,0.10007087886333466,0.10007806867361069
3.1039999999998797,0.06776053003257734,17.361072540283203,0.08137110397368023,0.031295159351615275,0.10008444637060165,0.10008823871612549
3.1059999999998795,0.0677605368664533,17.360855102539062,0.08137889964254673,0.03129209632242101,0.10009447485208511,0.10009512305259705
3.1079999999998793,0.06776055762744175,17.360885620117188,0.08138224771195025,0.03128313628006224,0.10010096430778503,0.10009875148534775
3.109999999999879,0.06776059208364678,17.360736846923828,0.08138125318710755,0.03126822925295262,0.10010378062725067,0.10009878873825073
3.111999999999879,0.0677606400618127,17.360740661621094,0.08137589674934048,0.031247373246800065,0.10010316967964172,0.10009563714265823
3.1139999999998786,0.06776070136690791,17.360639572143555,0.08136625273981017,0.03122054043214661,0.10009892284870148,0.10008937120437622
3.1159999999998784,0.06776077584516117,17.360633850097656,0.08135232006659648,0.03118773367039436,0.10009116679430008,0.10007937252521515
3.117999999999878,0.0677608633336834,17.36056900024414,0.08133415421062372,0.031148941636405587,0.10008005797863007,0.10006622970104218
3.119999999999878,0.06776096369961783,17.360565185546875,0.08131176490972894,0.031104172986719646,0.10006546229124069,0.10004990547895432
3.1219999999998778,0.06776107680846395,17.36053466796875,0.08128519612105431,0.031053429057734956,0.10004771500825882,0.10003019124269485
3.1239999999998775,0.06776120254835317,17.360538482666016,0.08125446410918488,0.0309967244913372,0.1000262126326561,0.1000068262219429
3.1259999999998773,0.06776119111062667,17.360532760620117,0.08121960589856496,0.030934070608721533,0.10000147670507431,0.09997992217540741
3.127999999999877,0.06776119393500665,17.362585067749023,0.08122855720873658,0.030865487839926656,0.1000124141573906,0.10001382976770401
3.129999999999877,0.0677612109248855,17.36294174194336,0.08123296444254612,0.030856409637609602,0.10001979023218155,0.10001824051141739
3.1319999999998767,0.06776124178195965,17.362472534179688,0.08123309305944278,0.030841567273871107,0.10002341866493225,0.10001913458108902
3.1339999999998764,0.06776128638769045,17.362632751464844,0.08122881081434308,0.03082098651459386,0.10002361238002777,0.1000170037150383
3.135999999999876,0.06776134450313605,17.3624210357666,0.08122029040120628,0.030794596364096594,0.10002035647630692,0.10001134872436523
3.137999999999876,0.06776141600549497,17.362510681152344,0.08120746349908699,0.03076241380094646,0.10001371800899506,0.10000260919332504
3.139999999999876,0.06776135006521797,17.362380981445312,0.08119044607291251,0.030724398832743614,0.10000351816415787,0.0999903529882431
3.1419999999998756,0.06776129931386106,17.364425659179688,0.08121712875401034,0.030680566399893878,0.10002900660037994,0.10004439949989319
3.1439999999998753,0.06776126357992321,17.364669799804688,0.08123920254182967,0.030696384316869194,0.10005062818527222,0.10006210207939148
3.145999999999875,0.0677612425113701,17.36425018310547,0.08125690273365012,0.030706505021591095,0.10006862133741379,0.10007663816213608
3.147999999999875,0.06776123592237146,17.36433219909668,0.0812701265642895,0.03071092661155914,0.10008320957422256,0.10008769482374191
3.1499999999998747,0.0677612435214799,17.36410903930664,0.08127902836408946,0.03070956711661999,0.10009405016899109,0.10009532421827316
3.1519999999998745,0.06776126512536639,17.3641414642334,0.08128355751422861,0.03070242193244276,0.10010130703449249,0.10009981691837311
3.1539999999998742,0.06776130049080292,17.36398696899414,0.0812838185018643,0.030689439895614717,0.1001051589846611,0.10010093450546265
3.155999999999874,0.06776134944652197,17.363990783691406,0.08127979152335296,0.030670618605918586,0.10010550171136856,0.10009883344173431
3.157999999999874,0.06776141178912674,17.36388397216797,0.08127155035685212,0.030645929147768487,0.10010234266519547,0.1000935286283493
3.1599999999998736,0.06776148736446627,17.363876342773438,0.0812590934006476,0.030615373746569148,0.10009574890136719,0.10008470714092255
3.1619999999998734,0.06776157600298482,17.36380958557129,0.081242475542886,0.03057894002801664,0.10008581727743149,0.10007297247648239
3.163999999999873,0.067761677569924,17.36380386352539,0.08122170597903702,0.030536635852813097,0.10007242113351822,0.10005784779787064
3.165999999999873,0.06776179192504472,17.363767623901367,0.08119682804988866,0.030488461507030874,0.10005591064691544,0.10003940016031265
3.1679999999998727,0.06776191895355727,17.363771438598633,0.08116785744333155,0.030434430720600182,0.10003562271595001,0.10001763701438904
3.1699999999998725,0.0677619060265829,17.36376190185547,0.0811348305459337,0.03037455374276642,0.10001250356435776,0.09999234974384308
3.1719999999998723,0.06776190743403011,17.36581039428711,0.08114562223942336,0.030308850003136496,0.10002483427524567,0.10002746433019638
3.173999999999872,0.06776192310366852,17.366161346435547,0.08115193921132484,0.030302675083364577,0.10003349930047989,0.10003329813480377
3.175999999999872,0.06776195270706795,17.36568832397461,0.08115404634147155,0.030290835681318146,0.10003885626792908,0.10003583133220673
3.1779999999998716,0.06776199613827792,17.36583709716797,0.08115181076773552,0.030273357803655657,0.10004071146249771,0.10003514587879181
3.1799999999998714,0.06776205313813446,17.36562156677246,0.08114540448432682,0.030250168543690406,0.10003891587257385,0.10003124177455902
3.181999999999871,0.06776212358934207,17.365707397460938,0.0811347585712829,0.03022128455272181,0.10003376007080078,0.10002414882183075
3.183999999999871,0.06776220728443935,17.365570068359375,0.08111998823893696,0.030186664231613595,0.10002551972866058,0.10001346468925476
3.1859999999998707,0.06776230410783624,17.365619659423828,0.08110106275350114,0.030146321836123206,0.10001359134912491,0.10000012814998627
3.1879999999998705,0.06776226006886321,17.365541458129883,0.08107806262332631,0.03010023778988411,0.09999871253967285,0.09998321533203125
3.1899999999998703,0.06776223092137541,17.367591857910156,0.08109881826886321,0.030048427715269485,0.10001909732818604,0.10002940148115158
3.19199999999987,0.06776221655430212,17.367874145507812,0.08111508126844327,0.030056236328757722,0.10003583133220673,0.10004269331693649
3.19399999999987,0.06776221660400467,17.367420196533203,0.0811271001105441,0.03005845455257296,0.10004937648773193,0.10005299001932144
3.1959999999998696,0.0677622309281849,17.36753273010254,0.08113475842189745,0.03005509247287692,0.10005902498960495,0.10005982220172882
3.1979999999998694,0.06776225923467417,17.367307662963867,0.08113821822186465,0.030046070268444112,0.1000654399394989,0.10006340593099594
3.199999999999869,0.06776230137256868,17.367361068725586,0.0811374205090231,0.030031392067513082,0.10006830096244812,0.10006377100944519
3.201999999999869,0.06776235710372293,17.36720848083496,0.08113247424844447,0.030011009381471384,0.10006779432296753,0.10006097704172134
3.2039999999998687,0.06776242628172154,17.367229461669922,0.08112335448328167,0.0299849263260885,0.10006401687860489,0.10005506873130798
3.2059999999998685,0.0677625087109824,17.367130279541016,0.08111013761146366,0.0299531167431579,0.1000567078590393,0.1000458225607872
3.2079999999998683,0.0677626042568119,17.367137908935547,0.08109281888436824,0.02991558782590912,0.10004622489213943,0.10003338009119034
3.209999999999868,0.06776271275836127,17.367076873779297,0.08107145474573499,0.029872329811694208,0.10003243386745453,0.10001780092716217
3.211999999999868,0.06776267885156212,17.367088317871094,0.08104605249686801,0.029823354418166605,0.10001537203788757,0.09999916702508926
3.2139999999998676,0.06776265965194636,17.369098663330078,0.08106446047832933,0.029768664291457605,0.10003373771905899,0.10004212707281113
3.2159999999998674,0.06776265509924878,17.369464874267578,0.08107841995747216,0.02977357070711457,0.10004862397909164,0.10005389899015427
3.217999999999867,0.06776266480579715,17.36893653869629,0.08108821053480059,0.0297729112468956,0.10006032139062881,0.10006233304738998
3.219999999999867,0.06776268866363687,17.36908721923828,0.08109368843738655,0.029766710214706157,0.10006818175315857,0.10006747394800186
3.2219999999998667,0.06776272636908297,17.368831634521484,0.08109503414758402,0.029754884410314382,0.10007282346487045,0.10006948560476303
3.2239999999998665,0.06776277779518791,17.368907928466797,0.081092171849139,0.02973744751682082,0.10007400065660477,0.10006824135780334
3.2259999999998663,0.06776284269957303,17.368745803833008,0.08108522141811525,0.029714349872060963,0.10007186233997345,0.10006397217512131
3.227999999999866,0.06776292095308398,17.368783950805664,0.08107414754331073,0.029685602152463644,0.10006620734930038,0.10005639493465424
3.229999999999866,0.06776301235999166,17.36867904663086,0.08105903303835747,0.029651178200955225,0.10005763918161392,0.10004580765962601
3.2319999999998656,0.06776311679841919,17.368701934814453,0.08103986675526847,0.029611089817033046,0.10004544258117676,0.10003200173377991
3.2339999999998654,0.06776323410951433,17.368640899658203,0.08101670888789951,0.02956532781788877,0.10003016144037247,0.10001496225595474
3.235999999999865,0.06776320740387008,17.36865997314453,0.08098956276779899,0.029513907226683813,0.10001153498888016,0.0999947115778923
3.237999999999865,0.06776319531520414,17.37067985534668,0.08100624016412929,0.02945683151023872,0.10002855956554413,0.10003555566072464
3.2399999999998648,0.0677631978092161,17.371051788330078,0.08101851871458417,0.02945935251974873,0.10004192590713501,0.10004595667123795
3.2419999999998645,0.0677632144891895,17.37052345275879,0.08102667933426926,0.029456369985838254,0.10005218535661697,0.10005325078964233
3.2439999999998643,0.06776324526477696,17.370681762695312,0.0810305767071431,0.02944791069901146,0.10005877912044525,0.10005702823400497
3.245999999999864,0.0677632898285701,17.370426177978516,0.08103039204278212,0.02943389187036887,0.10006213188171387,0.10005801171064377
3.247999999999864,0.06776334806586341,17.370506286621094,0.08102604858707277,0.02941432895916358,0.10006210952997208,0.10005559027194977
3.2499999999998637,0.06776341973347237,17.37034797668457,0.08101766661341771,0.02938917281137209,0.1000586524605751,0.10005024820566177
3.2519999999998634,0.0677635047109442,17.370391845703125,0.0810052102396889,0.029358435393582086,0.10005205124616623,0.10004163533449173
3.2539999999998632,0.06776360280322123,17.370288848876953,0.08098876249321947,0.029322091056433346,0.10004214942455292,0.10003001987934113
3.255999999999863,0.0677637138947053,17.370319366455078,0.08096831187759858,0.029280152546880767,0.10002896189689636,0.10001520067453384
3.257999999999863,0.06776367967008455,17.370258331298828,0.08094391869860856,0.02923261114030486,0.10001258552074432,0.09999728947877884
3.2599999999998626,0.06776366021310502,17.372310638427734,0.08096332339784165,0.029179482557853544,0.10003172606229782,0.10004089772701263
3.2619999999998623,0.06776365547038568,17.37261199951172,0.08097836649803583,0.029185973993752144,0.10004767030477524,0.10005330294370651
3.263999999999862,0.0677636650424329,17.37213897705078,0.08098930268451146,0.0291870211367903,0.1000598669052124,0.10006280988454819
3.265999999999862,0.06776368882379051,17.37225914001465,0.0809960073852297,0.029182641312047997,0.10006890445947647,0.10006890445947647
3.2679999999998617,0.06776372650241469,17.372032165527344,0.0809986458115279,0.029172754493195605,0.10007432103157043,0.10007190704345703
3.2699999999998615,0.06776377795123967,17.372093200683594,0.08099715364632927,0.029157369633240324,0.10007652640342712,0.10007181763648987
3.2719999999998612,0.06776384292148417,17.371938705444336,0.08099164132202008,0.029136438523955595,0.10007554292678833,0.10006862133741379
3.273999999999861,0.0677639212822826,17.371967315673828,0.08098208032715734,0.02910996847977788,0.1000712588429451,0.10006216168403625
3.275999999999861,0.06776401283256347,17.371864318847656,0.08096854754626688,0.029077933745351975,0.10006371885538101,0.10005287081003189
3.2779999999998606,0.0677641174477367,17.37187957763672,0.08095103575670798,0.029040343587281234,0.10005274415016174,0.10004037618637085
3.2799999999998604,0.06776423496413406,17.37181854248047,0.08092960133692469,0.028997188578250385,0.10003896057605743,0.10002470016479492
3.28199999999986,0.06776436526879716,17.37183380126953,0.08090424977955221,0.028948481707669525,0.10002155601978302,0.10000605881214142
3.28399999999986,0.06776434838277774,17.371803283691406,0.08087502500587548,0.028894225797976455,0.10000140964984894,0.09998399764299393
3.2859999999998597,0.0677643460199535,17.373863220214844,0.08088962959429785,0.028834438300448,0.10001657158136368,0.10002201795578003
3.2879999999998595,0.06776435816835243,17.374191284179688,0.08089994176489664,0.02883424843526589,0.10002842545509338,0.10003101825714111
3.2899999999998593,0.06776438442495174,17.373716354370117,0.08090622225615278,0.028828679578137246,0.10003690421581268,0.10003657639026642
3.291999999999859,0.0677644247145918,17.373849868774414,0.08090834030544324,0.02881775609706037,0.10004210472106934,0.10003944486379623
3.293999999999859,0.06776447872788884,17.373628616333008,0.08090646472970148,0.02880140008549336,0.10004393756389618,0.10003906488418579
3.2959999999998586,0.06776454636067972,17.373703002929688,0.08090052748814827,0.028779625803366606,0.10004248470067978,0.10003560036420822
3.2979999999998584,0.06776462736998122,17.37355613708496,0.08089064120563924,0.02875238731094469,0.10003788769245148,0.1000291109085083
3.299999999999858,0.06776472164272886,17.373600006103516,0.0808767751800161,0.028719696031044822,0.10003018379211426,0.1000194177031517
3.301999999999858,0.06776482898496565,17.373504638671875,0.08085900768170275,0.02868152842341007,0.10001914948225021,0.10000672191381454
3.3039999999998577,0.0677647882175214,17.373533248901367,0.08083733025547206,0.028637897012784904,0.10000486671924591,0.09999101608991623
3.3059999999998575,0.06776476234141987,17.375526428222656,0.08085947229039975,0.02858879443550948,0.1000261977314949,0.10003746300935745
3.3079999999998573,0.06776475135833646,17.375900268554688,0.08087729865274232,0.028599357036810484,0.10004426538944244,0.10005195438861847
3.309999999999857,0.06776475480644341,17.375343322753906,0.08089109673441094,0.02860458791858641,0.10005886852741241,0.10006380081176758
3.311999999999857,0.06776477261001852,17.37549591064453,0.08090071669299982,0.028604511914454202,0.10006997734308243,0.1000719666481018
3.3139999999998566,0.06776480441575258,17.375213623046875,0.08090634323740889,0.028599038205793254,0.10007791966199875,0.10007750988006592
3.3159999999998564,0.06776485011118166,17.37528419494629,0.08090789664370146,0.028588179379174912,0.1000826507806778,0.10007969290018082
3.317999999999856,0.06776490941919959,17.375110626220703,0.08090549884889901,0.028571879839299454,0.10008395463228226,0.10007885843515396
3.319999999999856,0.067764982214547,17.375144958496094,0.0808991118248049,0.028550148236276086,0.10008225589990616,0.1000751182436943
3.3219999999998557,0.06776506827581613,17.375024795532227,0.0808888191131898,0.028522953520738283,0.10007710754871368,0.10006815940141678
3.3239999999998555,0.06776516747871028,17.375041961669922,0.08087460748247476,0.02849030494111902,0.10006901621818542,0.10005810856819153
3.3259999999998553,0.06776527964418882,17.37496566772461,0.08085653701965961,0.028452189067963898,0.10005762428045273,0.10004528611898422
3.327999999999855,0.06776540465648125,17.374977111816406,0.08083460928936621,0.02840861808118865,0.10004322230815887,0.10002917796373367
3.329999999999855,0.06776554236996672,17.374935150146484,0.08080887012028931,0.028359591602335775,0.10002553462982178,0.10001017898321152
3.3319999999998546,0.06776552995031736,17.374950408935547,0.0807793299922562,0.028305125815114747,0.1000048816204071,0.09998786449432373
3.3339999999998544,0.06776553198321285,17.376991271972656,0.08079364743690112,0.028245230318523114,0.10001973807811737,0.10002510994672775
3.335999999999854,0.06776554850877319,17.377357482910156,0.08080374885490603,0.02824494600129926,0.10003150999546051,0.10003379732370377
3.337999999999854,0.0677655790858244,17.376846313476562,0.0808099093182986,0.028239387546129844,0.1000397726893425,0.10003957897424698
3.3399999999998538,0.06776562367114196,17.37700653076172,0.08081198548773812,0.028228585769369846,0.10004482418298721,0.10004229843616486
3.3419999999998535,0.0677656819326197,17.376754760742188,0.08081015452793777,0.028212459209454917,0.10004668682813644,0.1000419557094574
3.3439999999998533,0.06776575378563611,17.37683868408203,0.08080434062340307,0.028191026032451754,0.1000453531742096,0.10003852844238281
3.345999999999853,0.06776583897359913,17.376686096191406,0.0807946611725045,0.028164238152337227,0.10004083067178726,0.10003220289945602
3.347999999999853,0.067765937395275,17.37673568725586,0.08078108058713401,0.028132109292916395,0.10003313422203064,0.1000228300690651
3.3499999999998527,0.06776604884838576,17.376636505126953,0.08076367977697274,0.02809461454405961,0.10002243518829346,0.10001028329133987
3.3519999999998524,0.06776600930513609,17.376665115356445,0.08074244713823651,0.028051767701623674,0.10000832378864288,0.0999949723482132
3.353999999999852,0.06776598463402228,17.378665924072266,0.08076504671760085,0.02800356043864509,0.10003013163805008,0.10004161298274994
3.355999999999852,0.06776597487337742,17.379039764404297,0.08078340858524286,0.028015037501137936,0.1000482514500618,0.10005666315555573
3.3579999999998518,0.06776597953074147,17.37847900390625,0.0807978207876114,0.02802129290644964,0.10006332397460938,0.1000686064362526
3.3599999999998515,0.06776599855203534,17.37863540649414,0.08080813206603123,0.02802235300184769,0.10007498413324356,0.10007753223180771
3.3619999999998513,0.06776603156508858,17.378345489501953,0.08081452724052879,0.0280181254949329,0.10008344054222107,0.1000836119055748
3.363999999999851,0.067766078469939,17.37841796875,0.08081692558048818,0.028008623643490767,0.10008877515792847,0.10008645802736282
3.365999999999851,0.06776613897757815,17.378238677978516,0.0808154488309055,0.027993790736732166,0.10009090602397919,0.10008635371923447
3.3679999999998507,0.06776621296962368,17.37827491760254,0.08081005817551257,0.027973635553599607,0.1000899076461792,0.10008329153060913
3.3699999999998504,0.06776630021681586,17.378150939941406,0.08080083679300606,0.02794812609934138,0.1000855416059494,0.10007726401090622
3.3719999999998502,0.06776640059821643,17.37816619873047,0.08078777077509265,0.027917271392174137,0.10007815808057785,0.10006821900606155
3.37399999999985,0.06776651392922789,17.378082275390625,0.08077091974638818,0.027881057121428254,0.10006779432296753,0.10005617886781693
3.37599999999985,0.06776664009518056,17.378093719482422,0.080750284646148,0.027839494990905406,0.10005423426628113,0.10004114359617233
3.3779999999998496,0.06776677894613335,17.37803840637207,0.08072591077971304,0.02779258374685592,0.10003776103258133,0.10002320259809494
3.3799999999998493,0.06776693037825926,17.378055572509766,0.08069780801945158,0.027740338921738904,0.10001815110445023,0.10000205785036087
3.381999999999849,0.06776692851191184,17.37803077697754,0.08066601306180789,0.027682769214348122,0.09999563544988632,0.0999777615070343
3.383999999999849,0.06776694096743843,17.380126953125,0.08067808611306278,0.0276198943999129,0.10000887513160706,0.10001248121261597
3.3859999999998487,0.06776696781168969,17.38046646118164,0.08068604599154366,0.02761663396463909,0.10001850873231888,0.10001952201128006
3.3879999999998485,0.06776700859530001,17.379993438720703,0.0806901544953527,0.027608225467025106,0.10002511739730835,0.10002369433641434
3.3899999999998482,0.06776706329311673,17.380142211914062,0.08069027762935811,0.027594699020358014,0.10002842545509338,0.10002481192350388
3.391999999999848,0.06776713157009832,17.37990951538086,0.0806865843698412,0.027575976647767862,0.10002883523702621,0.10002326965332031
3.393999999999848,0.06776721335410409,17.379993438720703,0.08067900448565465,0.027552076361245667,0.10002587735652924,0.10001849383115768
3.3959999999998476,0.06776730838832257,17.379844665527344,0.0806676502953916,0.027522952445742405,0.10002005845308304,0.10001076757907867
3.3979999999998474,0.06776741658025551,17.37989044189453,0.08065248951872354,0.027488618720348513,0.10001108050346375,0.10000012814998627
3.399999999999847,0.06776737090280316,17.379793167114258,0.08063359988531232,0.027449051879652027,0.09999904781579971,0.09998657554388046
3.401999999999847,0.06776734024056486,17.38187026977539,0.080658509940059,0.027404265892323185,0.10002245754003525,0.1000356450676918
3.4039999999998467,0.0677673246007594,17.38214111328125,0.08067927151126815,0.02741919460039559,0.10004261136054993,0.10005257278680801
3.4059999999998465,0.06776732349843217,17.38167381286621,0.08069613141082094,0.027429031631707554,0.10005956143140793,0.10006661713123322
3.4079999999998463,0.06776733685715636,17.38176727294922,0.08070897083057577,0.0274337895237033,0.1000731885433197,0.10007759928703308
3.409999999999846,0.06776736430655333,17.38153076171875,0.0807179495078613,0.02743338184512119,0.10008376091718674,0.10008551180362701
3.411999999999846,0.06776740572992077,17.38157844543457,0.08072300619035833,0.027427812614751274,0.10009118914604187,0.10009052604436874
3.4139999999998456,0.0677674608366353,17.381404876708984,0.08072424726109657,0.02741702783781262,0.10009534657001495,0.10009242594242096
3.4159999999998454,0.06776752949519343,17.381418228149414,0.08072164548811464,0.027401029871715173,0.10009637475013733,0.10009162127971649
3.417999999999845,0.06776761147271491,17.38129425048828,0.08071527452789497,0.027379787567217546,0.10009437054395676,0.10008763521909714
3.419999999999845,0.0677677066375012,17.38129425048828,0.0807051272420171,0.027353305263823277,0.1000894159078598,0.10008096694946289
3.4219999999998447,0.06776781480017476,17.381206512451172,0.08069125723207511,0.027321568391240725,0.10008154064416885,0.10007130354642868
3.4239999999998445,0.06776793583686237,17.381206512451172,0.08067366926206912,0.027284585057149566,0.1000702753663063,0.10005874931812286
3.4259999999998443,0.06776806959219214,17.38115119934082,0.08065240470319221,0.027242353100381558,0.1000562533736229,0.10004322230815887
3.427999999999844,0.06776821595417123,17.381153106689453,0.08062747544352555,0.027194885132817887,0.10003917664289474,0.10002461820840836
3.429999999999844,0.06776837479485431,17.381128311157227,0.08059891548548287,0.02714218856959335,0.10001922398805618,0.10000316053628922
3.4319999999998436,0.06776837737440103,17.381141662597656,0.0805667410846295,0.027084280688751024,0.09999633580446243,0.09997843950986862
3.4339999999998434,0.06776839418828157,17.38323211669922,0.08057845700416741,0.02702117651316886,0.10000898689031601,0.10001251101493835
3.435999999999843,0.06776842535256564,17.38360595703125,0.08058613978226865,0.02701770126573048,0.10001838952302933,0.10001924633979797
3.437999999999843,0.06776847038218438,17.38309669494629,0.08059005967792247,0.027009188518241203,0.10002484917640686,0.10002344101667404
3.4399999999998427,0.06776852928206366,17.38326644897461,0.0805900749419964,0.02699567296777463,0.10002797842025757,0.10002456605434418
3.4419999999998425,0.06776860169596545,17.38300895690918,0.0805863593784996,0.02697707414272909,0.10002829879522324,0.10002292692661285
3.4439999999998423,0.06776868757008318,17.383102416992188,0.08057883792618831,0.02695341278502596,0.10002545267343521,0.10001817345619202
3.445999999999842,0.0677687866349424,17.382946014404297,0.0805676255737502,0.0269246416370988,0.10001961886882782,0.10001059621572495
3.447999999999842,0.06776889880908973,17.38300323486328,0.08055268695879739,0.026890776069945995,0.10001054406166077,0.10000021010637283
3.4499999999998416,0.0677688541906176,17.382896423339844,0.08053410119876313,0.02685179174298105,0.09999867528676987,0.09998694062232971
3.4519999999998414,0.06776882455321309,17.384992599487305,0.08055932596710018,0.026807703413471464,0.10002238303422928,0.100035659968853
3.453999999999841,0.06776880993298928,17.385265350341797,0.08058048314942663,0.026823348192842354,0.10004283487796783,0.10005310922861099
3.455999999999841,0.06776880982081036,17.38479232788086,0.08059781819053725,0.026834015377623702,0.10006004571914673,0.1000673770904541
3.4579999999998408,0.06776882415729085,17.3848876953125,0.08061121251308073,0.026839718191170182,0.10007409006357193,0.10007885098457336
3.4599999999998405,0.06776885255722843,17.3846435546875,0.08062082477280072,0.026840369375001213,0.1000850573182106,0.10008735954761505
3.4619999999998403,0.06776889491374828,17.384689331054688,0.0806265937076706,0.02683597312645667,0.10009290277957916,0.10009285807609558
3.46399999999984,0.06776895092690338,17.384510040283203,0.08062862480963566,0.02682647472973227,0.10009774565696716,0.10009545087814331
3.46599999999984,0.06776902047057327,17.384525299072266,0.08062689066612243,0.02681187638064581,0.1000995859503746,0.10009525716304779
3.4679999999998397,0.06776910330572467,17.384395599365234,0.08062146416504225,0.02679214622780835,0.1000983864068985,0.10009206086397171
3.4699999999998394,0.06776919930324482,17.3843994140625,0.0806123378650151,0.026767288212122268,0.10009399801492691,0.10008616000413895
3.471999999999839,0.0677693082693701,17.384305953979492,0.08059956467395181,0.026737287034635626,0.10008684545755386,0.10007738322019577
3.473999999999839,0.06776943008100084,17.38430404663086,0.08058314896371854,0.026702150232118468,0.10007648915052414,0.10006570816040039
3.4759999999998388,0.06776956457929928,17.38425064086914,0.08056313145389284,0.0266618748662588,0.10006345063447952,0.10005126893520355
3.4779999999998386,0.06776971165182236,17.38425064086914,0.08053952357355625,0.026616472847187485,0.10004740208387375,0.10003388673067093
3.4799999999998383,0.06776987116757352,17.384220123291016,0.08051235869325078,0.026565950755261126,0.10002857446670532,0.10001339763402939
3.481999999999838,0.0677698716444541,17.384231567382812,0.08048165255750674,0.026510325063188792,0.10000672191381454,0.09998989850282669
3.483999999999838,0.06776988634602685,17.38632583618164,0.08049484614957074,0.026449609899092216,0.10002052783966064,0.10002487152814865
3.4859999999998377,0.06776991541906004,17.386695861816406,0.08050407934417793,0.026448547162683564,0.10003116726875305,0.1000329852104187
3.4879999999998375,0.06776995834748684,17.38618278503418,0.08050962177482696,0.02644255153985729,0.10003885626792908,0.10003834217786789
3.4899999999998372,0.06777001515331432,17.3863525390625,0.08051133120300066,0.02643165812809074,0.10004330426454544,0.10004075616598129
3.491999999999837,0.06777008546045482,17.38608741760254,0.0805093807275777,0.026415784700472348,0.10004479438066483,0.10004037618637085
3.493999999999837,0.06777016922403181,17.38617706298828,0.08050369479096832,0.026394951811618054,0.10004345327615738,0.10003726929426193
3.4959999999998366,0.06777026616139163,17.386016845703125,0.08049438764757579,0.026369110742837792,0.10003906488418579,0.10003113746643066
3.4979999999998364,0.06777037619510891,17.386066436767578,0.08048142340160298,0.026338276307182218,0.10003162920475006,0.10002213716506958
3.499999999999836,0.06777049905864997,17.38595962524414,0.08046488042631236,0.026302422850096027,0.10002123564481735,0.10001066327095032
3.501999999999836,0.06777046212696114,17.385997772216797,0.08044474642781624,0.02626156433043831,0.1000080406665802,0.0999961867928505
3.5039999999998357,0.06777043988081267,17.388029098510742,0.08046847726991006,0.026215691449606237,0.10003052651882172,0.10004236549139023
3.5059999999998355,0.06777043243742747,17.38841438293457,0.0804882099241112,0.026229561923341325,0.10004960000514984,0.1000586748123169
3.5079999999998353,0.0677704391867286,17.387836456298828,0.08050423068349712,0.026238553351459217,0.10006573796272278,0.10007206350564957
3.509999999999835,0.06777046010361756,17.387998580932617,0.0805163873434441,0.026242695135617933,0.1000787764787674,0.10008250176906586
3.511999999999835,0.06777049472862007,17.387685775756836,0.0805248628670335,0.026241891175867876,0.10008879750967026,0.10009020566940308
3.5139999999998346,0.06777054295917863,17.387760162353516,0.08052957554556285,0.026236155779782437,0.1000957265496254,0.10009485483169556
3.5159999999998344,0.06777060443483353,17.387569427490234,0.08053064527002597,0.02622542921180183,0.1000996083021164,0.10009682178497314
3.517999999999834,0.06777067901395477,17.387601852416992,0.08052803213248798,0.02620972000469673,0.10010053962469101,0.10009589791297913
3.519999999999834,0.06777076640307919,17.387462615966797,0.08052181748771495,0.026188993482640355,0.10009870678186417,0.10009230673313141
3.5219999999998337,0.06777086644386435,17.38747787475586,0.08051198619859334,0.026163257552332047,0.10009367763996124,0.10008573532104492
3.5239999999998335,0.06777097888969023,17.387378692626953,0.08049859608956003,0.026132495322073842,0.10008590668439865,0.10007645189762115
3.5259999999998333,0.06777110357820293,17.38739013671875,0.08048164673504299,0.026096716783367835,0.10007522255182266,0.10006436705589294
3.527999999999833,0.06777124029668452,17.387325286865234,0.08046118164631008,0.026055918069992114,0.10006159543991089,0.10004960000514984
3.529999999999833,0.06777138888567921,17.3873348236084,0.08043720920487993,0.02601011256623486,0.10004518181085587,0.10003187507390976
3.5319999999998326,0.06777154915784368,17.38730239868164,0.08040976430020408,0.02595930625920675,0.1000259667634964,0.1000111922621727
3.5339999999998324,0.0677715500341374,17.387317657470703,0.0803788606844105,0.025903516444802075,0.10000402480363846,0.09998758137226105
3.535999999999832,0.06777156469416128,17.38942527770996,0.08039186903831874,0.02584275680295832,0.10001754015684128,0.10002180933952332
3.537999999999832,0.06777159326305086,17.38979721069336,0.08040099948970642,0.02584166830895245,0.10002802312374115,0.10002991557121277
3.5399999999998317,0.0677716351871221,17.389284133911133,0.08040652201116294,0.025835765796475237,0.10003560036420822,0.10003536194562912
3.5419999999998315,0.06777169045657164,17.389453887939453,0.0804082934504248,0.025825085792654374,0.10004013776779175,0.10003792494535446
3.5439999999998313,0.06777175865620587,17.38918685913086,0.08040648688523985,0.02580954488139269,0.10004180669784546,0.10003744065761566
3.545999999999831,0.06777183970194131,17.38927459716797,0.08040102610260877,0.025789164291416786,0.100040502846241,0.1000344529747963
3.547999999999831,0.06777193326888016,17.389114379882812,0.08039202513927018,0.025763894416666596,0.1000361368060112,0.10002867132425308
3.5499999999998306,0.06777203923458586,17.38916778564453,0.08037944757085773,0.02573375025522484,0.10002900660037994,0.10002012550830841
3.5519999999998304,0.06777215733465418,17.389057159423828,0.08036337144311397,0.02569870540070203,0.10001915693283081,0.10000883787870407
3.55399999999983,0.06777211719035937,17.389097213745117,0.0803437839885671,0.025658773670247405,0.10000637918710709,0.09999475628137589
3.55599999999983,0.06777209133391646,17.391136169433594,0.08036807112723056,0.025613945056046028,0.10002914816141129,0.10004131495952606
3.5579999999998297,0.067772079880998,17.391517639160156,0.08038843956796066,0.025628880910641614,0.10004881024360657,0.10005807876586914
3.5599999999998295,0.06777208223278613,17.390941619873047,0.08040517520620763,0.025639053558045508,0.10006539523601532,0.10007203370332718
3.5619999999998293,0.06777209836473208,17.391101837158203,0.0804181254494053,0.025644493235099156,0.10007882118225098,0.10008314251899719
3.563999999999829,0.0677721278257409,17.390785217285156,0.08042747275415149,0.025645102346044862,0.10008960962295532,0.10009144991636276
3.565999999999829,0.0677721705149497,17.390857696533203,0.08043313504112766,0.025640895381571306,0.1000971645116806,0.10009707510471344
3.5679999999998286,0.06777222607835706,17.39065933227539,0.08043523164809557,0.02563181141082927,0.10010192543268204,0.10009969770908356
3.5699999999998284,0.06777229437660826,17.390695571899414,0.08043372227239334,0.025617858734563643,0.10010369122028351,0.10009971261024475
3.571999999999828,0.06777237512139767,17.390548706054688,0.08042868769442486,0.025599001625546583,0.10010260343551636,0.10009697079658508
3.573999999999828,0.06777246815691589,17.390567779541016,0.08042011234254479,0.025575247485898674,0.10009868443012238,0.1000915989279747
3.5759999999998278,0.06777257324080543,17.390460968017578,0.08040805345406297,0.025546578428131985,0.10009192675352097,0.1000833809375763
3.5779999999998275,0.06777269021332348,17.39046859741211,0.08039251012531248,0.025513003753131168,0.10008228570222855,0.1000722348690033
3.5799999999998273,0.06777281886539165,17.39040184020996,0.08037352526851393,0.02547451860565068,0.10006967931985855,0.10005874186754227
3.581999999999827,0.06777295904014839,17.39040756225586,0.08035110674480551,0.025431135546405633,0.1000545546412468,0.10004221647977829
3.583999999999827,0.06777311055345159,17.39037322998047,0.08032528883072824,0.025382859553993768,0.10003657639026642,0.10002291202545166
3.5859999999998267,0.06777327325474869,17.390384674072266,0.08029608471875609,0.02532970700083778,0.10001598298549652,0.100000761449337
3.5879999999998264,0.06777327807162951,17.3903751373291,0.08026352358351295,0.025271690525428842,0.09999259561300278,0.09997572749853134
3.589999999999826,0.06777329615883616,17.39250946044922,0.0802748857673411,0.025208830423073897,0.10000475496053696,0.10000798106193542
3.591999999999826,0.06777332763304159,17.39287567138672,0.08028246802728929,0.025205649289146845,0.10001406073570251,0.10001485794782639
3.593999999999826,0.06777337196674518,17.39238166809082,0.08028653226653165,0.02519778099561551,0.10002037137746811,0.1000191941857338
3.5959999999998256,0.06777342914810883,17.392547607421875,0.08028694073800655,0.02518526211466363,0.10002368688583374,0.1000206246972084
3.5979999999998253,0.06777349878082534,17.392288208007812,0.08028386146817877,0.025168011167313036,0.10002414882183075,0.10001954436302185
3.599999999999825,0.06777358078232144,17.39238739013672,0.08027722142984875,0.025146049534960833,0.10002180933952332,0.1000155657529831
3.601999999999825,0.06777367484178068,17.392223358154297,0.08026713145964999,0.025119328908285415,0.10001660138368607,0.10000897198915482
3.6039999999998247,0.06777361247287364,17.39228630065918,0.0802535569678236,0.025087864436032455,0.10000856220722198,0.09999965876340866
3.6059999999998245,0.06777356433891525,17.394306182861328,0.0802838467885258,0.0250516305433932,0.10003627091646194,0.10005321353673935
3.6079999999998242,0.06777353055676916,17.394691467285156,0.08031025256421208,0.02507522893978339,0.10006081312894821,0.10007462650537491
3.609999999999824,0.06777351050941853,17.394073486328125,0.08033307209879235,0.025094179211421302,0.10008233040571213,0.100093312561512
3.611999999999824,0.0677735041697355,17.394237518310547,0.08035214494322408,0.025108510091094428,0.1001008003950119,0.10010913014411926
3.6139999999998236,0.06777351107257576,17.393882751464844,0.08036766046973481,0.025118114506701743,0.10011623799800873,0.10012213885784149
3.6159999999998234,0.06777353111266873,17.39394760131836,0.08037953172825098,0.025123004276506967,0.10012884438037872,0.10013251006603241
3.617999999999823,0.06777356392491916,17.39373016357422,0.08038788190367253,0.025123111102461612,0.10013854503631592,0.1001400426030159
3.619999999999823,0.06777360936489865,17.393760681152344,0.0803926675021402,0.025118440058398944,0.10014533251523972,0.1001449003815651
3.6219999999998227,0.06777366713541622,17.393590927124023,0.08039397124686083,0.02510894944528523,0.10014930367469788,0.10014685243368149
3.6239999999998225,0.06777373707560168,17.393598556518555,0.08039177529800466,0.025094643225706394,0.10015031695365906,0.10014629364013672
3.6259999999998223,0.06777381893594132,17.393474578857422,0.08038613763963134,0.025075498483303107,0.10014872997999191,0.10014308243989944
3.627999999999822,0.06777391255202266,17.393468856811523,0.08037705558901552,0.02505152104964813,0.10014430433511734,0.10013706982135773
3.629999999999822,0.06777401770902214,17.393386840820312,0.08036457204319165,0.025022701692428092,0.10013698041439056,0.10012846440076828
3.6319999999998216,0.06777413424599717,17.39337921142578,0.08034869332803739,0.02498904956455326,0.10012687742710114,0.10011713951826096
3.6339999999998214,0.06777426197424548,17.393327713012695,0.0803294532115748,0.02495056572862487,0.10011409968137741,0.10010326653718948
3.635999999999821,0.06777440073981034,17.393321990966797,0.08030686345900509,0.02490726325046333,0.10009866207838058,0.10008659958839417
3.637999999999821,0.06777455037426558,17.393299102783203,0.0802809524112661,0.024859151186075203,0.10008054971694946,0.10006702691316605
3.6399999999998207,0.06777471073210388,17.3933048248291,0.08025173522604993,0.024806246636916315,0.10005980730056763,0.100044846534729
3.6419999999998205,0.06777488166103315,17.393299102783203,0.08021923713498098,0.02474856505270054,0.10003636032342911,0.10001959651708603
3.6439999999998203,0.06777489631576665,17.393321990966797,0.08018347553408194,0.02468612745179884,0.10001042485237122,0.09999171644449234
3.64599999999982,0.0677749236009963,17.39545440673828,0.08019166698812179,0.024618954538472338,0.10001981258392334,0.10002116858959198
3.64799999999982,0.06777496365248942,17.39584732055664,0.08019617210691521,0.024611463784377126,0.10002651065587997,0.10002560168504715
3.6499999999998196,0.06777501595908687,17.395343780517578,0.08019725684165145,0.02459939990080892,0.10003025084733963,0.10002756863832474
3.6519999999998194,0.06777508052546231,17.39553451538086,0.08019477902873486,0.024582805043915038,0.10003108531236649,0.10002688318490982
3.653999999999819,0.06777515697013116,17.395267486572266,0.08018890896754753,0.02456159816556681,0.10002923756837845,0.10002356767654419
3.655999999999819,0.06777524522490423,17.395381927490234,0.08017957093151756,0.02453580456965136,0.10002469271421432,0.10001746565103531
3.6579999999998187,0.06777534499221775,17.395217895507812,0.08016687701704908,0.02450537673965935,0.10001738369464874,0.10000880807638168
3.6599999999998185,0.06777528988207597,17.39529037475586,0.08015079097682819,0.0244703326309304,0.10000728070735931,0.09999758005142212
3.6619999999998183,0.06777524844620193,17.397294998168945,0.08017858626233561,0.024430647558786146,0.10003277659416199,0.10004741698503494
3.663999999999818,0.06777522080897423,17.39769744873047,0.08020258990483962,0.024450807130220752,0.10005504637956619,0.10006701201200485
3.665999999999818,0.06777520637300213,17.39708709716797,0.08022310010193043,0.024466448763509403,0.1000746563076973,0.10008390247821808
3.6679999999998176,0.06777520511952796,17.39726448059082,0.08023995583305651,0.024477604025484097,0.10009132325649261,0.10009808838367462
3.6699999999998174,0.06777521659908797,17.39691162109375,0.08025334661664778,0.024484165809286498,0.10010500252246857,0.10010957717895508
3.671999999999817,0.06777524071482993,17.396991729736328,0.08026318519425031,0.024486147837121424,0.10011591762304306,0.1001182496547699
3.673999999999817,0.06777527711441149,17.396778106689453,0.08026959477707188,0.024483481994399384,0.10012390464544296,0.10012438148260117
3.6759999999998167,0.06777532566142756,17.39681625366211,0.08027253169906552,0.024476174635796863,0.10012929886579514,0.10012765973806381
3.6779999999998165,0.06777538606921842,17.39665412902832,0.08027207865185519,0.024464184301409137,0.1001318022608757,0.10012854635715485
3.6799999999998163,0.06777545818432677,17.39666748046875,0.08026821768823454,0.024447515802305256,0.10013143718242645,0.10012692213058472
3.681999999999816,0.06777554176604825,17.39655113220215,0.08026100673048597,0.024426146431100967,0.1001284047961235,0.10012232512235641
3.683999999999816,0.06777563665669312,17.39655303955078,0.08025044301282272,0.02440008255602408,0.10012280941009521,0.10011523216962814
3.6859999999998156,0.06777574264888737,17.3964786529541,0.08023656935064838,0.02436931508110043,0.1001143753528595,0.10010559856891632
3.6879999999998154,0.0677758595877186,17.3964786529541,0.08021939198779454,0.024333853461817764,0.10010314732789993,0.10009335726499557
3.689999999999815,0.06777598729084687,17.396434783935547,0.08019894459281598,0.0242936988060223,0.10008951276540756,0.10007836669683456
3.691999999999815,0.06777612560969137,17.396438598632812,0.08017523883619788,0.024248864299395483,0.10007321089506149,0.10006090998649597
3.6939999999998148,0.06777627438130909,17.39641761779785,0.08014830293997437,0.02419935894655933,0.10005413740873337,0.10004059970378876
3.6959999999998145,0.06777643346497617,17.39643096923828,0.0801181519462014,0.024145199820952413,0.10003256052732468,0.10001746565103531
3.6979999999998143,0.06777643791493923,17.396434783935547,0.0800848109453079,0.02408640222536158,0.10000848770141602,0.09999160468578339
3.699999999999814,0.06777645473897118,17.39855194091797,0.08009542342482706,0.024022987026558747,0.10001999139785767,0.10002255439758301
3.701999999999814,0.0677764840593049,17.398937225341797,0.08010242201748626,0.024019283027302874,0.1000283882021904,0.10002917796373367
3.7039999999998137,0.06777652537408412,17.398433685302734,0.08010606864007681,0.024011118365908916,0.10003417730331421,0.10003303736448288
3.7059999999998134,0.06777657867955618,17.39862060546875,0.0801062236420813,0.02399853326192562,0.10003741830587387,0.10003442317247391
3.7079999999998132,0.06777664359971265,17.39834976196289,0.08010305456435488,0.02398144481232604,0.10003755986690521,0.1000332236289978
3.709999999999813,0.06777672006113131,17.398456573486328,0.08009648698299719,0.02395987643638318,0.10003523528575897,0.10002932697534561
3.711999999999813,0.06777680776949455,17.39828872680664,0.08008663100635773,0.023933778829888588,0.10002994537353516,0.10002292692661285
3.7139999999998126,0.067776906615088,17.398361206054688,0.08007345091307326,0.02390316811325096,0.1000223457813263,0.10001395642757416
3.7159999999998123,0.06777701635808793,17.39824676513672,0.08005702183864721,0.023868017854157143,0.10001187771558762,0.10000235587358475
3.717999999999812,0.06777697263537391,17.398296356201172,0.0800373310241894,0.023828342200168467,0.0999988317489624,0.0999884158372879
3.719999999999812,0.06777694194439467,17.40033531188965,0.08006154751039964,0.023784130752817156,0.1000213548541069,0.1000332459807396
3.7219999999998117,0.06777692439861396,17.40073013305664,0.08008209397712408,0.0237997411812902,0.10004103928804398,0.1000501960515976
3.7239999999998115,0.06777691943852897,17.400146484375,0.0800992545031138,0.023810946412419046,0.10005777329206467,0.10006476193666458
3.7259999999998112,0.06777692704389657,17.40032196044922,0.08011287599394293,0.02381778000101455,0.10007164627313614,0.10007631778717041
3.727999999999811,0.06777694679319195,17.399986267089844,0.08012313910513241,0.023820141038861344,0.10008282959461212,0.10008557140827179
3.729999999999811,0.06777697859324222,17.400074005126953,0.08012996113298286,0.023818045354435914,0.10009133815765381,0.10009202361106873
3.7319999999998106,0.06777702211301273,17.399864196777344,0.0801334596864275,0.023811429432626548,0.10009707510471344,0.10009591281414032
3.7339999999998104,0.0677770772223935,17.39990997314453,0.0801335936695772,0.023800301628046354,0.10010003298521042,0.1000971719622612
3.73599999999981,0.06777714365148547,17.399757385253906,0.08013044220314251,0.02378462393088087,0.10010027140378952,0.10009594261646271
3.73799999999981,0.0677772212542383,17.39977264404297,0.08012398875046607,0.023764402935348223,0.10009793192148209,0.10009218752384186
3.7399999999998097,0.0677773098034906,17.39967155456543,0.0801142889336713,0.023739618538677003,0.10009273141622543,0.10008594393730164
3.7419999999998095,0.06777740914920884,17.399677276611328,0.08010134072544957,0.023710278631046612,0.10008524358272552,0.10007711499929428
3.7439999999998093,0.0677775190952053,17.399612426757812,0.08008518543862304,0.023676376084421375,0.10007496923208237,0.10006548464298248
3.745999999999809,0.06777763949400176,17.399616241455078,0.08006582966895556,0.023637921607331087,0.10006210207939148,0.10005167871713638
3.747999999999809,0.06777777017266237,17.399578094482422,0.08004330608365946,0.023594917785051763,0.10004658997058868,0.10003506392240524
3.7499999999998086,0.06777791098957815,17.39958953857422,0.08001762648373421,0.02354737879882128,0.10002849996089935,0.10001593828201294
3.7519999999998084,0.06777789886772492,17.399574279785156,0.07998881840401594,0.0234953147445379,0.10000811517238617,0.09999404847621918
3.753999999999808,0.06777789895805744,17.401691436767578,0.08000396092096969,0.023438743453998996,0.10002324730157852,0.10002866387367249
3.755999999999808,0.0677779113692553,17.40206527709961,0.08001555111877341,0.023441920542780784,0.1000354066491127,0.10003867000341415
3.7579999999998077,0.06777793560153583,17.401548385620117,0.08002384925932125,0.023440740142031652,0.10004496574401855,0.10004638880491257
3.7599999999998075,0.06777797164157286,17.401731491088867,0.08002871618334256,0.023435240037026836,0.10005180537700653,0.10005144029855728
3.7619999999998073,0.06777801911336984,17.401439666748047,0.08003031799913922,0.023425333697236306,0.10005580633878708,0.10005386173725128
3.763999999999807,0.06777807793660699,17.401538848876953,0.08002858026407703,0.023411041990571917,0.10005730390548706,0.10005369782447815
3.765999999999807,0.06777814781599083,17.40135955810547,0.0800236117809793,0.02339231240642702,0.10005606710910797,0.10005099326372147
3.7679999999998066,0.0677782286367791,17.40142059326172,0.08001537644347463,0.0233691584913835,0.10005217790603638,0.10004589706659317
3.7699999999998064,0.06777832015781844,17.401294708251953,0.08000394814589085,0.023341550887274912,0.1000458300113678,0.10003840178251266
3.771999999999806,0.06777842224896151,17.401330947875977,0.07998931348081088,0.023309501190759283,0.10003675520420074,0.1000281497836113
3.773999999999806,0.06777853470659885,17.401254653930664,0.07997152509266982,0.023272996269114516,0.10002521425485611,0.10001558065414429
3.7759999999998057,0.06777865739603267,17.401277542114258,0.07995058304505046,0.023232048665011044,0.1000111922621727,0.10000038146972656
3.7779999999998055,0.06777862803165259,17.401235580444336,0.0799265270965624,0.0231866569884685,0.09999441355466843,0.0999825969338417
3.7799999999998053,0.0677786109907665,17.403350830078125,0.07994639893761794,0.023136836192174368,0.1000133752822876,0.10002202540636063
3.781999999999805,0.06777860636005235,17.403705596923828,0.07996273423947785,0.023146806991350133,0.10002939403057098,0.10003581643104553
3.783999999999805,0.06777861363781339,17.40318489074707,0.07997578915751798,0.023152486905540927,0.10004279017448425,0.10004714876413345
3.7859999999998046,0.06777863279404964,17.403345108032227,0.07998542900482442,0.02315390761998096,0.10005353391170502,0.10005570948123932
3.7879999999998044,0.06777866344833831,17.40304946899414,0.07999181729298922,0.02315097880090116,0.10006143897771835,0.10006195306777954
3.789999999999804,0.06777870550732877,17.40313720703125,0.07999488217996961,0.023143716272776064,0.10006672143936157,0.10006552189588547
3.791999999999804,0.0677787586702413,17.40294647216797,0.0799947307187788,0.02313206394999298,0.1000695526599884,0.10006674379110336
3.7939999999998038,0.067778822811912,17.402996063232422,0.07999132819450679,0.023116031103642076,0.10006950795650482,0.10006526857614517
3.7959999999998035,0.06777889768547864,17.40285873413086,0.07998474720975825,0.0230955850509927,0.10006700456142426,0.10006138682365417
3.7979999999998033,0.0677789831523292,17.402877807617188,0.07997497495822463,0.023070733683036047,0.1000618189573288,0.10005512088537216
3.799999999999803,0.06777907900339385,17.40279197692871,0.07996206302603807,0.023041460786390893,0.10005415976047516,0.1000463217496872
3.801999999999803,0.06777918509704323,17.402803421020508,0.07994601155457386,0.023007775628731245,0.10004406422376633,0.10003497451543808
3.8039999999998027,0.06777930125168109,17.402748107910156,0.07992685935055663,0.022969673962885746,0.10003112256526947,0.1000213548541069
3.8059999999998024,0.06777942732833943,17.402761459350586,0.07990461426183873,0.02292716779726889,0.10001611709594727,0.10000494122505188
3.807999999999802,0.0677794021227139,17.40273666381836,0.07987930739411002,0.022880261870870076,0.09999833256006241,0.0999862551689148
3.809999999999802,0.06777938892145491,17.404850006103516,0.07989794783815682,0.02282897151043011,0.10001616179943085,0.10002393275499344
3.8119999999998018,0.06777938782143457,17.405214309692383,0.07991310303258659,0.022837466861595074,0.1000313088297844,0.10003679990768433
3.8139999999998015,0.06777939832799836,17.40468978881836,0.07992503152593532,0.022841720580100786,0.10004366934299469,0.10004715621471405
3.8159999999998013,0.06777942041989099,17.404861450195312,0.07993359519370222,0.022841768106345216,0.1000533252954483,0.1000550165772438
3.817999999999801,0.0677794537235183,17.404560089111328,0.07993895877651033,0.022837519620333608,0.10006051510572433,0.10006051510572433
3.819999999999801,0.06777949815313819,17.404651641845703,0.07994104823038956,0.022828993589468542,0.10006500035524368,0.10006340593099594
3.8219999999998007,0.06777955341436827,17.404464721679688,0.07993997118523205,0.02281613459647592,0.1000668928027153,0.10006359964609146
3.8239999999998004,0.0677796193887204,17.404516220092773,0.07993569148780828,0.022798953800859625,0.10006610304117203,0.10006158798933029
3.8259999999998002,0.0677796958352037,17.404380798339844,0.07992828195924992,0.022777419194215068,0.10006282478570938,0.10005705058574677
3.8279999999998,0.06777978262109312,17.404407501220703,0.07991772883063811,0.022751540029343015,0.10005707293748856,0.10005030781030655
3.8299999999998,0.0677798795426393,17.404321670532227,0.07990408371479657,0.02272130069901435,0.10004884004592896,0.10004080086946487
3.8319999999997996,0.06777998646341994,17.40433692932129,0.07988734608911419,0.02268671145417252,0.10003795474767685,0.10002893954515457
3.8339999999997993,0.0677801032066258,17.404287338256836,0.07986755468785194,0.022647768553080545,0.10002467781305313,0.10001474618911743
3.835999999999799,0.06778006958212213,17.404300689697266,0.07984471688342751,0.022604484707235466,0.10000909864902496,0.09999796748161316
3.837999999999799,0.06778004787391216,17.406387329101562,0.07986583292946217,0.02255686505041887,0.100028857588768,0.1000380590558052
3.8399999999997987,0.06778003819063583,17.406776428222656,0.0798834837521812,0.022569056570494645,0.10004591941833496,0.10005300492048264
3.8419999999997985,0.06778004002553896,17.406213760375977,0.07989793881696418,0.022577052680209424,0.100060373544693,0.10006529092788696
3.8439999999997982,0.0677800533638948,17.406396865844727,0.07990905128782086,0.022580891314363725,0.10007203370332718,0.10007524490356445
3.845999999999798,0.06778007782435154,17.406070709228516,0.079916992257961,0.022580477613643637,0.1000811755657196,0.10008258372545242
3.847999999999798,0.0677801133246512,17.406164169311523,0.07992168230330463,0.022575830956931064,0.10008767992258072,0.10008729249238968
3.8499999999997976,0.06778015956537209,17.40596580505371,0.07992323265740645,0.022566892339953314,0.1000916063785553,0.10008992999792099
3.8519999999997974,0.06778021642978582,17.406015396118164,0.07992160375471347,0.022553672911759765,0.10009301453828812,0.10008958727121353
3.853999999999797,0.06778028367360008,17.405868530273438,0.079916870359602,0.022536137971352243,0.10009189695119858,0.10008721053600311
3.855999999999797,0.06778036116491414,17.405895233154297,0.07990901644868187,0.02251429623051162,0.10008814930915833,0.10008244961500168
3.8579999999997967,0.06778044869781813,17.405799865722656,0.07989809457125346,0.022488129944623507,0.10008205473423004,0.1000751182436943
3.8599999999997965,0.06778054613624764,17.40580940246582,0.07988410262787844,0.022457648523392618,0.10007338225841522,0.10006535053253174
3.8619999999997963,0.06778065330200715,17.40575408935547,0.07986707967582107,0.022422846435789914,0.10006225109100342,0.1000533252954483
3.863999999999796,0.0677807700609098,17.40576171875,0.07984703190431096,0.02238373538635604,0.10004865378141403,0.10003887116909027
3.865999999999796,0.06778089625549907,17.405731201171875,0.07982399024441081,0.022340318940463764,0.10003281384706497,0.10002179443836212
3.8679999999997956,0.06778103175655377,17.405746459960938,0.07979796589929956,0.022292611819703132,0.10001438111066818,0.10000203549861908
3.8699999999997954,0.06778101750025779,17.405738830566406,0.07976898499504682,0.022240624594055243,0.09999368339776993,0.09998004883527756
3.871999999999795,0.0677810146089044,17.407867431640625,0.07978397828089245,0.0221843752401523,0.10000843554735184,0.1000138372182846
3.873999999999795,0.06778102319267756,17.408254623413086,0.07979559045377509,0.02218791199660119,0.10002057254314423,0.10002398490905762
3.8759999999997947,0.0677810427783324,17.407726287841797,0.07980408102811776,0.022187334839952586,0.1000300869345665,0.10003185272216797
3.8779999999997945,0.06778107335774212,17.407913208007812,0.07980930993644546,0.022182683933617033,0.10003712028265,0.10003699362277985
3.8799999999997943,0.0677811145752551,17.40761947631836,0.07981144235753025,0.022173870792751384,0.10004153102636337,0.10003972798585892
3.881999999999794,0.06778116635755137,17.4077205657959,0.07981040305924378,0.022160917325910225,0.10004328191280365,0.10004018247127533
3.883999999999794,0.06778122842543131,17.40753936767578,0.0798062998473775,0.02214376949538741,0.10004269331693649,0.10003849118947983
3.8859999999997936,0.06778130067185957,17.40760040283203,0.0797990958421924,0.022122441012047307,0.1000395342707634,0.10003405809402466
3.8879999999997934,0.067781382868792,17.407474517822266,0.07978886391817766,0.022096901147637488,0.10003388673067093,0.10002733767032623
3.889999999999793,0.06778147489388617,17.40751075744629,0.07977558986301568,0.02206716106778124,0.10002598911523819,0.10001826286315918
3.891999999999793,0.06778157655450062,17.407432556152344,0.07975932529034999,0.022033206280287515,0.10001540929079056,0.10000697523355484
3.8939999999997927,0.06778152954620867,17.40745735168457,0.07974006940681706,0.021995048475140083,0.10000252723693848,0.09999319165945053
3.8959999999997925,0.067781494280796,17.409530639648438,0.07976476346049924,0.02195268483735748,0.10002528876066208,0.10003699362277985
3.8979999999997923,0.06778147086229906,17.409921646118164,0.07978605111782329,0.0219701802458144,0.10004515945911407,0.10005458444356918
3.899999999999792,0.06778145878169581,17.409339904785156,0.07980420639273746,0.02198360218607896,0.10006257146596909,0.10006990283727646
3.901999999999792,0.06778145802018673,17.40951919555664,0.0798190794565128,0.02199298743501847,0.10007721185684204,0.10008254647254944
3.9039999999997916,0.06778146819389586,17.409175872802734,0.07983084388603641,0.02199823555741069,0.10008946061134338,0.10009285062551498
3.9059999999997914,0.06778148921700616,17.409263610839844,0.07983941832319501,0.021999364076587768,0.10009905695915222,0.10010088980197906
3.907999999999791,0.06778152078759798,17.409053802490234,0.07984491521400972,0.021996309555312676,0.10010628402233124,0.10010629147291183
3.909999999999791,0.06778156278588991,17.409095764160156,0.0798472936123074,0.02198908094552657,0.10011071711778641,0.10010925680398941
3.9119999999997908,0.0677816149652901,17.408939361572266,0.07984662869938418,0.021977639855185867,0.10011277347803116,0.10010991245508194
3.9139999999997905,0.06778167719134141,17.408954620361328,0.07984290334183011,0.02196199265451128,0.10011237114667892,0.10010819882154465
3.9159999999997903,0.06778174925613471,17.408851623535156,0.07983616999776098,0.02194211839868151,0.10010957717895508,0.1001042053103447
3.91799999999979,0.06778183102153172,17.408851623535156,0.0798264255730571,0.021918024116368662,0.10010412335395813,0.10009776055812836
3.91999999999979,0.0677819223076919,17.40878677368164,0.07981370870131366,0.021889701407536773,0.10009654611349106,0.10008924454450607
3.9219999999997897,0.06778202297881687,17.40878677368164,0.07979802460968716,0.021857159608582654,0.1000862866640091,0.10007815808057785
3.9239999999997894,0.06778213287618368,17.408748626708984,0.07977940358191422,0.021820399643650706,0.10007385164499283,0.10006477683782578
3.925999999999789,0.06778225186939836,17.408748626708984,0.0797578558497596,0.021779433902005516,0.10005909204483032,0.10004891455173492
3.927999999999789,0.06778237981614373,17.408733367919922,0.07973340673694942,0.021734270471718827,0.10004188865423203,0.10003058612346649
3.9299999999997888,0.06778251659275798,17.40874481201172,0.07970606957848517,0.02168492503990249,0.10002230852842331,0.10000979155302048
3.9319999999997886,0.06778250522881045,17.408748626708984,0.07967586685288648,0.021631411375648547,0.10000050067901611,0.09998661279678345
3.9339999999997883,0.06778250473870714,17.41088104248047,0.0796896582846542,0.02157374844388986,0.10001417994499207,0.100018709897995
3.935999999999788,0.0677825152384915,17.411273956298828,0.07970015875283722,0.021575882866923194,0.10002532601356506,0.10002795606851578
3.937999999999788,0.06778253627034313,17.410747528076172,0.0797076281315596,0.021574018491461067,0.1000339686870575,0.10003504157066345
3.9399999999997877,0.06778256783291868,17.41093635559082,0.07971192480862581,0.021568198397344827,0.10004007071256638,0.10003972798585892
3.9419999999997875,0.06778260958310921,17.410642623901367,0.07971321392835298,0.021558334067435566,0.10004360228776932,0.10004178434610367
3.9439999999997872,0.06778266145459794,17.410747528076172,0.07971141920578241,0.021544449309024678,0.10004494339227676,0.10004150867462158
3.945999999999787,0.0677827231785951,17.410568237304688,0.07970664821757056,0.021526490210230457,0.10004366934299469,0.10003923624753952
3.947999999999787,0.06778279465489216,17.410633087158203,0.0796988633191571,0.02150447169280907,0.10003986209630966,0.10003440827131271
3.9499999999997866,0.06778287566423806,17.410512924194336,0.07968813706437713,0.0214783631620137,0.1000339686870575,0.10002738237380981
3.9519999999997864,0.0677829660907328,17.41054916381836,0.07967445464399661,0.021448176513468677,0.10002535581588745,0.10001800209283829
3.953999999999786,0.06778306574927115,17.410476684570312,0.07965786731025329,0.021413897320489057,0.10001464933156967,0.10000618547201157
3.955999999999786,0.0677830183535587,17.410503387451172,0.0796383737690403,0.021375537654609353,0.10000157356262207,0.09999214112758636
3.9579999999997857,0.06778298229002945,17.412578582763672,0.0796628419051339,0.02133309466423529,0.10002386569976807,0.10003536194562912
3.9599999999997855,0.06778295766281991,17.412986755371094,0.07968398855587863,0.021350530817185756,0.1000436469912529,0.10005289316177368
3.9619999999997852,0.06778294397670162,17.41238784790039,0.07970208732729087,0.02136401529785135,0.1000608280301094,0.10006806254386902
3.963999999999785,0.06778294121505693,17.412578582763672,0.0797169880776904,0.021373586135476214,0.10007573664188385,0.1000809594988823
3.965999999999785,0.06778294900446491,17.412227630615234,0.07972886391537452,0.0213791419157311,0.10008779168128967,0.10009125620126724
3.9679999999997846,0.06778296726232522,17.412321090698242,0.07973763319506985,0.021380700732727652,0.10009734332561493,0.10009932518005371
3.9699999999997844,0.06778299569489497,17.412105560302734,0.07974340787918786,0.021378198402860822,0.10010478645563126,0.1001049354672432
3.971999999999784,0.06778303418603761,17.41214942932129,0.07974614672006529,0.02137164400514897,0.1001095399260521,0.10010847449302673
3.973999999999784,0.06778308249575102,17.41199493408203,0.07974592441524013,0.021360998491111696,0.10011179745197296,0.10010942816734314
3.9759999999997837,0.0677831404933103,17.412010192871094,0.07974272349904826,0.02134626805863991,0.10011180490255356,0.10010810196399689
3.9779999999997835,0.06778320797626483,17.411907196044922,0.07973659594689933,0.021327431118831085,0.10010932385921478,0.10010461509227753
3.9799999999997833,0.06778328481011714,17.411909103393555,0.07972753829628126,0.021304494317286288,0.1001044437289238,0.10009866207838058
3.981999999999783,0.06778337081966103,17.411842346191406,0.07971558869508716,0.021277448581647814,0.1000974178314209,0.10009054839611053
3.983999999999783,0.0677834658725646,17.411846160888672,0.07970075196535241,0.021246302709915454,0.10008790343999863,0.10008008033037186
3.9859999999997826,0.06778356981412495,17.411806106567383,0.07968305789675006,0.021211056905763474,0.10007601231336594,0.10006747394800186
3.9879999999997824,0.06778368251721033,17.411808013916016,0.07966251628039848,0.02117172290011223,0.10006199032068253,0.1000525951385498
3.989999999999782,0.06778380384306143,17.411792755126953,0.07963915193258744,0.021128308003872453,0.10004570335149765,0.10003514587879181
3.991999999999782,0.06778393367107392,17.41180419921875,0.0796129777138139,0.021080827149034014,0.10002695024013519,0.10001526027917862
3.9939999999997817,0.06778391702718621,17.41180419921875,0.07958401557770806,0.02102929326836772,0.10000603646039963,0.0999930202960968
3.9959999999997815,0.06778391092719782,17.413925170898438,0.07959905666010268,0.020973724490532315,0.10002065449953079,0.10002602636814117
3.9979999999997813,0.067783915483922,17.41434097290039,0.07961088418577095,0.0209779777920892,0.10003295540809631,0.1000363901257515
3.999999999999781,0.06778393024921368,17.41379165649414,0.07961975743941249,0.02097834448445089,0.10004252195358276,0.10004453361034393
4.001999999999781,0.06778395522091046,17.413997650146484,0.07962553437748227,0.020974868033348405,0.1000497043132782,0.10005004703998566
4.003999999999781,0.0677839900629106,17.413686752319336,0.07962837948055758,0.020967458261671065,0.10005456209182739,0.10005351901054382
4.005999999999781,0.06778403470945886,17.413799285888672,0.07962821601730218,0.0209561387915973,0.10005700588226318,0.10005468130111694
4.007999999999781,0.0677840888970637,17.413612365722656,0.07962515087318194,0.02094085432884303,0.10005703568458557,0.10005355626344681
4.00999999999978,0.06778415252684904,17.413677215576172,0.07961914591472316,0.020921619250914784,0.10005492717027664,0.10005003958940506
4.01199999999978,0.06778422538375334,17.413551330566406,0.07961027299421064,0.02089840171469576,0.10005011409521103,0.10004445165395737
4.01399999999978,0.06778430735362635,17.413585662841797,0.07959851676357255,0.02087121283841204,0.10004330426454544,0.10003653913736343
4.01599999999978,0.06778439825482806,17.413509368896484,0.07958392776687191,0.020840037000407322,0.10003385692834854,0.10002641379833221
4.0179999999997795,0.06778449796817673,17.413532257080078,0.07956650412244001,0.020804885337120993,0.1000223383307457,0.1000140830874443
4.019999999999779,0.0677844522315369,17.413490295410156,0.07954628344925112,0.02076575381082971,0.10000864416360855,0.09999942034482956
4.021999999999779,0.06778441738544264,17.41559600830078,0.07957002967899718,0.020722655281816982,0.10003037750720978,0.10004101693630219
4.023999999999779,0.06778439350985335,17.415977478027344,0.07959055511112656,0.02073944183239643,0.10004948824644089,0.10005804151296616
4.025999999999779,0.06778438014577003,17.415420532226562,0.07960811369185125,0.020752392565769894,0.10006614774465561,0.10007302463054657
4.027999999999778,0.06778437726495824,17.41558837890625,0.079622569002824,0.020761541375492534,0.10008053481578827,0.10008541494607925
4.029999999999778,0.0677843845186903,17.415264129638672,0.07963408205664774,0.020766792069013038,0.10009218007326126,0.10009544342756271
4.031999999999778,0.06778440182001867,17.41535186767578,0.07964257927139223,0.020768160346235263,0.10010161995887756,0.10010339319705963
4.033999999999778,0.06778442889261536,17.415145874023438,0.07964816509619002,0.02076558525675618,0.10010859370231628,0.10010890662670135
4.0359999999997775,0.06778446562010162,17.415184020996094,0.07965080294511523,0.020759074457963968,0.10011329501867294,0.10011216998100281
4.037999999999777,0.0677845117752277,17.4150390625,0.0796505627792278,0.020748590851309583,0.10011564195156097,0.10011319816112518
4.039999999999777,0.06778456722925547,17.41505241394043,0.07964742975003726,0.020734139731189705,0.10011530667543411,0.1001119539141655
4.041999999999777,0.06778463178943996,17.414955139160156,0.079641452778632,0.020715700614880355,0.10011310875415802,0.10010851174592972
4.043999999999777,0.06778470532440059,17.414955139160156,0.07963262978956177,0.020693279497203117,0.10010846704244614,0.10010280460119247
4.045999999999776,0.06778478766659878,17.414894104003906,0.07962099689399188,0.020666867844122683,0.10010131448507309,0.10009495913982391
4.047999999999776,0.06778487868731481,17.41489028930664,0.07960655955895322,0.02063647390311421,0.10009206086397171,0.10008490085601807
4.049999999999776,0.06778497823811575,17.414852142333984,0.0795893461508098,0.02060209802319309,0.10008051246404648,0.10007260739803314
4.051999999999776,0.06778508619562222,17.41485595703125,0.07956936665547489,0.020563751399568668,0.10006695240736008,0.10005789250135422
4.053999999999776,0.06778520242635655,17.414840698242188,0.07954664483300612,0.02052144120772805,0.10005103051662445,0.10004103928804398
4.055999999999775,0.0677853268134191,17.41485023498535,0.07952119346258929,0.020475181812717663,0.10003286600112915,0.10002177208662033
4.057999999999775,0.0677854592353489,17.414852142333984,0.07949303365816346,0.020424985804227788,0.10001261532306671,0.1000003069639206
4.059999999999775,0.06778544673665418,17.414875030517578,0.07946218002472419,0.02037087068954712,0.0999901071190834,0.09997651726007462
4.061999999999775,0.06778544430283968,17.4169979095459,0.07947534710343514,0.02031285347840472,0.10000312328338623,0.10000740736722946
4.0639999999997745,0.0677854520537014,17.41742706298828,0.07948539548568044,0.020314671879850706,0.10001377761363983,0.10001645982265472
4.065999999999774,0.06778546955413685,17.41687774658203,0.07949258728035628,0.020312737727877745,0.10002211481332779,0.10002318024635315
4.067999999999774,0.06778549680907113,17.417095184326172,0.07949677771984785,0.020307097773409475,0.10002806037664413,0.10002763569355011
4.069999999999774,0.0677855334931529,17.41678237915039,0.07949813283339803,0.020297660941129742,0.10003165900707245,0.1000298410654068
4.071999999999774,0.06778557954745784,17.416898727416992,0.07949657422597518,0.02028445292446315,0.100032739341259,0.10003003478050232
4.073999999999773,0.06778563471748525,17.41671371459961,0.07949220959387437,0.02026741799683651,0.10003185272216797,0.10002793371677399
4.075999999999773,0.06778569891074626,17.416784286499023,0.07948499975589422,0.02024657181871978,0.10002852231264114,0.1000235453248024
4.077999999999773,0.06778577191979565,17.416664123535156,0.07947501694584241,0.020221882322309436,0.10002300143241882,0.10001716762781143
4.079999999999773,0.06778585363634743,17.416704177856445,0.07946224512174478,0.020193361381338742,0.10001511126756668,0.10000826418399811
4.0819999999997725,0.06778579164535255,17.416629791259766,0.07944673495583883,0.02016099321328489,0.1000051349401474,0.09999755769968033
4.083999999999772,0.06778574045436402,17.418739318847656,0.07947517723038354,0.020124789344366747,0.10003045946359634,0.1000443771481514
4.085999999999772,0.06778570012232896,17.419092178344727,0.07950045776214333,0.02014852104520845,0.10005353391170502,0.10006522387266159
4.087999999999772,0.0677856701957558,17.418537139892578,0.07952282524782886,0.0201685375852783,0.10007406771183014,0.10008375346660614
4.089999999999772,0.06778565063166196,17.418691635131836,0.07954214788973098,0.020184867431074987,0.10009225457906723,0.10010013729333878
4.091999999999771,0.06778564108264878,17.418357849121094,0.07955858326888554,0.02019741085945652,0.10010775923728943,0.10011395066976547
4.093999999999771,0.06778564145108314,17.418434143066406,0.07957206038957747,0.020206178937570766,0.10012128949165344,0.10012553632259369
4.095999999999771,0.06778565145975302,17.418216705322266,0.07958268131725084,0.0202111073109291,0.1001322939991951,0.10013511776924133
4.097999999999771,0.06778567098432813,17.418237686157227,0.07959041074321527,0.02021219957861979,0.10014090687036514,0.10014230757951736
4.0999999999997705,0.06778569979563238,17.418081283569336,0.07959531683314866,0.020209415385748056,0.10014726966619492,0.10014719516038895
4.10199999999977,0.06778573775889794,17.418081283569336,0.07959738516397542,0.02020275639060161,0.10015127807855606,0.10015013813972473
4.10399999999977,0.06778578467909992,17.41797637939453,0.07959666317826304,0.02019219900235964,0.10015315562486649,0.10015054047107697
4.10599999999977,0.06778584042024446,17.41796112060547,0.07959314866421804,0.0201777458944026,0.10015260428190231,0.10014907270669937
4.10799999999977,0.06778590481255357,17.417888641357422,0.07958687641333898,0.02015938556240147,0.1001499742269516,0.10014553368091583
4.109999999999769,0.06778597772378887,17.41787338256836,0.07957785138016188,0.020137123169678854,0.10014502704143524,0.10013935714960098
4.111999999999769,0.0677860590035345,17.417823791503906,0.07956610068019707,0.020110956217251463,0.10013771802186966,0.10013137012720108
4.113999999999769,0.06778614852577271,17.41781234741211,0.07955163353070953,0.020080892996773465,0.10012834519147873,0.10012128204107285
4.115999999999769,0.06778624615541193,17.417783737182617,0.07953447246004565,0.02004693794092242,0.10011666268110275,0.10010900348424911
4.1179999999997685,0.06778635177364412,17.417781829833984,0.07951462930113812,0.02000910264957582,0.10010305047035217,0.10009422898292542
4.119999999999768,0.06778646525780964,17.417770385742188,0.07949212392938268,0.01996739705804876,0.10008703917264938,0.1000775545835495
4.121999999999768,0.06778658649645358,17.417781829833984,0.07946696987808462,0.01992183601497942,0.100069060921669,0.10005845129489899
4.123999999999768,0.06778671537718271,17.41778564453125,0.07943918559266018,0.01987243394876366,0.10004906356334686,0.10003703087568283
4.125999999999768,0.06778685179557147,17.417804718017578,0.0794087858131127,0.01981920878301927,0.1000266820192337,0.10001365840435028
4.127999999999767,0.06778684494982369,17.41782569885254,0.07937578833624206,0.019762178707928513,0.10000245273113251,0.09998808801174164
4.129999999999767,0.06778684764931507,17.419963836669922,0.07938683093977833,0.019701364503646294,0.10001370310783386,0.10001669824123383
4.131999999999767,0.06778686001720388,17.420398712158203,0.07939484919536108,0.01970039654527493,0.10002262890338898,0.10002400726079941
4.133999999999767,0.06778688163966673,17.41986083984375,0.07940010257370982,0.019695796445281123,0.10002915561199188,0.10002947598695755
4.1359999999997665,0.06778691252754121,17.420082092285156,0.07940244736711245,0.019687613162013784,0.10003361105918884,0.10003238916397095
4.137999999999766,0.0677869523721173,17.419776916503906,0.07940204784517609,0.019675756817298294,0.10003563016653061,0.1000332459807396
4.139999999999766,0.06778700112148985,17.419898986816406,0.07939882619347369,0.019660254709442493,0.10003535449504852,0.10003207623958588
4.141999999999766,0.06778705853452595,17.419719696044922,0.07939288891757196,0.019641052107887465,0.10003302991390228,0.10002870857715607
4.143999999999766,0.06778712452603246,17.419795989990234,0.0793841971232236,0.019618165833882796,0.10002842545509338,0.10002322494983673
4.145999999999765,0.06778719889955309,17.419681549072266,0.07937282221987058,0.01959156460091312,0.10002156347036362,0.10001562535762787
4.147999999999765,0.0677872815539144,17.419727325439453,0.07935874827170815,0.019561261103747802,0.10001274943351746,0.1000058650970459
4.149999999999765,0.0677872221168562,17.419658660888672,0.07934202536006094,0.019527240133912944,0.1000017523765564,0.09999407082796097
4.151999999999765,0.06778717304357047,17.421775817871094,0.07936926763742701,0.01948951377019121,0.10002611577510834,0.10003891587257385
4.1539999999997645,0.06778713439556522,17.422134399414062,0.07939343765225651,0.019511741625766386,0.1000480130314827,0.100058913230896
4.155999999999764,0.06778710573442392,17.421585083007812,0.0794147839841563,0.01953038438266224,0.1000676229596138,0.10007661581039429
4.157999999999764,0.0677870870213135,17.421741485595703,0.07943317459590492,0.019545472047883244,0.10008503496646881,0.10009223222732544
4.159999999999764,0.06778707792048909,17.42140769958496,0.07944876685736386,0.019556904343981427,0.10009992867708206,0.10010553151369095
4.161999999999764,0.0677870783391188,17.421485900878906,0.07946148959542831,0.01956469321075193,0.10011260956525803,0.10011662542819977
4.1639999999997634,0.0677870880092445,17.421268463134766,0.07947144462541919,0.01956877392614765,0.10012295842170715,0.10012565553188324
4.165999999999763,0.06778710681145933,17.421295166015625,0.07947859647123783,0.01956915051955238,0.10013119876384735,0.1001323014497757
4.167999999999763,0.06778713452411225,17.421144485473633,0.07948301303103905,0.0195657823250146,0.1001371443271637,0.10013702511787415
4.169999999999763,0.06778717101720218,17.421142578125,0.07948467969915443,0.019558671126535,0.10014090687036514,0.10013950616121292
4.171999999999763,0.06778721610195507,17.42104148864746,0.07948364363896572,0.019547793009274835,0.10014232993125916,0.10013984888792038
4.173999999999762,0.06778726964684943,17.42102813720703,0.07947990242928848,0.019533150553208666,0.10014164447784424,0.10013806074857712
4.175999999999762,0.06778733148739849,17.420955657958984,0.07947349056971624,0.019514731881791182,0.10013854503631592,0.1001342386007309
4.177999999999762,0.06778740149549059,17.420942306518555,0.07946441277360043,0.019492541899870763,0.10013359785079956,0.1001284196972847
4.179999999999762,0.06778747952526497,17.420894622802734,0.0794526958483784,0.019466577671775592,0.10012631863355637,0.1001204326748848
4.1819999999997615,0.06778756545448215,17.420886993408203,0.07943834873645432,0.01943684710061183,0.10011723637580872,0.10011023283004761
4.183999999999761,0.06778765915203121,17.420856475830078,0.07942139363811385,0.019403354111870524,0.10010552406311035,0.10009808838367462
4.185999999999761,0.06778776050255729,17.420856475830078,0.0794018420772649,0.019366109810091542,0.10009204596281052,0.10008387267589569
4.187999999999761,0.06778786938692824,17.42084503173828,0.07937971357789414,0.01932512355221715,0.10007647424936295,0.10006734728813171
4.189999999999761,0.06778798569685134,17.420852661132812,0.07935502133021316,0.01928040960072187,0.10005886852741241,0.10004854947328568
4.19199999999976,0.06778810932310364,17.420860290527344,0.07932778340223555,0.01923198173635134,0.10003906488418579,0.10002770274877548
4.19399999999976,0.06778824016416933,17.42087745666504,0.07929801415712573,0.019179857217034326,0.10001729428768158,0.10000483691692352
4.19599999999976,0.06778822937195131,17.4208984375,0.07926573098635949,0.019124053519049947,0.09999360889196396,0.09997987002134323
4.19799999999976,0.0677882278006222,17.42304039001465,0.0792774963686631,0.019064590685592995,0.10000524669885635,0.10000865906476974
4.1999999999997595,0.06778823556925638,17.423471450805664,0.07928632108676661,0.01906499667723114,0.1000148206949234,0.10001667588949203
4.201999999999759,0.06778825227398878,17.422931671142578,0.07929246413349074,0.01906189329341058,0.10002215206623077,0.10002273321151733
4.203999999999759,0.06778827792425487,17.423152923583984,0.07929578145875467,0.01905533000049303,0.10002707690000534,0.10002656280994415
4.205999999999759,0.06778831221844017,17.422847747802734,0.07929643677241131,0.019045215382716446,0.10003013163805008,0.10002821683883667
4.207999999999759,0.06778835510477986,17.422964096069336,0.0792943519018349,0.01903157666971485,0.10003069788217545,0.1000279113650322
4.209999999999758,0.06778840634741078,17.42278289794922,0.07928963275903313,0.019014357868229123,0.10002915561199188,0.10002566874027252
4.211999999999758,0.06778846586214685,17.422855377197266,0.07928224004709028,0.01899357536727329,0.10002566874027252,0.10002113878726959
4.213999999999758,0.06778853345662716,17.422740936279297,0.07927224456591372,0.018969196747351213,0.10001998394727707,0.1000145971775055
4.215999999999758,0.0677886090311583,17.42278289794922,0.07925962992444793,0.01894123403378331,0.10001207143068314,0.1000061184167862
4.2179999999997575,0.06778854419523556,17.422712326049805,0.07924444558271886,0.018909670933510616,0.10000230371952057,0.09999539703130722
4.219999999999757,0.06778848942298919,17.42483139038086,0.07927323482739014,0.018874518694067463,0.10002797096967697,0.1000417098402977
4.221999999999757,0.06778844477186549,17.42518424987793,0.07929903080806668,0.018899345320276446,0.10005127638578415,0.10006298124790192
4.223999999999757,0.0677884098121969,17.42462921142578,0.07932208147858676,0.01892070088637846,0.10007207840681076,0.10008206218481064
4.225999999999757,0.06778838450359403,17.42478370666504,0.07934225430163426,0.018938615630170758,0.10009083151817322,0.10009902715682983
4.227999999999756,0.06778836851650057,17.42444610595703,0.07935970593996482,0.018952987575358054,0.10010706633329391,0.10011371970176697
4.229999999999756,0.0677883617579927,17.424518585205078,0.07937436470531237,0.018963828342578735,0.10012151300907135,0.10012635588645935
4.231999999999756,0.06778836396469307,17.424297332763672,0.0793863316725933,0.01897107176623149,0.10013335943222046,0.10013676434755325
4.233999999999756,0.06778837501795065,17.424318313598633,0.07939557080835079,0.01897472121066335,0.10014308243989944,0.10014519840478897
4.2359999999997555,0.06778839469968603,17.424165725708008,0.07940214925535351,0.0189747346863817,0.10015072673559189,0.1001516580581665
4.237999999999755,0.06778842288113637,17.42416000366211,0.07940605180110645,0.0189711130877326,0.10015614330768585,0.10015581548213959
4.239999999999755,0.06778845937646243,17.424053192138672,0.07940732484348677,0.018963831221170863,0.10015933215618134,0.10015787184238434
4.241999999999755,0.0677885040556552,17.42403793334961,0.0794059653062401,0.018952890624976466,0.10016046464443207,0.10015804320573807
4.243999999999755,0.0677885567567632,17.423961639404297,0.07940200691274342,0.0189382781477312,0.10015950351953506,0.10015612840652466
4.245999999999754,0.06778861735334271,17.42394256591797,0.07939545367728926,0.018919997544444473,0.10015629976987839,0.10015217959880829
4.247999999999754,0.06778868570181774,17.42388916015625,0.07938633161808359,0.018898044586685977,0.10015098005533218,0.10014620423316956
4.249999999999754,0.067788761681708,17.423873901367188,0.0793746489393119,0.018872425946517023,0.1001439169049263,0.10013826191425323
4.251999999999754,0.06778884516403443,17.423843383789062,0.07936042703661367,0.01884314422785054,0.1001344546675682,0.10012803226709366
4.2539999999997535,0.06778893603525817,17.4238338470459,0.07934367666093423,0.018810209239839996,0.10012321919202805,0.10011604428291321
4.255999999999753,0.06778903417829064,17.423818588256836,0.07932441651429536,0.01877362898404106,0.10010984539985657,0.10010192543268204
4.257999999999753,0.06778913948669575,17.42382049560547,0.07930265898291292,0.01873341637404124,0.10009447485208511,0.10008562356233597
4.259999999999753,0.06778925185324788,17.42382049560547,0.07927842129423995,0.018689583799627554,0.1000770553946495,0.10006723552942276
4.261999999999753,0.06778937117832144,17.423831939697266,0.0792517169794158,0.01864214712355083,0.10005762428045273,0.10004687309265137
4.263999999999752,0.0677894973629713,17.423847198486328,0.07922256257005368,0.01859112239549009,0.10003631561994553,0.1000242829322815
4.265999999999752,0.06778948366344292,17.423870086669922,0.07919097249056252,0.01853652822216632,0.10001303255558014,0.09999976307153702
4.267999999999752,0.06778947882129728,17.426013946533203,0.07920344459738451,0.01847838377458568,0.10002521425485611,0.10002874583005905
4.269999999999752,0.0677894829563269,17.42644500732422,0.07921305413875573,0.018480131868563048,0.10003513842821121,0.10003744065761566
4.2719999999997516,0.06778949567623166,17.425899505615234,0.0792200603704968,0.018478478817111683,0.10004324465990067,0.10004405677318573
4.273999999999751,0.06778951699287154,17.42612648010254,0.07922431798284126,0.018473475453060852,0.10004892200231552,0.10004867613315582
4.275999999999751,0.06778954661358322,17.42581558227539,0.07922599054043915,0.018465028995818845,0.10005251318216324,0.1000511646270752
4.277999999999751,0.0677895844898772,17.425931930541992,0.07922499893886817,0.01845316723985386,0.10005389899015427,0.10005165636539459
4.279999999999751,0.06778963039306238,17.425748825073242,0.07922144872665618,0.01843783314357932,0.10005321353673935,0.10005015879869461
4.2819999999997505,0.06778968424258468,17.425819396972656,0.07921529984653101,0.018419043146263924,0.10005058348178864,0.10004664212465286
4.28399999999975,0.06778974585201689,17.425703048706055,0.07920662261730588,0.018396763919979468,0.10004585236310959,0.10004109889268875
4.28599999999975,0.06778981512537524,17.425743103027344,0.07919539997241577,0.018371007199488018,0.10003910958766937,0.10003357380628586
4.28799999999975,0.06778989190513639,17.42567253112793,0.07918168082530878,0.018341755825980983,0.1000303104519844,0.10002410411834717
4.28999999999975,0.06778997608950994,17.425697326660156,0.07916546164639648,0.018309020522069827,0.10001939535140991,0.10001256316900253
4.291999999999749,0.06778992145160684,17.4256591796875,0.07914677836371882,0.018272795502689055,0.10000669956207275,0.09999897330999374
4.293999999999749,0.06778987628023697,17.427776336669922,0.07917210229616925,0.018233092447889378,0.10002927482128143,0.10004054009914398
4.295999999999749,0.06778984064878327,17.42815589904785,0.07919453791326546,0.01825336476219301,0.10004981607198715,0.10005918145179749
4.297999999999749,0.06778981414450863,17.427597045898438,0.07921433723311562,0.018270284246188654,0.10006804764270782,0.10007580369710922
4.2999999999997485,0.06778979674159219,17.427772521972656,0.07923136258330406,0.018283887775256094,0.10008406639099121,0.10009032487869263
4.301999999999748,0.06778978812557163,17.427433013916016,0.0792457728180218,0.018294074172402933,0.10009784996509552,0.10010287910699844
4.303999999999748,0.06778978821672449,17.427513122558594,0.07925749306265674,0.01830085975155425,0.10010976344347,0.10011305660009384
4.305999999999748,0.06778979676505299,17.42729949951172,0.07926662553582701,0.018304179508284155,0.10011927783489227,0.1001213788986206
4.307999999999748,0.06778981366377991,17.42733383178711,0.07927313220934286,0.01830404019293264,0.10012678802013397,0.10012760758399963
4.309999999999747,0.0677898387066427,17.427188873291016,0.0792770807922333,0.01830040104551423,0.10013210773468018,0.10013201087713242
4.311999999999747,0.0677898717754963,17.42719268798828,0.0792784548098815,0.018293265440243508,0.10013535618782043,0.10013413429260254
4.313999999999747,0.06778991269491554,17.427093505859375,0.07927730091357847,0.01828260933044657,0.10013676434755325,0.10013438761234283
4.315999999999747,0.06778996134434546,17.42708396911621,0.07927361521687964,0.018268436085562032,0.10013602674007416,0.10013275593519211
4.3179999999997465,0.06779001757100306,17.427013397216797,0.07926743152979718,0.018250733547659204,0.1001330241560936,0.10012918710708618
4.319999999999746,0.06779008125683822,17.427001953125,0.07925875333488454,0.018229506823013424,0.10012807697057724,0.10012349486351013
4.321999999999746,0.06779015226634715,17.426956176757812,0.07924760664855374,0.018204752496632625,0.1001213937997818,0.10011591762304306
4.323999999999746,0.06779023048649083,17.42694854736328,0.07923399931308467,0.018176478225406207,0.1001124307513237,0.10010641068220139
4.325999999999746,0.06779031579540404,17.42691993713379,0.07921795267402418,0.018144687243278824,0.10010179877281189,0.10009502619504929
4.327999999999745,0.06779040808614259,17.426918029785156,0.07919947722120642,0.018109390056047007,0.1000889465212822,0.10008161514997482
4.329999999999745,0.06779050724789931,17.426910400390625,0.07917859157720541,0.01807059512006171,0.10007423907518387,0.10006590932607651
4.331999999999745,0.06779061318008887,17.426916122436523,0.0791553079232932,0.01802831581278825,0.10005749762058258,0.10004840791225433
4.333999999999745,0.0677907257810475,17.426921844482422,0.07912964338563096,0.017982564816707847,0.10003887116909027,0.10002881288528442
4.3359999999997445,0.06779084495635283,17.426937103271484,0.07910161131720905,0.017933358265942105,0.1000184491276741,0.10000738501548767
4.337999999999744,0.06779082587245264,17.426952362060547,0.07907122812811385,0.017880712355326386,0.09999612718820572,0.09998385608196259
4.339999999999744,0.06779081536273938,17.429100036621094,0.07908491234271736,0.017824645800386184,0.10000929236412048,0.10001353174448013
4.341999999999744,0.06779081353963308,17.42953109741211,0.07909581826495465,0.017828496112488493,0.1000204011797905,0.10002324730157852
4.343999999999744,0.0677908200205061,17.428985595703125,0.07910420366886489,0.017829071640556363,0.1000293716788292,0.10003112256526947
4.345999999999743,0.06779083481337028,17.42920684814453,0.07910992374915066,0.01782642288674038,0.1000361368060112,0.10003673285245895
4.347999999999743,0.0677908576320068,17.428890228271484,0.07911314089481156,0.017820455439496015,0.10004086792469025,0.10004037618637085
4.349999999999743,0.06779088842617954,17.42900276184082,0.07911377613462922,0.017811196399367162,0.10004377365112305,0.10004214197397232
4.351999999999743,0.067790926971665,17.428817749023438,0.07911193403445194,0.017798587292820127,0.1000443771481514,0.1000419333577156
4.3539999999997425,0.06779097318741555,17.428882598876953,0.07910757440701832,0.01778264364177809,0.10004327446222305,0.10003994405269623
4.355999999999742,0.06779102689026258,17.42876434326172,0.0791007667038443,0.017763330780428847,0.10003989189863205,0.10003587603569031
4.357999999999742,0.06779108798448295,17.428802490234375,0.07909149354038122,0.017740659382921863,0.1000346913933754,0.10002996027469635
4.359999999999742,0.06779115631507841,17.428726196289062,0.07907980302619842,0.017714610987885942,0.10002732276916504,0.10002214461565018
4.361999999999742,0.06779123178097772,17.428747177124023,0.07906569117745418,0.017685195159974177,0.10001824796199799,0.10001228749752045
4.363999999999741,0.06779131424729128,17.42870330810547,0.07904919314765749,0.01765240481427178,0.10000716894865036,0.10000049322843552
4.365999999999741,0.06779125951004698,17.428720474243164,0.07903031285359509,0.017616250401859518,0.09999415278434753,0.09998667240142822
4.367999999999741,0.06779121383499086,17.430816650390625,0.07905546582253305,0.017576733098872952,0.10001664608716965,0.10002761334180832
4.369999999999741,0.06779117731249606,17.431230545043945,0.07907781640594085,0.0175972070105326,0.10003690421581268,0.10004616528749466
4.3719999999997405,0.0677911495295806,17.430641174316406,0.0790976299698914,0.017614446166023177,0.10005512088537216,0.10006294399499893
4.37399999999974,0.06779113047281331,17.430835723876953,0.0791147570432426,0.0176284946862496,0.1000712439417839,0.10007743537425995
4.37599999999974,0.06779111982981126,17.430477142333984,0.07912936414063072,0.017639246961027654,0.10008515417575836,0.10009018331766129
4.37799999999974,0.06779111753028555,17.430564880371094,0.0791413691290313,0.017646723597516387,0.10009703785181046,0.10010067373514175
4.37999999999974,0.06779112332747574,17.430343627929688,0.07915087852359441,0.017650856898098175,0.10010701417922974,0.1001092717051506
4.381999999999739,0.06779113712208715,17.430381774902344,0.0791578497419448,0.017651656073284113,0.1001148596405983,0.10011599957942963
4.383999999999739,0.06779115871158906,17.430233001708984,0.07916235279969933,0.017649078634532092,0.10012069344520569,0.10012073069810867
4.385999999999739,0.06779118798398921,17.430240631103516,0.07916436827765684,0.01764312926059125,0.10012439638376236,0.10012349486351013
4.387999999999739,0.06779122476772405,17.430137634277344,0.07916394395515114,0.017633782689504343,0.10012609511613846,0.1001243069767952
4.3899999999997386,0.0677912689474548,17.430130004882812,0.07916107395733087,0.01762104285180756,0.10012584924697876,0.10012323409318924
4.391999999999738,0.0677913203741957,17.43006134033203,0.07915579252208213,0.017604896627259392,0.1001238152384758,0.10012035071849823
4.393999999999738,0.06779137893443032,17.4300479888916,0.07914810170903477,0.017585349192426606,0.10011976957321167,0.10011540353298187
4.395999999999738,0.06779144449629709,17.43000030517578,0.07913802754374413,0.017562396274878954,0.10011359304189682,0.10010869055986404
4.397999999999738,0.06779151695077829,17.429988861083984,0.07912557677696452,0.017536045267318563,0.10010549426078796,0.10010011494159698
4.3999999999997375,0.06779159617945872,17.429962158203125,0.07911077050977994,0.017506298568558606,0.10009569674730301,0.10008958727121353
4.401999999999737,0.06779168207902386,17.42995834350586,0.07909361833129637,0.01747316618367377,0.10008390992879868,0.10007727891206741
4.403999999999737,0.06779177454191884,17.429946899414062,0.07907413846257054,0.017436655711618034,0.10007034242153168,0.10006283968687057
4.405999999999737,0.06779187347088235,17.429950714111328,0.07905234229024122,0.01739677985493712,0.10005482286214828,0.10004649311304092
4.407999999999737,0.0677919787673181,17.429950714111328,0.0790282464381211,0.017353550393673266,0.10003729164600372,0.10002819448709488
4.409999999999736,0.06779209033988529,17.429964065551758,0.07900186351946828,0.017306982653278624,0.10001827776432037,0.1000080481171608
4.411999999999736,0.06779206536074067,17.42997932434082,0.07897320937376867,0.01725709187064914,0.0999971553683281,0.09998608380556107
4.413999999999736,0.06779204865629103,17.43212890625,0.0789886314260607,0.017203895845742667,0.10001172870397568,0.10001678019762039
4.415999999999736,0.06779204033487546,17.432552337646484,0.07900135464148877,0.01721064251428994,0.10002408176660538,0.10002800822257996
4.4179999999997355,0.06779204002399179,17.432003021240234,0.07901163599016237,0.017214227652147505,0.10003459453582764,0.1000370979309082
4.419999999999735,0.06779204773035549,17.432220458984375,0.07901933017811469,0.01721470198711832,0.10004285722970963,0.10004426538944244
4.421999999999735,0.067792063174999,17.431901931762695,0.07902459875497796,0.017211969381266668,0.10004919022321701,0.10004962235689163
4.423999999999735,0.06779208630799315,17.432010650634766,0.07902736222465688,0.017206056598456306,0.10005372762680054,0.10005310922861099
4.425999999999735,0.0677921169105522,17.431819915771484,0.07902772431158042,0.017196903695039397,0.10005604475736618,0.10005442798137665
4.427999999999734,0.06779215490284075,17.431884765625,0.07902564424897089,0.017184525502588973,0.10005643963813782,0.10005421936511993
4.429999999999734,0.06779220010597468,17.431760787963867,0.07902119065324772,0.017168886003349527,0.10005513578653336,0.10005192458629608
4.431999999999734,0.0677922524259406,17.431793212890625,0.07901434550390253,0.017149994951114717,0.10005167871713638,0.10004778206348419
4.433999999999734,0.0677923117112854,17.431713104248047,0.07900515607987388,0.01712783257441212,0.10004643350839615,0.10004182904958725
4.4359999999997335,0.0677923778629098,17.43172836303711,0.07899361770949277,0.01710240736144123,0.10003910958766937,0.10003405809402466
4.437999999999733,0.06779245074899072,17.431682586669922,0.07897976471497216,0.017073710917744952,0.10003022849559784,0.10002444684505463
4.439999999999733,0.06779253027045191,17.431692123413086,0.07896360027965742,0.017041752506554455,0.1000191792845726,0.10001299530267715
4.441999999999733,0.06779247429753235,17.431663513183594,0.078945150894993,0.01700653197345111,0.1000063568353653,0.09999951720237732
4.443999999999733,0.06779242700680536,17.433788299560547,0.07897074316780989,0.016968060378836455,0.10002932697534561,0.10004030913114548
4.445999999999732,0.06779238847562519,17.434173583984375,0.07899362489001224,0.016989594899539794,0.10004985332489014,0.1000591441988945
4.447999999999732,0.06779235831570732,17.433609008789062,0.07901404933000693,0.017008005793307867,0.10006841272115707,0.1000763326883316
4.449999999999732,0.06779233650831702,17.433792114257812,0.07903187478879975,0.017023334637908304,0.10008513182401657,0.10009144991636276
4.451999999999732,0.06779232275835909,17.433448791503906,0.07904726018828616,0.017035478615222817,0.10009952634572983,0.10010451823472977
4.4539999999997315,0.06779231699464441,17.433523178100586,0.07906012781889304,0.01704445669947328,0.1001119315624237,0.10011597722768784
4.455999999999731,0.06779231898299769,17.433313369750977,0.07907057933722388,0.017050202771183784,0.10012241452932358,0.1001252606511116
4.457999999999731,0.06779232862565626,17.43334197998047,0.07907857456927177,0.01705272489537453,0.100131094455719,0.10013265907764435
4.459999999999731,0.0677923457296361,17.43320083618164,0.07908418033132728,0.01705198136050888,0.10013756155967712,0.10013822466135025
4.461999999999731,0.06779237018575274,17.433202743530273,0.07908737839929322,0.017047975939263636,0.10014230757951736,0.10014183819293976
4.46399999999973,0.0677924018299819,17.433101654052734,0.07908821435898587,0.01704068360622273,0.10014481842517853,0.10014364123344421
4.46599999999973,0.0677924405503941,17.433090209960938,0.0790866827987354,0.01703010748225055,0.10014557838439941,0.10014347732067108
4.46799999999973,0.06779248620418411,17.43301773071289,0.07908281637092472,0.017016234309314242,0.10014460235834122,0.10014154016971588
4.46999999999973,0.06779253868146702,17.433002471923828,0.0790766171548348,0.016999068470311896,0.10014145821332932,0.10013805329799652
4.4719999999997295,0.06779259785561244,17.432954788208008,0.07906810995588381,0.016978605287829587,0.10013653337955475,0.10013251006603241
4.473999999999729,0.06779266362124804,17.432941436767578,0.0790573012733159,0.016954851333479792,0.10012991726398468,0.10012498497962952
4.475999999999729,0.06779273586450922,17.432910919189453,0.07904421120508902,0.01692780840402424,0.10012129694223404,0.10011587291955948
4.477999999999729,0.06779281448563308,17.432903289794922,0.07902884892034925,0.01689748563414589,0.10011089593172073,0.10010489076375961
4.479999999999729,0.0677928993811153,17.43288803100586,0.07901123176308875,0.016863889870394336,0.10009848326444626,0.10009196400642395
4.481999999999728,0.06779299045710258,17.43288803100586,0.07899137059252076,0.01682703288605238,0.10008437186479568,0.10007715225219727
4.483999999999728,0.06779308761867155,17.432884216308594,0.07896928122553315,0.016786925590172468,0.1000686064362526,0.1000606045126915
4.485999999999728,0.06779319077773366,17.43289566040039,0.07894497567655001,0.016743582317348373,0.1000509262084961,0.1000419482588768
4.487999999999728,0.06779329984656988,17.432907104492188,0.07891846901378506,0.016697017337000367,0.10003161430358887,0.10002173483371735
4.4899999999997275,0.06779327409929886,17.43292808532715,0.07888977412571332,0.016647247397544283,0.10001041740179062,0.09999950975179672
4.491999999999727,0.06779325625021271,17.43508529663086,0.07890516952723312,0.016594289616479744,0.10002484917640686,0.10002979636192322
4.493999999999727,0.06779324640898474,17.435514450073242,0.07891794917038851,0.01660129815871344,0.10003716498613358,0.10004086792469025
4.495999999999727,0.06779324421620884,17.434965133666992,0.0789283704743287,0.016605262263759368,0.10004746168851852,0.10005013644695282
4.497999999999727,0.06779324968169427,17.4351863861084,0.07893628698021266,0.01660623429308479,0.10005608201026917,0.10005757212638855
4.499999999999726,0.06779326253660808,17.434864044189453,0.07894186025984132,0.01660411696445832,0.10006250441074371,0.10006313025951385
4.501999999999726,0.06779328273494305,17.43497085571289,0.07894500999588415,0.01659893785163562,0.1000671535730362,0.10006681084632874
4.503999999999726,0.06779331006601266,17.434783935546875,0.07894583970443408,0.016590636181280524,0.10006973892450333,0.1000685840845108
4.505999999999726,0.06779334445419802,17.434844970703125,0.07894430797770988,0.016579227063735887,0.10007066279649734,0.10006871819496155
4.507999999999726,0.06779338572727905,17.434722900390625,0.07894048309763933,0.016564673785756538,0.1000695675611496,0.10006669908761978
4.509999999999725,0.0677934337954587,17.434755325317383,0.07893434649190037,0.0165469860259389,0.10006669163703918,0.100063256919384
4.511999999999725,0.06779348851290792,17.434675216674805,0.07892594503299295,0.016526143352617755,0.1000618040561676,0.10005771368741989
4.513999999999725,0.06779354978459336,17.434688568115234,0.07891527353592158,0.016502153933403048,0.10005533695220947,0.10005073249340057
4.515999999999725,0.06779361748354366,17.43463897705078,0.07890236587176973,0.01647500869645744,0.10004697740077972,0.10004172474145889
4.5179999999997245,0.06779369151452858,17.434646606445312,0.0788872247207821,0.01644471640666775,0.10003673285245895,0.10003098845481873
4.519999999999724,0.06779377176461886,17.434619903564453,0.07886987609162509,0.016411276188691006,0.10002481192350388,0.10001849383115768
4.521999999999724,0.06779385814109345,17.434627532958984,0.0788503273270003,0.016374698469839803,0.10001106560230255,0.10000409185886383
4.523999999999724,0.06779381060458735,17.434619903564453,0.0788285997331714,0.016334988499427917,0.0999956950545311,0.09998777508735657
4.525999999999724,0.06779377122153497,17.43675994873047,0.07885093750645293,0.01629215884261796,0.1000155657529831,0.10002444684505463
4.527999999999723,0.06779374007712764,17.437162399291992,0.07887067030222748,0.016309340102126136,0.10003361850976944,0.10004092007875443
4.529999999999723,0.06779371680181547,17.436601638793945,0.07888805258658461,0.016323532935209845,0.10004962235689163,0.10005588084459305
4.531999999999723,0.06779370138566643,17.436798095703125,0.0789029407279814,0.01633478317473372,0.10006379336118698,0.1000686064362526
4.533999999999723,0.06779369354886843,17.436460494995117,0.07891549422277015,0.016342988727347026,0.10007591545581818,0.10007967799901962
4.5359999999997225,0.0677936932291502,17.436542510986328,0.0789256341848557,0.01634817157753285,0.10008610039949417,0.1000887081027031
4.537999999999722,0.06779370020502785,17.43634033203125,0.07893346252076906,0.016350266493362697,0.1000944972038269,0.10009609162807465
4.539999999999722,0.0677937143873036,17.43638038635254,0.07893893833260221,0.016349283703751348,0.10010114312171936,0.10010157525539398
4.541999999999722,0.06779373559368414,17.436241149902344,0.07894212852192957,0.016345182369666075,0.10010557621717453,0.10010520368814468
4.543999999999722,0.06779376372295665,17.43625259399414,0.07894301441128257,0.01633796783162772,0.1001083254814148,0.1001070886850357
4.545999999999721,0.06779379862020533,17.4361572265625,0.07894164158977428,0.016327615833553497,0.10010910779237747,0.10010724514722824
4.547999999999721,0.06779384018078197,17.436155319213867,0.07893800435211441,0.016314130628673,0.10010816901922226,0.10010544955730438
4.549999999999721,0.06779388826971332,17.43608856201172,0.07893213531231957,0.016297499586613938,0.10010532289743423,0.10010208934545517
4.551999999999721,0.06779394278368771,17.436079025268555,0.07892403634726824,0.016277727892702196,0.10010076314210892,0.10009701550006866
4.5539999999997205,0.06779400360286014,17.43603515625,0.07891373219997314,0.016254811343685036,0.10009440034627914,0.10009000450372696
4.55599999999972,0.06779407062775573,17.43602752685547,0.07890122921525113,0.01622875705492229,0.10008616000413895,0.10008132457733154
4.55799999999972,0.06779414375042758,17.435998916625977,0.07888654741047652,0.01619956714567166,0.10007637739181519,0.10007085651159286
4.55999999999972,0.0677942228763881,17.435997009277344,0.07886969582045336,0.01616725108517208,0.1000647321343422,0.10005860030651093
4.56199999999972,0.0677943079073277,17.435985565185547,0.0788506916905184,0.01613181589903638,0.10005144029855728,0.1000446230173111
4.563999999999719,0.06779439875411071,17.435989379882812,0.07882954574722513,0.016093273521262223,0.10003624111413956,0.100028857588768
4.565999999999719,0.0677944953264042,17.435993194580078,0.07880627368831705,0.016051634907208175,0.10001946985721588,0.10001113265752792
4.567999999999719,0.06779445878619773,17.43600845336914,0.07878088738482997,0.016006914404266222,0.10000083595514297,0.09999183565378189
4.569999999999719,0.06779442997199292,17.438159942626953,0.07879959343772401,0.01595912620645612,0.10001806914806366,0.10002457350492477
4.5719999999997185,0.06779440898344677,17.438583374023438,0.07881575801839634,0.015971336767580616,0.10003305971622467,0.10003827512264252
4.573999999999718,0.06779439546538932,17.43802261352539,0.07882963821751819,0.01598061829808977,0.10004616528749466,0.10005026310682297
4.575999999999718,0.06779438942101332,17.438236236572266,0.07884108688281702,0.01598702220829024,0.10005746781826019,0.10006053745746613
4.577999999999718,0.0677943905834897,17.437904357910156,0.0788502649790996,0.015990448165213753,0.10006681084632874,0.10006873309612274
4.579999999999718,0.06779439890237808,17.43799591064453,0.07885709148898438,0.015990922334388317,0.1000744104385376,0.10007534921169281
4.581999999999717,0.0677944141677985,17.437803268432617,0.07886166915904134,0.015988381336682192,0.10008005797863007,0.10008013248443604
4.583999999999717,0.06779443630114898,17.43785858154297,0.07886395582791889,0.015982838620850787,0.10008365660905838,0.10008309781551361
4.585999999999717,0.06779446513043416,17.437726974487305,0.07886401890651383,0.015974255131119094,0.10008575767278671,0.10008438676595688
4.587999999999717,0.06779450056387777,17.437747955322266,0.07886183900096182,0.015962638745542455,0.10008594393730164,0.10008380562067032
4.5899999999997165,0.06779454245565694,17.437660217285156,0.07885746204364052,0.01594796684574469,0.1000843420624733,0.10008159279823303
4.591999999999716,0.06779459070948592,17.437664031982422,0.07885088196039383,0.015930245722998747,0.10008110851049423,0.1000775545835495
4.593999999999716,0.06779464519839144,17.437602996826172,0.07884213163080156,0.015909464210397045,0.10007584095001221,0.10007194429636002
4.595999999999716,0.06779470582644283,17.437602996826172,0.0788312127846321,0.015885629154682085,0.10006896406412125,0.10006455332040787
4.597999999999716,0.06779477248081572,17.43756675720215,0.07881815039788725,0.015858737638222126,0.100060373544693,0.10005539655685425
4.599999999999715,0.06779484506852998,17.437564849853516,0.07880295080948001,0.015828798145962067,0.1000499427318573,0.10004448145627975
4.601999999999715,0.06779492348778926,17.437545776367188,0.07878563425826923,0.015795813913767782,0.10003795474767685,0.10003200173377991
4.603999999999715,0.06779500764980821,17.43755340576172,0.07876620986185359,0.015759795548726422,0.10002420842647552,0.10001745820045471
4.605999999999715,0.06779509746165882,17.437549591064453,0.07874469508359028,0.01572075103825311,0.10000883042812347,0.10000135749578476
4.6079999999997145,0.06779505500839365,17.43756103515625,0.0787211007866336,0.015678693266134337,0.09999188780784607,0.09998351335525513
4.609999999999714,0.06779502021396214,17.43972396850586,0.07874159726778973,0.015633634010474833,0.1000102087855339,0.10001793503761292
4.611999999999714,0.06779499317267153,17.44015121459961,0.07875958785013062,0.015648593504429598,0.10002682358026505,0.10003302991390228
4.613999999999714,0.06779497353056774,17.439573287963867,0.07877533008366276,0.015660686826167017,0.10004138201475143,0.10004643350839615
4.615999999999714,0.06779496128705231,17.439788818359375,0.0787886763647008,0.015669964597213492,0.10005427896976471,0.1000581607222557
4.6179999999997134,0.06779495617547934,17.43944549560547,0.07879978776504505,0.015676324422430724,0.10006506741046906,0.1000678613781929
4.619999999999713,0.06779495814264208,17.439533233642578,0.07880858288779272,0.015679791470783192,0.10007419437170029,0.10007597506046295
4.621999999999713,0.06779496697831751,17.439332962036133,0.07881516436758158,0.015680300642592654,0.10008134692907333,0.10008247196674347
4.623999999999713,0.06779498260184275,17.439380645751953,0.078819489672191,0.01567786429201011,0.10008666664361954,0.10008694231510162
4.625999999999713,0.06779500484065537,17.439245223999023,0.07882162595932468,0.015672441860497953,0.10009061545133591,0.10008978098630905
4.627999999999712,0.06779503360142904,17.43926239013672,0.0788215534438999,0.015664040092581717,0.100092314183712,0.10009091347455978
4.629999999999712,0.0677950687377268,17.43916893005371,0.07881931770990995,0.015652635008731354,0.10009250044822693,0.10009031742811203
4.631999999999712,0.0677951101521034,17.439167022705078,0.0788149122603784,0.015638231758098694,0.10009081661701202,0.1000879779458046
4.633999999999712,0.06779515771702468,17.439102172851562,0.07880836955936507,0.015620817906497383,0.10008731484413147,0.10008417069911957
4.6359999999997115,0.06779521133571378,17.43909454345703,0.07879969087979433,0.01560039916422154,0.10008247941732407,0.10007850080728531
4.637999999999711,0.06779527089489536,17.43905258178711,0.07878890073268317,0.015576971409632746,0.10007556527853012,0.10007110238075256
4.639999999999711,0.06779533630100194,17.439048767089844,0.0787760049677497,0.015550542002407413,0.10006698966026306,0.10006212443113327
4.641999999999711,0.0677954074519227,17.439022064208984,0.07876102332099046,0.015521113017542314,0.10005678981542587,0.10005141794681549
4.643999999999711,0.06779548425850854,17.43902015686035,0.0787439643917656,0.01548869394896975,0.100044846534729,0.10003887116909027
4.64599999999971,0.06779556662766338,17.439014434814453,0.07872484511063582,0.015453291652746634,0.10003140568733215,0.10002484917640686
4.64799999999971,0.06779565447508432,17.43901824951172,0.07870367579719534,0.015414917910338579,0.10001606494188309,0.10000886023044586
4.64999999999971,0.06779561093875995,17.43902587890625,0.07868047180798901,0.015373583388522561,0.09999916702508926,0.0999913439154625
4.65199999999971,0.0677955748836746,17.441219329833984,0.07870136464222251,0.015329302135215564,0.10001793503761292,0.10002578049898148
4.6539999999997095,0.06779554640125948,17.441638946533203,0.07871979493537473,0.015345049611905604,0.10003484785556793,0.10004141926765442
4.655999999999709,0.06779552514647383,17.44106674194336,0.07873601734145247,0.015357985549361283,0.10004989802837372,0.10005506873130798
4.657999999999709,0.06779551111815858,17.441280364990234,0.07874988571377016,0.015368160328879645,0.10006295889616013,0.100067138671875
4.659999999999709,0.06779550405615127,17.440937042236328,0.07876155921006925,0.01537547193994159,0.10007423907518387,0.10007750988006592
4.661999999999709,0.06779550390797102,17.441024780273438,0.07877095718530397,0.01537994531885661,0.10008374601602554,0.10008600354194641
4.663999999999708,0.06779551046831139,17.440824508666992,0.07877818096531912,0.015381515516904896,0.1000913605093956,0.10009273141622543
4.665999999999708,0.06779552365791447,17.440872192382812,0.07878318834102703,0.015380194634390993,0.10009728372097015,0.10009779781103134
4.667999999999708,0.0677955433081005,17.44073486328125,0.07878604553385493,0.015375942089843383,0.10010148584842682,0.10010120272636414
4.669999999999708,0.06779556932727351,17.440746307373047,0.07878673282074868,0.01536876433769164,0.10010401159524918,0.10010289400815964
4.6719999999997075,0.06779560157217958,17.44065284729004,0.07878529507788709,0.015358637243519657,0.10010478645563126,0.10010290145874023
4.673999999999707,0.06779563994722847,17.440650939941406,0.07878172571052383,0.0153455656234781,0.10010363161563873,0.10010123997926712
4.675999999999707,0.06779568432758172,17.44058609008789,0.07877605661401263,0.01532953678623198,0.10010084509849548,0.10009782761335373
4.677999999999707,0.06779573461833129,17.44057846069336,0.07876828886469335,0.01531055606445326,0.10009637475013733,0.10009288042783737
4.679999999999707,0.06779579070854685,17.440534591674805,0.07875844648841276,0.015288618998363831,0.10009033232927322,0.10008639842271805
4.681999999999706,0.06779585250648633,17.44052505493164,0.07874653507602143,0.015263732526431218,0.100082628428936,0.10007815808057785
4.683999999999706,0.067795919912126,17.440500259399414,0.07873257392721218,0.015235898319970605,0.10007312148809433,0.10006815940141678
4.685999999999706,0.06779599283807036,17.44049835205078,0.07871657134195277,0.01520512541055437,0.10006212443113327,0.10005644708871841
4.687999999999706,0.06779607119311476,17.440486907958984,0.07869854384166206,0.015171420196413474,0.10004918277263641,0.1000431552529335
4.6899999999997055,0.06779615489463069,17.440494537353516,0.07867850141889021,0.015134793958528469,0.10003490000963211,0.10002827644348145
4.691999999999705,0.06779624385871004,17.440494537353516,0.07865645903456692,0.015095256860252837,0.10001909732818604,0.10001163184642792
4.693999999999705,0.0677962022912112,17.440509796142578,0.07863242781404159,0.01505282241404433,0.10000154376029968,0.09999322146177292
4.695999999999705,0.06779616798123807,17.442707061767578,0.07865250339886161,0.015007503872368827,0.10001939535140991,0.10002665221691132
4.697999999999705,0.06779614102370599,17.443138122558594,0.07867016266885205,0.015022222960896635,0.1000356450676918,0.10004164278507233
4.699999999999704,0.06779612108106396,17.442562103271484,0.07868566175852196,0.015034194063909085,0.10004989802837372,0.10005482286214828
4.701999999999704,0.06779610815591003,17.44278335571289,0.07869885299455377,0.015043469392752492,0.10006234794855118,0.10006627440452576
4.703999999999704,0.06779610199421264,17.442441940307617,0.07870989633084943,0.01504994645881875,0.10007316619157791,0.10007614642381668
4.705999999999704,0.06779610254723001,17.442527770996094,0.07871871018279833,0.01505365135623814,0.10008223354816437,0.10008412599563599
4.7079999999997035,0.0677961096147685,17.442333221435547,0.07872539628049646,0.0150545189190959,0.10008952021598816,0.10009046643972397
4.709999999999703,0.06779612312113183,17.442378997802734,0.07872991181821438,0.015052561970887769,0.10009491443634033,0.10009508579969406
4.711999999999703,0.0677961429019726,17.442243576049805,0.07873232319665185,0.015047739829091595,0.10009868443012238,0.10009829699993134
4.713999999999703,0.06779616886900393,17.442256927490234,0.0787326102950466,0.015040059381830513,0.10010071843862534,0.10009947419166565
4.715999999999703,0.06779620088269052,17.44216537475586,0.07873081803847802,0.015029496429724194,0.10010110586881638,0.10009919852018356
4.717999999999702,0.067796238850472,17.44216537475586,0.07872693954813638,0.015016056022876804,0.10009966790676117,0.10009735822677612
4.719999999999702,0.06779628265073522,17.442100524902344,0.07872100669101308,0.014999725398180022,0.10009679943323135,0.1000937893986702
4.721999999999702,0.06779633219132539,17.442092895507812,0.07871302032221764,0.014980509978929036,0.1000920981168747,0.10008862614631653
4.723999999999702,0.06779638736413673,17.44205093383789,0.07870300439139727,0.014958405204964463,0.10008588433265686,0.10008181631565094
4.7259999999997016,0.06779644807991944,17.442045211791992,0.07869096430051649,0.014933417998204204,0.10007806122303009,0.10007362067699432
4.727999999999701,0.06779651424114495,17.442020416259766,0.07867691924124415,0.014905549890962414,0.10006839036941528,0.10006353259086609
4.729999999999701,0.06779658576267314,17.442020416259766,0.07866087733855306,0.014874809814813513,0.10005715489387512,0.10005190968513489
4.731999999999701,0.06779666255552157,17.44200897216797,0.07864285498250158,0.01484120398678046,0.10004448145627975,0.1000385507941246
4.733999999999701,0.06779674453910675,17.4420166015625,0.0786228619932591,0.014804743520371408,0.10003018379211426,0.10002363473176956
4.7359999999997004,0.06779683163151658,17.442018508911133,0.07860091318139495,0.014765438355304408,0.10001424700021744,0.10000690072774887
4.7379999999997,0.06779678903378815,17.442035675048828,0.07857701949552957,0.014723301780162954,0.09999681264162064,0.09998880326747894
4.7399999999997,0.06779675353861146,17.444236755371094,0.07859723716407592,0.014678346782775274,0.1000148355960846,0.100022092461586
4.7419999999997,0.0677967252389732,17.444664001464844,0.07861508252042335,0.014693441238787387,0.10003112256526947,0.10003707557916641
4.7439999999997,0.06779670380314631,17.444091796875,0.07863081146706195,0.014705852471789162,0.10004565119743347,0.10005050152540207
4.745999999999699,0.06779668923325519,17.444313049316406,0.07864427621486597,0.01471563303461341,0.10005843639373779,0.10006227344274521
4.747999999999699,0.067796681279439,17.4439697265625,0.07865563645847809,0.014722679781390073,0.10006929188966751,0.10007242113351822
4.749999999999699,0.06779667989329026,17.444053649902344,0.07866481048283865,0.014727018854313632,0.10007850080728531,0.10008072108030319
4.751999999999699,0.06779668487772399,17.44385528564453,0.07867189975013998,0.014728584556416787,0.10008596628904343,0.10008728504180908
4.7539999999996985,0.06779669615780942,17.44390106201172,0.07867686129804187,0.014727389572927345,0.10009196400642395,0.1000923365354538
4.755999999999698,0.06779671357161421,17.443763732910156,0.07867976125613176,0.014723392745086819,0.10009600967168808,0.10009564459323883
4.757999999999698,0.06779673703183146,17.443782806396484,0.07868057931835391,0.014716600699865544,0.10009846836328506,0.10009752959012985
4.759999999999698,0.06779676640088016,17.443687438964844,0.07867936013535755,0.014706988777259827,0.10009932518005371,0.10009767860174179
4.761999999999698,0.06779680158727217,17.443683624267578,0.07867609661551163,0.014694561681261795,0.10009842365980148,0.10009622573852539
4.763999999999697,0.06779684247103922,17.443622589111328,0.0786708203460244,0.014679306182723817,0.10009588301181793,0.10009322315454483
4.765999999999697,0.06779688896112386,17.44361114501953,0.0786635319439975,0.0146612272968191,0.1000918373465538,0.10008853673934937
4.767999999999697,0.06779694095085227,17.44356918334961,0.07865425507160073,0.014640319981073813,0.1000860258936882,0.10008243471384048
4.769999999999697,0.0677969983520657,17.443561553955078,0.07864299487004842,0.014616590701399604,0.10007872432470322,0.10007455945014954
4.7719999999996965,0.06779706106851835,17.44353485107422,0.07862977023381809,0.014590040486277107,0.1000698059797287,0.1000652015209198
4.773999999999696,0.06779712901614032,17.44353485107422,0.0786145890065386,0.01456067777228248,0.10005944222211838,0.10005435347557068
4.775999999999696,0.06779720210712917,17.443519592285156,0.0785974672698454,0.014528508248885817,0.10004737973213196,0.10004178434610367
4.777999999999696,0.06779728026194527,17.443527221679688,0.07857841454372676,0.014493542501369049,0.10003367066383362,0.1000276654958725
4.779999999999696,0.06779736339978276,17.443527221679688,0.07855744531806573,0.014455789917589784,0.10001856088638306,0.10001165419816971
4.781999999999695,0.06779731774130467,17.443538665771484,0.07853457022386147,0.014415263228544927,0.10000189393758774,0.09999439120292664
4.783999999999695,0.06779727905979462,17.445743560791016,0.07855581075107468,0.014371974846121254,0.10002075135707855,0.10002847015857697
4.785999999999695,0.06779724744548758,17.446170806884766,0.07857471781389276,0.014388750530445055,0.10003768652677536,0.1000441387295723
4.787999999999695,0.06779722257129561,17.44559669494629,0.07859154688411332,0.014402898608765145,0.10005305707454681,0.1000586524605751
4.7899999999996945,0.067797204438122,17.44581413269043,0.07860614993158543,0.01441447166741265,0.10006662458181381,0.10007119923830032
4.791999999999694,0.06779719279931565,17.44546890258789,0.07861868620650102,0.014423365636209006,0.10007867217063904,0.10008209198713303
4.793999999999694,0.06779718760614685,17.44554901123047,0.07862907372614171,0.014429606417686907,0.1000886857509613,0.10009130090475082
4.795999999999694,0.06779718866386172,17.445348739624023,0.07863741350943454,0.014433127524136943,0.10009726136922836,0.10009904950857162
4.797999999999694,0.067797195897735,17.445388793945312,0.07864366229340873,0.014433941231763588,0.10010397434234619,0.10010506212711334
4.799999999999693,0.0677972091476245,17.44525146484375,0.07864788576871296,0.01443200565438656,0.10010930150747299,0.10010942816734314
4.801999999999693,0.06779722832673486,17.44526481628418,0.07865006329677257,0.014427326901578578,0.10011272877454758,0.10011209547519684
4.803999999999693,0.06779725329894508,17.445167541503906,0.07865023909212308,0.014419879610494521,0.1001146137714386,0.10011331737041473
4.805999999999693,0.0677972839734568,17.44516372680664,0.07864840570237794,0.014409667895412969,0.10011469572782516,0.10011309385299683
4.8079999999996925,0.06779732023155807,17.445096969604492,0.07864459427862393,0.014396677827959892,0.1001134142279625,0.10011126846075058
4.809999999999692,0.06779736198298686,17.445087432861328,0.07863880505303432,0.014380913782810896,0.10011062771081924,0.1001078337430954
4.811999999999692,0.06779740912220314,17.445039749145508,0.07863106124887802,0.014362370010855474,0.10010587424039841,0.10010277479887009
4.813999999999692,0.06779746156190584,17.44502830505371,0.07862136760190386,0.01434105229976939,0.10009978711605072,0.10009611397981644
4.815999999999692,0.06779751920691086,17.44499969482422,0.07860974256268542,0.01431696095847078,0.10009206086397171,0.10008800029754639
4.817999999999691,0.06779758197404624,17.44499397277832,0.07859619355182154,0.014290103715623356,0.10008272528648376,0.1000782921910286
4.819999999999691,0.06779764977652965,17.444976806640625,0.07858073620044922,0.01426048552570826,0.10007207840681076,0.10006719827651978
4.821999999999691,0.06779772253574676,17.444978713989258,0.07856337959029477,0.014228116241546483,0.10005980730056763,0.10005441308021545
4.823999999999691,0.06779780017189183,17.44497299194336,0.07854413775311124,0.014193004499697051,0.10004592686891556,0.10003970563411713
4.8259999999996905,0.0677978826109154,17.444984436035156,0.07852302086820268,0.01415516227752467,0.10003069788217545,0.10002380609512329
4.82799999999969,0.06779796977889876,17.444990158081055,0.07850004213768501,0.014114601219272055,0.10001380741596222,0.10000644624233246
4.82999999999969,0.06779792896540314,17.44500732421875,0.07847521253816997,0.014071335337010002,0.09999552369117737,0.09998733550310135
4.83199999999969,0.0677978948617143,17.44723129272461,0.07849450904108189,0.014025378798002211,0.10001277178525925,0.10001937299966812
4.83399999999969,0.06779786756083431,17.447662353515625,0.07851152660669648,0.014039489620044077,0.10002819448709488,0.10003367066383362
4.835999999999689,0.06779784674705122,17.44709587097168,0.07852652016473237,0.014051045308911051,0.10004210472106934,0.10004666447639465
4.837999999999689,0.06779783242515189,17.44731903076172,0.07853934185544861,0.014060100056837539,0.10005418956279755,0.10005766898393631
4.839999999999689,0.06779782435747836,17.446975708007812,0.07855015057774148,0.014066550530458908,0.10006460547447205,0.10006732493638992
4.841999999999689,0.06779782249959493,17.447059631347656,0.07855886448047113,0.014070423839300612,0.10007340461015701,0.10007522255182266
4.8439999999996886,0.06779782666402998,17.44686508178711,0.07856558436535002,0.014071654180140693,0.10008057206869125,0.10008157789707184
4.845999999999688,0.06779783678036318,17.446914672851562,0.07857026707491199,0.014070254750210884,0.10008605569601059,0.10008638352155685
4.847999999999688,0.06779785269446705,17.446781158447266,0.07857297817411919,0.014066184262989771,0.10009008646011353,0.10008963197469711
4.849999999999688,0.06779787432364832,17.446796417236328,0.07857369711152365,0.014059449535728838,0.10009221732616425,0.10009130090475082
4.851999999999688,0.0677979015368326,17.446704864501953,0.07857246803612614,0.014050025709409747,0.10009301453828812,0.10009155422449112
4.8539999999996875,0.0677979342470185,17.446704864501953,0.07856928356828434,0.014037917440786083,0.10009206086397171,0.10009022802114487
4.855999999999687,0.06779797233978122,17.446640014648438,0.07856417483080738,0.014023111209451695,0.10008978098630905,0.10008729249238968
4.857999999999687,0.06779801572831287,17.446632385253906,0.07855714211576315,0.014005611800340642,0.10008558630943298,0.10008265823125839
4.859999999999687,0.06779806431075304,17.446590423583984,0.0785482086387896,0.013985413781594099,0.10008010268211365,0.100076824426651
4.861999999999687,0.0677981180029099,17.446584701538086,0.07853737918270533,0.013962523242277713,0.10007308423519135,0.10006946325302124
4.863999999999686,0.06779817671278536,17.446557998657227,0.07852467219908528,0.013936940725013211,0.10006453096866608,0.10006047040224075
4.865999999999686,0.0677982403599907,17.446556091308594,0.07851009514197023,0.013908674168033368,0.10005439072847366,0.10004986822605133
4.867999999999686,0.06779830886052259,17.446542739868164,0.07849366364344974,0.013877728683533595,0.10004296153783798,0.10003786534070969
4.869999999999686,0.06779838213825409,17.446544647216797,0.07847538680388329,0.013844114254864207,0.1000298261642456,0.10002422332763672
4.8719999999996855,0.06779846011582093,17.446544647216797,0.07845527864966084,0.013807839607462876,0.10001544654369354,0.10000922530889511
4.873999999999685,0.06779841103414427,17.446556091308594,0.0784333493626354,0.013768916779993519,0.09999939799308777,0.0999925509095192
4.875999999999685,0.06779836864460173,17.448772430419922,0.07845554463855792,0.013727357443149655,0.10001900792121887,0.10002705454826355
4.877999999999685,0.06779833303295024,17.44919776916504,0.07847549110385771,0.013745887824778404,0.10003677755594254,0.10004384070634842
4.879999999999685,0.06779830388304722,17.44862174987793,0.07849344359095146,0.013761913864602612,0.10005306452512741,0.10005886852741241
4.881999999999684,0.06779828119432449,17.44883918762207,0.07850925375224506,0.013775488599945273,0.10006752610206604,0.10007235407829285
4.883999999999684,0.06779826472788819,17.448486328125,0.07852308016305698,0.01378650646364957,0.10008037835359573,0.1000843420624733
4.885999999999684,0.06779825443524186,17.448562622070312,0.07853484047982157,0.013794993238486328,0.10009150952100754,0.10009466111660004
4.887999999999684,0.06779825012737131,17.448362350463867,0.07854463504215085,0.013800881192189321,0.10010112822055817,0.10010338574647903
4.8899999999996835,0.06779825173072367,17.44839859008789,0.07855242016588371,0.013804182121414208,0.10010913014411926,0.10011065006256104
4.891999999999683,0.06779825908960625,17.448261260986328,0.07855826086495823,0.013804853007185976,0.10011548548936844,0.10011608898639679
4.893999999999683,0.06779827211889347,17.448265075683594,0.07856213601821534,0.013802899244365337,0.10012021660804749,0.10012025386095047
4.895999999999683,0.0677982906860753,17.448169708251953,0.07856408916351693,0.013798294372036753,0.10012342035770416,0.10012304782867432
4.897999999999683,0.0677983147022703,17.44816017150879,0.07856411230941647,0.013791041628830786,0.10012520849704742,0.10012411326169968
4.899999999999682,0.06779834405182672,17.448089599609375,0.07856223592488912,0.013781125981806187,0.10012523084878922,0.10012368857860565
4.901999999999682,0.06779837864650619,17.448074340820312,0.07855845965295756,0.013768550813794623,0.10012383759021759,0.10012177377939224
4.903999999999682,0.06779841838346216,17.44802474975586,0.07855280602383527,0.013753309243372893,0.10012094676494598,0.10011839866638184
4.905999999999682,0.0677984631774506,17.448013305664062,0.07854527914003337,0.013735405977596897,0.10011621564626694,0.10011349618434906
4.9079999999996815,0.06779851293573531,17.447978973388672,0.07853589674362513,0.013714840155070615,0.10011035948991776,0.1001070961356163
4.909999999999681,0.06779856757719856,17.447967529296875,0.0785246655829151,0.013691618352250835,0.10010285675525665,0.10009927302598953
4.911999999999681,0.06779862701733826,17.44794464111328,0.07851160056180803,0.013665744311000441,0.10009405761957169,0.1000899150967598
4.913999999999681,0.06779869117957885,17.44794273376465,0.07849671005468094,0.013637226671436138,0.10008351504802704,0.10007893294095993
4.915999999999681,0.0677987599862824,17.447933197021484,0.07848000734513656,0.0136060728140333,0.1000717356801033,0.10006659477949142
4.91799999999968,0.06779883336541775,17.44793701171875,0.078461501873193,0.013572293450382583,0.10005837678909302,0.10005276650190353
4.91999999999968,0.06779891124515981,17.447938919067383,0.07844120607058917,0.013535898925608454,0.10004361718893051,0.10003747045993805
4.92199999999968,0.06779899355779859,17.447952270507812,0.07841913014515091,0.013496901938121472,0.10002738982439041,0.10002066940069199
4.92399999999968,0.06779908023647815,17.44796371459961,0.07839528616695206,0.01345531531422681,0.10000976175069809,0.10000235587358475
4.9259999999996795,0.06779904064863142,17.447986602783203,0.07836968496138763,0.013411153614666944,0.0999908596277237,0.09998265653848648
4.927999999999679,0.06779900739629369,17.45022201538086,0.07838822339705918,0.013364431790999729,0.10000740736722946,0.10001353174448013
4.929999999999679,0.0677989805717844,17.450660705566406,0.0784045761251358,0.013377796287037117,0.10002224147319794,0.1000274196267128
4.931999999999679,0.06779895987472312,17.450092315673828,0.07841899729020269,0.013388736008079846,0.10003551095724106,0.10003975033760071
4.933999999999679,0.06779894531193012,17.450321197509766,0.0784313389126977,0.013397306612255739,0.10004722326993942,0.10005058348178864
4.935999999999678,0.06779893665732542,17.44997787475586,0.0784417592114551,0.013403404343435755,0.10005724430084229,0.10005980730056763
4.937999999999678,0.06779893386988163,17.45006561279297,0.07845017617195567,0.013407057118785369,0.10006586462259293,0.10006745159626007
4.939999999999678,0.06779893677118097,17.449874877929688,0.07845669000442236,0.013408198836730272,0.10007265210151672,0.10007362812757492
4.941999999999678,0.06779894529480827,17.449920654296875,0.0784612573384717,0.013406843061795752,0.10007806867361069,0.10007843375205994
4.9439999999996775,0.06779895929394644,17.449790954589844,0.0784639432125643,0.013402948219145385,0.10008177161216736,0.10008174180984497
4.945999999999677,0.06779897869006953,17.449806213378906,0.07846472681497023,0.013396521186075715,0.1000840812921524,0.10008332133293152
4.947999999999677,0.06779900335817342,17.44972038269043,0.07846365181036853,0.013387536767612845,0.10008490085601807,0.10008352994918823
4.949999999999677,0.06779903321534987,17.449718475341797,0.07846071051579791,0.013375999456215195,0.10008416324853897,0.10008236020803452
4.951999999999677,0.06779906815234038,17.449655532836914,0.07845593359271615,0.013361895321326072,0.10008186846971512,0.10007966309785843
4.953999999999676,0.0677991080862397,17.449649810791016,0.07844932099093632,0.013345228812160725,0.10007819533348083,0.10007555782794952
4.955999999999676,0.06779915291967387,17.449607849121094,0.078440895472641,0.013325994002624847,0.10007298737764359,0.1000700443983078
4.957999999999676,0.067799202572118,17.449600219726562,0.07843066144261214,0.013304196509410037,0.1000664010643959,0.10006295889616013
4.959999999999676,0.06779925695553858,17.449573516845703,0.07841863689553127,0.013279836295505552,0.10005848109722137,0.10005469620227814
4.961999999999676,0.06779931599296958,17.449569702148438,0.07840482887379484,0.013252920713701648,0.10004881024360657,0.1000446081161499
4.963999999999675,0.06779937960396329,17.449554443359375,0.07838925254088952,0.013223454213980237,0.10003797709941864,0.10003328323364258
4.965999999999675,0.0677994477155848,17.449556350708008,0.07837191655332079,0.01319144609773436,0.10002546012401581,0.10002046078443527
4.967999999999675,0.06779952025370248,17.449556350708008,0.07835283445127264,0.013156904350149615,0.10001185536384583,0.10000603646039963
4.969999999999675,0.06779946748395002,17.449565887451172,0.07833201594139712,0.0131198402434308,0.09999671578407288,0.0999903455376625
4.9719999999996745,0.06779942113187969,17.4517879486084,0.07835533073649645,0.013080264635003032,0.10001706331968307,0.10002545267343521
4.973999999999674,0.0677993812784256,17.45221710205078,0.07837648133603198,0.013100804763689605,0.10003587603569031,0.10004317760467529
4.975999999999674,0.06779934761821019,17.45163345336914,0.07839572189602957,0.013118963603609509,0.1000528559088707,0.10005936026573181
4.977999999999674,0.06779932014892541,17.45185089111328,0.07841290373055262,0.01313479457317904,0.1000683531165123,0.10007376968860626
4.979999999999674,0.06779929863925611,17.451492309570312,0.07842818470522887,0.013148190555123663,0.10008243471384048,0.10008710622787476
4.981999999999673,0.06779928304072394,17.451568603515625,0.07844148209086999,0.013159177147458937,0.10009463876485825,0.10009842365980148
4.983999999999673,0.06779927316989177,17.45136260986328,0.07845289551430973,0.013167685320516969,0.10010549426078796,0.10010836273431778
4.985999999999673,0.06779926895420607,17.451396942138672,0.07846238084289793,0.013173726330452776,0.10011494159698486,0.10011707246303558
4.987999999999673,0.06779927024227875,17.45125389099121,0.07847000238123919,0.013177255973176195,0.10012270510196686,0.10012409090995789
4.9899999999996725,0.06779927695051421,17.45125961303711,0.0784757384967107,0.013178278871226702,0.10012879967689514,0.10012948513031006
4.991999999999672,0.06779928894989061,17.451156616210938,0.0784796320184263,0.013176767414078375,0.10013364255428314,0.10013376176357269
4.993999999999672,0.06779930615332776,17.45114517211914,0.07848167438607355,0.01317272390988884,0.10013677924871445,0.100136399269104
4.995999999999672,0.06779932844813288,17.45107078552246,0.0784818953548495,0.013166132170589685,0.10013838112354279,0.10013746470212936
4.997999999999672,0.06779935574799793,17.451053619384766,0.0784802939483451,0.013156994534692544,0.10013873875141144,0.10013730078935623
4.999999999999671,0.06779938795268683,17.45099639892578,0.07847689197240681,0.01314530293900556,0.10013744980096817,0.10013554990291595
