time,dist,gamma,real_dist,tar_dist,pred_dist
0.002,0.06802353888085752,18.174203872680664,0.24007869507236734,0.7974475440378651,0.24286192655563354
0.004,0.06802377151417,18.17169761657715,0.23929063847390758,0.7974475440378651,0.24276283383369446
0.006,0.06802411996986328,18.168060302734375,0.23850468294226995,0.7973877520329082,0.2425365149974823
0.008,0.06802458238619265,18.165464401245117,0.23772113185575416,0.7972686948669092,0.24218621850013733
0.01,0.0680251559343679,18.162307739257812,0.23694033038318874,0.797090809100509,0.24171662330627441
0.012,0.06802583661495021,18.159465789794922,0.23616260814071405,0.796854523673819,0.2411295473575592
0.014,0.06802707737977008,18.156238555908203,0.23538832204033744,0.7965602022967591,0.240428626537323
0.016,0.06802837739326689,12.999785423278809,0.23457636886743977,0.7962081936360503,0.2414216250181198
0.018000000000000002,0.06802968094025058,17.934099197387695,0.233762290809864,0.7959058548216047,0.24107514321804047
0.020000000000000004,0.06803101267483792,17.731494903564453,0.23295721401538255,0.7955294508838422,0.24077004194259644
0.022000000000000006,0.06803233373427554,18.175189971923828,0.2321531771663713,0.795091900361894,0.24029076099395752
0.024000000000000007,0.06803365145791945,18.10279083251953,0.2313574378456047,0.794585278579778,0.2398066520690918
0.02600000000000001,0.06803493673749837,18.190048217773438,0.23056513802378664,0.7940180132411571,0.23397254943847656
0.02800000000000001,0.06803618541918943,18.132793426513672,0.22978092772872738,0.7933853153258439,0.23408252000808716
0.030000000000000013,0.06803737339120253,18.172470092773438,0.22899688793724826,0.7926925768138997,0.23167653381824493
0.032000000000000015,0.06803848902576172,18.108516693115234,0.22820723433939083,0.7919370658731907,0.23036879301071167
0.034000000000000016,0.06803950998936666,18.148826599121094,0.22741011995432558,0.7911221671533444,0.22845378518104553
0.03600000000000002,0.06804041970751161,18.095233917236328,0.22660729567715188,0.7902464007847704,0.22673660516738892
0.03800000000000002,0.06804119586180117,18.12561798095703,0.22579783354831323,0.7893119215443822,0.22470957040786743
0.04000000000000002,0.06804181834815776,18.089008331298828,0.2249811695593789,0.7883179611880436,0.22270990908145905
0.04200000000000002,0.06804226391741151,18.105728149414062,0.2241558824890582,0.7872659114328173,0.2205089032649994
0.044000000000000025,0.06804250972507521,18.080955505371094,0.2233351985485903,0.7861554013266498,0.21827203035354614
0.04600000000000003,0.06804468586512712,18.08898162841797,0.2225233598814056,0.7849873421502321,0.21588879823684692
0.04800000000000003,0.06804819214233629,17.62191390991211,0.22157138034827661,0.783761578090487,0.2072993963956833
0.05000000000000003,0.06805138276845503,18.268260955810547,0.22048234797048066,0.7825758441746945,0.19225472211837769
0.05200000000000003,0.0680542516197767,18.315073013305664,0.21940938504287194,0.7814178284334844,0.18874792754650116
0.054000000000000034,0.06805679012463008,18.273155212402344,0.21835538170137792,0.7801947968410139,0.18929457664489746
0.056000000000000036,0.06805898710072658,18.304794311523438,0.21731905559922643,0.7789090401783227,0.18726322054862976
0.05800000000000004,0.06806082809418781,18.270099639892578,0.21630150846983665,0.777559539820002,0.18660904467105865
0.06000000000000004,0.06806229686277339,18.289939880371094,0.21530202352820005,0.7761477670798403,0.18495643138885498
0.06200000000000004,0.06806337377173771,18.26456069946289,0.21432133576135215,0.7746732099751736,0.18372201919555664
0.06400000000000004,0.06806403769646467,18.27469825744629,0.21335910608373537,0.7731368322173559,0.18207944929599762
0.06600000000000004,0.06806426429985117,18.256776809692383,0.21241586713508803,0.771538403935536,0.1805257350206375
0.06800000000000005,0.06806402782008229,18.25963020324707,0.21149151973238073,0.7698785688016028,0.17877812683582306
0.07000000000000005,0.06806329956249722,18.24599838256836,0.21058649044846695,0.7681572487706428,0.17701131105422974
0.07200000000000005,0.06806099404300865,18.2435245513916,0.2097008366027805,0.7663748814134765,0.17499466240406036
0.07400000000000005,0.06805805090642353,17.97638702392578,0.20884544983324183,0.7645314654459529,0.1823541671037674
0.07600000000000005,0.06805444782055498,18.156841278076172,0.20800743018174228,0.7626315322415359,0.16358239948749542
0.07800000000000006,0.06805013128389746,18.090932846069336,0.2071915640031599,0.760661562447418,0.17074847221374512
0.08000000000000006,0.06804507131194139,18.143491744995117,0.2063742227647457,0.7586278436692172,0.16188408434391022
0.08200000000000006,0.06803983857842051,18.073341369628906,0.2055484223933161,0.7565268930721967,0.16278649866580963
0.08400000000000006,0.06803371266267504,17.928234100341797,0.20456092647302493,0.7543626231538484,0.13397212326526642
0.08600000000000006,0.06802569742907578,17.221481323242188,0.2035714080247345,0.7522432928638216,0.16417399048805237
0.08800000000000006,0.06801664593768204,18.038389205932617,0.20264421592301157,0.7500734648631437,0.15037275850772858
0.09000000000000007,0.06800651121719034,18.047588348388672,0.20173893175977425,0.747739388785915,0.1468682438135147
0.09200000000000007,0.06799594538063301,18.012042999267578,0.20085658877646434,0.7453444405499005,0.14366278052330017
0.09400000000000007,0.06798548048172086,18.009742736816406,0.1999971772064703,0.7428894289059158,0.140244260430336
0.09600000000000007,0.06797515683301056,17.980255126953125,0.19916152267034826,0.740374004174919,0.1369224637746811
0.09800000000000007,0.06796501835463768,17.970163345336914,0.19834983580081944,0.7377986839206874,0.1335371434688568
0.10000000000000007,0.06795510758688929,17.943336486816406,0.19756282902102662,0.7351632849583534,0.13018953800201416
0.10200000000000008,0.06794546930245729,17.92656707763672,0.1968008539942223,0.7324681421195436,0.12683694064617157
0.10400000000000008,0.06793614790372196,17.898426055908203,0.19600258842432922,0.729713165356349,0.12351325899362564
0.10600000000000008,0.06792718928106174,17.875835418701172,0.19412840230101747,0.7268985735763919,0.12021342664957047
0.11600000000000009,0.06789187510054535,17.92354965209961,0.18525030516301338,0.7125967619775636,0.12064386904239655
0.1240000000000001,0.06787352486232535,17.95601463317871,0.17888501734775147,0.7016399111771086,0.12059270590543747
0.1300000000000001,0.0678650498080587,17.968929290771484,0.1744933524690225,0.6935889353106909,0.12052035331726074
0.1360000000000001,0.06786589420117177,17.979854583740234,0.1704187589605486,0.685363506920972,0.12126639485359192
0.1380000000000001,0.06786952083106881,16.33423614501953,0.1690846813616618,0.6826042887959806,0.14449381828308105
0.1420000000000001,0.06788018811289763,17.203155517578125,0.16659217487731512,0.6769235736223385,0.12129271775484085
0.1560000000000001,0.06794647642009559,17.888534545898438,0.15983903666379745,0.6563268839499342,0.12213817238807678
0.1580000000000001,0.06796021031779134,17.844745635986328,0.1591554291320094,0.6533701854150425,0.12547944486141205
0.16200000000000012,0.06798982747526212,16.35678482055664,0.15801437958813497,0.6473037116201753,0.12408562749624252
0.16400000000000012,0.06800626576993045,17.680809020996094,0.15745016097144277,0.6442662910615958,0.1204032376408577
0.23400000000000018,0.06825094999637592,18.25499153137207,0.13900779532848853,0.5580159345983929,0.12009746581315994
0.2420000000000002,0.06825293923448217,18.266376495361328,0.13720732105286662,0.5517856194430513,0.12058532238006592
0.2460000000000002,0.0682535261836368,18.264732360839844,0.13645799637151257,0.5488348555943153,0.12011779844760895
0.25200000000000017,0.06825394823738139,18.271587371826172,0.1355024672859577,0.5444352607331179,0.12039203196763992
0.25600000000000017,0.06825394233060166,18.26993179321289,0.1349802113188907,0.5415926911434941,0.12014391273260117
0.2620000000000002,0.06825356783137702,18.276782989501953,0.13437531379501014,0.5373628039690745,0.12071528285741806
0.2660000000000002,0.06825306102040195,18.27550506591797,0.1340928449988805,0.5346384898516431,0.12066695839166641
0.2700000000000002,0.06825233652411651,18.274845123291016,0.1338886327600674,0.5319154188724028,0.12068674713373184
0.2740000000000002,0.0682513880581811,18.27436065673828,0.13376352725003604,0.5291931016766247,0.12077613174915314
0.2760000000000002,0.0682502921566277,18.270858764648438,0.13371837466465036,0.5278600093554784,0.12001895159482956
0.2840000000000002,0.06824550022085582,18.28061294555664,0.13360021392308474,0.5224252057984952,0.12043256312608719
0.2860000000000002,0.0682440037537525,18.238330841064453,0.13363652449573823,0.5211687264025291,0.12008915096521378
0.2900000000000002,0.06824084026300065,18.2441349029541,0.13373644305857765,0.5184718172306104,0.1205996423959732
0.2920000000000002,0.06823896475915105,18.257816314697266,0.13379772364960238,0.5171428070612495,0.1201859787106514
0.2960000000000002,0.06823501915526022,18.249897003173828,0.13394350773932542,0.5143018902315988,0.12080270797014236
0.2980000000000002,0.06823270469913177,18.230567932128906,0.13402729710546393,0.512902523946361,0.12048827111721039
0.3000000000000002,0.06823013792562078,18.232067108154297,0.134100692036465,0.5114445237524206,0.12014590948820114
0.3040000000000002,0.06822475778542957,18.229171752929688,0.13426802430910767,0.508352378594173,0.12085431814193726
0.3060000000000002,0.06822164528799096,18.219276428222656,0.13436562617424463,0.5068299897961132,0.12057945877313614
0.3080000000000002,0.06821858309510191,18.21282386779785,0.1344572810133802,0.5052499968899874,0.12030912190675735
0.3140000000000002,0.06820907817088134,16.670921325683594,0.13475651050373397,0.5002081074550611,0.12079371511936188
0.3160000000000002,0.06820537126100538,18.125408172607422,0.1348840656467782,0.4985901729737154,0.12021408975124359
0.3180000000000002,0.06820128207440182,17.671661376953125,0.13501010600749516,0.49690683161373533,0.12010575085878372
0.32200000000000023,0.06819277736742367,18.19192886352539,0.1352795685925418,0.4933779739934912,0.12091916054487228
0.32400000000000023,0.06818792672890525,18.22701644897461,0.13542489095501203,0.49164094222255433,0.12060696631669998
0.32600000000000023,0.06818263707111315,18.177318572998047,0.13556308045865006,0.48984430744876145,0.12047593295574188
0.32800000000000024,0.06817689349847246,18.201568603515625,0.1356892090833735,0.4879940385833925,0.12025561928749084
0.33000000000000024,0.06817066092175537,18.162757873535156,0.1358063591021185,0.48608582679335294,0.12015628814697266
0.33200000000000024,0.06816391808124866,18.172325134277344,0.13591168702128997,0.48412326985295845,0.12003504484891891
0.33400000000000024,0.06815663093084831,18.141124725341797,0.1360068918563001,0.4821040664094222,0.12000873684883118
0.33800000000000024,0.06814145936352486,18.140399932861328,0.13621478964352776,0.47790151361778566,0.12123333662748337
0.34000000000000025,0.0681320141920916,18.137405395507812,0.13632700265338976,0.47582879641352305,0.12129803746938705
0.34600000000000025,0.06810284150626789,11.285329818725586,0.13650660336375936,0.469465818352627,0.12004091590642929
0.35000000000000026,0.06808195364784972,16.856372833251953,0.13669262436954982,0.465224936179294,0.12179769575595856
0.35200000000000026,0.06807049491724398,18.049938201904297,0.13678539455883004,0.4630838925182521,0.12187031656503677
0.35400000000000026,0.06805829060854801,17.972370147705078,0.13686901826610032,0.460878254839231,0.12222065776586533
0.35600000000000026,0.06804537584520945,18.07088851928711,0.13693455478156094,0.4586212847220366,0.12238958477973938
0.35800000000000026,0.06803216644133613,18.01582145690918,0.13698797879438265,0.45630379256685605,0.12271365523338318
0.36000000000000026,0.06801882005033778,18.045692443847656,0.13702380752984483,0.453934050412208,0.12291493266820908
0.36200000000000027,0.06800534324501316,17.994579315185547,0.13704527433915004,0.4515067482903465,0.12317819893360138
0.36400000000000027,0.06799176534823577,18.00786590576172,0.13704896840786485,0.4490269676717583,0.12333501875400543
0.36600000000000027,0.06797810107483405,17.966064453125,0.13703653630075266,0.4464917708006307,0.12347832322120667
0.36800000000000027,0.06796437741287302,17.967391967773438,0.13700576216202381,0.4439043502778592,0.12350283563137054
0.3700000000000003,0.06795061428743387,17.933876037597656,0.13695521844740108,0.44126316179365566,0.12344728410243988
0.3720000000000003,0.06793683830635075,17.926532745361328,0.1368812966271638,0.43857027864602705,0.12324289232492447
0.3740000000000003,0.06792307298574603,17.89695167541504,0.13678432597965312,0.4358249755666259,0.12289808690547943
0.3760000000000003,0.06790934558233298,17.883045196533203,0.13666310036464482,0.43302866262925227,0.12048276513814926
0.3980000000000003,0.06779521895846208,18.003257751464844,0.13611067999329315,0.40175728782335185,0.12035056203603745
0.4080000000000003,0.0677585871737224,18.026763916015625,0.13636164640733564,0.3878198171660483,0.12022008746862411
0.4160000000000003,0.06773374250279618,18.034149169921875,0.13667823006355498,0.37673642822016923,0.12056279182434082
0.4220000000000003,0.06771829133821665,18.035114288330078,0.13693751607532717,0.36845520440555796,0.12078362703323364
0.4260000000000003,0.06770983403816075,14.410829544067383,0.13707401703104433,0.3629703612573237,0.12020114809274673
0.4300000000000003,0.06770300445091317,16.642864227294922,0.13718062363017533,0.35751016857191503,0.12065389007329941
0.43400000000000033,0.06769778528772577,17.969417572021484,0.13724239811188213,0.35210965210825707,0.12102317065000534
0.43800000000000033,0.06769400712564311,17.993858337402344,0.1372673352715643,0.34677051029287387,0.12131451070308685
0.44400000000000034,0.06769176659683745,15.04957389831543,0.13719522084747354,0.3388780887890011,0.12067639082670212
0.44800000000000034,0.06769261645011279,16.887603759765625,0.13710944376162512,0.33374261107600117,0.12103501707315445
0.45200000000000035,0.06769527862162583,17.921485900878906,0.13602369710903703,0.32866035867317966,0.121246837079525
0.45600000000000035,0.0676997193879163,17.929214477539062,0.13496761120437253,0.32363434385885836,0.1213264912366867
0.46000000000000035,0.06770591378750201,17.937192916870117,0.1338864063169769,0.3186667464287419,0.12128238379955292
0.46400000000000036,0.06771384346353444,17.939899444580078,0.13276873334870262,0.3137592118550488,0.12111937999725342
0.46800000000000036,0.06772349503008813,17.939071655273438,0.13160907211246287,0.30891288426120483,0.12075228989124298
0.47200000000000036,0.06773485884184183,17.93660545349121,0.1304026611999879,0.30412850181563766,0.12020347267389297
0.47800000000000037,0.06775457905499367,17.951114654541016,0.12857779168516772,0.29709771668165524,0.1204729825258255
0.4840000000000004,0.06777597583462573,17.951013565063477,0.12682855423679112,0.29037198587569635,0.12063025683164597
0.4900000000000004,0.06779746232254828,17.956499099731445,0.12513607896026474,0.28394234355479236,0.12007621675729752
0.5000000000000003,0.06783178855005696,17.978200912475586,0.12247821808415423,0.27395251353242994,0.12034302204847336
0.5080000000000003,0.0678574175851272,17.991382598876953,0.12046104477270302,0.2667297549189483,0.1201058179140091
0.5180000000000003,0.0678851042358596,18.006977081298828,0.11800500674423439,0.2585737135034587,0.12008390575647354
0.5300000000000004,0.0679061438340549,18.020641326904297,0.11538572114018034,0.25005766681549235,0.12000371515750885
0.5500000000000004,0.06791989370390057,18.08383560180664,0.11121251764850001,0.23926513722871431,0.12007785588502884
0.8240000000000006,0.0680784207799621,18.4489803314209,0.11509725479800421,0.5241096169450801,0.12072597444057465
0.8260000000000006,0.06808467954819165,18.45016860961914,0.11648762783278885,0.5277441553486906,0.12185139954090118
0.8280000000000006,0.06808868831187398,18.44784164428711,0.11786444659929164,0.5313204625054062,0.12298443913459778
0.8300000000000006,0.06809057268198111,18.447616577148438,0.11922800327482631,0.5348384044400338,0.12412700802087784
0.8320000000000006,0.06809045385451633,18.445558547973633,0.12057870241662617,0.5382976004068817,0.12528063356876373
0.8340000000000006,0.06808836801286354,18.444889068603516,0.12191682525424886,0.5416978484526602,0.12644676864147186
0.8360000000000006,0.06808414258343928,-8.721363067626953,0.12325863019348256,0.5450388086951177,0.12762793898582458
0.8380000000000006,0.06807799655597728,17.20507049560547,0.1246052532289604,0.5483761881959189,0.12884151935577393
0.8400000000000006,0.06807003749145209,14.90045166015625,0.125950682716755,0.5517190982270943,0.13033348321914673
0.8420000000000006,0.06806040488199279,18.196346282958984,0.12727502691992004,0.5550216256822641,0.13179321587085724
0.8440000000000006,0.06804921374853848,18.14504623413086,0.12859466283599563,0.5582555700978646,0.13325750827789307
0.8460000000000006,0.06803657812724206,18.477615356445312,0.12989756188759302,0.5614426808267506,0.13469943404197693
0.8480000000000006,0.06802261043160822,18.452335357666016,0.1311936048475915,0.5645653508710872,0.13614051043987274
0.8500000000000006,0.06800740950082315,18.490636825561523,0.13247573606415028,0.5676368352524077,0.13756516575813293
0.8520000000000006,0.06799108042968029,18.44330596923828,0.13374970194812344,0.5706464100024105,0.13898569345474243
0.8540000000000006,0.06797426869979212,18.471961975097656,0.13501155618887795,0.5736018208873283,0.14039336144924164
0.8560000000000006,0.06795839740122425,18.423503875732422,0.13626454076833108,0.5764967751203937,0.14179503917694092
0.8580000000000007,0.06794350803885663,18.45201301574707,0.1375065190828912,0.5793356266443532,0.1431863158941269
0.8600000000000007,0.06793025635773232,18.416414260864258,0.13873933331164476,0.5821147465662674,0.14457061886787415
0.8620000000000007,0.06791883746113633,18.43400001525879,0.13996184909409054,0.5848365733379925,0.14594575762748718
0.8640000000000007,0.0679091718758711,18.41301727294922,0.14117512849744404,0.5874990124811098,0.14731356501579285
0.8660000000000007,0.06790066659470392,18.421062469482422,0.14237859143111453,0.590103427545794,0.1486729383468628
0.8680000000000007,0.0678937714104925,18.423980712890625,0.14358635228593764,0.5926486123759517,0.15004418790340424
0.8700000000000007,0.06788842701318087,18.366954803466797,0.1447876606889004,0.5951764176325607,0.15141306817531586
0.8720000000000007,0.06788454602638687,18.456260681152344,0.14597585984203468,0.5976469527520678,0.15276649594306946
0.8740000000000007,0.06788206585714307,18.411163330078125,0.1471567638711767,0.6000489909881758,0.15411539375782013
0.8760000000000007,0.06788090616573036,18.434066772460938,0.14832671557249563,0.602392379043224,0.15545272827148438
0.8780000000000007,0.06788100289960204,18.381206512451172,0.14948906006596244,0.6046707413734181,0.156784787774086
0.8800000000000007,0.06788228129410824,18.40896224975586,0.15064191016019954,0.6068898535025307,0.1581079512834549
0.8820000000000007,0.06788467734390971,18.3685245513916,0.15178722520806512,0.6090462603558565,0.1594253033399582
0.8840000000000007,0.06788812088408949,18.38782501220703,0.15292408935858096,0.6111434022479064,0.16073527932167053
0.8860000000000007,0.06789248861319305,18.36269760131836,0.154053686022258,0.6131794659402733,0.1620398461818695
0.8880000000000007,0.06789736650266202,18.372560501098633,0.15517562662675655,0.6151565479476713,0.16333746910095215
0.8900000000000007,0.06790265132285139,18.357994079589844,0.15629066036492514,0.6170737533288081,0.16463002562522888
0.8920000000000007,0.06790829795279381,18.361961364746094,0.15739868110938718,0.6189324016464093,0.16591642796993256
0.8940000000000007,0.06791426446282753,18.35289764404297,0.15850019465880205,0.6207321077099646,0.16719792783260345
0.8960000000000007,0.06792050997463629,18.35397720336914,0.15959524353978913,0.6224737387942645,0.16847369074821472
0.8980000000000007,0.0679269958008019,18.347850799560547,0.16068419645455997,0.6241571894274245,0.16974425315856934
0.9000000000000007,0.06793364836122223,18.34736442565918,0.1617671721873354,0.6257830610089868,0.17100997269153595
0.9020000000000007,0.06794077059543126,-8.474296569824219,0.16278572504789962,0.6273513987605316,0.17219935357570648
0.9040000000000007,0.06794890572372533,17.514263153076172,0.16383184301365805,0.6288809457256413,0.17341403663158417
0.9060000000000007,0.06795671119732304,18.159460067749023,0.16480243627481636,0.6304397854233318,0.1745467334985733
0.9080000000000007,0.06796469940990414,18.397357940673828,0.1658338690635356,0.6319313940810588,0.1757594645023346
0.9100000000000007,0.06797282366817739,18.36659812927246,0.16686199047404404,0.6334229872001208,0.1769721806049347
0.9120000000000007,0.06798106206159023,18.387683868408203,0.16788401166786526,0.6348588452761703,0.1781768947839737
0.9140000000000007,0.06798937274774676,18.33553123474121,0.1689024698696531,0.6362306657370689,0.1793801635503769
0.9160000000000007,0.0679976832800131,18.361427307128906,0.16991601607386492,0.637545892268554,0.1805773824453354
0.9180000000000007,0.06800590253098239,2.299539089202881,0.17107098331704956,0.6387999461376719,0.18195109069347382
0.9200000000000007,0.06801408310073948,17.849197387695312,0.17221585671482212,0.6399227138251525,0.18330495059490204
0.9220000000000007,0.06802213948814974,18.046112060546875,0.17335812302774872,0.6410280796404392,0.18466301262378693
0.9240000000000007,0.0680301032644557,18.317394256591797,0.17449308726052434,0.6420904522120643,0.18600668013095856
0.9260000000000007,0.06803790980386565,18.236915588378906,0.17562470800112895,0.6430900477258288,0.18735145032405853
0.9280000000000007,0.06804557724569515,18.372344970703125,0.17675062553702092,0.6440426785694472,0.18868550658226013
0.9300000000000007,0.06805305844025172,18.325748443603516,0.17787295230399058,0.6449363427658537,0.19001829624176025
0.9320000000000007,0.06806036101967834,18.349990844726562,0.17899063542396532,0.6457805302905739,0.19134341180324554
0.9340000000000007,0.06806745119142896,18.289833068847656,0.18010476432984612,0.6465682424438255,0.19266612827777863
0.9360000000000007,0.06807433017369047,18.321067810058594,0.18121497041100826,0.64730492870605,0.1939828097820282
0.9380000000000007,0.06808092223566681,18.274131774902344,0.18206169116468635,0.6479866711508537,0.19529655575752258
0.9400000000000007,0.06808703209835587,18.297143936157227,0.18282718276482984,0.6486166061484837,0.19660569727420807
0.9420000000000007,0.06809265888672127,18.26651382446289,0.18359391175586642,0.6491925636950134,0.19791212677955627
0.9440000000000007,0.06809783600242628,18.2797908782959,0.18436147131308056,0.6497163690321792,0.19921500980854034
0.9460000000000007,0.06810383105989887,18.261402130126953,0.18513059572713542,0.6501868431580681,0.20051494240760803
0.9480000000000007,0.0681092719755717,0.8884791731834412,0.18589418403903357,0.6506050685118624,0.20181140303611755
0.9500000000000007,0.0681143100188959,17.692474365234375,0.18664218567122637,0.6509395141504751,0.20311257243156433
0.9520000000000007,0.06811887106633514,17.970712661743164,0.18739794261163667,0.6512828263648002,0.2044217735528946
0.9540000000000007,0.06812306640785624,18.229148864746094,0.18815103363028868,0.6515867213413461,0.20566143095493317
0.9560000000000007,0.06812686101878113,18.12619972229004,0.18891033829822912,0.6518301188548187,0.20672884583473206
0.9580000000000007,0.0681303276994963,18.314495086669922,0.18966958971093473,0.6520296658313162,0.20777460932731628
0.9600000000000007,0.06813345421581993,18.261613845825195,0.1904342984185332,0.6521725343076971,0.2087995409965515
0.9620000000000007,0.06813628844326479,18.29277229309082,0.1912008882672438,0.6522687157604714,0.20979942381381989
0.9640000000000007,0.06814046923451142,18.223743438720703,0.19197267976667015,0.6523106737792848,0.21077392995357513
0.9660000000000007,0.06814416688778638,2.5763566493988037,0.19276936293219654,0.6523041147238607,0.21175521612167358
0.9680000000000007,0.06814764446464652,17.708459854125977,0.19356215550899508,0.6521967648197258,0.21269987523555756
0.9700000000000008,0.0681507362965919,17.954444885253906,0.19439561492247048,0.652031718911065,0.2136421501636505
0.9720000000000008,0.06815353067317466,18.250438690185547,0.19522558549888586,0.6518444551918887,0.21454548835754395
0.9740000000000008,0.06815601225666118,18.20238494873047,0.19605805772953977,0.6516051956656714,0.2154119908809662
0.9760000000000008,0.06815823795035342,18.284137725830078,0.19688740407548583,0.6513281262633159,0.21624025702476501
0.9780000000000008,0.06816020647110654,18.222640991210938,0.1977178165251144,0.6510023513737142,0.21703213453292847
0.9800000000000008,0.06816208755229808,18.257457733154297,0.1985460439924855,0.6506362242971174,0.21778832376003265
0.9820000000000008,0.06816518171115354,17.616884231567383,0.19936696549482164,0.650223444244041,0.21849605441093445
0.9840000000000008,0.06816794564712626,18.181987762451172,0.2000455203214333,0.6496603558736809,0.2190711945295334
0.9860000000000008,0.0681704138279509,18.211002349853516,0.20073086045192756,0.6491479527939199,0.2196231633424759
0.9880000000000008,0.06817260831962282,18.175395965576172,0.20142466490509192,0.6485927544049077,0.22015534341335297
0.9900000000000008,0.06817455567744697,18.192584991455078,0.202126572330378,0.6479956939109702,0.2206718772649765
0.9920000000000008,0.06817627516936547,18.17219352722168,0.20283733869313886,0.6473549149306305,0.22117777168750763
0.9940000000000008,0.0681777874552803,18.179485321044922,0.20355686839919002,0.6466707860225755,0.22147095203399658
0.9960000000000008,0.06817910860231143,18.166793823242188,0.20428545464059183,0.6459422009980313,0.2212909460067749
0.9980000000000008,0.0681802545591383,18.168886184692383,0.2050229280260965,0.6451698083736157,0.2211892455816269
1.0000000000000007,0.06818123814536291,18.160303115844727,0.20576947430153708,0.6443533989752905,0.22117222845554352
1.0020000000000007,0.06818207136892043,18.159788131713867,0.20652501634643294,0.6434934862127347,0.2212391048669815
1.0040000000000007,0.06818276391381121,18.153608322143555,0.20728967649640984,0.642590113868818,0.22139286994934082
1.0060000000000007,0.06818332435094736,18.151813507080078,0.20806342641298148,0.6416437395297834,0.22163142263889313
1.0080000000000007,0.06818375938365957,18.146865844726562,0.20884634817991904,0.6406545656388505,0.22195591032505035
1.0100000000000007,0.06818407448875806,18.14464569091797,0.2096384359248657,0.6396230326462105,0.22236543893814087
1.0120000000000007,0.0681842735438876,18.140613555908203,0.2104397430737956,0.6385494434757616,0.22285950183868408
1.0140000000000007,0.06818435917313337,18.13789939880371,0.21124927866988086,0.6374342382924887,0.2234358787536621
1.0160000000000007,0.06818433256584486,18.1341495513916,0.2120596114690963,0.6362777834656513,0.2240929752588272
1.0180000000000007,0.0681841936672577,18.130653381347656,0.2128688728526436,0.6350805242679887,0.22482837736606598
1.0200000000000007,0.06818394109255743,18.126523971557617,0.21367668566434478,0.6338428660635881,0.22563913464546204
1.0220000000000007,0.06818357223475323,18.122669219970703,0.21448332751049876,0.6325652588627354,0.2265203297138214
1.0240000000000007,0.0681830832254198,18.118450164794922,0.2152976208303397,0.6312481302333975,0.22745737433433533
1.0260000000000007,0.06818246899724506,18.11450958251953,0.2161224053241213,0.6298919318776697,0.22844325006008148
1.0280000000000007,0.06818281346555383,18.110490798950195,0.2169576331944641,0.6284971015759746,0.2294725775718689
1.0300000000000007,0.06818294215161091,18.21398162841797,0.2176165394520242,0.6270640886452545,0.2232172191143036
1.0320000000000007,0.06818285655935433,18.15920639038086,0.21829000927990933,0.6256542532826991,0.22374606132507324
1.0340000000000007,0.06818257324967228,18.216352462768555,0.2189737363428756,0.6242162952741216,0.22462543845176697
1.0360000000000007,0.06818209440909989,18.139732360839844,0.21967073570249585,0.6227421505782612,0.2253265082836151
1.0380000000000007,0.06818142755419597,18.199554443359375,0.2203785028806436,0.6212375739383682,0.22631226480007172
1.0400000000000007,0.06818057287689999,18.13823127746582,0.22109866231846148,0.6196980756149034,0.22718898952007294
1.0420000000000007,0.06817953166824803,18.181150436401367,0.22182952333647776,0.6181268822836601,0.22827549278736115
1.0440000000000007,0.06817814364835514,18.141212463378906,0.22256397489380858,0.616521518168146,0.22931413352489471
1.0460000000000007,0.06817655801811708,6.158808708190918,0.22329284011987066,0.6148838129159246,0.22918516397476196
1.0480000000000007,0.06817477556848114,17.733287811279297,0.224012930005686,0.6132214333462489,0.23157846927642822
1.0500000000000007,0.06817277735871578,17.656253814697266,0.22473699569976996,0.6115109666777402,0.2315942347049713
1.0520000000000007,0.06817055508254213,18.105064392089844,0.22545487835254013,0.6097768838156954,0.23356567323207855
1.0540000000000007,0.06816844377409262,18.012229919433594,0.22617394997064993,0.6080005762734684,0.23403802514076233
1.0560000000000007,0.06816608384294086,15.282882690429688,0.22681410249134332,0.6061968950712512,0.2362017035484314
1.0580000000000007,0.06816345116203743,-8.830888748168945,0.2274765197010486,0.6042754165173221,0.2358158528804779
1.0600000000000007,0.06816053586854957,17.15294075012207,0.2281308257544863,0.6023555294039463,0.23768272995948792
1.0620000000000007,0.06815731447042868,13.670663833618164,0.22880325089511183,0.6004080642899164,0.23806004226207733
1.0640000000000007,0.06815377006108189,17.936832427978516,0.22948066495028352,0.5984512252360604,0.23965317010879517
1.0660000000000007,0.06814987754820019,17.67111587524414,0.23017275762672607,0.5964592523486811,0.2403373420238495
1.0680000000000007,0.06814561492537674,18.095657348632812,0.23087141971692798,0.5944507216089275,0.24081896245479584
1.0700000000000007,0.0681409546980404,18.048301696777344,0.23158231101635768,0.5924099417338854,0.24100694060325623
1.0720000000000007,0.0681371038369694,18.12542724609375,0.23230052172507798,0.5903477460376693,0.24115599691867828
1.0740000000000007,0.06813284522094719,-8.666126251220703,0.2329083184225027,0.5882547860154745,0.23473404347896576
1.0760000000000007,0.06812816768419958,17.140457153320312,0.2335071312828837,0.5861318925320128,0.2349867969751358
1.0780000000000007,0.06812265845901617,12.840399742126465,0.23412447771668637,0.5839812975062099,0.23507818579673767
1.0800000000000007,0.06811709872032923,18.15155029296875,0.23481632575699907,0.5818242645882825,0.23940429091453552
1.0820000000000007,0.06811165507209667,18.081836700439453,0.23551807522132356,0.579716777650995,0.23942503333091736
1.0840000000000007,0.06810632991442937,18.156410217285156,0.23622544772285736,0.5775842280742979,0.23945842683315277
1.0860000000000007,0.06810111507084177,18.07828712463379,0.2369409954393515,0.5754189615426119,0.23945850133895874
1.0880000000000007,0.06809653228759895,18.145782470703125,0.23766217364856057,0.5732259259823588,0.2394726276397705
1.0900000000000007,0.06809201552949679,18.143810272216797,0.23828857589476382,0.571000797173076,0.23696762323379517
1.0920000000000007,0.06808755391997559,18.097721099853516,0.23892304303620798,0.5687508735921323,0.23690854012966156
1.0940000000000007,0.06808314587794045,18.13058090209961,0.23956420717223054,0.5664761940858054,0.23683452606201172
1.0960000000000008,0.06807878003961096,18.102182388305664,0.24021229753565754,0.5641741027827025,0.23674753308296204
1.0980000000000008,0.06807445204509256,18.119476318359375,0.24086635427363745,0.5618449140532963,0.23664426803588867
1.1000000000000008,0.06807015030277748,18.102073669433594,0.24152630251814433,0.5594869007809328,0.2365257889032364
1.1020000000000008,0.06806586811932568,18.109474182128906,0.24219140602760908,0.5570999939949007,0.23638901114463806
1.1040000000000008,0.06806159367663134,18.098712921142578,0.24286141683037193,0.5546830258182479,0.23623321950435638
1.1060000000000008,0.06805579600269679,18.101911544799805,0.24353571829423776,0.5522357597875813,0.23605535924434662
1.1080000000000008,0.06804966720077041,12.357017517089844,0.24433825661970315,0.5497573744094737,0.2417445331811905
1.1100000000000008,0.06804338811416409,17.828563690185547,0.2451363111993286,0.5472301740305305,0.2414189875125885
1.1120000000000008,0.06803693907674925,17.489595413208008,0.24594076609762744,0.544662326168623,0.24131932854652405
1.1140000000000008,0.06803276516863926,17.974037170410156,0.24674242022973292,0.5420731369145884,0.22778767347335815
1.1160000000000008,0.06802847306048047,18.105979919433594,0.24748105184577274,0.5394472759303651,0.22284936904907227
1.1180000000000008,0.06802400291327182,18.021289825439453,0.24822245677051502,0.5368618219203575,0.23886290192604065
1.1200000000000008,0.06801942355400821,18.093860626220703,0.24896312193483533,0.5342466655834051,0.231493279337883
1.1220000000000008,0.06801473125178584,18.02269744873047,0.2497047828595081,0.5315963854459199,0.23819366097450256
1.1240000000000008,0.0680099751862473,18.071666717529297,0.25044526970430836,0.5289146054363547,0.23264144361019135
1.1260000000000008,0.06800516848921985,18.021455764770508,0.2511852945292727,0.5261982888932348,0.23340918123722076
1.1280000000000008,0.06800035119589723,18.04507064819336,0.25192341959066095,0.5234493565156493,0.23059459030628204
1.1300000000000008,0.06799554591816524,18.009994506835938,0.25265978592886845,0.5206660875922697,0.2295980602502823
1.1320000000000008,0.06799078900540485,18.016067504882812,0.25339335075115904,0.5178494787458467,0.22750824689865112
1.1340000000000008,0.06798582785215207,17.98906707763672,0.2541239333812244,0.514998537749316,0.2259247899055481
1.1360000000000008,0.06798100047346957,17.865772247314453,0.254913563345577,0.5121137625031509,0.23854045569896698
1.1380000000000008,0.06797638529588486,17.948118209838867,0.2556960644988292,0.5091947755062621,0.21229104697704315
1.1400000000000008,0.06797198640484028,17.860130310058594,0.25647462503275925,0.5062442920916543,0.2297113835811615
1.1420000000000008,0.06796785998227362,17.925565719604492,0.2572458029455882,0.5032682053977212,0.2173866182565689
1.1440000000000008,0.06796402833613996,17.855640411376953,0.2579122387690735,0.500261224562373,0.22085966169834137
1.1460000000000008,0.06796053788890445,17.88848114013672,0.25789307416371526,0.4972263984431446,0.21574226021766663
1.1480000000000008,0.06795827421509867,17.83350944519043,0.25784146716893347,0.49416069207086477,0.21525301039218903
1.1500000000000008,0.06795619781820153,16.785276412963867,0.25779714472981397,0.49106562934212294,0.22668816149234772
1.1520000000000008,0.06795425502078464,8.277015686035156,0.25772800717462135,0.4880268304227758,0.2236672043800354
1.1540000000000008,0.06795254802840416,17.712419509887695,0.25761590468244217,0.4849758062473964,0.22147032618522644
1.1560000000000008,0.0679510794972054,16.98628807067871,0.25747364790646066,0.4818832470807261,0.21350818872451782
1.1580000000000008,0.06794991374298132,17.80551528930664,0.25729025852707493,0.4787708885958058,0.1829899102449417
1.1600000000000008,0.06794908129953231,17.78223419189453,0.2570729030241716,0.47562106860627906,0.2134510725736618
1.1620000000000008,0.06794863014243573,17.867156982421875,0.2568149678105646,0.4724464442958377,0.19165678322315216
1.1640000000000008,0.06794860366282128,17.766647338867188,0.2565201561403011,0.4692365698786578,0.20827458798885345
1.1660000000000008,0.06794904486776637,17.824111938476562,0.2561845232597927,0.46599846080942264,0.19743137061595917
1.1680000000000008,0.06795000360124911,17.736860275268555,0.25580977316386155,0.4627261808034036,0.20293362438678741
1.1700000000000008,0.06795152454474858,17.763622283935547,0.2553944044875434,0.4594234503135638,0.1965712308883667
1.1720000000000008,0.06795366105155522,17.695646286010742,0.2549396134311966,0.4560885776855689,0.19673587381839752
1.1740000000000008,0.06795646084660457,17.699542999267578,0.25444450663245904,0.45272451496812993,0.19330303370952606
1.1760000000000008,0.06795997925856566,17.64719009399414,0.2539096327565248,0.4493306533205973,0.19179333746433258
1.1780000000000008,0.06796426715717191,17.63727378845215,0.25333439884617537,0.445908881222635,0.18918867409229279
1.1800000000000008,0.0679693812578009,17.593624114990234,0.25271898141813104,0.44245913621803507,0.18714623153209686
1.1820000000000008,0.06797537521604508,17.568565368652344,0.25206293085520165,0.43898269327930217,0.18475167453289032
1.1840000000000008,0.06798230688244289,17.525691986083984,0.25136614116308453,0.43547975423589796,0.1825248748064041
1.1860000000000008,0.06799023204443923,17.49112319946289,0.2506278641166099,0.43195100062837,0.18020494282245636
1.1880000000000008,0.06799920927308885,17.44880485534668,0.24984764248799946,0.4283954822637848,0.17795220017433167
1.1900000000000008,0.06800912270940931,17.411865234375,0.24902483969013778,0.42481288312860516,0.17566123604774475
1.1920000000000008,0.06801845126019605,17.370532989501953,0.2481589850339198,0.42120259570732155,0.17338646948337555
1.1940000000000008,0.06802610199304067,17.079853057861328,0.24723892969969757,0.4175643802997516,0.1715906262397766
1.1960000000000008,0.06803191263041349,17.229942321777344,0.24626933253143285,0.41381087464834326,0.14965161681175232
1.1980000000000008,0.06803583102829192,17.110095977783203,0.2452546347785653,0.41002882991688755,0.1659368872642517
1.2000000000000008,0.06803772646297564,17.16204833984375,0.2441916616794158,0.4062264116313441,0.15535318851470947
1.2020000000000008,0.06803752462429129,17.072277069091797,0.24308275821375802,0.4023980866606467,0.1590760350227356
1.2040000000000008,0.06803511098631927,17.091384887695312,0.24192634011878228,0.3985483576408139,0.15392811596393585
1.2060000000000008,0.06803039967008197,17.024051666259766,0.24072364649809674,0.39467494220195987,0.15312911570072174
1.2080000000000009,0.06802328406217562,17.01565933227539,0.2394737982815126,0.3907804907475161,0.1500302106142044
1.2100000000000009,0.06801367234956823,16.960920333862305,0.23817743207182795,0.3868639954019625,0.14808142185211182
1.2120000000000009,0.06800179379935327,16.940401077270508,0.2368341207614557,0.3829270988320725,0.14554403722286224
1.2140000000000009,0.0679887498818567,16.896909713745117,0.23544507579093177,0.3789696139000125,0.14263246953487396
1.2160000000000009,0.06797461535130914,16.87213897705078,0.23401080168958271,0.37499425844143974,0.13963213562965393
1.2180000000000009,0.06795937152057577,16.835363388061523,0.23221786741668465,0.3710024607299121,0.13676398992538452
1.2200000000000009,0.06794300392686373,16.808971405029297,0.22994371634476268,0.3669962602166822,0.13421978056430817
1.2220000000000009,0.06792550278780138,16.776405334472656,0.22763431954868996,0.3629769495436992,0.13171027600765228
1.2240000000000009,0.06790694840010908,16.748842239379883,0.22529347135322186,0.35894610324810866,0.12920022010803223
1.2260000000000009,0.06788989513868444,16.717947006225586,0.22291976796642982,0.3549048522990155,0.12672537565231323
1.2280000000000009,0.06787555374161489,16.68985366821289,0.22051578105228653,0.3508544422967225,0.12430575489997864
1.2300000000000009,0.06786394573557514,16.661062240600586,0.21808082663633227,0.3467958474252898,0.12195435166358948
1.2340000000000009,0.06784920747036635,16.66292381286621,0.21316515900475203,0.33865795895800344,0.1203383281826973
1.2420000000000009,0.06785174406316996,16.73069190979004,0.20332002109432734,0.3226641597773552,0.12010936439037323
1.252000000000001,0.06788907090314936,16.813129425048828,0.19115058423604192,0.30334739482768047,0.12040309607982635
1.304000000000001,0.06827341016845037,17.427902221679688,0.13611083383390035,0.21678892442595846,0.1217789351940155
1.306000000000001,0.06827951318665886,17.408214569091797,0.13457719550660452,0.21396931749238646,0.12276369333267212
1.308000000000001,0.0682847568326156,17.38360023498535,0.1330577212658578,0.21114144652338712,0.12297171354293823
1.430000000000001,0.06817906317525767,17.37173080444336,0.11919407364685985,0.14602137507669383,0.12010219693183899
1.432000000000001,0.06818514400358566,17.38185691833496,0.12181220497403225,0.14781425960855055,0.12263583391904831
1.434000000000001,0.0681893864846122,17.39056396484375,0.12441735282247043,0.149655326734305,0.12521815299987793
1.436000000000001,0.06819338962269936,13.97504997253418,0.12690920100220832,0.15154042710600812,0.1277645379304886
1.438000000000001,0.0681973116608495,17.028963088989258,0.12938031795305094,0.15345973730707038,0.13035304844379425
1.440000000000001,0.06820106719937408,16.20878791809082,0.13193168811670536,0.15541827462415306,0.13302496075630188
1.442000000000001,0.06820712805862121,17.385902404785156,0.1345186928741362,0.15740698327967315,0.13571922481060028
1.444000000000001,0.06821276428353189,8.413446426391602,0.13737771737324286,0.1594268345167505,0.13863183557987213
1.446000000000001,0.06821813029920436,16.92255210876465,0.14022692643544532,0.16143180913079772,0.1414344161748886
1.448000000000001,0.06822314409826104,15.739095687866211,0.14312264943185124,0.16347254824477028,0.14473682641983032
1.450000000000001,0.06822788535896229,17.41159439086914,0.1460180256397913,0.16553736360711327,0.1486036330461502
1.452000000000001,0.06823231405324784,17.386459350585938,0.14894283876751696,0.16762902098561713,0.1524561494588852
1.454000000000001,0.06823646760015468,17.458608627319336,0.15187029877323,0.16973909608558838,0.1562802940607071
1.456000000000001,0.06824032661855933,17.41830062866211,0.15481274682003726,0.17186825746465406,0.16008631885051727
1.458000000000001,0.0682439064045499,17.466529846191406,0.15773930230220767,0.17401043447542847,0.1638655960559845
1.460000000000001,0.06824719599381465,17.44329071044922,0.16065481157108713,0.17616489027569165,0.1676238775253296
1.462000000000001,0.06825019931760269,17.466548919677734,0.16355182529831874,0.17832707642166137,0.1713557094335556
1.464000000000001,0.06825276732417085,17.455856323242188,0.1664348569957172,0.1804955177586719,0.17506417632102966
1.466000000000001,0.06825506526043203,17.45745849609375,0.16927453331737763,0.1826666201835471,0.1787155568599701
1.468000000000001,0.06825709601254401,17.489276885986328,0.17208919560951694,0.1848188510175433,0.18233615159988403
1.470000000000001,0.06825885299569465,17.47323989868164,0.1748850710350063,0.18697112823482867,0.18593016266822815
1.472000000000001,0.0682603346108228,17.491636276245117,0.17766691221547298,0.1891195578809017,0.18949316442012787
1.474000000000001,0.06826121351108184,17.48615837097168,0.18044211825086443,0.19126253440836238,0.19302718341350555
1.476000000000001,0.06826193737588829,17.311851501464844,0.18318709450333287,0.1933969660673253,0.19649715721607208
1.478000000000001,0.06826248880930333,17.154422760009766,0.18593800876232197,0.19548512046623986,0.19995592534542084
1.480000000000001,0.0682628613666644,17.52120590209961,0.18865932703606964,0.19755260114024573,0.20337197184562683
1.482000000000001,0.06826306609378491,15.943584442138672,0.19130896326269609,0.19960478701261367,0.20670077204704285
1.484000000000001,0.06826309635918348,17.451274871826172,0.1939249435305918,0.2016303562387092,0.20997770130634308
1.486000000000001,0.06826294828305861,17.45110321044922,0.19654155706927545,0.2036388834422716,0.21323902904987335
1.488000000000001,0.06826261120404732,17.51974868774414,0.19913001094062172,0.2056195617428811,0.21645572781562805
1.490000000000001,0.06826208370040342,17.474084854125977,0.20170755103820726,0.20757684847881647,0.21964779496192932
1.492000000000001,0.06826135705764565,17.523408889770508,0.2042579914488798,0.20950471766749298,0.22279849648475647
1.494000000000001,0.06826043257601187,17.492040634155273,0.20678929911207944,0.21140515543898472,0.22591809928417206
1.496000000000001,0.06825930702383307,17.52032470703125,0.20929208729418924,0.21327465596543072,0.2289964258670807
1.498000000000001,0.06825798525181348,17.505168914794922,0.21176972199910815,0.21511376814315758,0.23203860223293304
1.500000000000001,0.0682564694858627,17.522048950195312,0.21421651677428755,0.21692006532328229,0.23503848910331726
1.5020000000000011,0.06825476800655315,17.51633071899414,0.21663353863529855,0.21869337285532053,0.23799832165241241
1.5040000000000011,0.06825288789875583,17.526872634887695,0.2190171239089772,0.22043191513720609,0.24091406166553497
1.5060000000000011,0.06825084067148586,17.526023864746094,0.22136720140347427,0.22213515239243078,0.24378645420074463
1.5080000000000011,0.06824863753979982,17.53338050842285,0.22368123862349892,0.22380169204693934,0.24661268293857574
1.5100000000000011,0.06824726123263627,17.53463363647461,0.2259586270718939,0.225430824447536,0.24939268827438354
1.5120000000000011,0.06824581884490069,16.066469192504883,0.22803830253933316,0.22702139308221883,0.2519054710865021
1.5140000000000011,0.06824440517946571,14.439266204833984,0.2301180932913821,0.22857117554715933,0.25442764163017273
1.5160000000000011,0.06824296326114536,17.099021911621094,0.23213569462784,0.23006275364430212,0.25686103105545044
1.5180000000000011,0.06824155929205977,16.420495986938477,0.2341358780975853,0.2315125262789702,0.2592800259590149
1.5200000000000011,0.0682401636664405,17.539499282836914,0.2360820400759459,0.2329077305281761,0.26162466406822205
1.5220000000000011,0.06823882202822108,17.51394271850586,0.23799907377853746,0.23425822639063199,0.26393845677375793
1.5240000000000011,0.06823752315878907,17.563701629638672,0.23986602540945512,0.23555650080404567,0.2661859393119812
1.5260000000000011,0.06823629870464491,17.513988494873047,0.24169573996485477,0.2368081266956388,0.268390953540802
1.5280000000000011,0.06823514784018925,17.560571670532227,0.2434765732225131,0.2380088821651424,0.27053332328796387
1.5300000000000011,0.06823409327982144,17.53095817565918,0.24521486922012942,0.239161666657954,0.2726254463195801
1.5320000000000011,0.06823313886377778,17.556171417236328,0.24690359130590606,0.24026408310332384,0.27465492486953735
1.5340000000000011,0.0682323009273293,17.540298461914062,0.2485453388453837,0.24131800722532923,0.27662691473960876
1.5360000000000011,0.06823157990934778,17.553253173828125,0.25013583778532894,0.24232245030705232,0.2785336375236511
1.5380000000000011,0.0682309824205716,17.544361114501953,0.2516763608736195,0.24327853130727753,0.2803776264190674
1.5400000000000011,0.0682305083235261,17.5498046875,0.25316507801183746,0.244185449097912,0.28215527534484863
1.5420000000000011,0.06823016070523948,17.544330596923828,0.25460315808754985,0.2450435242382633,0.2838688790798187
1.5440000000000011,0.06822993871644677,17.546524047851562,0.2559898099153837,0.24585221887991476,0.2855168879032135
1.5460000000000012,0.06822984283800634,17.54302978515625,0.25732564592329105,0.24661166721891023,0.287100613117218
1.5480000000000012,0.06822987098244603,17.543861389160156,0.25861023454740806,0.24732158964867348,0.28861913084983826
1.5500000000000012,0.06823002134671635,17.540868759155273,0.25984388926649155,0.24798207975857545,0.2900732159614563
1.5520000000000012,0.06823029030236641,17.540294647216797,0.2610263678189929,0.24859302168315775,0.2914622724056244
1.5540000000000012,0.0682297866703452,17.537635803222656,0.26215782399009874,0.2491545106291758,0.2927868366241455
1.5560000000000012,0.06822945627185242,15.747953414916992,0.26333809829236854,0.2496665401713004,0.2941760718822479
1.5580000000000012,0.06822922390690257,17.340465545654297,0.264447675079002,0.25021216150314385,0.2954576015472412
1.5600000000000012,0.06822914744460082,17.253835678100586,0.2655200419928414,0.2507119829268537,0.29670870304107666
1.5620000000000012,0.0682291823102822,17.561813354492188,0.26652994126132123,0.251155635584271,0.2978704869747162
1.5640000000000012,0.06822935865768853,17.511852264404297,0.2674960409147241,0.2515513500451699,0.29898715019226074
1.5660000000000012,0.06822964960838536,17.559694290161133,0.26840442889484395,0.2518933298181866,0.30002549290657043
1.5680000000000012,0.06823006805165772,17.511394500732422,0.2692650591863886,0.25218632028141985,0.3010098934173584
1.5700000000000012,0.06823059574505903,17.54538345336914,0.2700705462937445,0.2524273362701154,0.3019220232963562
1.5720000000000012,0.06823123517527442,17.517597198486328,0.2708261721605622,0.2526192159649554,0.30277523398399353
1.5740000000000012,0.06823197172438131,17.534133911132812,0.27152801318671754,0.25276052873777316,0.3035595118999481
1.5760000000000012,0.06823280128233328,17.51940155029297,0.27217888027712817,0.25285295042507744,0.3042820692062378
1.5780000000000012,0.0682337101807715,17.525482177734375,0.2727766985554613,0.2528958822277862,0.3049376606941223
1.5800000000000012,0.0682346898166249,17.515750885009766,0.273322975980576,0.25289038252961366,0.3055301904678345
1.5820000000000012,0.06823609548587406,17.516704559326172,0.2738166292014723,0.25283629950538805,0.30605676770210266
1.5840000000000012,0.06823757067950668,8.098477363586426,0.27422492304289436,0.2527343660618866,0.3065256178379059
1.5860000000000012,0.06823899719755917,16.922672271728516,0.2745551688412927,0.2524895137458717,0.30686163902282715
1.5880000000000012,0.06824042889179648,16.20285987854004,0.2748512980195279,0.2522092015142325,0.307178258895874
1.5900000000000012,0.06824179111784982,17.441864013671875,0.275080646430318,0.2518787701269173,0.3072965741157532
1.5920000000000012,0.06824310304047078,17.44289779663086,0.2752684970273476,0.2515090401447728,0.3068917691707611
1.5940000000000012,0.0682443152372257,17.49462127685547,0.2753965239221382,0.25109159072906334,0.3062940239906311
1.5960000000000012,0.06824542645674977,17.432218551635742,0.2754786179054834,0.25063264890171233,0.305745393037796
1.5980000000000012,0.06824639967230202,17.472232818603516,0.27550500610304623,0.2501276393542295,0.30506500601768494
1.6000000000000012,0.06824722182783848,17.427745819091797,0.2754832603211128,0.2495799878659343,0.30438852310180664
1.6020000000000012,0.06824786227855985,17.444778442382812,0.2754083722906902,0.24898735646885087,0.30361512303352356
1.6040000000000012,0.06824830274552544,17.417844772338867,0.2752845719635597,0.24835169802697515,0.302825391292572
1.6060000000000012,0.06824851648430474,17.422119140625,0.27510941844982145,0.24767191409428987,0.30195972323417664
1.6080000000000012,0.06824848304612291,17.404117584228516,0.2748855513436572,0.24694919734632198,0.30104899406433105
1.6100000000000012,0.06824817819306685,17.40091323852539,0.27461184444388514,0.24618312842551643,0.300057590007782
1.6120000000000012,0.0682475810733307,17.386255264282227,0.27428978432102835,0.2453745203392754,0.29901376366615295
1.6140000000000012,0.0682466694620218,17.379779815673828,0.2739189540607538,0.2445233388976861,0.29789963364601135
1.6160000000000012,0.06824542319889047,17.36705780029297,0.27350033927748973,0.24363021699068094,0.2967321276664734
1.6180000000000012,0.06824382202631021,17.359010696411133,0.27303391774045216,0.24269534631204015,0.2955016791820526
1.6200000000000012,0.06824184721400489,17.347766876220703,0.27252041824571743,0.24171928331134399,0.29421868920326233
1.6220000000000012,0.06823948063742402,17.339515686035156,0.27196003849015055,0.24070235833853382,0.29287853837013245
1.6240000000000012,0.06823670553883313,17.32992172241211,0.27135338091187844,0.23964510438700493,0.2914876341819763
1.6260000000000012,0.06823350618095213,17.321861267089844,0.27070077070950477,0.23854794191536993,0.2900439500808716
1.6280000000000012,0.06822986820494786,17.313129425048828,0.2700027538412767,0.23741140672886135,0.28855177760124207
1.6300000000000012,0.06822577853886379,17.30545997619629,0.2692597342763116,0.23623598169804477,0.28701052069664
1.6320000000000012,0.06822122557120684,17.29758071899414,0.268472239052668,0.23502221770191925,0.28542307019233704
1.6340000000000012,0.06821619916306708,17.290878295898438,0.2676407253366316,0.23377064363293742,0.2837897837162018
1.6360000000000012,0.06821069073821395,17.28450584411621,0.26676572153753203,0.23248183042369724,0.2821125090122223
1.6380000000000012,0.06820469332965291,17.278671264648438,0.2658477246929257,0.23115634278136427,0.28039243817329407
1.6400000000000012,0.0681982016309379,17.27306365966797,0.264887275625115,0.22979477293523853,0.2786307632923126
1.6420000000000012,0.06819121204663572,17.268020629882812,0.26388490437310513,0.22839771462095831,0.2768283784389496
1.6440000000000012,0.06818372272345781,17.263439178466797,0.2628411702404841,0.22696578073042042,0.2749866545200348
1.6460000000000012,0.06817573359194615,17.259441375732422,0.2617566327840801,0.22549958916489302,0.2731066644191742
1.6480000000000012,0.06816724638434792,17.255908966064453,0.26063187316831615,0.22399977193484272,0.2711893916130066
1.6500000000000012,0.06815826466278843,17.25272560119629,0.25946747874699994,0.22246696734905907,0.26923564076423645
1.6520000000000012,0.06814850030466801,17.249963760375977,0.2582640544604302,0.220901824579366,0.26724672317504883
1.6540000000000012,0.06813827610739208,15.949575424194336,0.2569822174268732,0.21930499923608116,0.26381972432136536
1.6560000000000012,0.06812754521280172,14.852231979370117,0.2556859190121613,0.21761532774140419,0.2626933455467224
1.6580000000000013,0.06811637021705647,16.86956024169922,0.2543342422714147,0.21589360186345083,0.2598969638347626
1.6600000000000013,0.06810472509969527,16.518152236938477,0.25295997302837486,0.2141534785523504,0.25827640295028687
1.6620000000000013,0.06809266027385855,17.25503158569336,0.251539852458277,0.21238476191610692,0.25577884912490845
1.6640000000000013,0.06808016724340617,17.217397689819336,0.25009281662901395,0.21059548792730878,0.25386661291122437
1.6660000000000013,0.06806728737315257,17.26422691345215,0.24860627346380404,0.20878009125157082,0.25149622559547424
1.6680000000000013,0.06805404188330236,17.224180221557617,0.24709078783955574,0.20694328857886551,0.24939867854118347
1.6700000000000013,0.06804100559317959,17.26180648803711,0.24554001136598586,0.20508232855148906,0.24706286191940308
1.6720000000000013,0.06802843963499548,17.242101669311523,0.24395996268746328,0.20319994664349025,0.24484661221504211
1.6740000000000013,0.06801635190659745,17.261112213134766,0.2423476335548025,0.20129494149601979,0.24249960482120514
1.6760000000000013,0.06800473718602625,17.255144119262695,0.24070662369770685,0.19936901996691517,0.2401980310678482
1.6780000000000013,0.06799359758233073,17.266956329345703,0.23903571622244763,0.19742181570082404,0.2378189116716385
1.6800000000000013,0.0679829277366189,17.266050338745117,0.23733722838454302,0.19545450585640511,0.23544950783252716
1.6820000000000013,0.06797272533073603,17.275218963623047,0.23561089349042763,0.19346717745099445,0.2330290973186493
1.6840000000000013,0.06796298400407,17.278141021728516,0.23385832795384986,0.1914606936299779,0.23060113191604614
1.6860000000000013,0.06795369855876839,17.286832809448242,0.23207979279052537,0.18943530787259133,0.22813697159290314
1.6880000000000013,0.0679448613433338,17.291427612304688,0.2302765666447042,0.1873917319146981,0.2256586104631424
1.6900000000000013,0.06793646493738625,17.29914093017578,0.2284492113046545,0.18533036777922207,0.22315262258052826
1.6920000000000013,0.06792850034306158,17.30492401123047,0.226598840963954,0.1832518648615325,0.22063040733337402
1.6940000000000013,0.0679209583874213,17.312450408935547,0.22472619436609859,0.181156713497202,0.2180861532688141
1.6960000000000013,0.06791382883641782,17.31903839111328,0.22283231416473492,0.17904553930020625,0.21552586555480957
1.6980000000000013,0.06790809502731718,17.326526641845703,0.22091805021723732,0.1769188880478543,0.21294733881950378
1.7000000000000013,0.06790261561691213,7.788763046264648,0.2190500262674172,0.17477738103631793,0.21164961159229279
1.7020000000000013,0.0678974638113175,16.69805908203125,0.21713570020128153,0.17259516414574536,0.2077886313199997
1.7040000000000013,0.06789257815982216,15.7752685546875,0.21521944840408957,0.17040939385225787,0.20557039976119995
1.7060000000000013,0.06788799532154516,17.345821380615234,0.21326949173734105,0.16820820591354524,0.20226328074932098
1.7080000000000013,0.06788367869050332,17.377357482910156,0.2113122036543746,0.1660009545981306,0.19972212612628937
1.7100000000000013,0.0678796437696902,17.43921661376953,0.2093298711545979,0.1637810188039688,0.19667400419712067
1.7120000000000013,0.06787586782785665,17.409828186035156,0.20733769220759823,0.16155391526988633,0.19396521151065826
1.7140000000000013,0.0678723548729675,17.45218276977539,0.20532651434475924,0.1593162184138479,0.19102945923805237
1.7160000000000013,0.06786908937043346,17.431720733642578,0.20330508877869025,0.15707111234970775,0.18823635578155518
1.7180000000000013,0.06786606944920583,17.455331802368164,0.20126902562817128,0.15481701464138412,0.18534182012081146
1.7200000000000013,0.06786327899153471,17.446441650390625,0.19922360209947426,0.15255582997137818,0.1825047731399536
1.7220000000000013,0.06786070839355075,17.459209442138672,0.19716677317222503,0.15028695016348853,0.17963050305843353
1.7240000000000013,0.06785834486474074,17.456153869628906,0.19510167729952305,0.14801139189068874,0.1767916977405548
1.7260000000000013,0.06785617931847468,17.462608337402344,0.19302772137897134,0.1457287805870996,0.1739453673362732
1.7280000000000013,0.0678542011838081,17.460803985595703,0.19094712853820517,0.14343976869411307,0.17112374305725098
1.7300000000000013,0.06785240218385498,17.464590072631836,0.18886012105177896,0.14114428167598828,0.16830240190029144
1.7320000000000013,0.06785020115472196,17.463703155517578,0.18676845030645273,0.13884291479651512,0.16549290716648102
1.7340000000000013,0.06784823819964557,15.010129928588867,0.18467136129128597,0.13653590873195437,0.16266468167304993
1.7360000000000013,0.06784644804472066,12.52501106262207,0.18260051970057523,0.13425170711521306,0.16001233458518982
1.7380000000000013,0.06784485987929399,16.887378692626953,0.1805009031548247,0.13195521646789254,0.15708403289318085
1.7400000000000013,0.06784343355872677,16.028532028198242,0.17841717948956404,0.12965971974894255,0.15433387458324432
1.7420000000000013,0.06784218296211997,17.43985366821289,0.17631737968193995,0.12735550822067054,0.15150456130504608
1.7440000000000013,0.06784108318723123,17.43494415283203,0.1742279970505071,0.12505053714735073,0.14872832596302032
1.7460000000000013,0.06784013933891665,17.468381881713867,0.17213119413035788,0.12273933188229996,0.14595083892345428
1.7480000000000013,0.06783933608161004,17.442296981811523,0.17004222633356608,0.12042659393319675,0.14318425953388214
1.7500000000000013,0.06783867446434905,17.477554321289062,0.16795185163675663,0.11810953648190523,0.14044266939163208
1.7520000000000013,0.06783814501408586,17.460025787353516,0.16586894301190802,0.1157908758260702,0.13770322501659393
1.7540000000000013,0.06783774740558371,17.47726058959961,0.16378925993079133,0.11346934709846306,0.13500560820102692
1.7560000000000013,0.06783747190373803,17.468955993652344,0.16171941765972048,0.11114682364131868,0.13236719369888306
1.7580000000000013,0.06783731150019155,17.47774887084961,0.15965797817229643,0.10882403638405949,0.129805326461792
1.7600000000000013,0.06783725755089982,17.473968505859375,0.1576083491306902,0.10650282644702581,0.12729348242282867
1.7620000000000013,0.06783688738898358,17.478378295898438,0.1555694025371532,0.10418360946656822,0.12484539300203323
1.7640000000000013,0.06783666149683933,14.099526405334473,0.1534261502436261,0.10186760504943851,0.12482276558876038
1.7660000000000013,0.06783626368421562,-2.130061626434326,0.15134053797566777,0.09953407233061518,0.12240775674581528
1.7680000000000013,0.06783599770865271,16.48737335205078,0.14922359110821823,0.09719625752272931,0.12111088633537292
1.8820000000000014,0.0681165497224951,17.06511878967285,0.11837140345698645,0.04928671710634919,0.1201367974281311
1.8840000000000015,0.06812613188559932,17.004261016845703,0.1191385776509517,0.050074739585400325,0.1208895742893219
1.8860000000000015,0.06813517716232584,17.018970489501953,0.11988976965454651,0.0508843864874473,0.12162347882986069
1.8880000000000015,0.06814348722243475,5.417635917663574,0.12062457243264198,0.05168823105080951,0.12234102934598923
1.8900000000000015,0.06815114690935818,16.522281646728516,0.1213070423089779,0.05246722722091609,0.12300767749547958
1.8920000000000015,0.06815818924112786,15.318437576293945,0.12199704774542075,0.053248045840428436,0.1236843392252922
1.8940000000000015,0.0681646756319413,16.9726505279541,0.12264956126852564,0.054013953310965784,0.12432559579610825
1.8960000000000015,0.06817064269048986,17.022960662841797,0.12329958988459803,0.0547761244447747,0.12496650218963623
1.8980000000000015,0.06817613669549134,17.050678253173828,0.12392324345041683,0.055524341754068486,0.12557925283908844
1.9000000000000015,0.06818119305337868,17.03402328491211,0.12453823075605122,0.05626672587922686,0.12618230283260345
1.9020000000000015,0.06818379739829367,17.07792091369629,0.12513157177874235,0.05699829523099476,0.12676237523555756
1.9040000000000015,0.06818641222015749,16.99892234802246,0.12555800682233584,0.057722866322934115,0.12716726958751678
1.9060000000000015,0.06818884777575282,7.489391326904297,0.12602713670273552,0.058472533416110306,0.1276155710220337
1.9080000000000015,0.06819111586476005,16.4984073638916,0.1264555989595722,0.0593146779494228,0.12802213430404663
1.9100000000000015,0.06819322719910349,15.215662956237793,0.1269061027558483,0.06015168620042056,0.12845160067081451
1.9120000000000015,0.06819518997036667,16.992610931396484,0.12732956054223274,0.06096522221469975,0.12885473668575287
1.9140000000000015,0.06819701553414308,17.040496826171875,0.1277618601850765,0.06176946890302432,0.12926921248435974
1.9160000000000015,0.06819871071604898,17.085224151611328,0.1281776055090672,0.06255379788589956,0.12966708838939667
1.9180000000000015,0.06820028591403507,17.055072784423828,0.12859681608432122,0.06332645434267549,0.1300688087940216
1.9200000000000015,0.0682017474489789,17.10255241394043,0.12900499133360924,0.0640815714441077,0.13045957684516907
1.9220000000000015,0.06820171636653936,17.07518196105957,0.12941265120427017,0.06482370378075888,0.13085024058818817
1.9240000000000015,0.06820165115879442,15.092167854309082,0.1297577274303019,0.06554975696282939,0.13117273151874542
1.9260000000000015,0.06820157094091284,12.081636428833008,0.13014004058286072,0.06629303827598663,0.13153453171253204
1.9280000000000015,0.06820146428052297,16.605491638183594,0.1304864042797177,0.06701268160966953,0.1318594366312027
1.9300000000000015,0.06820134450734332,15.61546516418457,0.13085360008770047,0.06773038832353681,0.13220679759979248
1.9320000000000015,0.06820120450143063,17.030385971069336,0.1311988274750506,0.06842881507954589,0.13253194093704224
1.9340000000000015,0.06820105320057251,17.03341293334961,0.13155484396495265,0.06912069398636335,0.13286910951137543
1.9360000000000015,0.06820088673304756,17.071611404418945,0.13189742032231636,0.06979591076218263,0.13319294154644012
1.9380000000000015,0.06820071081891618,17.028926849365234,0.13224448388131244,0.07046173434224376,0.13352233171463013
1.9400000000000015,0.06820052363635558,17.077001571655273,0.13258296735584543,0.07111256154458477,0.1338435560464859
1.9420000000000015,0.06820032887677409,17.04971694946289,0.13292247768175072,0.07175228532356384,0.13416679203510284
1.9440000000000015,0.06820012587417885,17.073747634887695,0.13325602931893593,0.07237786877916655,0.13448457419872284
1.9460000000000015,0.06819991707866559,17.060224533081055,0.13358877320875387,0.07299135898988389,0.13480249047279358
1.9480000000000015,0.06819970244570367,17.071022033691406,0.13391698380716544,0.0735910993556752,0.1351165622472763
1.9500000000000015,0.06819948366418575,17.0640869140625,0.1342434292282131,0.07417815362826326,0.13542968034744263
1.9520000000000015,0.06819926100238975,17.068904876708984,0.13456613272686238,0.07475160858295443,0.13573984801769257
1.9540000000000015,0.06819903567680483,17.064781188964844,0.13488659146816231,0.07531200633427393,0.13604867458343506
1.9560000000000015,0.06819880809588198,17.0672607421875,0.13520376899124698,0.07585883523258272,0.13635499775409698
1.9580000000000015,0.06819857917645117,17.064699172973633,0.13551848775659925,0.0763923624539095,0.1366596668958664
1.9600000000000015,0.06819834937398965,17.06603240966797,0.13583021951403737,0.07691229456537035,0.13696224987506866
1.9620000000000015,0.06819685553799974,17.06450843811035,0.13613943178057603,0.0774187553871627,0.13726316392421722
1.9640000000000015,0.06819534214748252,14.122823715209961,0.13626938597690244,0.07791157133301622,0.13737255334854126
1.9660000000000015,0.06819365686699508,0.5367405414581299,0.1364564129541618,0.07840932139488299,0.13754409551620483
1.9680000000000015,0.0681919876433122,16.228540420532227,0.13659072528334762,0.0788757846632713,0.13766126334667206
1.9700000000000015,0.06819035846349314,14.95075798034668,0.13676185207317207,0.07933544995780134,0.13781851530075073
1.9720000000000015,0.06818866070718435,16.87057876586914,0.1369144654874507,0.07977052297622952,0.13795658946037292
1.9740000000000015,0.06818698496034489,16.65827178955078,0.13703560401540776,0.08019767679738493,0.13806280493736267
1.9760000000000015,0.06818493039404194,16.352270126342773,0.13718507122189855,0.08055381816499417,0.1381998211145401
1.9780000000000015,0.06818290411541138,15.240047454833984,0.1373324497693494,0.0808885310984109,0.13833554089069366
1.9800000000000015,0.06818089860131663,16.913074493408203,0.13746190926966229,0.08118196851617292,0.13845260441303253
1.9820000000000015,0.06817892555146962,16.941682815551758,0.13761222041696086,0.08146917755640377,0.1385926902294159
1.9840000000000015,0.06817698251630845,16.98739242553711,0.1377543822395333,0.08173829803901728,0.13872459530830383
1.9860000000000015,0.06817478455626765,16.95021629333496,0.13790983868412915,0.08199820233759922,0.13887108862400055
1.9880000000000015,0.0681726360923261,15.974590301513672,0.13807316633566433,0.08224229138688341,0.13902536034584045
1.9900000000000015,0.06817053143116128,16.97388458251953,0.13822374223604567,0.08256918203798279,0.139166459441185
1.9920000000000015,0.06816847707140569,16.954654693603516,0.13839390617938785,0.08288742109533667,0.139328733086586
1.9940000000000015,0.06816647062835333,17.00349998474121,0.13855946914347894,0.08318708264072061,0.1394866406917572
1.9960000000000016,0.06816451532018988,16.962621688842773,0.138737842706825,0.08347568196613264,0.13965855538845062
1.9980000000000016,0.06816261018985803,17.01055908203125,0.13891605632412313,0.08374786264852815,0.13983066380023956
2.0000000000000013,0.06816075673765958,16.98802375793457,0.1391033833550699,0.08400767864344161,0.1400127112865448
2.002000000000001,0.06815895452097484,17.011306762695312,0.13929287899667508,0.08425229024126268,0.1401975005865097
2.004000000000001,0.06815720411123319,17.001537322998047,0.13948948308611767,0.084483890562688,0.14039011299610138
2.0060000000000007,0.0681550529054918,17.013019561767578,0.1396894879219546,0.08470098518778268,0.14058659970760345
2.0080000000000005,0.06815296967417835,16.478395462036133,0.13992347522579765,0.08490476909298758,0.14081862568855286
2.0100000000000002,0.06815076835229389,15.436807632446289,0.14018759716502685,0.08514795999546634,0.14108280837535858
2.012,0.06814860902247574,14.429290771484375,0.14033637858623121,0.08537157015008627,0.14122606813907623
2.014,0.06814650012418125,7.531318187713623,0.14054218781158961,0.08558445304966394,0.1414298117160797
2.0159999999999996,0.06814443975725513,16.373844146728516,0.14071514858489748,0.08576788739597929,0.141599640250206
2.0179999999999993,0.06814243161593939,15.244913101196289,0.14092474669136248,0.08594950989191481,0.14180824160575867
2.019999999999999,0.0681413489267863,16.927263259887695,0.14111848180744704,0.08610784099370583,0.1420006901025772
2.021999999999999,0.06814029844787041,16.30331039428711,0.1412362647473649,0.08625921805150459,0.142115518450737
2.0239999999999987,0.06813927957803663,15.114200592041016,0.14139855869702544,0.0863621854267077,0.14227746427059174
2.0259999999999985,0.06813829511035811,16.887039184570312,0.14155074299063353,0.0864357305840076,0.14243054389953613
2.0279999999999982,0.06813734314574023,16.926040649414062,0.14173306634650115,0.0864972790347056,0.14261572062969208
2.029999999999998,0.06813642653516473,16.980676651000977,0.14191494907070476,0.08653459785525916,0.14280129969120026
2.031999999999998,0.0681355434069819,16.946996688842773,0.14211829076251906,0.08655790698335306,0.14300931990146637
2.0339999999999976,0.06813469598662852,17.000720977783203,0.14232625674909063,0.08656059759789474,0.1432226598262787
2.0359999999999974,0.06813388279607147,16.975818634033203,0.14255034849529946,0.08654842347300484,0.14345285296440125
2.037999999999997,0.06813310536256659,17.008501052856445,0.14278154331785498,0.08651803083559607,0.14369088411331177
2.039999999999997,0.06813236262231769,16.99656105041504,0.14302579848351166,0.08647264986000251,0.14394249022006989
2.0419999999999967,0.06813257257005845,17.013477325439453,0.14327857681185657,0.0864106400803698,0.14420287311077118
2.0439999999999965,0.06813284475166993,16.93583869934082,0.14366912392658768,0.08633386258682335,0.14459960162639618
2.0459999999999963,0.06813316308008345,16.979700088500977,0.1440777581234252,0.0862605015079433,0.1450144201517105
2.047999999999996,0.06813352919871019,17.05792999267578,0.14447387015693333,0.0861722943694438,0.14541661739349365
2.049999999999996,0.0681339329650753,17.023120880126953,0.1448812107621695,0.08607899110535086,0.1458299458026886
2.0519999999999956,0.06813437400787163,17.079143524169922,0.14528353224646756,0.08597267708528822,0.14623810350894928
2.0539999999999954,0.0681348457593203,17.050024032592773,0.14569358400819704,0.08585858163097064,0.1466536968946457
2.055999999999995,0.06813534712790817,17.08627700805664,0.146103015265167,0.08573243740935575,0.14706823229789734
2.057999999999995,0.06813587376946498,17.071144104003906,0.14651874082818175,0.08559695430606123,0.14748866856098175
2.0599999999999947,0.06813642447150087,17.089841842651367,0.1469365495567537,0.08544982116850446,0.14791055023670197
2.0619999999999945,0.06813545175481914,17.083946228027344,0.1473602587348568,0.08529243475530762,0.14833758771419525
2.0639999999999943,0.06813296049970032,16.648799896240234,0.14775906257616517,0.0851235380452898,0.14873941242694855
2.065999999999994,0.06813054181774975,17.00833511352539,0.14811060083372354,0.08493597234301348,0.14908073842525482
2.067999999999994,0.06812909712605814,17.064306259155273,0.14846297725844687,0.08467263565175803,0.14929285645484924
2.0699999999999936,0.06812772310929054,13.964324951171875,0.14883840515583818,0.08440580730593268,0.1498250812292099
2.0719999999999934,0.06812637992271742,7.028254508972168,0.14926319749443118,0.08401360802311324,0.15025076270103455
2.073999999999993,0.06812510686851206,16.311904907226562,0.14965445515165965,0.0836030371828732,0.15064126253128052
2.075999999999993,0.0681238792291591,15.245462417602539,0.15007798326353047,0.08320151201265938,0.15106284618377686
2.0779999999999927,0.06812272217169289,16.969886779785156,0.15048575286418345,0.08278640709086484,0.15146662294864655
2.0799999999999925,0.068121620955307,17.01705551147461,0.15091579981330108,0.0823738270362558,0.15189114212989807
2.0819999999999923,0.06812059102497123,17.06671142578125,0.15134115779016372,0.08195046500249425,0.15230858325958252
2.083999999999992,0.06811962402570101,17.036394119262695,0.1517828887598501,0.08152554962835118,0.15274038910865784
2.085999999999992,0.06811872914710641,17.090593338012695,0.1522266521033566,0.08109156423426851,0.15314795076847076
2.0879999999999916,0.06811790167958327,17.065189361572266,0.15268373747964703,0.08065349317405833,0.15353064239025116
2.0899999999999914,0.06811714700125714,17.09856414794922,0.1531466982430148,0.08020725106524303,0.15384164452552795
2.091999999999991,0.06811646238381382,17.08521842956543,0.1536216075206378,0.07975545105729376,0.15421389043331146
2.093999999999991,0.0681158508585687,17.10288429260254,0.15410462788725665,0.07929586733027259,0.15455438196659088
2.0959999999999908,0.0681153107320871,17.097755432128906,0.15459903819277043,0.07882986386211026,0.1549273282289505
2.0979999999999905,0.06811484357194975,17.10761260986328,0.15510287478974868,0.0783562277309126,0.15528741478919983
2.0999999999999903,0.06811444819073266,17.10563850402832,0.1556179097279196,0.07787567131218483,0.15566645562648773
2.10199999999999,0.06811412522858268,17.112133026123047,0.15614311766566302,0.07738753801602799,0.1560421884059906
2.10399999999999,0.06811237392639523,17.112171173095703,0.15667545527966475,0.0768922055651053,0.15643051266670227
2.1059999999999897,0.06811080314203849,14.369877815246582,0.15719033370777843,0.07638932688978034,0.15651655197143555
2.1079999999999894,0.06810938297372085,6.009451866149902,0.15775032833591315,0.07591452470382953,0.15761873126029968
2.109999999999989,0.06810820393354378,10.647293090820312,0.15824205135943056,0.07542149788136948,0.1566947102546692
2.111999999999989,0.06810658003527177,-8.092921257019043,0.1588103778964893,0.07492160275517323,0.15835854411125183
2.1139999999999888,0.06810516449102927,14.298844337463379,0.1593338490859861,0.07439354723711859,0.15803128480911255
2.1159999999999886,0.0681038594122913,6.900890350341797,0.15990602288770775,0.07392558781158023,0.1591159701347351
2.1179999999999883,0.06810273352444032,16.45899772644043,0.160445823049939,0.07343836458857479,0.15913309156894684
2.119999999999988,0.06810172538464404,15.438942909240723,0.16101625806757439,0.0729583271093582,0.1599588841199875
2.121999999999988,0.06810087501213523,17.05770492553711,0.16156853419616804,0.07246447893457557,0.1602318435907364
2.1239999999999877,0.06810014458161096,17.090435028076172,0.16214081518375784,0.07197220569250484,0.16093793511390686
2.1259999999999875,0.06809955558458267,17.13408660888672,0.16271061645899282,0.07146939558260504,0.16156449913978577
2.1279999999999872,0.06809908515605292,17.104999542236328,0.16329981453550185,0.07096481037252769,0.1625574678182602
2.129999999999987,0.06809874380720111,17.15872573852539,0.16389315469982552,0.07045177064989018,0.16341613233089447
2.131999999999987,0.06809851735348575,17.135730743408203,0.1645015282832504,0.06993500803523356,0.16437654197216034
2.1339999999999866,0.06810219584552554,17.16879653930664,0.16511683238765426,0.06941097893684087,0.16526325047016144
2.1359999999999864,0.06810586962804406,16.59315299987793,0.1657645742100345,0.06888219785404401,0.16524450480937958
2.137999999999986,0.06810947147302492,15.726399421691895,0.1664465154892999,0.06837209453982533,0.1665482372045517
2.139999999999986,0.06811304597004268,17.130504608154297,0.16711857480704773,0.06784180462533586,0.16730189323425293
2.1419999999999857,0.06811655440553767,17.139373779296875,0.167812814413695,0.06730567517055447,0.1684740036725998
2.1439999999999855,0.06812002163959896,17.18492889404297,0.16850473602869864,0.0667535640490377,0.16932789981365204
2.1459999999999853,0.06812342649686005,17.15666961669922,0.1692112410475259,0.0661937346795676,0.17041417956352234
2.147999999999985,0.06812678274210503,17.21183967590332,0.16991924575599524,0.06562087922007745,0.17132462561130524
2.149999999999985,0.06813007913350073,17.19295883178711,0.17063737911448418,0.06503957872379518,0.1723603457212448
2.1519999999999846,0.0681355392024368,17.225841522216797,0.17135863289686598,0.06444720528428224,0.17329950630664825
2.1539999999999844,0.06814082942263515,16.47113800048828,0.17222396645092541,0.06384633506259922,0.17642264068126678
2.155999999999984,0.06814588022868978,15.492487907409668,0.1731086849349618,0.06319665642021818,0.17780350148677826
2.157999999999984,0.06815215985640113,17.171419143676758,0.1739683158823337,0.06253474659552527,0.17846518754959106
2.1599999999999837,0.06815781815387202,-2.0454797744750977,0.17492670588291734,0.061875334773004526,0.18174149096012115
2.1619999999999835,0.06816330043404237,16.361434936523438,0.17583344434229803,0.06126090507868051,0.18197302520275116
2.1639999999999833,0.06816972340374497,15.303712844848633,0.17676171570792426,0.060646784921278195,0.18340528011322021
2.165999999999983,0.06817589469249213,15.933616638183594,0.17773126331204991,0.060016614271964266,0.18544667959213257
2.167999999999983,0.06818173140539241,14.802129745483398,0.1787206929340907,0.05935687911308282,0.18699827790260315
2.1699999999999826,0.06818730661844143,17.013404846191406,0.17967821049072297,0.05868201524325019,0.18758293986320496
2.1719999999999824,0.06819257856207245,16.93918228149414,0.18064366921926683,0.058009562188463044,0.18889985978603363
2.173999999999982,0.06819759103726233,17.28343963623047,0.1815878792963111,0.05732582947329421,0.1896587461233139
2.175999999999982,0.06820232578130177,17.26373291015625,0.18253060847929192,0.056640854465176554,0.19082969427108765
2.1779999999999817,0.06820680959619098,17.32335662841797,0.18345360181942838,0.055946973315355905,0.19168920814990997
2.1799999999999815,0.06821103710315152,17.292957305908203,0.1843686467365349,0.055249810019014564,0.19276711344718933
2.1819999999999813,0.06821502603858277,17.342514038085938,0.18526684936314214,0.05454530848927768,0.19367681443691254
2.183999999999981,0.06821877740622684,17.324905395507812,0.18615459699995623,0.05383646642337489,0.1946997344493866
2.185999999999981,0.06822230401292934,17.353504180908203,0.18702700558809332,0.05312118395937181,0.19562990963459015
2.1879999999999806,0.06822560986376906,17.347518920898438,0.18788752511246914,0.05240108426221041,0.19661693274974823
2.1899999999999804,0.06822870492106498,17.364147186279297,0.18873345878815478,0.051675102683575384,0.1975511908531189
2.19199999999998,0.06823159442880175,17.362518310546875,0.18956665725981486,0.05094414332279541,0.19851191341876984
2.19399999999998,0.06823428656228776,17.373262405395508,0.19038561789741565,0.05020769194567417,0.19944050908088684
2.1959999999999797,0.06823678688896133,17.37440299987793,0.19119131979896775,0.04946627737092152,0.20037922263145447
2.1979999999999795,0.0682396827289044,17.38260841369629,0.19198291245661508,0.04871967981804441,0.20129650831222534
2.1999999999999793,0.06824232916073271,16.129369735717773,0.1927559284497969,0.04796823327818879,0.2025269716978073
2.201999999999979,0.06824461179814184,15.125116348266602,0.19355439050583467,0.04723130157879785,0.2039547711610794
2.203999999999979,0.0682466496953131,16.799015045166016,0.19424913984673847,0.046476872466858506,0.2022126168012619
2.2059999999999786,0.0682484098955476,16.077022552490234,0.19496402666352552,0.0457154795438995,0.2036510556936264
2.2079999999999784,0.0682499417945575,17.33742904663086,0.19565771999987153,0.04493657113712384,0.20401640236377716
2.209999999999978,0.06825123158188307,17.336414337158203,0.19635977439394442,0.044152717539797944,0.2051531821489334
2.211999999999978,0.06825230992711594,17.389053344726562,0.19704707179991704,0.04335550757511769,0.20570813119411469
2.2139999999999778,0.06825317358728761,17.35000991821289,0.19773514876669024,0.04255232875612936,0.20666052401065826
2.2159999999999775,0.06825384235655378,17.41214942932129,0.1984115452405268,0.041738802209267165,0.20730750262737274
2.2179999999999773,0.06825431801939827,17.38714599609375,0.1990841481751784,0.04091911630321877,0.2081531435251236
2.219999999999977,0.06825461411533583,17.424983978271484,0.19974619999091398,0.040091146369273266,0.20883631706237793
2.221999999999977,0.0682547345319354,17.412979125976562,0.2004016127063341,0.039257310435473,0.2096162587404251
2.2239999999999767,0.06825468905472849,17.435443878173828,0.2010466373265764,0.03841665995503317,0.21030674874782562
2.2259999999999764,0.06825462785142666,17.43124008178711,0.20168312649723763,0.037570651025798166,0.2110416740179062
2.227999999999976,0.0682543814268403,-7.336052894592285,0.20235533654704158,0.03671894174875941,0.21430854499340057
2.229999999999976,0.06825401885661975,16.23548698425293,0.2029662815686848,0.035918222657118734,0.21382620930671692
2.231999999999976,0.06825349001609292,15.354501724243164,0.20359250975097698,0.03509256325338852,0.2151196002960205
2.2339999999999756,0.06825284333041938,17.244140625,0.2041839060240468,0.03425459414641691,0.2152862399816513
2.2359999999999753,0.06825205267725953,17.253923416137695,0.20477815643464076,0.03342052715820867,0.21628746390342712
2.237999999999975,0.06825114613786672,17.466106414794922,0.20534674993817537,0.03257798778137406,0.21663664281368256
2.239999999999975,0.06825011117813314,17.431638717651367,0.20591055180252138,0.031736471099078144,0.21744993329048157
2.2419999999999747,0.06824888654958906,17.496334075927734,0.2064538226178722,0.03088899188984476,0.2178955376148224
2.2439999999999745,0.06824750713475085,15.328729629516602,0.20704309388454506,0.030040992980004375,0.21920719742774963
2.2459999999999742,0.06824601719674568,17.245250701904297,0.2075946389069357,0.029197588591634113,0.21926067769527435
2.247999999999974,0.06824439216352211,17.235214233398438,0.2081457517769077,0.028360020240606548,0.22023138403892517
2.249999999999974,0.06824265776001784,17.500030517578125,0.20866842450805662,0.027515483827329802,0.2204953283071518
2.2519999999999736,0.06824080227649569,17.46715545654297,0.20918341869618307,0.0266737015806918,0.22126378118991852
2.2539999999999734,0.06823884051039032,17.529891967773438,0.2096752919165909,0.025827475355898258,0.22163595259189606
2.255999999999973,0.06823676781574997,17.48825454711914,0.21015499256326592,0.02498232434530947,0.22226889431476593
2.257999999999973,0.06823391221429954,17.541091918945312,0.21061432166777244,0.024134439846277885,0.22268393635749817
2.2599999999999727,0.06823088089052086,15.511049270629883,0.21110247917664193,0.023286809543239504,0.22558706998825073
2.2619999999999725,0.06822763267296951,12.976778984069824,0.21160385754712863,0.0225200821799673,0.22697685658931732
2.2639999999999723,0.06822421779413784,16.990158081054688,0.21206098413263408,0.021736661551927564,0.2267012894153595
2.265999999999972,0.06822061958980337,16.36005210876465,0.2125170924555797,0.020957191948604816,0.2276458740234375
2.267999999999972,0.06821686854216272,17.524208068847656,0.212939243486036,0.02016648499266145,0.22763791680335999
2.2699999999999716,0.06821296092677907,17.512056350708008,0.2133516837976741,0.019376692625432956,0.22830207645893097
2.2719999999999714,0.06820891615859162,17.56884765625,0.21373607923162807,0.01857924815401792,0.2284380942583084
2.273999999999971,0.06820473712727367,17.522422790527344,0.2141053121156825,0.017781205800530206,0.22891704738140106
2.275999999999971,0.06820043744950488,17.588409423828125,0.2144495809929658,0.01697803606748936,0.2291121482849121
2.2779999999999707,0.06819545392168387,17.557193756103516,0.21477554210159022,0.016173673552121383,0.22947309911251068
2.2799999999999705,0.06819033169012063,15.771718978881836,0.2150813533370498,0.01536584942643799,0.22811374068260193
2.2819999999999703,0.06818505602864025,14.614112854003906,0.21539204521763522,0.014488820767333207,0.22938434779644012
2.28399999999997,0.06817965316187628,17.159042358398438,0.21565830869747366,0.013602327653037746,0.22881323099136353
2.28599999999997,0.06817412036754517,16.810443878173828,0.2159179176852054,0.012724696306622043,0.22959639132022858
2.2879999999999696,0.06816847454528883,17.60489845275879,0.2161426511065918,0.011841990093825491,0.2293613702058792
2.2899999999999694,0.06816271907267618,17.57952880859375,0.21635382104602868,0.010964775624862736,0.2298506796360016
2.291999999999969,0.068155744138205,17.639514923095703,0.216535841988459,0.01008531475608645,0.2297869324684143
2.293999999999969,0.06814861753885731,17.559690475463867,0.21665595740083649,0.009209623501860264,0.2285548448562622
2.2959999999999687,0.06814134574578688,17.559532165527344,0.2167666670823084,0.008354588162757685,0.2291216105222702
2.2979999999999685,0.068133941015418,17.6195125579834,0.21685063272094046,0.0074914244037291005,0.22894573211669922
2.2999999999999683,0.06812624333634017,17.571990966796875,0.2169199994225649,0.006627039136975513,0.22925056517124176
2.301999999999968,0.06811839656771963,7.233822345733643,0.21694330216507496,0.005757643035375812,0.22699284553527832
2.303999999999968,0.06811039820228135,16.856618881225586,0.21692548102307607,0.004873287035021583,0.22598393261432648
2.3059999999999676,0.06810224551919523,16.1317081451416,0.2169096471078359,0.003997102393625466,0.22700995206832886
2.3079999999999674,0.06809392470469856,17.546436309814453,0.2168640175174354,0.0031178296647345967,0.22653652727603912
2.309999999999967,0.06808541764719667,17.58708953857422,0.21681386906111194,0.002253269127931391,0.22716285288333893
2.311999999999967,0.06807668149724666,17.642940521240234,0.21674325397893573,0.001419996828718197,0.22706139087677002
2.3139999999999668,0.06806772042176569,17.594013214111328,0.21667033702328353,0.0007488782996552731,0.22765856981277466
2.3159999999999665,0.06805616363322527,17.66368865966797,0.2165968608189398,0.0008309374691330674,0.22825202345848083
2.3179999999999663,0.06804508272449436,17.619565963745117,0.2165680475369185,0.0015254105472436625,0.23016475141048431
2.319999999999966,0.06803447756528573,17.57550048828125,0.21652055494004357,0.0022478583720285,0.23029351234436035
2.321999999999966,0.06802513086525665,17.651439666748047,0.21644457099049225,0.003012083560706843,0.22992271184921265
2.3239999999999656,0.06801609828957389,17.537704467773438,0.21634250749990463,0.003793787159860606,0.22972510755062103
2.3259999999999654,0.06800737297600311,17.633403778076172,0.21621148455375888,0.004478046313399437,0.2292748987674713
2.327999999999965,0.06799894256294482,17.592422485351562,0.21606554035700087,0.005172551291346763,0.22957678139209747
2.329999999999965,0.06799079762876009,17.667760848999023,0.21589394630813286,0.0058801267782328005,0.22926273941993713
2.3319999999999648,0.06798292400037968,17.625946044921875,0.21570411496646202,0.006594442143181949,0.22929102182388306
2.3339999999999645,0.06797531162663369,17.683921813964844,0.21549044837895603,0.007316960599318959,0.2290133386850357
2.3359999999999643,0.06796799508409335,17.65943145751953,0.21525685014580365,0.0080443029313316,0.22888502478599548
2.337999999999964,0.06796100872907873,17.694595336914062,0.21500040930222286,0.008776959540861799,0.22859761118888855
2.339999999999964,0.06795433865643248,17.683841705322266,0.2147232095605962,0.009512921981432653,0.2283695936203003
2.3419999999999637,0.06794639817944687,17.703815460205078,0.21442376312294364,0.01025216672816791,0.22805312275886536
2.3439999999999634,0.06793890928952664,16.853515625,0.21415521718736502,0.010993390435161876,0.2287379652261734
2.3459999999999632,0.06793184418749865,16.162452697753906,0.21388021648099875,0.011807109805474513,0.22882133722305298
2.347999999999963,0.0679246388030165,17.60733413696289,0.21356803648940625,0.01262642575006371,0.22809304296970367
2.349999999999963,0.06791775492983324,17.72449493408203,0.2132215603885657,0.013439775718351792,0.2270721197128296
2.3519999999999626,0.06791134859487304,16.11954116821289,0.21289698611537805,0.014311372767156461,0.22853904962539673
2.3539999999999623,0.0679053841133737,17.60199737548828,0.21253439289288234,0.015135511809742213,0.22762419283390045
2.355999999999962,0.06789984051479418,17.67522430419922,0.21215867066068556,0.015954968776335152,0.22741639614105225
2.357999999999962,0.06789468862817315,17.740848541259766,0.2117522046502619,0.016777241169967573,0.22669349610805511
2.3599999999999617,0.06788991284769888,17.690460205078125,0.21132899697983382,0.017595093884350283,0.22633089125156403
2.3619999999999615,0.06788549008654274,17.762500762939453,0.21087963889554512,0.018412568683173175,0.22570116817951202
2.3639999999999612,0.06788140765857618,17.717700958251953,0.21041178318803488,0.019225597790909012,0.22524450719356537
2.365999999999961,0.06787764735094326,17.771564483642578,0.2099206135707224,0.02003619864658253,0.22464828193187714
2.367999999999961,0.06787419828434235,17.7449951171875,0.20941038002682094,0.020842117890497263,0.2241310179233551
2.3699999999999606,0.06787104591725182,17.777393341064453,0.20887869945619136,0.02164431299411316,0.2235366553068161
2.3719999999999604,0.06786818064838838,17.764862060546875,0.20832801053012323,0.022441500048140068,0.22297418117523193
2.37399999999996,0.06786559062216048,17.78310775756836,0.20775722106522854,0.02323409378620513,0.22236520051956177
2.37599999999996,0.06786307454854142,17.777910232543945,0.20716780581218597,0.024021333725020005,0.2217639982700348
2.3779999999999597,0.06786086928307751,17.740854263305664,0.20661163618618067,0.024803360764351974,0.22262786328792572
2.3799999999999595,0.06785894953071557,17.811176300048828,0.2060311941861841,0.0255896504131763,0.22189125418663025
2.3819999999999593,0.06785731267588498,17.76327133178711,0.20543463897642134,0.026366649429599442,0.22132590413093567
2.383999999999959,0.0678555664018738,17.81719970703125,0.20481689330516306,0.027136876130832297,0.2206166386604309
2.385999999999959,0.06785411437990649,16.13256072998047,0.2042035170221554,0.027898446884720252,0.220903679728508
2.3879999999999586,0.06785302266770184,15.389808654785156,0.20359292714671284,0.028683561824330857,0.22067484259605408
2.3899999999999584,0.0678522083901656,17.467655181884766,0.20294339847977394,0.02946776214338567,0.21945862472057343
2.391999999999958,0.06785170920136457,17.36812973022461,0.20228833853614037,0.03023753179316266,0.2189635932445526
2.393999999999958,0.06785147049360397,17.82654571533203,0.20160374937494513,0.031003298005549004,0.21793611347675323
2.3959999999999577,0.06785151119351633,17.788314819335938,0.20090901026881125,0.03175725103170687,0.21728213131427765
2.3979999999999575,0.06785179597568619,17.85776138305664,0.20019094730926124,0.03250534954617851,0.21634547412395477
2.3999999999999573,0.06785233200358057,17.798419952392578,0.19946029824787853,0.03324319715358596,0.21558956801891327
2.401999999999957,0.06785309558290889,17.865345001220703,0.1987102692649313,0.0339739950255092,0.21468517184257507
2.403999999999957,0.06785408739855561,17.82668685913086,0.19794688129890275,0.03469542455006641,0.21386362612247467
2.4059999999999566,0.06785529069421375,17.866600036621094,0.19716675397165828,0.03540918325708709,0.21296057105064392
2.4079999999999564,0.0678567026751824,17.84630584716797,0.1963733762949565,0.036114047572767656,0.21209155023097992
2.409999999999956,0.06785831075791174,17.868507385253906,0.19556519428228575,0.03681091610249108,0.21117399632930756
2.411999999999956,0.06786011034895832,17.85879135131836,0.19474433755208315,0.03749914103843962,0.2102661430835724
2.4139999999999557,0.0678620914062704,17.871719360351562,0.19391022991576135,0.0381791953971496,0.20932623744010925
2.4159999999999555,0.06786424846520302,17.867904663085938,0.19306427145179744,0.03885073309686668,0.20838378369808197
2.4179999999999553,0.0678665730600143,17.876188278198242,0.19220641034420144,0.03951399961846851,0.20741787552833557
2.419999999999955,0.06786905935654389,17.875370025634766,0.19133765591421553,0.04016880626690885,0.2064431607723236
2.421999999999955,0.06787169989137734,17.881153106689453,0.19045823867979422,0.040815276299363074,0.20544923841953278
2.4239999999999546,0.06787448872492247,17.881877899169922,0.1895689597331835,0.04145330262039144,0.2044437825679779
2.4259999999999544,0.06787741905227812,17.886207580566406,0.18867020289352637,0.0420829424728069,0.20342127978801727
2.427999999999954,0.06788048496213431,17.887794494628906,0.18776265955913712,0.04270413076792735,0.20238587260246277
2.429999999999954,0.06788367949935405,17.89130401611328,0.18684679816262922,0.04331688891251201,0.2013348788022995
2.4319999999999538,0.0678869660383823,17.89333724975586,0.18592325370154988,0.0439211733081472,0.200270414352417
2.4339999999999535,0.06789032210417117,17.896371841430664,0.18499254269407894,0.0445169858736662,0.19919119775295258
2.4359999999999533,0.06789374319579101,17.898601531982422,0.18405527258305338,0.045104294009703394,0.19809852540493011
2.437999999999953,0.06789722475412291,17.90133285522461,0.18311198852155558,0.04568308912098913,0.19699184596538544
2.439999999999953,0.06790076243272535,17.90361213684082,0.18216328596507264,0.04625334435965172,0.19587190449237823
2.4419999999999527,0.06790435189209258,17.90612030029297,0.18120972825957193,0.04681504563564986,0.19473861157894135
2.4439999999999524,0.06790798893649069,17.908355712890625,0.18025190716643558,0.047368169326409235,0.19359226524829865
2.445999999999952,0.06791166940719104,17.910709381103516,0.17929039847678052,0.047912698726996064,0.1924331784248352
2.447999999999952,0.0679153892511751,17.91289520263672,0.1783257945093359,0.04844861230812179,0.19126154482364655
2.4499999999999518,0.06791914446548244,17.915111541748047,0.1773586801414111,0.04897589245679375,0.1900777816772461
2.4519999999999516,0.06792293113143953,17.917213439941406,0.17638965020118696,0.04949451930377255,0.18888190388679504
2.4539999999999513,0.06792728878175347,17.919261932373047,0.1754192964509267,0.050004475379030244,0.18767447769641876
2.455999999999951,0.06793167653472391,17.920639038085938,0.17449682716403783,0.05050574237705273,0.1867615282535553
2.457999999999951,0.06793612669115723,17.86712646484375,0.1735819986224051,0.05092465534302284,0.18552231788635254
2.4599999999999507,0.0679406025336681,17.94753646850586,0.17265979494045633,0.051341089363105885,0.184265598654747
2.4619999999999505,0.06794636354017314,17.88418197631836,0.17174205218183985,0.05175084380339701,0.18300093710422516
2.4639999999999502,0.06795214351176876,16.245004653930664,0.17089707935967804,0.052156384244755716,0.18179965019226074
2.46599999999995,0.06795805844667348,15.295524597167969,0.17006565867121765,0.052580423512007694,0.18060512840747833
2.46799999999995,0.06796399437550238,17.5858154296875,0.16919398374874847,0.053004888606417236,0.17937451601028442
2.4699999999999496,0.06796732260136251,17.414710998535156,0.1683239382646625,0.05341663439983343,0.17814087867736816
2.4719999999999493,0.06797064600100691,17.92086410522461,0.16738332137823897,0.05382564790559761,0.17682740092277527
2.473999999999949,0.0679713833774021,18.0006103515625,0.16642101333560796,0.05424559310042502,0.17549240589141846
2.475999999999949,0.06797207376145686,16.740535736083984,0.16535076461829226,0.05464854490814915,0.17353412508964539
2.4779999999999487,0.06797282107611123,16.2745304107666,0.1643029301853134,0.055109695315108655,0.17210419476032257
2.4799999999999485,0.06797354657151444,17.817445755004883,0.163237643030039,0.0555522663663884,0.1704779714345932
2.4819999999999482,0.06797430998232605,17.86939239501953,0.16218843981795134,0.05596704658782138,0.16900131106376648
2.483999999999948,0.06797506578179417,17.975204467773438,0.16113185839360838,0.05636411981561403,0.16742299497127533
2.485999999999948,0.06797611155214896,17.905380249023438,0.1600877599367131,0.056738449586984374,0.16591870784759521
2.4879999999999476,0.06797714533284775,17.713390350341797,0.1591473021861022,0.057096196245280145,0.16498006880283356
2.4899999999999474,0.06797822913904927,17.71554183959961,0.15822530694042336,0.057390340908091635,0.1635105162858963
2.491999999999947,0.06797930472537222,17.98458480834961,0.15729342636163038,0.05767123253293858,0.16202431917190552
2.493999999999947,0.0679804055496395,17.919879913330078,0.15637486419713442,0.05793258203075041,0.16108505427837372
2.4959999999999467,0.06798149777550916,18.007122039794922,0.15545385650632493,0.05818093910601599,0.16026251018047333
2.4979999999999465,0.06798259759368439,17.93279457092285,0.15454354693493783,0.05841300812393147,0.15942791104316711
2.4999999999999463,0.06798368493783323,18.001243591308594,0.153635754122482,0.05863257333871074,0.1585792601108551
2.501999999999946,0.06798476683541442,17.95226287841797,0.15273800993630654,0.058838126216637664,0.15773068368434906
2.503999999999946,0.06798583086904694,17.990833282470703,0.1518462448741759,0.059031891020818274,0.15688180923461914
2.5059999999999456,0.06798687929670168,17.962411880493164,0.15096483741055122,0.059213263082762924,0.1560402363538742
2.5079999999999454,0.06798790400468524,17.982227325439453,0.15008238874232221,0.059383597170425656,0.15520603954792023
2.509999999999945,0.06798866875729469,17.9664306640625,0.14919517697501472,0.059542731312241415,0.15438322722911835
2.511999999999945,0.06798940204289397,17.93069076538086,0.14827615746557807,0.05969152586349378,0.15354716777801514
2.5139999999999447,0.06799015187064589,17.922344207763672,0.14736507991811426,0.05987251029694537,0.1527395248413086
2.5159999999999445,0.06799086567209947,17.997695922851562,0.14644325086290247,0.060045226334573466,0.1519351601600647
2.5179999999999443,0.0679939845908797,17.919227600097656,0.1455397531825728,0.0602048298386516,0.15115372836589813
2.519999999999944,0.06799686918413897,15.87027359008789,0.14466703237950063,0.060355612638561255,0.1504022181034088
2.521999999999944,0.06799968005104247,9.438630104064941,0.14384347915929518,0.060560963333466354,0.14970874786376953
2.5239999999999436,0.06800230049561107,17.50377655029297,0.14300826547014306,0.06076632381521101,0.148996040225029
2.5259999999999434,0.06800482700107852,17.02751922607422,0.14220972504062385,0.060957076196455066,0.14832425117492676
2.527999999999943,0.06800719370603633,17.959835052490234,0.1414119580851405,0.06114466823114713,0.1476476490497589
2.529999999999943,0.06800945759590357,17.937618255615234,0.14064345348166502,0.06132062976082442,0.14700175821781158
2.5319999999999427,0.0680115842757859,18.01291275024414,0.1398837499865226,0.06149152376743895,0.1463603377342224
2.5339999999999425,0.06801360655059878,17.93600082397461,0.13914887792073746,0.06165255460582016,0.14574305713176727
2.5359999999999423,0.06801550781800716,18.012218475341797,0.1384277880364718,0.061807306231584674,0.14513617753982544
2.537999999999942,0.0680173074373424,17.955551147460938,0.13772933223885142,0.06195321798190706,0.14455032348632812
2.539999999999942,0.06801943918133084,18.0040283203125,0.13704765824366102,0.062092191968340135,0.14397816359996796
2.5419999999999416,0.06802149438362225,16.107975006103516,0.13642073439655156,0.062222884243110635,0.1434585601091385
2.5439999999999414,0.06802337538947884,17.780981063842773,0.13578931393816662,0.06231407000578907,0.1429281085729599
2.545999999999941,0.06802490082445342,17.82006072998047,0.13519637216761046,0.062394857041507476,0.14243699610233307
2.547999999999941,0.06802627959211167,17.964073181152344,0.1345531446670384,0.06247400952388853,0.14189685881137848
2.5499999999999408,0.06802751008179299,17.923656463623047,0.133927226356274,0.06258323687195078,0.1413910984992981
2.5519999999999405,0.06802856295932767,16.844629287719727,0.1332990000507491,0.0626872211755066,0.14089424908161163
2.5539999999999403,0.06802957673501704,16.24625587463379,0.13270371830392597,0.06277639322515985,0.14045222103595734
2.55599999999994,0.06803045595624568,17.818164825439453,0.13209034429024774,0.06286288597441214,0.14000123739242554
2.55799999999994,0.06803225356834347,17.86642837524414,0.13149771642535002,0.06293578110832918,0.13959068059921265
2.5599999999999397,0.06803397044628855,15.156391143798828,0.13091432252896762,0.0630037397233552,0.139187291264534
2.5619999999999394,0.06803549836033834,17.603389739990234,0.1303157923878237,0.06307457513583113,0.13871453702449799
2.563999999999939,0.06803693787719875,17.326976776123047,0.12974468969703862,0.06313370212816992,0.13840992748737335
2.565999999999939,0.06803823019439045,17.951215744018555,0.12916936554666483,0.06319093504224249,0.13804952800273895
2.5679999999999388,0.06803943371951619,17.906986236572266,0.12862174411802396,0.06323848719272333,0.13772666454315186
2.5699999999999386,0.06804051921106635,17.987102508544922,0.12808761093755516,0.06328194739273689,0.13741526007652283
2.5719999999999383,0.06804151976655988,17.90920639038086,0.12757974577044837,0.06331686755423822,0.1371334195137024
2.573999999999938,0.06804242180781317,17.982635498046875,0.12708652980547192,0.06334624220853778,0.13686718046665192
2.575999999999938,0.06804324450467311,17.929737091064453,0.126605155420875,0.06336767201904157,0.13662570714950562
2.5779999999999377,0.06804398215035708,17.973554611206055,0.1261293917566625,0.06338272655836413,0.13640128076076508
2.5799999999999375,0.06804464618859687,17.94205665588379,0.12566265919142783,0.06339011761126492,0.1361985057592392
2.5819999999999372,0.0680452347461694,17.96548080444336,0.12520535077398112,0.06339066772671978,0.13601292669773102
2.583999999999937,0.06804575488379938,17.94810676574707,0.12476768329444404,0.0633836869015521,0.13584677875041962
2.585999999999937,0.06804620648690685,17.959726333618164,0.12434870126711531,0.06336960853259917,0.13569749891757965
2.5879999999999366,0.06804659405243535,17.949954986572266,0.12394920846900878,0.06334806660862123,0.13556581735610962
2.5899999999999364,0.06804691817303063,17.955528259277344,0.12356829682880215,0.06331929377382714,0.1354500949382782
2.591999999999936,0.06804718178454719,17.94969940185547,0.12320627240102588,0.06328310105041418,0.13535073399543762
2.593999999999936,0.06804738566647076,17.95206069946289,0.12286250859135003,0.06323961913157376,0.13526621460914612
2.5959999999999357,0.06804753175590957,17.948394775390625,0.12253702476025903,0.06318875703493501,0.13519662618637085
2.5979999999999355,0.06804762077211032,17.94902992248535,0.12222932936797704,0.0631305950275444,0.13514116406440735
2.5999999999999353,0.06804765397628613,17.946426391601562,0.12193927144552379,0.06306509739151134,0.13509932160377502
2.601999999999935,0.0680476319192356,17.946086883544922,0.12166641783800188,0.06299232061277205,0.13507045805454254
2.603999999999935,0.06804755537739583,17.944000244140625,0.1214105124811483,0.06291226096086795,0.13505418598651886
2.6059999999999346,0.06804742469402734,17.94306755065918,0.12117114164784941,0.06282496474097334,0.1350497305393219
2.6079999999999344,0.06804724027836508,17.941181182861328,0.12094798180814115,0.06273044739273768,0.13505689799785614
2.609999999999934,0.06804700226027725,17.939865112304688,0.1207406200815368,0.06262875183813349,0.13507501780986786
2.611999999999934,0.06804671075750694,17.938156127929688,0.12054868819604218,0.06251990552147844,0.1351034939289093
2.6139999999999337,0.06804734416500978,17.936752319335938,0.12037176652461705,0.06240395125965446,0.1351419985294342
2.6159999999999335,0.06804795900729174,15.592914581298828,0.12034333006334931,0.06228092441192231,0.13537313044071198
2.6179999999999333,0.06804844843797266,17.684688568115234,0.1202980463336514,0.062148166210421255,0.13556626439094543
2.619999999999933,0.06804889519078419,17.57547950744629,0.12027716583732694,0.06200501814161488,0.13578437268733978
2.621999999999933,0.06804923843154544,17.964611053466797,0.12024937267186636,0.06186062613924342,0.13598047196865082
2.6239999999999326,0.06804952564695359,17.910568237304688,0.12023813292487574,0.061708019953481665,0.13619041442871094
2.6259999999999324,0.06804972455414794,17.992389678955078,0.12022586313094573,0.06155236108645228,0.13638745248317719
2.627999999999932,0.0680498613000454,17.91690444946289,0.12022511208271426,0.061389742772752554,0.136591374874115
2.629999999999932,0.06804991916060336,17.986427307128906,0.12022642326719275,0.0612229050463245,0.13678772747516632
2.6319999999999317,0.06804991264897779,17.935651779174805,0.12023640138471252,0.0610497874556742,0.13698701560497284
2.6339999999999315,0.06804983324040077,17.975830078125,0.12024992199677087,0.060871827136180987,0.13718146085739136
2.6359999999999313,0.06804968904590088,17.94487762451172,0.12027041843670508,0.06068793921517134,0.13737674057483673
2.637999999999931,0.06804854916168794,17.965538024902344,0.12029507252910528,0.06049888030084011,0.1375684142112732
2.639999999999931,0.06804712120271798,15.779817581176758,0.1202981231875519,0.060304082081509836,0.1377485692501068
2.6419999999999306,0.06804555617277526,17.02495002746582,0.12023819243930102,0.06018568932346848,0.13782165944576263
2.6439999999999304,0.0680439750817299,16.326467514038086,0.12021282864768458,0.05999430047329455,0.13793648779392242
2.64599999999993,0.06804228435576627,17.801006317138672,0.12017573587305799,0.059798229173407984,0.13802333176136017
2.64799999999993,0.06804055245661075,17.842281341552734,0.12015957338017327,0.059588477191617674,0.1381351500749588
2.6499999999999297,0.06803872677138868,17.918264389038086,0.12013625501667008,0.05937268116604505,0.13823184370994568
2.6519999999999295,0.0680368443786022,17.84339141845703,0.12012556973652852,0.05914574509227084,0.13834302127361298
2.6539999999999293,0.06803487672927229,17.924087524414062,0.1201133097646644,0.05891207844947136,0.1384463757276535
2.655999999999929,0.0680328428763016,17.858041763305664,0.12011011688809661,0.05866893863203085,0.13855765759944916
2.657999999999929,0.06803072714542142,17.914348602294922,0.12011061551574094,0.058418792566296424,0.13866493105888367
2.6599999999999286,0.06802853901236776,17.871074676513672,0.12012059166974806,0.05816027580568334,0.1387762874364853
2.6619999999999284,0.06802626956627265,17.90151596069336,0.1201357556120503,0.05789478671309465,0.1388852298259735
2.663999999999928,0.06802392317821873,17.87603759765625,0.1201587330271216,0.05762168267662296,0.13899601995944977
2.665999999999928,0.06802149447628156,17.890789031982422,0.12018710530316208,0.0573417834308234,0.13910500705242157
2.6679999999999278,0.06801898509769097,17.875732421875,0.12022216082658427,0.05705482074016975,0.13921448588371277
2.6699999999999275,0.06801451918368048,17.881752014160156,0.1202624968307697,0.05676129847217245,0.13932228088378906
2.6719999999999273,0.06801032672941179,-6.248246192932129,0.12027027730013753,0.05646113966433111,0.13879045844078064
2.673999999999927,0.06800593465298452,16.94041633605957,0.12028154336561393,0.056083649038398915,0.13937507569789886
2.675999999999927,0.06800375022321839,16.10751724243164,0.12032480081656044,0.05568817744102479,0.13951875269412994
2.6779999999999267,0.0680014529094555,17.893430709838867,0.12044683513942642,0.055290785486605265,0.13968908786773682
2.6799999999999264,0.06799904524889236,17.872173309326172,0.12057131040616738,0.05490763380322851,0.13985496759414673
2.681999999999926,0.06799652194099759,17.882789611816406,0.1206963934783823,0.05452112286503885,0.14001354575157166
2.683999999999926,0.06799388342525535,17.869792938232422,0.12082332684374496,0.05413083900326366,0.14016690850257874
2.685999999999926,0.06799112596071105,17.87329864501953,0.12095113916101267,0.053737007845601,0.1403135359287262
2.6879999999999256,0.06798824886879903,17.864585876464844,0.12108050261032785,0.053339408336662106,0.14045457541942596
2.6899999999999253,0.06798526306852982,17.864463806152344,0.12121091955365827,0.05293815981293879,0.1405891627073288
2.691999999999925,0.06798238055994787,17.857986450195312,0.12134277406178809,0.05253314887643715,0.14071805775165558
2.693999999999925,0.06797945045604893,1.3405020236968994,0.1214955949082711,0.05212444436335924,0.14086319506168365
2.6959999999999247,0.06797638727936893,17.113967895507812,0.12158777074312523,0.05167238231935939,0.14092782139778137
2.6979999999999245,0.06797331436719105,16.31917953491211,0.12170585405158574,0.05125974757818533,0.14102371037006378
2.6999999999999242,0.06797014443414896,17.76668930053711,0.12180568199545923,0.05084943578998239,0.14108572900295258
2.701999999999924,0.06796695151165989,17.78882598876953,0.12192125813282312,0.05043283256986073,0.1411636471748352
2.703999999999924,0.06796368798765193,17.86224365234375,0.12202748834874501,0.050016513244184636,0.14122068881988525
2.7059999999999236,0.06796039732506692,17.785350799560547,0.12214334666831944,0.049595579374800296,0.1412845253944397
2.7079999999999234,0.06795705574099178,17.8629207611084,0.12225522570444257,0.04917366332524202,0.14133545756340027
2.709999999999923,0.06795368895245504,17.80071258544922,0.12237332460277757,0.04874810119132368,0.14138786494731903
2.711999999999923,0.0679502861771775,17.852092742919922,0.12249052230938842,0.048320811684619706,0.14143146574497223
2.7139999999999227,0.06794686344686057,17.812061309814453,0.1226123365356835,0.047890402541536925,0.14147421717643738
2.7159999999999225,0.06794341702114047,17.83820343017578,0.12273510068529957,0.04745788761421364,0.14151045680046082
2.7179999999999223,0.06793997114650706,17.814762115478516,0.12286185949974143,0.047022544995399936,0.14154478907585144
2.719999999999922,0.06793653630198634,17.826143264770508,0.12299079101875166,0.04658491678813741,0.1415741741657257
2.721999999999922,0.06793311959929155,17.81189727783203,0.12312363883788902,0.04614463558593539,0.14160114526748657
2.7239999999999216,0.06792972259175395,17.815879821777344,0.12325957063027919,0.045701998520612956,0.141624316573143
2.7259999999999214,0.06792873627184458,17.80655288696289,0.12339965019633684,0.045256826583931355,0.14164502918720245
2.727999999999921,0.0679277118969343,16.864246368408203,0.12364872229132065,0.04480929055731677,0.14178721606731415
2.729999999999921,0.0679265767683467,17.778213500976562,0.12388573058660879,0.0443469898830965,0.1419033259153366
2.7319999999999207,0.06792534821225385,17.753265380859375,0.12413732579928918,0.04388735016938909,0.1420314610004425
2.7339999999999205,0.06792402648665344,17.836750030517578,0.12437105546373048,0.04343438497578651,0.14213281869888306
2.7359999999999203,0.06792264670273966,17.765892028808594,0.1246149570899775,0.04301046500204192,0.14224009215831757
2.73799999999992,0.06792118820925043,17.84189224243164,0.12485729567726786,0.04259015264556888,0.14233659207820892
2.73999999999992,0.06791967090513228,17.78823471069336,0.12510601712713948,0.0421708813606525,0.1424349993467331
2.7419999999999196,0.06791808613908601,17.83647346496582,0.12535327313419398,0.04175382321649616,0.1425267904996872
2.7439999999999194,0.06791644615934264,17.803340911865234,0.12560372946357323,0.04133752905541515,0.14261911809444427
2.745999999999919,0.06791474861853082,17.8277587890625,0.12585400336817879,0.040922503227588114,0.14270749688148499
2.747999999999919,0.067913001943921,17.808773040771484,0.12610663755227863,0.040507899417054107,0.14279571175575256
2.7499999999999187,0.06791120710851398,17.819862365722656,0.1263609311498513,0.0400938968782163,0.1428821086883545
2.7519999999999185,0.06790937063730655,17.808155059814453,0.1266212162595419,0.03967998171311054,0.14296869933605194
2.7539999999999183,0.06790749524560379,17.812255859375,0.12688707533101332,0.03926618202148421,0.14305494725704193
2.755999999999918,0.067905586501015,17.804462432861328,0.12715966108550747,0.03885217286779952,0.14314202964305878
2.757999999999918,0.06790364801430931,17.804988861083984,0.1274389022143391,0.03843791854873229,0.14322996139526367
2.7599999999999176,0.06790168484817809,17.799192428588867,0.12772562208248633,0.03802320597110479,0.14331969618797302
2.7619999999999174,0.06789937754916538,17.797718048095703,0.1280199982464099,0.03760797862243468,0.1434115767478943
2.763999999999917,0.06789704038903636,16.77300262451172,0.12833254715343176,0.03719209298954004,0.1435219943523407
2.765999999999917,0.06789477507529484,15.990785598754883,0.1286770348614989,0.03683056139516945,0.14366425573825836
2.7679999999999167,0.06789250944285033,17.642471313476562,0.12900771218284865,0.03646681266836955,0.143779918551445
2.7699999999999165,0.06789030257339031,17.689136505126953,0.12936108160821516,0.03609415862438167,0.14391571283340454
2.7719999999999163,0.067888115333796,17.776634216308594,0.1297113143597827,0.03571842251708072,0.14403878152370453
2.773999999999916,0.06788598134638829,17.703937530517578,0.13007910907991033,0.0353358544247897,0.1441757082939148
2.775999999999916,0.06788388093616349,17.780498504638672,0.1304505085418743,0.034949832817220916,0.14430861175060272
2.7779999999999156,0.06788183294891426,17.716346740722656,0.13083682531959873,0.03455836070180214,0.14445216953754425
2.7799999999999154,0.06787982810360389,17.771686553955078,0.13123093563201438,0.03416334361511705,0.14459733664989471
2.781999999999915,0.06787787737876479,17.73214340209961,0.1316390623472549,0.03376381794478696,0.1447521299123764
2.783999999999915,0.06787597690208967,17.759033203125,0.13205766962996668,0.03336087626551924,0.14491227269172668
2.7859999999999148,0.06787434282069234,17.735759735107422,0.1324902610588127,0.03295409061105012,0.1450822800397873
2.7879999999999145,0.06787281165389863,17.15566635131836,0.13298665952960256,0.032544113465153325,0.14531414210796356
2.7899999999999143,0.06787133200609108,17.702842712402344,0.13348111842316437,0.032146434369048967,0.14553476870059967
2.791999999999914,0.06786994277390627,17.656143188476562,0.1339985937252505,0.03174288571803905,0.14577606320381165
2.793999999999914,0.06786861567367088,17.725318908691406,0.13452179300233866,0.03133738341013556,0.1460169404745102
2.7959999999999137,0.06786737227852914,17.654129028320312,0.13506426731492402,0.030927250937470122,0.1462744176387787
2.7979999999999134,0.06786619740178201,17.71947479248047,0.1356170593076889,0.030514671407988882,0.1465379297733307
2.7999999999999132,0.06786510307465769,17.675880432128906,0.13618750328594162,0.030098261117564088,0.14681686460971832
2.801999999999913,0.06786408130372214,17.708965301513672,0.13677103277954092,0.029679237485758226,0.14710570871829987
2.803999999999913,0.06786356120672359,17.683551788330078,0.13737166654642974,0.029256910665538816,0.14740996062755585
2.8059999999999126,0.0678629347831413,14.942930221557617,0.13801442437451972,0.028831978330471016,0.1477564126253128
2.8079999999999123,0.06786230019328043,1.986342191696167,0.13871183038910231,0.028377329599595696,0.1481662392616272
2.809999999999912,0.0678616168276874,16.988021850585938,0.139370575357362,0.027931123610617357,0.14853166043758392
2.811999999999912,0.06786098653427994,16.10967254638672,0.14006975301922275,0.027502735198039505,0.14894290268421173
2.8139999999999117,0.06786033794926724,17.613292694091797,0.1407690210516304,0.027079715004860432,0.1493498533964157
2.8159999999999115,0.06785972993527334,17.641155242919922,0.14149884150323572,0.026655544439494774,0.14979082345962524
2.8179999999999112,0.06785912481281875,17.699201583862305,0.14223649701772378,0.026234823595830698,0.15023745596408844
2.819999999999911,0.06785860560261932,17.631561279296875,0.14299856405178057,0.025813851958327208,0.15071077644824982
2.821999999999911,0.06785808293756558,17.712360382080078,0.14374466908663264,0.025395071245213244,0.15116865932941437
2.8239999999999106,0.0678575856324481,17.643775939941406,0.1445143247198418,0.024987132829571355,0.15165281295776367
2.8259999999999104,0.06785709932139465,17.71380615234375,0.14529713645782424,0.024581938067564514,0.15215007960796356
2.82799999999991,0.06785664076493791,17.668323516845703,0.14609883489933745,0.02417772473828086,0.1526697725057602
2.82999999999991,0.06785620398371103,17.708162307739258,0.1469047407250402,0.02377539407247641,0.15320523083209991
2.8319999999999097,0.06785579930463999,17.681303024291992,0.14771743846816726,0.02337397813546475,0.15376129746437073
2.8339999999999095,0.06785542504961332,17.699378967285156,0.14854310734680648,0.022973890372892256,0.1543346643447876
2.8359999999999093,0.06785508806260059,17.683624267578125,0.1493871111924357,0.022574587669303894,0.1549278050661087
2.837999999999909,0.06785478882345136,17.691070556640625,0.15024763581887804,0.02217624594314302,0.1555393785238266
2.839999999999909,0.0678545322444543,17.68103790283203,0.1511246800018661,0.021778553784201394,0.1561708152294159
2.8419999999999086,0.06785402114131711,17.683385848999023,0.15200795011664747,0.021381576041026983,0.15682139992713928
2.8439999999999084,0.06785360274685176,17.6837158203125,0.1529320381840495,0.020985131179663098,0.1575300544500351
2.845999999999908,0.06785320045273563,17.656902313232422,0.15386053038219763,0.02053466512901877,0.15825672447681427
2.847999999999908,0.06785282508283211,17.681076049804688,0.15486548372596104,0.020084211022432363,0.1590854972600937
2.8499999999999077,0.06785249573423094,17.627182006835938,0.15587457001443553,0.019555542859305077,0.15998031198978424
2.8519999999999075,0.06785219530838914,17.685317993164062,0.15688224169742515,0.01903658517641125,0.16088461875915527
2.8539999999999073,0.06785193740575143,17.593868255615234,0.15796547092463797,0.018525580912726,0.16188400983810425
2.855999999999907,0.0678516892221304,17.661781311035156,0.15904909972082107,0.01799269968969171,0.1628846675157547
2.857999999999907,0.06785147794062135,17.59992218017578,0.1601508501625392,0.017470070127688555,0.1639147698879242
2.8599999999999066,0.06785128812383522,17.676841735839844,0.16125766987123016,0.016958747686826627,0.16495566070079803
2.8619999999999064,0.06785113487148484,17.63071060180664,0.16237853411468062,0.016456595757062317,0.16602233052253723
2.863999999999906,0.06785101164723699,17.679828643798828,0.16350655572266382,0.015963917073442604,0.16710519790649414
2.865999999999906,0.06785092746558143,17.652725219726562,0.16464618836316744,0.015479457426629588,0.16821178793907166
2.8679999999999057,0.06785088036214974,17.676990509033203,0.1657936942246911,0.015003194746425216,0.16933679580688477
2.8699999999999055,0.06785087629536661,17.66149139404297,0.16695117631226392,0.0145343589548003,0.17048321664333344
2.8719999999999053,0.06785091565055919,17.672515869140625,0.16811649862312922,0.014072806002304518,0.17164717614650726
2.873999999999905,0.06785085314756432,17.66257095336914,0.16929053191967153,0.013618041669833773,0.17282803356647491
2.875999999999905,0.06785086139025139,17.689773559570312,0.17054586235830277,0.013169893780900008,0.17414043843746185
2.8779999999999046,0.06785088642836139,-8.471174240112305,0.1718598336174156,0.01278647755457505,0.17553938925266266
2.8799999999999044,0.06785088263818852,16.266258239746094,0.17316100698607514,0.01235588971746144,0.17690591514110565
2.881999999999904,0.06785116857956318,15.260215759277344,0.17449007304581957,0.011940506571711373,0.17830874025821686
2.883999999999904,0.067851467647913,17.604019165039062,0.17579145746946834,0.011538209558608578,0.1796269416809082
2.8859999999999038,0.06785179630443254,17.55289077758789,0.177105083692347,0.01109105999073784,0.18093685805797577
2.8879999999999035,0.06785214125069142,17.62468910217285,0.17842136315788382,0.010660383866843048,0.18220940232276917
2.8899999999999033,0.06785251193211764,17.59508514404297,0.17974582414447016,0.010244229344307557,0.182902529835701
2.891999999999903,0.06785308729368045,17.636293411254883,0.1810732169157535,0.00984203517252571,0.18376579880714417
2.893999999999903,0.067853748964478,16.03481101989746,0.18228098985348323,0.009452509380159471,0.18485276401042938
2.8959999999999027,0.06785444131420855,17.52717399597168,0.1834751945806486,0.009152554867532482,0.18619906902313232
2.8979999999999024,0.06785521038693608,17.548133850097656,0.18467700356416283,0.008852449173514288,0.18769894540309906
2.899999999999902,0.06785602572670407,17.605377197265625,0.1858670440664229,0.00855394050669191,0.18927942216396332
2.901999999999902,0.0678569136417799,17.543081283569336,0.1870594463026652,0.008255656064998023,0.19090233743190765
2.9039999999999018,0.06785785844911928,17.61609649658203,0.18824325146601134,0.00795849899495849,0.1925506740808487
2.9059999999999016,0.06785887528986576,17.571800231933594,0.18942604542014707,0.007661841340134983,0.1942080408334732
2.9079999999999013,0.06785995647119653,17.615787506103516,0.19060230245285537,0.007366161028553452,0.19587041437625885
2.909999999999901,0.06786111101181021,17.589759826660156,0.19178234864820004,0.007071228052879151,0.19753016531467438
2.911999999999901,0.06786129828311793,17.609981536865234,0.19296395412430728,0.006777339389801057,0.19918610155582428
2.9139999999999007,0.06786149023257676,17.308635711669922,0.19426865353108624,0.006484477544426199,0.20088186860084534
2.9159999999999004,0.06786175749200637,17.081707000732422,0.19558321066097356,0.006226042301547253,0.20255295932292938
2.9179999999999002,0.06786204718536555,17.6435546875,0.19687739912386193,0.00597776911855953,0.20422768592834473
2.9199999999999,0.06786239822335446,17.604129791259766,0.19817332538946258,0.0057387261679809135,0.2058827131986618
2.9219999999999,0.06786278254737135,17.67327117919922,0.1994543200967664,0.00550947744915004,0.20753388106822968
2.9239999999998996,0.06786322060476425,17.612030029296875,0.2007318602562847,0.005289742212252092,0.20916830003261566
2.9259999999998993,0.06786369749371692,17.677242279052734,0.2019970820199774,0.0050797327965050754,0.21079415082931519
2.927999999999899,0.06786422372296563,17.63980484008789,0.2032557992911812,0.004879498275306771,0.21240417659282684
2.929999999999899,0.0678647910420044,17.674036026000977,0.2045032372821594,0.0046891578863280095,0.21400265395641327
2.9319999999998987,0.0678654044394159,17.65345001220703,0.20574227574878123,0.004508919510245922,0.21558545529842377
2.9339999999998985,0.06786605882379637,17.66891098022461,0.20697028525806271,0.0043389251628495685,0.21715447306632996
2.9359999999998982,0.06786675589950264,17.657005310058594,0.20818863785238306,0.004179469131362641,0.21870744228363037
2.937999999999898,0.06786749182842156,17.66421890258789,0.2093958455805628,0.004030756033619858,0.22024530172348022
2.939999999999898,0.06786826614511272,17.657337188720703,0.2105925221490147,0.003893131056899995,0.22176647186279297
2.9419999999998976,0.06786907522161705,17.660648345947266,0.2117778049114536,0.0037668582684005116,0.22327138483524323
2.9439999999998974,0.0678699169950813,17.656673431396484,0.21295194478924917,0.0036523013574147577,0.22475913166999817
2.945999999999897,0.06787078751854007,17.65817642211914,0.21411443912016948,0.003549749049669448,0.226229727268219
2.947999999999897,0.06787168349645299,17.655975341796875,0.21526538326211336,0.003459536254158775,0.22768265008926392
2.9499999999998967,0.06787260049441833,17.656726837158203,0.21640449415343677,0.0033819143047847233,0.22911784052848816
2.9519999999998965,0.06787353433843549,17.655635833740234,0.21753181369027697,0.0033171222009680938,0.23053492605686188
2.9539999999998963,0.06787448022669429,17.656166076660156,0.21864719498348573,0.003265293574040692,0.23193393647670746
2.955999999999896,0.06787543354196496,17.655811309814453,0.21975066522318376,0.003226495068982361,0.23331443965435028
2.957999999999896,0.06787638944907808,17.656391143798828,0.220842151861891,0.0032006650238937825,0.2346765100955963
2.9599999999998956,0.06787734339076663,17.656536102294922,0.22192166663716706,0.003187637386032164,0.23601971566677094
2.9619999999998954,0.0678782909266851,17.65717315673828,0.22298915704292466,0.0031871101617031807,0.23734433948993683
2.963999999999895,0.06787922803434597,17.657630920410156,0.2240445978829368,0.003198668949231509,0.23864991962909698
2.965999999999895,0.06788015104342998,17.658382415771484,0.22508791014251311,0.00322178154276901,0.23993642628192902
2.9679999999998947,0.06788105679805817,17.659034729003906,0.2261190068250888,0.0032558262698464185,0.2412036508321762
2.9699999999998945,0.06788194260929255,17.65980339050293,0.2271377499842005,0.0033001041982234996,0.2424515336751938
2.9719999999998943,0.06788280631730112,17.660449981689453,0.22814397550200644,0.0033538690308245267,0.24367962777614594
2.973999999999894,0.06788364623503915,17.661136627197266,0.22913747249363892,0.003416345642849844,0.24488797783851624
2.975999999999894,0.06788446114691556,17.66176986694336,0.23011799886725254,0.0034867553128293412,0.2460760623216629
2.9779999999998936,0.06788508678944097,17.662429809570312,0.23108527352495867,0.0035643316401093544,0.24724362790584564
2.9799999999998934,0.06788562104812372,16.277477264404297,0.23201358497860142,0.0036483372458847503,0.24850358068943024
2.981999999999893,0.06788618852511066,15.282693862915039,0.2329534681711018,0.003773836839005057,0.24970108270645142
2.983999999999893,0.0678866951938413,17.3918514251709,0.23386210260751944,0.0038996341946816596,0.2508901357650757
2.9859999999998927,0.06788721502716571,17.458736419677734,0.2347707593009269,0.004032080879837511,0.2520303726196289
2.9879999999998925,0.06788769442042605,17.614398956298828,0.23565526121271818,0.004164632041094256,0.2531527280807495
2.9899999999998923,0.06788817578211757,17.57044219970703,0.2365332458897954,0.00430079483950991,0.25423482060432434
2.991999999999892,0.06788863040126501,17.648101806640625,0.23739099742464126,0.0044369382748476426,0.2552940249443054
2.993999999999892,0.06788908173162207,17.598876953125,0.23823783985032315,0.004574930744410033,0.25631827116012573
2.9959999999998916,0.06788951472030387,17.659591674804688,0.23906624261621445,0.004712847910061677,0.25731703639030457
2.9979999999998914,0.06788994243978251,17.631656646728516,0.23988099673414293,0.004851587607827188,0.258283793926239
2.999999999999891,0.06789035714614529,17.66313934326172,0.24067789874327777,0.0049901330346312145,0.2592235505580902
3.001999999999891,0.0678907662182627,17.64879608154297,0.24145932584288804,0.005128901063010805,0.2601333558559418
3.0039999999998908,0.0678926412131537,17.664302825927734,0.24222286623596256,0.005267343080426346,0.2610153257846832
3.0059999999998905,0.06789458137896744,14.980856895446777,0.2428319816129938,0.00540563963594718,0.2618214786052704
3.0079999999998903,0.06789646338959489,17.315601348876953,0.243406992282042,0.00551980149842985,0.26262015104293823
3.00999999999989,0.06789837596434659,17.28919219970703,0.24398443328508707,0.005632087859614228,0.26336801052093506
3.01199999999989,0.06790024645705202,17.573593139648438,0.24453601755771975,0.0057382592162133934,0.26409876346588135
3.0139999999998897,0.06790212469954801,17.53567886352539,0.24508284661425767,0.005842453507651308,0.264787495136261
3.0159999999998894,0.06790397012133324,17.61099624633789,0.2456088821430073,0.005942580729118742,0.2654532790184021
3.017999999999889,0.06790580924151987,17.561264038085938,0.24612517469938838,0.006041096930477734,0.2660830318927765
3.019999999999889,0.06790826023707786,17.624507904052734,0.24662293634127214,0.006137110351011144,0.26668697595596313
3.0219999999998888,0.06791072471957177,16.541698455810547,0.2471129163652418,0.006232015434289493,0.26711517572402954
3.0239999999998886,0.06791310574865402,17.546245574951172,0.24757221641975302,0.006245131798341967,0.26754438877105713
3.0259999999998883,0.06791546712679232,17.539306640625,0.24802636321418758,0.006266660562517263,0.2679443061351776
3.027999999999888,0.06791775365144818,17.60107421875,0.248455890575218,0.0062935058616113435,0.26833635568618774
3.029999999999888,0.06791999953429703,17.552785873413086,0.24887443549053428,0.006326948084911417,0.2687040865421295
3.0319999999998877,0.06792217408014074,17.62165069580078,0.24927141143628556,0.006365287982842994,0.26905831694602966
3.0339999999998875,0.067924295397867,17.591609954833984,0.2496539037242887,0.006408929688829865,0.2693902552127838
3.0359999999998872,0.06792634658103007,17.630664825439453,0.2500161235077737,0.0064568931441384165,0.269705593585968
3.037999999999887,0.06792833728534677,17.614112854003906,0.25036156419145356,0.006509195381134079,0.26999929547309875
3.039999999999887,0.06793025840486985,17.633649826049805,0.25068697240153565,0.006565220517785071,0.2702741324901581
3.0419999999998866,0.0679321152673592,17.624691009521484,0.25099400386252163,0.006624836869524153,0.27052733302116394
3.0439999999998864,0.06793390321919421,17.635032653808594,0.2512807693952161,0.006687626908489575,0.2707601487636566
3.045999999999886,0.0679370280491591,17.630725860595703,0.25154797336052936,0.006753417240899364,0.27097082138061523
3.047999999999886,0.06793971759282215,17.506855010986328,0.2517062335177303,0.006821909044836361,0.271112859249115
3.0499999999998857,0.0679424514009465,9.332662582397461,0.25189514887989123,0.006850129970740676,0.27116236090660095
3.0519999999998855,0.06794503205362516,17.0653018951416,0.25203732383578104,0.006878427223492737,0.27122482657432556
3.0539999999998853,0.0679476679470964,16.46812629699707,0.25217994121450105,0.006910257315343388,0.2712472379207611
3.055999999999885,0.06795019259559767,17.606426239013672,0.2523186470688599,0.006943317421827153,0.2711898982524872
3.057999999999885,0.06795265504027431,17.557279586791992,0.2524443702901174,0.007004416666236029,0.2711123824119568
3.0599999999998846,0.06795502085064993,17.629287719726562,0.2525449863408411,0.007069842525108147,0.2710263729095459
3.0619999999998844,0.06795593975149254,17.594959259033203,0.25262886884921393,0.007139143047154292,0.2709217071533203
3.063999999999884,0.06795682639248235,17.6082706451416,0.2527972780121032,0.007211439175832812,0.2702457904815674
3.065999999999884,0.067957650446924,17.680015563964844,0.2529342078881581,0.007326379165814902,0.2704295814037323
3.0679999999998837,0.06795767707405843,17.645328521728516,0.2530479301131839,0.007445136783780426,0.2702779471874237
3.0699999999998835,0.06795770548234259,17.701030731201172,0.2531412892104274,0.007566273850802178,0.2671498954296112
3.0719999999998833,0.06795773939212905,17.69585418701172,0.2532026060915925,0.007686200203610009,0.2674073874950409
3.073999999999883,0.06795777715129651,17.700531005859375,0.2532318895597854,0.0078058570621821885,0.2675926685333252
3.075999999999883,0.06795782086719407,17.69705581665039,0.25323035412223505,0.007924892486324761,0.26767346262931824
3.0779999999998826,0.06795786978553489,17.698657989501953,0.253198231418919,0.008043070524912628,0.26768749952316284
3.0799999999998824,0.06795792509237226,17.696273803710938,0.2531363651385004,0.008160220830954058,0.2676248848438263
3.081999999999882,0.06795798643973769,17.69663429260254,0.2530450774840648,0.008276235996524831,0.2675051689147949
3.083999999999882,0.06795805447456775,17.6947021484375,0.2529249984767505,0.008391040845906689,0.26732686161994934
3.0859999999998817,0.06795898508097711,17.694114685058594,0.25277647866237724,0.00850459198427968,0.26710042357444763
3.0879999999998815,0.06796001606209873,15.740936279296875,0.2525760703147831,0.008616860614707173,0.26717501878738403
3.0899999999998813,0.06796100569646311,17.531696319580078,0.25232912679078695,0.008750111561987196,0.2668217718601227
3.091999999999881,0.06796205001416263,17.558151245117188,0.25206753413504523,0.008882137748449974,0.26641082763671875
3.093999999999881,0.06796306902143351,17.63246726989746,0.25176871168807996,0.00901314884750298,0.2659851610660553
3.0959999999998806,0.06796411999015951,17.574848175048828,0.2514504309708892,0.009142939719872623,0.2655276954174042
3.0979999999998804,0.06796516257244348,17.655006408691406,0.2511006519756969,0.0092715998217964,0.26505035161972046
3.09999999999988,0.06796622188167975,17.608470916748047,0.25072892531181357,0.009399168610255259,0.26454412937164307
3.10199999999988,0.06796727403828946,17.658340454101562,0.25032912157782716,0.009525690155895997,0.2640151083469391
3.1039999999998797,0.06796656811300175,17.630077362060547,0.24990641202855857,0.009651267945148681,0.2634587287902832
3.1059999999998795,0.06796583970932515,17.643646240234375,0.24954976227159154,0.00977592696049122,0.2625589668750763
3.1079999999998793,0.0679651540777764,17.593996047973633,0.24917286326092009,0.009900145031586748,0.26190710067749023
3.109999999999879,0.06796446893301747,17.67730712890625,0.24876177412027095,0.010024949159729757,0.2614670395851135
3.111999999999879,0.0679638182666339,17.624835968017578,0.24832757008559608,0.01015014973599821,0.2608192563056946
3.1139999999998786,0.06796467381845732,17.684789657592773,0.24786460210726935,0.010275236376809853,0.26023903489112854
3.1159999999998784,0.06796557521814163,15.580059051513672,0.2474101951582497,0.010400079342043154,0.2581605613231659
3.117999999999878,0.06796639735595757,17.503311157226562,0.246913147717295,0.010530524408996197,0.25806528329849243
3.119999999999878,0.06796723578258664,17.55130958557129,0.24640487264673966,0.010663413130938576,0.25721144676208496
3.1219999999998778,0.06796656957145279,17.638690948486328,0.24586275347298686,0.010797647081758082,0.2567591667175293
3.1239999999998775,0.06796596821387686,17.390296936035156,0.24536981552857956,0.010933350653844638,0.25632041692733765
3.1259999999998773,0.06796535936606604,17.619544982910156,0.24484159506798064,0.011105314738422014,0.2555926740169525
3.127999999999877,0.06796243386725909,17.573978424072266,0.24429824771354275,0.011277983387505273,0.2548339068889618
3.129999999999877,0.06795967297578047,17.038990020751953,0.24376084284152788,0.011450355336267365,0.25416815280914307
3.1319999999998767,0.06795699951662525,17.58978843688965,0.24318759634411102,0.011653327074141859,0.2534771263599396
3.1339999999998764,0.06795446703725239,17.554542541503906,0.24260020837755186,0.01185631272404325,0.2527470886707306
3.135999999999876,0.0679520339790125,17.6378173828125,0.24198365370034336,0.012057685794336552,0.25198960304260254
3.137999999999876,0.0679497259325996,17.58841323852539,0.2413497351117057,0.012257660599404167,0.2511979043483734
3.139999999999876,0.06794751982325485,17.65679168701172,0.24069079622166256,0.012455241046461781,0.2503785192966461
3.1419999999998756,0.0679454268167048,17.626102447509766,0.24001332368912315,0.01265058021113361,0.2495281845331192
3.1439999999998753,0.06794343324172002,17.664392471313477,0.2393135593536755,0.012843090293489163,0.248650923371315
3.145999999999875,0.06794154290533821,17.648277282714844,0.23859520235700588,0.013032861558332678,0.2477453351020813
3.147999999999875,0.06793974697330171,17.667179107666016,0.23785655306886805,0.013219551042444308,0.24681372940540314
3.1499999999998747,0.06793804556104659,17.658523559570312,0.23709984897447284,0.013403205045136243,0.24585610628128052
3.1519999999998745,0.06793643238401215,17.66834259033203,0.23632448055478306,0.013583623698757326,0.24487386643886566
3.1539999999998742,0.06793490577160599,17.66387939453125,0.23553191950842234,0.013760826873639985,0.24386753141880035
3.155999999999874,0.06793346084668,17.669017791748047,0.23472213555441368,0.013934697541782646,0.24283817410469055
3.157999999999874,0.06793209514253076,17.666561126708984,0.23389620000679245,0.014105241550203785,0.24178659915924072
3.1599999999998736,0.06793080461864466,17.669328689575195,0.2330543917187411,0.014272390041797013,0.24071365594863892
3.1619999999998734,0.06792958652416677,17.6680908203125,0.2321975734753059,0.014436142650894343,0.2396201640367508
3.163999999999873,0.06792843736747169,17.669551849365234,0.23132619009458139,0.014596459059662382,0.23847806453704834
3.165999999999873,0.06792735437479176,17.668859481811523,0.23044099647111727,0.014753337249993595,0.23731331527233124
3.1679999999998727,0.06792633445451078,17.66954803466797,0.22954252725108426,0.014906754382892925,0.23613271117210388
3.1699999999998725,0.06792493402022078,17.669147491455078,0.22863148209784023,0.015056709261968356,0.2349371761083603
3.1719999999998723,0.06792351742621612,15.306083679199219,0.22774421951552798,0.015203190253754047,0.23391851782798767
3.173999999999872,0.06792222356090823,6.415781497955322,0.22687459536551358,0.015354799576845182,0.23272088170051575
3.175999999999872,0.06792094829597928,17.12774658203125,0.22596658126070324,0.01550219327328612,0.23149505257606506
3.1779999999998716,0.06791976626015969,16.465171813964844,0.22506444688312188,0.015649781432553512,0.2302674800157547
3.1799999999998714,0.06791862103206227,17.613666534423828,0.22413613961892254,0.015793667089888823,0.22901007533073425
3.181999999999871,0.06791755092440062,17.58551788330078,0.22320700598425602,0.015936454025684305,0.22775883972644806
3.183999999999871,0.06791768408756446,17.661428451538086,0.22225878368292645,0.016075819023877173,0.22648580372333527
3.1859999999998707,0.06791787263729085,14.869462966918945,0.22129511893485532,0.01621326307659198,0.22448574006557465
3.1879999999998705,0.06791804126951731,17.339902877807617,0.22029794805062164,0.01630919211609902,0.22330699861049652
3.1899999999998703,0.06791824393379153,17.211017608642578,0.2193068172484683,0.016407733941013622,0.22193649411201477
3.19199999999987,0.0679184418017741,17.623802185058594,0.21829357874962452,0.016505140564806373,0.2206619828939438
3.19399999999987,0.0679186619247623,17.570194244384766,0.21728096921490214,0.016603700121561826,0.219316765666008
3.1959999999998696,0.06791888540193847,17.653778076171875,0.21625353503882316,0.016701155813865193,0.21800602972507477
3.1979999999998694,0.06791912512547567,17.594675064086914,0.2152194252455305,0.016798764025832667,0.21667559444904327
3.199999999999869,0.06791937193612303,17.657821655273438,0.21416935779788127,0.016895220512847108,0.2153601348400116
3.201999999999869,0.0679196318766115,17.621109008789062,0.21311009208728993,0.016991129836188945,0.21404622495174408
3.2039999999998687,0.06791990045120719,17.654647827148438,0.2120380398981686,0.017085727947166306,0.2127455621957779
3.2059999999998685,0.0679201803953878,17.634380340576172,0.2109569463912766,0.017179279566695772,0.21145735681056976
3.2079999999998683,0.06792046943086472,17.649944305419922,0.2098652686713372,0.017271320436709856,0.21018736064434052
3.209999999999868,0.06792082721724726,17.638282775878906,0.20876519326202175,0.01736194205710445,0.2089383453130722
3.211999999999868,0.0679211451065635,17.535045623779297,0.2076258540461155,0.017450849560547606,0.20807433128356934
3.2139999999998676,0.06792145058620992,17.541980743408203,0.20649427962792954,0.017552172677054473,0.20687180757522583
3.2159999999998674,0.0679217308394455,17.618370056152344,0.2053543574421815,0.017650870730634732,0.20574736595153809
3.217999999999867,0.06792200086439391,17.55852508544922,0.2042239732929813,0.0177487277721543,0.20463725924491882
3.219999999999867,0.06792225540522867,17.639129638671875,0.20309340301159656,0.0178438811479145,0.2035984843969345
3.2219999999998667,0.06792250277075963,17.59522247314453,0.20197045593028395,0.01793725412700969,0.20260165631771088
3.2239999999998665,0.06792274116388212,17.643524169921875,0.2008502059397126,0.018027858557190704,0.20168036222457886
3.2259999999998663,0.06792297533206143,17.61721420288086,0.1997370059019027,0.018116151775464533,0.20082367956638336
3.227999999999866,0.06792320495693527,17.641801834106445,0.1986284728297527,0.018201609171095437,0.20005369186401367
3.229999999999866,0.06792343282880789,17.627708435058594,0.19752713545208594,0.018284458117733184,0.19936931133270264
3.2319999999998656,0.06792365917649706,17.639511108398438,0.19643195728008334,0.01836442102142123,0.19878600537776947
3.2339999999998654,0.06792388566957859,17.63179588317871,0.19534450222979666,0.01844161269107674,0.19830699265003204
3.235999999999865,0.0679241126635809,17.637714385986328,0.1942644451635273,0.018515888130554832,0.19794316589832306
3.237999999999865,0.06792434115467712,17.63349723815918,0.19319283682323524,0.0185873077215468,0.19769814610481262
3.2399999999998648,0.0679245714498785,17.636444091796875,0.19212972498404363,0.01865579819201625,0.19752620160579681
3.2419999999998645,0.06792480411993759,17.634056091308594,0.19107588372623674,0.018721394084044347,0.19638508558273315
3.2439999999998643,0.06792503936279735,17.63542938232422,0.19003155232215924,0.018784061238452852,0.19524241983890533
3.245999999999864,0.06792527746780604,17.634004592895508,0.18899735117173805,0.018843822270381547,0.19410105049610138
3.247999999999864,0.06792551851452062,17.634550094604492,0.18797361286761238,0.01890066453938742,0.19296588003635406
3.2499999999998637,0.06792576259917649,17.63364028930664,0.18696086722700306,0.01895460540453622,0.19183915853500366
3.2519999999998634,0.06792600969455632,17.633756637573242,0.1859594862092082,0.01900564418368885,0.19072432816028595
3.2539999999998632,0.06792625976103071,17.63311004638672,0.1849699406098136,0.01905379611024971,0.189623162150383
3.255999999999863,0.06792651268306046,17.633005142211914,0.18399261137487682,0.019099067227738496,0.18853770196437836
3.257999999999863,0.06792676832423306,17.63249969482422,0.18302792528973016,0.019141472066657644,0.18746918439865112
3.2599999999998626,0.06792702649974747,17.63227653503418,0.18207625454428894,0.019181020511659076,0.18641875684261322
3.2619999999998623,0.06792728700423545,17.63184356689453,0.18113798830388933,0.01921772700549105,0.1853870451450348
3.263999999999862,0.06792754960081063,17.631561279296875,0.18021347910244628,0.01925160367287014,0.18437491357326508
3.265999999999862,0.06792781403558519,17.631168365478516,0.1792992681584148,0.019282665113053966,0.18338266015052795
3.2679999999998617,0.06792808003411015,17.63085174560547,0.17838855244353663,0.01931092479667086,0.1824103444814682
3.2699999999998615,0.06792834730930437,17.630489349365234,0.17748682952776335,0.01933639756117053,0.18145832419395447
3.2719999999998612,0.06792675397378965,17.630163192749023,0.17659875882730475,0.019359097721415548,0.18052645027637482
3.273999999999861,0.06792526725582435,17.58233642578125,0.17578754399921115,0.01937904036900651,0.1795419603586197
3.275999999999861,0.06792388385682713,17.572803497314453,0.17499629551815088,0.019397417699926894,0.1786373257637024
3.2779999999998606,0.0679225947202663,17.647987365722656,0.1742055645532212,0.019411157708592676,0.17783822119235992
3.2799999999998604,0.06792139475542679,17.583969116210938,0.1734247515968745,0.01942202489191238,0.17699404060840607
3.28199999999986,0.06792027761341138,17.661949157714844,0.17264691027623844,0.019428641407547242,0.1762177050113678
3.28399999999986,0.06791786710332068,17.61684226989746,0.1718821376175385,0.019431977054888406,0.17542476952075958
3.2859999999998597,0.06791561293115464,15.356138229370117,0.1711250955614597,0.019431309580137668,0.1753762811422348
3.2879999999998595,0.06791350607116192,17.422252655029297,0.1703623963593482,0.019459073435162705,0.17436771094799042
3.2899999999998593,0.06791153536429625,17.445051193237305,0.16962742017106033,0.019481678039582298,0.1738118827342987
3.291999999999859,0.06790969334162006,17.633747100830078,0.1688953347670116,0.01949622341005468,0.17297524213790894
3.293999999999859,0.06790797024068355,17.575931549072266,0.16818481525514473,0.019505236320884696,0.17234735190868378
3.2959999999998586,0.0679063594989273,17.661788940429688,0.16748222954041758,0.019507144957496392,0.1716097891330719
3.2979999999998584,0.06790485289868088,17.606651306152344,0.16679748599223138,0.019503459548904128,0.17096833884716034
3.299999999999858,0.0679034445641374,17.66667938232422,0.16612342198928626,0.019493413545691157,0.17029428482055664
3.301999999999858,0.06790212758901806,17.633975982666016,0.1654652402668355,0.019477875320394515,0.1696697473526001
3.3039999999998577,0.06790089671318818,17.66623306274414,0.16481916665953789,0.019456511911106474,0.169043630361557
3.3059999999998575,0.06789974610831558,17.64915657043457,0.1641879208354998,0.019429846164151096,0.1684480756521225
3.3079999999998573,0.06789867108474812,17.665184020996094,0.16356949784786043,0.019397766581540035,0.16786342859268188
3.309999999999857,0.06789766669144819,17.656116485595703,0.16296530055284497,0.019360608013811953,0.16730161011219025
3.311999999999857,0.06789672876604079,17.664411544799805,0.16237424172445966,0.019318369635879316,0.16675521433353424
3.3139999999998566,0.06789585307263166,17.659778594970703,0.16179701955196846,0.019271282250048434,0.16622847318649292
3.3159999999998564,0.06789503592954278,17.66421890258789,0.16123301663277614,0.01921939828993949,0.16571860015392303
3.317999999999856,0.06789427368799435,17.661828994750977,0.1606825479779539,0.019162889482988672,0.1652267575263977
3.319999999999856,0.06789356309815416,17.664241790771484,0.16014523051368834,0.019101832100344704,0.1647520661354065
3.3219999999998557,0.06789290099761258,17.663049697875977,0.15962116517565747,0.019036363110336522,0.16429439187049866
3.3239999999998555,0.06789228451977168,17.664352416992188,0.15911007966480242,0.018966567806129257,0.16385333240032196
3.3259999999998553,0.06789171090874951,17.663761138916016,0.15861195014357435,0.018892561734961205,0.16342855989933014
3.327999999999855,0.06789117763493877,17.664417266845703,0.15812655064879258,0.018814431965727848,0.16301989555358887
3.329999999999855,0.06789068228495858,17.664073944091797,0.15765378017251824,0.018732280099051042,0.16262680292129517
3.3319999999998546,0.06789022262364547,17.664405822753906,0.157193425962181,0.018646191617608703,0.1622491031885147
3.3339999999998544,0.06788979652810605,17.664203643798828,0.15674533573311836,0.018556258491260868,0.1618860363960266
3.335999999999854,0.0678894020193925,17.664356231689453,0.15630929348162967,0.01846256321776582,0.1615375131368637
3.337999999999854,0.06788903722233659,17.664222717285156,0.1558851103063831,0.0183651907280743,0.16120298206806183
3.3399999999998538,0.06788870038042144,17.664274215698242,0.1554725594190353,0.01826422010411499,0.16088205575942993
3.3419999999998535,0.06788838983068689,17.664165496826172,0.15507142420454487,0.018159730870504442,0.16057440638542175
3.3439999999998533,0.06788810400952358,17.664146423339844,0.15468146438658453,0.018051798719021746,0.1602793037891388
3.345999999999853,0.06788784143644298,17.66403579711914,0.15430244163246265,0.017940498852221116,0.15999649465084076
3.347999999999853,0.06788760071514048,17.66397476196289,0.1539341021209303,0.017825903795093107,0.15972547233104706
3.3499999999998527,0.06788718362444637,17.66387176513672,0.15357619036180634,0.017708085187714336,0.1594657599925995
3.3519999999998524,0.06788681629307612,17.525909423828125,0.1532467112929447,0.01758711268113929,0.1586792767047882
3.353999999999852,0.06788648121214119,17.55160140991211,0.15293824721710875,0.017531710517172408,0.15844391286373138
3.355999999999852,0.06788618820102053,17.647300720214844,0.15262771168882808,0.017471602107934248,0.1582741141319275
3.3579999999998518,0.06788520622752486,17.581439971923828,0.1523320868765053,0.01740889305719882,0.15806810557842255
3.3599999999998515,0.06788431182411246,17.374418258666992,0.1521044003968909,0.017342028879583297,0.15852321684360504
3.3619999999998513,0.06788347780713859,17.252532958984375,0.15189555027910767,0.017271901043251683,0.15842753648757935
3.363999999999851,0.06788271694250098,17.665361404418945,0.15167830638282576,0.01719763380593155,0.15827396512031555
3.365999999999851,0.06788201159608852,17.607852935791016,0.15147323800489307,0.017121585769967716,0.15816739201545715
3.3679999999998507,0.06788136776910689,17.692710876464844,0.1512653197915281,0.01704180342337896,0.15804621577262878
3.3699999999998504,0.0678807742408424,17.629127502441406,0.1510653470910801,0.01695961072472988,0.15794135630130768
3.3719999999998502,0.06788023320688218,17.693727493286133,0.15086328247068362,0.01687397010851898,0.1578364074230194
3.37399999999985,0.06787973727676558,17.65533447265625,0.15066398544319873,0.016785566914744525,0.15773695707321167
3.37599999999985,0.06787928664126067,17.68994903564453,0.15046365579517668,0.016693862815172444,0.15764106810092926
3.3779999999998496,0.06787887621949686,17.669361114501953,0.15026548636451054,0.01659921825073422,0.15754692256450653
3.3799999999998493,0.06787850520912575,17.686264038085938,0.15006760413116327,0.016501359878070842,0.15745636820793152
3.381999999999849,0.06787816994839127,17.674652099609375,0.14987174889185398,0.016400484418829898,0.15736627578735352
3.383999999999849,0.06787786919630706,17.683128356933594,0.14967817699384425,0.016296460781763025,0.15727876126766205
3.3859999999998487,0.06787706635211509,17.676729202270508,0.14948840584827483,0.01618940452203904,0.1571911722421646
3.3879999999998485,0.06787637418263003,17.193893432617188,0.14932373547841302,0.01607926208813221,0.1496075689792633
3.3899999999998482,0.06787504431057122,16.63541030883789,0.14917538112398804,0.016015136727863602,0.15679574012756348
3.391999999999848,0.06787385293633337,15.918769836425781,0.1490581975824953,0.01594583818265853,0.15736675262451172
3.393999999999848,0.06787283128755577,17.57437515258789,0.1489219925701134,0.01590976198037888,0.15724262595176697
3.3959999999998476,0.06787225191461342,17.58170509338379,0.14879579827817557,0.015872007821401364,0.1570773720741272
3.3979999999998474,0.06787173625802856,17.608840942382812,0.1486452450846365,0.01582958106925141,0.15697631239891052
3.399999999999847,0.06787077363529576,17.694976806640625,0.14848944613785572,0.01576165644022863,0.15686598420143127
3.401999999999847,0.0678697077817748,-8.390589714050293,0.14846072529987964,0.015689785905279422,0.14372162520885468
3.4039999999998467,0.06786880939115657,16.42245101928711,0.14839371790706252,0.015563649534390704,0.15200111269950867
3.4059999999998465,0.06786798580705874,15.665006637573242,0.1483419447350282,0.015416563736154295,0.1580319106578827
3.4079999999998463,0.06786728986783586,17.528186798095703,0.14826515238057997,0.015266930592862077,0.15767543017864227
3.409999999999846,0.06786668810035358,17.64034652709961,0.14809815363433776,0.015118390964859483,0.15665361285209656
3.411999999999846,0.0678652953713263,17.709617614746094,0.1479281592179924,0.014999644445419737,0.1564851999282837
3.4139999999998456,0.06786408564295876,17.631723403930664,0.14784248718589493,0.014876745354039026,0.15809540450572968
3.4159999999998454,0.06786306749786077,17.722965240478516,0.14774726159839088,0.014745583416228692,0.15812012553215027
3.417999999999845,0.06786220573474122,17.660415649414062,0.14765301926055002,0.01461267677472399,0.15814109146595
3.419999999999845,0.06786149958959088,17.732006072998047,0.14755234164767161,0.014476986574006132,0.15809397399425507
3.4219999999998447,0.06786092452139467,17.694393157958984,0.14745078445242094,0.014339278460850532,0.15788264572620392
3.4239999999998445,0.06786047538570086,17.735307693481445,0.14734457742368046,0.014199017364823482,0.15766961872577667
3.4259999999998443,0.06786013432745482,17.715662002563477,0.14723670310906684,0.014056590376842494,0.15747025609016418
3.427999999999844,0.0678598945066408,17.736568450927734,0.14712529641688818,0.013911718062829896,0.15727373957633972
3.429999999999844,0.06785974244653517,17.726303100585938,0.1470120129018752,0.013764594536141856,0.15708552300930023
3.4319999999998436,0.06785967101661683,17.73743438720703,0.14689598789154895,0.013615072707251876,0.15690100193023682
3.4339999999998434,0.06785966975218832,17.73221778869629,0.14677819596332817,0.013463250493577713,0.1567218154668808
3.435999999999843,0.06785973192790695,17.73861312866211,0.1466583025079332,0.013309052195458566,0.15654590725898743
3.437999999999843,0.06785984925760534,17.73632049560547,0.1465369365688417,0.013152530538599648,0.1563735157251358
3.4399999999998427,0.06786001572988212,17.740131378173828,0.14641404880944553,0.012993651275413565,0.156203493475914
3.4419999999998425,0.06786022470758542,17.739286422729492,0.1462900972171709,0.012832449057386347,0.1560356169939041
3.4439999999998423,0.06786047099592299,17.74160385131836,0.14616519028024483,0.012668916484136459,0.15586957335472107
3.445999999999842,0.06786074925343363,17.741411209106445,0.14603970586604717,0.012503084630281146,0.15570463240146637
3.447999999999842,0.06786105509897301,17.742826461791992,0.14591384395824383,0.012334965846449867,0.15554089844226837
3.4499999999998416,0.06786138423824661,17.74285125732422,0.14578794981123946,0.012164595384511055,0.15537768602371216
3.4519999999998414,0.06786173305030115,17.74364471435547,0.145662212252652,0.011992001888753923,0.15521499514579773
3.453999999999841,0.06786209789180601,17.743675231933594,0.1455358302873647,0.0118172289143983,0.15505264699459076
3.455999999999841,0.06786225840100912,17.744102478027344,0.14540849542978834,0.011640319697155546,0.15489035844802856
3.4579999999998408,0.067862534126849,14.982196807861328,0.1451306485233766,0.011461328277537038,0.1537075787782669
3.4599999999998405,0.06786272399743326,8.052762985229492,0.14488900790636006,0.0112507000459203,0.15406329929828644
3.4619999999998403,0.06786298196352751,17.042810440063477,0.14462948460888722,0.011031193759904192,0.13351833820343018
3.46399999999984,0.06786319346516073,16.332162857055664,0.14439328039183572,0.010807674665195182,0.1535159945487976
3.46599999999984,0.0678634455060557,17.64046859741211,0.1441511133202169,0.01057696074884207,0.15310806035995483
3.4679999999998397,0.06786367483168097,17.63018035888672,0.14392742157920183,0.010342072839648858,0.15298189222812653
3.4699999999998394,0.06786392846635145,17.71363067626953,0.14370437153810586,0.010101273397344731,0.1526554822921753
3.471999999999839,0.06786443554014496,17.63779067993164,0.14349485393866435,0.009856451768958177,0.15244875848293304
3.473999999999839,0.06786503621308466,17.61454963684082,0.1431783009166193,0.009606764885314261,0.14926451444625854
3.4759999999998388,0.06786568355504494,17.544723510742188,0.14288270372888848,0.009396950928170939,0.1490432322025299
3.4779999999998386,0.06786640688698986,17.63717269897461,0.14259487923196473,0.009173865907699526,0.14866380393505096
3.4799999999998383,0.06786718141938201,17.57225227355957,0.1423239523737192,0.00893962667229284,0.14838655292987823
3.481999999999838,0.06786791443941109,17.637619018554688,0.14206287952015242,0.00869420992176365,0.14804254472255707
3.483999999999838,0.06786873217207202,17.553136825561523,0.14187809394243273,0.008439161397263783,0.14875778555870056
3.4859999999998377,0.06786957033159235,17.570030212402344,0.1417124075944305,0.008149940883068137,0.14852124452590942
3.4879999999998375,0.06787047471716008,17.660797119140625,0.14154579175806004,0.007853422398386836,0.1482216715812683
3.4899999999998372,0.06787141131711619,17.583955764770508,0.1413939051966525,0.0075522181084446745,0.14796890318393707
3.491999999999837,0.06787240323599289,17.66665267944336,0.14124606113515614,0.007245232236283339,0.14769750833511353
3.493999999999837,0.06787343283930548,17.608108520507812,0.14111074527473372,0.00693412685936841,0.1474446803331375
3.4959999999998366,0.06787451158069611,17.660810470581055,0.14098253002721148,0.006618495178739002,0.14719052612781525
3.4979999999998364,0.06787563017226665,17.625595092773438,0.14086608108129164,0.006299403921025014,0.14694495499134064
3.499999999999836,0.06787679413517851,17.65301513671875,0.14075874485896187,0.005976800608969984,0.14670459926128387
3.501999999999836,0.06787799843256376,17.63400650024414,0.1406631730310858,0.005651412132823763,0.14647051692008972
3.5039999999998357,0.06787924556395226,17.646867752075195,0.1405781711120824,0.0053233576712936395,0.1462438851594925
3.5059999999998355,0.06788053265603712,17.635982513427734,0.14050532851285022,0.004993166291170681,0.14602340757846832
3.5079999999998353,0.06788186066984028,17.641923904418945,0.14044421456265122,0.004661035899899444,0.14581137895584106
3.509999999999835,0.06788388849860608,17.63561248779297,0.14039585619415265,0.004327379810645442,0.14560635387897491
3.511999999999835,0.06788594718342812,7.814890384674072,0.14031368839083877,0.00399243213102164,0.1433694213628769
3.5139999999998346,0.06788814103425865,16.967544555664062,0.14022205806128893,0.003650737734325796,0.1431913524866104
3.5159999999998344,0.06789038805343887,16.149616241455078,0.14016520951125666,0.0033059324568515194,0.1430833786725998
3.517999999999834,0.06789274382498187,17.514049530029297,0.14011036033969118,0.0029538465569445486,0.1429440975189209
3.519999999999834,0.06789516339859565,17.517044067382812,0.14008294981737035,0.0025996183993018986,0.14282608032226562
3.5219999999998337,0.06789767431224948,17.595273971557617,0.1400647030138877,0.0022415513135991675,0.14270992577075958
3.5239999999998335,0.06789982469203212,17.52104949951172,0.14006967769646714,0.0018840644194925437,0.14260272681713104
3.5259999999998333,0.06790096086151548,17.54619598388672,0.14010724169989885,0.001528522996249367,0.14331646263599396
3.527999999999833,0.06790244797609173,16.896215438842773,0.1402775239688514,0.001119659768804031,0.14569228887557983
3.529999999999833,0.0679041615851701,17.470691680908203,0.14045974140040293,0.0006526140793075055,0.1454279124736786
3.5319999999998326,0.06790591512075216,16.83802032470703,0.14067899063924197,0.00025690202828449935,0.1453615128993988
3.5339999999998324,0.06790758726413593,16.063310623168945,0.14093356157232875,0.00023915438787542773,0.14567090570926666
3.535999999999832,0.06790928009929793,17.54970932006836,0.141190578827517,0.0005301773016046144,0.14564910531044006
3.537999999999832,0.06791096477776991,17.57010269165039,0.14147179348381042,0.0008407892499417506,0.14585454761981964
3.5399999999998317,0.06791267155003285,17.651729583740234,0.14175815494614638,0.0011514315865942637,0.14587929844856262
3.5419999999998315,0.06791438120315939,17.57785987854004,0.1420642143471463,0.0014569211754321457,0.14604061841964722
3.5439999999998313,0.06791610778457932,17.656063079833984,0.14237995777442777,0.0017585543999112528,0.14614810049533844
3.545999999999831,0.06791784062254297,17.60059928894043,0.14270505683732942,0.002054969751814969,0.1463208645582199
3.547999999999831,0.06791958623202352,17.64993667602539,0.14303143128896417,0.0023472478777751857,0.1464882642030716
3.5499999999998306,0.06792133855982713,17.617042541503906,0.14337192616486735,0.002634846678331128,0.14669248461723328
3.5519999999998304,0.067923100358653,17.642925262451172,0.14372771986630944,0.0029184319861838876,0.14690953493118286
3.55399999999983,0.06792486797254006,17.625263214111328,0.14410125759591924,0.003197793288735957,0.1471525877714157
3.55599999999983,0.0679266422462034,17.637489318847656,0.14448985834155384,0.0034733348639642025,0.14741501212120056
3.5579999999998297,0.06792842075530758,17.627546310424805,0.14488438632591732,0.003744993724436564,0.14769965410232544
3.5599999999998295,0.06793020337415188,17.633502960205078,0.14528202519682615,0.004013020212551949,0.14800550043582916
3.5619999999998293,0.06793198831095495,17.627857208251953,0.14568325774766103,0.004277414709252413,0.14833199977874756
3.563999999999829,0.06793377494887468,17.6307373046875,0.14608755346859387,0.004538336147072745,0.148679718375206
3.565999999999829,0.06793556182420338,17.627443313598633,0.14649672192572433,0.004795808436083261,0.1490473747253418
3.5679999999998286,0.06793734807590142,17.628738403320312,0.14692248308249206,0.005049934524727485,0.14943552017211914
3.5699999999998284,0.06793913241523229,17.626758575439453,0.14736754428221846,0.005300743324459138,0.14984308183193207
3.571999999999828,0.06794091386538267,17.62723159790039,0.14783183924893364,0.005548302103564636,0.1502702534198761
3.573999999999828,0.0679426912367486,17.62598419189453,0.14831547024724664,0.00579263668900903,0.15071603655815125
3.5759999999998278,0.06794446350445481,17.62604522705078,0.14881835048987757,0.006033790637987423,0.15118055045604706
3.5779999999998275,0.06794622954140983,17.625244140625,0.1493404634529395,0.006271783688499781,0.15166309475898743
3.5799999999998273,0.06794926582485783,17.625150680541992,0.14988167880407696,0.006506643022807003,0.1521635800600052
3.581999999999827,0.06795230633631273,17.480817794799805,0.1503747505859453,0.006738381689777409,0.1510651856660843
3.583999999999827,0.06795532209532328,17.50952911376953,0.15089963935952777,0.007007961301032297,0.15154308080673218
3.5859999999998267,0.06795833148342116,17.598941802978516,0.15143620586273643,0.007277491115563529,0.15210436284542084
3.5879999999998264,0.06796131897590993,17.527904510498047,0.15199871863429998,0.0075443506563330175,0.15262891352176666
3.589999999999826,0.06796429301037936,17.607460021972656,0.15257633055048256,0.007810088065514001,0.15321263670921326
3.591999999999826,0.06796724516092678,17.55257797241211,0.15317622824125862,0.008073218230084198,0.1537810117006302
3.593999999999826,0.06797017890275289,17.603843688964844,0.1537926132894818,0.008334475684904976,0.15439052879810333
3.5959999999998256,0.06797308935032702,17.57166290283203,0.15442897424463392,0.008593027847139792,0.15499816834926605
3.5979999999998253,0.06797802805188627,17.599397659301758,0.15508183076954937,0.008849196273204307,0.15563556551933289
3.599999999999825,0.06798136879229735,7.962555885314941,0.15563234641141988,0.009102494759230839,0.15269441902637482
3.601999999999825,0.06798464925419356,17.56222152709961,0.1561949762158273,0.009360704252294143,0.1544206291437149
3.6039999999998247,0.06798786324285055,17.49472427368164,0.15676394445955996,0.009493820720300718,0.1551450937986374
3.6059999999998245,0.06799101831803249,17.56552505493164,0.15733093943834703,0.00963496955060841,0.15579895675182343
3.6079999999998242,0.06799411201454286,17.5239200592041,0.1579055508099663,0.009781906603243592,0.156485453248024
3.609999999999824,0.0679971482743727,17.56497573852539,0.15849942068631354,0.009934077892380443,0.1571415215730667
3.611999999999824,0.06800012620922337,17.54288101196289,0.1591162555687858,0.010090004104856519,0.15780110657215118
3.6139999999998236,0.06800304788153318,17.564342498779297,0.15975248729088212,0.010249097722917539,0.15843722224235535
3.6159999999998234,0.06800591301477484,17.553451538085938,0.1604085558450741,0.010410341739458507,0.15929998457431793
3.617999999999823,0.06800872266856799,17.564739227294922,0.16108213861859963,0.010573201402865145,0.1605386584997177
3.619999999999823,0.068011476761744,17.559616088867188,0.16177299712870832,0.010736951060246906,0.16176889836788177
3.6219999999998227,0.06801417580310044,17.566181182861328,0.16247948382277508,0.010901133806535613,0.16300253570079803
3.6239999999998225,0.0680168197397021,17.563949584960938,0.16320103822750978,0.011065215400106845,0.16422975063323975
3.6259999999998223,0.0680194087694729,17.567909240722656,0.16393638561259793,0.011228816830528045,0.1654568612575531
3.627999999999822,0.06802194281084065,17.567476272583008,0.16468482129481724,0.011391534667235798,0.16667833924293518
3.629999999999822,0.06802442188321209,17.57025718688965,0.16544528198794956,0.011553058927084988,0.16789735853672028
3.6319999999998216,0.06802684586608214,17.57062530517578,0.1662170059583783,0.011713078842810667,0.16911062598228455
3.6339999999998214,0.06802921467691907,17.572647094726562,0.16699905428827616,0.011871342522728008,0.17031976580619812
3.635999999999821,0.06803152816399015,17.57343101501465,0.16779064986955036,0.012027606942579504,0.17152269184589386
3.637999999999821,0.06803378618965376,17.57506561279297,0.16859055701700157,0.012181667971062005,0.1727200746536255
3.6399999999998207,0.06803581428706552,17.576040267944336,0.16938877333150454,0.012333333462061197,0.1739109456539154
3.6419999999998205,0.06803778945071173,7.639657020568848,0.17013666636599284,0.012482438176077392,0.176983043551445
3.6439999999998203,0.06803972238030638,17.030956268310547,0.17086009696843613,0.012620073794508746,0.17826539278030396
3.64599999999982,0.06804160609503299,16.326231002807617,0.17159628542153382,0.012754845956512877,0.17928627133369446
3.64799999999982,0.06804344548560731,17.542009353637695,0.17231629989544614,0.012890077403152657,0.18049877882003784
3.6499999999998196,0.06804523740096745,17.526508331298828,0.1730420701025133,0.013022904229015676,0.18154442310333252
3.6519999999998194,0.0680469838769419,17.600608825683594,0.17376225176067348,0.01315523272380445,0.18270406126976013
3.653999999999819,0.06804868362485168,17.533571243286133,0.17449565400304565,0.013285325312609878,0.18376438319683075
3.655999999999819,0.0680503373848412,17.603191375732422,0.1752323611885318,0.013414196087721103,0.18488498032093048
3.6579999999998187,0.06805194465071496,17.559118270874023,0.17597775319146725,0.013540835190972666,0.18594753742218018
3.6599999999998185,0.06805350563054648,17.600677490234375,0.17672625696763333,0.013665739864451302,0.18703807890415192
3.6619999999998183,0.06805502011592982,17.575889587402344,0.17748024030777532,0.013788315482261644,0.1880931705236435
3.663999999999818,0.06805454788491892,17.597869873046875,0.17823642094448233,0.013908785785671854,0.1891588419675827
3.665999999999818,0.06805407272412886,17.645278930664062,0.17912406715067342,0.014026786920724319,0.1897849142551422
3.6679999999998176,0.06805359289790962,17.628681182861328,0.18000658374223527,0.014090428465726564,0.19096313416957855
3.6699999999998174,0.06805310689360262,17.641536712646484,0.18088230471594507,0.014148429717888638,0.1921333372592926
3.671999999999817,0.06805261327278404,17.632692337036133,0.18175208396077225,0.014200832582151978,0.19328463077545166
3.673999999999817,0.06805211080271181,17.639284133911133,0.1826149011479284,0.014247960062623988,0.19442470371723175
3.6759999999998167,0.06805159832972044,17.634706497192383,0.18347103168604062,0.014289912302916223,0.19554702937602997
3.6779999999998165,0.06805107487294206,17.638280868530273,0.18431977091751012,0.014326935977377317,0.19665589928627014
3.6799999999998163,0.06805053953495112,17.63605499267578,0.18516107835167822,0.0143591525840069,0.19774746894836426
3.681999999999816,0.0680499915597058,17.638076782226562,0.18599439939941032,0.014386757767296452,0.1988239586353302
3.683999999999816,0.06804943027396494,17.637086868286133,0.18681951871502472,0.01440987555866643,0.19988316297531128
3.6859999999998156,0.06804885511987437,17.638330459594727,0.18763595050001436,0.01442866570491763,0.20092619955539703
3.6879999999998154,0.06804826561759923,17.638042449951172,0.18844338178481584,0.014443245842541943,0.20195163786411285
3.689999999999815,0.06804766138200115,17.638992309570312,0.1892413572177551,0.014453749263939561,0.2029600739479065
3.691999999999815,0.06804704209881467,17.63915252685547,0.19002950966089666,0.01446028357604171,0.20395053923130035
3.6939999999998148,0.06804640753204298,17.639972686767578,0.19080739746129932,0.014462961835555399,0.2049233615398407
3.6959999999998145,0.06804575750848228,17.64040756225586,0.19157462466760278,0.014461880727864342,0.20587769150733948
3.6979999999998143,0.06804509192000772,17.641250610351562,0.19233075721864296,0.014457137412897088,0.20681390166282654
3.699999999999814,0.06804441071318536,17.641891479492188,0.19307538582326644,0.014448818109371979,0.2077312022447586
3.701999999999814,0.06804371388891195,17.642723083496094,0.1938080829607537,0.014437007274036342,0.20862977206707
3.7039999999998137,0.06804300149514712,17.643489837646484,0.1945284359355507,0.014421781709362216,0.20950926840305328
3.7059999999998134,0.06804227362530098,17.644363403320312,0.1952360249557477,0.014403215623179345,0.21036933362483978
3.7079999999998132,0.06804153041291633,17.645206451416016,0.1959304406410307,0.01438137765260197,0.21120983362197876
3.709999999999813,0.06804077202956145,17.646116256713867,0.19661127296370484,0.014356333701914551,0.21203050017356873
3.711999999999813,0.06803999868077568,17.64700698852539,0.19727812062695954,0.01432814549436392,0.21283122897148132
3.7139999999998126,0.06803921060385412,17.647937774658203,0.19793058558390475,0.014296872203857978,0.21361176669597626
3.7159999999998123,0.06803840806464564,17.648860931396484,0.19856827814433764,0.014262569797786577,0.21437178552150726
3.717999999999812,0.06803759135542446,17.649803161621094,0.19919081434133423,0.014225292006763497,0.21511121094226837
3.719999999999812,0.06803676079228414,17.65074920654297,0.1997978187775722,0.01418509006917566,0.2158299684524536
3.7219999999998117,0.06803591671318011,17.651708602905273,0.2003889234315156,0.014142013331567137,0.21652761101722717
3.7239999999998115,0.06803505947576279,17.652666091918945,0.20096376929473547,0.014096109190575579,0.2172040492296219
3.7259999999998112,0.068034189455613,17.653636932373047,0.2015220058940908,0.014047423482216962,0.2178591787815094
3.727999999999811,0.06803330704441252,17.65460205078125,0.2020632922722923,0.013996000515028917,0.21849273145198822
3.729999999999811,0.06803241264837355,17.65557098388672,0.2025872968562344,0.01394188333469674,0.21910460293293
3.7319999999998106,0.06803150668666971,17.65654754638672,0.20309369807282612,0.013885113794128654,0.2196945697069168
3.7339999999998104,0.06803058959004765,17.65752601623535,0.20358218437613318,0.013825732741356754,0.22026242315769196
3.73599999999981,0.06802766558435334,17.658510208129883,0.20405245465446253,0.013763780099574918,0.22080807387828827
3.73799999999981,0.06802482689042427,17.647506713867188,0.20457908101779398,0.013699295005489677,0.22260263562202454
3.7399999999998097,0.06802206989182208,17.68914794921875,0.20508084475899185,0.0137230837768648,0.22312071919441223
3.7419999999998095,0.06801939026051909,17.667491912841797,0.2055603593348893,0.013732976721079095,0.22364233434200287
3.7439999999998093,0.06801678476401898,17.69026756286621,0.20601598431930257,0.013730508798786397,0.22413299977779388
3.745999999999809,0.06801424974548789,17.67999267578125,0.206449105609882,0.013716393801924841,0.22461126744747162
3.747999999999809,0.06801178235689574,17.692092895507812,0.20685888859110024,0.013691799281250134,0.225064218044281
3.7499999999998086,0.06800937954758712,17.687137603759766,0.2072460671171552,0.013657435332931232,0.2254977822303772
3.7519999999998084,0.06800703884012378,17.693981170654297,0.20761021381400024,0.013614217600892835,0.2259073555469513
3.753999999999808,0.06800475769491246,17.691844940185547,0.2079517139258834,0.013562796982010811,0.22629427909851074
3.755999999999808,0.0680025339743617,17.696121215820312,0.20827034450685983,0.01350390659538233,0.226656973361969
3.7579999999998077,0.06800054928444334,17.695531845092773,0.20856630376208124,0.013438119057930237,0.22699572145938873
3.7599999999998075,0.06799861737476079,16.387451171875,0.2087447092756986,0.013366029396584309,0.22635942697525024
3.7619999999998073,0.06799672096402354,15.678168296813965,0.20892113883947988,0.013254630907039518,0.22672513127326965
3.763999999999807,0.06799487410717812,17.436904907226562,0.20906558721215673,0.013148668077135278,0.2268226146697998
3.765999999999807,0.06799306651576843,17.430450439453125,0.20920010033002268,0.013042856654632881,0.22704161703586578
3.7679999999998066,0.06799130612534282,17.697078704833984,0.2093077120606855,0.012940909057621573,0.227138489484787
3.7699999999998064,0.0679895868109056,17.637908935546875,0.20940051920956937,0.012839688618733606,0.22726458311080933
3.771999999999806,0.06798791266336461,17.714357376098633,0.209469227286659,0.01274124855015692,0.22733259201049805
3.773999999999806,0.06798628006391406,17.654890060424805,0.20952012479213122,0.012643741190646474,0.22739256918430328
3.7759999999998057,0.06798476185237741,17.71096420288086,0.2095482923920906,0.012548216318911102,0.22741909325122833
3.7779999999998055,0.06798349438717333,-1.1864962577819824,0.2095453903074337,0.012453635694169511,0.22724565863609314
3.7799999999998053,0.06798225431146193,16.84170150756836,0.20950879596521865,0.012352721658824853,0.2268855720758438
3.781999999999805,0.06798102522375528,16.121356964111328,0.20946617719155736,0.012293255213028494,0.22728735208511353
3.783999999999805,0.06798105197534728,17.567890167236328,0.2093930251315732,0.012239299556061591,0.2270689308643341
3.7859999999998046,0.06798307684458814,17.684072494506836,0.2092759226075111,0.012186047885091426,0.22682611644268036
3.7879999999998044,0.06798506366781347,15.928678512573242,0.20908401315622316,0.012133994108348168,0.2255079448223114
3.789999999999804,0.0679869913089759,15.080455780029297,0.20889129358751007,0.012045171250845461,0.22578786313533783
3.791999999999804,0.06798887480145299,17.26044464111328,0.20866615992612986,0.01197641953977092,0.22532488405704498
3.7939999999998038,0.06799070352944277,17.017913818359375,0.2084317959754305,0.011919489900816356,0.225309357047081
3.7959999999998035,0.06799248423685486,17.622962951660156,0.20817013401017326,0.011876828018174222,0.22493022680282593
3.7979999999998033,0.06799421161674926,17.57396697998047,0.207894149481112,0.011843141508926467,0.2247404009103775
3.799999999999803,0.06799588831773289,17.649559020996094,0.20759390800470384,0.011819479058737491,0.22437487542629242
3.801999999999803,0.06799751180248832,17.586231231689453,0.20727628432100326,0.011802459937689965,0.2240743637084961
3.8039999999998027,0.0679990829977334,17.648681640625,0.2069360534932183,0.01179230383267965,0.22368675470352173
3.8059999999998024,0.0680006007094215,17.609893798828125,0.20657685629282363,0.011786899108961975,0.22331148386001587
3.807999999999802,0.06800206525248828,17.645709991455078,0.206195973033104,0.011786080060468133,0.22288697957992554
3.809999999999802,0.068003476143046,17.625106811523438,0.2057953674032848,0.011788481984395076,0.22245346009731293
3.8119999999998018,0.06800483356592392,17.643966674804688,0.2053736614684295,0.01179379594296722,0.22198672592639923
3.8139999999998015,0.06800613745834819,17.633583068847656,0.2049319570801631,0.011801106605029876,0.22150281071662903
3.8159999999998013,0.06800738806857484,17.643463134765625,0.2044696030052206,0.011810076455271946,0.22099266946315765
3.817999999999801,0.06800858561344258,17.638328552246094,0.20398726572819453,0.011820068712455525,0.22046251595020294
3.819999999999801,0.06800791725668255,17.643938064575195,0.20348469489877258,0.011830767456342168,0.21990878880023956
3.8219999999998007,0.06800725519185075,17.689800262451172,0.20300793374484177,0.011841714951715498,0.22006604075431824
3.8239999999998004,0.06800659913267883,17.665592193603516,0.20251226205421607,0.011862303302954742,0.21953235566616058
3.8259999999998002,0.06800594893268427,17.685226440429688,0.20199631202544738,0.011880006662522704,0.21897771954536438
3.8279999999998,0.06800530432077591,17.672733306884766,0.20146152616607288,0.011894620306004128,0.21840032935142517
3.8299999999998,0.06800466513675509,17.68252944946289,0.2009073205772608,0.01190649268045801,0.2178020030260086
3.8319999999997996,0.06800403113451366,17.675983428955078,0.20033460610755327,0.011915550475511264,0.21718166768550873
3.8339999999997993,0.06800340214724108,17.681236267089844,0.19974322470337552,0.011922010806966076,0.21654070913791656
3.835999999999799,0.06800213020173122,17.67776870727539,0.1991338164003577,0.011925863955914008,0.2158784121274948
3.837999999999799,0.0679987468247461,17.339351654052734,0.19853459253698158,0.011927251695901288,0.21507379412651062
3.8399999999997987,0.06799546158678303,15.043131828308105,0.19799996988077556,0.011900671987539338,0.21463118493556976
3.8419999999997985,0.06799228193423515,17.276775360107422,0.1974310624096114,0.011884617303763955,0.2139844298362732
3.8439999999997982,0.06798920356241768,17.032711029052734,0.19685273045134477,0.01185952195854067,0.21333611011505127
3.845999999999798,0.06798623058633921,17.65594482421875,0.19624712560939767,0.01183026795577244,0.21265466511249542
3.847999999999798,0.06798335878761545,17.6151065826416,0.19562837784393028,0.011794063645554284,0.21196353435516357
3.8499999999997976,0.06798058972758503,17.68855094909668,0.19498692219405916,0.011753747129925796,0.21124565601348877
3.8519999999997974,0.06797791965891793,17.6298828125,0.1943304792630111,0.01170812514990935,0.2105134129524231
3.853999999999797,0.0679753484670481,17.692333221435547,0.1936542406450082,0.011658866915142644,0.2097582221031189
3.855999999999797,0.0679728727731651,17.65563201904297,0.19296250910970136,0.011605630702122866,0.20898638665676117
3.8579999999997967,0.06796936634011494,17.692245483398438,0.19225298121900963,0.011549460850756385,0.20819354057312012
3.8599999999997965,0.06796601012684286,7.946781158447266,0.19159930164840588,0.011490389015344138,0.20748469233512878
3.8619999999997963,0.06796281705054226,17.100513458251953,0.19091107949041625,0.011474529364354929,0.2067251354455948
3.863999999999796,0.0679597684601106,16.451475143432617,0.1902181711379226,0.011446351999258477,0.20596188306808472
3.865999999999796,0.06795687131606933,17.647785186767578,0.18949920559870637,0.011410649208413537,0.2051612138748169
3.8679999999997956,0.06795411148184925,17.650856018066406,0.18877142146614057,0.0113658215739171,0.20434898138046265
3.8699999999997954,0.06795149134757619,17.72049903869629,0.18802317288943882,0.011314839304369976,0.20350737869739532
3.871999999999795,0.06794900039493582,17.659217834472656,0.18726406496762754,0.011257227338687776,0.20265009999275208
3.873999999999795,0.0679466380493906,17.72667694091797,0.18648816942153268,0.011194868601590363,0.20176827907562256
3.8759999999997947,0.0679443962034766,17.68355941772461,0.18570085163216937,0.011127863271829798,0.20086915791034698
3.8779999999997945,0.06794227259172612,17.7268123626709,0.18489926167062848,0.011057453559224679,0.19994819164276123
3.8799999999997943,0.06794056097905006,17.70211410522461,0.1840865270780983,0.010983967809774958,0.19900964200496674
3.881999999999794,0.06793892556746742,17.650859832763672,0.1832498414696886,0.010908270272488044,0.19803696870803833
3.883999999999794,0.06793621191365361,17.733097076416016,0.18239509356202804,0.010844400121798879,0.19703629612922668
3.8859999999997936,0.06793367201744557,17.658567428588867,0.18153206877466144,0.010775254246656535,0.19601581990718842
3.8879999999997934,0.0679313066727499,17.737550735473633,0.18065593419185905,0.0106669912435286,0.19497551023960114
3.889999999999793,0.06792910141786629,17.67815399169922,0.17977456705615097,0.01055679713404953,0.1939249187707901
3.891999999999793,0.06792705346455537,17.740455627441406,0.17888327039998636,0.010446020484374905,0.1928575336933136
3.8939999999997927,0.06792515141275922,17.703990936279297,0.1779864836759542,0.010334929563260768,0.19177833199501038
3.8959999999997925,0.06792339056859112,17.740711212158203,0.17708201185310785,0.010224441617207869,0.19068408012390137
3.8979999999997923,0.06792176146273977,17.722335815429688,0.1761724872927254,0.010114914029575504,0.18957729637622833
3.899999999999792,0.06792025848748504,17.74216079711914,0.1752570377169363,0.01000698815729465,0.18845684826374054
3.901999999999792,0.06791887345451232,17.73326873779297,0.17433734664569112,0.0099009993230883,0.1873239427804947
3.9039999999997916,0.06791760042797593,17.744182586669922,0.17341324531382443,0.009797393485824283,0.1861780285835266
3.9059999999997914,0.06791643213816678,17.740093231201172,0.1724859213216293,0.00969643783491238,0.18501979112625122
3.907999999999791,0.06791536266820125,17.746543884277344,0.1715555837099109,0.009598429233473421,0.18384945392608643
3.909999999999791,0.06791438547156178,17.744857788085938,0.1706231636275501,0.009503552285685824,0.18266737461090088
3.9119999999997908,0.06791349485687685,17.74884605407715,0.16968907619946075,0.009411985347130853,0.18147367238998413
3.9139999999997905,0.06791268489868979,17.748321533203125,0.16875412269915482,0.009323831529802304,0.18026898801326752
3.9159999999997903,0.06791195025332135,17.750835418701172,0.16781883330886266,0.00923917388901856,0.17905329167842865
3.91799999999979,0.06791113099835734,17.750877380371094,0.16688394595081177,0.009158042696711801,0.17782704532146454
3.91999999999979,0.06791066073173078,17.26988410949707,0.165962736677816,0.0090804451659297,0.17662040889263153
3.9219999999997897,0.06791020125513361,9.677602767944336,0.1650251171800908,0.008942182248440901,0.17538367211818695
3.9239999999997894,0.06790981294532406,17.06843376159668,0.1640709618527103,0.008800463162260038,0.17412212491035461
3.925999999999789,0.0679094444962423,16.453651428222656,0.16313596497532182,0.008662742297041387,0.1728668063879013
3.927999999999789,0.067909129852609,17.674144744873047,0.16219419633341978,0.008530220327841046,0.17159512639045715
3.9299999999997888,0.06790883871664256,17.68684959411621,0.16126642907560998,0.008401650835970158,0.1703244298696518
3.9319999999997886,0.06790858876308357,17.76247215270996,0.16033831355149233,0.008277551246885438,0.16904212534427643
3.9339999999997883,0.06790836256692506,17.68979263305664,0.15941721463820996,0.008157169085054216,0.16775770485401154
3.935999999999788,0.0679081685931009,17.761341094970703,0.15848961671982417,0.008040662243550302,0.16646483540534973
3.937999999999788,0.06790799664189548,17.709308624267578,0.15756123135910075,0.007927567626078835,0.16516859829425812
3.9399999999997877,0.06790785037850489,17.75572967529297,0.15662807270651324,0.007817860795193152,0.1638658344745636
3.9419999999997875,0.06790796672541362,17.724903106689453,0.15569312662444623,0.0077112318859284875,0.16255933046340942
3.9439999999997872,0.0679081207314063,17.002382278442383,0.15470530284647913,0.007607578818050098,0.16055473685264587
3.945999999999787,0.06790825722502251,16.367963790893555,0.15373098128615306,0.007515763965287478,0.15921340882778168
3.947999999999787,0.06790841652381434,17.644079208374023,0.15275089970029204,0.007429265167836055,0.15781356394290924
3.9499999999997866,0.06790829609171896,17.663997650146484,0.15178773692949846,0.00734711574836233,0.15643517673015594
3.9519999999997864,0.06790824052496526,16.09601593017578,0.15076203546256037,0.007269097209609025,0.15497367084026337
3.953999999999786,0.06790817283025223,15.218488693237305,0.1497690762126808,0.007159843709808739,0.15367193520069122
3.955999999999786,0.06790814767211666,17.3538761138916,0.14877411270190896,0.007058877471753238,0.15229542553424835
3.9579999999997857,0.0679081201778679,17.09688377380371,0.1478048663623991,0.006965060630013057,0.15114696323871613
3.9599999999997855,0.06790790558714256,17.731155395507812,0.14684149395132107,0.00687715344116006,0.15025295317173004
3.9619999999997852,0.06790776328351787,16.233829498291016,0.14593530956798637,0.006794453182642641,0.14996638894081116
3.963999999999785,0.06790761580677417,15.393598556518555,0.1450661421154681,0.006663993521270532,0.14952848851680756
3.965999999999785,0.067907518435489,17.3760986328125,0.14419865991755776,0.006536860848690954,0.14855802059173584
3.9679999999997846,0.0679074251653976,17.200122833251953,0.1433606778914338,0.006413527966687333,0.1479109525680542
3.9699999999997844,0.06790736673678767,17.738086700439453,0.14253205828673732,0.006293079472457644,0.14704401791095734
3.971999999999784,0.06790742449432512,17.681827545166016,0.14172871876143991,0.006175900869758673,0.14632901549339294
3.973999999999784,0.06790750050601092,17.697086334228516,0.14090294744443121,0.006061403554991,0.14539583027362823
3.9759999999997837,0.06790756625445318,17.67196273803711,0.14010391949497653,0.005990155191996139,0.14465300738811493
3.9779999999997835,0.06790764253902064,17.747282028198242,0.13931853604117753,0.0059191513475781435,0.14388279616832733
3.9799999999997833,0.06790771446507717,17.673351287841797,0.13855734540656606,0.005848437988803974,0.14316551387310028
3.981999999999783,0.06790779284976395,17.7413330078125,0.1378134167610425,0.005777337898055617,0.14245103299617767
3.983999999999783,0.06790786998051432,17.691335678100586,0.1370834230124036,0.005705878387527953,0.1417727917432785
3.9859999999997826,0.0679079514826866,17.73358154296875,0.13635636805381884,0.005633682707015991,0.14111016690731049
3.9879999999997824,0.06790803336815483,17.70513153076172,0.13563510536647724,0.005560776801161863,0.1404763013124466
3.989999999999782,0.06790811856321372,17.72728729248047,0.1349177369869572,0.005486965450816886,0.13986262679100037
3.991999999999782,0.06790820500898145,17.71206283569336,0.1342058925358707,0.005412280213931203,0.1392742544412613
3.9939999999997817,0.06790829422907449,17.723041534423828,0.13350891154892783,0.005336633063188653,0.13870744407176971
3.9959999999997815,0.0679083851630911,17.71487808227539,0.13283418413831602,0.005260061966511051,0.1381637454032898
3.9979999999997813,0.06790833610002724,17.720539093017578,0.132181420773701,0.005182540590723587,0.13764159381389618
3.999999999999781,0.06790831642225549,17.704158782958984,0.13145711440932306,0.005104111590724492,0.13569916784763336
4.001999999999781,0.0679083177731057,17.653785705566406,0.13076158302527816,0.005050671218516202,0.1353558450937271
4.003999999999781,0.06790834498027468,17.69750213623047,0.1300909510553141,0.004993641776825865,0.13491350412368774
4.005999999999781,0.06790847364345168,17.66828727722168,0.12944823199985311,0.00493274828703461,0.13453993201255798
4.007999999999781,0.06790858198997644,14.078956604003906,0.12885604933662165,0.00486762815476398,0.13459321856498718
4.00999999999978,0.06790872883598903,17.208221435546875,0.1282711500288777,0.004736558605527425,0.13392038643360138
4.01199999999978,0.06790871076380697,16.714290618896484,0.127727104555511,0.004605798414280537,0.13374103605747223
4.01399999999978,0.06790868558380897,17.077482223510742,0.1272062012946004,0.004473643192562387,0.13298459351062775
4.01599999999978,0.06790868303767654,17.71201515197754,0.12669994264819356,0.004386818541417415,0.13254348933696747
4.0179999999997795,0.06790868081536718,17.657041549682617,0.1262259643884371,0.004301064596326702,0.1323554962873459
4.019999999999779,0.06790869452793862,17.73566246032715,0.12577084077814676,0.004215188659930157,0.1320069432258606
4.021999999999779,0.06790871247334322,17.663524627685547,0.12534389640248772,0.004129746925461387,0.13177499175071716
4.023999999999779,0.0679087427568274,17.727619171142578,0.124937737720524,0.004044084988619159,0.13148127496242523
4.025999999999779,0.06790877924813793,17.681926727294922,0.12454858973304897,0.003958523849215147,0.13124509155750275
4.027999999999778,0.06790882615220487,17.719486236572266,0.1241658274594907,0.003872729666096394,0.13099034130573273
4.029999999999778,0.06790904577274184,17.694129943847656,0.12379175748018525,0.003786897340299022,0.13076838850975037
4.031999999999778,0.06790931565465064,15.114727973937988,0.12351869393731107,0.0037008751058580256,0.13055428862571716
4.033999999999778,0.06790955302344524,10.068906784057617,0.12326594646350447,0.0036800934997807187,0.13077062368392944
4.0359999999997775,0.06790981933163916,17.11458969116211,0.12298630799496453,0.003660425342040686,0.13028793036937714
4.037999999999777,0.06791006743966355,16.563867568969727,0.12271743446923031,0.0036436613569107127,0.13033585250377655
4.039999999999777,0.06791033170240994,17.694026947021484,0.1224363520573701,0.0036268527097037344,0.13007287681102753
4.041999999999777,0.06791058611707702,17.686405181884766,0.12217575850808288,0.0036109901612296183,0.13005602359771729
4.043999999999777,0.06791084891040149,17.76285171508789,0.12192210591190399,0.003594426490623984,0.12990909814834595
4.045999999999776,0.06791110644352648,17.686294555664062,0.12168518088401403,0.00357773093472667,0.12987442314624786
4.047999999999776,0.06791136810024859,17.756908416748047,0.1214465621752239,0.0035600226369589174,0.12979108095169067
4.049999999999776,0.06791162683429287,17.702342987060547,0.1212095724542321,0.0035416276222087514,0.12975946068763733
4.051999999999776,0.06791188748240014,17.746583938598633,0.12097171285517269,0.0035220980037017034,0.12971322238445282
4.053999999999776,0.067912146424212,17.714706420898438,0.12074531553827983,0.003501634252795844,0.1296933889389038
4.055999999999775,0.06791240616586777,17.73788833618164,0.12053022881396004,0.003480021166005035,0.1296725571155548
4.057999999999775,0.06791272530291025,17.720935821533203,0.12032768274522909,0.0034573942652682513,0.12966713309288025
4.059999999999775,0.06791305010949494,17.180166244506836,0.12008273583656669,0.0034336625127726656,0.12950359284877777
4.061999999999775,0.06791340565345297,17.709369659423828,0.11984451240639081,0.003308461653613014,0.12944529950618744
4.0639999999997745,0.06791345943641414,17.649147033691406,0.11962844626121671,0.0031832510829642906,0.12939848005771637
4.065999999999774,0.06791352775810534,17.661991119384766,0.11941497351974091,0.003057194213613431,0.1289590299129486
4.067999999999774,0.06791361492832987,17.706008911132812,0.11921675143420167,0.0028920308700533712,0.12899722158908844
4.069999999999774,0.06791355230116577,17.676612854003906,0.11903579361582074,0.0027319444710415916,0.12908971309661865
4.071999999999774,0.06791350739683373,17.759613037109375,0.11896042990691251,0.0025763216921370316,0.12986041605472565
4.073999999999773,0.06791346773249735,17.685199737548828,0.11889900625140842,0.002524686492549265,0.12995010614395142
4.075999999999773,0.06791344139880202,17.75361442565918,0.11884289669174213,0.002477059342100682,0.13003939390182495
4.077999999999773,0.06791342158643242,17.700267791748047,0.11879750637435885,0.002433578666293709,0.13013553619384766
4.079999999999773,0.0679134123178397,17.744272232055664,0.11875804275087398,0.0023937793253636557,0.13023260235786438
4.0819999999997725,0.06791340978598621,17.712305068969727,0.118727127603274,0.00235757107763662,0.13033398985862732
4.083999999999772,0.06791341587952086,17.736026763916016,0.11870199997133454,0.0023246641607391656,0.13043642044067383
4.085999999999772,0.06791342838199031,17.718780517578125,0.11868381638024476,0.002294890789872818,0.13054151833057404
4.087999999999772,0.06791344807051429,17.73031234741211,0.1186708961069617,0.0022680417583653724,0.13064715266227722
4.089999999999772,0.06791347357578087,17.720870971679688,0.11866362955255513,0.0022439358100321796,0.13075414299964905
4.091999999999771,0.06791350510324724,17.726642608642578,0.11866091515709112,0.00222240452135129,0.13086098432540894
4.093999999999771,0.06791354174077832,17.721351623535156,0.11866274862004692,0.0022032778712083334,0.13096803426742554
4.095999999999771,0.06791377058168452,17.72418975830078,0.11866834462780755,0.002186411904962932,0.13107432425022125
4.097999999999771,0.06791401023837482,17.66402816772461,0.11866667900211691,0.0021716553833563547,0.13089273869991302
4.0999999999997705,0.06791426591395718,17.729511260986328,0.11866696424055452,0.002184382926655655,0.13096199929714203
4.10199999999977,0.06791452844470666,17.677936553955078,0.11867488605319017,0.0022050123896088726,0.1310902237892151
4.10399999999977,0.06791479925317224,17.71985626220703,0.11868565450396745,0.002233128826957109,0.13118360936641693
4.10599999999977,0.06791507250856994,17.689735412597656,0.11870206906404966,0.002267665020397173,0.13130247592926025
4.10799999999977,0.06791534801016806,17.71179962158203,0.11872138000296292,0.002308270076505274,0.13140442967414856
4.109999999999769,0.06791562196284592,17.696121215820312,0.11874485770354301,0.0023540727350059875,0.1315162181854248
4.111999999999769,0.06791589362385879,17.706912994384766,0.11877084126729154,0.0024047220739653345,0.13161832094192505
4.113999999999769,0.06791616051943605,17.698429107666016,0.11879980216141697,0.002459525524779745,0.13172239065170288
4.115999999999769,0.0679164218688661,17.70391082763672,0.11883067079303772,0.0025181358728080332,0.13181962072849274
4.1179999999997685,0.06791667609413299,17.69921875,0.11886351347257137,0.002580006654131891,0.13191476464271545
4.119999999999768,0.06791692257972641,17.702022552490234,0.11889759327996964,0.002644811792558433,0.1320040374994278
4.121999999999768,0.06791716036939582,17.699440002441406,0.11893278407952207,0.0027121202896927465,0.13208918273448944
4.123999999999768,0.06791738906752628,17.70083236694336,0.11896854783500474,0.002781640184581358,0.13216865062713623
4.125999999999768,0.06791760815274951,17.699405670166016,0.11900468091814098,0.0028530307866347607,0.13224288821220398
4.127999999999767,0.06791781743735369,17.700008392333984,0.11904077516983082,0.0029260396705988825,0.13231122493743896
4.129999999999767,0.06791801670295307,17.699142456054688,0.11907661148342362,0.003000396553772502,0.13236506283283234
4.131999999999767,0.06791820593295195,17.699363708496094,0.11911187595818853,0.0030758882089164195,0.13241125643253326
4.133999999999767,0.06791915514102564,17.698814392089844,0.11914636728323914,0.003152299194132556,0.1324523240327835
4.1359999999997665,0.06792008773193418,16.87872886657715,0.11918937774274889,0.0032294519005407014,0.13250850141048431
4.137999999999766,0.06792102436422354,17.691349029541016,0.11921624878384969,0.0033730658169904212,0.1324990838766098
4.139999999999766,0.06792194764505433,17.649593353271484,0.11924682968754352,0.003503492006217945,0.13256795704364777
4.141999999999766,0.06792286763382967,17.72136688232422,0.11926689792535859,0.003626232590071365,0.13247013092041016
4.143999999999766,0.0679237750603118,17.651165008544922,0.11928721340530161,0.003739319597745997,0.13251708447933197
4.145999999999765,0.06792467458126673,17.713253021240234,0.11930031017532008,0.0038461256845803283,0.1324278712272644
4.147999999999765,0.06792556113206227,17.66790199279785,0.11931198582144972,0.003945875007382337,0.1324310600757599
4.149999999999765,0.06792643673348102,17.704492568969727,0.11931838819254631,0.004040650584694101,0.13237187266349792
4.151999999999765,0.06792780892460236,17.679584503173828,0.1193226876450964,0.00413026156780665,0.13235090672969818
4.1539999999997645,0.06792918719514379,14.759872436523438,0.11933051683298167,0.0042160254615398835,0.13243328034877777
4.155999999999764,0.06793051920361176,8.859533309936523,0.11936308729056326,0.004210785073255376,0.1324819177389145
4.157999999999764,0.06793184213977686,16.983047485351562,0.11936478005468631,0.004213848880319053,0.12249179929494858
4.159999999999764,0.06793312761439645,16.334054946899414,0.11937928584643338,0.004212739977702054,0.1324012726545334
4.161999999999764,0.06793430853902174,17.60327911376953,0.11937474004586579,0.004217510885207754,0.13222555816173553
4.1639999999997634,0.06793545533029491,16.423185348510742,0.11945135240605642,0.004220930212619864,0.13239672780036926
4.165999999999763,0.06793658696643835,17.64293670654297,0.11950117382313594,0.004224550904481255,0.13241492211818695
4.167999999999763,0.06793769080861765,17.64718246459961,0.11954950922199281,0.004216699033906164,0.13242745399475098
4.169999999999763,0.06793877662356657,17.725021362304688,0.1195797367040658,0.004204268398864328,0.13241223990917206
4.171999999999763,0.06793983812582809,17.65045166015625,0.11960604679938398,0.004184418755546139,0.13238786160945892
4.173999999999762,0.06794088013281203,17.720298767089844,0.11962001460337839,0.004161285743780834,0.13234326243400574
4.175999999999762,0.06794189956597464,17.667980194091797,0.11962953869406674,0.004133743932891062,0.13228900730609894
4.177999999999762,0.06794289876438787,17.711605072021484,0.1196306153763704,0.004104288840825272,0.13221953809261322
4.179999999999762,0.0679438762043541,17.680492401123047,0.11962780658034575,0.004072665449256864,0.13214103877544403
4.1819999999997615,0.06794483299595419,17.70407485961914,0.1196194121382368,0.00404044527953115,0.13205087184906006
4.183999999999761,0.06794576837667404,17.687454223632812,0.1196082195485896,0.004007755956486365,0.13192299008369446
4.185999999999761,0.06794668286610227,17.698997497558594,0.11959372135086392,0.003975624344532776,0.13174940645694733
4.187999999999761,0.06794757609238343,17.689796447753906,0.11957775663399255,0.003944309859713672,0.1315934807062149
4.189999999999761,0.06794816385033096,17.695751190185547,0.11956042950930963,0.00391449602739979,0.13143302500247955
4.19199999999976,0.06794854518436215,-9.017155647277832,0.11961844813641033,0.0038864479188633165,0.13159888982772827
4.19399999999976,0.06794894775801823,16.36848258972168,0.11964037077885159,0.0038412008678194573,0.13153673708438873
4.19599999999976,0.06794935252295056,15.850812911987305,0.11967958802342867,0.0038087352689409287,0.13149350881576538
4.19799999999976,0.06794977015694781,17.469017028808594,0.11969660616509832,0.0037800129148602498,0.13127924501895905
4.1999999999997595,0.06795018995039637,17.451221466064453,0.11972385000740639,0.003748028979343343,0.13130339980125427
4.201999999999759,0.06795061687264566,17.72863006591797,0.1197393477407913,0.0037184422679881635,0.13098235428333282
4.203999999999759,0.06795104491120382,17.66291046142578,0.11976163058230455,0.003687644714239262,0.13091014325618744
4.205999999999759,0.0679514759361145,17.7406005859375,0.11977909882996365,0.003658719384654185,0.13069158792495728
4.207999999999759,0.06795190657971541,17.674453735351562,0.11980201554120602,0.0036299320195873524,0.130578875541687
4.209999999999758,0.06795233723419486,17.730968475341797,0.11982475495748532,0.003602895073568539,0.13040944933891296
4.211999999999758,0.06795276587593238,17.690067291259766,0.11985312349731383,0.0035768811026212527,0.13028578460216522
4.213999999999758,0.06795319225997457,17.72231674194336,0.11988460152850454,0.003552727600422685,0.13014256954193115
4.215999999999758,0.06795361506908848,17.70061492919922,0.11992263505251682,0.003530156677468849,0.13002067804336548
4.2179999999997575,0.06795403382827601,17.716964721679688,0.11996630637701666,0.00350959853680428,0.1298949271440506
4.219999999999757,0.06795444761952002,17.70541000366211,0.12001780181597432,0.0034909541861521667,0.12978151440620422
4.221999999999757,0.0679548559325456,17.713926315307617,0.12007701741271808,0.003474429343578426,0.1296708881855011
4.223999999999757,0.06795525810264853,17.707929611206055,0.12014545670434837,0.003459977758190981,0.12956975400447845
4.225999999999757,0.06795565367500259,17.712594985961914,0.12022341652843012,0.0034476735325566013,0.12947483360767365
4.227999999999756,0.06795604216835775,17.709571838378906,0.12031201921836258,0.003437469055174629,0.12938877940177917
4.229999999999756,0.06795642322224055,17.712337493896484,0.12041174584904057,0.0034293567003545623,0.12931102514266968
4.231999999999756,0.06795679650280895,17.71105194091797,0.12052349455807593,0.003423268685705211,0.1292427033185959
4.233999999999756,0.06795716175614755,17.71282196044922,0.1206478167551014,0.0034191451060141677,0.1291840374469757
4.2359999999997555,0.0679575187733422,17.71246337890625,0.12078546759011913,0.003416895807161665,0.12913569808006287
4.237999999999755,0.06795786740493305,17.7137451171875,0.12093700852959823,0.003416428008910793,0.12909798324108124
4.239999999999755,0.06795820754898492,17.71393585205078,0.12110309327241163,0.0034176340572474543,0.12907151877880096
4.241999999999755,0.06795853915062183,17.714982986450195,0.12128426107768187,0.003420402216591448,0.12905672192573547
4.243999999999755,0.06795886219803195,17.71544647216797,0.12148094017534593,0.0034246144258383766,0.1290537714958191
4.245999999999754,0.0679591767171068,17.71636199951172,0.1216840795042283,0.0034301503509472364,0.1290631741285324
4.247999999999754,0.06795948276959958,17.716981887817383,0.12188805186883214,0.003436888450972203,0.1290852129459381
4.249999999999754,0.06795978044685172,17.717849731445312,0.12209592536513593,0.003444707432963387,0.12912027537822723
4.251999999999754,0.0679600698682006,17.718555450439453,0.122320115271757,0.0034534879866204658,0.1291685551404953
4.2539999999997535,0.06796035117523881,17.719388961791992,0.1225622810960085,0.0034631132587742337,0.12923015654087067
4.255999999999753,0.06796062453005415,17.720144271850586,0.12282045738621696,0.0034734703415896283,0.12930548191070557
4.257999999999753,0.06796089011043904,17.720966339111328,0.12308173111766778,0.003484450364312479,0.12939457595348358
4.259999999999753,0.06796114810803558,17.72174835205078,0.12334403085887931,0.0034959495155679494,0.1294977217912674
4.261999999999753,0.06796139872451841,17.72256851196289,0.12360726599146586,0.0035078689642264057,0.1296149641275406
4.263999999999752,0.06795970892410455,17.723377227783203,0.12387134581891174,0.0035201154487954365,0.12974663078784943
4.265999999999752,0.06795809326691477,17.36969757080078,0.12421756281991791,0.003532601105226837,0.1310688704252243
4.267999999999752,0.06795655588175173,17.133304595947266,0.12457846658390981,0.0035586823095697757,0.13134990632534027
4.269999999999752,0.06795509280021572,17.74932861328125,0.12493368792451506,0.003583429999090857,0.13163238763809204
4.2719999999997516,0.06795451968812646,17.698509216308594,0.12531602091577046,0.0036074998289076887,0.13193786144256592
4.273999999999751,0.06795397191571026,17.723596572875977,0.12567083887421382,0.0036293725435854575,0.13186988234519958
4.275999999999751,0.06795344833144869,17.777984619140625,0.1260415526135914,0.003614877379292994,0.13215191662311554
4.277999999999751,0.06795294878526378,17.739574432373047,0.12643304309970374,0.0036013827101535538,0.13243789970874786
4.279999999999751,0.06795247234559096,17.77111053466797,0.12684224315456485,0.0035885621004626196,0.13274648785591125
4.2819999999997505,0.06795201853390495,17.75113296508789,0.12727172268067588,0.0035764788806136347,0.13306434452533722
4.28399999999975,0.06795158650517677,17.767135620117188,0.1277199540671302,0.0035649686845131575,0.13340216875076294
4.28599999999975,0.06795117562196569,17.75652313232422,0.128188284795018,0.003554024919529768,0.13375255465507507
4.28799999999975,0.0679507850792485,17.764938354492188,0.1286759423585119,0.003543554135446287,0.13412168622016907
4.28999999999975,0.06795041417206447,17.759368896484375,0.12918361092542835,0.0035335228897691853,0.13450588285923004
4.291999999999749,0.0679500621245366,17.763927459716797,0.12971086998103035,0.003523868370959264,0.1349087953567505
4.293999999999749,0.06794972821518656,17.761028289794922,0.1302580279184275,0.003514548370909035,0.1353285312652588
4.295999999999749,0.06794941169935297,17.76354217529297,0.13082480975437022,0.003505513607713253,0.13576745986938477
4.297999999999749,0.06794911186820358,17.7620906829834,0.1314095604590502,0.003496720676242621,0.13622480630874634
4.2999999999997485,0.06794893216402756,17.763484954833984,0.13199835610544286,0.003488127028678039,0.13670223951339722
4.301999999999748,0.06794875763715871,17.745223999023438,0.13253829153275437,0.003479691254313111,0.1370653212070465
4.303999999999748,0.06794858901929002,17.70648765563965,0.13308995090675832,0.0034471442755616864,0.13770931959152222
4.305999999999748,0.06794842571447929,17.781414031982422,0.1336392690217318,0.0034150479838914406,0.13819429278373718
4.307999999999748,0.06794731103686197,17.70992660522461,0.1342054020187011,0.003383305447242942,0.13881120085716248
4.309999999999747,0.06794623482258522,17.69831657409668,0.13484276717363727,0.0033522536193992735,0.13954001665115356
4.311999999999747,0.06794519759491605,17.776180267333984,0.13549853020492886,0.0033151136164907957,0.14015518128871918
4.313999999999747,0.06794419957303162,17.710094451904297,0.13618100405298914,0.003281010620851858,0.1409173607826233
4.315999999999747,0.06794324101033658,17.77371597290039,0.13688264379268258,0.003249010180088073,0.14160171151161194
4.3179999999997465,0.06794232151159146,17.732816696166992,0.13760726443058188,0.003218064964120712,0.1423387974500656
4.319999999999746,0.06794144087073484,17.770294189453125,0.13835065179558095,0.0031878276634091374,0.14306505024433136
4.321999999999746,0.06794059828478541,17.748577117919922,0.13911437336534827,0.003157859409106125,0.14381128549575806
4.323999999999746,0.06793979314035203,17.768478393554688,0.13989592873300657,0.0031281272932167353,0.14457212388515472
4.325999999999746,0.06793902438096276,17.75741195678711,0.14069576461678465,0.0030985167716534073,0.14534467458724976
4.327999999999745,0.06793829109955997,17.768230438232422,0.14151226580175794,0.0030691381829053587,0.14612212777137756
4.329999999999745,0.06793759209519323,17.762691497802734,0.1423453208997915,0.0030400305704982047,0.1468985676765442
4.331999999999745,0.06793692627650337,17.768774032592773,0.14319377264843686,0.0030113498874370045,0.1476646363735199
4.333999999999745,0.06793689186489921,17.765979766845703,0.14405690740499089,0.0029831919365637762,0.1484105885028839
4.3359999999997445,0.06793686569265125,17.341209411621094,0.14480826267797328,0.00295570720000207,0.14873185753822327
4.337999999999744,0.06793684048675261,17.03609275817871,0.14557473942162302,0.002927184814709054,0.15006838738918304
4.339999999999744,0.06793681943482197,17.749252319335938,0.14633536574876055,0.0029068948194743544,0.15120762586593628
4.341999999999744,0.0679367977222217,17.703725814819336,0.14710622228771902,0.002892793278407943,0.15248669683933258
4.343999999999744,0.06793677672948002,17.77569007873535,0.14787516082073343,0.002886517626601477,0.1536671668291092
4.345999999999743,0.06793675335239116,17.705669403076172,0.1486602241618571,0.0028865841730774952,0.15491309762001038
4.347999999999743,0.06793672802720525,17.76685333251953,0.1494609896029552,0.00289393873553138,0.15611153841018677
4.349999999999743,0.06793669873502932,17.72201919555664,0.15028105596576966,0.0029075012631750875,0.1573392003774643
4.351999999999743,0.06793666550076898,17.75798225402832,0.15111593969623782,0.0029276839929737735,0.1585431694984436
4.3539999999997425,0.06793662703641472,17.733196258544922,0.1519669673634618,0.0029536415770015398,0.15975885093212128
4.355999999999742,0.06793658325033897,17.75194549560547,0.15283131093313435,0.0029854210295573594,0.1609617918729782
4.357999999999742,0.06793783292169908,17.738819122314453,0.1537091365905189,0.003022319607958975,0.16213349997997284
4.359999999999742,0.06793908722000302,17.66741180419922,0.15453753163345224,0.0030641618091931592,0.1621749848127365
4.361999999999742,0.06793935301711528,17.666719436645508,0.15538468428328467,0.0030980551957634607,0.16339287161827087
4.363999999999741,0.06793959667776371,17.50106430053711,0.15629322224677333,0.0031330274431076253,0.16539208590984344
4.365999999999741,0.06793982331927544,17.76160430908203,0.15720183905400772,0.0031854116296148763,0.16653800010681152
4.367999999999741,0.0679400301260994,17.701980590820312,0.15812337775530377,0.0032394154217174134,0.16773216426372528
4.369999999999741,0.06794022030304492,17.773454666137695,0.1590469592615985,0.0032977340178489507,0.1688852608203888
4.3719999999997405,0.06794039277933903,17.709388732910156,0.15997883687569217,0.0033572179329535976,0.1700567752122879
4.37399999999974,0.06794054968951938,17.764415740966797,0.1609129874891861,0.0034192601419815484,0.17120380699634552
4.37599999999974,0.0679406908671985,17.723636627197266,0.16185222366408308,0.0034820116488108515,0.17233695089817047
4.37799999999974,0.06794081784619814,17.755857467651367,0.16279304318326066,0.0035461387914874905,0.17346340417861938
4.37999999999974,0.06794093090930363,17.73395347595215,0.16373650512867227,0.003610553382260382,0.17458468675613403
4.381999999999739,0.06794103123375567,17.750194549560547,0.1646804240244938,0.0036755468054193523,0.17569854855537415
4.383999999999739,0.06794111930651028,17.738418579101562,0.16562497327092315,0.00374047271801784,0.17680563032627106
4.385999999999739,0.06794119607750658,17.746700286865234,0.16656866264994066,0.0038054372057110763,0.17790453135967255
4.387999999999739,0.0679412621076114,17.740352630615234,0.16751122569292765,0.003870050596133556,0.17899547517299652
4.3899999999997386,0.06794042017690986,17.744619369506836,0.16845154627752598,0.003934332632148052,0.1800772100687027
4.391999999999738,0.06793961160656072,14.937865257263184,0.16945024703424255,0.003998043718988681,0.1812194138765335
4.393999999999738,0.06793884584013196,17.316747665405273,0.1704286653509968,0.004056563494263018,0.18233045935630798
4.395999999999738,0.06793811064246963,16.94289207458496,0.1714115450508775,0.0041114463157977624,0.18344281613826752
4.397999999999738,0.06793635566366844,17.75190544128418,0.17237948867192446,0.004170862866276405,0.18453165888786316
4.3999999999997375,0.067934683628219,17.452442169189453,0.17338680105870505,0.004228340186244914,0.18566319346427917
4.401999999999737,0.06793331332690715,17.75753402709961,0.17437927173017884,0.004311951741627968,0.18677236139774323
4.403999999999737,0.06793197417858915,7.548274040222168,0.17535781630855768,0.004398182275130173,0.18787246942520142
4.405999999999737,0.06793069119253145,16.990703582763672,0.1763106190054679,0.004517240892185123,0.18893565237522125
4.407999999999737,0.0679299772418098,16.370119094848633,0.17726603325377766,0.004634320231042612,0.1900031715631485
4.409999999999736,0.06792929186920728,15.839166641235352,0.17815551590103096,0.004757939385729783,0.1909693032503128
4.411999999999736,0.06792860363442967,14.644824981689453,0.17905568403991334,0.004802241805514656,0.19195114076137543
4.413999999999736,0.06792717253941676,17.259449005126953,0.17993487674168435,0.004858308415904312,0.19290249049663544
4.415999999999736,0.06792567443314781,-8.490201950073242,0.18086734005888683,0.004915445438260252,0.1939416527748108
4.4179999999997355,0.0679242653546625,16.364734649658203,0.181757041646681,0.005062120406788957,0.19492430984973907
4.419999999999735,0.06792290855526584,15.763683319091797,0.18264704858053699,0.005223178030002461,0.1959124356508255
4.421999999999735,0.06792162832565096,17.454463958740234,0.18351075964898222,0.00538843254355947,0.19686469435691833
4.423999999999735,0.06792039975936266,17.418872833251953,0.18436743337457745,0.005549490951021217,0.19781221449375153
4.425999999999735,0.06791929184066531,17.78365707397461,0.1852020547043391,0.005712663862108358,0.19873113930225372
4.427999999999734,0.06791826011340604,16.788883209228516,0.18599016994300388,0.0058732702996583345,0.19958043098449707
4.429999999999734,0.06791726275984072,16.181297302246094,0.18677397318583255,0.005994707573407232,0.20043203234672546
4.431999999999734,0.06791632779560025,17.600696563720703,0.18752998940955806,0.006120947941477241,0.2012491673231125
4.433999999999734,0.06791542870939343,17.684650421142578,0.18827509291539074,0.00624497972012392,0.20205919444561005
4.4359999999997335,0.0679145809794836,17.79555892944336,0.18899625676601173,0.006371846848726431,0.20284129679203033
4.437999999999733,0.06791376822720158,17.730846405029297,0.1897028204700763,0.006497575117922256,0.2036103755235672
4.439999999999733,0.06791299810446348,17.802005767822266,0.19038757871196127,0.006624837377658896,0.20435509085655212
4.441999999999733,0.06791226051658492,17.744037628173828,0.19105544650534667,0.006751424144560423,0.20508328080177307
4.443999999999733,0.06791155878992251,17.79520034790039,0.1917025161883984,0.006878646488696884,0.20578883588314056
4.445999999999732,0.06791088648002745,17.75867462158203,0.19233133059917412,0.007005300571101102,0.20647580921649933
4.447999999999732,0.06791049274253977,17.788671493530273,0.19293974624296223,0.007131991543003481,0.2071409523487091
4.449999999999732,0.06790997909593212,-7.789562225341797,0.19348756972423997,0.007258034095882262,0.20772647857666016
4.451999999999732,0.0679095079512155,16.584980010986328,0.1939988602577476,0.007356718941077071,0.20827168226242065
4.4539999999997315,0.06790902087115448,16.056711196899414,0.1945060013847109,0.007492993332202883,0.208821102976799
4.455999999999731,0.06790856107418237,17.545421600341797,0.19498334482635432,0.007633245491665345,0.20933453738689423
4.457999999999731,0.06790809438915861,17.614398956298828,0.19545110113917213,0.007770595544613351,0.20984217524528503
4.459999999999731,0.06790764532671556,17.78081512451172,0.19589429354907356,0.007909783142195759,0.21032096445560455
4.461999999999731,0.06790719459619927,17.717283248901367,0.19632361217610744,0.008046773898877403,0.21078790724277496
4.46399999999973,0.06790675538807425,17.788387298583984,0.1967308413747394,0.00818419530911257,0.2112300843000412
4.46599999999973,0.06790631722425342,17.726560592651367,0.19712151864016442,0.008319730079139295,0.2116565853357315
4.46799999999973,0.06790588711054937,17.77956199645996,0.19749125905160736,0.008454741703807075,0.21206042170524597
4.46999999999973,0.06790515602455958,17.74057388305664,0.1978428763559842,0.008587966918260675,0.21244625747203827
4.4719999999997295,0.06790441692645219,16.655784606933594,0.19819158242402934,0.008720085536563778,0.21284805238246918
4.473999999999729,0.06790370817499439,17.728843688964844,0.19851181982532545,0.008886101723963674,0.21321514248847961
4.475999999999729,0.06790300127913285,17.730274200439453,0.1988180510958139,0.009052132448913239,0.213570699095726
4.477999999999729,0.06790231744068569,17.797109603881836,0.19909913123668488,0.009221261432363863,0.21389728784561157
4.479999999999729,0.06790164075656087,17.72763442993164,0.1993627043163455,0.00939004208988555,0.21420694887638092
4.481999999999728,0.06790098251669562,17.79367446899414,0.19960285124499955,0.009559986400682677,0.2144905924797058
4.483999999999728,0.06790033381700278,17.745426177978516,0.1998235228572306,0.00972920756372382,0.21475450694561005
4.485999999999728,0.06789970052954092,17.787425994873047,0.20002159201769737,0.009898379924427025,0.2149939090013504
4.487999999999728,0.06789907757048046,17.759540557861328,0.20019910316701056,0.010066453741144168,0.21521182358264923
4.4899999999997275,0.06789846787311493,17.78209114074707,0.20035440676860983,0.010233696208314543,0.2154058963060379
4.491999999999727,0.06789786844841175,17.767398834228516,0.2004885692786662,0.010399499000345203,0.21557770669460297
4.493999999999727,0.06789728065476085,17.77886390686035,0.2006007307524828,0.010563935132366212,0.2157258838415146
4.495999999999727,0.06789670266367122,17.770912170410156,0.20069146211114192,0.010726633427282719,0.2158513218164444
4.497999999999727,0.06789613500622221,17.776920318603516,0.20076033188525155,0.010887577965586535,0.2159534990787506
4.499999999999726,0.0678955765090975,17.772533416748047,0.20080766601104721,0.01104652843498329,0.21603268384933472
4.501999999999726,0.06789502728367501,17.775644302368164,0.20083327134375661,0.011203431711420507,0.21608863770961761
4.503999999999726,0.0678944865379239,17.773216247558594,0.20083735874148573,0.011358122444167337,0.21612147986888885
4.505999999999726,0.06789395418388255,17.774721145629883,0.20081987285746217,0.011510535386086398,0.21613119542598724
4.507999999999726,0.0678934296613458,17.773303985595703,0.2007809766230001,0.011660550283221514,0.2161177694797516
4.509999999999725,0.06789291280045993,17.77393341064453,0.2007206990713391,0.011808101567626123,0.21608133614063263
4.511999999999725,0.0678924031900621,17.773014068603516,0.20063918974414624,0.011953097762652463,0.21602198481559753
4.513999999999725,0.06789190063946166,17.77313995361328,0.20053653347801303,0.012095478183693716,0.21593958139419556
4.515999999999725,0.06789140483944549,17.772449493408203,0.20041287760618143,0.012235170920661875,0.2158343642950058
4.5179999999997245,0.0678909156087923,17.77234649658203,0.20026799185143185,0.012372122129249694,0.2157062292098999
4.519999999999724,0.06789043271229953,17.771808624267578,0.20010177223166353,0.012506274034148767,0.2155556082725525
4.521999999999724,0.06788995599190337,17.771530151367188,0.1999142790862481,0.012637580025755008,0.21538221836090088
4.523999999999724,0.06788948526884794,17.771032333374023,0.1997055946582259,0.012765993079963732,0.21518637239933014
4.525999999999724,0.067889020413073,17.770660400390625,0.19947579646949642,0.01289147350042794,0.21496817469596863
4.527999999999723,0.06788856129043958,17.77016830444336,0.19922497618957574,0.013013982773472236,0.2147274762392044
4.529999999999723,0.06788810779916798,17.76974105834961,0.1989532258116603,0.013133487502004685,0.21446485817432404
4.531999999999723,0.06788765984118862,17.769214630126953,0.19866064737613992,0.01324995610654533,0.2141801118850708
4.533999999999723,0.0678872173410479,17.76871109008789,0.19834734579157226,0.0133633607911803,0.21387355029582977
4.5359999999997225,0.06788678023018699,17.76816749572754,0.1980134338296034,0.013473675742328793,0.21354493498802185
4.537999999999722,0.06788634845655583,17.76763153076172,0.19765902839320432,0.013580878082308321,0.21319489181041718
4.539999999999722,0.06788592197583948,17.767105102539062,0.1972842530712529,0.013684946861929592,0.21282337605953217
4.541999999999722,0.06788558032416883,17.76657485961914,0.19688923619418153,0.01378586349759079,0.21243062615394592
4.543999999999722,0.06788519025368336,13.800365447998047,0.19642849899344833,0.013883611189119951,0.21193386614322662
4.545999999999721,0.06788485243552285,17.230289459228516,0.1959387518489834,0.013883367687090876,0.2114005833864212
4.547999999999721,0.06788449064223603,16.745952606201172,0.195442982692214,0.013884186325470785,0.2108696699142456
4.549999999999721,0.06788416182364623,17.720657348632812,0.19492402114094354,0.013890604090304544,0.21031157672405243
4.551999999999721,0.06788382354433642,17.699878692626953,0.1943952964406671,0.013898192088941356,0.20974786579608917
4.5539999999997205,0.06788350624905706,17.77017593383789,0.19384751485973745,0.013909332576491247,0.2091623693704605
4.55599999999972,0.06788318737706499,17.697948455810547,0.1932877050513414,0.013921372591189637,0.20856618881225586
4.55799999999972,0.06788288288046955,17.76388168334961,0.19271104963922503,0.013935425988906704,0.20795094966888428
4.55999999999972,0.06788259104165913,17.715103149414062,0.19212137876784408,0.01394996349536385,0.20732279121875763
4.56199999999972,0.06788230756432477,17.713542938232422,0.19160763176009327,0.013965429636071003,0.20679928362369537
4.563999999999719,0.06788205239956449,17.784217834472656,0.1910745616602501,0.013974566434406484,0.20625053346157074
4.565999999999719,0.0678818085950887,17.727890014648438,0.19052723921985648,0.01398219557406935,0.20568445324897766
4.567999999999719,0.06788158622445997,17.777137756347656,0.18996254869025797,0.013989107045155278,0.2050955593585968
4.569999999999719,0.06788137572788129,17.74244499206543,0.18938336176619625,0.013994389531551351,0.20448824763298035
4.5719999999997185,0.06788118197666297,17.770130157470703,0.188788236198964,0.013998390557565491,0.20385974645614624
4.573999999999718,0.0678809994297362,17.75189971923828,0.1881788985897932,0.01400060280395343,0.20321239531040192
4.575999999999718,0.06788083025632935,17.76540756225586,0.18755480327056007,0.014001162017985406,0.20254501700401306
4.577999999999718,0.06788067112673868,17.755474090576172,0.1869170852703334,0.013999773812676308,0.20185886323451996
4.579999999999718,0.06788052283899602,17.762176513671875,0.18626568431172008,0.013996475171265023,0.20115342736244202
4.581999999999717,0.06788038330436454,17.756664276123047,0.18560143425966197,0.013991087018098411,0.20042958855628967
4.583999999999717,0.06788025265311948,17.759937286376953,0.18492454191845664,0.013983602897112323,0.199687197804451
4.585999999999717,0.06788012951358278,17.756711959838867,0.18423569199294398,0.013973908568505234,0.19892701506614685
4.587999999999717,0.06788001371580141,17.758136749267578,0.18353524192880555,0.013961981047614236,0.19814887642860413
4.5899999999997165,0.06787990431926152,17.756126403808594,0.18282380645255447,0.013947744426358797,0.19735339283943176
4.591999999999716,0.06787980104206716,17.756534576416016,0.18210183109380546,0.013931172056563645,0.1965407431125641
4.593999999999716,0.06787970321596616,17.755138397216797,0.18136990146590853,0.01391221214229336,0.19571124017238617
4.595999999999716,0.06787961054026108,17.7549991607666,0.18062851717016626,0.013890840283180467,0.19486533105373383
4.597999999999716,0.06787952252806635,17.753875732421875,0.1798782554130262,0.0138670209266103,0.19400328397750854
4.599999999999715,0.06787943890295875,17.75341033935547,0.17911965099828364,0.013840734396590825,0.19312547147274017
4.601999999999715,0.06787935930524852,17.752439498901367,0.17835328282410629,0.01381195683478853,0.19223228096961975
4.603999999999715,0.06787928349991436,17.751806259155273,0.17757971006582546,0.013780674086050718,0.1913236677646637
4.605999999999715,0.06787912678198157,17.750904083251953,0.17679951782224917,0.01374687120047862,0.19040051102638245
4.6079999999997145,0.06787898117507582,16.187484741210938,0.17605165980216286,0.013710539538463015,0.18950910866260529
4.609999999999714,0.06787887107314379,17.78915786743164,0.17534544706937966,0.013710829482592673,0.18865807354450226
4.611999999999714,0.06787878818807554,17.773693084716797,0.1746331785636593,0.013786753948151174,0.1877887099981308
4.613999999999714,0.06787873207889583,17.78572654724121,0.17391450067433206,0.013859187041324095,0.18690049648284912
4.615999999999714,0.06787869694907862,17.777381896972656,0.17319073207225869,0.013928020541913921,0.185994952917099
4.6179999999997134,0.06787868133716068,17.783447265625,0.17246199956773262,0.013993388753274189,0.1850716471672058
4.619999999999713,0.06787868101360833,17.778722763061523,0.1717293187996715,0.01405525312640505,0.18413189053535461
4.621999999999713,0.06787816149141179,17.781661987304688,0.17099307579976708,0.014113693768298621,0.18317560851573944
4.623999999999713,0.06787761492731266,17.70873260498047,0.1701126161900271,0.014168701573366322,0.1820514053106308
4.625999999999713,0.06787708415197438,17.772972106933594,0.16922859465701115,0.014228206011494918,0.18091340363025665
4.627999999999712,0.0678765972695572,17.70064926147461,0.16835056622408678,0.014286317376940397,0.1797710508108139
4.629999999999712,0.06787612635101893,17.761199951171875,0.16751266639507567,0.014343696361278293,0.1786690354347229
4.631999999999712,0.06787562994134907,17.698047637939453,0.16668163031554337,0.01443038858152198,0.17756204307079315
4.633999999999712,0.06787513914152725,17.767879486083984,0.16584936888134058,0.014517356376056905,0.17644187808036804
4.6359999999997115,0.06787463225002574,17.708663940429688,0.16502321680301205,0.014602585596763402,0.17531515657901764
4.637999999999711,0.0678741900146292,17.762393951416016,0.16419920011386838,0.014686363210108664,0.17417769134044647
4.639999999999711,0.06787368087990914,15.255768775939941,0.16343349115422745,0.014767553002324104,0.17307822406291962
4.641999999999711,0.06787323447661431,17.36737823486328,0.16265866268622023,0.01484698901468214,0.1719573587179184
4.643999999999711,0.06787258182924322,17.18030548095703,0.16189924650842705,0.014925263130631453,0.17083846032619476
4.64599999999971,0.06787203484931481,15.709661483764648,0.16108005428143574,0.015005588865186265,0.16963918507099152
4.64799999999971,0.0678714072284933,14.775664329528809,0.16027399660756558,0.015129833878938846,0.16844947636127472
4.64999999999971,0.06787084229311312,17.3171329498291,0.1594441801870113,0.015249756937934424,0.16723889112472534
4.65199999999971,0.06787023298670007,16.97547149658203,0.15861912124273425,0.015360809890880005,0.1660309135913849
4.6539999999997095,0.06786966061230124,17.753053665161133,0.15777882400144402,0.015467143299342592,0.1648091971874237
4.655999999999709,0.06786906588411641,17.71919059753418,0.1569478245185691,0.015566134571982845,0.16358666121959686
4.657999999999709,0.06786849235041238,17.783451080322266,0.15612270357193903,0.015660266417197907,0.16235500574111938
4.659999999999709,0.06786791387502843,17.71074104309082,0.15531205662063388,0.015748061401129266,0.16112087666988373
4.661999999999709,0.06786736114463593,17.77588653564453,0.1545106042699793,0.01583093324450401,0.15988031029701233
4.663999999999708,0.0678668176311154,17.728734970092773,0.15372319468928783,0.015908156096965914,0.1586368829011917
4.665999999999708,0.06786629457035849,17.766990661621094,0.1529472418447343,0.015980533463033412,0.15738888084888458
4.667999999999708,0.06786578329801538,17.740676879882812,0.15218557031468977,0.01604773361861153,0.15647666156291962
4.669999999999708,0.06786528931932982,17.75933074951172,0.15143701946736765,0.016110227959613827,0.15581731498241425
4.6719999999997075,0.06786480802101104,17.74496078491211,0.15070331272098553,0.016167885188084184,0.15514306724071503
4.673999999999707,0.06786434199340403,17.753765106201172,0.14998403365191523,0.016220993900229273,0.1544608473777771
4.675999999999707,0.06786388868358235,17.745750427246094,0.14928029706232307,0.016269522073865037,0.15377803146839142
4.677999999999707,0.06786344920196175,17.749835968017578,0.14859206427289431,0.016313655959860125,0.1530996859073639
4.679999999999707,0.06786302204638747,17.745044708251953,0.14792010357804572,0.016353410579245945,0.15243041515350342
4.681999999999706,0.06786260757933825,17.746761322021484,0.14726455633278382,0.016388913504770477,0.15177352726459503
4.683999999999706,0.06786220483819089,17.743865966796875,0.1466259712762008,0.016420200270606682,0.15113188326358795
4.685999999999706,0.06786181381144737,17.744352340698242,0.1459945574734718,0.016447363758315042,0.15050718188285828
4.687999999999706,0.06786143381769204,17.74239730834961,0.14536198580811116,0.016470446890914772,0.14990080893039703
4.6899999999997055,0.06786106466292219,17.742202758789062,0.14472844468707993,0.016489521277330343,0.1493137925863266
4.691999999999705,0.06786070581679497,17.740726470947266,0.14409423903434299,0.01650463102703731,0.14874640107154846
4.693999999999705,0.06786035700114033,17.74016761779785,0.14346009358147074,0.016515834179105134,0.14819887280464172
4.695999999999705,0.06786001777139683,17.738908767700195,0.1428388670192655,0.016523173347551316,0.14767123758792877
4.697999999999705,0.06785968781593076,17.738096237182617,0.1422362234695385,0.01652669757679779,0.14716310799121857
4.699999999999704,0.06785936674337154,17.736888885498047,0.14165240095820883,0.016526447051090413,0.14667417109012604
4.701999999999704,0.06785905423487734,17.73592758178711,0.14108758775527316,0.016522464653461712,0.14620408415794373
4.703999999999704,0.06785874993608762,17.73477554321289,0.14054196107289263,0.01651478803591758,0.14575247466564178
4.705999999999704,0.06785857146777992,17.733736038208008,0.1400156579540113,0.016503455758284307,0.14531874656677246
4.7079999999997035,0.06785845340504387,17.501033782958984,0.13956557305033748,0.016488503203079066,0.14496807754039764
4.709999999999703,0.06785832915017374,17.573209762573242,0.13914585015976344,0.016521241232949124,0.1446467787027359
4.711999999999703,0.06785824396351026,17.74852752685547,0.13873746768119383,0.016554818252860502,0.14433249831199646
4.713999999999703,0.0678581621091687,17.690324783325195,0.1383544651610132,0.016586255229417788,0.1440412402153015
4.715999999999703,0.06785810579855751,17.76160430908203,0.13798627032851013,0.016617090322408035,0.14376087486743927
4.717999999999702,0.06785805634326582,17.69837188720703,0.13764030597554122,0.016645623659408866,0.14350011944770813
4.719999999999702,0.06785802422997309,17.756797790527344,0.13731088875089437,0.016672576708497814,0.14325270056724548
4.721999999999702,0.0678579994412986,17.717838287353516,0.13700185148362357,0.01669702789766033,0.14302319288253784
4.723999999999702,0.06785798666018375,17.75054931640625,0.13670153012228978,0.01671928749315202,0.14280851185321808
4.7259999999997016,0.06785798031639498,17.72977066040039,0.13640067564580993,0.016738841650616048,0.14261139929294586
4.727999999999701,0.06785798225945587,17.74554443359375,0.13609799779185355,0.016755808237335267,0.14243002235889435
4.729999999999701,0.06785798923249305,17.73410415649414,0.13579481795179343,0.01676989166858091,0.14226606488227844
4.731999999999701,0.06785800173641843,17.74173927307129,0.13549064523756452,0.016781123286173736,0.14211855828762054
4.733999999999701,0.0678580177459292,17.735445022583008,0.13518626812841117,0.016789327621646227,0.1419883817434311
4.7359999999997004,0.06785803715084159,17.739105224609375,0.13488666125662813,0.016794500300336173,0.14187504351139069
4.7379999999997,0.06785761147363113,17.735393524169922,0.13460349702622748,0.016796534340823118,0.1417788416147232
4.7399999999997,0.06785726271170356,15.952789306640625,0.13424328473872837,0.01679541361471767,0.14157818257808685
4.7419999999997,0.06785689782618047,15.067512512207031,0.13392338515740887,0.016716684522960767,0.14142659306526184
4.7439999999997,0.067856899901293,17.335803985595703,0.13359854891225875,0.016642495563494543,0.14127656817436218
4.745999999999699,0.06785696626315857,16.468414306640625,0.13329182382505655,0.01656841520803834,0.1411495953798294
4.747999999999699,0.0678570239797129,15.812549591064453,0.13301270203288532,0.016550166167565866,0.14106906950473785
4.749999999999699,0.06785712223232976,17.48040199279785,0.13273953120667795,0.016538560158804144,0.14099232852458954
4.751999999999699,0.06785722298960029,17.561370849609375,0.13249444940689137,0.016529565740875343,0.14095020294189453
4.7539999999996985,0.06785740716775226,17.701091766357422,0.13226049978570234,0.016525005917358046,0.14091794192790985
4.755999999999698,0.06785761655575709,15.662466049194336,0.13209858308071243,0.016522386990626962,0.14099153876304626
4.757999999999698,0.06785753443051507,14.535476684570312,0.1319671463357497,0.016561499577605235,0.14110247790813446
4.759999999999698,0.06785744478619786,17.760818481445312,0.1318642566277709,0.01659460532858032,0.1412477344274521
4.761999999999698,0.06785734207736768,17.708223342895508,0.13177105625448615,0.016626966422062666,0.14139792323112488
4.763999999999697,0.06785667116676809,17.752357482910156,0.13168399022353594,0.01664568611221906,0.1415473222732544
4.765999999999697,0.06785603317925333,17.73633575439453,0.13155387917248668,0.016651280263894733,0.14165157079696655
4.767999999999697,0.0678554205618753,17.681495666503906,0.1314356217610474,0.016737113571791418,0.1417597085237503
4.769999999999697,0.06785483764069052,17.732376098632812,0.13132502373437446,0.016805235503173723,0.14186540246009827
4.7719999999996965,0.0678542802223336,17.699071884155273,0.13122512507246203,0.016856478998455115,0.1419723480939865
4.773999999999696,0.0678537498759127,17.72484588623047,0.1311335987230249,0.016892530182460522,0.14207714796066284
4.775999999999696,0.06785324403624851,17.706451416015625,0.13105195667660482,0.0169142412836546,0.14218145608901978
4.777999999999696,0.06785276293005663,17.718143463134766,0.13097884382594324,0.01692290729562526,0.14228308200836182
4.779999999999696,0.0678523047928311,17.707046508789062,0.13091493434693324,0.016919325385920555,0.14238277077674866
4.781999999999695,0.06785186921621418,17.711814880371094,0.13085937162412742,0.01690450686975696,0.14247958362102509
4.783999999999695,0.06785145484555961,17.705142974853516,0.13081236753778655,0.01687916172189665,0.1425733119249344
4.785999999999695,0.06785106099192617,17.706863403320312,0.1307733167637636,0.01684409143836128,0.14266343414783478
4.787999999999695,0.06785068652838074,17.70266342163086,0.13074217465504914,0.01679991052046599,0.14274978637695312
4.7899999999996945,0.06785033066330838,17.70284652709961,0.13071846056330874,0.01674726195491216,0.14283199608325958
4.791999999999694,0.06784999241360311,17.699871063232422,0.13070198757714116,0.016686668724489432,0.14290988445281982
4.793999999999694,0.06784967097401044,17.699199676513672,0.13069233689900794,0.016618651782111468,0.14298294484615326
4.795999999999694,0.06784936546670732,17.6968994140625,0.1306892442003591,0.016543652011368364,0.1430513560771942
4.797999999999694,0.06784907511672293,17.695838928222656,0.13069232312221746,0.016462094983250495,0.14311483502388
4.799999999999693,0.06784879913328536,17.693925857543945,0.13070126993237968,0.016374350666517188,0.14317326247692108
4.801999999999693,0.06784853679247387,17.692626953125,0.13071571854127484,0.01628076924666663,0.1432265341281891
4.803999999999693,0.06784828738103936,17.690868377685547,0.13073534909333523,0.01618166084418216,0.14327466487884521
4.805999999999693,0.06784805023483743,17.689468383789062,0.1307598122816292,0.016077315602929593,0.14331747591495514
4.8079999999996925,0.0678478247120867,17.687877655029297,0.13078878716217499,0.01596799388269459,0.14335529506206512
4.809999999999692,0.06784757243851038,17.686542510986328,0.13082194190502766,0.015853937766320183,0.14346344769001007
4.811999999999692,0.06784734013816174,17.69824981689453,0.13091480100441158,0.015735366649021372,0.14365483820438385
4.813999999999692,0.06784712591137565,17.70198631286621,0.13100733663547123,0.015654864032987863,0.14383937418460846
4.815999999999692,0.06784692782226884,17.69746208190918,0.13109639008251672,0.015568293450095767,0.14401736855506897
4.817999999999691,0.06784674434608597,17.698760986328125,0.13118142131638488,0.015475874580265572,0.1441890299320221
4.819999999999691,0.0678465740150929,17.695735931396484,0.13126319876718237,0.015377746049621888,0.14435450732707977
4.821999999999691,0.0678464156135671,17.69573211669922,0.1313421333642454,0.015274123076225206,0.14451365172863007
4.823999999999691,0.06784626800879186,17.693561553955078,0.13141898105162017,0.015165175227000015,0.1446668654680252
4.8259999999996905,0.06784613023232805,17.69290542602539,0.13149593709711194,0.01505110801555349,0.14481420814990997
4.82799999999969,0.0678460013979173,17.691089630126953,0.1315735277668661,0.014932099179645405,0.14495566487312317
4.82999999999969,0.06784588073257229,17.690093994140625,0.13165162764263755,0.014808341055481096,0.14509133994579315
4.83199999999969,0.06784576753548667,17.688488006591797,0.13173018084919605,0.014680007441885145,0.14522112905979156
4.83399999999969,0.0678456611877074,17.68732261657715,0.13180910167779997,0.014547275736522829,0.14534549415111542
4.835999999999689,0.06784556113060337,17.685836791992188,0.1318883471879578,0.014410309806388084,0.14546413719654083
4.837999999999689,0.06784564966722804,17.684593200683594,0.1319678654075507,0.014269271673238021,0.14557723701000214
4.839999999999689,0.0678457349592311,17.740753173828125,0.13212913914517593,0.014124312764148182,0.1458045095205307
4.841999999999689,0.0678458161380359,17.69859504699707,0.13228589505036692,0.014069389790207987,0.14601995050907135
4.8439999999996886,0.06784589329699378,17.732643127441406,0.13243547415562704,0.014006791249344386,0.14622017741203308
4.845999999999688,0.0678459659419986,17.709667205810547,0.13258056012408823,0.01393652971080725,0.1464090645313263
4.847999999999688,0.06784603403940402,17.725543975830078,0.13271993594353446,0.013859456471028007,0.14658470451831818
4.849999999999688,0.06784609730467267,17.71242904663086,0.1328551816300465,0.01377574389589459,0.14674969017505646
4.851999999999688,0.06784615567502869,17.71971893310547,0.1329858295228159,0.013685990927826217,0.14690302312374115
4.8539999999996875,0.06784620899170128,17.71204376220703,0.1331128759676942,0.01359042869245354,0.1470462828874588
4.855999999999687,0.06784625720573426,17.715160369873047,0.13323624295402628,0.013489500858451733,0.1471795290708542
4.857999999999687,0.06784615808692507,17.710346221923828,0.1333566191962947,0.013383448599113518,0.14730334281921387
4.859999999999687,0.06784605894476703,17.665172576904297,0.13352823015007453,0.013272615330338128,0.14748655259609222
4.861999999999687,0.06784595869490774,17.66197967529297,0.1336984845488158,0.013193360420491832,0.1476624310016632
4.863999999999686,0.0678458591877246,17.726604461669922,0.13385417459608254,0.01310096026778448,0.14781291782855988
4.865999999999686,0.06784575971925336,17.65353012084961,0.1340068197267889,0.012994169595429178,0.14795374870300293
4.867999999999686,0.06784566164179644,17.72480010986328,0.13414972564467403,0.012875800449510817,0.1480759233236313
4.869999999999686,0.06784556459767822,17.6745548248291,0.1342893365807111,0.01274550027479882,0.14818806946277618
4.8719999999996855,0.06784546955537116,17.71729278564453,0.13442247027187923,0.01260511579520543,0.14828573167324066
4.873999999999685,0.06784537640412597,17.688282012939453,0.13455285999463,0.012454762509101772,0.14837415516376495
4.875999999999685,0.0678454138700487,17.708370208740234,0.13467915483465648,0.012295711318504135,0.14845137298107147
4.877999999999685,0.06784580868187011,17.197343826293945,0.13487216398408405,0.0121282843340696,0.1486213207244873
4.879999999999685,0.0678462376865931,15.095870971679688,0.13508807388660168,0.012008520680050105,0.14882266521453857
4.881999999999684,0.06784670275243522,17.378265380859375,0.135285799254364,0.011843907796181684,0.14899377524852753
4.883999999999684,0.06784719333163841,17.272403717041016,0.13549397340338862,0.01168335531394883,0.14917394518852234
4.885999999999684,0.06784770848002379,17.69412612915039,0.13569197548119422,0.011530645300154782,0.14933471381664276
4.887999999999684,0.06784824054585319,17.652000427246094,0.13589572259242622,0.011381711769109874,0.14949779212474823
4.8899999999996835,0.06784878718774043,17.730083465576172,0.13609428675554344,0.01123839562097236,0.14964818954467773
4.891999999999683,0.06784934267763382,17.6673583984375,0.1362961583251083,0.011098414430596521,0.14979733526706696
4.893999999999683,0.06784990422883919,17.736133575439453,0.13649592605917552,0.010962548064813255,0.14993758499622345
4.895999999999683,0.06785046742094435,17.698875427246094,0.1366982069911914,0.010829558773258833,0.15007539093494415
4.897999999999683,0.06785102952011557,17.737049102783203,0.13690044333865056,0.01069971710892261,0.15020683407783508
4.899999999999682,0.06785158707127921,17.717708587646484,0.13710526858617733,0.0105723140814034,0.15033556520938873
4.901999999999682,0.06785213763283898,17.736839294433594,0.13731160341238333,0.010447390486733859,0.15046003460884094
4.903999999999682,0.06785267850873095,17.726573944091797,0.13751934029371776,0.010324510820953274,0.1505822241306305
4.905999999999682,0.06785320764793387,17.736509323120117,0.13772651004193276,0.01020361652981405,0.15070170164108276
4.9079999999996815,0.06785372297532911,17.73116683959961,0.13793385102684416,0.010084418233393516,0.1508198380470276
4.909999999999681,0.0678542228524967,17.7364501953125,0.13814108356688792,0.009966819021945558,0.15093664824962616
4.911999999999681,0.06785470572257009,17.733604431152344,0.1383486695604959,0.009850611590935412,0.1510530710220337
4.913999999999681,0.06785517034170195,17.736480712890625,0.1385587932711404,0.009735689245034294,0.15116962790489197
4.915999999999681,0.067855615588327,17.73513412475586,0.13877416987308133,0.00962189425621163,0.1512870490550995
4.91799999999968,0.0678560405756427,17.736690521240234,0.13899522232754546,0.009509123456874703,0.15140581130981445
4.91999999999968,0.06785609402967466,17.735992431640625,0.1392225791466428,0.009397251973121244,0.15152674913406372
4.92199999999968,0.06785605743938371,-3.6910977363586426,0.13952436637280893,0.009286186207935743,0.13033509254455566
4.92399999999968,0.06785602868909073,16.75396728515625,0.13977227092239394,0.00913627328712666,0.12657855451107025
4.9259999999996795,0.06785599532257452,16.072364807128906,0.14003986271737728,0.008982741205341427,0.15206307172775269
4.927999999999679,0.06785596593228019,17.62428855895996,0.14029925188890166,0.008825877496979644,0.15221454203128815
4.929999999999679,0.06785593171046699,17.678508758544922,0.14057347932117478,0.008663509018746643,0.1523788422346115
4.931999999999679,0.06785589840435728,17.754343032836914,0.140847308034255,0.008498270008998861,0.15253496170043945
4.933999999999679,0.0678558602762952,17.683395385742188,0.14113370164527686,0.00832911109229741,0.15270087122917175
4.935999999999678,0.06785582084347609,17.76055145263672,0.14142483422965454,0.00815766133337527,0.15286530554294586
4.937999999999678,0.06785577655125524,17.703144073486328,0.14172783848860873,0.007983523594986537,0.15303835272789001
4.939999999999678,0.0678557294893757,17.756027221679688,0.14203896952719838,0.007807720443959774,0.15321460366249084
4.941999999999678,0.06785567752061361,17.72187042236328,0.14236225329038532,0.007630230315874937,0.15339939296245575
4.9439999999996775,0.06785562187692273,17.748626708984375,0.14269603034585476,0.007451743114978851,0.1535903364419937
4.945999999999677,0.06785490387881672,17.730022430419922,0.1430426700928832,0.007272413010933371,0.1537908911705017
4.947999999999677,0.06785423422269334,17.246517181396484,0.1432855878135876,0.0070927476793143365,0.15383918583393097
4.949999999999677,0.06785359162177128,16.77173614501953,0.14356128990571812,0.006939408287497611,0.15392400324344635
4.951999999999677,0.06785298936745165,17.657970428466797,0.14384806642612222,0.006786907843746588,0.154014453291893
4.953999999999676,0.0678524154870115,17.628883361816406,0.14416253748711275,0.006633642409991376,0.15413407981395721
4.955999999999676,0.06785187618047415,17.699115753173828,0.14449273977381316,0.00648118973542439,0.15426605939865112
4.957999999999676,0.06785136468991353,17.63075828552246,0.1448475871143287,0.006328638057177445,0.15442276000976562
4.959999999999676,0.06785088353628474,17.70153045654297,0.1452208150165015,0.006176901331139894,0.15459518134593964
4.961999999999676,0.06785042867233816,17.6591854095459,0.14561712157260875,0.006025541815653247,0.15479029715061188
4.963999999999675,0.06785000079194903,17.699020385742188,0.1460332523389232,0.005875082259878452,0.15500319004058838
4.965999999999675,0.06784959726603423,17.676603317260742,0.1464716799183561,0.005725337274971151,0.15523761510849
4.967999999999675,0.06784921790140994,17.695802688598633,0.14693070884162507,0.005576617331686455,0.15549086034297943
4.969999999999675,0.06784886083195314,17.68377685546875,0.1474116283590974,0.005428863502432083,0.15576499700546265
4.9719999999996745,0.06784852545440942,17.69334602355957,0.1479135396083402,0.005282270607617024,0.15605869889259338
4.973999999999674,0.06784821033214747,17.68694305419922,0.14843709306818337,0.005136841530727819,0.1563730239868164
4.975999999999674,0.06784791469320814,17.691848754882812,0.14898178597314765,0.004992707937755644,0.15670718252658844
4.977999999999674,0.06784763735942406,17.688425064086914,0.14954791401680229,0.004849902303803821,0.15706180036067963
4.979999999999674,0.06784737751128694,17.6910343170166,0.15013516007458116,0.004708522126638281,0.15743672847747803
4.981999999999673,0.06784713414007816,17.68926239013672,0.15074361286164473,0.0045686142301837275,0.15783193707466125
4.983999999999673,0.06784690643840696,17.69064712524414,0.15137303030059443,0.004430258458623208,0.15824748575687408
4.985999999999673,0.06784669351940059,17.68975067138672,0.15202337097805282,0.004293509533326028,0.15868350863456726
4.987999999999673,0.06784649461592979,17.690502166748047,0.15269286869938786,0.004158439566650307,0.1591401845216751
4.9899999999996725,0.0678463089363003,17.69007110595703,0.1533724006753285,0.004025109240655539,0.1596175730228424
4.991999999999672,0.06784613576562437,17.690507888793945,0.15406162441693644,0.0038935893963199767,0.16011586785316467
4.993999999999672,0.0678459743913452,17.69032859802246,0.15476999410849218,0.0037639470587651413,0.16063517332077026
4.995999999999672,0.06784582415454142,17.690616607666016,0.1554990984728613,0.0036362564770124166,0.16117580235004425
4.997999999999672,0.0678456844112164,17.69058609008789,0.1562486944923057,0.0035105926225133437,0.16173827648162842
4.999999999999671,0.06784555455799272,17.6908016204834,0.15701710686334114,0.0033870369655559624,0.16232265532016754
