time,dist,gamma,real_dist,tar_dist,pred_dist
0.002,0.06802353888085752,18.174203872680664,0.24007869507236734,0.7974475440378651,0.24286192655563354
0.004,0.06802377151417,18.17169761657715,0.23929063847390758,0.7974475440378651,0.24276283383369446
0.006,0.06802411996986328,18.168060302734375,0.23850468294226995,0.7973877520329082,0.2425365149974823
0.008,0.06802458238619265,18.165464401245117,0.23772113185575416,0.7972686948669092,0.24218621850013733
0.01,0.0680251559343679,18.162307739257812,0.23694033038318874,0.797090809100509,0.24171662330627441
0.012,0.06802583661495021,18.159465789794922,0.23616260814071405,0.796854523673819,0.2411295473575592
0.014,0.068026619420729,18.156238555908203,0.23538832204033744,0.7965602022967591,0.240428626537323
0.016,0.06802749822354136,18.153474807739258,0.23461782202309067,0.7962081936360503,0.23961539566516876
0.018000000000000002,0.06802846587324163,18.15033721923828,0.23385147634944814,0.7957987977545684,0.2386922985315323
0.020000000000000004,0.0680295141378159,18.147371292114258,0.23308965107386548,0.7953322968191378,0.23766066133975983
0.022000000000000006,0.06803063376470216,18.144107818603516,0.23233272493323037,0.7948089357186955,0.23652254045009613
0.024000000000000007,0.06803181445174387,18.141124725341797,0.23158107701546715,0.7942289410316276,0.23527905344963074
0.02600000000000001,0.06803304488631097,18.13809585571289,0.23083509549185255,0.7935925099871668,0.23393197357654572
0.02800000000000001,0.06803431273362222,18.13496971130371,0.23009517018036196,0.7928998223190045,0.2324826717376709
0.030000000000000013,0.06803560466263947,18.13178253173828,0.2293592525344329,0.7921510341176761,0.23093295097351074
0.032000000000000015,0.06803690634374565,18.128549575805664,0.22861808234657816,0.791346285347736,0.22928369045257568
0.034000000000000016,0.06803820246654922,18.125347137451172,0.22787089378037823,0.7904856965499343,0.22753706574440002
0.03600000000000002,0.06803947674218183,18.122432708740234,0.22711789678819871,0.7895693736960969,0.22569483518600464
0.03800000000000002,0.0680407119159258,18.119556427001953,0.22635889240147805,0.7885974065364237,0.2237585484981537
0.04000000000000002,0.06804188977135771,18.11669921875,0.22559140747701678,0.7875698718059628,0.2217305600643158
0.04200000000000002,0.0680408813307822,18.113666534423828,0.22481493052293994,0.7864868325085405,0.2196129411458969
0.044000000000000025,0.06803950287539627,17.65648651123047,0.2242103939632641,0.7853483400922,0.2047291100025177
0.04600000000000003,0.06803775637809976,17.453582763671875,0.22361694616372269,0.7840241780918049,0.19799461960792542
0.04800000000000003,0.06803561615696634,18.037086486816406,0.22302512997643736,0.7826516986070886,0.19267770648002625
0.05000000000000003,0.0680330706614809,17.855609893798828,0.22244359946502612,0.7812199281145181,0.20506072044372559
0.05200000000000003,0.06803009934490316,18.043943405151367,0.22186656427543539,0.7797380902252095,0.18722060322761536
0.054000000000000034,0.06802668296259237,17.980632781982422,0.2212996090308812,0.7781991929212344,0.19145828485488892
0.056000000000000036,0.06802280192178072,18.022512435913086,0.22073940263756803,0.7766090281391811,0.18362464010715485
0.05800000000000004,0.06801843257093101,17.94797134399414,0.2201894713434489,0.7749632884101327,0.18439476191997528
0.06000000000000004,0.06801355411071014,17.988018035888672,0.21964805168422846,0.7732654465320672,0.1803564578294754
0.06200000000000004,0.0680081401884423,17.921070098876953,0.2191174332735693,0.7715129198211768,0.17930282652378082
0.06400000000000004,0.06800216788788285,17.95253562927246,0.21859677339576034,0.769707775813295,0.17641623318195343
0.06600000000000004,0.06799659096604939,17.90296173095703,0.21808762028836487,0.7678484537749684,0.1744832694530487
0.06800000000000005,0.06799049797651953,17.525047302246094,0.21756641230256119,0.7659361723724746,0.1789882481098175
0.07000000000000005,0.06798381937011248,17.23149871826172,0.21706304845956897,0.7639748346977181,0.17403773963451385
0.07200000000000005,0.06797655752015849,17.951919555664062,0.21656752940560386,0.7619730401329574,0.16762061417102814
0.07400000000000005,0.0679686492713165,17.683900833129883,0.21608874075507478,0.7599175638274085,0.17752404510974884
0.07600000000000005,0.06796023018247606,17.98798179626465,0.21562051118217407,0.7578180005405247,0.1613423377275467
0.07800000000000006,0.06795205372152655,17.921958923339844,0.21516851543494614,0.7556656716142067,0.16429273784160614
0.08000000000000006,0.06794427806530984,17.966156005859375,0.2147240852656742,0.7534665425207979,0.15628963708877563
0.08200000000000006,0.06793691336389286,17.88759422302246,0.21428425362123077,0.7512150631278856,0.15618981420993805
0.08400000000000006,0.06792999099423089,17.926618576049805,0.2138390888751186,0.7489147070223029,0.15153217315673828
0.08600000000000006,0.06792352692739351,17.855873107910156,0.21238647668809102,0.7465620178853649,0.1496623456478119
0.08800000000000006,0.06791754816561439,17.886478424072266,0.21092921352520133,0.7441589614057399,0.14614321291446686
0.09000000000000007,0.06791207397336223,17.830875396728516,0.20945352580993926,0.7417033566380433,0.1435750275850296
0.09200000000000007,0.06790661981156237,17.847000122070312,0.20797106773451013,0.7391962769662008,0.14044725894927979
0.09400000000000007,0.06790187030021122,17.80997657775879,0.2065072474772074,0.7366363202893029,0.13398118317127228
0.09600000000000007,0.06789772918698853,17.369335174560547,0.20503364569846494,0.7339443513132533,0.14084979891777039
0.09800000000000007,0.06789423026847126,17.82180404663086,0.203568573846716,0.7312526056237734,0.12865641713142395
0.10000000000000007,0.06789138418961631,17.748682022094727,0.20207128665234103,0.7285042718312952,0.13350382447242737
0.10200000000000008,0.06788921707550673,17.799861907958984,0.2005821561984456,0.7257067236759732,0.1270691603422165
0.10400000000000008,0.06788774618331207,17.71392250061035,0.19905630079439346,0.722853706775866,0.12696108222007751
0.10600000000000008,0.06788699445480526,17.755207061767578,0.1975326314839676,0.7199495661534987,0.1234171912074089
0.10800000000000008,0.06788698267717766,17.67840003967285,0.1959791618529924,0.7169905004646608,0.12186092138290405
0.11200000000000009,0.06788911236252063,17.690086364746094,0.19292870788715666,0.7109127916266527,0.12080971151590347
0.11600000000000009,0.06789401792244583,17.704662322998047,0.18999188505203957,0.704845564172934,0.12019605189561844
0.12000000000000009,0.06790158208201362,17.71874237060547,0.18722722378296025,0.6987857413341663,0.12014646083116531
0.1240000000000001,0.0679116894236584,17.731868743896484,0.1846490490334643,0.6927308823760651,0.12085466086864471
0.12600000000000008,0.06791784179642246,17.732147216796875,0.18341617783755326,0.6897335839792317,0.12105508893728256
0.12800000000000009,0.06792475719276897,17.70704460144043,0.18219899020939628,0.6866790675182529,0.12233266979455948
0.1300000000000001,0.06793245837493496,17.69995880126953,0.181002568174279,0.6835678917975696,0.12251719832420349
0.1320000000000001,0.06794097016781785,17.679141998291016,0.1798286861133035,0.680399839370266,0.12258343398571014
0.1340000000000001,0.06795031700526578,17.668556213378906,0.1786805969612233,0.6771752664910294,0.12378578633069992
0.1360000000000001,0.06796052496682314,17.649124145507812,0.1775615606958798,0.6738940686814533,0.12586666643619537
0.1380000000000001,0.06797162005917981,17.635848999023438,0.17647257455924592,0.670556478604028,0.12849827110767365
0.1400000000000001,0.06798362962512658,17.61626625061035,0.17539216014704245,0.6671624554897087,0.13153430819511414
0.1420000000000001,0.06799490751051132,17.597679138183594,0.1743413397745664,0.6637121569889325,0.13222089409828186
0.1440000000000001,0.06800692877430915,16.60811996459961,0.17341922692039355,0.660205578867028,0.1308239996433258
0.1460000000000001,0.06802015165532972,17.73086166381836,0.17243020870236644,0.6566748242684971,0.12535619735717773
0.1480000000000001,0.06803436287476025,-8.59135913848877,0.1717627852616932,0.6530798292016129,0.12777352333068848
0.1500000000000001,0.06804942220570938,15.922061920166016,0.17073031829099605,0.649363812937572,0.12379255145788193
0.1520000000000001,0.06806578853820217,8.529715538024902,0.17014079224589068,0.6455765999280852,0.12425759434700012
0.1540000000000001,0.06808304061222731,11.78691291809082,0.16896359071107453,0.6417513661799902,0.12192488461732864
0.1560000000000001,0.06810146293850544,-8.078571319580078,0.16865020753633686,0.6378691013536363,0.12080461531877518
0.17600000000000013,0.06821080919642794,17.630069732666016,0.16781182917492993,0.5982444860654291,0.12125756591558456
0.17800000000000013,0.06821491587601407,17.659534454345703,0.1682938720609155,0.5941775857191804,0.12135432660579681
0.21200000000000016,0.06816545787136576,17.962078094482422,0.15410468528096843,0.529746868465229,0.12013392895460129
0.22200000000000017,0.06814884841863245,18.010196685791016,0.14700768958279167,0.513474247372983,0.1200307160615921
0.23000000000000018,0.06814045147724504,18.039274215698242,0.14178671673714294,0.5010983371284208,0.12000644207000732
0.23800000000000018,0.06812804767707112,18.066844940185547,0.1369776641423132,0.4892228570273583,0.12020958960056305
0.24000000000000019,0.06812184290412772,16.73444366455078,0.13587622565184548,0.4863723254960338,0.12151827663183212
0.25200000000000017,0.06808046889651498,18.064373016357422,0.12978291078038345,0.46943701934297727,0.1204182356595993
0.32400000000000023,0.06795160974473666,18.276580810546875,0.11805306640686776,0.3896058620137092,0.12097689509391785
0.32600000000000023,0.06795179275512046,18.274290084838867,0.1185381631853812,0.38827843103362625,0.12064821273088455
0.32800000000000024,0.06795342753597337,18.270206451416016,0.11896614034140064,0.386913043862626,0.12032418698072433
0.33400000000000024,0.06795874159660299,18.25897979736328,0.11964675790464896,0.3824410631525188,0.12106393277645111
0.33600000000000024,0.0679598883849849,18.257305145263672,0.11996422890430362,0.38099909922664804,0.1206182911992073
0.33800000000000024,0.06796061793723004,18.25429344177246,0.12029112425742705,0.3795253340101722,0.12018481642007828
0.34200000000000025,0.06796200878446668,18.254140853881836,0.1210342415372081,0.3764814076660215,0.12171121686697006
0.34400000000000025,0.06796402430478321,18.253141403198242,0.12143529036009909,0.37499908915965235,0.12139281630516052
0.34800000000000025,0.067967729710315,17.873523712158203,0.12235228329146039,0.37196766823803357,0.12024472653865814
0.35200000000000026,0.06797070511695018,18.22423553466797,0.12333557547477277,0.3690032940331311,0.12213165313005447
0.35400000000000026,0.06797143077201112,18.13815689086914,0.12383340302605993,0.36755847510314926,0.12174409627914429
0.35600000000000026,0.06797166041841331,18.263961791992188,0.12431537739593881,0.36608751595910305,0.12179635465145111
0.35800000000000026,0.06797136271875416,18.225772857666016,0.12477758048231077,0.36457897997503674,0.1215287297964096
0.36000000000000026,0.06797055392615066,18.26064682006836,0.12522431687261448,0.3630412657886976,0.12154635787010193
0.36200000000000027,0.06796921683651357,18.226932525634766,0.12566598732622913,0.36146778577979616,0.12138499319553375
0.36400000000000027,0.06796736085709892,18.247690200805664,0.12610581392600406,0.3598633197908398,0.12141575664281845
0.36600000000000027,0.06796497757601488,18.222049713134766,0.12654172026119367,0.3582241663156411,0.12135984748601913
0.36800000000000027,0.06796207352426704,18.233930587768555,0.12697397733341456,0.35655307571909667,0.12144602090120316
0.3700000000000003,0.06795864607835093,18.21603012084961,0.12740100332781176,0.3548480065100212,0.1214786022901535
0.3720000000000003,0.06795470115793202,18.22119140625,0.1278227247112992,0.35311057904636256,0.1215658113360405
0.3740000000000003,0.06795024029594865,18.208192825317383,0.12823791839174004,0.35133944748639107,0.12160090357065201
0.3760000000000003,0.06794527006793136,18.20785903930664,0.12864630169556465,0.34953544799742053,0.12162590026855469
0.3780000000000003,0.06793979524681963,18.197429656982422,0.12904688497872818,0.34769781603600736,0.12070444226264954
0.3820000000000003,0.06792872546008845,18.200763702392578,0.129883881871496,0.343922759968745,0.1207367330789566
0.3860000000000003,0.06791709174931025,18.203248977661133,0.13080248965209124,0.34022343672751953,0.12092716991901398
0.3880000000000003,0.0679105733366635,18.195384979248047,0.13127453810769546,0.3384270891290995,0.12010003626346588
0.3960000000000003,0.06788602132316152,18.213218688964844,0.1333818575496772,0.3312037608019364,0.12011148780584335
0.4020000000000003,0.06786786345498332,18.222084045410156,0.13522997133584452,0.3262137848506613,0.12011311203241348
0.4060000000000003,0.06785568495320209,18.224628448486328,0.1365316195892026,0.3230452728193256,0.1200527623295784
0.4080000000000003,0.0678491148323795,17.186031341552734,0.1371914948040736,0.3215074720272512,0.12807925045490265
0.4100000000000003,0.06784230892363917,16.42595100402832,0.13780617386329455,0.31988223896757545,0.1274745911359787
0.4120000000000003,0.0678354881227517,17.950992584228516,0.13840065425501766,0.3182337913293888,0.12735427916049957
0.4140000000000003,0.06782866078597237,17.42251968383789,0.13895396914531877,0.3165363229177519,0.1268109828233719
0.4180000000000003,0.06781627335901547,18.171016693115234,0.1400265525048944,0.31304384412423514,0.12800846993923187
0.4220000000000003,0.06780516620160104,18.196731567382812,0.14107711049872532,0.30961723935208435,0.1200561448931694
0.44600000000000034,0.06777728422360005,18.273372650146484,0.14523548707809228,0.29283470239492143,0.1202043890953064
0.44800000000000034,0.06777597404215925,17.546335220336914,0.14553956495736786,0.2918286022916045,0.1247769370675087
0.45000000000000034,0.0677746082460596,16.824939727783203,0.14575167640529918,0.2907945934469277,0.12489809840917587
0.45200000000000035,0.06777328200826696,18.083824157714844,0.1459586580564509,0.28972614449085,0.1243879422545433
0.45400000000000035,0.0677719485327947,17.714080810546875,0.14609868758578098,0.28860192539512686,0.12436629831790924
0.45800000000000035,0.06777004689293752,18.217851638793945,0.14635439529553876,0.2862308911936451,0.12383430451154709
0.46200000000000035,0.06776889408705931,18.230960845947266,0.1465923035610205,0.28389168229006756,0.12255910784006119
0.47400000000000037,0.067771444950815,18.264389038085938,0.1476071989025759,0.27747990892359065,0.12051403522491455
0.47600000000000037,0.06777237490632859,18.265716552734375,0.1478002582417883,0.2765992891381777,0.120158851146698
0.47800000000000037,0.06777335642755389,18.25445556640625,0.14794338287984102,0.275673345128951,0.12023726850748062
0.48000000000000037,0.06777440710874294,18.252239227294922,0.14803537483956017,0.2747037867750509,0.12000343203544617
0.4840000000000004,0.06777706180399502,18.250289916992188,0.1481436960744657,0.27263623708046963,0.12038861960172653
0.4860000000000004,0.06777846765827322,18.243892669677734,0.14815889936806909,0.2716414681332281,0.12020955234766006
0.4900000000000004,0.06778125731987396,18.243000030517578,0.14811047231540822,0.26952616214046654,0.12050875276327133
0.4920000000000004,0.06778250328035162,18.238197326660156,0.14804615821233752,0.2685083750777655,0.12024449557065964
0.4960000000000004,0.06778496594122245,18.236736297607422,0.1478355298591341,0.2663487953719748,0.12044988572597504
0.4980000000000004,0.06778606193295901,18.231056213378906,0.14768889104992464,0.26530945501180514,0.12011662125587463
0.5020000000000003,0.06778633431695452,18.22985076904297,0.14731124747426944,0.2631084053397972,0.12020263075828552
0.5040000000000003,0.06778557208015416,18.04586410522461,0.14701203998994328,0.2620487922192821,0.12204277515411377
0.5060000000000003,0.06778483631394938,17.67232894897461,0.14659699743385307,0.260909379014819,0.12246498465538025
0.5100000000000003,0.06778377554713493,18.158843994140625,0.1457427632714894,0.2585145019025499,0.12162605673074722
0.5680000000000004,0.06779557250811379,18.301328659057617,0.13524491427895316,0.2384065842616481,0.12016941606998444
0.5700000000000004,0.06779626937861699,18.29924774169922,0.13485244921318293,0.2381355147736197,0.12032817304134369
0.5720000000000004,0.06779698966778264,18.296127319335938,0.13441092417738795,0.2378325368060741,0.12041737139225006
0.5740000000000004,0.06779772774644956,18.29338264465332,0.13392182647990858,0.23749740745646974,0.12042735517024994
0.5760000000000004,0.06779847823703546,18.28976821899414,0.13338436278049468,0.23712983905034954,0.12037289887666702
0.5780000000000004,0.06779923649164407,18.2865047454834,0.13279949621039475,0.23672967419162524,0.12025070935487747
0.5800000000000004,0.06779999831146846,18.28305435180664,0.13216700342899662,0.23629674114087904,0.12007013708353043
0.6140000000000004,0.06781959308213131,18.311790466308594,0.12179852518545033,0.231601867268864,0.1200096607208252
0.6160000000000004,0.06782181972800504,18.311676025390625,0.12126236904782137,0.2316632084731676,0.12009890377521515
0.6180000000000004,0.067824048073662,17.999034881591797,0.12068868429908658,0.23169558689947406,0.12069070339202881
0.6220000000000004,0.06782879737554832,18.298322677612305,0.1195108124315233,0.23168228006093342,0.12066655606031418
0.6260000000000004,0.06783382627523529,18.31149673461914,0.11829970002393422,0.23170021415416314,0.12061158567667007
0.6280000000000004,0.06783523966589475,18.32773208618164,0.1176673561937663,0.23174275953273976,0.12043599784374237
0.6320000000000005,0.0678384189868737,10.739858627319336,0.11637548424957057,0.23177590266610362,0.12029875814914703
0.6360000000000005,0.06784182825863465,17.625642776489258,0.11502224051209686,0.23184784743351897,0.12014278024435043
0.7960000000000006,0.06787433814982494,18.406978607177734,0.1012487456153497,0.333783610885575,0.12176607549190521
0.8060000000000006,0.06783169666603292,18.339374542236328,0.10911848939631266,0.34896731610153175,0.12431489676237106
0.8080000000000006,0.06782969056338749,18.311513900756836,0.11066299833491942,0.35193236545340245,0.12867742776870728
0.8100000000000006,0.06782954425303765,18.37252426147461,0.11217114505522993,0.3548290536865436,0.13328205049037933
0.8120000000000006,0.06783387671691911,18.34334945678711,0.1136622805481667,0.35765844484661324,0.13730554282665253
0.8200000000000006,0.06786102429999671,18.003623962402344,0.11974364927486127,0.3688094793772118,0.12580464780330658
0.8220000000000006,0.06786852892864623,18.09572982788086,0.121218919889634,0.3715349364473162,0.13059879839420319
0.8240000000000006,0.06787640760426866,18.321630477905273,0.12265778865671474,0.37418522953840505,0.13586319983005524
0.8260000000000006,0.06788467751659671,18.298320770263672,0.1240775397423462,0.37676127605890725,0.14046166837215424
0.8280000000000006,0.0678933620282262,18.35155487060547,0.12546573411334572,0.37927057663088326,0.14714285731315613
0.8300000000000006,0.06790245748492747,18.32032585144043,0.12683257887887162,0.38171003863496394,0.1528656929731369
0.8320000000000006,0.0679119721283059,18.341123580932617,0.12817105914786422,0.38408434026216187,0.15739752352237701
0.8340000000000006,0.06792188967537643,18.313873291015625,0.12948706405828664,0.3863919508904332,0.15875722467899323
0.8360000000000006,0.06793220500456044,18.3262939453125,0.1307767359018956,0.3886357603907705,0.16006341576576233
0.8380000000000006,0.06794289383454852,18.30560302734375,0.13204337001601396,0.390815092485409,0.16132007539272308
0.8400000000000006,0.06795394058616418,18.31051254272461,0.1332831549595761,0.3929317522519499,0.16252484917640686
0.8420000000000006,0.0679653158702321,18.29776382446289,0.1344977763275031,0.39498549301242036,0.16368012130260468
0.8440000000000006,0.06797699657398437,18.298904418945312,0.1356865594938065,0.3969774526929542,0.1647854596376419
0.8460000000000006,0.06798895017580055,18.289718627929688,0.136850926601673,0.39890758566800044,0.16584333777427673
0.8480000000000006,0.0680011485514501,18.28801918029785,0.13799069997251764,0.4007766133725122,0.166854128241539
0.8500000000000006,0.06801597172617156,18.281536102294922,0.13910757667832208,0.4025845721114717,0.16782046854496002
0.8560000000000006,0.06805256290540997,18.001455307006836,0.14262311886501192,0.40773314730664517,0.1233767718076706
0.8580000000000007,0.0680618887002089,18.099334716796875,0.14374406463525033,0.409391641408565,0.13035982847213745
0.8600000000000007,0.06806997027304386,18.256298065185547,0.14482566800298352,0.4109868831780638,0.13882552087306976
0.8620000000000007,0.06807687112585666,18.234281539916992,0.14588182984066783,0.412513188605306,0.14497873187065125
0.8640000000000007,0.06808271707015498,18.257740020751953,0.14690426105735177,0.41397746706010174,0.15016327798366547
0.8660000000000007,0.06808890731666677,18.220487594604492,0.14790105230042652,0.415376495905963,0.15382051467895508
0.8680000000000007,0.06809230081959808,11.370283126831055,0.14894977150584157,0.4167143589200485,0.15164229273796082
0.8820000000000007,0.06809107036832394,18.160430908203125,0.15574336918083517,0.4253090707716618,0.13086454570293427
0.8840000000000007,0.06808893413728408,18.158588409423828,0.15669767831705833,0.42652460943236126,0.14009928703308105
0.8860000000000007,0.06808643995450565,18.14242172241211,0.15762043438689266,0.4276694939817733,0.14675551652908325
0.8880000000000007,0.06808361997254317,18.136531829833984,0.15851236716842493,0.42874607818600424,0.15149186551570892
0.8900000000000007,0.06808050401125458,18.125320434570312,0.15937523027235403,0.42975553484780815,0.15475192666053772
0.8920000000000007,0.06807711995904175,18.121646881103516,0.16020961563681752,0.4306993801072813,0.15693067014217377
0.8940000000000007,0.06807349653239357,18.115001678466797,0.1610166437223362,0.4315784323595376,0.15828776359558105
0.8960000000000007,0.06806966203492383,18.111087799072266,0.16179701633615892,0.43239367434883225,0.15905006229877472
0.8980000000000007,0.06806851653654822,18.105789184570312,0.1625520989573386,0.433145833928218,0.15936240553855896
0.9000000000000007,0.06806629394480575,18.17816162109375,0.16328761114205403,0.43383596867664215,0.18591810762882233
0.9020000000000007,0.0680633306397359,18.168725967407227,0.1640225046778058,0.43450463128326117,0.18142463266849518
0.9040000000000007,0.06805981641590145,18.162235260009766,0.16474007016271136,0.43514126481290055,0.17483507096767426
0.9060000000000007,0.06805591330302457,18.132770538330078,0.165442027512869,0.4357248396296326,0.17050385475158691
0.9080000000000007,0.06805172566365754,18.14801025390625,0.16612546801526867,0.4362555269854649,0.16741017997264862
0.9100000000000007,0.06804735074117667,18.124454498291016,0.1667907053967735,0.4367312510254282,0.16514471173286438
0.9120000000000007,0.06804285406150973,18.128488540649414,0.16743561231844878,0.43715168981135977,0.16338969767093658
0.9140000000000007,0.06803830040801867,18.114948272705078,0.1680602782937784,0.4375153373910852,0.16195549070835114
0.9160000000000007,0.06803562110806392,18.115524291992188,0.168663467405096,0.4378219571138361,0.16075478494167328
0.9220000000000007,0.06802034588369908,16.208087921142578,0.17023113637509113,0.43823541655346665,0.13877542316913605
0.9240000000000007,0.06801516204890456,17.050323486328125,0.170705213576026,0.4382269182586267,0.16111049056053162
0.9260000000000007,0.06801024320066808,18.273733139038086,0.17117894404010972,0.4382004127322291,0.1789616495370865
0.9280000000000007,0.06800563695235333,18.191938400268555,0.17164115778094072,0.43815773185730483,0.1888529509305954
0.9300000000000007,0.06800134957684402,18.143470764160156,0.17208376859228047,0.43807920877715956,0.19150139391422272
0.9320000000000007,0.06799738317242034,18.126222610473633,0.1725062018129521,0.43795390881827045,0.1838303506374359
0.9340000000000007,0.0679937223075777,18.123027801513672,0.17290841034052912,0.43778043402652084,0.17805030941963196
0.9360000000000007,0.06799035318261325,18.1141357421875,0.17329135751755448,0.43755712878296926,0.1736423671245575
0.9380000000000007,0.06798725561285626,18.113006591796875,0.17365418643270344,0.43728303006890046,0.17021015286445618
0.9400000000000007,0.06798441304956235,18.107803344726562,0.17399710728201437,0.43695706577272475,0.16786541044712067
0.9420000000000007,0.06798180669115463,18.105663299560547,0.17432045524256834,0.43657915260537766,0.16651755571365356
0.9440000000000007,0.0679794205508107,18.10152816772461,0.17462489956956484,0.43614982273715774,0.16584211587905884
0.9460000000000007,0.06797723835356001,18.098941802978516,0.17491089300805657,0.43566978004538076,0.16562794148921967
0.9480000000000007,0.06797524623802455,18.095443725585938,0.1751790678195027,0.4351396470602358,0.1657373309135437
0.9500000000000007,0.06797343095273894,18.09336280822754,0.1754299322554395,0.4345601402714197,0.1660805195569992
0.9520000000000007,0.06797178131566428,18.090538024902344,0.17566408820661084,0.4339319292881292,0.16659624874591827
0.9540000000000007,0.06797028716898448,18.088184356689453,0.17588206384742383,0.4332557327719327,0.16724352538585663
0.9560000000000007,0.06796894017578356,18.085702896118164,0.17608443315204886,0.43253223993498285,0.16799324750900269
0.9580000000000007,0.06796773321297624,18.083431243896484,0.1762717235666184,0.4317621627944535,0.16882504522800446
0.9600000000000007,0.06796666080904445,18.080791473388672,0.1764444815412875,0.430946192306873,0.16972333192825317
0.9620000000000007,0.06796571878900828,18.078475952148438,0.17660322152752705,0.43008502665217474,0.17067702114582062
0.9640000000000007,0.0679649045152192,18.076038360595703,0.17674846181552795,0.42917934662965207,0.17167705297470093
0.9660000000000007,0.06796421667730136,18.073589324951172,0.17688069628517,0.428229830838259,0.172716423869133
0.9680000000000007,0.06796365542364355,18.07095718383789,0.1770004139120046,0.42723714180593414,0.1737888753414154
0.9700000000000008,0.06796322223490482,18.06822967529297,0.17710808304217635,0.42620193404700074,0.17486439645290375
0.9720000000000008,0.06796291999422804,18.06527328491211,0.17720416191921035,0.42512484619487345,0.17592129111289978
0.9740000000000008,0.06796275290905421,18.062206268310547,0.17728908985082908,0.42400650522032646,0.17695723474025726
0.9760000000000008,0.06796272654666767,18.058887481689453,0.17736329280204494,0.4228475219429605,0.17797045409679413
0.9780000000000008,0.06796284778399507,18.05512237548828,0.17742480957238083,0.4216484932072235,0.17895948886871338
0.9800000000000008,0.06796312482335282,18.051223754882812,0.177470964416586,0.42040999931419254,0.17992320656776428
0.9820000000000008,0.06796356715846337,18.047304153442383,0.17750195559714055,0.41913260513389516,0.1808609813451767
0.9840000000000008,0.06796418557877379,18.043434143066406,0.177518092333528,0.4178168586446658,0.18177197873592377
0.9860000000000008,0.0679649921448332,18.039531707763672,0.17752348075678648,0.41646329151089306,0.18265628814697266
0.9880000000000008,0.06796600018591949,18.035552978515625,0.17752035998849564,0.41507241827475244,0.1835135519504547
0.9900000000000008,0.06796722428076696,18.031475067138672,0.17750904880840596,0.4136447366823893,0.18434390425682068
0.9920000000000008,0.06796868025119475,18.027240753173828,0.17748984691014652,0.4121807272709694,0.18514755368232727
0.9940000000000008,0.06797016105614465,18.022918701171875,0.17746303395316293,0.4106808535920491,0.1859249472618103
0.9960000000000008,0.06797213375775314,18.111976623535156,0.17740598737997698,0.4091455620468838,0.14814580976963043
0.9980000000000008,0.06797462348862342,18.026248931884766,0.1773390564237869,0.40750562255097633,0.15450908243656158
1.0000000000000007,0.0679776448045544,17.97319221496582,0.1772623726998941,0.4058292770608975,0.16061747074127197
1.0020000000000007,0.06798430583619039,17.953052520751953,0.17717654439006963,0.40411711015080426,0.16500695049762726
1.0040000000000007,0.06799111965655019,12.16601276397705,0.17702682544404041,0.40236980783477094,0.15694865584373474
1.0060000000000007,0.06799789166946434,17.800018310546875,0.1768731101186552,0.4006584360234959,0.16222435235977173
1.0080000000000007,0.06800496178159199,17.80429458618164,0.17672779684856205,0.3989191710935566,0.16699618101119995
1.0100000000000007,0.06801180183547484,17.93311309814453,0.17657015484978233,0.39714577734063783,0.16971459984779358
1.0120000000000007,0.06801893449407236,17.89609146118164,0.17641319865258276,0.3953299706193274,0.1724342405796051
1.0140000000000007,0.06802571718792519,18.00354766845703,0.17627094606675459,0.3934761074524978,0.15097972750663757
1.0160000000000007,0.06803218045565708,17.948436737060547,0.17612729410616101,0.3915369791804716,0.15264610946178436
1.0180000000000007,0.0680383068278711,17.94532012939453,0.17597431484861714,0.38957276453633044,0.15347734093666077
1.0200000000000007,0.06804274464004965,17.90917205810547,0.1758127581269625,0.3875746605077882,0.15459947288036346
1.0220000000000007,0.06804651302393672,17.620933532714844,0.17561359745749527,0.3855423320445736,0.1483844667673111
1.0240000000000007,0.06804947776813301,17.733619689941406,0.17540128246818687,0.3834761327400644,0.14709481596946716
1.0260000000000007,0.0680517194602522,17.706844329833984,0.17518624242394426,0.38136805540099,0.15636193752288818
1.0280000000000007,0.06805314080331108,17.756378173828125,0.17496023011292483,0.3792225927507645,0.15103472769260406
1.0300000000000007,0.06805375867492833,17.691438674926758,0.1747289499045537,0.37703811151679456,0.15110374987125397
1.0320000000000007,0.06805349441715694,17.727569580078125,0.1744877372634119,0.3748173478248291,0.1524687111377716
1.0340000000000007,0.06805232893937624,17.673091888427734,0.17423960141066788,0.3725596508576382,0.1518009603023529
1.0360000000000007,0.06805019180892613,17.696212768554688,0.17397950952552246,0.37026671874954686,0.15172253549098969
1.0380000000000007,0.06804704318447251,17.657686233520508,0.1737053367512787,0.36793839272260076,0.15070389211177826
1.0400000000000007,0.06804281407721988,17.665111541748047,0.1734153741102913,0.3655757702650864,0.14978019893169403
1.0420000000000007,0.06803745112580353,17.636554718017578,0.17311168663890514,0.3631789269340876,0.14846137166023254
1.0440000000000007,0.068030885440946,17.633705139160156,0.17279750902620414,0.3607483216458527,0.1471109688282013
1.0460000000000007,0.06802305578498964,17.61094856262207,0.17247336417119302,0.35828392455114794,0.1455845683813095
1.0480000000000007,0.06801389221710911,17.601879119873047,0.17213825843037833,0.3557860026171928,0.14401322603225708
1.0500000000000007,0.06800332821135478,17.579757690429688,0.1717920374447098,0.35325457449883296,0.14235849678516388
1.0520000000000007,0.06799038683064187,17.563819885253906,0.171433917708174,0.35068981529501786,0.14066940546035767
1.0540000000000007,0.06797637571042797,1.54449462890625,0.17112854597270244,0.34809176411453374,0.1483558863401413
1.0560000000000007,0.06796089356543347,17.325122833251953,0.1708213044048031,0.34538903985899877,0.14879097044467926
1.0580000000000007,0.06794407544434727,17.241901397705078,0.1705103655591095,0.34274763780410344,0.14737087488174438
1.0600000000000007,0.06792742268021708,17.494117736816406,0.17017540276973972,0.3400847827730842,0.14625006914138794
1.0620000000000007,0.06791178976942862,17.384937286376953,0.16983157521149508,0.33739584868535505,0.14454017579555511
1.0640000000000007,0.06789714511148606,17.547069549560547,0.16946682374543198,0.33468314931152454,0.12853306531906128
1.0660000000000007,0.0678836455890848,17.47742462158203,0.16909010191883966,0.33194383091295704,0.12923379242420197
1.0680000000000007,0.06787134383491915,17.506343841552734,0.1686943871038864,0.32917965927771653,0.1254279911518097
1.0700000000000007,0.06786030866283609,17.425983428955078,0.1682845467848752,0.32638887722284016,0.12352033704519272
1.0720000000000007,0.06786303033382925,17.44867706298828,0.1678566133261925,0.3235725297399899,0.12175113707780838
1.0880000000000007,0.06787144544286747,17.621170043945312,0.1644978289240061,0.30166686592211245,0.12315232306718826
1.0920000000000007,0.06787634207824038,17.59521484375,0.16312470994136352,0.2967395569481687,0.12119892984628677
1.1140000000000008,0.06794849588683056,17.661754608154297,0.1568025267325314,0.2720832346988503,0.12068680673837662
1.1180000000000008,0.06796952702495547,17.656585693359375,0.15554547297229676,0.26788803076792317,0.1203102245926857
1.1240000000000008,0.06800550379267996,17.667192459106445,0.15350462995543682,0.26151380602247,0.12091246992349625
1.1280000000000008,0.06803273993202906,17.663433074951172,0.15207617955917058,0.25725257962638015,0.12068087607622147
1.1320000000000008,0.06806262857409875,17.659793853759766,0.15063375283348676,0.2529605859587754,0.12012911587953568
1.1380000000000008,0.06810390353170259,17.67461395263672,0.1485833333506446,0.24663795943000982,0.12004594504833221
1.1460000000000008,0.06814532711168902,17.703487396240234,0.14617829598289364,0.2387028328045105,0.12060046941041946
1.1500000000000008,0.06816098875823043,17.704421997070312,0.14508727759955142,0.23497238419562025,0.12000510096549988
1.1580000000000008,0.06818238349891997,17.734844207763672,0.14310426914138324,0.22778714546064951,0.12041950225830078
1.1640000000000008,0.06819071117942314,17.74962615966797,0.14179909878637867,0.22277915510520258,0.12028110772371292
1.1700000000000008,0.06819288935588182,17.76270294189453,0.14058867105810852,0.2180260013820079,0.12011098861694336
1.1780000000000008,0.06818642906104695,17.78732681274414,0.13905186579369413,0.21202500702979835,0.12048156559467316
1.1840000000000008,0.06817542068158611,17.80068016052246,0.13787079213566983,0.20776359137980552,0.12046695500612259
1.1900000000000008,0.06815960165290344,17.810901641845703,0.13657318136967964,0.20351163538850398,0.12056620419025421
1.1940000000000008,0.06814644865947818,17.81075668334961,0.1356396034635595,0.20069197409869835,0.1201273649930954
1.2000000000000008,0.0681230889114006,17.82168960571289,0.1341428447728603,0.19645214597434713,0.12048252671957016
1.2040000000000008,0.06810511920877368,17.821273803710938,0.13308641994595752,0.19365978838408285,0.1201847717165947
1.2100000000000009,0.06807532280015456,17.831939697265625,0.13141995092199618,0.18949258789910386,0.12079925090074539
1.2140000000000009,0.06805348615212867,17.83154296875,0.13026023610234513,0.1867688529837418,0.12055362015962601
1.2180000000000009,0.0680244209529347,17.831064224243164,0.1290517550516683,0.18406683485494588,0.12024703621864319
1.2200000000000009,0.06800665853343925,17.667762756347656,0.128351940524502,0.1827369787796739,0.12018661946058273
1.2360000000000009,0.06788640873300142,17.792022705078125,0.12263537487837886,0.17272951261720423,0.12097514420747757
1.2400000000000009,0.06786473906080105,17.804744720458984,0.12124829520941721,0.1705322401774429,0.12030061334371567
1.2460000000000009,0.06783766100302983,17.829608917236328,0.1191724825046103,0.16739045256296728,0.12088997662067413
1.2500000000000009,0.06782249357835689,17.837383270263672,0.11780358300878219,0.16544146999903608,0.12062066793441772
1.254000000000001,0.06780938227683832,17.844526290893555,0.11643772370949218,0.16358963891945597,0.12028749287128448
1.5260000000000011,0.06787918578937749,18.26148796081543,0.10197326046100083,0.2984877132600368,0.12165515869855881
1.5280000000000011,0.06789282748617496,18.26299285888672,0.10404941328680924,0.30212486204498756,0.12368779629468918
1.5300000000000011,0.0679078092132118,18.260852813720703,0.10610548832472957,0.3057399269514882,0.12532520294189453
1.5320000000000011,0.06792405005438142,18.26112174987793,0.10813999002441545,0.30933011231571467,0.12700533866882324
1.5340000000000011,0.0679414719648022,18.259370803833008,0.11015179892638939,0.3128928102326774,0.12871167063713074
1.5360000000000011,0.06795999873124771,18.258785247802734,0.11213293779841293,0.3164256302082931,0.1304314285516739
1.5380000000000011,0.06797955635601081,18.25714683532715,0.11407612034997743,0.31992634351269594,0.13215120136737823
1.5400000000000011,0.06799944787046758,18.256187438964844,0.11598588419449989,0.3233929018866039,0.13386131823062897
1.5420000000000011,0.0680172859336633,18.25455093383789,0.11787031584742862,0.3268233973862567,0.1355535089969635
1.5440000000000011,0.0680329344360687,18.253005981445312,0.11972916825077609,0.33021607212480136,0.1372220665216446
1.5460000000000012,0.06804649464310072,18.251102447509766,0.12156202320994011,0.3335692896815264,0.13886302709579468
1.5480000000000012,0.06805806580062068,18.249235153198242,0.12336852704069726,0.33688153921867875,0.14047516882419586
1.5500000000000012,0.0680677450599608,18.24688720703125,0.12514841045610395,0.34015141536703164,0.14205855131149292
1.5520000000000012,0.06807562741687474,18.24480438232422,0.12690145736202119,0.34337761839255804,0.1436144858598709
1.5540000000000012,0.0680818056956314,18.242576599121094,0.12862751337869816,0.34655893990908276,0.14514605700969696
1.5560000000000012,0.06808637051695517,18.240388870239258,0.13032646692286928,0.34969426095823186,0.1466566026210785
1.5580000000000012,0.06808941031013804,18.238178253173828,0.13199825204968627,0.3527825416417784,0.1481502205133438
1.5600000000000012,0.06809101130246063,18.235858917236328,0.13364283665677967,0.3558228182121609,0.14963111281394958
1.5620000000000012,0.06809125754383744,18.233623504638672,0.13526022263708604,0.358814195346173,0.1511034220457077
1.5640000000000012,0.06809023091107742,18.231441497802734,0.13685043829068888,0.36175584289593493,0.1525709182024002
1.5660000000000012,0.06808801113756476,18.229204177856445,0.13841353732906309,0.36464698996646866,0.15403735637664795
1.5680000000000012,0.06808467582722856,18.22677230834961,0.1399495938347504,0.3674869216860847,0.15550543367862701
1.5700000000000012,0.06808030048575539,18.224197387695312,0.14145810623428928,0.37027497454339187,0.15697728097438812
1.5720000000000012,0.06807495854058424,18.221546173095703,0.14293754477320192,0.3730105333581641,0.1584545522928238
1.5740000000000012,0.06806872137207912,18.218833923339844,0.1443882682969296,0.3756930275224869,0.15993836522102356
1.5760000000000012,0.06806329869040922,18.21605682373047,0.1458107529381759,0.378321928249766,0.16142868995666504
1.5780000000000012,0.0680552719897253,17.367538452148438,0.1471918182182293,0.38089674548505575,0.16367226839065552
1.5800000000000012,0.06804595146454326,17.05556869506836,0.14836030688168914,0.3833601428646492,0.1644458919763565
1.5840000000000012,0.06802439182400759,17.823776245117188,0.150417236639279,0.3877010453622131,0.15493565797805786
1.5860000000000012,0.06801408891322526,18.140430450439453,0.15140113092515878,0.3897953612372647,0.15449891984462738
1.5880000000000012,0.06800453678459491,18.12268829345703,0.15235087714605008,0.3918145948436539,0.1640741229057312
1.5900000000000012,0.06799014309630097,18.16260528564453,0.15327584679479253,0.3937618580121398,0.17085698246955872
1.5920000000000012,0.06797663165318986,17.165908813476562,0.15416980822293438,0.3956484250384132,0.1713392287492752
1.5980000000000012,0.06794076543553317,17.985002517700195,0.15642365860625068,0.40079742482566433,0.15528106689453125
1.6000000000000012,0.06793110739881772,18.044509887695312,0.157192731259776,0.4025299976993271,0.16329731047153473
1.6020000000000012,0.06792250666632779,18.090595245361328,0.15793367118392979,0.4041923247508746,0.17334172129631042
1.6040000000000012,0.06791488494075963,18.060527801513672,0.1586558384776345,0.405785217039882,0.1763182431459427
1.6060000000000012,0.06790816129948592,18.074989318847656,0.15935870325514634,0.40731816163979384,0.17712487280368805
1.6080000000000012,0.06790227199289606,18.05500030517578,0.16004330158150765,0.40879068332518764,0.17776504158973694
1.6100000000000012,0.06789734170117627,18.059349060058594,0.16070906658905804,0.4102036038735173,0.17848598957061768
1.6120000000000012,0.0678932731981308,18.047969818115234,0.16135634846757382,0.41155638839735675,0.179097518324852
1.6140000000000012,0.06788993029690976,18.048904418945312,0.1619849160780361,0.4128492775053526,0.17974050343036652
1.6160000000000012,0.06788720410771473,18.04161834716797,0.16259502399418843,0.4140820248392697,0.18030592799186707
1.6180000000000012,0.06788500805558187,18.039403915405273,0.16318662253893526,0.41525480562518513,0.1808735728263855
1.6200000000000012,0.06788326996051189,18.033550262451172,0.16375991981937912,0.4163675314826307,0.18138137459754944
1.6220000000000012,0.0678819298311094,18.03118324279785,0.16431496483616828,0.4174203435223902,0.18187370896339417
1.6240000000000012,0.06788093577061184,18.026840209960938,0.16485194352380328,0.41841324063172664,0.1823151856660843
1.6260000000000012,0.0678802430143869,18.023880004882812,0.1653709585971758,0.41934634680370475,0.1827305257320404
1.6280000000000012,0.06787981173965242,18.020050048828125,0.16587218541092524,0.42021970961563904,0.18309970200061798
1.6300000000000012,0.06787960665286931,18.016983032226562,0.16635575563282232,0.4210334449815759,0.18343593180179596
1.6320000000000012,0.0678795957886347,18.01327896118164,0.16682183921958005,0.42178762798281194,0.18372783064842224
1.6340000000000012,0.06787975033672383,18.01003646850586,0.16727056827389905,0.4224823711404191,0.18398265540599823
1.6360000000000012,0.06788004397229673,18.006473541259766,0.16770180538964166,0.42311776532185863,0.18419356644153595
1.6380000000000012,0.06788045278537136,18.00324249267578,0.1681155126255329,0.423693922001094,0.1843644380569458
1.6400000000000012,0.06788095490299415,17.999826431274414,0.16851175360140527,0.4242109412954265,0.18449121713638306
1.6420000000000012,0.06788153046113002,17.996362686157227,0.16889057575031266,0.42466893474381073,0.1845760941505432
1.6440000000000012,0.06788216138949406,17.99266815185547,0.1692520231244669,0.42506800803027617,0.18461644649505615
1.6460000000000012,0.06788283139999043,17.9888916015625,0.16959612610312128,0.4254082732394546,0.18461333215236664
1.6480000000000012,0.06788352586276016,17.985027313232422,0.16992290860415318,0.42568983952505923,0.1845652163028717
1.6500000000000012,0.06788423180026394,17.98113250732422,0.17023238218309447,0.42591281969246275,0.18447256088256836
1.6520000000000012,0.06788493781452373,17.977266311645508,0.17052462537142138,0.4260773251639048,0.18433459103107452
1.6540000000000012,0.06788563408242775,17.973365783691406,0.17080052029894777,0.42618346951038827,0.18408285081386566
1.6560000000000012,0.06788447055556758,17.969608306884766,0.17106043948635669,0.42623136574153603,0.18371571600437164
1.6580000000000013,0.06788452382939156,17.558914184570312,0.17128781413896188,0.42622112820292474,0.1856437623500824
1.6600000000000013,0.06788735656498641,17.840957641601562,0.17153157663175564,0.42608258548319844,0.18338114023208618
1.6620000000000013,0.0678930591619253,11.78620719909668,0.1717296416523634,0.42593523206985534,0.1412092000246048
1.6640000000000013,0.06789922883550545,17.492515563964844,0.17179831936031112,0.4256974034734903,0.1812257319688797
1.6660000000000013,0.06790441043762611,17.86544418334961,0.17182009677435464,0.42529715148499625,0.17918875813484192
1.6680000000000013,0.06790809759537852,17.908031463623047,0.17184072482254598,0.42480327051246763,0.17906059324741364
1.6700000000000013,0.06791068345445797,17.905475616455078,0.17187864411795417,0.42427236138162133,0.16072002053260803
1.6720000000000013,0.0679124397282988,17.947044372558594,0.17191700988365968,0.4237287836541127,0.16199642419815063
1.6740000000000013,0.0679135487209422,17.89657211303711,0.17195019216621354,0.4231499422570669,0.15919049084186554
1.6760000000000013,0.0679141315300608,17.923234939575195,0.1719763842743407,0.42252643823695274,0.1592511683702469
1.6780000000000013,0.06791428725274874,17.875308990478516,0.17199722141278292,0.4218567423068794,0.15999169647693634
1.6800000000000013,0.0679140852029847,17.888710021972656,0.17201189174913395,0.42114243336591173,0.1608990579843521
1.6820000000000013,0.06791358415551237,17.861602783203125,0.17202138001276804,0.4203828727498422,0.16174672544002533
1.6840000000000013,0.06791282756300884,17.866653442382812,0.1720253903964863,0.4195790708637194,0.1624903380870819
1.6860000000000013,0.06791185393433481,17.852352142333984,0.1720245647361305,0.4187308698582163,0.16257169842720032
1.6880000000000013,0.06791069358759469,17.853416442871094,0.17201887195504126,0.41783898695641697,0.1622464656829834
1.6900000000000013,0.06790397910980636,17.845653533935547,0.17200876860792533,0.4169035246871138,0.16161975264549255
1.6940000000000013,0.06789291781673647,18.089534759521484,0.17197343301222742,0.4149869180535551,0.1401710957288742
1.6960000000000013,0.06788881315262223,18.07569122314453,0.17198001532981685,0.41411042027340056,0.1311829686164856
1.6980000000000013,0.06788564294377995,17.87533950805664,0.17198047493902635,0.4131814453559576,0.1373317837715149
1.7000000000000013,0.06788315088150211,17.886096954345703,0.17197238806932544,0.4122033780649635,0.1435067355632782
1.7020000000000013,0.0678811824240962,17.81845474243164,0.17195914665939155,0.4111754113220305,0.14762136340141296
1.7040000000000013,0.0678796281357491,17.842924118041992,0.171943445670559,0.4100997135275871,0.1504257321357727
1.7060000000000013,0.0678784239671271,17.807296752929688,0.17192640509480706,0.4089762176070864,0.152202308177948
1.7080000000000013,0.06787752820566706,17.8170166015625,0.17190716858445962,0.4078064158691504,0.1528082937002182
1.7100000000000013,0.0678769204836592,17.79864501953125,0.17188621399314813,0.40659060321000784,0.15293587744235992
1.7120000000000013,0.06787659200277169,17.801904678344727,0.17186307188651856,0.4053298858455879,0.15258775651454926
1.7140000000000013,0.06787654464895672,17.792415618896484,0.17183798017626015,0.40402472395559536,0.15201202034950256
1.7160000000000013,0.06787678664004237,17.791610717773438,0.1718106753599153,0.40267599450787805,0.15123413503170013
1.7180000000000013,0.0678773319358563,17.784385681152344,0.17178126659388268,0.40128422168627553,0.15034285187721252
1.7200000000000013,0.067878198196249,17.781578063964844,0.17174959565438694,0.39985013896975397,0.14935562014579773
1.7220000000000013,0.06787940642195549,17.775211334228516,0.1717156978473443,0.3983742833469102,0.14830464124679565
1.7240000000000013,0.0678809799459363,17.770801544189453,0.17167946309874693,0.39685729246698664,0.14719919860363007
1.7260000000000013,0.06788294422116764,17.764129638671875,0.17164087852881052,0.39529969108564006,0.1460513025522232
1.7280000000000013,0.06788554549353884,17.75777244567871,0.17159984886434396,0.3937020481495209,0.14486606419086456
1.7300000000000013,0.0678886902818687,17.61150550842285,0.17151992988199063,0.39206486469807134,0.15592682361602783
1.7320000000000013,0.0678924247375184,17.517906188964844,0.17144056203608313,0.3904267235377725,0.15454596281051636
1.7340000000000013,0.06789804229303878,17.70391845703125,0.17135594579322957,0.388743891550408,0.14246636629104614
1.7360000000000013,0.06790445980092445,17.62627410888672,0.17127814875182362,0.38701392685557306,0.1417137235403061
1.7380000000000013,0.06791160760032848,17.563152313232422,0.17119921917018227,0.3852062660141195,0.14818763732910156
1.7400000000000013,0.06791945325538498,17.695512771606445,0.1711129118338931,0.3833584069070074,0.12668004631996155
1.7420000000000013,0.06792799937411984,17.634132385253906,0.1710237927312935,0.3814673870008363,0.12960554659366608
1.7440000000000013,0.06793723349699883,17.676982879638672,0.17092824950426458,0.37953688140715486,0.1299731284379959
1.7460000000000013,0.06794699867515407,17.60849380493164,0.17082865876505307,0.37756545008591874,0.1298718899488449
1.7480000000000013,0.06795733833072588,17.642257690429688,0.17072299645848604,0.375555332734843,0.12970049679279327
1.7500000000000013,0.06796832548553716,17.594688415527344,0.17061240734217523,0.3735060217230395,0.12876634299755096
1.7520000000000013,0.06798002216362367,17.608993530273438,0.17049456516220993,0.3714189320856712,0.12777827680110931
1.7540000000000013,0.06799227751256634,17.577714920043945,0.1703656475389756,0.369294022517637,0.12651000916957855
1.7560000000000013,0.06800397918461544,17.578548431396484,0.17022436169501362,0.3671322500969895,0.12520769238471985
1.7580000000000013,0.0680149238665557,17.555587768554688,0.1700712055669653,0.36493379760161043,0.12378571927547455
1.7600000000000013,0.06802506482853087,17.548946380615234,0.1694226977900106,0.3626993615441466,0.12234053015708923
1.7620000000000013,0.06803435330656847,17.52997589111328,0.16874209988911457,0.36042922429160484,0.1208408996462822
1.7720000000000014,0.06806466995655688,17.578754425048828,0.16583565039499606,0.3491426854133167,0.1201833039522171
1.7840000000000014,0.06807053025757856,17.635608673095703,0.16373371031235925,0.33697574222499976,0.12008906155824661
1.7940000000000014,0.06805464284427162,17.67325210571289,0.16304202518651273,0.32789145241028833,0.12043867260217667
1.8000000000000014,0.06803751771960397,17.68777847290039,0.16298064384968278,0.3228121050975323,0.12058636546134949
1.8040000000000014,0.06802301214447003,17.689699172973633,0.16301874867166494,0.3195173472058003,0.12031221389770508
1.8080000000000014,0.06800524823493477,17.691356658935547,0.16308448439271656,0.3162271185979957,0.12011481076478958
1.8100000000000014,0.06799537036449893,17.59726905822754,0.16310292758756825,0.31460947170407183,0.1345619261264801
1.8120000000000014,0.06798381336980437,17.52054214477539,0.16306957797978786,0.31293530355101956,0.13606293499469757
1.8140000000000014,0.06797312181189313,17.251201629638672,0.16301347931003987,0.31121576548936725,0.13689656555652618
1.8160000000000014,0.0679630693885875,17.168663024902344,0.1628931243055495,0.30947769885699566,0.1373850554227829
1.8440000000000014,0.06790879090740523,17.715089797973633,0.1641956654346706,0.28774534802962787,0.12151709944009781
1.8460000000000014,0.06790941224203806,17.70592498779297,0.1644643599757782,0.2865672664645615,0.1209835335612297
1.8480000000000014,0.06791058870122185,17.691356658935547,0.16467954052472283,0.2853281431291374,0.12037266790866852
1.8520000000000014,0.06791441006246984,17.69274139404297,0.16504081862708608,0.2826696483144485,0.1210402399301529
1.8540000000000014,0.06791720053588662,17.682193756103516,0.16518643435648073,0.2813634279439881,0.12026635557413101
1.8580000000000014,0.06792424863748094,17.68155288696289,0.16540611946500275,0.2785735541189223,0.12071241438388824
1.8620000000000014,0.06793333131356019,17.681251525878906,0.16558793097528376,0.2757744464054236,0.12109579890966415
1.8640000000000014,0.06793884111209646,17.66970443725586,0.16564210337653545,0.2743997737571307,0.12011802941560745
1.8680000000000014,0.06795129571187675,17.66777801513672,0.16567587649953047,0.27147608416223196,0.12025854736566544
1.8720000000000014,0.0679658168735576,17.665573120117188,0.16566695959452848,0.26854721879245913,0.12033146619796753
1.8760000000000014,0.0679823809439511,17.663654327392578,0.1656123541374247,0.26561327424626513,0.12033123522996902
1.8800000000000014,0.06800096270135701,17.661502838134766,0.16551140729420868,0.2626760275121157,0.12026175111532211
1.8840000000000015,0.06802153311070798,17.658973693847656,0.16536383304768984,0.2597391702196454,0.12012773007154465
1.8900000000000015,0.0680553246448383,17.672359466552734,0.16511558629132653,0.2553689174113505,0.1209033876657486
1.8940000000000015,0.06808002118106092,17.670753479003906,0.16493032553268056,0.2525709225602116,0.12065990269184113
1.8980000000000015,0.0681063507537394,17.67009735107422,0.16469572154702367,0.24980008862622788,0.12039806693792343
1.9020000000000015,0.0681314040914683,17.670120239257812,0.1644111522594855,0.24705739985817418,0.12012047320604324
1.9080000000000015,0.0681635504620239,17.685558319091797,0.1639488367458665,0.24302589584702158,0.12069762498140335
1.9120000000000015,0.06818184825527818,17.686874389648438,0.16361627903241255,0.24046811770966628,0.12048769742250443
1.9160000000000015,0.06819777935958786,17.68905258178711,0.16323308259180003,0.23794192921827542,0.12025725096464157
1.9200000000000015,0.06821140933804618,17.69156265258789,0.16279946396647924,0.23544847388756582,0.12000542879104614
1.9260000000000015,0.0682273874662755,17.707752227783203,0.16211273201537668,0.23179902021602128,0.12048669904470444
1.9300000000000015,0.06823637035194252,17.710071563720703,0.16163115674940487,0.22949965245478943,0.12028676271438599
1.9320000000000015,0.06824064472221827,15.754270553588867,0.16138671928260281,0.2283902321027102,0.13564662635326385
1.9340000000000015,0.06824434426274416,7.905631065368652,0.16101495361172152,0.22722007564021832,0.13564692437648773
1.9360000000000015,0.06824753470349211,17.215709686279297,0.16065916480520354,0.22601268064481705,0.13476696610450745
1.9380000000000015,0.06825015135095075,17.211017608642578,0.16020906920652436,0.22475988932524937,0.13446617126464844
1.9420000000000015,0.06825360201594283,17.57367706298828,0.1592911796511126,0.22213590448687073,0.12335391342639923
1.9640000000000015,0.06824227606914943,17.805233001708984,0.1553987603661845,0.21065375361888353,0.12016652524471283
1.9680000000000015,0.06823694447203926,17.81104278564453,0.15490960396519857,0.20927060817467186,0.12018845975399017
1.9720000000000015,0.06823098900020001,17.816783905029297,0.1543902984725126,0.20793327437271558,0.1201864704489708
1.9760000000000015,0.06822451789003468,17.821483612060547,0.15384314948065322,0.20664253700830695,0.12015155702829361
1.9800000000000015,0.06821763173707895,17.82577896118164,0.15327069951795708,0.20539919446187554,0.12007790803909302
1.9860000000000015,0.06820693339000357,17.837627410888672,0.15242583999140435,0.20365091275196803,0.12035047262907028
1.9900000000000015,0.06819960489588016,17.8380126953125,0.15187645366903094,0.20263394264543302,0.12031275779008865
1.9940000000000015,0.06819219292698739,17.838531494140625,0.1513143602913824,0.20164990654889778,0.12025238573551178
1.9980000000000016,0.06818477108615194,17.83890151977539,0.15074420186907472,0.2006996508331092,0.1201702132821083
2.002000000000001,0.06817740835182291,17.83828353881836,0.15017091133376495,0.19978393462523616,0.12006902694702148
2.0080000000000005,0.06816687981993914,17.838973999023438,0.14937284205380333,0.19850111416311517,0.12031818926334381
2.0359999999999974,0.06813883681612984,17.837392807006836,0.14977787207192564,0.1978154421625449,0.12020844221115112
2.037999999999997,0.06813787420421386,17.8348388671875,0.15007849919114805,0.19822056874524394,0.12047700583934784
2.039999999999997,0.06813698296535681,17.574954986572266,0.15044344365151907,0.1985911107149378,0.12063927203416824
2.0419999999999967,0.0681359813976906,17.694599151611328,0.15072188062463296,0.19896415327923894,0.12105844914913177
2.0439999999999965,0.06813502130970561,17.848718643188477,0.1510251930012655,0.19930446826370554,0.12122342735528946
2.0459999999999963,0.06813340366969549,17.850337982177734,0.1512644824147536,0.1996043902735466,0.12149998545646667
2.047999999999996,0.06813127465482284,0.43885067105293274,0.15142355457543258,0.19986799774375782,0.12200941890478134
2.049999999999996,0.06812936297730517,16.90955352783203,0.150522150183595,0.20016711420878178,0.12189754098653793
2.0519999999999956,0.06812734240222386,17.437835693359375,0.14955434319103264,0.20046891100739106,0.1222003921866417
2.0539999999999954,0.06812373201259488,17.615856170654297,0.1486309823800743,0.2007320884742612,0.12217943370342255
2.055999999999995,0.06812153969260407,17.806743621826172,0.14772465774611593,0.20094517210275253,0.12223781645298004
2.067999999999994,0.06810261200333159,17.73483657836914,0.14341443083574604,0.20115024805001647,0.12245399504899979
2.0699999999999936,0.06809897684941445,17.8065185546875,0.14285575145849957,0.20097975282740826,0.12256129086017609
2.0719999999999934,0.06809532849815313,17.786331176757812,0.14233431144632752,0.20077150391244086,0.12258999794721603
2.073999999999993,0.0680915777334477,17.487396240234375,0.14182803855489898,0.20052932324470032,0.12269556522369385
2.075999999999993,0.06808793731786114,17.744216918945312,0.14135745690672646,0.20032800740037834,0.12281930446624756
2.0779999999999927,0.0680842343300904,17.757173538208008,0.14092313201510623,0.20007884110996937,0.12297887355089188
2.0799999999999925,0.06808058381506014,17.775089263916016,0.14052306937934195,0.19978855292471087,0.12316922843456268
2.0819999999999923,0.06807688671460653,17.751792907714844,0.14015776199037577,0.199452554519545,0.12339991331100464
2.083999999999992,0.06807320226205604,17.756183624267578,0.13982717656423505,0.19907471785141484,0.12366276979446411
2.085999999999992,0.06806947259848214,17.738113403320312,0.1395334843832676,0.1986526785097673,0.12397006899118423
2.0879999999999916,0.06806573024943931,17.736103057861328,0.1392753974070941,0.19818871087179785,0.12430819869041443
2.0899999999999914,0.0680619543145321,17.724925994873047,0.13905247825498276,0.19768168531401123,0.12469086796045303
2.091999999999991,0.068058153800796,17.72203826904297,0.13886376780813023,0.19713300476887238,0.12510232627391815
2.093999999999991,0.06805430198235529,17.71524429321289,0.13870865215644612,0.19654222245491967,0.1255544126033783
2.0959999999999908,0.06805039817883092,17.71212387084961,0.13858633053496228,0.19591027636448252,0.126032754778862
2.0979999999999905,0.06804642429348783,17.707212448120117,0.13849612504126912,0.19523710270776504,0.12654650211334229
2.0999999999999903,0.06804237646676527,17.704254150390625,0.13843730747884125,0.1945233966900185,0.12708398699760437
2.10199999999999,0.06803824187079026,17.699798583984375,0.13840918267667202,0.1937693138701812,0.12765127420425415
2.10399999999999,0.06803401563115119,17.696704864501953,0.1384110551296881,0.19297542793920902,0.1282404661178589
2.1059999999999897,0.06802968837502693,17.6924991607666,0.13844222943800866,0.1921420245884961,0.12885542213916779
2.1079999999999894,0.06802555145861196,17.689334869384766,0.1385020239237616,0.19126962212264023,0.12949155271053314
2.109999999999989,0.06802161263975774,10.589576721191406,0.1386427887131448,0.1903585877593021,0.13041262328624725
2.111999999999989,0.06801812784463701,17.433265686035156,0.13881361053104982,0.18938373835562675,0.13094031810760498
2.1139999999999888,0.06801478270178923,17.544368743896484,0.1390115031322044,0.188374970092239,0.13183021545410156
2.1159999999999886,0.06801168204473697,17.716022491455078,0.1392376976699009,0.18734270936968941,0.13250958919525146
2.1179999999999883,0.06800865188720683,17.731170654296875,0.1394896638912582,0.18627761671240367,0.13339301943778992
2.119999999999988,0.06800572240852791,17.729995727539062,0.1397682210632778,0.18518565900859504,0.1341913938522339
2.121999999999988,0.06800461691014503,17.68798065185547,0.1400714336065568,0.1840614153951001,0.13509631156921387
2.1239999999999877,0.06800366992731756,17.706119537353516,0.1404164775566559,0.18290811051592792,0.13598820567131042
2.1259999999999875,0.06800274456137081,17.701183319091797,0.14078276937876294,0.18170699365983609,0.13698728382587433
2.1279999999999872,0.06800184472177849,17.710159301757812,0.14117187887230598,0.180480420893764,0.1379813402891159
2.129999999999987,0.06800089374596538,17.661378860473633,0.14158155857177696,0.17922314120778518,0.13902463018894196
2.131999999999987,0.06799987728840363,17.670982360839844,0.14201260091075635,0.17793824514703702,0.140103280544281
2.1339999999999866,0.06799874975673874,17.634475708007812,0.14246340330234236,0.17662289176813778,0.14121106266975403
2.1359999999999864,0.06799749335648687,17.628387451171875,0.1429342279355985,0.17527877700493466,0.14237159490585327
2.137999999999986,0.06799607972341183,17.60723114013672,0.14342336987407744,0.17390442356045177,0.14356091618537903
2.139999999999986,0.06799449328326125,17.60016632080078,0.14332707522789495,0.17250083345514325,0.14481060206890106
2.1419999999999857,0.06799271922629888,17.588302612304688,0.14226098911160612,0.17106731881336415,0.14609727263450623
2.1439999999999855,0.06799077611269741,17.58198356628418,0.14119696577532548,0.16960455548709308,0.1474486142396927
2.1459999999999853,0.06798866705332811,17.572742462158203,0.14013653180674437,0.16811232656409006,0.14870139956474304
2.147999999999985,0.06798377972957641,17.56647491455078,0.1390806131807536,0.16659117221138622,0.1492515355348587
2.149999999999985,0.06797886251036113,15.451873779296875,0.1380112925359062,0.16504116737837635,0.1497936099767685
2.1519999999999846,0.06797390625075503,9.924352645874023,0.13696266415949954,0.16346574384854098,0.15035414695739746
2.1539999999999844,0.0679689162360055,17.048492431640625,0.13590086431433604,0.16186831934291934,0.1493583470582962
2.155999999999984,0.06796390540080637,17.189266204833984,0.13484344655200736,0.16023207772065862,0.14877979457378387
2.157999999999984,0.06795375699087042,17.45667266845703,0.13379269964863327,0.15857176461711944,0.14724621176719666
2.1599999999999837,0.0679439679670625,10.651309967041016,0.13276226267234267,0.15687768445053177,0.1494748592376709
2.1619999999999835,0.0679345180878644,17.06431007385254,0.13174091161174567,0.15520173279890578,0.15050683915615082
2.1639999999999833,0.06792540518181087,17.149171829223633,0.1307433051422931,0.1534822684957879,0.15118032693862915
2.165999999999983,0.06791662348563068,17.437114715576172,0.12975968501929852,0.15173432202984913,0.1521592140197754
2.167999999999983,0.06790816649186372,17.46280288696289,0.12879935480719848,0.14994980011491152,0.15238633751869202
2.1699999999999826,0.06790003392144792,17.49020004272461,0.1278567726303507,0.1481381589109234,0.15096290409564972
2.1719999999999824,0.06789654963262245,17.474483489990234,0.12693421861803747,0.14629528214135845,0.14962942898273468
2.173999999999982,0.06789305153936837,16.054380416870117,0.12602396414999525,0.14442706436935965,0.14054107666015625
2.175999999999982,0.06788952325920788,10.627973556518555,0.12514033865698904,0.14248496022008622,0.14029088616371155
2.1779999999999817,0.06788599834666201,17.167236328125,0.12426512622210084,0.14053442058631369,0.13832901418209076
2.1799999999999815,0.06788247703780996,17.243648529052734,0.12339633268925827,0.1385599670803281,0.13766877353191376
2.1819999999999813,0.06787898238702242,17.484710693359375,0.12252464841582004,0.13657448240063744,0.1359923928976059
2.183999999999981,0.06787552239676213,17.510379791259766,0.12166447640393833,0.13456922607835362,0.1350926011800766
2.185999999999981,0.06787211532611706,17.521648406982422,0.12082491648263559,0.13255192092103996,0.13360431790351868
2.1879999999999806,0.0678687694043843,17.502199172973633,0.1200098719628711,0.13051791645604535,0.13256290555000305
2.1899999999999804,0.06786549939834738,17.50519371032715,0.11921770925071978,0.12847176890384354,0.13121749460697174
2.19199999999998,0.0678623129898044,17.486352920532227,0.11845071761870693,0.1264112970351142,0.1301422417163849
2.19399999999998,0.06785922198010197,17.483963012695312,0.11770814145450793,0.12433929726402707,0.12892292439937592
2.1959999999999797,0.06785623317991032,17.471965789794922,0.11699141882506506,0.12225493930886107,0.1278817504644394
2.1979999999999795,0.06785335588136361,17.46830940246582,0.11630023780213651,0.1201600784327101,0.12678703665733337
2.1999999999999793,0.06785208591898555,17.461044311523438,0.11563550266042724,0.11805461890492472,0.12582002580165863
2.201999999999979,0.06785077548679957,10.457233428955078,0.11499211358252295,0.11593991390700373,0.12218444049358368
2.203999999999979,0.06784948238283295,17.086275100708008,0.11437079584337301,0.11383344929059841,0.12083963304758072
2.2059999999999786,0.06784818863894597,17.220748901367188,0.11378317142581539,0.1117116029415264,0.12147632241249084
2.2079999999999784,0.06784693324273151,17.428977966308594,0.11322033669548376,0.10958715330021943,0.12062329798936844
2.209999999999978,0.06784571112181102,17.468212127685547,0.11268935212144042,0.10745169529342732,0.12093932181596756
2.211999999999978,0.06784454950878702,17.463058471679688,0.11217772954499582,0.10531289236869926,0.12039358168840408
2.2139999999999778,0.06784124989167757,17.443084716796875,0.11167840025269504,0.10316631768122252,0.12049980461597443
2.2159999999999775,0.06783834358432862,14.22035026550293,0.11124877133658852,0.10101649967051822,0.1273631453514099
2.2179999999999773,0.06783531672785087,-1.774672508239746,0.11083294693942827,0.09887219393077792,0.1263210028409958
2.219999999999977,0.06783266951561055,16.596384048461914,0.11045980534521561,0.09673184124043376,0.12533597648143768
2.221999999999977,0.06783027882868851,17.057201385498047,0.11011679713856727,0.09461137119008814,0.12438986450433731
2.2239999999999767,0.06782821312751688,17.236248016357422,0.10979538707457552,0.09249422860989677,0.12347817420959473
2.2259999999999764,0.06782741226822238,17.315265655517578,0.10950192577941148,0.09037029295616891,0.12260610610246658
2.229999999999976,0.06782634210274995,9.558897018432617,0.10895501522496125,0.08610219890915582,0.12087831646203995
2.231999999999976,0.06782602990238215,16.899446487426758,0.10873323175007553,0.08402500171708811,0.12009266763925552
2.275999999999971,0.06785496249530448,17.215715408325195,0.11575659660533477,0.0502935330093552,0.1201947033405304
2.2779999999999707,0.06785820673876453,17.21213150024414,0.11651809559178912,0.04941195167656776,0.12085457146167755
2.2799999999999705,0.06786166945756482,17.208843231201172,0.11726525875814374,0.04853369543763088,0.1215030699968338
2.2819999999999703,0.06786536256832588,17.206436157226562,0.11799811999258397,0.04765839551714209,0.12214101850986481
2.28399999999997,0.06786929804109629,17.204788208007812,0.11871673999825735,0.04678565902104512,0.1227688193321228
2.28599999999997,0.06787348845133853,17.203643798828125,0.11942112353931379,0.04591566273632962,0.12338683009147644
2.2879999999999696,0.06787794621343439,17.202743530273438,0.12011133227159645,0.04504858478365075,0.12399563938379288
2.2899999999999694,0.0678826833688325,17.201976776123047,0.12078751275827777,0.04418447760409432,0.12459585070610046
2.291999999999969,0.06788771181379838,17.201810836791992,0.12144980212851444,0.04332319240180094,0.1251877099275589
2.293999999999969,0.06789304380348009,17.202110290527344,0.1220980385939158,0.04246464348148684,0.12577123939990997
2.2959999999999687,0.06789869155191772,17.202728271484375,0.12273160743757346,0.04160881578588418,0.12634608149528503
2.2979999999999685,0.0679046668336759,17.203670501708984,0.12334990414875553,0.04075582272089702,0.1269114762544632
2.2999999999999683,0.0679109717391017,17.20477294921875,0.12395235501066203,0.03990581260331178,0.1274668574333191
2.301999999999968,0.06791760846006005,17.205888748168945,0.12453880560029151,0.03905896793245819,0.12801215052604675
2.303999999999968,0.06792457919875267,17.206886291503906,0.12510910559839253,0.03821530116422181,0.12854714691638947
2.3059999999999676,0.06793188614437082,17.207969665527344,0.1256631073807106,0.03737485427652244,0.1290716826915741
2.3079999999999674,0.06793953140529858,17.209152221679688,0.12620066704959176,0.03653769334689557,0.12958566844463348
2.309999999999967,0.06794751698052053,17.210407257080078,0.12672164377576295,0.03570391207137785,0.1300887018442154
2.311999999999967,0.067955844706351,17.211727142333984,0.12722590045669444,0.03487362894951547,0.1305801123380661
2.3139999999999668,0.06796451622584819,17.21310806274414,0.12771330349910345,0.03404698954406956,0.1310601383447647
2.3159999999999665,0.06797353294436898,17.21457290649414,0.12818372331872038,0.03322416532608815,0.1315280944108963
2.3179999999999663,0.06798289599808079,17.21609878540039,0.12863703439996704,0.03240535545705743,0.1319836527109146
2.319999999999966,0.0679925646282548,17.21768569946289,0.12907311575705324,0.03159078679966603,0.13242632150650024
2.321999999999966,0.06800221882064075,17.21933937072754,0.12949185119006593,0.030780715697774446,0.13285580277442932
2.3239999999999656,0.06801177581141822,17.221054077148438,0.1298931297803207,0.02997542892322505,0.1332715004682541
2.3259999999999654,0.06802121727245422,17.223003387451172,0.13027684631113454,0.029175245770451844,0.13367320597171783
2.327999999999965,0.0680305257288432,17.22517204284668,0.1306429018501377,0.02838051987043162,0.1340600997209549
2.329999999999965,0.06803968455055286,17.227375030517578,0.13099120433484499,0.02759164184173919,0.1344320923089981
2.3319999999999648,0.0680486779428896,17.229656219482422,0.13132190038719577,0.026809042005347634,0.13478843867778778
2.3339999999999645,0.0680574909385461,17.231765747070312,0.1316370161527401,0.026033193804078626,0.13512888550758362
2.3359999999999643,0.06806610938962294,17.23380470275879,0.13193662346605925,0.02526461751843618,0.1354530304670334
2.337999999999964,0.0680745199611921,17.236034393310547,0.13222023218856477,0.024503884654625385,0.13576044142246246
2.339999999999964,0.06808271012568634,17.238380432128906,0.13248739232634082,0.02375162279593388,0.1360505372285843
2.3419999999999637,0.06809066815907286,17.240875244140625,0.13273769462083296,0.023008521138729053,0.1363232284784317
2.3439999999999634,0.06809907320697979,17.2432804107666,0.13297077135690974,0.022275336601308062,0.13657799363136292
2.3459999999999632,0.06810714893870196,17.33313751220703,0.1330797653753481,0.021552900618613473,0.13670453429222107
2.347999999999963,0.06811484315792167,17.356670379638672,0.13317316475000254,0.02087373699635821,0.13681255280971527
2.349999999999963,0.06812217674139215,17.327884674072266,0.13324951411774658,0.020219555731452052,0.13690239191055298
2.3519999999999626,0.06812912282031262,17.310047149658203,0.13330907268694125,0.019583519741617046,0.13697314262390137
2.3539999999999623,0.06813568977169074,17.30660629272461,0.13335105654748391,0.018972213559260202,0.1370248645544052
2.355999999999962,0.06814125251775353,17.293149948120117,0.13337554761851864,0.018382479446132017,0.1370573341846466
2.357999999999962,0.06814652565823744,10.942468643188477,0.13327188165560858,0.017818633898497933,0.13694578409194946
2.3599999999999617,0.06815158839575991,16.830970764160156,0.1331508331378035,0.01738863713576581,0.13681769371032715
2.3619999999999615,0.06815637081772087,17.392541885375977,0.13301501971389035,0.01697571652587951,0.1366715282201767
2.3639999999999612,0.06816090229504408,17.281970977783203,0.13286317387814223,0.016609238939365806,0.13650928437709808
2.365999999999961,0.06816515479669408,17.44134521484375,0.1326967916731366,0.0162677443904697,0.13633012771606445
2.367999999999961,0.06816913733020595,17.32162094116211,0.13251396343666547,0.01596884568790689,0.13613556325435638
2.3699999999999606,0.0681728426143736,17.31717300415039,0.13231548693197062,0.015699990592243855,0.13592517375946045
2.3719999999999604,0.06817627430003582,17.302913665771484,0.1321013063682861,0.015471080059721282,0.1357002556324005
2.37399999999996,0.06817943537110589,17.27934455871582,0.13187253058514717,0.01527505808725144,0.13546082377433777
2.37599999999996,0.06818233031749134,17.274639129638672,0.13162923990263248,0.015117076882907364,0.13520735502243042
2.3779999999999597,0.06818496763759024,17.258499145507812,0.1313723329046615,0.014992997208238145,0.13494059443473816
2.3799999999999595,0.06818735452914416,17.250965118408203,0.13110198044188867,0.014905162173541117,0.1346607357263565
2.3819999999999593,0.0681895026606119,17.242462158203125,0.1308188801513798,0.014850824907511296,0.13436822593212128
2.383999999999959,0.06819142191800377,17.237031936645508,0.13052323358559012,0.014830619419231389,0.13406331837177277
2.385999999999959,0.06819339221185218,17.23157501220703,0.13021555946080304,0.014842392703569122,0.13374647498130798
2.3879999999999586,0.06819517979401915,17.268142700195312,0.1298486370803358,0.014885728342549316,0.13336001336574554
2.3899999999999584,0.06819603819999352,17.261123657226562,0.12947169701010236,0.015058744796158506,0.13296270370483398
2.391999999999958,0.06819688739170665,11.394396781921387,0.12914853097633275,0.01525868900274998,0.13262933492660522
2.393999999999958,0.06819783154926298,16.719892501831055,0.12881089414539423,0.01539952808865958,0.1322852373123169
2.3959999999999577,0.06819881089361167,-8.691421508789062,0.12844828247966653,0.015544939898210819,0.13190647959709167
2.3979999999999575,0.06819961037892354,16.077482223510742,0.12810578839456924,0.015758428799801622,0.13155770301818848
2.3999999999999573,0.06820036972200402,12.2725830078125,0.12775863489642264,0.015999317064721855,0.1311986744403839
2.401999999999957,0.068200909846632,16.932247161865234,0.12739930643236738,0.016270101287454566,0.13082881271839142
2.403999999999957,0.06820137700122582,17.22165298461914,0.1270011795662924,0.01654161983785536,0.13041405379772186
2.4059999999999566,0.06820179731633119,17.198204040527344,0.12659676172130555,0.01679656933774131,0.12998946011066437
2.4079999999999564,0.06820215397714942,17.195499420166016,0.12618538628349676,0.017065443559577516,0.12955504655838013
2.409999999999956,0.06820244253831881,17.17730712890625,0.12576836372892017,0.017342913743776053,0.12911134958267212
2.411999999999956,0.06820265566475626,17.171419143676758,0.12534556098696922,0.017629941839017303,0.12865862250328064
2.4139999999999557,0.06820280327873282,17.163349151611328,0.12491786154193188,0.017923304372856497,0.12819702923297882
2.4159999999999555,0.06820288325312898,17.159671783447266,0.12448541604731023,0.018223128761586594,0.12772683799266815
2.4179999999999553,0.06820290182599281,17.15483856201172,0.12404889836778843,0.018527392826051002,0.12724848091602325
2.419999999999955,0.0682028585810244,17.151657104492188,0.12360861740353395,0.01883587370735673,0.12676192820072174
2.421999999999955,0.06820275764303904,17.147680282592773,0.12316515347737093,0.019147252460845626,0.12626759707927704
2.4239999999999546,0.06820259945836517,17.14558982849121,0.12271891130193992,0.019461186625170834,0.12576545774936676
2.4259999999999544,0.0682023869337336,17.142335891723633,0.1222704393677373,0.019776781525955113,0.1252560317516327
2.427999999999954,0.06820212094009724,17.14018440246582,0.1218202072511705,0.02009367976360102,0.1247391626238823
2.429999999999954,0.06820180367869987,17.137304306030273,0.12136876397202083,0.02041125139346349,0.12421541661024094
2.4319999999999538,0.06820143622267635,17.135135650634766,0.1209158279908137,0.02072916735096445,0.12368499487638474
2.4339999999999535,0.06820102036278945,17.13247299194336,0.12045972651846193,0.021046968861808204,0.12314768880605698
2.4359999999999533,0.06820060557570454,17.130277633666992,0.12000058434805524,0.021364369451219344,0.12260420620441437
2.437999999999953,0.06819998450025555,16.03563690185547,0.11955272349850209,0.021681025042801484,0.12206906825304031
2.439999999999953,0.06819935211702244,12.260400772094727,0.11910508921231143,0.022002215349318368,0.12153303623199463
2.4419999999999527,0.06819856621334294,16.885648727416992,0.11865376441375712,0.02233661096126938,0.1209866926074028
2.4439999999999524,0.06819774433932728,17.35158348083496,0.11820192908448149,0.02266219863274587,0.12043795734643936
2.493999999999947,0.06809217185366011,17.073087692260742,0.11864454478136423,0.038611297004306294,0.12048569321632385
2.4959999999999467,0.06808162183374075,16.95989418029785,0.11918409441409093,0.039841874477805864,0.12108422815799713
2.4979999999999465,0.06807166026085965,17.389225006103516,0.11971520051348682,0.04108400443554277,0.12167397886514664
2.4999999999999463,0.06806218083566175,17.12909698486328,0.1202367579700101,0.04234303768493728,0.12225261330604553
2.501999999999946,0.0680532200878718,17.168262481689453,0.12075095381858965,0.043602819566042894,0.122823067009449
2.503999999999946,0.06804613471965512,17.111637115478516,0.12125658403298331,0.04487031989228744,0.12338455021381378
2.5059999999999456,0.06803934628528643,17.09740447998047,0.12175001911309632,0.04613580579811678,0.123952716588974
2.5079999999999454,0.068032813135581,17.08861541748047,0.12222627807613613,0.04737178626557943,0.12451282888650894
2.509999999999945,0.06802654923553784,17.05164909362793,0.12268639028940252,0.04859828329385831,0.1250651776790619
2.511999999999945,0.06802052893173566,17.05499267578125,0.12313005012966052,0.04981805874067101,0.12561017274856567
2.5139999999999447,0.0680147547169194,17.03289031982422,0.12355812482838133,0.05102736622819907,0.12614886462688446
2.5159999999999445,0.0680092093578965,17.030494689941406,0.12397045549902241,0.05222750697177168,0.12668070197105408
2.5179999999999443,0.06800388992644439,17.020320892333984,0.12437374985307503,0.053416288203792954,0.12720642983913422
2.519999999999944,0.06799878380240013,17.01792335510254,0.12477277084329255,0.05459426089999449,0.12772613763809204
2.521999999999944,0.06799388570558083,17.01084327697754,0.12516640980267646,0.0557601072446407,0.12824004888534546
2.5239999999999436,0.0679891857027176,17.008100509643555,0.12555279019050705,0.056914003066101476,0.12874802947044373
2.5259999999999434,0.06798467769609357,17.002655029296875,0.12593570175366575,0.05805512897714836,0.12925046682357788
2.527999999999943,0.06798035344771787,16.999481201171875,0.12631525614049108,0.05918348106370173,0.12974733114242554
2.529999999999943,0.06797620678746157,16.995182037353516,0.1266916779309754,0.06029852842249881,0.13023866713047028
2.5319999999999427,0.06797223064352462,16.992084503173828,0.12706506009324411,0.061400187439288455,0.13072443008422852
2.5339999999999425,0.06796841911360098,16.988399505615234,0.1274355416939804,0.062488097706831974,0.1312047690153122
2.5359999999999423,0.0679647659918743,16.98527717590332,0.127803187183738,0.06356214587043219,0.13167928159236908
2.537999999999942,0.06796126577798771,16.981952667236328,0.1281680754453516,0.06462207498207134,0.13214834034442902
2.539999999999942,0.06795791294615813,16.97894859313965,0.12853024072973568,0.06566776594227063,0.1326116919517517
2.5419999999999416,0.06795409730955354,16.975862503051758,0.12888971735287924,0.06669902663025512,0.13306976854801178
2.5439999999999414,0.0679504759456194,17.285274505615234,0.12925898920478132,0.06771574297337048,0.13352510333061218
2.545999999999941,0.06794701075611373,17.040515899658203,0.12962525047890913,0.06871623690244064,0.1339743733406067
2.547999999999941,0.06794372010013451,17.067190170288086,0.12998428315775906,0.06970422200047308,0.1344192922115326
2.5499999999999408,0.06794058353211568,17.023298263549805,0.1303296542678849,0.07068791536374425,0.1348581463098526
2.5519999999999405,0.06793760669925271,16.991056442260742,0.1306630811543474,0.07165982723713939,0.13529269397258759
2.5539999999999403,0.06793649706435317,16.994844436645508,0.1309840312467737,0.07262413046240987,0.13572140038013458
2.55599999999994,0.06793539411451674,16.9304141998291,0.1313180398635763,0.07357657786217749,0.1361839473247528
2.55799999999994,0.0679343007823383,16.927560806274414,0.13164900125065213,0.0744754950799225,0.13664071261882782
2.5599999999999397,0.06793321815275244,16.92833709716797,0.1319767043887343,0.07535563960298688,0.13709159195423126
2.5619999999999394,0.06793214850275023,16.92683982849121,0.1323012248914394,0.07621689175510638,0.1375371664762497
2.563999999999939,0.06793109315087695,16.927021026611328,0.13262241509129005,0.07705987188346146,0.13797754049301147
2.565999999999939,0.06792924740526106,16.925989151000977,0.13294027063277192,0.07788460040177217,0.1384131908416748
2.5679999999999388,0.06792748408983687,16.962459564208984,0.13325864604694096,0.07869148825510688,0.13883724808692932
2.5699999999999386,0.06792580429512866,16.95631980895996,0.1335720979646842,0.07947256869483578,0.1392562836408615
2.5719999999999383,0.0679242068828308,16.955900192260742,0.13388051113059093,0.08023649847534033,0.13967034220695496
2.573999999999938,0.06792269134674206,16.952537536621094,0.134184091527206,0.08098283263761945,0.13960130512714386
2.575999999999938,0.06792125607515448,16.951656341552734,0.13448277487285434,0.08171216788147671,0.13927963376045227
2.5779999999999377,0.06791989960497463,16.94898223876953,0.1347766537532411,0.08242431593341105,0.13896526396274567
2.5799999999999375,0.0679185428422833,16.948040008544922,0.13469507084509647,0.08311964327414266,0.13866743445396423
2.5819999999999372,0.06791722948015995,16.442371368408203,0.1344019464609601,0.08379808919569409,0.1401108056306839
2.583999999999937,0.0679159716044255,17.359664916992188,0.13411138117727167,0.08448488717373338,0.13991954922676086
2.585999999999937,0.0679147645584467,16.939231872558594,0.1338331573418162,0.08516818517220533,0.13971853256225586
2.5879999999999366,0.06791361079238614,17.1824951171875,0.1335603878584774,0.08582936438660631,0.13954100012779236
2.5899999999999364,0.0679125099139796,16.991504669189453,0.13329873851968066,0.08648223202486577,0.13936969637870789
2.591999999999936,0.0679114605708822,16.99449920654297,0.1330440635757586,0.08711600400542897,0.13921098411083221
2.593999999999936,0.06791046322150494,16.973628997802734,0.13279938463515978,0.08773829057040274,0.1390632838010788
2.5959999999999357,0.06790951532199686,16.94300079345703,0.13256246952956385,0.08834314038027197,0.13892428576946259
2.5979999999999355,0.06790861701628975,16.949264526367188,0.13233492501576335,0.08893458247253579,0.13879697024822235
2.5999999999999353,0.06790776554978456,16.928272247314453,0.13211554186245897,0.08950937226285137,0.13867712020874023
2.601999999999935,0.06790696050080199,16.927875518798828,0.13190516669403302,0.09006962886081844,0.13856801390647888
2.603999999999935,0.06790619923340203,16.919553756713867,0.1317031365089904,0.09061357156314404,0.13846655189990997
2.6059999999999346,0.06790548083000979,16.91899871826172,0.13150988911218486,0.09114230441343496,0.13837440311908722
2.6079999999999344,0.06790480285509172,16.913803100585938,0.13132505277993767,0.09165484186599442,0.13828997313976288
2.609999999999934,0.0679041640453274,16.913429260253906,0.13114884512374442,0.09215175162392227,0.13821376860141754
2.611999999999934,0.0679035621654042,16.9100341796875,0.130981049487423,0.09263248302593406,0.1381451040506363
2.6139999999999337,0.06790299574963769,16.909000396728516,0.13082176467898352,0.09309732319189183,0.1380845159292221
2.6159999999999335,0.06790312159768283,16.90641212463379,0.13067085644956233,0.0935459618762313,0.13803072273731232
2.6179999999999333,0.06790325695492222,16.777637481689453,0.13039663532160506,0.09397854195861124,0.13597334921360016
2.619999999999933,0.067903376527699,17.173641204833984,0.13012921051728835,0.09437097849968126,0.13565827906131744
2.621999999999933,0.06790350133393579,16.938884735107422,0.12987527866670595,0.09474490380865702,0.13564741611480713
2.6239999999999326,0.06790361772506778,16.993762969970703,0.12962944593129982,0.0950881571685325,0.13541896641254425
2.6259999999999324,0.06790373718125756,16.948022842407227,0.12939542538922696,0.0954119158323926,0.1353515237569809
2.627999999999932,0.06790385279636825,16.919227600097656,0.1291702386590325,0.09570951564529745,0.13517798483371735
2.629999999999932,0.06790397084996493,16.93320655822754,0.12895581859468774,0.09598734541152122,0.13508671522140503
2.6319999999999317,0.06790408793047967,16.908037185668945,0.1287505180996971,0.09624205569281051,0.1349465250968933
2.6339999999999315,0.06790420753097191,16.914278030395508,0.12855532247705725,0.09647732527439522,0.13484996557235718
2.6359999999999313,0.06790432803678773,16.904747009277344,0.12836930159444992,0.09669155373794801,0.13473275303840637
2.637999999999931,0.06790445143744162,16.908447265625,0.12819293760257397,0.09688691669705508,0.13464000821113586
2.639999999999931,0.06790430740046922,16.90460968017578,0.12802568799425906,0.09706272416742119,0.13454093039035797
2.6419999999999306,0.06790418961646168,16.64207649230957,0.1279534741887809,0.09722030915847106,0.1356046497821808
2.6439999999999304,0.06790407044541047,17.219837188720703,0.12788412991962878,0.09740763542754273,0.1355525255203247
2.64599999999993,0.06790397097395744,16.914819717407227,0.12782541041177167,0.09758969052374525,0.1355474889278412
2.64799999999993,0.06790387515335422,17.019744873046875,0.12777139161430714,0.0977506577229614,0.13551656901836395
2.6499999999999297,0.06790379476956354,16.93630599975586,0.1277264787018195,0.09790244947745104,0.1355142742395401
2.6519999999999295,0.06790372104199603,16.91505241394043,0.1276874456921282,0.0980360070030455,0.13550129532814026
2.6539999999999293,0.06790366048021658,16.91661834716797,0.12765666243520465,0.09815782745646376,0.13550646603107452
2.655999999999929,0.06790360834962066,16.886775970458984,0.12763239130934695,0.09826300946026678,0.1355091631412506
2.657999999999929,0.06790356826894597,16.89345932006836,0.12761590328771472,0.09835505214212713,0.13552437722682953
2.6599999999999286,0.06790353774263862,16.878599166870117,0.12760625922570046,0.0984313130870733,0.1355414092540741
2.6619999999999284,0.06790351882023475,16.881351470947266,0.12760413808398607,0.0984936833858382,0.13556812703609467
2.663999999999928,0.06790351024522087,16.8753662109375,0.12760902895633908,0.09854074636499643,0.1355985701084137
2.665999999999928,0.06790351322601886,16.87775421142578,0.12762129143670145,0.09857353311975037,0.13563726842403412
2.6679999999999278,0.06790352719495023,16.874656677246094,0.12764064416604287,0.09859129435551268,0.13566455245018005
2.6699999999999275,0.06790328065413323,16.87657356262207,0.1276672741993849,0.098594603414448,0.13569435477256775
2.6719999999999273,0.06790307967539408,15.227642059326172,0.1277332592339284,0.0985830763432915,0.13577285408973694
2.673999999999927,0.0679028674764926,12.434331893920898,0.12779769230768734,0.09857053856369118,0.13588373363018036
2.675999999999927,0.06790268925542194,16.529870986938477,0.12787506824116332,0.09856509295706693,0.13599660992622375
2.6779999999999267,0.06790251035357736,17.250568389892578,0.1279541873983718,0.0985366798759899,0.13611124455928802
2.6799999999999264,0.06790235796460431,16.88591766357422,0.12804360445946997,0.0985077697746714,0.1362418383359909
2.681999999999926,0.06790221172209156,17.062583923339844,0.12813680705332167,0.09846057279842806,0.13637763261795044
2.683999999999926,0.06790211949537853,16.93050193786621,0.128238714615965,0.09840802319967991,0.13652651011943817
2.685999999999926,0.06790202915687917,-8.217720985412598,0.12832126551324516,0.09833982463571236,0.1366443932056427
2.6879999999999256,0.06790199372302404,15.270915031433105,0.12840736082521828,0.0982594006783591,0.13677147030830383
2.6899999999999253,0.06790195107754507,12.564704895019531,0.1284924904994693,0.09814479818210829,0.13689576089382172
2.691999999999925,0.06790194853689552,16.562299728393555,0.12859079047541044,0.09803494517502616,0.1370406448841095
2.693999999999925,0.06790194959702688,17.216949462890625,0.1286912983643318,0.09790102241452446,0.13718795776367188
2.6959999999999247,0.06790198172715725,16.88689422607422,0.12880234010692163,0.09776495033250526,0.1373513787984848
2.6979999999999245,0.0679020243072576,17.03777503967285,0.1289175464781293,0.09760972173143767,0.1375206559896469
2.6999999999999242,0.06790209244344025,16.924774169921875,0.12904169083086536,0.09744801404503647,0.13770335912704468
2.701999999999924,0.06790191795799327,16.911518096923828,0.1291712650199792,0.09727004111848818,0.13789410889148712
2.703999999999924,0.06790177676072488,16.933473587036133,0.12934464884616845,0.09708275051509312,0.1381513923406601
2.7059999999999236,0.06790166140927704,16.900423049926758,0.12952386437081098,0.0968351909361308,0.1384172886610031
2.7079999999999234,0.06790157411200051,16.904924392700195,0.12971018465991044,0.09658096312146078,0.13869349658489227
2.709999999999923,0.06790151054454374,16.88809585571289,0.12990273327286547,0.09631706302186319,0.13897854089736938
2.711999999999923,0.06790147176337279,16.88958740234375,0.13010220474240036,0.0960448466209756,0.1392737627029419
2.7139999999999227,0.06790145534059418,16.881086349487305,0.1303081310311428,0.0957625837776599,0.13957823812961578
2.7159999999999225,0.06790146184314345,16.88196563720703,0.13052089156492913,0.09547090371795972,0.13989263772964478
2.7179999999999223,0.0679013013960475,16.877140045166016,0.13074023654202566,0.0951687946443233,0.14021643996238708
2.719999999999922,0.06790176916623188,16.81395721435547,0.13099856774063995,0.09485652701781104,0.1405964195728302
2.721999999999922,0.06790225274650802,15.702683448791504,0.13122876780445894,0.09446827487101264,0.1409374624490738
2.7239999999999216,0.06790278883637466,16.79693031311035,0.13147146073893787,0.09413222536342727,0.1412971168756485
2.7259999999999214,0.06790335135087215,17.080785751342773,0.13171788832930587,0.09376984603102655,0.1416616439819336
2.727999999999921,0.06790395947951743,16.893577575683594,0.13197456495775423,0.09339861313468004,0.14204111695289612
2.729999999999921,0.06790460007973882,16.939455032348633,0.13223647052391035,0.09300618924749728,0.14242763817310333
2.7319999999999207,0.06790528275023808,16.90103530883789,0.13250726893599987,0.0926026943743108,0.14282672107219696
2.7339999999999205,0.0679060013295015,16.875051498413086,0.13278420882155242,0.09218129567090019,0.14323456585407257
2.7359999999999203,0.06790676062599799,16.889202117919922,0.13306925899885666,0.0917476428255377,0.14365360140800476
2.73799999999992,0.06790755791162648,16.86471176147461,0.13336092024852897,0.09129818083511029,0.14408184587955475
2.73999999999992,0.06790839567165591,16.873422622680664,0.13366024573608232,0.0908360815193143,0.1445205807685852
2.7419999999999196,0.06790927285009271,16.863630294799805,0.13366894052572686,0.09035954738831821,0.1449688822031021
2.7439999999999194,0.06791019081957848,16.87004852294922,0.1333362730848283,0.0898704036158191,0.14536049962043762
2.745999999999919,0.06791114932688835,16.866180419921875,0.1329968253823051,0.0893677919425441,0.14574210345745087
2.747999999999919,0.06791214921873599,16.871244430541992,0.1326503382478142,0.08885280345726021,0.14548823237419128
2.7499999999999187,0.06791319061824526,16.87021255493164,0.1322970545980706,0.08832507948205871,0.14503814280033112
2.7519999999999185,0.0679142741256138,16.874094009399414,0.13193685827499818,0.08778530916773468,0.14457547664642334
2.7539999999999183,0.06791540003239664,16.87441062927246,0.13156988399618175,0.08723339777314942,0.1440984606742859
2.755999999999918,0.06791656882195037,16.87735366821289,0.13119608699302385,0.0866698130008391,0.14360922574996948
2.757999999999918,0.0679177808533329,16.878393173217773,0.1308155462667728,0.08609459818185758,0.14310579001903534
2.7599999999999176,0.06791903655083487,16.880773544311523,0.13042825202465347,0.08550809797752441,0.1425902098417282
2.7619999999999174,0.06792033629206451,16.882122039794922,0.1300342552443979,0.0849104269048952,0.1420615315437317
2.763999999999917,0.06792148349522459,16.884336471557617,0.1296346323352641,0.08430186050641782,0.14151999354362488
2.765999999999917,0.06792266328949875,16.93992805480957,0.12926050709255874,0.08368254921202702,0.14084887504577637
2.7679999999999167,0.0679238775284557,16.910964965820312,0.12888139868044396,0.083125022493037,0.14030031859874725
2.7699999999999165,0.06792512745396985,16.924510955810547,0.1284966665777081,0.08255084746199237,0.13975946605205536
2.7719999999999163,0.06792641490562058,16.90858268737793,0.12810730454798425,0.08195828168040994,0.1391899287700653
2.773999999999916,0.06792774085668384,16.916749954223633,0.1277130918564093,0.08135028757469617,0.1386193186044693
2.775999999999916,0.06792910694490245,16.91147804260254,0.1273147227071751,0.08072623031385562,0.13802780210971832
2.7779999999999156,0.06793051403531496,16.91800308227539,0.12691221332149086,0.0800879917860455,0.1374308317899704
2.7799999999999154,0.0679319635296481,16.916488647460938,0.1265060919042809,0.07943549243523715,0.13681736588478088
2.781999999999915,0.06793275672324682,16.92189598083496,0.12609650884637832,0.0787699921132141,0.13619676232337952
2.783999999999915,0.0679335753181704,17.009939193725586,0.12575990054209668,0.078091676372893,0.13552485406398773
2.7859999999999148,0.06793442855868748,17.071643829345703,0.1254202572869309,0.07734654389724689,0.13487379252910614
2.7879999999999145,0.06793531197926855,17.02507209777832,0.12507478692311422,0.07659921158161392,0.13433778285980225
2.7899999999999143,0.06793623187111622,16.998577117919922,0.12472631988900129,0.07584158989200163,0.13370220363140106
2.791999999999914,0.06793718576058562,17.01219940185547,0.124373497592531,0.07507974058210355,0.13312597572803497
2.793999999999914,0.06793817796762522,16.98307228088379,0.12401807746712917,0.07430939612669449,0.13249251246452332
2.7959999999999137,0.06793920731008747,16.993484497070312,0.12365949316136125,0.07353387530035657,0.1318884789943695
2.7979999999999134,0.06794027682347183,16.97983741760254,0.12329890532797427,0.07275096269566053,0.13125044107437134
2.7999999999999132,0.06794138613908106,16.986722946166992,0.12293618432356956,0.071962510024732,0.1306261271238327
2.801999999999913,0.06794253746884783,16.980880737304688,0.12257215752460081,0.07116740422806131,0.12998166680335999
2.803999999999913,0.06794373094257714,16.98586654663086,0.122206934760882,0.07036671291238321,0.12934251129627228
2.8059999999999126,0.06794496824869455,16.983478546142578,0.12184115577181777,0.06955991565532024,0.1286907196044922
2.8079999999999123,0.06794624981325277,16.98721694946289,0.12147506022908543,0.0687476614532052,0.12804050743579865
2.809999999999912,0.06794935731707047,16.98654556274414,0.12110918055604918,0.06792974893977097,0.12738218903541565
2.811999999999912,0.06795257710673222,14.649711608886719,0.12068859584725625,0.06710660406860604,0.12402677536010742
2.8139999999999117,0.06795586175053536,16.845142364501953,0.12026018556656332,0.06630998716763019,0.12362117320299149
2.8159999999999115,0.06795924587893135,17.099008560180664,0.11983169247473993,0.06549008579491157,0.12283054739236832
2.8179999999999112,0.06796269771577737,16.96714210510254,0.11939736678946791,0.06466554947722773,0.12231656163930893
2.819999999999911,0.06796623818551333,17.019495010375977,0.11896115750885151,0.06382390000459577,0.12158520519733429
2.821999999999911,0.06796984703521212,16.98627471923828,0.11852048912889604,0.06297611693534755,0.12100647389888763
2.8239999999999106,0.06797277714056864,16.96714973449707,0.1180822607657347,0.06211534597446654,0.12031000852584839
2.8259999999999104,0.06797571299175766,15.118563652038574,0.11768903808438536,0.06124784839790246,0.12040088325738907
2.8419999999999086,0.0679928687191404,17.07300567626953,0.11606180050302575,0.05536367385263034,0.12022647261619568
2.845999999999908,0.06799596769819156,17.057598114013672,0.11607425718286182,0.0543071191910345,0.12020380049943924
2.8499999999999077,0.06799885266809423,17.051523208618164,0.11616688414143729,0.053337449022382015,0.12028872221708298
2.8519999999999075,0.06800161252654702,17.046476364135742,0.11622340434121796,0.05290036901417632,0.12005201727151871
2.857999999999907,0.06800889251189811,17.052677154541016,0.11652235997421014,0.05152210647895457,0.12058069556951523
2.8599999999999066,0.06801139352637879,17.058578491210938,0.11667415904333808,0.05113219527713339,0.1204226091504097
2.8619999999999064,0.06801398392901978,17.053489685058594,0.11682609995976104,0.05073435701329897,0.12026432901620865
2.863999999999906,0.06801665896527445,17.058019638061523,0.11697828471077101,0.0503296938086191,0.12011372298002243
2.8679999999999057,0.06802164086280697,17.065288543701172,0.11733731237892873,0.04949889726246422,0.12071376293897629
2.8699999999999055,0.06802426184158006,17.06583023071289,0.11754367246515843,0.04913403611035385,0.12060723453760147
2.8719999999999053,0.06802696688182547,17.067413330078125,0.11775047550859118,0.04876266131078138,0.12050499022006989
2.873999999999905,0.06802975441140165,17.068267822265625,0.1179579697285411,0.04838478220875355,0.12040698528289795
2.875999999999905,0.06803262247973584,17.06958770751953,0.11816634867028517,0.048000519264453284,0.12031280249357224
2.8779999999999046,0.06803556945684812,17.070642471313477,0.1183721748900893,0.04760991021649458,0.12022260576486588
2.8799999999999044,0.06803859350565088,17.072114944458008,0.11857627729333703,0.04721305269367167,0.12013618648052216
2.881999999999904,0.06804169297008787,17.07343864440918,0.11878200481548966,0.046809999976829136,0.12005387991666794
2.8859999999999038,0.068047475399402,17.082033157348633,0.11923142144236257,0.04598562816294995,0.12072369456291199
2.8879999999999035,0.06805047966381801,17.084373474121094,0.11946709692244518,0.045626793631417785,0.12068843841552734
2.8899999999999033,0.06805355727184337,17.08462905883789,0.11969299237073532,0.04526206538684674,0.12065716087818146
2.891999999999903,0.06805670581517446,17.086471557617188,0.11990917826021862,0.0448916136399134,0.12063019722700119
2.893999999999903,0.06805992390524954,17.08718490600586,0.12011575762730949,0.04451536800346976,0.12060780823230743
2.8959999999999027,0.06806320941012733,17.088809967041016,0.12031664635611107,0.04413344016512903,0.1205897331237793
2.8979999999999024,0.06806656076477739,17.08987808227539,0.12051843549694122,0.04374581371849241,0.12057600915431976
2.899999999999902,0.06806894012649387,17.09151840209961,0.12072123663488563,0.043352571363809024,0.12056711316108704
2.901999999999902,0.0680715266143511,8.17223072052002,0.1209169176071268,0.042953728082051106,0.12119833379983902
2.9039999999999018,0.06807409542402189,16.46980094909668,0.12111134669536999,0.04258458518441157,0.12123758345842361
2.9059999999999016,0.06807681449715765,17.266136169433594,0.12130922563085124,0.04219485394810741,0.121222585439682
2.9079999999999013,0.06807954981925289,17.07758331298828,0.12150666208991252,0.04181070660826185,0.12125606834888458
2.909999999999901,0.06808425757566283,17.25123405456543,0.12170674006974212,0.04141241059822505,0.12126252055168152
2.911999999999901,0.06808904804682503,17.21686553955078,0.12185900057127268,0.04101527002223633,0.12026648223400116
2.9139999999999007,0.06809372360443464,17.111125946044922,0.12201279953729553,0.040633772385253224,0.12024008482694626
2.9159999999999004,0.06809832511068806,17.1245174407959,0.12217003332665416,0.040239427564298505,0.12025336921215057
2.9179999999999002,0.06810280694201777,17.109399795532227,0.12232883546483055,0.03984107335440666,0.1202540323138237
2.9199999999999,0.0681071948505324,17.086994171142578,0.12249021395990761,0.03943252738388894,0.12028498947620392
2.9219999999999,0.06811136480106608,17.0969295501709,0.12265294742479317,0.03901866675445307,0.12031543999910355
2.9319999999998987,0.06812696245035552,17.104537963867188,0.12344700103167987,0.03744305099039192,0.12057963758707047
2.9339999999998985,0.06812965931390731,17.10980224609375,0.1236985804472119,0.03730293102268397,0.12078532576560974
2.9359999999998982,0.06813235743154557,17.089969635009766,0.12394878493367033,0.03715675944659114,0.1211107075214386
2.937999999999898,0.06813503993014872,17.091434478759766,0.12419666941398474,0.03700673756697385,0.12139273434877396
2.939999999999898,0.06813770993690689,17.082780838012695,0.12444212054443357,0.03685074574665943,0.12169720232486725
2.9419999999998976,0.06814035720187013,17.084667205810547,0.12467971041318926,0.03668991996937403,0.1219693273305893
2.9439999999998974,0.06814298225810372,17.080032348632812,0.12490787883509857,0.036523078493352894,0.12224950641393661
2.945999999999897,0.06814557872175112,17.081676483154297,0.1251261254885496,0.03635080217792349,0.12250986695289612
2.947999999999897,0.06814814606268255,17.07880401611328,0.12533428435382674,0.03617243011270649,0.12277107685804367
2.9499999999998967,0.06815068021918108,17.080081939697266,0.12553202761429202,0.03598825804564429,0.12301846593618393
2.9519999999998965,0.06815318033885125,17.079021453857422,0.12571918012037459,0.03579791784643943,0.12326284497976303
2.9539999999998963,0.06815564380036435,17.080257415771484,0.1258955156499839,0.035601562339993204,0.12349668145179749
2.955999999999896,0.06815806976584725,17.080013275146484,0.1260608779371846,0.03539899070566696,0.12372550368309021
2.957999999999896,0.06815991482598531,17.08098030090332,0.1262181863144661,0.03519028712476775,0.12394509464502335
2.9599999999998956,0.0681616748610664,16.09868812561035,0.1262993555825482,0.03497534849778718,0.12195896357297897
2.9619999999998954,0.06816216124382901,16.64469337463379,0.1263760821881412,0.03482779533433885,0.12217658758163452
2.963999999999895,0.06816249855275136,12.63325309753418,0.12639654641282655,0.03468910729098711,0.12278127670288086
2.965999999999895,0.06816276514176473,-8.422983169555664,0.12641355762945664,0.0345783097492073,0.12265230715274811
2.9679999999998947,0.0681629838978644,15.580057144165039,0.1264328582476796,0.0344893100758317,0.12243040651082993
2.9699999999998945,0.0681633504139719,12.09738826751709,0.1264473595685785,0.034380609406335985,0.12237785011529922
2.9719999999998943,0.06816371399165153,16.81649398803711,0.1264564374620503,0.03428355008522275,0.1223144680261612
2.973999999999894,0.06816418522730011,17.257991790771484,0.12646629696363648,0.03417065416684215,0.12227204442024231
2.975999999999894,0.06816467860521298,17.113048553466797,0.12647378516121618,0.03406242839153641,0.12220105528831482
2.9779999999998936,0.06816525351982344,17.208293914794922,0.1264805708991275,0.03394267910479872,0.1221567764878273
2.9799999999998934,0.0681658635563721,17.13364028930664,0.12648435561747823,0.03382314192307418,0.12208156287670135
2.981999999999893,0.06816653888044008,17.11714744567871,0.12648597746686407,0.03369450351291816,0.12202776968479156
2.983999999999893,0.06816805022754512,17.114303588867188,0.12648381803346834,0.03356307475198346,0.12194827944040298
2.9859999999998927,0.06816946285395259,15.351028442382812,0.1264285602710226,0.03342376673382233,0.12034739553928375
2.9879999999998925,0.06817095419954712,12.022933959960938,0.12637382984591114,0.033341911159659024,0.12020179629325867
2.9899999999998923,0.0681723879539927,16.74437713623047,0.12631206933241257,0.03326646504118149,0.1200413778424263
2.993999999999892,0.06817484497545725,17.06684112548828,0.12622052406576942,0.03307450391981386,0.12112917751073837
2.9959999999998916,0.06817608942868146,17.185771942138672,0.1261884406128384,0.03302113167415471,0.1210005059838295
2.9979999999998914,0.06817732129370896,17.09542465209961,0.12614873195732848,0.03296498757990524,0.12086954712867737
2.999999999999891,0.06817856768006567,17.083084106445312,0.12610307042479282,0.03289663312905215,0.12073624134063721
3.001999999999891,0.06817980698918248,17.07844352722168,0.12604923600601511,0.03282292933888217,0.12059145420789719
3.0039999999998908,0.06818130352407091,17.04967498779297,0.1259879827868185,0.03273875357892213,0.12044703215360641
3.00999999999989,0.06818475222795907,17.070388793945312,0.12579510819916948,0.03224436619456913,0.12081180512905121
3.01199999999989,0.06818463839051296,17.05221176147461,0.12575172601227327,0.032126238156169155,0.12072856724262238
3.0139999999998897,0.06818453833452744,15.680164337158203,0.12563537123040355,0.032006212620456616,0.12011213600635529
3.017999999999889,0.06818414908557062,16.74979591369629,0.12541103415344262,0.03158164770160424,0.12093715369701385
3.019999999999889,0.06818408981466806,17.19811248779297,0.12530033097555238,0.03142831973311563,0.1207604929804802
3.0219999999998888,0.06818408592389198,17.08062171936035,0.12517359273901313,0.03128593125092385,0.12057039141654968
3.0239999999998886,0.06818417399170061,17.17981719970703,0.12503460489549334,0.03113758768695197,0.12039047479629517
3.0259999999998883,0.06818432153227147,17.09971046447754,0.12488036073038605,0.030994598960347224,0.12018310278654099
3.029999999999888,0.06818433001473964,17.082653045654297,0.12457132987053374,0.030701146783042647,0.12083926051855087
3.0319999999998877,0.06818444187909221,17.050806045532227,0.12441594133273864,0.030611089685047995,0.12065065652132034
3.0339999999998875,0.06818461675611964,17.052753448486328,0.12424580622884224,0.030520558381107957,0.12044788897037506
3.0359999999998872,0.06818619024064558,17.034317016601562,0.12406129278845096,0.030426498284883478,0.12023957073688507
3.0439999999998864,0.06819016725981038,17.16867446899414,0.12339365539006021,0.030189012772634645,0.12038249522447586
3.045999999999886,0.06819103254479682,17.01640510559082,0.1232533227423407,0.03026361661242197,0.120280921459198
3.047999999999886,0.06819193352649762,17.171382904052734,0.12309985106536776,0.030326723591313765,0.12015721201896667
3.0499999999998857,0.06819284182691013,17.04989242553711,0.12293151677272933,0.030391093506175065,0.12002284079790115
3.0539999999998853,0.06819320022354737,17.04282569885254,0.1225942330660496,0.03049993588119554,0.12045653909444809
3.055999999999885,0.06819289676721331,17.19735336303711,0.12239655558618853,0.03060831592937042,0.12172907590866089
3.057999999999885,0.06819261438069055,17.063236236572266,0.12218397318255203,0.03076270883857491,0.12152361869812012
3.0599999999998846,0.06819389473181912,17.06252098083496,0.12195798506264705,0.03090950237752935,0.12120667845010757
3.0699999999998835,0.06819722322264592,17.04314422607422,0.12116713580114104,0.031956908698108015,0.12014980614185333
3.0719999999998833,0.06819766063333418,17.042966842651367,0.12104803103214339,0.032320727810152605,0.12009432911872864
3.073999999999883,0.0681980994801611,17.034420013427734,0.12091435615997319,0.032680639367614936,0.12006013095378876
3.0779999999998826,0.0681986110771638,17.0158748626709,0.12064654446671877,0.03337569662543253,0.1204124316573143
3.0799999999998824,0.06819887995365323,16.997501373291016,0.12051262563061149,0.033776802640735334,0.12033989280462265
3.081999999999882,0.06819915543273557,16.99953842163086,0.1203650920784516,0.03417168650557085,0.12026111781597137
3.083999999999882,0.06819943778265787,16.991323471069336,0.1202042723556373,0.03455868042027718,0.12015664577484131
3.0859999999998817,0.06819972548028709,16.992656707763672,0.12003018814471418,0.03493861164182657,0.12004108726978302
3.0899999999998813,0.06819994772075703,16.993038177490234,0.11968320898559102,0.035674785371636424,0.12026027590036392
3.091999999999881,0.06819963852949147,16.990692138671875,0.11951019764971037,0.036096706291362524,0.12013044208288193
3.093999999999881,0.06819933276350246,16.957534790039062,0.119274819132794,0.03651110994415688,0.1216811090707779
3.0959999999998806,0.06819903710238387,17.15676498413086,0.11902831463416819,0.037009049503331726,0.12142467498779297
3.0979999999998804,0.06819874444431895,17.023344039916992,0.1187685338740281,0.03750388669640917,0.12115569412708282
3.09999999999988,0.06819845625829492,17.022323608398438,0.118497279570597,0.037984914577224055,0.12087486684322357
3.10199999999988,0.06819816986358346,17.012502670288086,0.11821320982559945,0.03845969841154782,0.12058225274085999
3.1039999999998797,0.06819788499364296,16.978681564331055,0.11791744332228046,0.03892230393243482,0.12027805298566818
3.137999999999876,0.06816490928091291,16.987873077392578,0.11756182233868609,0.05396400497271263,0.12008116394281387
3.139999999999876,0.0681615503018978,16.984651565551758,0.11786040164552246,0.055420072933341356,0.12039729952812195
3.1419999999998756,0.06815817686413682,16.98043441772461,0.11815931839739471,0.056861660629469575,0.12070967257022858
3.1439999999998753,0.06815479266691969,16.97710418701172,0.11845900675071551,0.05828838871820604,0.1210179477930069
3.145999999999875,0.06815140117657582,16.973228454589844,0.11875991495469015,0.05969980559782444,0.12132265418767929
3.147999999999875,0.06814800579986544,16.969974517822266,0.11906247303174458,0.06109555959665178,0.12162364274263382
3.1499999999998747,0.06814460977811763,16.96650505065918,0.11936535081884049,0.06247526717178766,0.12192133069038391
3.1519999999998745,0.0681412162898083,16.963390350341797,0.11966594350079379,0.0638386045187694,0.1222153976559639
3.1539999999998742,0.06813782839335392,16.960224151611328,0.1199643602212721,0.06518523659555156,0.12250619381666183
3.155999999999874,0.06813444908802506,16.957298278808594,0.12026074104145418,0.06651486575012473,0.12279359996318817
3.157999999999874,0.06813108128377714,16.954334259033203,0.12055522218129791,0.06782719337589757,0.12307779490947723
3.1599999999998736,0.06812772783756534,16.951492309570312,0.12084793283813106,0.06912194563117119,0.12335873395204544
3.1619999999998734,0.06812439153784247,16.94866943359375,0.12113899718001267,0.07039885262987326,0.12363628298044205
3.163999999999873,0.06812111607244514,16.945947647094727,0.12142799600067268,0.07165766196822243,0.12391062825918198
3.165999999999873,0.06811796945300139,16.943241119384766,0.12170875648667591,0.0728981273599323,0.12418143451213837
3.1679999999998727,0.0681149498865171,16.940570831298828,0.12197941996421018,0.07412001568743934,0.12444864213466644
3.1699999999998725,0.06811205458257474,16.937908172607422,0.12223989671626267,0.07532310073976815,0.12471231073141098
3.1719999999998723,0.06810928084812257,16.935319900512695,0.12249010264786934,0.07650716683663983,0.12497221678495407
3.173999999999872,0.06810799258420384,16.9327449798584,0.12272995942121481,0.0776720053352523,0.12522797286510468
3.175999999999872,0.06810670158575118,16.984325408935547,0.1230140902766726,0.07881741645044199,0.12554997205734253
3.1779999999998716,0.06810541515085779,16.955791473388672,0.12328706128881574,0.07986871894344551,0.12586621940135956
3.1799999999998714,0.06810413554366666,16.96772003173828,0.12355134343672565,0.0808976271291131,0.12617453932762146
3.181999999999871,0.06810286869055604,16.945804595947266,0.12381209321692048,0.08190143059629452,0.12647606432437897
3.183999999999871,0.0681038917582477,16.950063705444336,0.12406892451294987,0.08288278303238525,0.12676948308944702
3.1859999999998707,0.068104847518945,12.09046459197998,0.12435570909221552,0.08384032107725194,0.12711423635482788
3.1879999999998705,0.06810572540091898,16.70271110534668,0.12463210150205303,0.08473809752044027,0.12744048237800598
3.1899999999998703,0.06810654727751675,17.112369537353516,0.12490498583046161,0.08559820934563923,0.127762570977211
3.19199999999987,0.06810731413255637,16.99724578857422,0.12517012118511534,0.08643892688164305,0.1280684918165207
3.19399999999987,0.06810803712757671,17.06021499633789,0.12543138762801706,0.08724784361373081,0.12836697697639465
3.1959999999998696,0.06810872127495493,17.012248992919922,0.12568662477425055,0.08803570315732459,0.12865066528320312
3.1979999999998694,0.0681093734288144,16.98675537109375,0.12593792763089998,0.08879558965771064,0.1289244294166565
3.199999999999869,0.06810999928794394,17.00042724609375,0.12618432291797946,0.08953352188738628,0.12918391823768616
3.201999999999869,0.0681106037651858,16.973613739013672,0.12642695107734384,0.09024592428224669,0.12943148612976074
3.2039999999998687,0.0681111921406366,16.982929229736328,0.12666541301974416,0.09093616677973905,0.12966476380825043
3.2059999999998685,0.06811176834540593,16.969709396362305,0.12690034672646744,0.09160244125888362,0.12992151081562042
3.2079999999998683,0.06811366786517889,16.975147247314453,0.1271316191891701,0.09224666231545352,0.130250483751297
3.209999999999868,0.06811551652529087,16.995601654052734,0.127381708863708,0.0928679477767441,0.13061870634555817
3.211999999999868,0.0681173234535743,17.00791358947754,0.1276275712946774,0.09340926904552065,0.13099156320095062
3.2139999999998676,0.06811909275441282,16.988813400268555,0.12786981236118314,0.0939305873380148,0.13136859238147736
3.2159999999998674,0.06812083192065645,16.993656158447266,0.128108209081753,0.09443394376126979,0.13174735009670258
3.217999999999867,0.06812342696141901,16.986108779907227,0.12834308355044674,0.09491775835935855,0.13212689757347107
3.219999999999867,0.06812598752548127,16.937807083129883,0.12859684035421626,0.0953831089604169,0.1325373500585556
3.2219999999998667,0.06812847430697577,17.132766723632812,0.12884770796072798,0.09587207498231497,0.13294798135757446
3.2239999999998665,0.06813089715241692,17.038230895996094,0.12909321328155676,0.09634557882527839,0.1333552747964859
3.2259999999998663,0.0681332443513991,17.05527687072754,0.12932797490414358,0.09679295736464291,0.13376133143901825
3.227999999999866,0.0681355347514013,17.043258666992188,0.1295488731554982,0.09722265958177306,0.1341644674539566
3.229999999999866,0.06813776378401583,17.015789031982422,0.12975684354825356,0.09762881362290649,0.13456586003303528
3.2319999999998656,0.06813994327075446,17.029523849487305,0.12995080604405757,0.09801603086795024,0.13496483862400055
3.2339999999998654,0.06814250188138703,17.009077072143555,0.13013148315511477,0.09838120819769286,0.13536259531974792
3.235999999999865,0.0681449990188064,17.0094051361084,0.1302985524150068,0.09872686425688325,0.13575990498065948
3.237999999999865,0.06814744378610021,17.022750854492188,0.13046146492846727,0.09908609446125324,0.13615626096725464
3.2399999999998648,0.0681498336199423,17.004261016845703,0.13062183232075913,0.099419866870776,0.13655249774456024
3.2419999999998645,0.06815217445858589,17.00986099243164,0.13077316758231203,0.09973090138261048,0.1369491070508957
3.2439999999998643,0.06815446588079692,17.003326416015625,0.13091944448838824,0.10001798769257642,0.137347012758255
3.245999999999864,0.06815671201124505,17.00787353515625,0.13106219047312298,0.10028272498775052,0.1377466470003128
3.247999999999864,0.068158913484005,17.005401611328125,0.13120164336946644,0.10052458459583001,0.13814926147460938
3.2499999999998637,0.06816123898644379,17.0094051361084,0.13133753553208974,0.10074453882188149,0.13855573534965515
3.2519999999998634,0.06816348033885407,17.025976181030273,0.13143524157015812,0.10094240531111358,0.13892941176891327
3.2539999999998632,0.06816565538278554,17.02084732055664,0.1315293485524345,0.10113470911235686,0.1393088847398758
3.255999999999863,0.06816775933332278,16.996061325073242,0.1316214099815418,0.10130454526955551,0.13969682157039642
3.257999999999863,0.06816980371618467,17.007343292236328,0.13171013651559108,0.10145601785171685,0.14009293913841248
3.2599999999998626,0.06817178719752938,16.990676879882812,0.13179626755501328,0.10158621662379003,0.14049910008907318
3.2619999999998623,0.06817371748355097,16.995264053344727,0.13187907651196604,0.10169737302608386,0.14091531932353973
3.263999999999862,0.06817559497331346,16.98904800415039,0.13195887863030756,0.1017879439765727,0.14134320616722107
3.265999999999862,0.0681774250143731,16.992826461791992,0.13203523197140474,0.10185915345922589,0.14178253710269928
3.2679999999998617,0.06817920878825472,16.99031639099121,0.13210459981078182,0.10191019511484582,0.14223439991474152
3.2699999999998615,0.06818095014105542,16.99368667602539,0.13216109400709058,0.10194175196283992,0.14269910752773285
3.2719999999998612,0.06818099777451468,16.992685317993164,0.13220477294599287,0.10195341557074634,0.14317680895328522
3.273999999999861,0.0681810727124268,17.039249420166016,0.13217886193967956,0.10194557961476668,0.14357450604438782
3.275999999999861,0.06818118925340193,17.020750045776367,0.13215168124672566,0.10197982916876744,0.14398592710494995
3.2779999999998606,0.06818306691448446,16.989940643310547,0.13212649890123507,0.10199597637117311,0.1444113701581955
3.2799999999998604,0.06818495066589064,-4.576633453369141,0.13219500212197507,0.10199801541240915,0.14445997774600983
3.28199999999986,0.06818551216009128,15.948583602905273,0.13227537323206282,0.10196132989647327,0.14537765085697174
3.28399999999986,0.0681858856070971,-8.366419792175293,0.13237538089312528,0.10191982616476632,0.14552050828933716
3.2859999999998597,0.06818634642856998,15.399608612060547,0.13248892778348842,0.10188259956041434,0.14641602337360382
3.2879999999998595,0.06818680477881545,11.972539901733398,0.132602161817166,0.10183806853706766,0.14682309329509735
3.2899999999998593,0.06818732987628673,16.756824493408203,0.1327037665242997,0.10178324766819612,0.14752373099327087
3.291999999999859,0.06818787087732905,17.13304901123047,0.13280224172802127,0.10169457110882914,0.1479988992214203
3.293999999999859,0.06818846576241555,17.067092895507812,0.13289108114751982,0.10159118756171694,0.14865683019161224
3.2959999999998586,0.06818908610818769,17.14260482788086,0.13297497719125514,0.10145939715449981,0.14917302131652832
3.2979999999998584,0.06818975128332472,17.087169647216797,0.13304985367416183,0.10131038372722345,0.14979611337184906
3.299999999999858,0.06819044597639852,17.070205688476562,0.13311226530887837,0.10113644773077791,0.15033158659934998
3.301999999999858,0.06819117958792767,17.076236724853516,0.1331581714697761,0.10094379680035973,0.15092124044895172
3.3039999999998577,0.06819194349978447,17.05465316772461,0.13318919097070026,0.10072840162317336,0.15145446360111237
3.3059999999998575,0.06819274188518624,17.059391021728516,0.13320430911867773,0.10049370906144509,0.15201058983802795
3.3079999999998573,0.06819356952528981,17.04819107055664,0.13321025404057663,0.10023765700183988,0.15252597630023956
3.309999999999857,0.06819442783062453,17.05016326904297,0.1332085286619958,0.09996219939631809,0.1530454456806183
3.311999999999857,0.0681953133004568,17.04555320739746,0.13319951856338674,0.09966632446794876,0.1535322368144989
3.3139999999998566,0.06819622587360773,17.04784393310547,0.13318263813158707,0.09935117706974145,0.1540105640888214
3.3159999999998564,0.0681971629133193,17.045570373535156,0.13315800148652346,0.09901630470256784,0.1544588804244995
3.317999999999856,0.0681981235699763,17.04762077331543,0.13312521364912663,0.09866241248953926,0.15489141643047333
3.319999999999856,0.06819910564098365,17.04658317565918,0.1330842471826537,0.09828934471771167,0.155294731259346
3.3219999999998557,0.06820010785527716,17.04796600341797,0.1330348082365887,0.09789756675434848,0.15567225217819214
3.3239999999998555,0.06820112823213405,17.04769515991211,0.1329767967419934,0.09748707976744991,0.15601469576358795
3.3259999999998553,0.06820216528035479,17.048730850219727,0.13290997386007197,0.09705821799571027,0.15632708370685577
3.327999999999855,0.06820321713997048,17.048768997192383,0.13283420374025492,0.09661106524621539,0.15660490095615387
3.329999999999855,0.06820486921054555,17.049577713012695,0.13274927904857228,0.09614588392193747,0.15685005486011505
3.3319999999998546,0.06820646840158674,11.766849517822266,0.13263474467400926,0.09566280133304181,0.15619038045406342
3.3339999999998544,0.06820806415604977,16.756723403930664,0.13250586237254522,0.09509743372598396,0.15658676624298096
3.335999999999854,0.06820961715605559,17.092247009277344,0.13237259461457368,0.09450713897895817,0.15656661987304688
3.337999999999854,0.06821115535856115,17.07187271118164,0.13222707428336591,0.09391112743893036,0.15680734813213348
3.3399999999998538,0.06821436001280748,17.14958953857422,0.13207484272505002,0.09329476557261575,0.15678656101226807
3.3419999999998535,0.06821738535101772,16.961971282958984,0.13193322863586504,0.09266917813380468,0.14959770441055298
3.3439999999998533,0.06822020899553444,17.147327423095703,0.1317831977611171,0.09199389328132151,0.14929302036762238
3.345999999999853,0.06822286203721727,17.134157180786133,0.13161853711259072,0.09130609307491869,0.14744700491428375
3.347999999999853,0.0682253351590145,17.159257888793945,0.13144369096081374,0.09059404452246748,0.1493464708328247
3.3499999999998527,0.06822764726592254,17.15306854248047,0.1312521715164527,0.08986795641111661,0.1454397290945053
3.3519999999998524,0.0682297963978174,17.128826141357422,0.1310460612419406,0.08912135379223779,0.14463688433170319
3.353999999999852,0.06823179472362903,17.14406967163086,0.13082334659054923,0.0883600229715358,0.143330916762352
3.355999999999852,0.06823364376133745,17.124122619628906,0.13058576166532462,0.08758067250618805,0.14273875951766968
3.3579999999998518,0.06823535199175756,17.132293701171875,0.13033221459510222,0.08678660987163685,0.1418600231409073
3.3599999999998515,0.068236922461786,17.124248504638672,0.13006634827016023,0.08597623917445384,0.14126576483249664
3.3619999999998513,0.06823836157286445,17.131011962890625,0.12978886207461646,0.08515151154895285,0.1405392587184906
3.363999999999851,0.06823967294392534,17.12897491455078,0.12950030353205927,0.08431172811666544,0.13994453847408295
3.365999999999851,0.0682407697548825,17.134592056274414,0.1292002933587829,0.083458093650404,0.1393091231584549
3.3679999999998507,0.06824179099294389,15.809036254882812,0.12890288525200208,0.08259037929036017,0.14645709097385406
3.3699999999998504,0.06824270187564575,11.730865478515625,0.12860303721541275,0.08166339824642097,0.14525680243968964
3.3719999999998502,0.06824353044246903,16.89853286743164,0.12828510137450727,0.08074183231594764,0.1444443017244339
3.37399999999985,0.06824425999583518,17.156028747558594,0.12796102364472475,0.0798010576296369,0.1434280127286911
3.37599999999985,0.06824490513351021,17.18427276611328,0.12762182397968871,0.07885994488106038,0.1353868842124939
3.3779999999998496,0.06824545883208116,17.228336334228516,0.12727424953590424,0.07790410392747331,0.1417219042778015
3.3799999999998493,0.06824592860228797,17.211299896240234,0.12691329780720742,0.07694440871666655,0.13358762860298157
3.381999999999849,0.06824631247100073,17.19318389892578,0.126542568977365,0.07597269231350239,0.13685278594493866
3.383999999999849,0.06824661465382457,17.204845428466797,0.126159425088266,0.07499487819445433,0.1328626573085785
3.3859999999998487,0.06824683548909759,17.182987213134766,0.12576577261752245,0.074006613479766,0.13411179184913635
3.3879999999998485,0.06824697776027762,17.191253662109375,0.12536022915596123,0.07301110924950016,0.13269983232021332
3.3899999999998482,0.0682470428328132,17.180255889892578,0.12494381491058151,0.07200607602372303,0.13297538459300995
3.391999999999848,0.06824703291060671,17.185901641845703,0.12451581652318275,0.0709932851400419,0.13234858214855194
3.393999999999848,0.06824694979938341,17.181976318359375,0.12407679331035265,0.06997156557068183,0.13229888677597046
3.3959999999998476,0.06824679549930661,17.186695098876953,0.12362639189623416,0.06894192858995854,0.13195858895778656
3.3979999999998474,0.0682465719957249,17.18583106994629,0.12316493507562784,0.06790381330246537,0.13183388113975525
3.399999999999847,0.06824628124074773,17.189796447753906,0.12269226652830852,0.06685783339158435,0.13162334263324738
3.401999999999847,0.06824592528750392,17.19013214111328,0.12220859105094095,0.06580376409363713,0.13150635361671448
3.4039999999998467,0.06824550609706712,17.193523406982422,0.12171386352676364,0.0647420143720413,0.13137172162532806
3.4059999999998465,0.0682450257440749,17.19467544555664,0.12120823351546914,0.06367254748168433,0.13128742575645447
3.4079999999998463,0.06824448621323119,17.19770050048828,0.12069172195398345,0.06259566994415655,0.13120849430561066
3.409999999999846,0.06824388958181807,17.199504852294922,0.12016442481910007,0.061511452659732395,0.13116306066513062
3.411999999999846,0.06824338350231954,17.202287673950195,0.11962547859870362,0.06042015367955034,0.13113102316856384
3.4139999999998456,0.0682430967083996,17.12822914123535,0.11904166009451575,0.05932190771557771,0.13329017162322998
3.4159999999998454,0.06824279198084673,17.218753814697266,0.11852529816863831,0.05826605456308443,0.13340353965759277
3.417999999999845,0.068242466867735,17.226821899414062,0.11799480785446446,0.05728243866289751,0.13225139677524567
3.419999999999845,0.06824212393679449,17.210729598999023,0.11745188593993033,0.0562835246088808,0.1333790123462677
3.4219999999998447,0.06824176165383326,17.214717864990234,0.11689571143262495,0.05527252304241067,0.13328354060649872
3.4239999999998445,0.06824138172799288,17.208045959472656,0.11632734319866139,0.054248369196037406,0.13344243168830872
3.4259999999998443,0.06824098326434766,17.21221351623535,0.11574645490041537,0.05321305035742921,0.1334766000509262
3.427999999999844,0.06824064008301095,17.20989227294922,0.11515375636738193,0.05216623879691096,0.13358841836452484
3.429999999999844,0.06824029006145403,17.219240188598633,0.11450479196690318,0.05110923609577136,0.13284438848495483
3.4319999999998436,0.06823994060579536,17.201679229736328,0.11384729670426398,0.05014990789541668,0.13405603170394897
3.4339999999998434,0.06823972976994458,17.206565856933594,0.11317899032156645,0.04917717243600692,0.13419316709041595
3.435999999999843,0.06823950341342416,16.85904312133789,0.11250347922345802,0.048188132374362064,0.13375164568424225
3.437999999999843,0.06823928939131099,17.22382354736328,0.11182400305826853,0.04724165826013815,0.13481315970420837
3.4399999999998427,0.06823906587459651,17.197185516357422,0.11113154661238993,0.04628893543021085,0.1347280591726303
3.4419999999998425,0.06823884915316607,17.270313262939453,0.11043335423485208,0.04531639963692042,0.13487589359283447
3.4439999999998423,0.06823862694878371,17.21957778930664,0.10972437866809032,0.04433609770060364,0.1342354714870453
3.445999999999842,0.06823840829049987,17.206764221191406,0.10900865308427564,0.04334047251471582,0.13369573652744293
3.447999999999842,0.06823818634190557,17.210418701171875,0.10828355314205723,0.04233644646491043,0.13308554887771606
3.4499999999998416,0.06823759211112493,17.192079544067383,0.10755133035113043,0.04132017502392623,0.1325237900018692
3.4519999999998414,0.06823696012030872,16.37421417236328,0.10677947220466955,0.040295675119532574,0.13268038630485535
3.453999999999841,0.06823633610445251,16.991748809814453,0.10600897185065623,0.039170209962212585,0.1320735514163971
3.455999999999841,0.06823568693860681,17.095129013061523,0.1052273955446603,0.03805216538441342,0.1314653754234314
3.4579999999998408,0.06823504070639166,17.240522384643555,0.1044446293027663,0.036921009561785643,0.1308382898569107
3.4599999999998405,0.06823437840445286,17.22709846496582,0.10365354930940547,0.03579308268954351,0.13022764027118683
3.4619999999998403,0.06823371689262142,17.249866485595703,0.1028598059143901,0.03465646482272563,0.1295921951532364
3.46399999999984,0.06823304594568266,17.23855972290039,0.10205953940903208,0.03352058306620651,0.12897354364395142
3.46599999999984,0.06823237552955062,17.217823028564453,0.10125586229710148,0.03237881683063508,0.12833349406719208
3.4679999999998397,0.06823170035251477,17.227466583251953,0.10044682229883511,0.031236413591366665,0.1277044415473938
3.4699999999998394,0.06823102645699008,17.210933685302734,0.09963415793138496,0.030089894642204934,0.12705890834331512
3.471999999999839,0.06823035126264024,17.215696334838867,0.09881694162154912,0.028942208845680273,0.12641805410385132
3.473999999999839,0.06822967855095208,17.20907974243164,0.09799618720969588,0.027791581076135743,0.12576426565647125
3.4759999999998388,0.06822981026885673,17.213871002197266,0.09717151681626189,0.026639718972001653,0.1251101791858673
3.4779999999998386,0.0682299551837922,17.227394104003906,0.09638238573750611,0.025485773357958735,0.12254912406206131
3.4799999999998383,0.06823007451283036,17.216758728027344,0.09558321036496993,0.02436752289481391,0.12173689156770706
3.481999999999838,0.06823019617573861,17.338916778564453,0.09478242860480136,0.023241907259188226,0.12126254290342331
3.483999999999838,0.06823029726158727,17.272621154785156,0.09397552279386813,0.022122868531621317,0.12052503973245621
3.591999999999826,0.06802487874173968,17.280641555786133,0.11021219797971005,0.05180978687485063,0.12051384150981903
3.593999999999826,0.0680149783751763,17.28002166748047,0.11165379340809628,0.05419652075373335,0.1214788556098938
3.5959999999998256,0.0680055672735205,17.27787971496582,0.11308842017091732,0.0565681570500642,0.122458316385746
3.5979999999998253,0.06799663992792229,17.276599884033203,0.11451574490546586,0.05892396705955866,0.12345032393932343
3.599999999999825,0.06798819035402937,17.274616241455078,0.11593547180284688,0.0612631788142841,0.12445336580276489
3.601999999999825,0.06798021153978032,17.273540496826172,0.11734728214140981,0.06358511602637276,0.12546563148498535
3.6039999999998247,0.06797269603931376,17.27220344543457,0.11875087843673558,0.06588908834354275,0.12648651003837585
3.6059999999998245,0.0679656357377333,17.271251678466797,0.12014595102587451,0.06817446474215516,0.12751458585262299
3.6079999999998242,0.06795902214513448,17.270185470581055,0.12153220258690517,0.07044061474554653,0.12854941189289093
3.609999999999824,0.06795284630385995,17.269306182861328,0.12290932974992864,0.07268694702512644,0.12959086894989014
3.611999999999824,0.067945476250619,17.268291473388672,0.12427670881267347,0.07491287775646908,0.13063867390155792
3.6139999999998236,0.06793873755279202,15.113639831542969,0.12560961235504475,0.07711785079723718,0.13164490461349487
3.6159999999998234,0.0679326930930269,9.23959732055664,0.1269348771783729,0.07937179616174772,0.13266263902187347
3.617999999999823,0.06792726063255372,16.690488815307617,0.12824179574566819,0.08161573535753369,0.13368242979049683
3.619999999999823,0.0679224475136133,17.481128692626953,0.1295397867016551,0.08382916633617013,0.13471032679080963
3.6219999999998227,0.06791821026672855,17.235675811767578,0.13081845985391902,0.08602667474200737,0.1357397735118866
3.6239999999998225,0.06791453192310548,17.438295364379883,0.13208032796859417,0.08819601990344356,0.13677121698856354
3.6259999999998223,0.06791138569054876,17.304473876953125,0.13332161110112292,0.09034538925227195,0.13779813051223755
3.627999999999822,0.06790874600458485,17.299453735351562,0.13454485287224835,0.09246753747279511,0.13881638646125793
3.629999999999822,0.06790659192055874,17.29114532470703,0.1357483540762503,0.09456675705726603,0.13981597125530243
3.6319999999998216,0.06790489626504692,17.250011444091797,0.136933158460719,0.09663887147668243,0.14078596234321594
3.6339999999998214,0.06790363960506761,17.26567840576172,0.138098540969257,0.09868593161271716,0.1413268744945526
3.635999999999821,0.06790279562551249,17.240272521972656,0.13924509949228578,0.10070548777069019,0.1408648043870926
3.637999999999821,0.0679023449800556,17.245899200439453,0.14037609659870112,0.10269841684735437,0.14034444093704224
3.6399999999998207,0.06790226284304227,17.23501205444336,0.1414928165231541,0.1046632062563802,0.13987942039966583
3.6419999999998205,0.06790252966003729,17.23745346069336,0.14259496021708679,0.1066001247427295,0.13938871026039124
3.6439999999998203,0.06790312206759819,17.231285095214844,0.14368245243965871,0.10850817501460043,0.13893117010593414
3.64599999999982,0.06790402039177657,17.232322692871094,0.14475504634428335,0.1103873172190039,0.13846418261528015
3.64799999999982,0.06790520252692142,17.228321075439453,0.14581262275309562,0.11223684343237714,0.13801856338977814
3.6499999999998196,0.06790704994589139,17.228126525878906,0.14586469424927093,0.11405656345096646,0.13757221400737762
3.6519999999998194,0.06790936270304117,15.34036636352539,0.14497396990581474,0.115845937253492,0.13583791255950928
3.653999999999819,0.06791191768519303,11.129974365234375,0.14408785130804086,0.11754223036852593,0.13575586676597595
3.655999999999819,0.06791484716523954,16.751598358154297,0.14322996254351453,0.11922189035242443,0.13526996970176697
3.6579999999998187,0.06791799284426753,17.464683532714844,0.14238174653779984,0.1208654002255727,0.13512969017028809
3.6599999999998185,0.06792143206362132,17.226390838623047,0.14155695120311784,0.12248663375659909,0.1346835345029831
3.6619999999998183,0.06792505488761724,17.395862579345703,0.1407449156926681,0.12407398104348752,0.1344882845878601
3.663999999999818,0.06792889898723276,17.283554077148438,0.13995345732127637,0.12563527099635288,0.1340942233800888
3.665999999999818,0.06793288886924738,17.281993865966797,0.13917674155272533,0.12716368440328674,0.13385939598083496
3.6679999999998176,0.06793703685616656,17.26810073852539,0.13841900054056516,0.12866336711381185,0.13350890576839447
3.6699999999998174,0.06794128939907033,17.23178482055664,0.1376771737692196,0.13013044549647884,0.13325341045856476
3.671999999999817,0.06794564437770616,17.24213409423828,0.13695352832082977,0.13156696111955285,0.13293518126010895
3.673999999999817,0.06795006190180256,17.2203426361084,0.13624647859078964,0.13297069601724892,0.13267315924167633
3.6759999999998167,0.06795453205037238,17.22167205810547,0.1355572586026908,0.13434259403381682,0.13237935304641724
3.6779999999998165,0.06795902360018405,17.212175369262695,0.13488506759872979,0.13568133967332327,0.13211946189403534
3.6799999999998163,0.06796352279812606,17.211687088012695,0.1342305973494188,0.13698731195814307,0.13184547424316406
3.681999999999816,0.06796800413070242,17.20676040649414,0.13359346493414925,0.1382596946793062,0.13159295916557312
3.683999999999816,0.06797245234851361,17.205360412597656,0.13297407753004797,0.13949858355879913,0.13133594393730164
3.6859999999998156,0.0679762147155581,17.20181655883789,0.13237227436503665,0.14070344511922556,0.13109402358531952
3.6879999999998154,0.06797996706292776,17.051982879638672,0.1317495208526655,0.14187423996416765,0.13167636096477509
3.689999999999815,0.06798342936024566,17.33187484741211,0.13113883079584623,0.1429469996653555,0.1311803013086319
3.691999999999815,0.06798453279786482,17.237266540527344,0.13055003530433557,0.1439875868883933,0.1310461461544037
3.6939999999998148,0.0679856656705252,15.538328170776367,0.1300833457146591,0.14498820501216336,0.13027313351631165
3.6959999999998145,0.06798645387349139,12.52485179901123,0.12962036369064178,0.14604684715078983,0.13038873672485352
3.6979999999998143,0.0679872013938078,16.69928741455078,0.12918310479012768,0.14707291570840286,0.12981757521629333
3.699999999999814,0.0679876909412402,17.37339210510254,0.12875475574609024,0.1480496444468068,0.129828542470932
3.701999999999814,0.06799006127593826,17.161754608154297,0.12834869699659576,0.1489910675110555,0.1294116973876953
3.7039999999998137,0.06799218440335704,-8.645587921142578,0.12792060923393223,0.1498874089298629,0.12644286453723907
3.7059999999998134,0.06799420476570768,16.033245086669922,0.12746331342021217,0.15084999112953903,0.12479093670845032
3.7079999999998132,0.06799787023692225,13.116632461547852,0.12701424718243046,0.15185813356549555,0.12531067430973053
3.709999999999813,0.06800109413032575,17.22646713256836,0.1265934722987514,0.15283565687226341,0.12468549609184265
3.711999999999813,0.06800386412424345,17.196571350097656,0.12619016654055296,0.15377529219587324,0.12459053099155426
3.7139999999998126,0.06800624422207947,17.2025146484375,0.12580724226779483,0.15467843417504493,0.12437451630830765
3.7159999999998123,0.06800824205851835,17.183368682861328,0.1254427025812998,0.15554335900022442,0.12429605424404144
3.717999999999812,0.06800990366134094,17.181278228759766,0.12509805866290974,0.15637169090867445,0.12417138367891312
3.719999999999812,0.06801124456607975,17.173423767089844,0.12477224440402127,0.15716240739079876,0.12412675470113754
3.7219999999998117,0.06801229987142389,17.170326232910156,0.1244660828227987,0.15791639363404197,0.12406738102436066
3.7239999999998115,0.06801308782391065,17.16560173034668,0.12417900671442142,0.15863311722320242,0.12405703961849213
3.7259999999998112,0.06801363633475171,17.162540435791016,0.12391146426628863,0.15931306614223395,0.12404720485210419
3.727999999999811,0.06801398213790878,17.158905029296875,0.12366315346072168,0.15995596973528356,0.12407024204730988
3.729999999999811,0.068014203639924,17.155580520629883,0.12343431656974664,0.16056210421609876,0.12410057336091995
3.7319999999998106,0.06801431913060636,17.15192413330078,0.12322479038054963,0.16113134072459506,0.12415466457605362
3.7339999999998104,0.06801434423726169,17.148235321044922,0.12303470217913935,0.16166384464859865,0.12421950697898865
3.73599999999981,0.06801429101684997,17.144390106201172,0.1228639592581644,0.16215956616889748,0.12430346757173538
3.73799999999981,0.06801417151449789,17.140365600585938,0.12271262279922343,0.16261861499063895,0.12439921498298645
3.7399999999998097,0.06801399535752882,17.136520385742188,0.12258063371121859,0.16304098764981625,0.12451132386922836
3.7419999999998095,0.0680137714939394,17.132732391357422,0.12246801331688986,0.16342676837127854,0.12463533133268356
3.7439999999998093,0.0680135070449134,17.129016876220703,0.12237471623079132,0.16377598307229332,0.12477259337902069
3.745999999999809,0.06801320815779748,17.125205993652344,0.12230073799583376,0.16408870704288325,0.1249212995171547
3.747999999999809,0.06801287946781996,17.12173843383789,0.12224603619716375,0.16436498675244052,0.12508216500282288
3.7499999999998086,0.06801252452183731,17.11822509765625,0.12221058814863013,0.16460489757449137,0.12525400519371033
3.7519999999998084,0.06801214553386263,17.114646911621094,0.12219434862925099,0.1648085018792525,0.12543722987174988
3.753999999999808,0.06801174360169404,17.110986709594727,0.12219728077789058,0.1649758799630631,0.1256314069032669
3.755999999999808,0.06801131860381475,17.107297897338867,0.12221933347021707,0.165107107559524,0.1258363276720047
3.7579999999998077,0.06801086931675172,17.103273391723633,0.12226045785454372,0.1652022723895754,0.12605193257331848
3.7599999999998075,0.06801039338010094,17.099227905273438,0.12232059525379756,0.16526146206425857,0.12627765536308289
3.7619999999998073,0.06800988736690586,17.095312118530273,0.12239968601183207,0.1652847729149962,0.12651890516281128
3.763999999999807,0.0680093467818663,17.09136199951172,0.12249766303110857,0.16527230345748495,0.12678465247154236
3.765999999999807,0.06800876611008551,17.08734703063965,0.12261445650401448,0.1652241590762929,0.12707436084747314
3.7679999999998066,0.06800813883195718,17.083284378051758,0.12274999046563467,0.1651404484655591,0.12738752365112305
3.7699999999998064,0.06800745746260731,17.079334259033203,0.12290418532424535,0.16502128608740063,0.12758079171180725
3.771999999999806,0.06800671357576857,17.07500648498535,0.12307695602545661,0.16486679020726255,0.12773221731185913
3.773999999999806,0.06800589818320847,17.070539474487305,0.12326821340598522,0.16467708415782692,0.12790147960186005
3.7759999999998057,0.06800500168515507,17.06637191772461,0.12347789529876585,0.16445229523013993,0.12808857858181
3.7779999999998055,0.06800401387928864,17.06211280822754,0.12370594331870398,0.16419256677120364,0.12829338014125824
3.7799999999998053,0.06800292400530475,17.057889938354492,0.12395229659482923,0.1638980553560472,0.12851586937904358
3.781999999999805,0.06800172079279401,17.053817749023438,0.12421689206078065,0.16356892975021448,0.12875589728355408
3.783999999999805,0.068000392507936,17.04986572265625,0.12449966408245558,0.16320536996444718,0.12901297211647034
3.7859999999998046,0.06799892700191164,17.0460205078125,0.12480054458715084,0.1628075668659999,0.12928761541843414
3.7879999999998044,0.06799731175879983,17.041439056396484,0.12511946284254563,0.16237572146855792,0.1295793205499649
3.789999999999804,0.0679955339443152,17.036556243896484,0.12545634550526838,0.1619100445356792,0.1298879235982895
3.791999999999804,0.06799358045423477,17.031593322753906,0.1258111164853945,0.16141075602505459,0.13021351397037506
3.7939999999998038,0.06799143796313173,17.026552200317383,0.12618369695641737,0.1608780847131553,0.13055583834648132
3.7959999999998035,0.06798909297279483,17.02142333984375,0.12657400526915805,0.16031226774535318,0.1309146136045456
3.7979999999998033,0.06798653186058869,17.01622200012207,0.1269819569446425,0.15971355029278347,0.13128997385501862
3.799999999999803,0.06798374092739129,17.011075973510742,0.12740746461739913,0.159082185178167,0.13168132305145264
3.801999999999803,0.06798070644519769,17.005922317504883,0.1278504380220136,0.15841843256706528,0.13208915293216705
3.8039999999998027,0.0679774147041538,17.000822067260742,0.1283107839545428,0.15772255964984006,0.13251300156116486
3.8059999999998024,0.06797385205902125,16.995563507080078,0.12878840625795387,0.15699484036543288,0.13295254111289978
3.807999999999802,0.06797000497491036,16.989599227905273,0.12928307667140831,0.15623555512621998,0.1334082931280136
3.809999999999802,0.06796586007224178,16.983558654785156,0.12979437201668292,0.1554449905708346,0.13387949764728546
3.8119999999998018,0.06796140417080909,16.977596282958984,0.13032213455025413,0.15462343932257838,0.13436652719974518
3.8139999999998015,0.06795662433288775,16.97174644470215,0.13086621418640856,0.15377119976740794,0.13486944139003754
3.8159999999998013,0.06795150790528362,16.966053009033203,0.13142645663475638,0.15288857583907312,0.13538758456707
3.817999999999801,0.06794604256025873,16.96038818359375,0.13200270340897624,0.1519758768185539,0.135920912027359
3.819999999999801,0.06794021633525082,16.954771041870117,0.13259479183618247,0.15103341714078636,0.13646996021270752
3.8219999999998007,0.06793411355817797,16.94937515258789,0.13320255507095258,0.15006151621222258,0.13703463971614838
3.8239999999998004,0.06792805155594571,16.94409942626953,0.1338258221108949,0.14906049823519557,0.13761474192142487
3.8259999999998002,0.06792207096603942,16.93901824951172,0.13446441781595087,0.1480306920407422,0.13821035623550415
3.8279999999998,0.06791618792063772,16.93398666381836,0.13511816292973386,0.1469724309275108,0.13882169127464294
3.8299999999998,0.06791041830470447,16.92923355102539,0.13578687410410203,0.14588605250744316,0.13944868743419647
3.8319999999997996,0.06790477772384382,16.92456817626953,0.13647036392604836,0.144771898556781,0.14009138941764832
3.8339999999997993,0.06789928147339845,16.919782638549805,0.13716844094756817,0.14363031487260725,0.1407504379749298
3.835999999999799,0.06789394450882091,16.9150390625,0.13788090971801759,0.14246165113400533,0.14142553508281708
3.837999999999799,0.06788878141735917,16.910354614257812,0.13860757081933436,0.14126626076781842,0.1421169489622116
3.8399999999997987,0.06788380639108837,16.905719757080078,0.13934835940701068,0.14004450081840483,0.14282529056072235
3.8419999999997985,0.0678790332013135,16.90118980407715,0.1401038875319259,0.1387967318212718,0.14355002343654633
3.8439999999997982,0.06787447517437865,16.89678192138672,0.14087412564033694,0.1375233176801803,0.1442922204732895
3.845999999999798,0.0678701451688966,16.892486572265625,0.1416589153194801,0.13622462554756473,0.1450517177581787
3.847999999999798,0.06786605555442694,16.888368606567383,0.14245809472743118,0.13490102570798232,0.14582890272140503
3.8499999999997976,0.06786221819161399,16.88448143005371,0.14327149859309124,0.1335528914644395,0.14662420749664307
3.8519999999997974,0.06785864441380249,16.880680084228516,0.1440989582179891,0.132180599027381,0.14743761718273163
3.853999999999797,0.06785534501013629,16.877031326293945,0.14494030147995687,0.13078452740620922,0.14823873341083527
3.855999999999797,0.06785233021015583,16.87357521057129,0.14579535283868822,0.12936505830317158,0.14678364992141724
3.8579999999997967,0.06785005952099012,16.87029266357422,0.14666393334321318,0.12792257600949913,0.14531181752681732
3.8599999999997965,0.06784891297456523,16.969207763671875,0.1474736742658159,0.12645746730367668,0.14661379158496857
3.8619999999997963,0.06784782492691907,14.075178146362305,0.14767550981329908,0.12497749837716482,0.1334550678730011
3.863999999999796,0.06784670664107995,-2.4603638648986816,0.14651938253520733,0.12354196110182289,0.1328224241733551
3.865999999999796,0.0678456545565614,16.187166213989258,0.1454007583775071,0.12210779165037279,0.1324424296617508
3.8679999999997956,0.06784465582809171,16.703655242919922,0.1442739798809493,0.12072177145132319,0.13148042559623718
3.8699999999997954,0.06784413372323857,16.883731842041016,0.1431373327157091,0.1193296471817853,0.12964196503162384
3.871999999999795,0.06784365054183088,11.83224868774414,0.14198719962753023,0.11791619465535491,0.1247878149151802
3.873999999999795,0.06784320298134262,16.626197814941406,0.14082832404321866,0.11654210286057776,0.12289845198392868
3.8759999999997947,0.06784280366664595,17.11054229736328,0.13966422822355926,0.11514575184573826,0.1217709630727768
3.8779999999997945,0.06784244228866523,16.979339599609375,0.13849410600121345,0.11374202803374121,0.12003392726182938
3.8879999999997934,0.0678421808775989,16.980560302734375,0.13310800103069853,0.10698818016735252,0.1203395202755928
3.8959999999997925,0.06784337118035987,16.95411491394043,0.1293850987094307,0.1024955640987028,0.12003860622644424
3.9059999999997914,0.06784629603828679,16.935897827148438,0.1254278892547665,0.09795563854212729,0.12009186297655106
3.9159999999997903,0.06785055920978725,16.919944763183594,0.12232691793730407,0.09466910965329838,0.1203003004193306
3.9219999999997897,0.06785464518516268,16.912443161010742,0.12089708709155049,0.09328008926402727,0.12008818238973618
3.9239999999997894,0.06785664590871111,15.77134895324707,0.12039990183536957,0.09292196078237558,0.12009161710739136
3.9299999999997888,0.06786327223006203,17.036895751953125,0.1190746869495107,0.0919172027592161,0.12013664096593857
3.9339999999997883,0.06786744576486207,16.95765495300293,0.11835316948510365,0.09145456321112162,0.12006273865699768
3.937999999999788,0.06787140312500349,16.884279251098633,0.1177433186704132,0.09109778150666649,0.12006216496229172
3.9519999999997864,0.06788413094999816,16.85116958618164,0.11697597535184825,0.09116611783877888,0.12018011510372162
3.953999999999786,0.06788573058162005,16.84619140625,0.11703504900476523,0.0914282884947438,0.12036462128162384
3.955999999999786,0.06788725338051306,16.84433937072754,0.11709334800395199,0.091674204229247,0.12055229395627975
3.9579999999997857,0.06788870516254401,16.839885711669922,0.11714491096343776,0.09190325930286751,0.1207425445318222
3.9599999999997855,0.06789008920599549,16.837440490722656,0.117189425415594,0.09211524054308814,0.12093532085418701
3.9619999999997852,0.06789141010904537,16.83377456665039,0.11722676189594189,0.0923097460513693,0.12113049626350403
3.963999999999785,0.06789267106002386,16.831195831298828,0.11725676418706416,0.09248659622815965,0.12132787704467773
3.965999999999785,0.06789387583499022,16.82805061340332,0.11727931441850532,0.09264552305512959,0.1215272769331932
3.9679999999997846,0.06789502740041119,16.82550048828125,0.11729593530377988,0.09278638741310691,0.12172850221395493
3.9699999999997844,0.06789612895182492,16.822656631469727,0.11731449380524812,0.0929090126745511,0.12193145602941513
3.971999999999784,0.06789718320108133,16.820119857788086,0.11733591872516239,0.09301329932396774,0.12213610857725143
3.973999999999784,0.067898192919629,16.817489624023438,0.11735481042650704,0.0930991355923055,0.12234246730804443
3.9759999999997837,0.06789916057708378,16.815135955810547,0.11737472682217347,0.09316645769223011,0.1225501298904419
3.9779999999997835,0.06790047582526888,16.812911987304688,0.1173970812554437,0.09321520163789053,0.12275966256856918
3.9799999999997833,0.06790175228753298,16.911645889282227,0.11737291265368219,0.09324533472631437,0.1229158416390419
3.981999999999783,0.06790355815951787,16.856033325195312,0.1173521490767783,0.09323096337191535,0.12307438999414444
3.983999999999783,0.06790527731552043,16.88102912902832,0.11729763565866173,0.09319900702113307,0.12318430095911026
3.9859999999997826,0.06790688607722628,16.868637084960938,0.1172492710964485,0.09317048523134719,0.12329906225204468
3.9879999999997824,0.06790841002194459,16.827098846435547,0.11720761982383289,0.09312978188205737,0.12341924011707306
3.989999999999782,0.06790983955388913,16.831676483154297,0.11717152939929484,0.0930788691968725,0.12354469299316406
3.991999999999782,0.0679111893164217,16.80563735961914,0.11714106580987009,0.09301479551716628,0.12327808886766434
3.9939999999997817,0.0679124565078129,16.80265235900879,0.11711547242205889,0.09293835442229291,0.12305451184511185
3.9959999999997815,0.06791365022618971,16.788558959960938,0.11708958714464862,0.09284777081687305,0.12283071130514145
3.9979999999997813,0.0679147709009376,16.784439086914062,0.11705604947759833,0.09274327566520156,0.12265778332948685
3.999999999999781,0.06791582478444408,16.774890899658203,0.117015001797745,0.09262376720769303,0.12249957770109177
