time,dist,gamma,real_dist,tar_dist,pred_dist,pred_distv
0.002,0.06802353888085752,18.174203872680664,0.24007869507236734,0.7974475440378651,0.24286192655563354,0.24286192655563354
0.004,0.06802377151417,18.17169761657715,0.23929063847390758,0.7974475440378651,0.24279582500457764,0.24276283383369446
0.006,0.06802411996986328,18.168060302734375,0.23850468294226995,0.7973877520329082,0.2426656037569046,0.2425365149974823
0.008,0.06802458238619265,18.165464401245117,0.23772113185575416,0.7972686948669092,0.24247156083583832,0.24218621850013733
0.01,0.0680251559343679,18.162307739257812,0.23694033038318874,0.797090809100509,0.24221552908420563,0.24171662330627441
0.012,0.06802583661495021,18.159465789794922,0.23616260814071405,0.796854523673819,0.24189838767051697,0.2411295473575592
0.014,0.068026619420729,18.156238555908203,0.23538832204033744,0.7965602022967591,0.24152062833309174,0.240428626537323
0.016,0.06802749822354136,18.153474807739258,0.23461782202309067,0.7962081936360503,0.24108348786830902,0.23961539566516876
0.018000000000000002,0.06802846587324163,18.15033721923828,0.23385147634944814,0.7957987977545684,0.24058791995048523,0.2386922985315323
0.020000000000000004,0.0680295141378159,18.147371292114258,0.23308965107386548,0.7953322968191378,0.24003419280052185,0.23766066133975983
0.022000000000000006,0.06803063376470216,18.144107818603516,0.23233272493323037,0.7948089357186955,0.23942343890666962,0.23652254045009613
0.024000000000000007,0.06803181445174387,18.141124725341797,0.23158107701546715,0.7942289410316276,0.23875625431537628,0.23527905344963074
0.02600000000000001,0.06803304488631097,18.13809585571289,0.23083509549185255,0.7935925099871668,0.23803335428237915,0.23393197357654572
0.02800000000000001,0.06803431273362222,18.13496971130371,0.23009517018036196,0.7928998223190045,0.23725509643554688,0.2324826717376709
0.030000000000000013,0.06803560466263947,18.13178253173828,0.2293592525344329,0.7921510341176761,0.23642238974571228,0.23093295097351074
0.032000000000000015,0.06803690634374565,18.128549575805664,0.22861808234657816,0.791346285347736,0.23553550243377686,0.22928369045257568
0.034000000000000016,0.06803820246654922,18.125347137451172,0.22787089378037823,0.7904856965499343,0.23459561169147491,0.22753706574440002
0.03600000000000002,0.06803947674218183,18.122432708740234,0.22711789678819871,0.7895693736960969,0.23360277712345123,0.22569483518600464
0.03800000000000002,0.06803911613251022,18.119556427001953,0.22635889240147805,0.7885974065364237,0.23255755007266998,0.2237585484981537
0.04000000000000002,0.06803854541380419,-8.908740997314453,0.22578280437444642,0.7875698718059628,0.2315799593925476,0.2144266963005066
0.04200000000000002,0.06803770977585477,16.797269821166992,0.22518077134134523,0.7864075594855987,0.2301911860704422,0.24384678900241852
0.044000000000000025,0.06803788237628525,12.211631774902344,0.22458492920418738,0.785218647830429,0.22906561195850372,0.23703604936599731
0.04600000000000003,0.06803790690587289,17.714214324951172,0.22386834202764322,0.7839805505742085,0.227792426943779,0.23521919548511505
0.04800000000000003,0.06803775089364959,18.135936737060547,0.2231559643696437,0.7826917497667851,0.22627533972263336,0.20897674560546875
0.05000000000000003,0.06803739349858594,18.093910217285156,0.22245458638614818,0.7813478018446628,0.2248816043138504,0.21356485784053802
0.05200000000000003,0.06803680628720912,18.142229080200195,0.2217599423752432,0.7799553296758199,0.22332385182380676,0.20463827252388
0.054000000000000034,0.06803367578596277,18.074264526367188,0.22107637433915062,0.7785085745887198,0.22182506322860718,0.20409752428531647
0.056000000000000036,0.06803000014603412,15.81906509399414,0.2204724868088757,0.7770115465911976,0.21978391706943512,0.18490329384803772
0.05800000000000004,0.06802583975715125,1.9589691162109375,0.21988830990188446,0.7753349645143875,0.21817675232887268,0.20923398435115814
0.06000000000000004,0.06801823181799435,17.349288940429688,0.21931929876329603,0.7736206910779093,0.21626995503902435,0.18703322112560272
0.06200000000000004,0.0680096143945628,17.281238555908203,0.21882899796371508,0.7719701865670863,0.21452577412128448,0.1667531430721283
0.06400000000000004,0.06799998599869117,17.754629135131836,0.21834298866904056,0.7701978702418131,0.21254819631576538,0.1543041318655014
0.06600000000000004,0.06798931406800474,17.69552993774414,0.21786923023513255,0.7683798708543194,0.21068601310253143,0.16133123636245728
0.06800000000000005,0.0679775929239054,17.761171340942383,0.21740295714255836,0.7665210367298069,0.20866398513317108,0.1500268578529358
0.07000000000000005,0.06796478879090247,17.680450439453125,0.21694929567660182,0.764613799267296,0.2066972553730011,0.1519974321126938
0.07200000000000005,0.0679511518326346,17.72700309753418,0.2165056249647403,0.7626609591479033,0.20461854338645935,0.14650559425354004
0.07400000000000005,0.06793821565845307,17.644878387451172,0.21607522000698276,0.7606577123787455,0.20255886018276215,0.14567402005195618
0.07600000000000005,0.06792625484493074,17.681068420410156,0.21565677362896224,0.7586055783542249,0.20041610300540924,0.14219389855861664
0.07800000000000006,0.06791287837458161,17.61104393005371,0.21525244486682382,0.7565015573351384,0.19827157258987427,0.1402338594198227
0.08000000000000006,0.06790079525043706,17.184648513793945,0.21496592855863428,0.7543464764819218,0.19605174660682678,0.13134369254112244
0.08200000000000006,0.0678901882193256,17.451370239257812,0.21467142856434762,0.7520890146342971,0.19361920654773712,0.11728299409151077
0.08400000000000006,0.06788082592015596,17.46364974975586,0.2132832604588376,0.7498204600020338,0.19144800305366516,0.12621816992759705
0.08600000000000006,0.06787281529882956,17.516895294189453,0.2118945649112598,0.7476184905045485,0.1891387552022934,0.11919794976711273
0.08800000000000006,0.06786599595340323,17.490631103515625,0.21054597089956606,0.7453935664151835,0.1870226114988327,0.12417773902416229
0.09000000000000007,0.06786037536704449,17.537811279296875,0.20920611149065155,0.743233316587146,0.18480826914310455,0.12002216279506683
0.09200000000000007,0.06785597033146627,17.460514068603516,0.2078397973406398,0.7410398083209351,0.18262769281864166,0.1186487004160881
0.09400000000000007,0.067852943691994,17.54703712463379,0.20654977896032434,0.7388126660896112,0.18049943447113037,0.12015318125486374
0.09600000000000007,0.0678509152252638,-8.834964752197266,0.2052238532884882,0.7366467836110654,0.17883814871311188,0.11658178269863129
0.09800000000000007,0.06784987466241474,15.921667098999023,0.2040543086071453,0.7344429259499169,0.1764991730451584,0.16557955741882324
0.10000000000000007,0.06784985436315985,10.410776138305664,0.20280702823709312,0.7322843922839649,0.17479217052459717,0.16415607929229736
0.10200000000000008,0.06785085241081311,17.276939392089844,0.20159138768977802,0.730088323848004,0.1725042313337326,0.12119124829769135
0.10400000000000008,0.0678529095572325,16.75114631652832,0.2003370133421053,0.7278357454773923,0.17063742876052856,0.1346675604581833
0.10600000000000008,0.06785583149248704,17.601303100585938,0.1990913567130893,0.7255406114537379,0.16837289929389954,0.11312359571456909
0.10800000000000008,0.0678597936635196,17.489744186401367,0.19789096053604982,0.7231906369587349,0.16649942100048065,0.12361200153827667
0.11000000000000008,0.06786454633209742,17.637481689453125,0.19669391803056585,0.720904785604237,0.16436198353767395,0.11380703747272491
0.11200000000000009,0.06787032334943637,17.609249114990234,0.19553968194206178,0.7185617425236075,0.1625065952539444,0.12005063146352768
0.11400000000000009,0.0678768198271701,17.652080535888672,0.19438881652488466,0.7162807734779626,0.16047219932079315,0.11501331627368927
0.11600000000000009,0.06788398013768131,17.621362686157227,0.1932819598522374,0.7139436552288535,0.15865257382392883,0.118454210460186
0.11800000000000009,0.06789172783919359,17.693212509155273,0.19224950470744945,0.7116673565033294,0.156832754611969,0.11884018778800964
0.12000000000000009,0.06790039462841653,17.673259735107422,0.19126259750722646,0.7094482622557483,0.15517683327198029,0.12107552587985992
0.1220000000000001,0.06790956519523104,17.69725799560547,0.19027216012816361,0.7072883586786025,0.15342792868614197,0.11892277002334595
0.1240000000000001,0.06791963412208599,17.687456130981445,0.1893293442515379,0.7050723900326512,0.1518196314573288,0.12076921761035919
0.12600000000000008,0.0679301408820227,17.702686309814453,0.18838153616463255,0.7029152887663533,0.1501377373933792,0.11899590492248535
0.12800000000000009,0.06794152966478104,17.702289581298828,0.18748281620586787,0.7007022750654812,0.1485820710659027,0.12069167196750641
0.1300000000000001,0.06795329314918706,17.710742950439453,0.1865782976403016,0.6985479466107415,0.14696477353572845,0.11917993426322937
0.1320000000000001,0.0679659244933064,17.716835021972656,0.18572371125283388,0.6963377539157757,0.14546526968479156,0.12082408368587494
0.1340000000000001,0.06797887009174708,17.720138549804688,0.18486438173939979,0.6941861462136343,0.1439121812582016,0.1195424273610115
0.1360000000000001,0.06799267133346448,17.730323791503906,0.1840627062971446,0.69197866444091,0.14247171580791473,0.12117987871170044
0.1380000000000001,0.0680073464543869,17.73029327392578,0.18326194591043155,0.6898297142716971,0.1409829705953598,0.12012895196676254
0.1400000000000001,0.06802227766758182,17.707612991333008,0.18245557568450532,0.6876248496656789,0.13948318362236023,0.11929596960544586
0.1420000000000001,0.06803807362496815,17.73644256591797,0.18171535465439936,0.6853649184208187,0.1380693018436432,0.1209011822938919
0.1440000000000001,0.06805471870494689,17.72142791748047,0.18097375446943165,0.6831635545449545,0.13663427531719208,0.12030507624149323
0.1460000000000001,0.06807055537628032,17.710220336914062,0.18023355336751373,0.6809068147518864,0.13517534732818604,0.11989359557628632
0.1480000000000001,0.06808580766025693,17.730571746826172,0.17955759033197938,0.6785949943270423,0.1338186413049698,0.12157795578241348
0.1500000000000001,0.06810044822781147,17.721845626831055,0.1788848921869423,0.6763422575840716,0.13243582844734192,0.12148269265890121
0.1520000000000001,0.06811444988385752,17.705810546875,0.17821367384179077,0.6740341861441979,0.13104228675365448,0.12167223542928696
0.1540000000000001,0.0681277825047366,17.69334602355957,0.1775302770347026,0.6716713059428705,0.12963339686393738,0.12215636670589447
0.1560000000000001,0.06814041541182325,17.676422119140625,0.17684756103438365,0.6692538239402368,0.1282195746898651,0.1230081170797348
0.1580000000000001,0.06815231581735841,17.66183853149414,0.17617436752798493,0.6667821406255343,0.12680044770240784,0.1242436096072197
0.16000000000000011,0.06816345005874193,17.64417266845703,0.17551263762213282,0.6642564616941014,0.12538449466228485,0.1252792775630951
0.16200000000000012,0.06817378283370748,17.627683639526367,0.1748644949732329,0.6616771016105452,0.12397387623786926,0.1265910267829895
0.16400000000000012,0.06818327783120288,17.60904312133789,0.17423216466821528,0.6590442549580785,0.12257668375968933,0.12803950905799866
0.16600000000000012,0.06819189737128162,17.590137481689453,0.17361776882007166,0.6563581765703455,0.12119786441326141,0.1295556128025055
0.16800000000000012,0.06819933159294733,17.570114135742188,0.17302368725389655,0.6536190470327191,0.11984596401453018,0.1311303824186325
0.17000000000000012,0.06820564581337961,17.59072494506836,0.17251201195494287,0.6508270797982793,0.11863981932401657,0.13565422594547272
0.17200000000000013,0.0682109052433294,17.613880157470703,0.17208277633443292,0.6480509043807471,0.11758013814687729,0.14032231271266937
0.17400000000000013,0.06821517511187887,17.636749267578125,0.17173713523122164,0.6452898883047481,0.11667482554912567,0.14528757333755493
0.17600000000000013,0.06821852011466603,17.66141128540039,0.17147511657961678,0.6425435878376105,0.11592831462621689,0.15072208642959595
0.17800000000000013,0.06822100435211588,17.685287475585938,0.17129765207924813,0.6398115479290001,0.11534903198480606,0.15370315313339233
0.18000000000000013,0.06822269101970274,17.708065032958984,0.1712047603484122,0.6370934429251408,0.11494392156600952,0.15619207918643951
0.18200000000000013,0.0682236422877837,17.729507446289062,0.17119712420539146,0.6343889573009797,0.11472202837467194,0.1589267998933792
0.18400000000000014,0.06822391911956457,17.751529693603516,0.1712747245374989,0.631697867333451,0.11469034850597382,0.1618768721818924
0.18600000000000014,0.06822358114800359,17.77132797241211,0.17143799770290694,0.6290199699154284,0.11485761404037476,0.1650162637233734
0.18800000000000014,0.06822275264064588,17.78913688659668,0.17168685530990768,0.6263551296613683,0.11522975564002991,0.1683206558227539
0.19000000000000014,0.06822148661847592,17.803564071655273,0.1720161439465183,0.6237032363277362,0.11581479758024216,0.1677282750606537
0.19200000000000014,0.06821983383089886,17.816097259521484,0.17242742931473753,0.6210242282110038,0.11662029474973679,0.1660958230495453
0.19400000000000014,0.06821784271578492,17.827598571777344,0.17292247527306148,0.6183179218669801,0.11765339970588684,0.1645398586988449
0.19600000000000015,0.06821555939355727,17.838056564331055,0.17350277423362873,0.6155841789650374,0.11891889572143555,0.16306187212467194
0.19800000000000015,0.06821280668833933,17.848148345947266,0.17416991758260536,0.6128228912344249,0.12042112648487091,0.16165705025196075
0.20000000000000015,0.06820955774111369,17.839675903320312,0.17486674216313292,0.6100339894156304,0.12207536399364471,0.1604316383600235
0.20200000000000015,0.06820578405177968,17.829103469848633,0.1755974491281394,0.6071916371306497,0.12382106482982635,0.1592324674129486
0.20400000000000015,0.06820145596705016,17.819765090942383,0.1763517602746696,0.6042966970992085,0.12548884749412537,0.158039852976799
0.20600000000000016,0.06819654235940867,17.808921813964844,0.17711838007644454,0.6013498642038962,0.1272459477186203,0.15684044361114502
0.20800000000000016,0.06819101097419974,17.798452377319336,0.17789592710618074,0.5983518776704848,0.1290505826473236,0.1536726951599121
0.21000000000000016,0.06818482819494119,17.78640365600586,0.17868580958097158,0.5953033660431597,0.13089460134506226,0.14984363317489624
0.21200000000000016,0.0681778295054283,17.774490356445312,0.1794872556013184,0.5922051567179154,0.1327923834323883,0.14605772495269775
0.21400000000000016,0.06817037959118138,-5.473446369171143,0.1803401658442062,0.5890589194906111,0.13608287274837494,0.1389707326889038
0.21600000000000016,0.06816221996369384,16.9309024810791,0.1790125804044509,0.5859439063944653,0.13716624677181244,0.13991893827915192
0.21800000000000017,0.06815323221372757,15.523725509643555,0.1776821049614316,0.5828770018695028,0.13943050801753998,0.1361187845468521
0.22000000000000017,0.0681449621005516,17.53421401977539,0.17633805297164895,0.579763559527856,0.1396775096654892,0.13280723989009857
0.22200000000000017,0.0681359364705807,17.393733978271484,0.17503960823862624,0.5765845260235019,0.14025795459747314,0.13430145382881165
0.22400000000000017,0.06812615545730952,17.831619262695312,0.17372887311993676,0.5733974992624383,0.14081893861293793,0.13109885156154633
0.22600000000000017,0.06811554630102437,17.77271270751953,0.17241105737082663,0.570153290177293,0.14166344702243805,0.1278950721025467
0.22800000000000017,0.0681040923985286,17.818153381347656,0.17108162099476093,0.5668613308059702,0.14249065518379211,0.1250331550836563
0.23000000000000018,0.06808986552220948,17.756471633911133,0.16974394069309723,0.5635156722531299,0.1435583084821701,0.12094499170780182
0.23200000000000018,0.06807525732443018,10.798845291137695,0.1685041659120695,0.5601221416796504,0.14506416022777557,0.11218192428350449
0.23400000000000018,0.06806042849726637,17.285888671875,0.16728278335454663,0.5567115497278324,0.14592640101909637,0.11554952710866928
0.23600000000000018,0.06804533595464325,16.438749313354492,0.1660976933291256,0.5533324878426366,0.14751259982585907,0.11535632610321045
0.23800000000000018,0.06803056883295962,17.752330780029297,0.1649359367660735,0.5500093422679078,0.14865586161613464,0.11747235804796219
0.24000000000000019,0.0680165640358109,17.653398513793945,0.1638093933695341,0.5467272885155394,0.1502901166677475,0.11766054481267929
0.2420000000000002,0.06800331981638869,17.854520797729492,0.16270960981626167,0.5435001794063865,0.15164515376091003,0.11928847432136536
0.2440000000000002,0.06799076125117391,17.83270263671875,0.1616446530667032,0.5403189722520567,0.15331047773361206,0.11967650055885315
0.2460000000000002,0.06797824010258266,17.905485153198242,0.16060943321557425,0.5371923506478571,0.15481102466583252,0.12091542035341263
0.2480000000000002,0.06796636787585016,17.853126525878906,0.1595677498977734,0.5341150619916646,0.15651710331439972,0.11744508147239685
0.25000000000000017,0.06795512043350409,17.905576705932617,0.15855767860960843,0.5309896418089016,0.15813778340816498,0.1185835748910904
0.25200000000000017,0.06794445460176586,17.897680282592773,0.15758268047711013,0.5279160945622164,0.15986712276935577,0.11952831596136093
0.25400000000000017,0.06793377067151236,17.937103271484375,0.1566414486958311,0.5248975311524623,0.16154713928699493,0.12058952450752258
0.25600000000000017,0.06792363871478796,17.908466339111328,0.15569404902094497,0.5219324168489338,0.16331249475479126,0.1166013702750206
0.2580000000000002,0.06791403161123918,17.939163208007812,0.15478171626299556,0.5189203244706001,0.16505607962608337,0.11773351579904556
0.2600000000000002,0.06790491877557615,17.9461669921875,0.1539060715801818,0.5159629407966275,0.16682939231395721,0.11882714927196503
0.2620000000000002,0.0678962750479526,17.96879768371582,0.15306725728410425,0.5130613020541286,0.16858668625354767,0.11994139850139618
0.2640000000000002,0.06788756631024032,17.977436065673828,0.1522665499269105,0.5102150623071419,0.1694110780954361,0.1210295632481575
0.2660000000000002,0.06787930456117434,17.97342300415039,0.15146091884392174,0.5074248517630511,0.1691455841064453,0.11724358797073364
0.2680000000000002,0.06787146449304464,17.98162841796875,0.15069423685796893,0.5045886749414416,0.1689283549785614,0.11842361837625504
0.2700000000000002,0.0678640239841421,17.998748779296875,0.14996686778068183,0.5018089239958724,0.1687546819448471,0.1196189746260643
0.2720000000000002,0.06785696174918748,18.005647659301758,0.1492658043239206,0.4990853434353761,0.16862206161022186,0.1183776706457138
0.2740000000000002,0.06785025840772105,18.01748275756836,0.14859119018760147,0.49637618563737373,0.16852623224258423,0.11713908612728119
0.2760000000000002,0.06784389475205958,18.024839401245117,0.1479436102562026,0.4936816560192316,0.16846391558647156,0.11591856926679611
0.2780000000000002,0.06783785296077544,18.034738540649414,0.14732334814704245,0.491002312811405,0.16843032836914062,0.1147441491484642
0.2800000000000002,0.06783211568537366,18.041946411132812,0.14673095607489153,0.4883384322738731,0.167754128575325,0.11362136155366898
0.2820000000000002,0.06782667127562758,18.05167007446289,0.1461794369546378,0.4856904991974296,0.16649742424488068,0.11505240201950073
0.2840000000000002,0.06782150773028754,18.05898666381836,0.14566997094198633,0.4831121261466261,0.16532933712005615,0.11650897562503815
0.2860000000000002,0.06781661323061906,18.067142486572266,0.1452035731257436,0.480602535419598,0.16425025463104248,0.11799322813749313
0.2880000000000002,0.06781197602631615,18.074758529663086,0.14478130684220045,0.47816091811972283,0.16326084733009338,0.11950171738862991
0.2900000000000002,0.06780707058778682,18.082504272460938,0.14440053607725897,0.47578660748806545,0.16236168146133423,0.12103510648012161
0.2920000000000002,0.06780240202817166,16.406280517578125,0.14402283098932847,0.4734789317181138,0.16142769157886505,0.11822010576725006
0.2940000000000002,0.06779762127256507,17.968441009521484,0.14367128991051994,0.47112233959320454,0.1606292873620987,0.12003025412559509
0.2960000000000002,0.06779307352368975,17.56401824951172,0.14332387977717229,0.4688240166396004,0.15981119871139526,0.11725687235593796
0.2980000000000002,0.0677887594261674,18.09648323059082,0.1430058111054602,0.46648894577258593,0.1591169685125351,0.11902609467506409
0.3000000000000002,0.06778432250392288,18.06243133544922,0.1427388556245347,0.4642148251291376,0.15849529206752777,0.12054317444562912
0.3020000000000002,0.06778010627630703,18.112722396850586,0.1424690694196849,0.46201102707186803,0.15791235864162445,0.11835456639528275
0.3040000000000002,0.0677760955032834,18.07422637939453,0.14225019999350938,0.45976041175600124,0.15741315484046936,0.11996204406023026
0.3060000000000002,0.06777196719474174,18.121845245361328,0.14207564681620358,0.4575780795961293,0.1570248305797577,0.12171996384859085
0.3080000000000002,0.06776803488246709,18.088424682617188,0.14179440571798216,0.4554587481750545,0.15665172040462494,0.11967018246650696
0.3100000000000002,0.06776404229193386,18.117408752441406,0.14105043821812138,0.45329780758458355,0.15638643503189087,0.12144508212804794
0.3120000000000002,0.06776044883577317,18.095134735107422,0.14031804392021172,0.4512006140216136,0.15614190697669983,0.1195441260933876
0.3140000000000002,0.06775697889308173,18.113567352294922,0.13966743672852544,0.44906161287437846,0.15600375831127167,0.12134034186601639
0.3160000000000002,0.06775390010643116,18.100509643554688,0.13902872050891768,0.4469720308537221,0.1558893620967865,0.11955474317073822
0.3180000000000002,0.06775095875193468,18.111431121826172,0.13847160556348623,0.4448415227346833,0.1558789163827896,0.12136899679899216
0.32000000000000023,0.06774839013221289,18.104244232177734,0.13792643009331026,0.4427614371837554,0.15589278936386108,0.1196928396821022
0.32200000000000023,0.0677459738811504,18.110607147216797,0.13746240846202032,0.4406412835325012,0.1560073047876358,0.12153036892414093
0.32400000000000023,0.06774391291580859,18.106964111328125,0.13701010173047995,0.4385722486696068,0.15614436566829681,0.11995889246463776
0.32600000000000023,0.06774202001408645,18.110858917236328,0.13663823373111303,0.43646394056160426,0.15637768805027008,0.12182308733463287
0.32800000000000024,0.06774032052962077,18.109046936035156,0.1362775855761515,0.43440722854259173,0.15662935376167297,0.12035171687602997
0.33000000000000024,0.0677389678288711,18.10335350036621,0.13592789085867332,0.4323119594250371,0.15689674019813538,0.11886851489543915
0.33200000000000024,0.06773782555094532,18.10822296142578,0.13565646861277794,0.4301786531608681,0.15725256502628326,0.12077857553958893
0.33400000000000024,0.06773701338585196,18.10498046875,0.13538121688920499,0.428097187105987,0.15762008726596832,0.11938899755477905
0.33600000000000024,0.0677364290294686,18.10780143737793,0.13516510389211273,0.42597795862841237,0.15806856751441956,0.12132712453603745
0.33800000000000024,0.0677360991696184,18.105880737304688,0.13493934569037025,0.42391084003149754,0.15852417051792145,0.12002423405647278
0.34000000000000025,0.0677360918943409,18.098636627197266,0.13470323825431738,0.4218062172589479,0.15898407995700836,0.11869753897190094
0.34200000000000025,0.06773635736310026,18.103919982910156,0.13451950014282404,0.41966446834574805,0.15951813757419586,0.12067916989326477
0.34400000000000025,0.06773692873061389,18.099552154541016,0.13431299915484424,0.4175748793525362,0.16005514562129974,0.11942893266677856
0.34600000000000025,0.06773779125805075,18.102624893188477,0.13415077773413706,0.41544832797809284,0.1606622189283371,0.12143519520759583
0.34800000000000025,0.06773897267037425,18.099822998046875,0.13397427257728112,0.4133741235422923,0.16127319633960724,0.12025167047977448
0.35000000000000026,0.06774045254730382,18.09146499633789,0.13380090045673476,0.4112631181837575,0.16108787059783936,0.11903262883424759
0.35200000000000026,0.06774227055089253,18.099409103393555,0.13369790161203396,0.4091156779640568,0.16085860133171082,0.12109001725912094
0.35400000000000026,0.06774436968959267,18.09419822692871,0.13359726440639885,0.4070383664058306,0.16064125299453735,0.11994943022727966
0.35600000000000026,0.06774682516236578,18.09975242614746,0.13356501273714722,0.40492370044671494,0.15986253321170807,0.12203534692525864
0.35800000000000026,0.06774958962226707,18.096267700195312,0.13353381052463412,0.40287814969705493,0.15891017019748688,0.12096887826919556
0.36000000000000026,0.06775232751802401,18.08698272705078,0.1335029239587574,0.40079452930634696,0.1579703688621521,0.11986754089593887
0.36200000000000027,0.06775513748960882,18.097747802734375,0.1335374182998538,0.39867339314584394,0.1571301966905594,0.12199284136295319
0.36400000000000027,0.06775762490835431,18.08782196044922,0.13355912118693408,0.39662054637486394,0.1563003808259964,0.12097468972206116
0.36600000000000027,0.06776022882482909,15.659102439880371,0.13359389386846915,0.3945296502860706,0.15535108745098114,0.12242487072944641
0.36800000000000027,0.06776297915664757,17.75341033935547,0.13363331166844575,0.3924632356405035,0.15465576946735382,0.12201030552387238
0.3700000000000003,0.06776587440487532,16.952518463134766,0.1336608868749228,0.3903463489906774,0.15379522740840912,0.12004899233579636
0.3720000000000003,0.06776877134426587,18.052764892578125,0.133687142956854,0.3882005266744598,0.15308433771133423,0.11835332214832306
0.3740000000000003,0.06777165005260055,18.024898529052734,0.13376615658727573,0.386010464065754,0.15237170457839966,0.11965120583772659
0.3760000000000003,0.06777450093294303,18.11377716064453,0.13390269520982453,0.38389359135991674,0.15182459354400635,0.11870240420103073
0.3780000000000003,0.06777730851454222,18.080669403076172,0.13409122053925027,0.3818389059364533,0.15132178366184235,0.118528351187706
0.3800000000000003,0.06778006171958999,18.131855010986328,0.13433344318234164,0.379853146015993,0.15094833076000214,0.11923042684793472
0.3820000000000003,0.06778274786601186,18.106769561767578,0.13462603310321342,0.3779295464537348,0.1506437212228775,0.11928336322307587
0.3840000000000003,0.06778524294729768,18.14041519165039,0.13496909457302675,0.37607173943036415,0.15044967830181122,0.12004976719617844
0.3860000000000003,0.06778771851982533,-1.2690505981445312,0.1353693862554996,0.37427556471509243,0.1494639664888382,0.1262589395046234
0.3880000000000003,0.06779025074568439,17.188560485839844,0.13580083611395405,0.37244353372966227,0.14828339219093323,0.1275704950094223
0.3900000000000003,0.06779284435561672,15.901962280273438,0.13621573641873,0.3706249813109288,0.14703862369060516,0.12627080082893372
0.3920000000000003,0.0677955020124661,17.851463317871094,0.13662111288123166,0.3687868864203127,0.14593620598316193,0.12533050775527954
0.3940000000000003,0.06779823188573071,17.153223037719727,0.13700918199444703,0.3669041951779025,0.14473626017570496,0.1240590512752533
0.3960000000000003,0.06780082245195493,18.084259033203125,0.13738503393133045,0.36499678972767063,0.14367565512657166,0.11513103544712067
0.3980000000000003,0.06780348934418073,18.050949096679688,0.13780331900051085,0.36304903962313123,0.14261500537395477,0.12448631972074509
0.4000000000000003,0.06780601471723396,18.109081268310547,0.13820644967516943,0.3611761134790683,0.14165836572647095,0.11336228251457214
0.4020000000000003,0.06780839572203852,18.075721740722656,0.138647805008821,0.3592643697398864,0.14072246849536896,0.11697696149349213
0.4040000000000003,0.06781062528407636,18.124568939208984,0.1391228063925037,0.3574238675505126,0.13994154334068298,0.11465226858854294
0.4060000000000003,0.0678127009350565,18.102787017822266,0.13962855229615107,0.3556480270005555,0.1391960084438324,0.1165221706032753
0.4080000000000003,0.06781461730335331,18.135353088378906,0.1401662597557589,0.35393957778491497,0.1385721117258072,0.1162884384393692
0.4100000000000003,0.06781637253014478,18.123497009277344,0.14073410162478048,0.3522943760786603,0.13799309730529785,0.1174083948135376
0.4120000000000003,0.06781796300238359,18.146209716796875,0.14133257395439086,0.35071366485722505,0.13751065731048584,0.117804616689682
0.4140000000000003,0.0678193877278142,18.14250946044922,0.14196026770110295,0.34919476028826485,0.13707754015922546,0.11866119503974915
0.4160000000000003,0.06782064482546175,18.158447265625,0.1426172103039451,0.3477380995480269,0.13672298192977905,0.11928347498178482
0.4180000000000003,0.0678219679741633,18.159292221069336,0.14330225119860307,0.34634188544617744,0.1364186704158783,0.12008529156446457
0.4200000000000003,0.06782312488605481,18.158260345458984,0.14395393019249453,0.3450061337554857,0.13608931005001068,0.11941347271203995
0.4220000000000003,0.0678243495672836,18.163240432739258,0.14463211440406407,0.3436271272149958,0.13581277430057526,0.12016661465167999
0.4240000000000003,0.06782540927822253,18.15902328491211,0.14527508585490528,0.3423083476919061,0.135501891374588,0.11958049982786179
0.4260000000000003,0.067826048270479,18.166561126708984,0.14594435381347662,0.3409463311702675,0.13524430990219116,0.12030785530805588
0.4280000000000003,0.06782672373621212,16.219566345214844,0.1466062714120949,0.33964438021203,0.13519680500030518,0.13536138832569122
0.4300000000000003,0.06782747373211116,7.659161567687988,0.14721869552746472,0.3382364158110959,0.134602352976799,0.13492311537265778
0.43200000000000033,0.06782826435679623,17.6055965423584,0.14780706010942354,0.3368075005939674,0.13436125218868256,0.13496044278144836
0.43400000000000033,0.06782985108648008,16.5671443939209,0.148349778987573,0.33532617210345683,0.13380654156208038,0.13452182710170746
0.43600000000000033,0.06783150302855459,15.748894691467285,0.1488533597458244,0.33381791439253955,0.13368189334869385,0.1406806856393814
0.43800000000000033,0.06783327857171037,7.469488143920898,0.1493065402011939,0.33239699719642074,0.1330539882183075,0.13994768261909485
0.44000000000000034,0.06783587721767148,17.517669677734375,0.14946565693041328,0.33094895667578444,0.13271629810333252,0.1396709531545639
0.44200000000000034,0.06783838737197684,18.08257293701172,0.14935097411452905,0.3294422781850759,0.13213993608951569,0.11478149145841599
0.44400000000000034,0.06784079150678338,18.11947250366211,0.1492927416234709,0.32787410713153603,0.13164177536964417,0.11380716413259506
0.44600000000000034,0.06784308130690861,18.107189178466797,0.149259114784689,0.3263628486875556,0.1311679184436798,0.11539830267429352
0.44800000000000034,0.06784524270981027,18.132164001464844,0.14927122536133056,0.3249104641802339,0.13075344264507294,0.11557033658027649
0.45000000000000034,0.06784726782511952,18.127819061279297,0.14931173717803675,0.32351444939521523,0.1303754448890686,0.11658988147974014
0.45200000000000035,0.06784914549438771,18.145259857177734,0.14939137881219833,0.32217575483063077,0.1300470530986786,0.11711552739143372
0.45400000000000035,0.06785086874051463,18.145936965942383,0.14950050378872742,0.3208927821744731,0.1297607123851776,0.11792536079883575
0.45600000000000035,0.067852428910697,18.159255981445312,0.14964437165258088,0.3196659255219097,0.12951931357383728,0.11856073886156082
0.45800000000000035,0.06785382025990379,18.163028717041016,0.14981743002880066,0.3184941277429707,0.12932181358337402,0.11929396539926529
0.46000000000000035,0.06785503675296502,18.171993255615234,0.15002133673265186,0.31737748433527807,0.12916773557662964,0.11998432129621506
0.46200000000000035,0.0678563822661987,18.178361892700195,0.15025408676988303,0.3163152678037941,0.12905734777450562,0.12068213522434235
0.46400000000000036,0.06785786511822886,18.173160552978516,0.15043425442140582,0.3153072839585408,0.128895565867424,0.1200481578707695
0.46600000000000036,0.06785917754098775,18.164791107177734,0.15056097580886793,0.3142494101169075,0.12868709862232208,0.11942918598651886
0.46800000000000036,0.0678619135628361,18.172557830810547,0.15071652118575152,0.3131431339261412,0.12852609157562256,0.1200631633400917
0.47000000000000036,0.06786452471038923,18.159934997558594,0.15078228554481155,0.31209282722697784,0.12819431722164154,0.11936524510383606
0.47200000000000036,0.06786735124700621,18.13090705871582,0.15085751174226505,0.3110315390295355,0.12798503041267395,0.12299197167158127
0.47400000000000037,0.06787004776284035,18.160329818725586,0.15089472325703046,0.3100309488935983,0.1276678740978241,0.11901970952749252
0.47600000000000037,0.06787296469915834,18.14144515991211,0.1509489323489355,0.30898195703703796,0.12745870649814606,0.12098236382007599
0.47800000000000037,0.0678757455372604,18.157426834106445,0.15095765889147644,0.307992535745325,0.12715433537960052,0.11905646324157715
0.48000000000000037,0.06787875273729493,18.146121978759766,0.1509869832285569,0.30695542627221156,0.126944437623024,0.12025514990091324
0.4820000000000004,0.06788161723145761,18.154861450195312,0.15096635254218452,0.30597719585500616,0.12664975225925446,0.11897393316030502
0.4840000000000004,0.06788433018910887,18.148298263549805,0.15096781899039058,0.30495163439303896,0.12643884122371674,0.11982931196689606
0.4860000000000004,0.06788726689208166,18.164703369140625,0.15099731764364527,0.303981479178405,0.12624487280845642,0.12014499306678772
0.4880000000000004,0.06789004431735012,18.151439666748047,0.1509680322477928,0.3030650334502413,0.12602558732032776,0.11953417956829071
0.4900000000000004,0.06789305342533859,18.161964416503906,0.1509641473982233,0.3021019809377614,0.12583811581134796,0.12000417709350586
0.4920000000000004,0.0678958959944849,18.153305053710938,0.15090204840888735,0.30119319396968713,0.12561103701591492,0.11931268125772476
0.4940000000000004,0.06789855979474273,18.16051483154297,0.150863678709052,0.30023773729134445,0.12542587518692017,0.11980850994586945
0.4960000000000004,0.0679014577213943,18.16638946533203,0.15084791611946183,0.29933690047728545,0.1252855360507965,0.12032286077737808
0.4980000000000004,0.06790417098658133,18.16146469116211,0.1507730756711884,0.2984902585437142,0.12508851289749146,0.11967171728610992
0.5000000000000003,0.06790712572632383,18.1658935546875,0.1507199735035644,0.2975961394964421,0.12494190782308578,0.12017155438661575
0.5020000000000003,0.06790989003308874,18.16206932067871,0.1506073745809852,0.29675648797355175,0.12473095208406448,0.11950184404850006
0.5040000000000003,0.06791245387293544,18.165739059448242,0.15051587053599003,0.29586940422243224,0.1245742067694664,0.11998769640922546
0.5060000000000003,0.06791526057876346,18.17409896850586,0.15044539507509747,0.295036974944137,0.12444338202476501,0.1204388290643692
0.5080000000000003,0.06791786168242032,18.167469024658203,0.1503135640269001,0.29425845702470665,0.1242607980966568,0.11983127892017365
0.5100000000000003,0.06792071308682102,18.173410415649414,0.150202005628993,0.2934319655531866,0.1241169348359108,0.12027102708816528
0.5120000000000003,0.06792335391142668,18.168743133544922,0.15002888963983343,0.29265970129210084,0.12390778958797455,0.11964092403650284
0.5140000000000003,0.0679262521990344,18.173221588134766,0.14987557156792927,0.2918394257400965,0.1237461119890213,0.12005746364593506
0.5160000000000003,0.06792893500667878,18.169601440429688,0.14966036367252228,0.29107359163554275,0.12350979447364807,0.1193946897983551
0.5180000000000003,0.06793139320456153,18.17327117919922,0.14946464585696598,0.29025971056712174,0.1233258992433548,0.11978890746831894
0.5200000000000004,0.0679341102116954,18.181411743164062,0.14928791347851927,0.28950041789476055,0.12315893173217773,0.12013817578554153
0.5220000000000004,0.06793659829393978,18.17483901977539,0.14904813748565932,0.28879497742441346,0.12293565273284912,0.1195257157087326
0.5240000000000004,0.06793884825730509,18.180484771728516,0.14882713836228337,0.28804085151456527,0.1227467879652977,0.11985867470502853
0.5260000000000004,0.06794135979749885,18.18691635131836,0.1486243573946596,0.28734087167689454,0.12258487939834595,0.12018860131502151
0.5280000000000004,0.06794362998221996,18.181594848632812,0.14835765697571243,0.2866945535974947,0.12235447019338608,0.11959344893693924
0.5300000000000004,0.0679456509743077,18.186325073242188,0.1481087888020756,0.28599872449734365,0.12216529250144958,0.11989268660545349
0.5320000000000004,0.067947936087505,18.193401336669922,0.14787704489434023,0.2853568579067348,0.12199506163597107,0.12017006427049637
0.5340000000000004,0.06794996952357363,18.187480926513672,0.1475801808594736,0.2847684099699546,0.12175986170768738,0.11959754675626755
0.5360000000000004,0.06795174412126428,18.192554473876953,0.1473006290285219,0.2841297558029401,0.12156210839748383,0.11984711140394211
0.5380000000000004,0.06795378576873197,18.198993682861328,0.14703813333930613,0.28354487594010547,0.12138471007347107,0.12007977068424225
0.5400000000000004,0.06795556689652495,18.193496704101562,0.14671006185966998,0.28301329738989855,0.12113922834396362,0.11952699720859528
0.5420000000000004,0.06795708129004019,18.198192596435547,0.14639921253744553,0.28243079258918613,0.1209336370229721,0.1197301596403122
0.5440000000000004,0.06795832273776606,18.20435333251953,0.14610556720494083,0.28190196881728996,0.12074625492095947,0.11991201341152191
0.5460000000000004,0.0679598317761214,18.209077835083008,0.14582878145238212,0.2814263631369035,0.1205926164984703,0.12010585516691208
0.5480000000000004,0.06796106806516328,18.204957962036133,0.14548589148769375,0.2810037528594561,0.12035933881998062,0.11961065232753754
0.5500000000000004,0.06796202761361131,18.2086181640625,0.14516012150850793,0.2805287321441909,0.12017477303743362,0.11977122724056244
0.5520000000000004,0.06796270566722865,18.215267181396484,0.14485202134360442,0.2801071473416803,0.12000174820423126,0.11989070475101471
0.5540000000000004,0.06796309984228725,18.219684600830078,0.14456101865716314,0.2797385246929272,0.11986801773309708,0.12003548443317413
0.5560000000000004,0.06796320770985029,18.22601318359375,0.1442875761741506,0.2794227590883852,0.1197517141699791,0.12016317993402481
0.5580000000000004,0.06796302861202086,18.230823516845703,0.14403139258808714,0.2791595418850415,0.11966881901025772,0.12031135708093643
0.5600000000000004,0.06796256225087464,18.236438751220703,0.14379287383434464,0.2789487893425371,0.11960702389478683,0.12045155465602875
0.5620000000000004,0.06796180973429904,18.24127197265625,0.14357193507842156,0.2787903129866557,0.11957564949989319,0.12061017006635666
0.5640000000000004,0.0679607727513462,18.246599197387695,0.14336895958229606,0.2786840651131394,0.11956692487001419,0.1208033412694931
0.5660000000000004,0.06795945416921706,18.25136947631836,0.14318403073789412,0.27862994870014884,0.11958695948123932,0.12104954570531845
0.5680000000000004,0.06795785754974706,18.256362915039062,0.1430175363866044,0.278627957867783,0.11963097751140594,0.12133947759866714
0.5700000000000004,0.06795598748585792,18.261014938354492,0.1428696905681415,0.2786780680753121,0.1197027787566185,0.12168051302433014
0.5720000000000004,0.06795384931586353,18.265819549560547,0.14274090423641336,0.27878031629394034,0.11979960650205612,0.12206705659627914
0.5740000000000004,0.06795144930925302,18.27036476135254,0.14263149436260839,0.2789347374000887,0.11992333084344864,0.12250349670648575
0.5760000000000004,0.06794932590966075,18.274940490722656,0.14254190602855313,0.27914140976522633,0.12007316201925278,0.12298660725355148
0.5780000000000004,0.06794984143536677,18.27181625366211,0.142386645858576,0.27940041823954864,0.12014767527580261,0.12269848585128784
0.5800000000000004,0.06795058587273253,17.63724136352539,0.14217434635493664,0.2796031917358377,0.12102264165878296,0.1592467576265335
0.5820000000000004,0.06795097990668497,18.257469177246094,0.14193710364632858,0.27988184085808937,0.1204213798046112,0.11966946721076965
0.5840000000000004,0.06795160428954787,18.226144790649414,0.14168411438159914,0.28009381242473136,0.1209336593747139,0.13910245895385742
0.5860000000000004,0.06795189968659754,18.271854400634766,0.14138820495746227,0.280359040052508,0.12053525447845459,0.11955343186855316
0.5880000000000004,0.0679524294351063,18.24761962890625,0.14109004071156345,0.2805609522832557,0.12081608176231384,0.12816299498081207
0.5900000000000004,0.06795318178277605,18.272724151611328,0.14074278158151945,0.28081565843198125,0.12052340805530548,0.1209544688463211
0.5920000000000004,0.06795417985504197,18.24810791015625,0.14031814410765742,0.28100927894041633,0.12055540829896927,0.12387555837631226
0.5940000000000004,0.06795541986943834,18.25931167602539,0.13984082817300458,0.28114609751316444,0.12023497372865677,0.12139973789453506
0.5960000000000004,0.06795691835036062,18.240283966064453,0.13929292999515516,0.28122412743080966,0.12008056789636612,0.12215672433376312
0.5980000000000004,0.06795813107309559,18.244937896728516,0.13869038861494118,0.281246022141622,0.11970316618680954,0.12107278406620026
0.6000000000000004,0.06795905964238358,18.241596221923828,0.13810885152812793,0.2812108007529484,0.11950305104255676,0.12147647887468338
0.6020000000000004,0.06795969687571672,18.252948760986328,0.13755919209906675,0.28123026165215737,0.11923396587371826,0.12116958200931549
0.6040000000000004,0.0679600441633299,18.253225326538086,0.13703370881246651,0.2813032315186227,0.11908106505870819,0.12132740765810013
0.6060000000000004,0.06796009821228956,18.261619567871094,0.13653952908220113,0.2814302967091262,0.11890283972024918,0.12127362191677094
0.6080000000000004,0.0679598610945182,18.2637939453125,0.13607213241665464,0.28161078370957093,0.11880507320165634,0.12142444401979446
0.6100000000000004,0.06795933257027334,18.270343780517578,0.13563628528715665,0.28184504751912354,0.11870688199996948,0.1215604841709137
0.6120000000000004,0.0679585158795391,18.273422241210938,0.13522950806114775,0.2821327275620478,0.118667833507061,0.12183809280395508
0.6140000000000004,0.0679574133076907,18.278907775878906,0.1348550974071221,0.2824740677887914,0.11864221841096878,0.12215973436832428
0.6160000000000004,0.06795602950801947,18.28229522705078,0.13451187656936728,0.2828689092335267,0.11866360157728195,0.12259235233068466
0.6180000000000004,0.0679543689448229,18.28695297241211,0.13420223839784934,0.28331745118817026,0.11870594322681427,0.12309073656797409
0.6200000000000004,0.06795243778904542,18.29047393798828,0.13392583408011816,0.2838196690885073,0.11878827214241028,0.12369009107351303
0.6220000000000004,0.06795024244486861,18.294536590576172,0.13368450692552253,0.2843757531655323,0.11889621615409851,0.12436740100383759
0.6240000000000004,0.06794779062353272,18.298086166381836,0.13347843118655808,0.28498577187845997,0.11904030293226242,0.12514273822307587
0.6260000000000004,0.06794509049320367,18.301921844482422,0.13330911848718674,0.28564992450258875,0.1192130297422409,0.12600532174110413
0.6280000000000004,0.06794215128109085,18.305315017700195,0.1331770700404235,0.28636834632095126,0.11942039430141449,0.12696702778339386
0.6300000000000004,0.06793898278069342,18.308860778808594,0.13308359657639737,0.287141253891133,0.11965885013341904,0.12802384793758392
0.6320000000000005,0.06793559568409974,18.31222915649414,0.1330293990980588,0.2879688320886301,0.119932159781456,0.12918290495872498
0.6340000000000005,0.06793241864097997,18.315807342529297,0.13301566320295322,0.2888513174807364,0.1202392578125,0.1304439753293991
0.6360000000000005,0.0679294513216737,18.31395149230957,0.13295565448107222,0.2897889326447281,0.12048656493425369,0.1301664263010025
0.6380000000000005,0.06792669392813357,18.311084747314453,0.13278125339395747,0.2906716421543377,0.12069262564182281,0.12992313504219055
0.6400000000000005,0.06792414585420836,18.308788299560547,0.13212201108059782,0.2914999776876016,0.12084853649139404,0.12969990074634552
0.6420000000000005,0.06792180678941472,18.305572509765625,0.1314250982922607,0.29227425216842184,0.12096551060676575,0.12949629127979279
0.6440000000000005,0.06791967599279924,18.30266571044922,0.1306902841614482,0.292994823301023,0.12104009836912155,0.12930603325366974
0.6460000000000005,0.06791735149589322,18.299285888671875,0.12991730675647584,0.29366190735587583,0.1210794597864151,0.12913037836551666
0.6480000000000005,0.06791517445001545,16.20702362060547,0.1291088507394075,0.29427573338027746,0.12010546773672104,0.14817599952220917
0.6500000000000005,0.06791327541280547,6.71055269241333,0.12824288607702725,0.2947658433404675,0.12075553089380264,0.14767436683177948
0.6520000000000005,0.0679115491279652,17.735843658447266,0.12735577808152826,0.2952205326466688,0.12015091627836227,0.14655111730098724
0.6540000000000005,0.06791007564474487,17.087322235107422,0.12641834171598448,0.2956137149422682,0.12045229971408844,0.14596609771251678
0.6560000000000005,0.06790879037069716,18.19498062133789,0.1254526217286864,0.2959659175094521,0.12005256116390228,0.14418858289718628
0.6580000000000005,0.06790774144456954,18.01846694946289,0.12443850761151293,0.29626057410635687,0.12014060467481613,0.14432808756828308
0.6600000000000005,0.06790650277646582,18.273473739624023,0.12338959247421483,0.29651042025215957,0.11985599994659424,0.12947045266628265
0.6620000000000005,0.06790510223763965,18.24666976928711,0.1223624579735041,0.2967051525569199,0.11991502344608307,0.13182301819324493
0.6640000000000005,0.06790351750301583,18.29116439819336,0.12136630514471348,0.2969659030222634,0.11987355351448059,0.13069435954093933
0.6660000000000005,0.06790213603027845,18.269681930541992,0.12039469744703234,0.2972860015576745,0.12004788964986801,0.13103406131267548
0.6680000000000005,0.06790094449403082,18.288631439208984,0.11938803909561042,0.29767210251484183,0.12012699246406555,0.13135552406311035
0.6700000000000005,0.06789995285010583,18.26879119873047,0.11834301074845897,0.2980038122786862,0.12027142941951752,0.13126598298549652
0.6720000000000005,0.06789915378361595,18.277019500732422,0.11726245639355456,0.2982838974042133,0.12037713080644608,0.1315862238407135
0.6740000000000005,0.06790056925741682,18.26275634765625,0.11614464996385258,0.2985102201521365,0.12052079290151596,0.13176898658275604
0.6760000000000005,0.06790210799757178,18.255718231201172,0.11492637670128822,0.2986843425005494,0.12068675458431244,0.13380084931850433
0.6780000000000005,0.06790377725396898,18.25200653076172,0.11367578622567938,0.29885398135945435,0.12085698544979095,0.13383904099464417
0.6800000000000005,0.06790558692898012,18.244009017944336,0.11239261732196919,0.29896207292821225,0.12104474753141403,0.13393083214759827
0.6820000000000005,0.06790754483131788,18.239809036254883,0.11107733765353603,0.2990097295248706,0.12124639749526978,0.13408532738685608
0.6840000000000005,0.06790966035032629,18.232990264892578,0.10972993763886121,0.2989973775864362,0.12146826833486557,0.13428686559200287
0.6860000000000005,0.06791194173105437,18.228227615356445,0.10835083261942298,0.298925811038126,0.12171044200658798,0.13405963778495789
0.6880000000000005,0.06791439820546151,18.221595764160156,0.10694118261029562,0.2987954097835038,0.12197578698396683,0.13310027122497559
0.6900000000000005,0.0679170384205778,18.21603012084961,0.1055037872397841,0.2986067500934949,0.12188515812158585,0.13215990364551544
0.6920000000000005,0.06791987168116881,18.20925521850586,0.10403903089190224,0.2983601556829557,0.12101385742425919,0.13124646246433258
0.6940000000000005,0.06792248620519649,18.203155517578125,0.10254738990628813,0.2980560522489184,0.11961633712053299,0.13035893440246582
0.6960000000000005,0.06792487201028444,18.20602035522461,0.10110055931454298,0.29769470994582237,0.11767028272151947,0.13057446479797363
0.6980000000000005,0.0679270193009416,18.210407257080078,0.09970109860392505,0.2973924771642498,0.11585637927055359,0.13085173070430756
0.7000000000000005,0.06792892016644657,18.213497161865234,0.09835143016795167,0.29714878437753756,0.11415921151638031,0.13101857900619507
0.7020000000000005,0.06793056726510768,18.21737289428711,0.09705415925598862,0.2969633286111521,0.112566277384758,0.13061508536338806
0.7040000000000005,0.06793195481257099,18.22064971923828,0.09581183146909969,0.2968357256456032,0.11106698215007782,0.13027997314929962
0.7060000000000005,0.06793307780068845,18.224300384521484,0.09462710314011087,0.2967657635225436,0.10965387523174286,0.13001109659671783
0.7080000000000005,0.06793393256541157,18.227703094482422,0.09350260414334047,0.29675319980121395,0.10832074284553528,0.1298111528158188
0.7100000000000005,0.06793451632046275,18.231094360351562,0.09244102334216733,0.2967979069000838,0.10706433653831482,0.1296807825565338
0.7120000000000005,0.06793482747742695,18.234285354614258,0.09144502761865299,0.2968997536651584,0.10588256269693375,0.1296233832836151
0.7140000000000005,0.06793486536394909,18.23766326904297,0.09051729876333324,0.2970586882826137,0.10477513819932938,0.12964178621768951
0.7160000000000005,0.06793463039851519,18.240877151489258,0.08966048147606247,0.2972746688354097,0.10374309867620468,0.1297500729560852
0.7180000000000005,0.06793412391641007,18.244098663330078,0.08887719233509032,0.29754771026726895,0.10278796404600143,0.12997044622898102
0.7200000000000005,0.06793334825974189,18.246997833251953,0.08816998217039228,0.2978778434116579,0.1019117534160614,0.13030579686164856
0.7220000000000005,0.06793230666615226,18.249805450439453,0.08754132920740539,0.2982651413058802,0.10111750662326813,0.13077013194561005
0.7240000000000005,0.067931003309702,18.252351760864258,0.08699360864903935,0.2987096947847837,0.10040754824876785,0.13141924142837524
0.7260000000000005,0.06792944322606481,18.254770278930664,0.08652907762115176,0.2992116269662407,0.09978507459163666,0.13226178288459778
0.7280000000000005,0.06792763232511927,18.257057189941406,0.0861496047317509,0.299771078499194,0.09925255179405212,0.1333010196685791
0.7300000000000005,0.06792557733735592,18.259246826171875,0.08584396572239426,0.30038821529710685,0.09881246089935303,0.1345381885766983
0.7320000000000005,0.06792328581031633,18.261268615722656,0.08560599750235465,0.3010632194285069,0.0984671488404274,0.13597407937049866
0.7340000000000005,0.06792076606734977,18.263107299804688,0.08543678645578433,0.30179629301415917,0.09821847081184387,0.13760659098625183
0.7360000000000005,0.06791802719492968,18.26483154296875,0.08533014010608006,0.3025876524290103,0.09806827455759048,0.1394299864768982
0.7380000000000005,0.0679150790086253,18.266544342041016,0.08528082678766151,0.303437530034181,0.09801793843507767,0.14143216609954834
0.7400000000000005,0.06791193203532446,18.268169403076172,0.08528926603077268,0.30434617033402334,0.09806860983371735,0.14359109103679657
0.7420000000000005,0.0679085974834372,18.269702911376953,0.08535920020650781,0.30531383049843996,0.09822112321853638,0.14587098360061646
0.7440000000000005,0.06790508722231432,18.271087646484375,0.08551766358592817,0.30634077768459267,0.09847650676965714,0.14821328222751617
0.7460000000000006,0.06790141375493074,18.272377014160156,0.085771239142779,0.3074272888944845,0.09883513301610947,0.1473991423845291
0.7480000000000006,0.06789759019577511,18.27371597290039,0.08612061887382273,0.30857364899974193,0.0992976501584053,0.1443094164133072
0.7500000000000006,0.06789363024497522,18.2749080657959,0.08656624440648451,0.30978015024441463,0.09986399114131927,0.14113746583461761
0.7520000000000006,0.06788954816534372,18.2760009765625,0.08710830876081493,0.31104709070277053,0.10053473711013794,0.1378822773694992
0.7540000000000006,0.06788535875731236,18.27695083618164,0.08773112728750598,0.31237477360317106,0.10130955278873444,0.1345428079366684
0.7560000000000006,0.06788107733548418,18.277799606323242,0.08841565834574658,0.3137635060606271,0.1021885871887207,0.13111835718154907
0.7580000000000006,0.06787671970398235,18.278606414794922,0.08916215734379049,0.31521359832133733,0.10317162424325943,0.12760797142982483
0.7600000000000006,0.06787230213266097,18.279308319091797,0.08997316653769173,0.316725362677198,0.10425863415002823,0.12401110678911209
0.7620000000000006,0.06786784133261038,18.279874801635742,0.0908586619945887,0.3182991126873779,0.10544965416193008,0.12032702565193176
0.7640000000000006,0.06786335443208014,18.280311584472656,0.09181956404800466,0.31993516222039314,0.10674499720335007,0.11655530333518982
0.7660000000000006,0.0678588589519571,18.2807674407959,0.09285557622319546,0.32163382468466706,0.10814568400382996,0.11269566416740417
0.7680000000000006,0.0678543650214519,18.281274795532227,0.09397778297574984,0.32339541216637085,0.10965298116207123,0.10874757170677185
0.7700000000000006,0.06784989957475124,18.283939361572266,0.09511158335620559,0.32522023468714717,0.1111617237329483,0.10962767153978348
0.7720000000000006,0.06784548893578884,18.28623390197754,0.09625308003866478,0.327009905144102,0.11267173290252686,0.11053850501775742
0.7740000000000006,0.0678411589500707,18.288082122802734,0.0973986352623215,0.3287646301206398,0.11418262869119644,0.11147851496934891
0.7760000000000006,0.06783693504049697,18.289865493774414,0.0985448648285272,0.33048460552241776,0.11569472402334213,0.11244738101959229
0.7780000000000006,0.06783284230540042,18.291606903076172,0.09968861476469265,0.33217000625357995,0.11720732599496841,0.11344430595636368
0.7800000000000006,0.06782890557349604,18.293514251708984,0.10082695098601244,0.3338209969779355,0.11871904879808426,0.11446917057037354
0.7820000000000006,0.06782514947838313,18.295297622680664,0.10195714074482048,0.33543772720253684,0.12022682279348373,0.11552169919013977
0.7840000000000006,0.06782159850811863,18.296974182128906,0.10307664105966059,0.3370203384849566,0.1217256486415863,0.11660222709178925
0.7860000000000006,0.06781827706257386,18.298656463623047,0.10418308354374564,0.33856896245536844,0.12320832163095474,0.11771124601364136
0.7880000000000006,0.06781520949590777,18.30019187927246,0.1052742631512198,0.3400837257905755,0.12466450035572052,0.11884918063879013
0.7900000000000006,0.06781254593970709,18.30160903930664,0.10634812560457971,0.34156474977686546,0.12608098983764648,0.12001648545265198
0.7920000000000006,0.06781014813478488,18.299684524536133,0.10740240431831537,0.3430121538406109,0.12744081020355225,0.11935054510831833
0.7940000000000006,0.06780813422534505,18.300132751464844,0.10843639370994461,0.34439779188514125,0.1287258267402649,0.1205030307173729
0.7960000000000006,0.06780639593713221,18.29816436767578,0.10944863880747688,0.3457502330764583,0.12991276383399963,0.1198015883564949
0.7980000000000006,0.06780501524990375,18.297992706298828,0.11043801937107338,0.34704009312287715,0.13097740709781647,0.12094182521104813
0.8000000000000006,0.06780396137279313,18.29620361328125,0.11140415358041804,0.3482970765844349,0.13189193606376648,0.12021377682685852
0.8020000000000006,0.06780317960365077,18.291837692260742,0.11234660777502821,0.3494915901159932,0.1326255202293396,0.119463250041008
0.8040000000000006,0.06780269962615947,18.292739868164062,0.11326325579512864,0.35062399272782035,0.13306622207164764,0.12057412415742874
0.8060000000000006,0.06780250064412024,18.289813995361328,0.11415502160023383,0.3517237199527842,0.13344068825244904,0.11981084942817688
0.8080000000000006,0.067802578518008,18.289928436279297,0.11501899784787564,0.3527612756594566,0.1338176429271698,0.12090892344713211
0.8100000000000006,0.06780290473316185,18.287710189819336,0.11585703390776453,0.3537664230695175,0.13419364392757416,0.12013103067874908
0.8120000000000006,0.0678035086012643,18.284088134765625,0.11666888417945522,0.35470937294525795,0.13456594944000244,0.11934179067611694
0.8140000000000006,0.06780433729448877,18.28452491760254,0.1174506464224907,0.35559033237432447,0.13493405282497406,0.12040764838457108
0.8160000000000006,0.06780545215969136,18.281784057617188,0.11820533387461016,0.3564390968254307,0.1352963000535965,0.11961016058921814
0.8180000000000006,0.06780676854144274,18.281524658203125,0.11892835449202938,0.35722577826127194,0.1356503963470459,0.12066570669412613
0.8200000000000006,0.06780837944496443,18.279376983642578,0.11962351549509721,0.35798049199095655,0.13599620759487152,0.11985716223716736
0.8220000000000006,0.06781016878037281,18.278751373291016,0.11996174018217837,0.35867307833299455,0.13633033633232117,0.12091819196939468
0.8240000000000006,0.06781066238136484,18.277021408081055,0.12027995895754247,0.35933390526987724,0.13665388524532318,0.12014404684305191
0.8260000000000006,0.06781133034873321,16.340572357177734,0.12065920199429923,0.3599327157306116,0.1368875950574875,0.095110684633255
0.8280000000000006,0.06781217675302909,9.856773376464844,0.12103408161118791,0.36041496147878005,0.13702790439128876,0.09848742932081223
0.8300000000000006,0.06781326098061678,17.73388671875,0.12136354979957553,0.36086904298732514,0.1372298300266266,0.10263384133577347
0.8320000000000006,0.06781459480297326,17.563491821289062,0.12167956137687416,0.3612743771220453,0.1373690813779831,0.10590716451406479
0.8340000000000006,0.06781622872698682,18.205360412597656,0.12195615757467329,0.36164887960434594,0.13754108548164368,0.10957597941160202
0.8360000000000006,0.06781817976070695,18.119247436523438,0.12221326941572686,0.36197988019155164,0.13766904175281525,0.11270080506801605
0.8380000000000006,0.06782049154054347,18.277633666992188,0.12243487002925352,0.36227881587332805,0.13781045377254486,0.11599121987819672
0.8400000000000006,0.06782318472066763,18.250587463378906,0.12263298267174153,0.36253817801968563,0.13791924715042114,0.11895034462213516
0.8420000000000006,0.06782603715443385,18.28137969970703,0.12279810975839053,0.36276514668754467,0.13802827894687653,0.12194430083036423
0.8440000000000006,0.0678290288540302,18.256423950195312,0.12294242049004839,0.36295557973567205,0.13810725510120392,0.12265858799219131
0.8460000000000006,0.06783215110216718,18.26456069946289,0.12306067603505097,0.3630843212127514,0.13817529380321503,0.12332314997911453
0.8480000000000006,0.0678353849431817,18.247657775878906,0.12315700804971243,0.3631487906341155,0.13821716606616974,0.12382277846336365
0.8500000000000006,0.06783871870560894,18.248882293701172,0.12322840891537541,0.3631512903635381,0.13824404776096344,0.12425004690885544
0.8520000000000006,0.06784213399870082,18.237398147583008,0.1232772980056459,0.36309038497300516,0.13824725151062012,0.124550461769104
0.8540000000000006,0.06784561708535125,18.236881256103516,0.12330195573866536,0.3629674591940478,0.1382327526807785,0.1247725561261177
0.8560000000000006,0.06784914989039663,18.228694915771484,0.12330380448350134,0.36278173274179143,0.1381956785917282,0.1248931735754013
0.8580000000000007,0.0678512546102478,18.22707748413086,0.12328186595846585,0.3625340530271397,0.13813968002796173,0.124938003718853
0.8600000000000007,0.06785338311176269,17.503509521484375,0.12324863835857854,0.3622240128634749,0.13798344135284424,0.13413894176483154
0.8620000000000007,0.06785556659125881,18.162240982055664,0.1231774722429114,0.36178997935339247,0.13784672319889069,0.13448071479797363
0.8640000000000007,0.06785776672237012,18.08395767211914,0.12308827857266343,0.3612878937054061,0.13766157627105713,0.13475483655929565
0.8660000000000007,0.06786884414539165,18.2215633392334,0.12296585595122855,0.3607280851639283,0.13747991621494293,0.13476930558681488
0.8680000000000007,0.0678797174261834,17.82981300354004,0.12271908061585377,0.360102814297026,0.1374519020318985,0.10633368045091629
0.8700000000000007,0.06789047162183129,17.930438995361328,0.12252282741498459,0.3594450149475316,0.13749010860919952,0.11671112477779388
0.8720000000000007,0.0679007518725713,17.965381622314453,0.1223840611193763,0.35887113629041145,0.13756932318210602,0.127352774143219
0.8740000000000007,0.06791056221705263,18.03104019165039,0.1222323249387692,0.3583827898797225,0.1376257985830307,0.13035809993743896
0.8760000000000007,0.06791864502833621,18.045425415039062,0.12207080685578915,0.35784282538866174,0.1376456767320633,0.13215738534927368
0.8780000000000007,0.06792637483980443,18.15955352783203,0.12193189594033473,0.35725249554410027,0.137593612074852,0.13703063130378723
0.8800000000000007,0.06793374096944342,18.166658401489258,0.1217753642391098,0.35661680123313466,0.1375197321176529,0.13534648716449738
0.8820000000000007,0.06794072671103041,18.162757873535156,0.12160184577900979,0.35592370772838683,0.13742057979106903,0.13366910815238953
0.8840000000000007,0.0679473223444069,18.16600799560547,0.12141033713180308,0.3551735096644348,0.13729940354824066,0.13222745060920715
0.8860000000000007,0.06795351448337322,18.163549423217773,0.12120146093517169,0.3543657916009271,0.13715465366840363,0.13113285601139069
0.8880000000000007,0.06795929432609665,18.1644229888916,0.12097481519754744,0.3535014455692359,0.13698892295360565,0.13041521608829498
0.8900000000000007,0.06796465099933804,18.16200828552246,0.12073077124425373,0.3525807626580449,0.13680149614810944,0.12998872995376587
0.8920000000000007,0.06796957670866495,18.161401748657227,0.12046912292524221,0.35160450718925174,0.13659431040287018,0.12985534965991974
0.8940000000000007,0.0679740626023559,18.158611297607422,0.12019010769715294,0.3505730994082935,0.13636720180511475,0.12995955348014832
0.8960000000000007,0.06797810195800719,18.156612396240234,0.1198936388848151,0.3494872344354943,0.13612177968025208,0.1302938014268875
0.8980000000000007,0.06798168764076236,18.153423309326172,0.1195798870735886,0.348347411198479,0.13585813343524933,0.13082106411457062
0.9000000000000007,0.06798481406381642,18.150714874267578,0.11924884258084496,0.3471542886615782,0.1355774998664856,0.13153091073036194
0.9020000000000007,0.0679874756450956,18.147218704223633,0.11890064728324322,0.34590841455950244,0.13528043031692505,0.13239751756191254
0.9040000000000007,0.06798966801139987,18.144254684448242,0.11853534458266958,0.34461043018041637,0.13496801257133484,0.13341082632541656
0.9060000000000007,0.067991387075409,18.140544891357422,0.11815306918677447,0.3432609142902225,0.13464093208312988,0.13455264270305634
0.9080000000000007,0.06799262977817977,18.136707305908203,0.11775390379972415,0.34186050071764207,0.13430005311965942,0.13581381738185883
0.9100000000000007,0.06799339354905409,18.13235855102539,0.11733798783446805,0.34040978863465865,0.13394609093666077,0.13718168437480927
0.9120000000000007,0.06799367676895762,18.127979278564453,0.11690543500036085,0.3389094099986561,0.13358046114444733,0.13864876329898834
0.9140000000000007,0.0679933306227679,18.123096466064453,0.11645639563022565,0.33735997803126655,0.13320349156856537,0.14020563662052155
0.9160000000000007,0.0679927737794871,17.841461181640625,0.11591030489404677,0.3357621258660415,0.13290533423423767,0.07287031412124634
0.9180000000000007,0.06799208469461115,17.86178207397461,0.11541967936608391,0.334098243482691,0.13264475762844086,0.08838104456663132
0.9200000000000007,0.067991369858925,17.916522979736328,0.11498013442328223,0.33251452137606174,0.13243575394153595,0.1015508770942688
0.9220000000000007,0.06799068753406388,17.96127700805664,0.11459324281476302,0.33100735238247353,0.13226771354675293,0.11394073069095612
0.9240000000000007,0.06798944290582926,18.021465301513672,0.11425613358147121,0.32957667490616455,0.13214905560016632,0.12508615851402283
0.9260000000000007,0.06798692328834403,18.031906127929688,0.11390944983860045,0.3282200228317523,0.1320062279701233,0.12893500924110413
0.9280000000000007,0.0679846377500519,17.787843704223633,0.11360445453192608,0.32681371343559695,0.13167592883110046,0.09491315484046936
0.9300000000000007,0.06798272142653877,18.005050659179688,0.11332138476950748,0.32538654184569116,0.13144804537296295,0.1070881187915802
0.9320000000000007,0.0679810918023592,18.036357879638672,0.11307786940284459,0.32400905567127686,0.1312563270330429,0.11860911548137665
0.9340000000000007,0.06797918364304968,18.111892700195312,0.11286289932198568,0.3226906965674005,0.13114790618419647,0.12863805890083313
0.9360000000000007,0.06797694625171156,18.09552001953125,0.11262794840833232,0.3214264714551788,0.1310168206691742,0.13117487728595734
0.9380000000000007,0.06797441568439375,18.130840301513672,0.11236697910599616,0.3201024516452117,0.13089145720005035,0.134084552526474
0.9400000000000007,0.06797155660206053,18.113433837890625,0.11208704325876528,0.31871679836461764,0.13074910640716553,0.13694646954536438
0.9420000000000007,0.06796838549336215,18.12717628479004,0.1117844525319597,0.3172739222933814,0.1306069940328598,0.1390954703092575
0.9440000000000007,0.06796487955507584,18.111732482910156,0.11146318285478246,0.3157732831576977,0.13045208156108856,0.14032797515392303
0.9460000000000007,0.06796104739386162,18.11534881591797,0.11112127840419272,0.314217869415423,0.1302945762872696,0.1408616304397583
0.9480000000000007,0.06795687662095717,18.101459503173828,0.11076117289165031,0.3126078250260771,0.13012731075286865,0.1408822387456894
0.9500000000000007,0.06795237418068767,18.09922218322754,0.11038188205572684,0.3109452823511824,0.12995655834674835,0.14051730930805206
0.9520000000000007,0.06794753631636088,18.086505889892578,0.10998493347886339,0.309230734761203,0.12969866394996643,0.13989876210689545
0.9540000000000007,0.06794237138475108,18.08057403564453,0.10956988507690343,0.3074657925591812,0.1292770802974701,0.13910263776779175
0.9560000000000007,0.06793688273377599,18.068897247314453,0.10909790196400482,0.3056511188922218,0.12876026332378387,0.13820071518421173
0.9580000000000007,0.06793108147203873,18.061168670654297,0.10846395880252042,0.30378800172580583,0.12815682590007782,0.13723497092723846
0.9600000000000007,0.06792497677749129,18.05002784729004,0.10780977315233607,0.30187718011251974,0.1274736374616623,0.13623982667922974
0.9620000000000007,0.06791858295059967,18.041316986083984,0.10713570002226211,0.2999197409576145,0.12671929597854614,0.13523684442043304
0.9640000000000007,0.06790804650569467,18.030668258666992,0.10644212553420512,0.2979164523228252,0.12590163946151733,0.1342402547597885
0.9660000000000007,0.0678977703847884,10.651885986328125,0.10573751290187261,0.29586827505790203,0.1250559240579605,0.008095050230622292
0.9680000000000007,0.06788783396803726,15.050325393676758,0.1050742133960358,0.29367953955316645,0.12422778457403183,0.020001452416181564
0.9700000000000008,0.06787846724096394,16.381135940551758,0.10445503041628679,0.2915867943617746,0.1234462782740593,0.03097781352698803
0.9720000000000008,0.06786965039564269,17.692813873291016,0.10387969571439712,0.28957540915050833,0.12271037697792053,0.0537223219871521
0.9740000000000008,0.06786145719823512,17.78307342529297,0.1033507451761266,0.28764976324430386,0.12203357368707657,0.078536756336689
0.9760000000000008,0.06785383921832655,17.82773208618164,0.10286795837438995,0.2858005570019566,0.12141498178243637,0.0993070900440216
0.9780000000000008,0.06784680215008493,17.945308685302734,0.1024334529111549,0.28402988783991984,0.12086121737957001,0.11551801860332489
0.9800000000000008,0.06783976850690113,17.962722778320312,0.10204717680310008,0.282331956105025,0.12037096917629242,0.12834738194942474
0.9820000000000008,0.06783325255585915,17.996356964111328,0.10164324408173735,0.2807075524789476,0.11985734105110168,0.13342782855033875
0.9840000000000008,0.06782721223824469,18.004117965698242,0.10128877036750436,0.27903734964872706,0.11940929293632507,0.13727127015590668
0.9860000000000008,0.06782162298209438,18.026535034179688,0.10098519808293058,0.277438341508005,0.11902841925621033,0.14047938585281372
0.9880000000000008,0.06781645210601048,18.028532028198242,0.10073279723893784,0.27590806441657634,0.11871352791786194,0.14318042993545532
0.9900000000000008,0.06781167670734517,18.042003631591797,0.10053279251095201,0.2744462923465867,0.11846514046192169,0.1456044763326645
0.9920000000000008,0.06780727264173168,18.044343948364258,0.1003856010269496,0.27305139753380475,0.11828266084194183,0.147744283080101
0.9940000000000008,0.06780322134882712,18.053342819213867,0.10029229445176227,0.27172303302046696,0.11816619336605072,0.14974625408649445
0.9960000000000008,0.06779950563450642,18.05640983581543,0.10025339463711215,0.2704600878929567,0.11811527609825134,0.14948685467243195
0.9980000000000008,0.06779611162081571,18.062061309814453,0.10026985993543097,0.26926218928156936,0.11813031882047653,0.14766043424606323
1.0000000000000007,0.06779302752066368,18.064760208129883,0.10034227434275018,0.2681285532578586,0.11821120977401733,0.14592356979846954
1.0020000000000007,0.06779024364628362,18.06853485107422,0.1004715024229329,0.2670588259880938,0.11835819482803345,0.14426375925540924
1.0040000000000007,0.06778775237524273,18.071090698242188,0.10065814998718607,0.2660524375886882,0.11857146769762039,0.14264027774333954
1.0060000000000007,0.06778554753739909,18.073856353759766,0.10090299298873254,0.2651090734651202,0.1188516840338707,0.14105109870433807
1.0080000000000007,0.06778362476458807,18.07594871520996,0.10120662246288584,0.2642283106512404,0.11919888854026794,0.13947314023971558
1.0100000000000007,0.06778198080043135,18.07822608947754,0.1015697163429432,0.26340988216151806,0.11961394548416138,0.13790735602378845
1.0120000000000007,0.06775912423386404,18.079975128173828,0.10198640280333164,0.26265347206786477,0.12009746581315994,0.13634102046489716
1.0140000000000007,0.067748122062071,-10.556288719177246,0.10227626707525626,0.2619588639277182,0.12041950970888138,0.26452893018722534
1.0160000000000007,0.06774444579444326,-7.663704872131348,0.10259663904705195,0.2611972692603163,0.12078345566987991,0.09281961619853973
1.0180000000000007,0.06774514812704265,-5.1868462562561035,0.10278178819707645,0.260470942331144,0.12098236382007599,0.017225828021764755
1.0200000000000007,0.06774849476123668,10.182330131530762,0.10291954684415554,0.2596358936325608,0.12113124877214432,0.02647152543067932
1.0220000000000007,0.0677533653560322,15.684331893920898,0.10306748203032161,0.25877191502395847,0.12130463868379593,0.042074427008628845
1.0240000000000007,0.06775912009340622,17.112550735473633,0.1032702628647965,0.25794221434583936,0.12156157195568085,0.06090712919831276
1.0260000000000007,0.06776531334699498,17.811203002929688,0.1035312979022542,0.2571869099506034,0.12190581858158112,0.0848592147231102
1.0280000000000007,0.0677717193201079,17.898174285888672,0.10384989396499436,0.2565108230461491,0.12233886122703552,0.1072508692741394
1.0300000000000007,0.06778036092171497,17.98396873474121,0.10422909019261319,0.255910417183443,0.12285878509283066,0.1245342344045639
1.0320000000000007,0.06778919499602765,17.44091796875,0.1046511692811488,0.25538459765389115,0.12341335415840149,0.1081320121884346
1.0340000000000007,0.06779718023401939,17.35139274597168,0.10514945218999135,0.2548416020754051,0.1240500807762146,0.12466558814048767
1.0360000000000007,0.06780433176572408,17.983577728271484,0.1056510232620767,0.25438124502181325,0.12468571960926056,0.1367000937461853
1.0380000000000007,0.06781061856363749,17.916015625,0.10615298305711574,0.253877735927774,0.12530817091464996,0.14525501430034637
1.0400000000000007,0.06781628144195877,18.091415405273438,0.10665596784246462,0.253337044930374,0.1259252429008484,0.1527986377477646
1.0420000000000007,0.06782130333296058,18.088903427124023,0.10715720888946134,0.25275492965272783,0.126528799533844,0.14921538531780243
1.0440000000000007,0.06782582318625671,18.117034912109375,0.10765271750120131,0.25213506414575204,0.12712298333644867,0.1450520157814026
1.0460000000000007,0.06782983393888813,18.100059509277344,0.10812699191392791,0.25147506929201685,0.12770284712314606,0.1418706178665161
1.0480000000000007,0.06783341665999429,18.111600875854492,0.10858306219015593,0.25077714586627653,0.12827004492282867,0.13967251777648926
1.0500000000000007,0.06784276534273127,18.10031509399414,0.10901954198166972,0.250040051203436,0.12882104516029358,0.13816332817077637
1.0520000000000007,0.06785049268236924,14.914714813232422,0.10925826375076717,0.24926513217029522,0.12912535667419434,0.05461040884256363
1.0540000000000007,0.0678570895479717,15.64454460144043,0.10954354366524748,0.2485543493133334,0.12949839234352112,0.06611435860395432
1.0560000000000007,0.06786275786734296,16.769004821777344,0.10989662709543487,0.2478836104958258,0.12996424734592438,0.08120828866958618
1.0580000000000007,0.06786777488150941,17.75244140625,0.11032100110734144,0.2472825214717912,0.13052871823310852,0.09536204487085342
1.0600000000000007,0.06787226861941018,17.85235595703125,0.11081305931792546,0.2467507148484523,0.1311856061220169,0.10812061280012131
1.0620000000000007,0.06787606840585524,17.913978576660156,0.1113731211993499,0.24628903218553203,0.13193605840206146,0.12066875398159027
1.0640000000000007,0.06787924888039136,17.95987892150879,0.11192426826324457,0.2458955587626878,0.13267874717712402,0.12791135907173157
1.0660000000000007,0.06788190085190825,18.01854133605957,0.11247697588492417,0.2454566541367792,0.13341398537158966,0.13187821209430695
1.0680000000000007,0.06788407186660983,18.031665802001953,0.11303184905877822,0.24497263122910626,0.1341407150030136,0.13476507365703583
1.0700000000000007,0.06788581726229936,18.04953384399414,0.11358812492193596,0.24444494198089545,0.134862020611763,0.1371840238571167
1.0720000000000007,0.06788716856455547,18.057632446289062,0.1141438928274963,0.24387402844813874,0.13558095693588257,0.13901454210281372
1.0740000000000007,0.06788816106871362,18.06683349609375,0.11469828369543782,0.2432609481798805,0.13630488514900208,0.1404939889907837
1.0760000000000007,0.06788979642483241,18.068326950073242,0.11524967792154864,0.2426061681229901,0.1370423287153244,0.14155852794647217
1.0780000000000007,0.06789032339946026,-3.1792664527893066,0.1155619346447263,0.24191048128147102,0.1374901682138443,0.08668357133865356
1.0800000000000007,0.0678900164874637,0.7157254815101624,0.11586625136774181,0.24127176052949434,0.1372496783733368,0.06976454704999924
1.0820000000000007,0.06788910758055579,10.482118606567383,0.1161942959158406,0.24057657020277617,0.13696271181106567,0.06693292409181595
1.0840000000000007,0.06788775964262192,14.903554916381836,0.11656827870140835,0.2398780058442382,0.13678957521915436,0.07345567643642426
1.0860000000000007,0.06788610827873456,15.657930374145508,0.11700762031509016,0.2392040315953342,0.13610513508319855,0.08108105510473251
1.0880000000000007,0.06788425356684522,15.770029067993164,0.11752395776460925,0.2385759346792523,0.13485142588615417,0.08815687149763107
1.0900000000000007,0.06788227935139278,16.198286056518555,0.11812715491120325,0.23801161932705267,0.13371925055980682,0.09534204006195068
1.0920000000000007,0.06788025014832173,17.52116584777832,0.11881445824942374,0.2375226348443035,0.13274939358234406,0.10281044244766235
1.0940000000000007,0.06787821985681085,17.769725799560547,0.11958418908511663,0.2371082497962321,0.13191822171211243,0.10925674438476562
1.0960000000000008,0.06787623157937625,17.83818817138672,0.12043554911388984,0.2367675286798089,0.13126148283481598,0.11520077288150787
1.0980000000000008,0.06787432172639717,17.862939834594727,0.1213667583942403,0.2364991843747387,0.13076037168502808,0.11928361654281616
1.1000000000000008,0.06787224513665804,17.900375366210938,0.1223755188908909,0.23630251599221935,0.1304418295621872,0.12205673009157181
1.1020000000000008,0.06786952590651338,17.931310653686523,0.12338721671304488,0.2361769369645536,0.13021063804626465,0.12355230748653412
1.1040000000000008,0.06786668599701114,16.93267250061035,0.12437417506669382,0.23601247258805091,0.12869314849376678,0.1259884387254715
1.1060000000000008,0.06786373564564062,8.573291778564453,0.1253412841352612,0.23583362426959797,0.12971507012844086,0.12849919497966766
1.1080000000000008,0.06786069615433608,17.750394821166992,0.12631450217141887,0.23561881953589423,0.12865234911441803,0.13151873648166656
1.1100000000000008,0.0678575831860327,17.60224151611328,0.12726161739801176,0.23536358202323063,0.12953756749629974,0.13393832743167877
1.1120000000000008,0.06785465420595524,18.025787353515625,0.12820422607462234,0.2350728060317937,0.1288841813802719,0.11096563190221786
1.1140000000000008,0.06784868042677136,18.00564193725586,0.12919404162258094,0.23474389822346303,0.12969723343849182,0.14031024277210236
1.1160000000000008,0.06784268032737109,17.69859504699707,0.1300909628761874,0.2344875230603494,0.1305176019668579,0.127071350812912
1.1180000000000008,0.06783688975641906,17.787803649902344,0.13098996830265053,0.23427670042110235,0.1303011029958725,0.11841141432523727
1.1200000000000008,0.06783110122040169,17.81707191467285,0.13194613840412936,0.23402996951367608,0.13105438649654388,0.13171570003032684
1.1220000000000008,0.06782706771157594,17.863338470458984,0.13289405763734888,0.2338548879006825,0.13113753497600555,0.12468951940536499
1.1240000000000008,0.06782300392073123,-1.0053496360778809,0.1338216352745326,0.23364142404238736,0.1344580501317978,0.14397254586219788
1.1260000000000008,0.0678189468673046,17.26598358154297,0.13471328058440252,0.23345401026440696,0.1327837109565735,0.14619967341423035
1.1280000000000008,0.06781495257917283,17.318359375,0.13488612284727047,0.23326678573274778,0.13509595394134521,0.1471187323331833
1.1300000000000008,0.06781098385635634,17.90386199951172,0.13515895702404204,0.23303943987664172,0.13419289886951447,0.13067084550857544
1.1320000000000008,0.06780708194816805,17.794979095458984,0.135295262192119,0.23276961408675495,0.1357559710741043,0.14217287302017212
1.1340000000000008,0.06780338877177883,18.06830596923828,0.13551085736747379,0.23246072321790412,0.1353382021188736,0.11387035250663757
1.1360000000000008,0.06779998357347822,18.082843780517578,0.13568582051417682,0.23211150527958418,0.13647298514842987,0.13768041133880615
1.1380000000000008,0.0677966899118386,17.69390296936035,0.13577916600629392,0.23183060084883358,0.1381993144750595,0.1365671455860138
1.1400000000000008,0.0677936153614241,18.068647384643555,0.13605472763977539,0.23149304616555322,0.13754835724830627,0.11875981092453003
1.1420000000000008,0.06779063909288768,17.985145568847656,0.13622774723287448,0.2311085522862762,0.13871067762374878,0.13422977924346924
1.1440000000000008,0.06778624716945077,18.102785110473633,0.13649801766283215,0.23078741767733638,0.13849923014640808,0.12311522662639618
1.1460000000000008,0.06778220630238897,-8.631949424743652,0.136432142970196,0.23041985591311948,0.1415107101202011,0.11570987105369568
1.1480000000000008,0.06777826129659635,16.407541275024414,0.13681307604716839,0.23001702880327626,0.13983428478240967,0.13417385518550873
1.1500000000000008,0.06777458184563345,9.66649055480957,0.1368719001876305,0.22967380521941447,0.1418946534395218,0.13215476274490356
1.1520000000000008,0.06776980536818379,14.317277908325195,0.13720282226502506,0.22928596710977217,0.1393267810344696,0.12349685281515121
1.1540000000000008,0.06776526017947226,-8.174647331237793,0.13701897774749255,0.22878308048963714,0.14237380027770996,0.14207109808921814
1.1560000000000008,0.06776089955696045,16.01207160949707,0.13717322635414417,0.22821849025996588,0.14034688472747803,0.14438554644584656
1.1580000000000008,0.06775693817950248,1.845123291015625,0.13706522221567077,0.22763983158956794,0.14213699102401733,0.14117060601711273
1.1600000000000008,0.06775142429203806,17.56534767150879,0.13715655154068956,0.22702309810890836,0.14087547361850739,0.14172303676605225
1.1620000000000008,0.06774648026663095,9.863757133483887,0.1370547523261881,0.2264299246808449,0.14220274984836578,0.14756332337856293
1.1640000000000008,0.06774236655462447,17.720203399658203,0.13703227078967198,0.2258636563910782,0.14112259447574615,0.1042119562625885
1.1660000000000008,0.0677390868142524,17.592296600341797,0.1370075985584774,0.22525784661886405,0.14191177487373352,0.13425326347351074
1.1680000000000008,0.06773652264216151,17.920862197875977,0.13699980533043354,0.22472110579663762,0.14125269651412964,0.10945267230272293
1.1700000000000008,0.06773466361959952,17.92001724243164,0.13702774821109445,0.22414451896057372,0.14175160229206085,0.1462637484073639
1.1720000000000008,0.06773411509760466,17.95140266418457,0.137042864044883,0.22363636372032927,0.14135687053203583,0.12734758853912354
1.1740000000000008,0.0677339145176974,17.916187286376953,0.13713128832783428,0.223087818958721,0.14213229715824127,0.13285742700099945
1.1760000000000008,0.06773403536103961,18.01287841796875,0.13718960178191247,0.22252371445355126,0.14183077216148376,0.13230504095554352
1.1780000000000008,0.06773449703425331,18.00510025024414,0.1372195253635055,0.2219167031021972,0.14227737486362457,0.13160979747772217
1.1800000000000008,0.06773528951843281,18.000656127929688,0.13720992685995115,0.22126750038979148,0.1420559138059616,0.13130979239940643
1.1820000000000008,0.0677364288491617,17.97528076171875,0.13717374384536613,0.22057634936275605,0.14226052165031433,0.13054868578910828
1.1840000000000008,0.0677379156017825,17.974201202392578,0.13709532889894327,0.21984373834656482,0.14204536378383636,0.130278080701828
1.1860000000000008,0.0677397656889139,17.954933166503906,0.13698843876491332,0.21906995732661919,0.1420591026544571,0.1298045963048935
1.1880000000000008,0.0677419870359062,17.94972801208496,0.13683896831237866,0.21825536878970667,0.14180204272270203,0.12960410118103027
1.1900000000000008,0.06774459702098495,17.9353084564209,0.13665814733462428,0.21740025992175532,0.1416553407907486,0.12930385768413544
1.1920000000000008,0.0677476089688403,17.92779541015625,0.1364357665971717,0.21650492131127871,0.14132831990718842,0.12916481494903564
1.1940000000000008,0.06775182157769351,17.914344787597656,0.13618112827825288,0.21557065972175246,0.1410456746816635,0.12899252772331238
1.1960000000000008,0.06775678360073506,16.039880752563477,0.13573182379034526,0.2145992225494739,0.13831934332847595,0.14012806117534637
1.1980000000000008,0.06776229529425098,0.34499916434288025,0.13543148122650223,0.21366993041048932,0.1398552507162094,0.13692955672740936
1.2000000000000008,0.06776854007451914,17.360511779785156,0.13495261739503192,0.21270854727288835,0.13791196048259735,0.129682257771492
1.2020000000000008,0.06777556351206786,17.364978790283203,0.13458631114353276,0.2117413823452198,0.13863874971866608,0.1368681639432907
1.2040000000000008,0.06778298741713558,17.699329376220703,0.1340693956782443,0.21074586030757042,0.13717788457870483,0.08727371692657471
1.2060000000000008,0.06779113596307029,17.57045555114746,0.13369956173164674,0.2097248439582713,0.13739201426506042,0.1294032484292984
1.2080000000000009,0.0677996070885252,17.763839721679688,0.1332158294495876,0.20876951022608048,0.13631144165992737,0.10622317343950272
1.2100000000000009,0.06780876103000599,17.791610717773438,0.13284486544375737,0.20778897102210594,0.13622650504112244,0.12670181691646576
1.2120000000000009,0.06781816333399235,17.776397705078125,0.13238646082421976,0.2068725845784686,0.13536971807479858,0.11389447003602982
1.2140000000000009,0.0678282152002375,17.767728805541992,0.1320155055421523,0.20593114690730527,0.1351042538881302,0.12258988618850708
1.2160000000000009,0.06783844556346294,17.770225524902344,0.13157470515751496,0.20505236260935564,0.1343705803155899,0.11667540669441223
1.2180000000000009,0.06784929907930229,17.76555061340332,0.13120412923758348,0.20414792988729755,0.13399861752986908,0.12071841955184937
1.2200000000000009,0.06786026618815719,17.76276206970215,0.13077409708882182,0.2033047387927008,0.13332924246788025,0.11765419691801071
1.2220000000000009,0.06787129870724813,17.76532554626465,0.13040283280129344,0.20243438861866556,0.13289129734039307,0.11997385323047638
1.2240000000000009,0.0678811017114177,17.78076934814453,0.13005278087430336,0.20162402374436073,0.13233573734760284,0.12055151164531708
1.2260000000000009,0.06789144512122465,17.84227752685547,0.12974346014214422,0.20087305651048298,0.1322222203016281,0.12400886416435242
1.2280000000000009,0.06790175860175657,17.829042434692383,0.1293051109636311,0.20003987542631468,0.1312965750694275,0.11865763366222382
1.2300000000000009,0.06791262406654507,17.822145462036133,0.1289818015242558,0.19918590080612916,0.13098984956741333,0.12288980185985565
1.2320000000000009,0.06792399338060023,16.588863372802734,0.12831328382600188,0.19839526522451265,0.12860091030597687,0.1250353306531906
1.2340000000000009,0.06793593786826417,9.027694702148438,0.12800085134027617,0.19748589646500464,0.12920036911964417,0.12245240062475204
1.2360000000000009,0.06794782130562094,17.52715492248535,0.1273385541231488,0.19655607511761958,0.12739235162734985,0.10414306819438934
1.2380000000000009,0.06796023465466783,17.440996170043945,0.1269621649511584,0.1956085207388764,0.1274268478155136,0.12143862247467041
1.2400000000000009,0.06797255542996943,17.74367904663086,0.12635745371789273,0.1947214536907538,0.12606169283390045,0.09692789614200592
1.2420000000000009,0.0679836040339505,17.765300750732422,0.12594109137020165,0.19381491406989498,0.12578317523002625,0.12144891172647476
1.2440000000000009,0.0679944120880634,17.135723114013672,0.12527443350456968,0.1929671074447334,0.12382729351520538,0.12383298575878143
1.2460000000000009,0.0680050127756793,16.65967559814453,0.12490839109357982,0.19209197475460413,0.12419584393501282,0.12211501598358154
1.2480000000000009,0.06801486626913443,17.664886474609375,0.12424168139007807,0.1911933920306628,0.1226692870259285,0.08833704143762589
1.2500000000000009,0.06802448625160452,17.591838836669922,0.12381172142779139,0.19027420717069876,0.12259931862354279,0.12140162289142609
1.252000000000001,0.068033407680945,17.783218383789062,0.123191445479047,0.18940890780044473,0.12140288949012756,0.1018751934170723
1.254000000000001,0.06804207421254603,17.831274032592773,0.122723272930468,0.188521100033543,0.1210818812251091,0.120457723736763
1.256000000000001,0.06805008671195911,17.794614791870117,0.1221300458295361,0.18768647792649915,0.12007952481508255,0.10935992747545242
1.258000000000001,0.06805748790013377,17.779207229614258,0.1216398584707629,0.1868281123593595,0.11960763484239578,0.1176460012793541
1.260000000000001,0.06806430187254274,17.79604721069336,0.12113119697804967,0.18602233512873387,0.11879172921180725,0.11375732719898224
1.262000000000001,0.06807056575701222,17.783222198486328,0.12069637106882783,0.1852692775021052,0.11829470098018646,0.11701133102178574
1.264000000000001,0.0680763067211533,17.79398536682129,0.12026623634853821,0.18456786346115267,0.1176120713353157,0.11611080914735794
1.266000000000001,0.06808206008497905,17.78905487060547,0.11989378942976123,0.18391808586074546,0.11712642759084702,0.11521182209253311
1.268000000000001,0.06808731985733406,17.782489776611328,0.11943842728230028,0.18331925741552113,0.11643864959478378,0.11516021192073822
1.270000000000001,0.06809258002727353,17.783180236816406,0.1190323081921716,0.1826644754780469,0.11588069051504135,0.11500762403011322
1.272000000000001,0.06809737379890257,17.774700164794922,0.1185514771627396,0.18206109646432606,0.11517605930566788,0.11390339583158493
1.274000000000001,0.06810173144067683,17.77694320678711,0.11811556256553096,0.18140231915438404,0.11456321179866791,0.1145390197634697
1.276000000000001,0.06810608655008318,17.78131675720215,0.11771186048929398,0.1807952803838156,0.11394450813531876,0.11363207548856735
1.278000000000001,0.06811003083837487,17.770490646362305,0.1172488180414527,0.18023968688444628,0.11328627169132233,0.11316138505935669
1.280000000000001,0.0681135926562165,17.774288177490234,0.11682164562871776,0.1796288729986237,0.11264340579509735,0.11328136175870895
1.282000000000001,0.0681168005492309,17.777400970458984,0.11643659098849507,0.1790697925403177,0.11205808073282242,0.11208630353212357
1.284000000000001,0.06812001426087676,17.78034210205078,0.11608985067731438,0.17856207559944814,0.11149833351373672,0.11088511347770691
1.286000000000001,0.06812289820475287,17.770692825317383,0.11568330766342914,0.17810550284770818,0.11088190227746964,0.11160119622945786
1.288000000000001,0.06812547970689901,17.77336883544922,0.11531858696982476,0.17759373445125523,0.11030136793851852,0.11039218306541443
1.290000000000001,0.06812806520164646,17.775503158569336,0.11499856692114334,0.1771334936533895,0.10977054387331009,0.10915859043598175
1.292000000000001,0.06813037117581859,17.766403198242188,0.11461914373827262,0.17672456218273494,0.10917302966117859,0.10983005911111832
1.294000000000001,0.06813266883124539,17.768447875976562,0.11428623413236959,0.17626064359133833,0.10862705111503601,0.10859587043523788
1.296000000000001,0.06813470883978245,17.759380340576172,0.11389573318970261,0.17584842938674303,0.10802076756954193,0.10925322771072388
1.298000000000001,0.06813651753992851,17.76132583618164,0.11355381830253143,0.17538156167103716,0.10746858268976212,0.10801935940980911
1.300000000000001,0.0681383145369462,17.763286590576172,0.11326132507787497,0.1749667250918958,0.10696759074926376,0.10677217692136765
1.302000000000001,0.06813990123118971,17.75421905517578,0.11291421360075479,0.17460373269996363,0.10641440749168396,0.10738135874271393
1.304000000000001,0.0681413032860568,17.756084442138672,0.11261909209688677,0.1741861522446703,0.10591668635606766,0.10613624006509781
1.306000000000001,0.06814269035264561,17.757915496826172,0.11237745498475128,0.1738207700579706,0.10547579824924469,0.1048775240778923
1.308000000000001,0.06814391293191914,17.748302459716797,0.11208384077202166,0.1735074527648636,0.10498464107513428,0.1054445430636406
1.310000000000001,0.06814510785051153,17.749759674072266,0.1118463562298834,0.17313959075037746,0.10455230623483658,0.10419048368930817
1.312000000000001,0.06814615774967504,17.740036010742188,0.11155885985208094,0.17282417752997312,0.10407159477472305,0.10474696755409241
1.314000000000001,0.06814716679841326,17.741405487060547,0.11133022086257217,0.17245441293405434,0.1036500632762909,0.10349806398153305
1.316000000000001,0.06814804977430725,17.731630325317383,0.11105359952675913,0.17213742801518497,0.10318095237016678,0.10404463857412338
1.318000000000001,0.06814883149888293,17.732797622680664,0.1108386313033719,0.17176624734165075,0.10276953876018524,0.10280153155326843
1.320000000000001,0.06814956811680509,17.733692169189453,0.11068677902415751,0.17144813367832792,0.10241293162107468,0.1015472486615181
1.322000000000001,0.0681502219035911,17.72426986694336,0.11049017055823589,0.1711829681059391,0.10200447589159012,0.10205619782209396
1.324000000000001,0.06815081748055184,17.725149154663086,0.1103595810984692,0.17086352124015003,0.101647287607193,0.10080897808074951
1.326000000000001,0.06815134822920693,17.715808868408203,0.1101864172074378,0.17059736315681964,0.10123412311077118,0.10130935162305832
1.328000000000001,0.06815180736217841,17.71649742126465,0.11008217735496852,0.17027702237287357,0.10086727142333984,0.10006918758153915
1.330000000000001,0.06815221935426599,17.707378387451172,0.10993758133430696,0.17001027149528541,0.10043896734714508,0.10056114196777344
1.332000000000001,0.06815254610167028,17.70809555053711,0.10986479588216765,0.1696894098803841,0.1000511571764946,0.09932869672775269
1.334000000000001,0.06815284315834583,17.699190139770508,0.10975389426648965,0.16942240662168506,0.0995958149433136,0.09981247782707214
1.336000000000001,0.06815304117880416,17.699893951416016,0.10971764632279733,0.1691013434821839,0.09917552024126053,0.09858787804841995
1.338000000000001,0.06815322678113792,17.690868377685547,0.10964552610975341,0.16883438008795693,0.09868265688419342,0.09906373918056488
1.340000000000001,0.06815329943921307,17.691484451293945,0.10965083060868738,0.16851339107462074,0.09822002053260803,0.09784737974405289
1.342000000000001,0.06815337681967178,17.682355880737305,0.10962248988573531,0.16824672069270372,0.09768152981996536,0.09831530600786209
1.344000000000001,0.06815332726613939,17.682937622070312,0.10967424129682068,0.1679260460396862,0.09717167913913727,0.09710759669542313
1.346000000000001,0.06815329947783243,17.67371368408203,0.10969453448990749,0.16765989009293017,0.09658593684434891,0.09756794571876526
1.348000000000001,0.06815331809762722,17.674192428588867,0.1097974500622136,0.16733974131036813,0.09603121131658554,0.09636908769607544
1.350000000000001,0.0681532054178382,17.674175262451172,0.10998399689785726,0.16707429548074434,0.09550902247428894,0.09516360610723495
1.352000000000001,0.06815315581354234,17.665428161621094,0.11014201368419622,0.16686342751977723,0.09491778910160065,0.09559319168329239
1.354000000000001,0.06815319345436105,17.665210723876953,0.11038589924944535,0.1665983411289905,0.09436885267496109,0.09439894556999207
1.356000000000001,0.06815309595739447,17.664588928222656,0.11071641630268507,0.16638809848447958,0.09386727958917618,0.09320075809955597
1.358000000000001,0.06815310181603774,17.655941009521484,0.11102095055950835,0.16623265404281312,0.0933152511715889,0.09360121190547943
1.360000000000001,0.06815295948366207,17.655288696289062,0.111413962789104,0.166022797846943,0.09282742440700531,0.09241756796836853
1.362000000000001,0.06815293644783378,17.646587371826172,0.1117741721569746,0.16586806958667447,0.09230802953243256,0.09281142801046371
1.364000000000001,0.06815275207354156,17.645938873291016,0.11220721610204866,0.1656589129237605,0.0918729230761528,0.0916438028216362
1.366000000000001,0.06815270281258905,17.637157440185547,0.11259984614990616,0.16550518392134675,0.09142814576625824,0.09203086048364639
1.368000000000001,0.06815247900337405,17.636493682861328,0.1130658682782168,0.16529699314605756,0.09108976274728775,0.09088081866502762
1.370000000000001,0.06815240603396679,17.627670288085938,0.11349209638640297,0.16514450459793614,0.09076470881700516,0.09126120805740356
1.372000000000001,0.06815214526746582,17.62697982788086,0.11399217901256001,0.16493750798918666,0.09056668728590012,0.09013065695762634
1.374000000000001,0.06815205100190931,17.618085861206055,0.11445301650408761,0.16478646695778815,0.09040360152721405,0.09050419926643372
1.376000000000001,0.06815175566829663,17.617372512817383,0.11491150544501451,0.16458086177267664,0.09038574248552322,0.08939488977193832
1.378000000000001,0.0681512357151071,17.608327865600586,0.11425827724650904,0.16443144749366306,0.09042029827833176,0.08976158499717712
1.380000000000001,0.06815044351977514,17.5986385345459,0.11365462428405779,0.1642274057056508,0.09051625430583954,0.09014228731393814
1.382000000000001,0.06814933012257283,17.58817481994629,0.11309962155112427,0.16396891373707193,0.09068109095096588,0.09053689241409302
1.384000000000001,0.06814831667859508,17.577301025390625,0.11259229837446923,0.16365618840381238,0.09091994166374207,0.09094510227441788
1.386000000000001,0.06814697202421455,17.576866149902344,0.11206145491027296,0.16328948642538416,0.091326504945755,0.08989802747964859
1.388000000000001,0.06814527771095258,17.566429138183594,0.11157705363142884,0.16297990647426136,0.09180539846420288,0.0902986004948616
1.390000000000001,0.06814321421524554,17.556194305419922,0.11112624437308978,0.16261626322353714,0.09235502034425735,0.09071207791566849
1.392000000000001,0.06814076092021382,17.54586410522461,0.11070419976107844,0.1621988665009942,0.092971071600914,0.09113848209381104
1.394000000000001,0.06813789610146972,17.534954071044922,0.11031112706710704,0.16172806796341543,0.09364797919988632,0.0915772095322609
1.396000000000001,0.06813459691582757,17.522878646850586,0.10994720201998344,0.16120426260774964,0.09437718987464905,0.09202861040830612
1.398000000000001,0.06813083939287079,17.510143280029297,0.10961256970218913,0.1606278906048288,0.09514889866113663,0.09249299764633179
1.400000000000001,0.06812659842868309,17.49707794189453,0.10930871106507245,0.1599994394273327,0.09595171362161636,0.09297026693820953
1.402000000000001,0.06812184778157106,17.48352813720703,0.1090438437184339,0.1593194462693992,0.09677354991436005,0.09346181899309158
1.404000000000001,0.06811656006934064,17.469310760498047,0.10881842008407157,0.15858850075087885,0.09760233759880066,0.09396859258413315
1.406000000000001,0.06811070676792917,17.4544677734375,0.1086313465612181,0.1578072479131525,0.09842585772275925,0.09449266642332077
1.408000000000001,0.06810425821110443,17.4392032623291,0.10848152700300308,0.15697639151369816,0.09923318773508072,0.09503531455993652
1.410000000000001,0.06809718359104679,17.423583984375,0.10836786637851745,0.15609669763464576,0.10001486539840698,0.09559953957796097
1.412000000000001,0.06808945095962152,17.40730094909668,0.10828701561472136,0.15516899862268413,0.10076359659433365,0.09618809819221497
1.414000000000001,0.06808102723018601,17.390371322631836,0.10823506721238582,0.15419419738284695,0.10147468000650406,0.09680427610874176
1.416000000000001,0.06807187817979905,17.372543334960938,0.10821627078311154,0.15317327205143022,0.10214665532112122,0.09745170921087265
1.418000000000001,0.0680619684517051,17.354127883911133,0.10822998661072868,0.15210728107698548,0.10278108716011047,0.09813344478607178
1.420000000000001,0.06805201363505381,17.334938049316406,0.10827516387185218,0.15099736874109287,0.10338331758975983,0.09840936213731766
1.422000000000001,0.06804127983826352,17.337806701660156,0.10828547194667425,0.1498447711534104,0.1040373295545578,0.0980258584022522
1.424000000000001,0.06802973043579731,17.318511962890625,0.10832659846995028,0.14875357671968759,0.10467444360256195,0.09876221418380737
1.426000000000001,0.06801756260065626,17.29822540283203,0.10839749517322662,0.1476202510426072,0.10530953109264374,0.09953749924898148
1.428000000000001,0.06800533018676867,17.277544021606445,0.10849715710313738,0.1464462172579228,0.10595797747373581,0.10035192221403122
1.430000000000001,0.06799308756333707,17.257282257080078,0.10862458457518497,0.14523300402930017,0.10663684457540512,0.10120412707328796
1.432000000000001,0.06798086706962604,17.236785888671875,0.10877881534912773,0.14398225391391267,0.10736285150051117,0.10209114849567413
1.434000000000001,0.06796870193704792,17.214969635009766,0.10895890341995478,0.14269573195233537,0.10815227776765823,0.10300710052251816
1.436000000000001,0.06795662627978448,17.192703247070312,0.10916393760943671,0.14137533528358992,0.10901933163404465,0.10394513607025146
1.438000000000001,0.06794467506957384,17.170448303222656,0.109393029846408,0.14002310315792799,0.10997606813907623,0.10490298271179199
1.440000000000001,0.06793288412381922,17.14639663696289,0.10964532583409274,0.13864122794102124,0.1110309585928917,0.10587317496538162
1.442000000000001,0.06792129008752223,17.121898651123047,0.10991999859497657,0.13723206666861057,0.11218878626823425,0.1068442165851593
1.444000000000001,0.06790993042121722,17.096607208251953,0.11021625450243372,0.13579815355342567,0.11345034092664719,0.10780587047338486
1.446000000000001,0.0678988433872497,17.07042121887207,0.11053332968742442,0.13434221313932074,0.1148122027516365,0.10875291377305984
1.448000000000001,0.06788806803850791,17.04327392578125,0.11087049334449563,0.1328671743423988,0.11593150347471237,0.10968510061502457
1.450000000000001,0.06787764420741084,17.01505470275879,0.11122704565297774,0.13137618514832053,0.11610942333936691,0.11061231791973114
1.452000000000001,0.06786761249570418,16.985563278198242,0.11160231946996807,0.12987262806301778,0.1163133904337883,0.11155559122562408
1.454000000000001,0.0678580142651621,16.95476531982422,0.11199567902528705,0.12836013609784164,0.11654308438301086,0.11254746466875076
1.456000000000001,0.06784889162838068,16.922927856445312,0.11240652065438654,0.12684260924458107,0.11679741740226746,0.11362993717193604
1.458000000000001,0.06784028744054432,16.889041900634766,0.11283427187162119,0.12532423117025515,0.11707448214292526,0.11484553664922714
1.460000000000001,0.06783224529099977,16.852821350097656,0.1132783915315051,0.12380948592593476,0.11737214028835297,0.11621834337711334
1.462000000000001,0.06782480949563581,16.81515884399414,0.11373836907898416,0.12230317428307252,0.11768799275159836,0.11772263050079346
1.464000000000001,0.06781802508896292,16.77716827392578,0.11421372437501054,0.12081042929381196,0.11801835149526596,0.11826416850090027
1.466000000000001,0.06781206802797868,16.738567352294922,0.11470400702974617,0.11933673050602397,0.11835971474647522,0.11721093952655792
1.468000000000001,0.0678068558733181,16.694761276245117,0.11516762607040651,0.11788791618690236,0.11866936087608337,0.11901357024908066
1.470000000000001,0.06780265887199927,16.649404525756836,0.1156456080465677,0.11651082212429514,0.11898331344127655,0.11824300140142441
1.472000000000001,0.0677992382130318,16.668798446655273,0.11608584580629348,0.11516688720908144,0.11925122886896133,0.12017066031694412
1.474000000000001,0.06779663901815361,16.625015258789062,0.11653905316495225,0.11391470150462049,0.11951971799135208,0.11953805387020111
1.476000000000001,0.06779503782793421,16.582481384277344,0.1170053961670555,0.11270181295129239,0.11978721618652344,0.118928924202919
1.478000000000001,0.06779438858996219,16.601701736450195,0.11743364407468226,0.1115351057673739,0.1200091689825058,0.1208430603146553
1.480000000000001,0.06779464363650378,16.624412536621094,0.11783574088474391,0.11046245417796123,0.12019623070955276,0.12182693928480148
1.482000000000001,0.06779575622263587,16.646533966064453,0.11821091589291352,0.10945849674841343,0.12035204470157623,0.1228785291314125
1.484000000000001,0.0677976789241932,16.666288375854492,0.11855864522727963,0.10852279102720942,0.12048149108886719,0.1239895224571228
1.486000000000001,0.06780036521719784,16.685531616210938,0.11887836310898005,0.10765466378444823,0.12059062719345093,0.1251603066921234
1.488000000000001,0.06780376846634989,16.705514907836914,0.11916965925900015,0.10685321190307907,0.12068592011928558,0.1263844519853592
1.490000000000001,0.06780784294870806,16.724746704101562,0.11943213736596835,0.10611729057124883,0.12077593803405762,0.12766069173812866
1.492000000000001,0.06781254322964729,16.743938446044922,0.1196655088416329,0.10544551948726268,0.12086866050958633,0.12783952057361603
1.494000000000001,0.06781782481811452,16.76129150390625,0.11986952442456576,0.1048362842523057,0.1209723949432373,0.12708526849746704
1.496000000000001,0.06782364378926345,16.778234481811523,0.12004401660237107,0.1042877492173077,0.1210947334766388,0.12630882859230042
1.498000000000001,0.06782995719999646,16.794170379638672,0.12018511445751479,0.10379786906417796,0.12124194949865341,0.1255103051662445
1.500000000000001,0.06783672286477539,16.809715270996094,0.12022648020144877,0.10336440769173787,0.12141810357570648,0.12469244003295898
1.5020000000000011,0.0678438996171688,16.823158264160156,0.12024566895162539,0.10298495698545938,0.1216244027018547,0.12385659664869308
1.5040000000000011,0.06785144717865231,16.83499526977539,0.12024311400758442,0.10265695995113981,0.1218583732843399,0.123006172478199
1.5060000000000011,0.06785932632199808,16.84583854675293,0.12021929470781174,0.10237773364493949,0.12211184948682785,0.12214329093694687
1.5080000000000011,0.06786749879526204,16.85651397705078,0.12017473804877289,0.1021444942312137,0.12237139791250229,0.12127137929201126
1.5100000000000011,0.06787592742282868,16.866558074951172,0.12011001040566503,0.10195438123147954,0.12261533737182617,0.12038426101207733
1.5120000000000011,0.06788490428151561,16.875385284423828,0.1200257168857196,0.10180448220129246,0.12281402945518494,0.11948172003030777
1.5140000000000011,0.06789411196274854,16.84776496887207,0.11995913252106995,0.10169185591460046,0.12297264486551285,0.12036507576704025
1.5160000000000011,0.06790388431280148,16.858497619628906,0.11987357508702776,0.101640702935285,0.12413624674081802,0.11952994763851166
1.5180000000000011,0.06791386291700034,16.829450607299805,0.11980054125287008,0.10162555151502292,0.12573587894439697,0.12039948254823685
1.5200000000000011,0.06792442340546741,16.84150505065918,0.11970485624549362,0.10167553972756677,0.1272844523191452,0.11980892717838287
1.5220000000000011,0.06793516615245396,16.810806274414062,0.11963846306634904,0.10175969392181759,0.12888014316558838,0.12065943330526352
1.5240000000000011,0.067945987010963,16.824113845825195,0.11957331474980622,0.10191220852174301,0.1304246038198471,0.1203228309750557
1.5260000000000011,0.06795625586397713,16.82943344116211,0.11949132822812228,0.1020963961757837,0.13191917538642883,0.1201721802353859
1.5280000000000011,0.06796557392916096,16.840768814086914,0.11939335655082424,0.10230856710495072,0.13244348764419556,0.12022534757852554
1.5300000000000011,0.06797457715256909,16.68663215637207,0.11923257722514509,0.10254512206133587,0.13224853575229645,0.11605662852525711
1.5320000000000011,0.06798337552342708,16.36263656616211,0.11907885242341705,0.1027278209428477,0.13207215070724487,0.11637749522924423
1.5340000000000011,0.06799183688438412,16.835378646850586,0.11893685930451374,0.1029835281401671,0.13192088901996613,0.11749836057424545
1.5360000000000011,0.06800000808067663,16.936267852783203,0.11880223127456972,0.10331417889828821,0.1317901462316513,0.11796993017196655
1.5380000000000011,0.06800779777897005,16.823062896728516,0.11867762294280011,0.1037231717030811,0.13168340921401978,0.1189165860414505
1.5400000000000011,0.06801521292940263,16.785005569458008,0.11856016937024458,0.10421270978152226,0.13159732520580292,0.11946839839220047
1.5420000000000011,0.0680219699008547,16.772842407226562,0.11845144351132013,0.10478586214430415,0.13153387606143951,0.12028835713863373
1.5440000000000011,0.06802812521297319,16.734914779663086,0.1183313867750274,0.10544488785406428,0.1314607411623001,0.12029092758893967
1.5460000000000012,0.0680336982301427,16.76890754699707,0.11820398336015096,0.10612474844404376,0.13137994706630707,0.12043739855289459
1.5480000000000012,0.06803873557533446,16.742855072021484,0.11808066719759185,0.10682124650580317,0.13129036128520966,0.12046059221029282
1.5500000000000012,0.06804326323763435,16.76958465576172,0.1179721021068156,0.10753062908640217,0.1311928778886795,0.1205621138215065
1.5520000000000012,0.0680473214218201,16.759479522705078,0.11787696227553876,0.10824926135516624,0.13108707964420319,0.12059494853019714
1.5540000000000012,0.06805093893157305,16.777423858642578,0.11779473943907177,0.10897390760573993,0.130973219871521,0.12066959589719772
1.5560000000000012,0.06805415174876113,16.774211883544922,0.11772434487616908,0.1097014842491966,0.13085103034973145,0.1207055076956749
1.5580000000000012,0.06805698933967808,16.786678314208984,0.117664741363738,0.11042922800632692,0.1307208240032196,0.12076330929994583
1.5600000000000012,0.06805948454217095,16.78603744506836,0.11760100034707664,0.11115453585451855,0.13058210909366608,0.12079890072345734
1.5620000000000012,0.06806150712280427,16.794702529907227,0.11752673056643488,0.11187506514116721,0.13043524324893951,0.12084531038999557
1.5640000000000012,0.06806341353040668,-9.225517272949219,0.11745766059808975,0.11258862804516062,0.13030114769935608,0.1228395476937294
1.5660000000000012,0.06806503525539406,15.664655685424805,0.11738073077705774,0.11336925183601192,0.1301584094762802,0.12287207692861557
1.5680000000000012,0.06806650943986534,5.216728210449219,0.11729146367599362,0.11416073281168818,0.13000324368476868,0.12238252907991409
1.5700000000000012,0.06806776774349287,16.65476417541504,0.11719874217863024,0.11493091972456865,0.12984585762023926,0.1227843165397644
1.5720000000000012,0.06806889811260984,16.195573806762695,0.11709617948039565,0.11567738883406169,0.12967829406261444,0.12249204516410828
1.5740000000000012,0.06806986943571028,16.803150177001953,0.11698952545929595,0.11640087440958369,0.12950696051120758,0.1227252334356308
1.5760000000000012,0.06807073897102604,16.957632064819336,0.11687492547174264,0.1170996982341748,0.12932729721069336,0.12255359441041946
1.5780000000000012,0.06807149745400312,16.85428237915039,0.11675606124878579,0.11777424872076911,0.1291431337594986,0.12268219888210297
1.5800000000000012,0.06807267748360483,16.843639373779297,0.11663057192306879,0.11842339907541641,0.12895254790782928,0.12258530408143997
1.5820000000000012,0.06807380399699346,16.391977310180664,0.11649961412315434,0.11904730351387692,0.12875467538833618,0.12464778870344162
1.5840000000000012,0.06807495548666605,14.886409759521484,0.11636125111390411,0.11969546887516394,0.12854927778244019,0.12433605641126633
1.5860000000000012,0.06807608150725993,16.84640884399414,0.11622275100518159,0.12030256033823138,0.1283448189496994,0.12445215880870819
1.5880000000000012,0.06807723004865446,16.702075958251953,0.11607874287840936,0.12086804982810871,0.12813498079776764,0.12424357980489731
1.5900000000000012,0.06807837284176287,16.871381759643555,0.11593416334856994,0.12139448534228699,0.12792523205280304,0.12427908927202225
1.5920000000000012,0.06807996507853252,16.94382667541504,0.1157903410539635,0.12188179108066001,0.12771183252334595,0.12413296848535538
1.5940000000000012,0.06808149594599128,15.658315658569336,0.11566203983550566,0.12233182958846181,0.12751366198062897,0.1254105567932129
1.5960000000000012,0.06808305255937847,4.496107578277588,0.11553341301024857,0.12280631934569687,0.12731073796749115,0.12518729269504547
1.5980000000000012,0.06808456741383703,16.694643020629883,0.11541296579008085,0.12323471397840279,0.12711411714553833,0.12520910799503326
1.6000000000000012,0.06808609269036674,16.271163940429688,0.11529327988245197,0.12361621616682292,0.12691538035869598,0.1250377893447876
1.6020000000000012,0.06808758541048184,16.88178825378418,0.1151794992065145,0.12395473176964168,0.12672095000743866,0.1249975934624672
1.6040000000000012,0.06808907440772488,17.02782440185547,0.11506703764094542,0.1242501074939647,0.1265259087085724,0.12485100328922272
1.6060000000000012,0.06809050446651392,16.91782569885254,0.11495890802354629,0.1245051724255201,0.1263343095779419,0.12476997077465057
1.6080000000000012,0.06809186102781455,16.61787223815918,0.11487834995914872,0.12472018504075395,0.12618674337863922,0.12534847855567932
1.6100000000000012,0.06809319682751339,16.09807586669922,0.11479494120862825,0.12499452135488383,0.1260375827550888,0.1252008080482483
1.6120000000000012,0.06809445981666036,16.897138595581055,0.11471436549291274,0.12521943064562283,0.12589415907859802,0.1250646859407425
1.6140000000000012,0.06809567810661443,17.002370834350586,0.11463202590108662,0.1253951413022583,0.1257503628730774,0.12491539865732193
1.6160000000000012,0.06809681564230204,16.919511795043945,0.11455145388828296,0.12552538786721568,0.12561117112636566,0.12475817650556564
1.6180000000000012,0.06809788380711419,16.929645538330078,0.11446995143347143,0.12561081151119682,0.125472754240036,0.12459945678710938
1.6200000000000012,0.0680988557161261,16.938732147216797,0.11438959113267062,0.12565413723200783,0.12533751130104065,0.12442583590745926
1.6220000000000012,0.06809973194606048,16.907512664794922,0.11430885848791708,0.1256561980977645,0.12520410120487213,0.12425336986780167
1.6240000000000012,0.06810049014527544,16.931745529174805,0.11422895959661125,0.12561902419963092,0.12507370114326477,0.12406463176012039
1.6260000000000012,0.06810112373957393,16.908485412597656,0.11414905743068841,0.1255434893660015,0.12494514882564545,0.12387675046920776
1.6280000000000012,0.06810161223204464,16.92837905883789,0.11406986570480428,0.1254311450252997,0.12481929361820221,0.12367355823516846
1.6300000000000012,0.06810194406192366,16.918766021728516,0.11399093485270646,0.12528283118472083,0.12469549477100372,0.12346925586462021
1.6320000000000012,0.06810209905230634,16.934803009033203,0.11391269882370732,0.12509976284326763,0.12457449734210968,0.1232515275478363
1.6340000000000012,0.06810206195301659,16.93129539489746,0.11383492929205351,0.12488271299896539,0.12445586174726486,0.12303074449300766
1.6360000000000012,0.06810181204036855,16.94411849975586,0.11375790101524595,0.12463265539356096,0.12433953583240509,0.12280625104904175
1.6380000000000012,0.06810133116752325,16.943893432617188,0.11368151157899588,0.12435028561334402,0.12422581017017365,0.1225893497467041
1.6400000000000012,0.06810059758766016,16.95368194580078,0.11360594477251656,0.12403640113710095,0.12411457300186157,0.12237561494112015
1.6420000000000012,0.06809959045826565,16.955684661865234,0.11353116936755583,0.12369162161567696,0.12400589883327484,0.1221681758761406
1.6440000000000012,0.06809828559137422,16.963651657104492,0.1134571606201038,0.12331661365367448,0.12389952689409256,0.12196450680494308
1.6460000000000012,0.06809665935173813,16.96711540222168,0.11338328653911126,0.1229119746147481,0.12379483878612518,0.12176398187875748
1.6480000000000012,0.06809468646599778,16.974018096923828,0.11330901041903738,0.1224784608816357,0.12369072437286377,0.12156249582767487
1.6500000000000012,0.06809218870237473,16.978071212768555,0.11323373075768543,0.12201674134378487,0.1235865131020546,0.12135808914899826
1.6520000000000012,0.06808935985062486,6.240337371826172,0.11314821944257901,0.12152747618237099,0.12346974015235901,0.12158060818910599
1.6540000000000012,0.06808607300702572,16.852964401245117,0.11306439298178557,0.12101494154468045,0.1233564093708992,0.12130677700042725
1.6560000000000012,0.06808238028379687,16.67888069152832,0.11297514891004122,0.12047547916444265,0.12323684990406036,0.12109330296516418
1.6580000000000013,0.06807734107385821,17.031225204467773,0.11288545041406665,0.11991265429001485,0.12311705946922302,0.12082212418317795
1.6600000000000013,0.0680717761780641,-7.880600929260254,0.11278697285064826,0.11932426806879508,0.12298537790775299,0.12011764943599701
1.6620000000000013,0.06806550123786714,15.493579864501953,0.11270856275560122,0.11873242632924012,0.12287817150354385,0.12025932222604752
1.6640000000000013,0.06805862915197919,5.449803352355957,0.11262109449267761,0.11815575303473247,0.12275884300470352,0.12001083046197891
1.6660000000000013,0.06805136050690744,14.829452514648438,0.1125067212924444,0.11754970253199237,0.12260513752698898,0.11945533007383347
1.6680000000000013,0.06804395530042998,3.0319666862487793,0.11240527255354334,0.11691649426406715,0.12246499210596085,0.11990808695554733
1.6700000000000013,0.06803583957791573,16.42371368408203,0.11232847862088494,0.1163477223350926,0.12235359102487564,0.12025895714759827
1.6720000000000013,0.06802712637355121,14.297819137573242,0.1122421387059427,0.11583753352365814,0.12222953885793686,0.12001398205757141
1.6740000000000013,0.06801817006191152,16.995193481445312,0.11215348579240406,0.11529494191760305,0.12210217863321304,0.11969230324029922
1.6760000000000013,0.06800869244900506,16.985759735107422,0.11208232515875033,0.11471753195708703,0.12199410051107407,0.12012875825166702
1.6780000000000013,0.06799970992382517,17.06106948852539,0.11200607176548423,0.11420371098026304,0.12188082933425903,0.11983364820480347
1.6800000000000013,0.06799087139505183,17.14402961730957,0.11194737139569047,0.11365642982438189,0.1217884048819542,0.12028098106384277
1.6820000000000013,0.06798215554455735,17.09940528869629,0.11188244898820712,0.11317264377638761,0.12168950587511063,0.12000397592782974
1.6840000000000013,0.06797404743264995,17.076475143432617,0.1118093534965754,0.11265653963469104,0.12158162146806717,0.1197342798113823
1.6860000000000013,0.06796607939397536,17.093061447143555,0.11175592712847159,0.11211022396464083,0.1214977353811264,0.12018130719661713
1.6880000000000013,0.06795868602132935,17.068897247314453,0.11169454030420178,0.1116273987574393,0.121405228972435,0.11991703510284424
1.6900000000000013,0.0679514458365922,17.082136154174805,0.11165246117639673,0.11111478825974883,0.12133624404668808,0.12039288133382797
1.6920000000000013,0.067944410995715,17.070310592651367,0.11160251088711069,0.11066600364681016,0.12125901877880096,0.1201360821723938
1.6940000000000013,0.06793799846058891,6.019680976867676,0.11155134428674733,0.11018791639940721,0.12118207663297653,0.11949443817138672
1.6960000000000013,0.06793171788151488,16.674020767211914,0.11152406714024428,0.10969110616019903,0.1211346834897995,0.12007295340299606
1.6980000000000013,0.0679259994809584,16.368694305419922,0.11148679034916102,0.10925436728971608,0.12107622623443604,0.1198524609208107
1.7000000000000013,0.06792009811774993,17.080657958984375,0.11147169455122294,0.10878600901775382,0.12104591727256775,0.12046471983194351
1.7020000000000013,0.06791479795543835,-8.152166366577148,0.11143553596040223,0.10837925582817622,0.12099184095859528,0.11992806196212769
1.7040000000000013,0.06790965248894833,15.315725326538086,0.11142525571539875,0.10782449486572133,0.12097061425447464,0.12053000926971436
1.7060000000000013,0.06790480866600211,5.880585193634033,0.11140299924653108,0.10733536838107494,0.12093549221754074,0.12028511613607407
1.7080000000000013,0.06790019667478162,16.725379943847656,0.1113798216453514,0.10682313790250789,0.1208997443318367,0.12004296481609344
1.7100000000000013,0.06789610915561228,16.576515197753906,0.11134760058319595,0.10628490256611255,0.12085277587175369,0.11979134380817413
1.7120000000000013,0.0678922820159272,17.131973266601562,0.111338589586518,0.10572420676131515,0.1208338662981987,0.12041264772415161
1.7140000000000013,0.06788877593894946,17.264558792114258,0.11132177891059679,0.10523060739021933,0.12080545723438263,0.12016609311103821
1.7160000000000013,0.0678857293222717,17.159833908081055,0.11130128796927105,0.10471415462227364,0.12077270448207855,0.11991944909095764
1.7180000000000013,0.06788300599818367,17.208999633789062,0.11130002316807987,0.1041737173791163,0.12076308578252792,0.12056466937065125
1.7200000000000013,0.06788061421452109,17.184120178222656,0.11129424924196409,0.10370149213253052,0.12074790894985199,0.12033390998840332
1.7220000000000013,0.0678785834765243,17.157352447509766,0.11128205228024894,0.10320494605278739,0.12072508037090302,0.12009426951408386
1.7240000000000013,0.06787699286299302,17.173721313476562,0.11126488638931332,0.10268493464633521,0.12069613486528397,0.11985167860984802
1.7260000000000013,0.06787576610783078,17.150592803955078,0.11126816084084339,0.10214134118585436,0.12069176137447357,0.12051498144865036
1.7280000000000013,0.06787491924077452,17.164657592773438,0.1112661481016295,0.10166571859932581,0.12068116664886475,0.1202877014875412
1.7300000000000013,0.06787453932140755,17.150753021240234,0.11125816774793974,0.10116615882008999,0.12066324055194855,0.12005478888750076
1.7320000000000013,0.06787454554969637,11.18404483795166,0.11130873477582398,0.10064317801320695,0.12071376293897629,0.12043192237615585
1.7340000000000013,0.06787494471736459,17.083263397216797,0.11135823969298388,0.1001600346274187,0.12076253443956375,0.12028083205223083
1.7360000000000013,0.06787575847614939,17.07798957824707,0.11140030046534587,0.099647306580664,0.12080108374357224,0.12003419548273087
1.7380000000000013,0.06787694114135191,17.153095245361328,0.11144049457089432,0.09910740109503767,0.12083573639392853,0.11985276639461517
1.7400000000000013,0.067878532801422,17.28484344482422,0.11150152331373976,0.09853991022590733,0.12089349329471588,0.12071208655834198
1.7420000000000013,0.0678805532990621,17.191268920898438,0.11155982087652117,0.09803742933962775,0.1209462434053421,0.12053567916154861
1.7440000000000013,0.06788301487563944,17.177017211914062,0.11161287238098776,0.09750800822231377,0.12099137902259827,0.12032520025968552
1.7460000000000013,0.06788593802589159,17.189838409423828,0.11166244294232713,0.09695290226681076,0.121030792593956,0.12013479322195053
1.7480000000000013,0.06788918375592229,17.172317504882812,0.11170705743284261,0.09637239100798362,0.12106318026781082,0.11992638558149338
1.7500000000000013,0.06789288349841333,17.179420471191406,0.11177542105180245,0.0957674189438631,0.12112116813659668,0.12080015242099762
1.7520000000000013,0.06789704894475708,17.171096801757812,0.1118391026141584,0.09522903912407214,0.12117229402065277,0.12060905992984772
1.7540000000000013,0.0679016972150428,17.182016372680664,0.11189857734412029,0.09466634680732249,0.12121739983558655,0.12042216956615448
1.7560000000000013,0.06790684048654862,17.17880630493164,0.11195333893521606,0.09407983797615202,0.12125565856695175,0.12022841721773148
1.7580000000000013,0.06791249482372239,17.187211990356445,0.11200363583099249,0.09347017459781722,0.12128780037164688,0.12003587931394577
1.7600000000000013,0.06791842224578394,17.18643569946289,0.11204915442327677,0.0928378515982814,0.12131338566541672,0.11983860284090042
1.7620000000000013,0.06792484702931052,17.192289352416992,0.11211868082677227,0.0921834469533648,0.12136434018611908,0.12068463861942291
1.7640000000000013,0.06793178088690523,17.194171905517578,0.11218345830532396,0.09159760631143053,0.12140873819589615,0.1205030083656311
1.7660000000000013,0.06793923630402114,17.198413848876953,0.1122434695127554,0.09098972728605244,0.12144680321216583,0.12032017856836319
1.7680000000000013,0.06794722468591644,17.200698852539062,0.11229860578661748,0.09036032160712279,0.12147826701402664,0.12013479322195053
1.7700000000000014,0.06795543271645704,17.20427703857422,0.1123488390573812,0.08970989679571859,0.12150353938341141,0.11994776129722595
1.7720000000000014,0.06796415442508677,17.20730209350586,0.11242351141279558,0.0890389309457908,0.12155401706695557,0.1207762211561203
1.7740000000000014,0.06797340055485236,17.21170425415039,0.11249324538584414,0.0884377173257824,0.12159786373376846,0.12060496211051941
1.7760000000000014,0.06798274592825373,17.214004516601562,0.11255791355133277,0.08781596980135474,0.12163526564836502,0.12043120712041855
1.7780000000000014,0.06799266599660203,17.22146987915039,0.11262282506345668,0.0871741765949523,0.12167288362979889,0.12036915123462677
1.7800000000000014,0.0680030906580862,17.348217010498047,0.11268058366389593,0.08650188440572287,0.12170223146677017,0.12018880248069763
1.7820000000000014,0.06801409462079565,17.25881576538086,0.11273586912013807,0.08581250315398666,0.12172845005989075,0.12003178149461746
1.7840000000000014,0.06802519907883946,17.313678741455078,0.11278484418542369,0.0851057235349108,0.1217474713921547,0.11985457688570023
1.7860000000000014,0.06803684686983354,17.277488708496094,0.11285966237539624,0.08438220087798909,0.12179305404424667,0.12067995965480804
1.7880000000000014,0.0680490145268653,17.259082794189453,0.11292872682824882,0.08373139550262937,0.1218319982290268,0.12052099406719208
1.7900000000000014,0.06806173393539725,17.266788482666016,0.11299357393983117,0.08306337384871953,0.12186598777770996,0.12036986649036407
1.7920000000000014,0.0680741858827484,17.248226165771484,0.11305296290581976,0.08237829072062987,0.12189419567584991,0.12021074444055557
1.7940000000000014,0.06808713969893954,17.273670196533203,0.11224585346106335,0.08167655544715412,0.1219467967748642,0.1211334615945816
1.7960000000000014,0.06809988985774455,17.281465530395508,0.11111482080036111,0.08090634838650401,0.12199370563030243,0.12097105383872986
1.7980000000000014,0.06811214780962628,17.273956298828125,0.110005124059754,0.08013028126308354,0.12203476577997208,0.12080547213554382
1.8000000000000014,0.06812389592987111,17.278491973876953,0.10891856937110703,0.0793476934955332,0.1220703199505806,0.12064256519079208
1.8020000000000014,0.06813510551093112,17.27542495727539,0.10785577126318131,0.0785579574296518,0.12210021913051605,0.12047844380140305
1.8040000000000014,0.0681457589487419,17.278202056884766,0.10681828008223483,0.07776057396854877,0.12212449312210083,0.12031605839729309
1.8060000000000014,0.06815583324069938,17.276649475097656,0.10580689117133434,0.0769550948636628,0.12214337289333344,0.12015318870544434
1.8080000000000014,0.06816501834756601,17.27873992919922,0.10482297782749975,0.07614116027541985,0.1221570149064064,0.11999110132455826
1.8100000000000014,0.06817362317471265,17.279491424560547,0.10382766448521831,0.07531846337369898,0.12219421565532684,0.12072255462408066
1.8120000000000014,0.06818088020896262,17.281776428222656,0.10285889673941802,0.07457470371578478,0.12133265286684036,0.12058151513338089
1.8140000000000014,0.06818789195349143,16.460052490234375,0.1018039583636885,0.07382095176711913,0.11996754258871078,0.12078877538442612
1.8160000000000014,0.06819447037003887,16.544452667236328,0.10077817221539952,0.07304367634418281,0.11865834891796112,0.12028131633996964
1.8180000000000014,0.06820068728313183,17.229312896728516,0.09979616360064691,0.07221375074062919,0.11741650104522705,0.11974126845598221
1.8200000000000014,0.06820641825622917,17.349288940429688,0.09884788235117051,0.07133047699317886,0.11622682213783264,0.11920525878667831
1.8220000000000014,0.06821168513511211,17.32836151123047,0.09794018431363422,0.07039298212656771,0.11509649455547333,0.11862221360206604
1.8240000000000014,0.06821640130026586,17.43255615234375,0.09706891778386988,0.06940078404734695,0.1140189915895462,0.11802946031093597
1.8260000000000014,0.06822055886108672,17.34870147705078,0.09623692507925623,0.06835314061938622,0.1129993200302124,0.11739969998598099
1.8280000000000014,0.06822409225529386,17.330459594726562,0.09544440052614213,0.06724968989053176,0.11203628033399582,0.1167525127530098
1.8300000000000014,0.06822697534699564,17.33574676513672,0.09470906549316041,0.06608983046888842,0.11113488674163818,0.11607551574707031
1.8320000000000014,0.06822915404098859,17.31357765197754,0.0940384134793982,0.06489524452190981,0.11029662191867828,0.11538438498973846
1.8340000000000014,0.06823059637264044,17.317087173461914,0.09343450848859262,0.06366411876234022,0.10952519625425339,0.11467371881008148
1.8360000000000014,0.06823125661762486,17.30377197265625,0.09289852355692313,0.06239502037920253,0.10882291942834854,0.11394743621349335
1.8380000000000014,0.06823110045545326,17.307880401611328,0.09243241991552548,0.06108661707564036,0.10819347947835922,0.11320392042398453
1.8400000000000014,0.06823008706156054,17.302845001220703,0.09203734944346359,0.059737878346727495,0.10763908177614212,0.1124439388513565
1.8420000000000014,0.06822818142119541,17.304786682128906,0.09171506534405392,0.05834791199457635,0.10716291517019272,0.11166765540838242
1.8440000000000014,0.06822534564126101,17.302825927734375,0.0914666466579955,0.05691608290000181,0.10676752775907516,0.11087489128112793
1.8460000000000014,0.06822154474648544,17.30377197265625,0.09129357667622483,0.055441929982715896,0.10645542293787003,0.11006543040275574
1.8480000000000014,0.06821674263549891,17.30316925048828,0.09119679527270709,0.05392523711025428,0.10622955113649368,0.10923910140991211
1.8500000000000014,0.06821090464470338,17.30364227294922,0.09117747741327818,0.05236600547215401,0.10609216243028641,0.10839630663394928
1.8520000000000014,0.0682039957871899,17.302980422973633,0.09123636218079453,0.05076450352008318,0.10604635626077652,0.10753575712442398
1.8540000000000014,0.06819598176498806,17.303102493286133,0.09137429380942519,0.049121281285370084,0.10609464347362518,0.10665792226791382
1.8560000000000014,0.06818718271864439,17.30219841003418,0.09159176379489832,0.04743722162364891,0.10623958706855774,0.1057526171207428
1.8580000000000014,0.06817766828116577,17.302627563476562,0.09181346826125766,0.04571359455082448,0.106383316218853,0.10586798191070557
1.8600000000000014,0.0681675061708918,17.302509307861328,0.09195357596953294,0.04406424531013836,0.10652534663677216,0.10598693788051605
1.8620000000000014,0.06815676222381298,17.302642822265625,0.09204438900943915,0.04248826097097967,0.1066652461886406,0.10611917823553085
1.8640000000000014,0.06814550041529638,17.303142547607422,0.09211853511977006,0.04098468991045586,0.10680277645587921,0.10626444965600967
1.8660000000000014,0.06813378278915017,17.30412483215332,0.09217521156728413,0.039552546092808706,0.10693730413913727,0.10642300546169281
1.8680000000000014,0.06812166954617165,17.30484390258789,0.0922038887009545,0.03819080269621172,0.10706814378499985,0.10659471154212952
1.8700000000000014,0.06810921895666537,17.306339263916016,0.09219233868928174,0.03689840029267913,0.10719470679759979,0.10677972435951233
1.8720000000000014,0.06809648745791293,17.30792236328125,0.09215640706951851,0.03567424640110263,0.1073160320520401,0.10697828233242035
1.8740000000000014,0.06808352958151578,17.310314178466797,0.09210126094606462,0.0345172279253791,0.10743113607168198,0.10719026625156403
1.8760000000000014,0.06807039803949116,17.312686920166016,0.09202618173283555,0.03342621819336733,0.10753873735666275,0.10741620510816574
1.8780000000000014,0.06805646598644653,17.315059661865234,0.0919304384641245,0.03240009459676798,0.10763753205537796,0.10765589028596878
1.8800000000000014,0.06804241217385508,17.316158294677734,0.09190573538285715,0.03143775369831723,0.10783319175243378,0.10705254971981049
1.8820000000000014,0.06802828642152357,17.31825065612793,0.09185947195838774,0.03043546655465659,0.10801728814840317,0.10728620737791061
1.8840000000000015,0.06801413673952884,17.319934844970703,0.0917909174978725,0.02949638955591688,0.10818740725517273,0.1075342446565628
1.8860000000000015,0.06800001388730632,17.32110595703125,0.09169935576411742,0.028619357434081654,0.10834204405546188,0.10779678076505661
1.8880000000000015,0.06798639836620754,17.32180404663086,0.09158410067222351,0.027803262749677347,0.10847886651754379,0.10807418078184128
1.8900000000000015,0.06797356739020893,17.322097778320312,0.09144420480872721,0.02704708811984052,0.10859592258930206,0.10836686193943024
1.8920000000000015,0.06796149003398658,17.321990966796875,0.09126821658462271,0.026349939695369456,0.10869155824184418,0.10867533087730408
1.8940000000000015,0.06794942575410343,17.32183837890625,0.0910512325458857,0.025711083729781068,0.10876362770795822,0.10900000482797623
1.8960000000000015,0.06793808693517356,17.32358169555664,0.09089838650295681,0.025129982792395044,0.10891757160425186,0.10856606066226959
1.8980000000000015,0.06792744421740185,17.323070526123047,0.0907198524847052,0.02450790676492523,0.10904378443956375,0.10888510942459106
1.9000000000000015,0.06791680154764863,17.322059631347656,0.09051499283464551,0.02394323549663451,0.10863979160785675,0.10922098159790039
1.9020000000000015,0.06790617514991261,17.3232364654541,0.09038028419207243,0.02343565706030631,0.10822843760251999,0.10881885886192322
1.9040000000000015,0.06789558127911163,17.3243408203125,0.09031489833982961,0.022887238777485,0.1078888401389122,0.10839507728815079
1.9060000000000015,0.06788503626766598,17.325374603271484,0.09031801436539069,0.022298202012201073,0.1076204925775528,0.10795021802186966
1.9080000000000015,0.06787455650848036,17.326351165771484,0.09038879611824042,0.02166916384834751,0.10742279887199402,0.10748449712991714
1.9100000000000015,0.06786475075250205,17.327674865722656,0.09052640717300878,0.021001199126960017,0.10729553550481796,0.10699783265590668
1.9120000000000015,0.06785501065369319,17.32695770263672,0.09063268014030945,0.020295929276683358,0.10715079307556152,0.1072404533624649
1.9140000000000015,0.06784591498289985,17.32810401916504,0.09080447598399258,0.01964864723640237,0.10707569122314453,0.10676013678312302
1.9160000000000015,0.06783688540540089,17.327251434326172,0.09094002152649466,0.018965882014229836,0.10698150098323822,0.10699668526649475
1.9180000000000015,0.06782847126438127,17.32849884033203,0.091129691597902,0.018340503976991367,0.10695597529411316,0.1065225824713707
1.9200000000000015,0.0678206434558642,17.327573776245117,0.0912760469193868,0.017681857455629692,0.10691028088331223,0.10675301402807236
1.9220000000000015,0.06781286759331442,17.326622009277344,0.09138604126085491,0.017079961501354428,0.10684389621019363,0.10699883103370667
1.9240000000000015,0.0678056509982665,17.328182220458984,0.0915594895298276,0.01653289377615804,0.10684426128864288,0.10655785351991653
1.9260000000000015,0.06779896640861297,17.32698631286621,0.09169797277681678,0.01595463171163956,0.10682238638401031,0.10679798573255539
1.9280000000000015,0.06779232093659415,17.325817108154297,0.09180110423920572,0.015430408335539355,0.10677794367074966,0.10705410689115524
1.9300000000000015,0.0677861822357673,17.327411651611328,0.09196592221967226,0.014958205856153463,0.10679856687784195,0.10664593428373337
1.9320000000000015,0.06778008370880305,17.32593536376953,0.09209411605940315,0.014456716308965691,0.10679502785205841,0.10689656436443329
1.9340000000000015,0.06777446725456973,17.327728271484375,0.09228267699119629,0.014006339133824555,0.10685493052005768,0.10649404674768448
1.9360000000000015,0.06776930797760565,17.32608413696289,0.09243341734183931,0.013529119354787716,0.1068895235657692,0.1067388504743576
1.9380000000000015,0.06776417764220974,17.325031280517578,0.09254605793208316,0.013101998478180993,0.10689831525087357,0.1070004254579544
1.9400000000000015,0.06775948153978165,17.326452255249023,0.09271742010467875,0.012722656360280686,0.10696880519390106,0.10663075000047684
1.9420000000000015,0.06775519646986099,17.325260162353516,0.09284956178947369,0.012318434771934046,0.1070123016834259,0.10688679665327072
1.9440000000000015,0.06775093027425227,17.324310302734375,0.09294224068350046,0.011960898774973616,0.1070282980799675,0.10716035962104797
1.9460000000000015,0.06774705384332394,17.325584411621094,0.0930921069811486,0.011647925309421062,0.10710439831018448,0.10682281851768494
1.9480000000000015,0.06774354563285695,17.324321746826172,0.0932014850421437,0.011311610074440835,0.10715191811323166,0.10709118098020554
1.9500000000000015,0.06774004728695679,17.323074340820312,0.09327018770817602,0.011018851811466923,0.10717067122459412,0.10737758874893188
1.9520000000000015,0.06773690203197742,17.32435417175293,0.09339465900391604,0.010768004967001863,0.10724803805351257,0.10707209259271622
1.9540000000000015,0.06773379327201241,17.32291603088379,0.09347752813946886,0.01049487107505414,0.10729562491178513,0.10735372453927994
1.9560000000000015,0.06773103539834069,17.32445526123047,0.09361512703173036,0.010262967604452066,0.10740050673484802,0.10705346614122391
1.9580000000000015,0.06772860251406042,17.322769165039062,0.09371029556522947,0.010010004831810729,0.10747484117746353,0.10733027756214142
1.9600000000000015,0.06772619882182906,17.321205139160156,0.09376294021710453,0.009797516026055072,0.10751841962337494,0.10762577503919601
1.9620000000000015,0.06772409705182117,17.322803497314453,0.09386916840247565,0.00962454147588829,0.10761817544698715,0.10735727101564407
1.9640000000000015,0.06772227358281793,17.32074546813965,0.09393213871049921,0.009431101834069701,0.10768652707338333,0.1076483353972435
1.9660000000000015,0.06772047126174953,17.3185977935791,0.09395179154210781,0.00927702769437262,0.10772343724966049,0.10795891284942627
1.9680000000000015,0.06771892635052536,17.320110321044922,0.0940240403562277,0.009162512234343247,0.10781560093164444,0.10772204399108887
1.9700000000000015,0.06771740562254716,17.317686080932617,0.094051838687507,0.009027599465190984,0.1078757494688034,0.10802830755710602
1.9720000000000015,0.0677161220293726,17.319454193115234,0.09413045971221827,0.00893292056764828,0.10794425755739212,0.10779613256454468
1.9740000000000015,0.06771505489378842,17.316898345947266,0.09416369952319349,0.008817335591198083,0.10798278450965881,0.10809856653213501
1.9760000000000015,0.06771418505335934,17.31458282470703,0.09415173274332574,0.008742642355911932,0.10804755240678787,0.10842111706733704
1.9780000000000015,0.06771349498036146,17.312347412109375,0.09409470953450609,0.008710358837950622,0.10813846439123154,0.10861533135175705
1.9800000000000015,0.0677128052547419,17.3099365234375,0.09399279673865638,0.008723307548336513,0.10812732577323914,0.10810823738574982
1.9820000000000015,0.06771212631117325,17.31105613708496,0.09394216946703536,0.00878547409571349,0.10816768556833267,0.10858436673879623
1.9840000000000015,0.06771146916504944,17.312862396240234,0.09394259833890396,0.008827179765777286,0.10826148837804794,0.10881229490041733
1.9860000000000015,0.0677108454032311,17.314788818359375,0.09399386114136983,0.00884431816007712,0.10840816795825958,0.10861964523792267
1.9880000000000015,0.06771038886045866,17.316930770874023,0.09409574200092616,0.008834114662090813,0.1084713265299797,0.10840459913015366
1.9900000000000015,0.06771008132840058,17.31397247314453,0.09415203178798583,0.008795027015766487,0.10851350426673889,0.10869250446557999
1.9920000000000015,0.06770990613244192,17.31103515625,0.09416294003639936,0.008803807671839562,0.10858228802680969,0.10900101065635681
1.9940000000000015,0.06770984817403901,17.308063507080078,0.09412866461286845,0.008861628934055754,0.10867758840322495,0.10923444479703903
1.9960000000000016,0.06770989387364541,17.305334091186523,0.09404939592841885,0.008970668901179516,0.10879965871572495,0.10887226462364197
1.9980000000000016,0.06770994671046679,17.302963256835938,0.09392530060545555,0.009133943374377404,0.10894820094108582,0.10850182175636292
2.0000000000000013,0.06771001479570367,17.304351806640625,0.0938524441917113,0.009355087631546508,0.10907106101512909,0.10896753519773483
2.002000000000001,0.06771017547262373,17.306325912475586,0.09383056782361801,0.009546620114507099,0.10916846245527267,0.10947516560554504
2.004000000000001,0.06771035380418401,17.303457260131836,0.09376354585717778,0.00970420918321059,0.10929252952337265,0.10918818414211273
2.0060000000000007,0.06771061275682466,17.30535125732422,0.0937473928058636,0.009919273907488212,0.10939107090234756,0.10970337688922882
2.0080000000000005,0.0677108917189753,17.302536010742188,0.09368604218307466,0.010097329302584562,0.10951634496450424,0.10945411771535873
2.0100000000000002,0.06771123985295281,17.30445671081543,0.09367545641227919,0.010333843158055668,0.10961565375328064,0.10997768491506577
2.012,0.0677116459146921,17.301578521728516,0.09361963548776106,0.01053057636646507,0.10974211990833282,0.10976660251617432
2.014,0.06771206913803068,17.298797607421875,0.0935188065342117,0.01078657903797361,0.10989560931921005,0.10954786092042923
2.0159999999999996,0.06771254067546055,17.300687789916992,0.09346877540170347,0.011103795690331875,0.1100231185555458,0.11004672199487686
2.0179999999999993,0.06771303138451137,17.297760009765625,0.09337367203005346,0.01137868076703059,0.11017770320177078,0.10986572504043579
2.019999999999999,0.06771356129059954,17.299816131591797,0.09332922432340895,0.011715468378361318,0.11030629277229309,0.11037692427635193
2.021999999999999,0.0677141123110057,17.296682357788086,0.09323965471645064,0.012007258943369336,0.11046203970909119,0.11023177951574326
2.0239999999999987,0.0677146938942022,17.29885482788086,0.0932005956843373,0.012361535334416198,0.11059180647134781,0.11075904965400696
2.0259999999999985,0.06771529846818963,17.295654296875,0.09311655036058328,0.012668527748281528,0.11074864864349365,0.11064762622117996
2.0279999999999982,0.06771592544189639,17.297868728637695,0.09308426880794617,0.013038512895963217,0.11087944358587265,0.11119411885738373
2.029999999999998,0.06771656719163457,17.29462432861328,0.09300856130495633,0.013359252605407086,0.11103767901659012,0.11111508309841156
2.031999999999998,0.067717230269895,17.291316986083984,0.09288982713936489,0.013743435422789137,0.11122291535139084,0.11099720001220703
2.0339999999999976,0.06771790166845475,17.29363441467285,0.09282403027681466,0.014192197469482597,0.11138201504945755,0.11155595630407333
2.0359999999999974,0.06771859584550363,17.290233612060547,0.0927157330011186,0.014589921945873933,0.11156836897134781,0.1114712655544281
2.037999999999997,0.06771929234130225,17.292631149291992,0.09266104416987493,0.015052634835187977,0.11172862350940704,0.11205212771892548
2.039999999999997,0.06771998593003242,17.28913116455078,0.09256444382124768,0.015462623401230646,0.11191604286432266,0.11200114339590073
2.0419999999999967,0.06772070132303949,17.28531265258789,0.09242638323034244,0.015937973630929473,0.11213095486164093,0.11191079020500183
2.0439999999999965,0.0677214094630583,17.28799819946289,0.09234315215973775,0.016479589907434793,0.11231939494609833,0.1125083640217781
2.0459999999999963,0.0677221403515167,17.284099578857422,0.09221910587656593,0.016966944526372242,0.11253514140844345,0.1124517172574997
2.047999999999996,0.06772286006557877,17.286834716796875,0.09215067828932827,0.01752088775766474,0.11272434145212173,0.11307363212108612
2.049999999999996,0.06772356574325593,17.28287124633789,0.09204213355631079,0.018019196125164328,0.11294101923704147,0.11305055767297745
2.0519999999999956,0.06772429372091593,17.27877426147461,0.09189398555622143,0.018584392452664564,0.11318471282720566,0.11298621445894241
2.0539999999999954,0.06772500531817315,17.28168487548828,0.09180283330875885,0.01921715802113394,0.11340200901031494,0.11362797021865845
2.055999999999995,0.06772573961057661,17.277482986450195,0.09167282063891376,0.01979302301315262,0.1136462613940239,0.11359600722789764
2.057999999999995,0.06772645557808281,17.280506134033203,0.09160067073036353,0.020436712025285,0.11386389285326004,0.11426303535699844
2.0599999999999947,0.06772715262838135,17.276155471801758,0.0914904437362308,0.021022413990654458,0.11410863697528839,0.11426220089197159
2.0619999999999945,0.06772787235955913,17.271800994873047,0.09134271397032204,0.021676176839298386,0.1143803521990776,0.11421681940555573
2.0639999999999943,0.06772857273736167,17.274925231933594,0.0912543234566915,0.022398495330796533,0.1146249994635582,0.1149042546749115
2.065999999999994,0.0677292955940071,17.270557403564453,0.09112924331493023,0.02306179841383368,0.11489664018154144,0.11488711833953857
2.067999999999994,0.06772999903570091,17.273727416992188,0.09106439346868087,0.023793857547976954,0.11514095216989517,0.11559836566448212
2.0699999999999936,0.06773068466265424,17.269302368164062,0.09096369128425247,0.024466054664737422,0.11541200429201126,0.1156068816781044
2.0719999999999934,0.067731393084646,17.264835357666016,0.09082776913731719,0.025207192514180715,0.11570921540260315,0.11556576192378998
2.073999999999993,0.06773208506947152,17.26809310913086,0.09075357751718066,0.026017615223827596,0.1159793958067894,0.11629422754049301
2.075999999999993,0.06773279900749617,17.263669967651367,0.09064440733235049,0.02676734218912704,0.11627525836229324,0.11627399921417236
2.0779999999999927,0.06773349823686631,17.266881942749023,0.09059042776265487,0.0275865108414106,0.11654382944107056,0.11702186614274979
2.0799999999999925,0.06773418647026036,17.262500762939453,0.0904933057161408,0.028344328359570164,0.11683806031942368,0.11701858043670654
2.0819999999999923,0.06773489720906907,17.258056640625,0.09035325942604377,0.029171729475190453,0.1171572357416153,0.11694730073213577
2.083999999999992,0.0677356000527544,17.261371612548828,0.09026911571067266,0.030068939791576824,0.11744900792837143,0.11771383136510849
2.085999999999992,0.06773632388046003,17.256977081298828,0.09015148489787285,0.03090411868005598,0.11776527762413025,0.11764787137508392
2.0879999999999916,0.06773704324216108,17.260265350341797,0.09009710275953325,0.0318092283036094,0.1180540919303894,0.11842942237854004
2.0899999999999914,0.06773778194686357,17.25589370727539,0.09001030128639655,0.03265180031923992,0.11836699396371841,0.11836373805999756
2.091999999999991,0.06773851992500679,17.259174346923828,0.08998746822455907,0.03356441005766518,0.11865253001451492,0.11915605515241623
2.093999999999991,0.06773926330262288,17.254852294921875,0.08993298752088559,0.034414047686329795,0.11896181851625443,0.11908528953790665
2.0959999999999908,0.0677400267246301,17.250629425048828,0.08984751338541207,0.035333817306296006,0.1192936822772026,0.11892953515052795
2.0979999999999905,0.06774080047229089,17.25387191772461,0.08982720147686687,0.03632381230086994,0.11959802359342575,0.1197250559926033
2.0999999999999903,0.06774158049423785,17.249570846557617,0.08977661832130956,0.037250334193093766,0.11992449313402176,0.11942767351865768
2.10199999999999,0.06774239362687746,17.252883911132812,0.08979172284754704,0.038247168911688334,0.12022419273853302,0.12015135586261749
2.10399999999999,0.06774323573970281,17.254301071166992,0.08983258564868268,0.03918019069708706,0.12051758170127869,0.1203981265425682
2.1059999999999897,0.06774410207798086,17.255226135253906,0.08989829172439899,0.04009792298662659,0.12080483883619308,0.12069582939147949
2.1079999999999894,0.06774498934750148,17.256729125976562,0.08997895445736492,0.0410006021170869,0.12108609825372696,0.12104649096727371
2.109999999999989,0.06774589401580676,17.257793426513672,0.09007229343975313,0.04188857271419619,0.12136159092187881,0.12144993990659714
2.111999999999989,0.06774675816377387,17.259315490722656,0.09017901016006338,0.042762058178074394,0.12161406129598618,0.12190686166286469
2.1139999999999888,0.06774770202771489,16.909894943237305,0.09026924075035953,0.0436213291897898,0.12166975438594818,0.12215354293584824
2.1159999999999886,0.06774857642654995,17.47148895263672,0.09039652946321751,0.04441289547310812,0.12173774093389511,0.12257365882396698
2.1179999999999883,0.06774949681739505,17.247745513916016,0.09054263675091778,0.04518699206306089,0.12181467562913895,0.12269751727581024
2.119999999999988,0.06775037530791486,17.445289611816406,0.0907220400824597,0.04595869058406773,0.12190244346857071,0.12283467501401901
2.121999999999988,0.0677512779206419,17.30640411376953,0.09092336290226531,0.046715589905362766,0.12199925631284714,0.12297389656305313
2.1239999999999877,0.06775146115666929,17.329639434814453,0.09115523705079713,0.04746667050457641,0.1221056655049324,0.12312034517526627
2.1259999999999875,0.06775179126447574,15.762910842895508,0.09137222915366297,0.04820463634374165,0.12221398204565048,0.1231582909822464
2.1279999999999872,0.0677520405736324,11.14164924621582,0.09163196595619341,0.04896950200503833,0.12234162539243698,0.12386049330234528
2.129999999999987,0.06775238429505445,17.018678665161133,0.09190329474173606,0.049704813034560306,0.12248703092336655,0.12382562458515167
2.131999999999987,0.06775268296514761,17.440052032470703,0.09221082447698253,0.05043467518865406,0.12264909595251083,0.12427008897066116
2.1339999999999866,0.06775304174041832,17.264442443847656,0.09253482666486602,0.051140697390088884,0.12282780557870865,0.12433292716741562
2.1359999999999864,0.06775337762854182,17.456069946289062,0.09289046487342868,0.0518377114702061,0.12302105128765106,0.1246267780661583
2.137999999999986,0.06775338495156423,17.317485809326172,0.09326438069287234,0.05251467226318113,0.12322898954153061,0.12472265213727951
2.139999999999986,0.06775338821128236,-8.540547370910645,0.09362836789394871,0.05318050774114433,0.1234450414776802,0.12529996037483215
2.1419999999999857,0.06775354879410207,15.508216857910156,0.09398025165071891,0.053859625623005426,0.12367372214794159,0.12497173994779587
2.1439999999999855,0.06775363150107097,10.838661193847656,0.09436279247858602,0.05454067763421637,0.1239142194390297,0.12554143369197845
2.1459999999999853,0.06775381454096126,16.94557762145996,0.09475199012187355,0.05519079543978621,0.1241709440946579,0.125436931848526
2.147999999999985,0.06775395485981398,17.45001983642578,0.0951749680971027,0.0558348795238846,0.12443666160106659,0.12576687335968018
2.149999999999985,0.06775415825480101,17.242660522460938,0.09561402725891584,0.056453857367033504,0.12471484392881393,0.12575624883174896
2.1519999999999846,0.06775433993409491,17.437667846679688,0.09608235880941984,0.05706308561607712,0.1250000149011612,0.1259547919034958
2.1539999999999844,0.0677541792980632,17.303863525390625,0.09656885894370586,0.057651076035412065,0.12529407441616058,0.1259813755750656
2.155999999999984,0.06775410150831351,17.100971221923828,0.09705494374046202,0.05822710440185789,0.12560397386550903,0.12560836970806122
2.157999999999984,0.06775398699753571,17.362831115722656,0.09757515891878508,0.05873161769071299,0.12591569125652313,0.1259583681821823
2.1599999999999837,0.0677539249660398,17.279335021972656,0.09811274230213284,0.059216027630366354,0.12623390555381775,0.12591564655303955
2.1619999999999835,0.06775414912215294,17.422794342041016,0.09867935778838424,0.05969324928299983,0.12655258178710938,0.12611468136310577
2.1639999999999833,0.06775441592483529,17.362071990966797,0.09928582737718883,0.06015313169339735,0.1268395483493805,0.12668085098266602
2.165999999999983,0.06775464577291765,17.111831665039062,0.0999114463279467,0.06053345260979489,0.12712910771369934,0.12664693593978882
2.167999999999983,0.06775476113173566,-8.24753475189209,0.10052333462828036,0.06097956315501933,0.12740138173103333,0.12607407569885254
2.1699999999999826,0.06775504244970262,14.794750213623047,0.10111026074783655,0.06135563937610562,0.12768948078155518,0.12577278912067413
2.1719999999999824,0.0677552597968658,9.762340545654297,0.1017287347837041,0.06176706041167032,0.1279672086238861,0.1261313408613205
2.173999999999982,0.06775558198746343,16.719985961914062,0.10235569763049351,0.06215479400024721,0.12824970483779907,0.126281276345253
2.175999999999982,0.06775587154474595,17.36641502380371,0.1030129596008738,0.0625449674162239,0.12852336466312408,0.12658624351024628
2.1779999999999817,0.06775622579415339,17.212501525878906,0.1036818517649487,0.06291591075773402,0.12879785895347595,0.12677882611751556
2.1799999999999815,0.06775656396463803,17.382068634033203,0.10437574996864082,0.06328366257001687,0.12900923192501068,0.12706170976161957
2.1819999999999813,0.0677569395577443,17.280712127685547,0.10508272328241748,0.06363489478659759,0.12914204597473145,0.1272873431444168
2.183999999999981,0.0677575743751347,17.326812744140625,0.10581054403639205,0.06397922896302051,0.1292906403541565,0.12756671011447906
2.185999999999981,0.06775835963856017,15.394485473632812,0.1065665339396293,0.06430874835069872,0.1295187920331955,0.12726077437400818
2.1879999999999806,0.06775911940952457,11.107206344604492,0.10735500763579053,0.06461489721682763,0.12976939976215363,0.127687007188797
2.1899999999999804,0.06775997215373065,16.935823440551758,0.10814739739764766,0.06490276260533549,0.13002917170524597,0.12811629474163055
2.19199999999998,0.06776081406260642,17.36339569091797,0.10896508008179363,0.06519470844934118,0.13026033341884613,0.12854890525341034
2.19399999999998,0.06776171018866646,17.199974060058594,0.1097868642794533,0.06547138751057473,0.1304122358560562,0.12899255752563477
2.1959999999999797,0.06776260014779803,17.4022159576416,0.11062011656886897,0.06574636291124471,0.1305529624223709,0.12943804264068604
2.1979999999999795,0.0677635172894653,17.26553726196289,0.11146083998536811,0.0660077276323327,0.1306883841753006,0.1298953741788864
2.1999999999999793,0.0677644271639149,17.28540802001953,0.11231751729726681,0.06626346950708191,0.13081370294094086,0.13035622239112854
2.201999999999979,0.06776534587267534,17.271713256835938,0.11318142039799581,0.06650653831564513,0.13093222677707672,0.13082878291606903
2.203999999999979,0.06776625339373624,17.255821228027344,0.11405076643916748,0.06674135662132423,0.13104122877120972,0.1313057541847229
2.2059999999999786,0.06776715699294442,17.263031005859375,0.11492197825584574,0.06696381241618837,0.13114260137081146,0.13179388642311096
2.2079999999999784,0.06776804468725503,17.250247955322266,0.11579695267381623,0.06717629417424827,0.13123467564582825,0.1320742517709732
2.209999999999978,0.06776891931932533,17.257843017578125,0.11667391887344634,0.06737637691542489,0.1313188076019287,0.13205716013908386
2.211999999999978,0.06776977349037104,17.255146026611328,0.11755366352045826,0.06756532448668202,0.1313936412334442,0.1320345103740692
2.2139999999999778,0.06777060792221444,17.260761260986328,0.11843736971908135,0.06774168805334795,0.1314600259065628,0.13201163709163666
2.2159999999999775,0.06777141790956744,17.260801315307617,0.11932864755149164,0.06790611608730698,0.13151733577251434,0.13198436796665192
2.2179999999999773,0.06777220324190476,17.26504898071289,0.12022646813286073,0.06805773050603066,0.13156607747077942,0.131955087184906
2.219999999999977,0.06777296085561878,17.266094207763672,0.12113044847803205,0.06819684866412086,0.1316058337688446,0.13192209601402283
2.221999999999977,0.06777369020910029,17.269107818603516,0.12203969884117138,0.06832293093982582,0.13163654506206512,0.13188616931438446
2.2239999999999767,0.06777438928230169,17.270793914794922,0.1229537406375874,0.06843612143554859,0.13165852427482605,0.13184644281864166
2.2259999999999764,0.06777505749548061,17.27336883544922,0.12387180722647732,0.0685360850432679,0.1316715031862259,0.1318032294511795
2.227999999999976,0.06777569352202983,17.275047302246094,0.12479337482215616,0.06862287958999348,0.1316755712032318,0.13175618648529053
2.229999999999976,0.06777629687654176,17.277231216430664,0.12571775838346794,0.06869629659172187,0.131670743227005,0.13170504570007324
2.231999999999976,0.06777686671328884,17.278762817382812,0.126644417884466,0.06875635492958308,0.13165715336799622,0.13164979219436646
2.2339999999999756,0.06777740269148544,17.28063201904297,0.127572725283543,0.06880292694463556,0.13163474202156067,0.13159051537513733
2.2359999999999753,0.06777790431155362,17.282068252563477,0.12797783204553026,0.06883601782672616,0.13160346448421478,0.13152673840522766
2.237999999999975,0.06777837138679212,17.283660888671875,0.1279445238725925,0.0688555534184999,0.1315634846687317,0.13145850598812103
2.239999999999975,0.06777880367426842,17.284984588623047,0.12790472710803522,0.06886153826810003,0.13151493668556213,0.13138580322265625
2.2419999999999747,0.06777920113169567,17.286468505859375,0.12785846946258966,0.06885393511403905,0.13145756721496582,0.13130640983581543
2.2439999999999745,0.067779563710482,17.287899017333984,0.12780576488301862,0.06883275423707774,0.13139182329177856,0.13121800124645233
2.2459999999999742,0.06777989149519066,17.289323806762695,0.127746639021676,0.06879798494628156,0.1313176304101944,0.13112075626850128
2.247999999999974,0.0677801845863151,17.29060173034668,0.12768111003971602,0.06874964603973509,0.13123488426208496,0.1310148537158966
2.249999999999974,0.06778044317549718,17.29183578491211,0.12760920304556023,0.06868774680087408,0.13114404678344727,0.13090017437934875
2.2519999999999736,0.06778066747826406,17.292980194091797,0.1275309392078411,0.06861231545119258,0.1310448795557022,0.13077722489833832
2.2539999999999734,0.06778085777411057,17.294071197509766,0.12744634394066454,0.06852337690436387,0.13093771040439606,0.13064584136009216
2.255999999999973,0.0677810143672721,17.295085906982422,0.12735544072848465,0.06842096877233478,0.13082252442836761,0.13050630688667297
2.257999999999973,0.06778174220986176,17.296043395996094,0.12725825576654376,0.06830512864373227,0.13069942593574524,0.13035881519317627
2.2599999999999727,0.06778245980744424,16.976478576660156,0.1271608374080772,0.06817590305718528,0.13057982921600342,0.12984727323055267
2.2619999999999725,0.06778311569792334,17.413864135742188,0.1270535524750645,0.0679035171161309,0.130447655916214,0.1296779364347458
2.2639999999999723,0.06778374568739827,17.262527465820312,0.12694346761061173,0.06762135759749983,0.13031283020973206,0.12952952086925507
2.265999999999972,0.06778432026715006,17.462966918945312,0.12682497272685883,0.0673424855588829,0.1301676481962204,0.1293569654226303
2.267999999999972,0.06778485880039115,17.315357208251953,0.1267023289521732,0.06705478203803056,0.1300182044506073,0.12920115888118744
2.2699999999999716,0.06778534497524286,17.328092575073242,0.12657227424802442,0.06676589689602244,0.1298598051071167,0.12902233004570007
2.2719999999999714,0.06778578909305867,17.31344223022461,0.12643725724477822,0.06646860263707334,0.12969599664211273,0.12885570526123047
2.273999999999971,0.06778618218206484,17.294647216796875,0.12629543225779657,0.06616709360444571,0.1295245885848999,0.12866967916488647
2.275999999999971,0.0677865298066995,17.300140380859375,0.1261483650295002,0.06585711577215081,0.1293475180864334,0.12849083542823792
2.2779999999999707,0.06778682707201089,17.286479949951172,0.1259951299166481,0.06554090721160478,0.1291632503271103,0.12829644978046417
2.2799999999999705,0.06778707708890606,17.291580200195312,0.1258365613625665,0.06521593838860933,0.1289733201265335,0.12810353934764862
2.2819999999999703,0.06778727727045218,17.28783416748047,0.12567211011532756,0.06488337687495953,0.12877684831619263,0.12789615988731384
2.28399999999997,0.067787429479104,17.291311264038086,0.12550227602871808,0.06454170349876837,0.128574937582016,0.12768596410751343
2.28599999999997,0.06778753246472072,17.29013442993164,0.12532677529377492,0.06419150970871981,0.12836706638336182,0.12746471166610718
2.2879999999999696,0.06778758747479928,17.292564392089844,0.125145920424302,0.06383187631855064,0.12815387547016144,0.12723928689956665
2.2899999999999694,0.06778759405413672,17.292667388916016,0.12495958047040298,0.0634630930368935,0.1279352754354477,0.1270049661397934
2.291999999999969,0.06778755316511927,17.294265747070312,0.12476796384289832,0.06308460326476605,0.1277119517326355,0.12676621973514557
2.293999999999969,0.06778746483915277,17.29489517211914,0.12457102836793352,0.06269654593203933,0.1274838000535965,0.12652075290679932
2.2959999999999687,0.06778771424588426,17.296138763427734,0.12436892535077018,0.062298588476619635,0.12725122272968292,0.126271054148674
2.2979999999999685,0.06778792580605714,17.0688533782959,0.12420940635032254,0.06189080098306341,0.12707458436489105,0.12584641575813293
2.2999999999999683,0.06778806344549766,17.392078399658203,0.1240411268320249,0.06138285695111712,0.1268882006406784,0.1256079077720642
2.301999999999968,0.06778815084303871,17.275020599365234,0.12387081812653239,0.060860673445644,0.12670017778873444,0.12541815638542175
2.303999999999968,0.06778816710143432,17.457202911376953,0.1236932441125486,0.06033707551738111,0.12650452554225922,0.12519437074661255
2.3059999999999676,0.06778812535999881,17.318042755126953,0.12351247360460497,0.05980145444155222,0.12630625069141388,0.12498888373374939
2.3079999999999674,0.0677880140900304,17.324447631835938,0.12332550500663844,0.059261452508882324,0.1261018067598343,0.12477122992277145
2.309999999999967,0.06778784068906664,17.31595802307129,0.12313468913587418,0.05871093775767159,0.1258942037820816,0.12455803155899048
2.311999999999967,0.06778759895329663,17.29861831665039,0.12293834937286868,0.05815423687009574,0.12568159401416779,0.12434199452400208
2.3139999999999668,0.06778729329425304,17.303062438964844,0.12273785260301184,0.05758787249283416,0.12546594440937042,0.12412530183792114
2.3159999999999665,0.06778692057050763,17.291767120361328,0.12253227801416333,0.057014295946515255,0.12524615228176117,0.12390916794538498
2.3179999999999663,0.06778648366273195,17.295827865600586,0.12232243563084012,0.05643154905477253,0.12502342462539673,0.12369123101234436
2.319999999999966,0.06778598123130283,17.293338775634766,0.1221078365527348,0.05584103807927151,0.12479735165834427,0.12347493320703506
2.321999999999966,0.06778541539281445,17.296199798583984,0.12188897643729565,0.055241678915792,0.12456890940666199,0.12325701862573624
2.3239999999999656,0.06778478589397795,17.295812606811523,0.12166561388516231,0.05463429931227951,0.12433803081512451,0.12303870916366577
2.3259999999999654,0.06778409448844415,17.298179626464844,0.12143806778277123,0.05401832176112418,0.1241050511598587,0.12281714379787445
2.327999999999965,0.0677841024987344,17.298690795898438,0.12120623916201222,0.053394257083979685,0.12387049943208694,0.12259486317634583
2.329999999999965,0.06778249266879276,16.811044692993164,0.12098360466766582,0.05276182434015861,0.12364868074655533,0.1224292740225792
2.3319999999999648,0.06778081944686652,9.976563453674316,0.12074744679116398,0.0521196086611588,0.12341665476560593,0.12227440625429153
2.3339999999999645,0.0677791344322807,16.714426040649414,0.12051367759028327,0.05141683385071036,0.12319045513868332,0.12201686203479767
2.3359999999999643,0.0677773995174138,17.469444274902344,0.12027183922785022,0.050719930732677124,0.12296042591333389,0.12179743498563766
2.337999999999964,0.06777564946966533,17.30099868774414,0.1200301805921244,0.050008615344716914,0.12273463606834412,0.12155600637197495
2.339999999999964,0.06777368388677707,17.498531341552734,0.1197823123778083,0.049298469688788586,0.12250758707523346,0.12133850157260895
2.3419999999999637,0.06777049889125483,17.39069366455078,0.11949468444327103,0.04857703123699069,0.12225291877985,0.12088111788034439
2.3439999999999634,0.06776743132627701,16.722068786621094,0.11927872031307075,0.04789591826740922,0.12206088751554489,0.12003351747989655
2.3459999999999632,0.06776456161101034,17.46855926513672,0.11905653905867664,0.04712947029684354,0.12186729907989502,0.11990662664175034
2.347999999999963,0.06776192235243142,17.316757202148438,0.11886769229816928,0.04634997490368706,0.12170495092868805,0.11995842307806015
2.349999999999963,0.06775933314879118,17.52688217163086,0.11870525579536097,0.04565597941164755,0.12156771868467331,0.120059534907341
2.3519999999999626,0.06775694860859335,17.398021697998047,0.11854285077746679,0.045033590988942065,0.12143214792013168,0.11993686109781265
2.3539999999999623,0.06775496816259144,17.467071533203125,0.1184077059593943,0.04440954841878907,0.12132096290588379,0.12004493176937103
2.355999999999962,0.06775300147253119,17.408626556396484,0.11829588037999,0.04385873442526162,0.12122787535190582,0.12029828876256943
2.357999999999962,0.0677510638112128,17.398733139038086,0.11818271765125483,0.043241248729145886,0.12113403528928757,0.12019366025924683
2.3599999999999617,0.0677491424196903,17.374807357788086,0.11806641015167556,0.04262894922596087,0.12103890627622604,0.12010069191455841
2.3619999999999615,0.06774724618694397,17.378517150878906,0.117948279128562,0.04201745998375201,0.12094297260046005,0.12000101804733276
2.3639999999999612,0.06774547547773829,17.361934661865234,0.11782730333315987,0.04140876273207306,0.12084582448005676,0.11990860849618912
2.365999999999961,0.06774383122991036,17.360733032226562,0.11773486557814003,0.040800179024775916,0.12077111750841141,0.11996734887361526
2.367999999999961,0.06774219833919447,17.353622436523438,0.11767028594458682,0.040274328075918166,0.12071822583675385,0.12005187571048737
2.3699999999999606,0.06774068480862251,17.3551025390625,0.11760318523446558,0.03982877759125278,0.12066340446472168,0.11998972296714783
2.3719999999999604,0.06773917977670592,17.349332809448242,0.11756385750258996,0.03938118747999937,0.12062980234622955,0.12009605020284653
2.37399999999996,0.0677376857265655,17.349956512451172,0.11752183467492307,0.03901249846540304,0.12059416621923447,0.12005016952753067
2.37599999999996,0.06773593352792948,17.347736358642578,0.11747687668685207,0.038640189252680555,0.1205563098192215,0.12000446021556854
2.3779999999999597,0.06773431349920452,17.400508880615234,0.11747563602318888,0.03826361201145888,0.12054697424173355,0.11994454264640808
2.3799999999999595,0.06773270806717314,17.385927200317383,0.11750046828223777,0.03785895272238541,0.12055743485689163,0.1201583743095398
2.3819999999999593,0.0677311314515271,17.38051986694336,0.11752297764437834,0.037533787107413556,0.12056618183851242,0.12014316022396088
2.383999999999959,0.067729569135139,17.362234115600586,0.11754188760645867,0.03720893855991783,0.1205725222826004,0.12013032287359238
2.385999999999959,0.06772802903632195,17.36186981201172,0.11755825155821682,0.03688127523897237,0.12057699263095856,0.12011396884918213
2.3879999999999586,0.06772650199793619,17.353200912475586,0.11757135925195776,0.03655256968536483,0.12057895213365555,0.1200985461473465
2.3899999999999584,0.06772499223552908,17.3536434173584,0.11758182996552383,0.03622095995423815,0.12057911604642868,0.12008053809404373
2.391999999999958,0.06772349566655092,17.349411010742188,0.11758927613897324,0.03588740543090976,0.12057705223560333,0.12006279081106186
2.393999999999958,0.06772205010626481,17.3498592376709,0.11759406917653256,0.035550792124658115,0.12057279795408249,0.12004301697015762
2.3959999999999577,0.06772066567032906,17.347509384155273,0.11759600557688052,0.035211630935053154,0.1205664575099945,0.12002281844615936
2.3979999999999575,0.0677190436617406,17.347196578979492,0.11759531527243736,0.03486925251158992,0.12055812031030655,0.12000083178281784
2.3999999999999573,0.06771762871683554,17.163005828857422,0.11762936899188609,0.03452392502498347,0.12056807428598404,0.11987535655498505
2.401999999999957,0.067716260838942,17.48424530029297,0.11768734985499642,0.03411251234454583,0.120598703622818,0.12017245590686798
2.403999999999957,0.06771500198600294,17.372089385986328,0.11774567629134519,0.03377249705776324,0.12063014507293701,0.1201886460185051
2.4059999999999566,0.06771380197792341,17.520584106445312,0.11779947548619886,0.033435929733615616,0.1206590011715889,0.12020337581634521
2.4079999999999564,0.06771269453898451,17.393985748291016,0.1178525056074905,0.03309234684952452,0.12068811058998108,0.1202184185385704
2.409999999999956,0.06771165109688387,17.393665313720703,0.1179019583285659,0.03274958982681636,0.12071539461612701,0.12023261189460754
2.411999999999956,0.0677106894619965,17.382566452026367,0.11794999723960166,0.032401578428989934,0.12074217945337296,0.12024682015180588
2.4139999999999557,0.06770979308682942,17.363143920898438,0.11799502758358811,0.03205280175780766,0.1207672506570816,0.12026023119688034
2.4159999999999555,0.06770897101289183,17.36452865600586,0.11803830151417917,0.03169976946926486,0.12079153954982758,0.1202731654047966
2.4179999999999553,0.06770821338719972,17.351770401000977,0.1180789200877737,0.031345055109429996,0.12081445753574371,0.12028571963310242
2.419999999999955,0.06770752444697754,17.353229522705078,0.11811761484099262,0.03098666071642001,0.12083617597818375,0.12029759585857391
2.421999999999955,0.06770656488737146,17.3480167388916,0.11815388620931108,0.030626067499368363,0.12085650116205215,0.12030894309282303
2.4239999999999546,0.06770567695412331,17.341676712036133,0.11824553854557232,0.030262138991723798,0.12092121690511703,0.1211150586605072
2.4259999999999544,0.06770485502528914,17.335739135742188,0.11833483466117894,0.029883117521932234,0.12098593264818192,0.12118121981620789
2.427999999999954,0.06770410213839141,17.338695526123047,0.11842225460668528,0.029501744229396457,0.12105090171098709,0.12125111371278763
2.429999999999954,0.06770341492616655,17.336353302001953,0.11850743033567963,0.02911890527277529,0.12111594527959824,0.12131690233945847
2.4319999999999538,0.06770279462780295,17.338573455810547,0.11859064480468266,0.02873370859636591,0.1211806982755661,0.12138434499502182
2.4339999999999535,0.06770223906280774,17.337692260742188,0.11867169579583181,0.028346646607487334,0.1212453842163086,0.12144912779331207
2.4359999999999533,0.06770140775087781,17.338619232177734,0.11875075579581931,0.027957204737725186,0.12130969017744064,0.12151467800140381
2.437999999999953,0.06770061812819424,17.477325439453125,0.1188480524074333,0.027565661757157352,0.12139157205820084,0.1226387768983841
2.439999999999953,0.06769992486532435,17.310077667236328,0.11894665085133697,0.027055673215737285,0.12147657573223114,0.12280091643333435
2.4419999999999527,0.06769936495072007,16.348983764648438,0.11910599865322587,0.026557091055914445,0.1216217502951622,0.12416689842939377
2.4439999999999524,0.06769887355039512,16.96924591064453,0.11925881027537182,0.026026182125248806,0.12176483869552612,0.12421752512454987
2.445999999999952,0.06769849760313054,17.25071907043457,0.11941442303137995,0.025489452126419572,0.12191471457481384,0.12453634291887283
2.447999999999952,0.06769820254534863,17.48237419128418,0.11956538396963987,0.024965245659490702,0.12206366658210754,0.12463508546352386
2.4499999999999518,0.0676980118012233,17.370683670043945,0.11971748462509324,0.024437931537265072,0.12221737205982208,0.1249016672372818
2.4519999999999516,0.06769790765028644,17.4642333984375,0.11986619821259538,0.023918661973551726,0.12237056344747543,0.12503190338611603
2.4539999999999513,0.06769790055978692,17.383922576904297,0.12001502609002827,0.023397937598235448,0.12252707779407501,0.12526388466358185
2.455999999999951,0.06769798164648216,17.374324798583984,0.12016134675926939,0.022882333097562216,0.12268367409706116,0.1254156529903412
2.457999999999951,0.0676981548764746,17.371889114379883,0.12030719133676199,0.022366302671129,0.12284228950738907,0.1256256252527237
2.4599999999999507,0.0676984155766255,17.35172462463379,0.12045106602687713,0.021853529553935144,0.1230011060833931,0.12578877806663513
2.4619999999999505,0.06769876455968153,17.357295989990234,0.12059415752527537,0.0213408018842634,0.12316133081912994,0.12598523497581482
2.4639999999999502,0.0676991990727086,17.345369338989258,0.12073562323617358,0.020830177455381117,0.12332170456647873,0.12615445256233215
2.46599999999995,0.06769971843709141,17.34975814819336,0.12087616538088833,0.020319793203748198,0.12348297983407974,0.12634257972240448
2.46799999999995,0.06770032071385652,17.344497680664062,0.12101531807663841,0.019810798180221013,0.12364419549703598,0.12651483714580536
2.4699999999999496,0.06770100454201107,17.34792709350586,0.12115350611998092,0.01930211360870452,0.12380588054656982,0.12669789791107178
2.4719999999999493,0.0677017682803456,17.345497131347656,0.12129048214943144,0.018794384818561972,0.12396759539842606,0.12687163054943085
2.473999999999949,0.0677026102688606,17.347797393798828,0.12142651264686141,0.018286992973944337,0.1241292878985405,0.127051442861557
2.475999999999949,0.06770352893574202,17.34665298461914,0.12156147757822097,0.017780307991054806,0.12429086863994598,0.127225860953331
2.4779999999999487,0.06770452249670292,17.347900390625,0.12169555364994275,0.01727398401678187,0.12445247173309326,0.1274038851261139
2.4799999999999485,0.06770558935701246,17.347549438476562,0.12182869559558121,0.01676824382329334,0.12461389601230621,0.12757892906665802
2.4819999999999482,0.06770672768277756,17.34844970703125,0.12196102982364243,0.01626290639575818,0.12477492541074753,0.12775616347789764
2.483999999999948,0.06770793582521278,17.348356246948242,0.12209255558714548,0.01575811916163559,0.12493569403886795,0.12793195247650146
2.485999999999948,0.06770921192880258,17.349008560180664,0.12222337180176754,0.015253803209108819,0.12509630620479584,0.12810909748077393
2.4879999999999476,0.06771055428464243,17.349075317382812,0.12235350491412204,0.014750070726492478,0.12525638937950134,0.1282857358455658
2.4899999999999474,0.06771196102236107,17.349620819091797,0.12248303962579694,0.014246908539291413,0.12541639804840088,0.12846361100673676
2.491999999999947,0.06771343037503284,17.34981918334961,0.12261201978108092,0.013744416132691239,0.12557587027549744,0.12864141166210175
2.493999999999947,0.0677149604545839,17.350250244140625,0.12274052375509685,0.0132426252620218,0.12573494017124176,0.12882046401500702
2.4959999999999467,0.06771654943861963,17.350494384765625,0.12286845565494858,0.012741635794765551,0.12589377164840698,0.1290002465248108
2.4979999999999465,0.06771819541365416,17.350833892822266,0.1229952007326437,0.01224151311505005,0.12605249881744385,0.12918126583099365
2.4999999999999463,0.06771885229385097,17.35108184814453,0.12312074673885076,0.011742365897780044,0.12621062994003296,0.12936344742774963
2.501999999999946,0.06771963299150695,-8.619840621948242,0.12317382672554922,0.011244288140297739,0.12627406418323517,0.12818773090839386
2.503999999999946,0.06772039629651012,15.273926734924316,0.12323279599774899,0.01069699173572356,0.12634524703025818,0.12881794571876526
2.5059999999999456,0.06772122835474735,11.248424530029297,0.12328496044609683,0.010160978506299738,0.1264076828956604,0.1286913901567459
2.5079999999999454,0.06772079883679327,16.955781936645508,0.12282099050246544,0.009620956234629054,0.12647850811481476,0.12898093461990356
2.509999999999945,0.06772037378687233,-7.886496067047119,0.12213355797466133,0.0090996079882262,0.12640231847763062,0.12595805525779724
2.511999999999945,0.06771992465427869,13.68011474609375,0.12137429191328768,0.008592079975536173,0.12638065218925476,0.12677918374538422
2.5139999999999447,0.06771969390362707,1.648738145828247,0.12064313375737708,0.008190683205687539,0.12634767591953278,0.12645560503005981
2.5159999999999445,0.06771863396249238,16.075321197509766,0.11994015582509679,0.007779882161580065,0.1262895166873932,0.12630373239517212
2.5179999999999443,0.06771931317334183,17.453170776367188,0.11928379020997236,0.0073202208187832475,0.12613418698310852,0.1243976503610611
2.519999999999944,0.06771996570008293,16.570720672607422,0.11859146776041533,0.0069004209941344,0.1261279284954071,0.1268993765115738
2.521999999999944,0.0677206653070116,17.32660675048828,0.11791966252144499,0.006450568156572635,0.12611591815948486,0.12679511308670044
2.5239999999999436,0.06772135015074668,17.322189331054688,0.1172454170794856,0.005995887285475411,0.1261100023984909,0.1268860250711441
2.5259999999999434,0.067722067620056,17.497455596923828,0.11658808388925722,0.005554087507606706,0.12610040605068207,0.12681856751441956
2.527999999999943,0.06772277824944198,17.41362762451172,0.11593377532317788,0.005110394486896458,0.12609468400478363,0.12687291204929352
2.529999999999943,0.06772351120665969,17.479129791259766,0.11529422662228632,0.004675932817958171,0.12608684599399567,0.1268302947282791
2.5319999999999427,0.06772424219973301,17.42345428466797,0.11466137956963768,0.004241615203543678,0.1260814368724823,0.1268608570098877
2.5339999999999425,0.06772611901313898,17.406673431396484,0.1140420831495183,0.0038142844420943423,0.12607501447200775,0.12683527171611786
2.5359999999999423,0.06772795516922447,17.453144073486328,0.11341566166708529,0.0033886483967873657,0.1261657327413559,0.12750041484832764
2.537999999999942,0.06772976751806534,17.450515747070312,0.11279576404865349,0.0029639384478778313,0.12625643610954285,0.1276279091835022
2.539999999999942,0.06773153357691185,17.442890167236328,0.1121758002631211,0.002546059001470956,0.12635071575641632,0.12781192362308502
2.5419999999999416,0.06773325877877487,17.418149948120117,0.11156206753242379,0.002143980369535142,0.12644638121128082,0.12796954810619354
2.5439999999999414,0.06773470378178709,17.422521591186523,0.11095621079620517,0.0017599791686433433,0.12654581665992737,0.12817102670669556
2.545999999999941,0.06773611506875696,17.523937225341797,0.11039116206197727,0.0014093511422295488,0.12657390534877777,0.12699508666992188
2.547999999999941,0.06773744502537479,17.438993453979492,0.10982588253871287,0.0011336335677815071,0.12661081552505493,0.1271582543849945
2.5499999999999408,0.06773872266676445,17.504161834716797,0.10927164228028108,0.0009561814990269655,0.12665237486362457,0.1272885948419571
2.5519999999999405,0.067739945173632,17.445390701293945,0.10871661857884121,0.0009087953428909169,0.12670467793941498,0.12747663259506226
2.5539999999999403,0.0677411531859127,17.42901039123535,0.1081686133539138,0.001002285459710518,0.12676337361335754,0.12760187685489655
2.55599999999994,0.0677423490245622,17.430431365966797,0.10762486930421555,0.0011907514496637625,0.12682874500751495,0.12771545350551605
2.55799999999994,0.06774354765297994,17.409425735473633,0.1070926494868113,0.0014319129554579793,0.1268966645002365,0.12777704000473022
2.5599999999999397,0.06774474361061601,17.41617774963379,0.1065708730108787,0.0017001349645816737,0.12696699798107147,0.1278442144393921
2.5619999999999394,0.06774594196560522,17.40463638305664,0.10606325467659768,0.001981995853519588,0.12703782320022583,0.1278942972421646
2.563999999999939,0.06774713800605373,17.409568786621094,0.10556887894803307,0.002271360194278527,0.12710966169834137,0.1279543787240982
2.565999999999939,0.06774833371766284,17.404123306274414,0.10508445387106519,0.0025641221845826,0.12718141078948975,0.12800772488117218
2.5679999999999388,0.06774952590896274,17.40799903869629,0.1046043979690514,0.002858682134286877,0.1272536814212799,0.12806805968284607
2.5699999999999386,0.0677507153002001,17.405052185058594,0.10412975439352289,0.003153428073914607,0.12732572853565216,0.12812548875808716
2.5719999999999383,0.06775189977953242,17.40743637084961,0.10366319216724677,0.0034478701267494027,0.12739814817905426,0.12818728387355804
2.573999999999938,0.0677530794717935,17.405906677246094,0.10321263517917943,0.00374124209506803,0.1274704784154892,0.1282479465007782
2.575999999999938,0.0677542529406176,17.407245635986328,0.10277809081519605,0.0040333586303590175,0.12754271924495697,0.12831151485443115
2.5779999999999377,0.0677554200225305,17.406604766845703,0.10235992354994902,0.004323804216720994,0.1276150941848755,0.12837456166744232
2.5799999999999375,0.06775657969435299,17.40744400024414,0.10195793244763338,0.004612482961118693,0.12768743932247162,0.12843964993953705
2.5819999999999372,0.06775773165836606,17.40717315673828,0.10157226699022709,0.004899145597466796,0.12775984406471252,0.12850500643253326
2.583999999999937,0.06775887514629511,17.407699584960938,0.10120274763399355,0.00518372349276705,0.1278323084115982,0.1285715401172638
2.585999999999937,0.06776000980563414,17.40758514404297,0.1008493800364779,0.005466053366893547,0.1279047429561615,0.12863828241825104
2.5879999999999366,0.06776113502928044,17.40789794921875,0.10051197424687988,0.005746075449353214,0.12797728180885315,0.12870609760284424
2.5899999999999364,0.06776294078783308,17.407855987548828,0.10019043356227875,0.00602367371948855,0.12804989516735077,0.12877431511878967
2.591999999999936,0.06776475079636035,17.551708221435547,0.09990483789402624,0.006298792049651305,0.1280939131975174,0.12782169878482819
2.593999999999936,0.06776654564611603,17.469350814819336,0.09963068519165168,0.0066266201618485395,0.12814068794250488,0.12788882851600647
2.5959999999999357,0.06776833825358,17.45943260192871,0.09937583418135044,0.00694729957209533,0.12818655371665955,0.12794747948646545
2.5979999999999355,0.06777011757315034,17.455556869506836,0.09913386531168276,0.007264383922957791,0.12823401391506195,0.12801359593868256
2.5999999999999353,0.06777189028939519,17.433393478393555,0.09890843495841227,0.00757527890249118,0.1282813996076584,0.12807464599609375
2.601999999999935,0.067773649967265,17.437284469604492,0.09868842911815327,0.007882021224721467,0.12833023071289062,0.12814074754714966
2.603999999999935,0.06777539989399013,17.4228572845459,0.09847426673520362,0.008183196224449985,0.1283787488937378,0.12820376455783844
2.6059999999999346,0.06777713618382675,17.42586898803711,0.09826394105874099,0.00847998564885638,0.1283273994922638,0.1282701939344406
2.6079999999999344,0.06777732147384312,17.418781280517578,0.09806537178268526,0.008771618886123204,0.1280239373445511,0.12833495438098907
2.609999999999934,0.06777749790819408,16.468631744384766,0.09787058564996942,0.009058789301054014,0.12763449549674988,0.1275511533021927
2.611999999999934,0.06777771485722789,16.877788543701172,0.09770403851917503,0.009344237931384551,0.12727108597755432,0.12714214622974396
2.6139999999999337,0.06777792785864113,17.312580108642578,0.09753448672560679,0.009624355520353964,0.1269458532333374,0.1269153207540512
2.6159999999999335,0.0677781670049857,17.49553680419922,0.09738635854958672,0.009888743716642424,0.12664523720741272,0.12657666206359863
2.6179999999999333,0.06777840467500032,17.437419891357422,0.09724051949476685,0.01014714284357504,0.12637843191623688,0.1263837069272995
2.619999999999933,0.06777865854486459,17.520610809326172,0.09711144397147947,0.010393243008526983,0.12608566880226135,0.12611663341522217
2.621999999999933,0.06777891205340968,17.45316505432129,0.0969876754806285,0.010633139996559217,0.12560661137104034,0.12573368847370148
2.6239999999999326,0.06777917487676965,17.440776824951172,0.09687732749840396,0.010863144059025241,0.12514102458953857,0.12530109286308289
2.6259999999999324,0.06777943708756497,17.440563201904297,0.09677376657240327,0.011086942877575773,0.12467978149652481,0.12478777021169662
2.627999999999932,0.06777903049095627,17.41901206970215,0.09668140832626673,0.01130252585108814,0.12423136830329895,0.12435025721788406
2.629999999999932,0.06777861781314794,17.464595794677734,0.09662618668941376,0.011512125714090972,0.12378762662410736,0.12417655438184738
2.6319999999999317,0.06777821096510903,17.457801818847656,0.0965809162200388,0.011677954989048127,0.1233578696846962,0.12378688156604767
2.6339999999999315,0.06777777045716837,17.455617904663086,0.09653873520678981,0.011839846553863451,0.12293170392513275,0.12321705371141434
2.6359999999999313,0.06777735713713916,17.57132339477539,0.09648256367704779,0.011995400570020975,0.12250913679599762,0.123085618019104
2.637999999999931,0.06777694945721129,17.45621109008789,0.0964272363846536,0.012207005834036031,0.12208757549524307,0.12242325395345688
2.639999999999931,0.06777567161887812,17.465497970581055,0.0963823238607641,0.012406745605862754,0.1216844692826271,0.1220811977982521
2.6419999999999306,0.06777445394989795,12.324992179870605,0.09630506986050463,0.01259922405131845,0.12123601883649826,0.12104130536317825
2.6439999999999304,0.06777455193483378,17.225818634033203,0.09621720317650148,0.01277097447157472,0.12077900767326355,0.1204824447631836
2.64599999999993,0.06777488387490277,-8.132158279418945,0.09621915931555666,0.01292423368352533,0.12046836316585541,0.12089008837938309
2.64799999999993,0.06777516654513782,16.173381805419922,0.09620274817140258,0.013102297476201894,0.1201484352350235,0.12032756209373474
2.6499999999999297,0.06777566894969597,11.970304489135742,0.09620833601755249,0.01328042407613868,0.11987151950597763,0.12020700424909592
2.6519999999999295,0.06777633966653492,17.148681640625,0.09625197586667644,0.013458140204750344,0.11962983757257462,0.11997846513986588
2.6539999999999293,0.0677772217145079,17.531024932861328,0.09636491783424292,0.013687803606472503,0.11946671456098557,0.1201375350356102
2.655999999999929,0.06777828597331688,17.44009780883789,0.0965217078827296,0.013979581798375022,0.11934739351272583,0.12007767707109451
2.657999999999929,0.06777956052389354,17.61146354675293,0.09674054542910701,0.014326626745277427,0.11929776519536972,0.12036154419183731
2.6599999999999286,0.06778103115493184,17.492454528808594,0.0970059730631902,0.014735306428789776,0.11929700523614883,0.12052668631076813
2.6619999999999284,0.06778271667242561,17.507110595703125,0.09732844258500271,0.015201759015360123,0.11936045438051224,0.12096001207828522
2.663999999999928,0.06778461244112949,17.49201011657715,0.09769892249569688,0.015729957310914037,0.11947564035654068,0.12136218696832657
2.665999999999928,0.06778673243931932,17.476238250732422,0.09812316737425686,0.0163178916452062,0.11965173482894897,0.12195991724729538
2.6679999999999278,0.06778907792644014,17.47897720336914,0.09859585407080156,0.016968051158336474,0.11988092213869095,0.12176109850406647
2.6699999999999275,0.06779145859804298,17.46531105041504,0.09912009972027984,0.017679446173569226,0.12016886472702026,0.12088724225759506
2.6719999999999273,0.06779386850721605,17.467811584472656,0.09964113259495505,0.01845368089047917,0.12046439200639725,0.12050087749958038
2.673999999999927,0.06779630748899183,17.459278106689453,0.10016100649600843,0.01922484364046472,0.12077072262763977,0.12010037899017334
2.675999999999927,0.06779856593404343,17.460891723632812,0.10067794909142005,0.019993050100439298,0.12108572572469711,0.11972237378358841
2.6779999999999267,0.06780063365304201,17.454910278320312,0.10114891409302307,0.020757241874748096,0.12136965990066528,0.1197512224316597
2.6799999999999264,0.06780249899017159,17.45400619506836,0.10157288776860704,0.021444326314512138,0.12162131816148758,0.11978618800640106
2.681999999999926,0.06780415314851837,17.449661254882812,0.10195067898372344,0.022054384618964504,0.12150181084871292,0.11981163173913956
2.683999999999926,0.06780558699406894,17.44755744934082,0.10228170887347188,0.022588080649803,0.12120833992958069,0.11983949691057205
2.685999999999926,0.06780679340854312,17.444381713867188,0.102566441430633,0.023045589535391486,0.12095190584659576,0.11986171454191208
2.6879999999999256,0.06780776553456466,17.441661834716797,0.10280454903000158,0.02342741572260468,0.12073193490505219,0.11988452821969986
2.6899999999999253,0.06780849806740082,17.438274383544922,0.10299630201680991,0.023733775770381212,0.12054798752069473,0.11990554630756378
2.691999999999925,0.06780898627791425,17.434921264648438,0.10314152054887188,0.02396507126737303,0.12039989233016968,0.11993855983018875
2.693999999999925,0.06780922672920044,17.43133544921875,0.10324036914077085,0.024121535146590843,0.1202869713306427,0.1199837401509285
2.6959999999999247,0.06780941153647635,17.427600860595703,0.10329275779549497,0.02420350456163586,0.12020917236804962,0.12004287540912628
2.6979999999999245,0.06780934737596965,17.425148010253906,0.10334303680845822,0.024211219555286004,0.12013331800699234,0.1199728325009346
2.6999999999999242,0.06780922704185367,17.421483993530273,0.10334702353350647,0.02421812689648463,0.12009216845035553,0.12004604190587997
2.701999999999924,0.06780905274398517,17.419614791870117,0.10334895241686963,0.024150605939205313,0.12005295604467392,0.12001074105501175
2.703999999999924,0.06780863183384682,17.417224884033203,0.1033490703187996,0.02408215920159041,0.12001547962427139,0.11997690796852112
2.7059999999999236,0.06780815784392763,17.41347885131836,0.10330295504868804,0.024012411634117537,0.12001269310712814,0.12006529420614243
2.7079999999999234,0.06780763343562225,17.411659240722656,0.10325514182760043,0.02386767142075873,0.12001138180494308,0.12006651610136032
2.709999999999923,0.06780706136551733,17.409618377685547,0.1032058313040296,0.0237216908951964,0.12001176178455353,0.12006957083940506
2.711999999999923,0.06780644410486791,17.408100128173828,0.10315508707995996,0.0235741422504785,0.12001361697912216,0.1200743317604065
2.7139999999999227,0.0678057841429849,17.406635284423828,0.10310310781259423,0.02342468974397129,0.12001726031303406,0.12008093297481537
2.7159999999999225,0.06780508376711171,17.405380249023438,0.10305002034575601,0.023273074620154,0.12002255022525787,0.12008926272392273
2.7179999999999223,0.06780434524205671,17.404094696044922,0.10299603620508062,0.02311904392922605,0.12002946436405182,0.12009942531585693
2.719999999999922,0.06780357068316402,17.402915954589844,0.10294133233523581,0.022962397759876782,0.12003812938928604,0.12011126428842545
2.721999999999922,0.06780276216344219,17.40182876586914,0.10288614123101322,0.022802947851327405,0.12004847079515457,0.12012490630149841
2.7239999999999216,0.06780192164063101,17.400856018066406,0.10283068198392316,0.022640543630641875,0.12006054073572159,0.12014009058475494
2.7259999999999214,0.06780105102164655,17.399890899658203,0.10277521222309209,0.02247504792167962,0.1200743168592453,0.12015713006258011
2.727999999999921,0.06780015212107837,17.39899444580078,0.1027199880998008,0.022306351101030443,0.12009003013372421,0.120175801217556
2.729999999999921,0.06779922670037011,17.398109436035156,0.10266529419291151,0.022134356666760495,0.12010721117258072,0.12019604444503784
2.7319999999999207,0.0677982764445468,17.39727783203125,0.10261142015745287,0.02195898876699471,0.12012599408626556,0.12021796405315399
2.7339999999999205,0.06779730298635202,17.39647674560547,0.1025586778766275,0.02178018349208348,0.1201467514038086,0.12024147808551788
2.7359999999999203,0.06779630789350627,17.395727157592773,0.10250738770987657,0.021597892734639204,0.12016911059617996,0.12026677280664444
2.73799999999992,0.06779529268382223,17.39499282836914,0.1024578882350029,0.02141207883259743,0.12019310891628265,0.1202937513589859
2.73999999999992,0.06779425881850358,17.3942928314209,0.10241052802083093,0.021222716422474752,0.12021876126527786,0.12032217532396317
2.7419999999999196,0.06779434041524746,17.393604278564453,0.1023656710412749,0.021029789066197915,0.12024611979722977,0.12035247683525085
2.7439999999999194,0.06779438202243367,11.825523376464844,0.10233804090204274,0.020833290026922413,0.12034329026937485,0.12054984271526337
2.745999999999919,0.06779434387169032,17.2415771484375,0.1022971329280964,0.020585670566791815,0.12044735252857208,0.12069470435380936
2.747999999999919,0.06779426384447844,17.470279693603516,0.10227071906070274,0.020338450720337083,0.12054742127656937,0.12075231969356537
2.7499999999999187,0.06779411877858395,17.424205780029297,0.1022378072495366,0.020098470315907984,0.1206519678235054,0.12088161706924438
2.7519999999999185,0.06779393268009612,17.55158233642578,0.10221572433456817,0.01985896110167764,0.12075456231832504,0.12095757573843002
2.7539999999999183,0.06779369313828781,17.45053482055664,0.10219186384436608,0.01962393073526037,0.12086033821105957,0.121077761054039
2.755999999999918,0.06779341497364798,17.4470157623291,0.1021766132277686,0.019389164676575765,0.12096536159515381,0.1211671307682991
2.757999999999918,0.06779309203420454,17.43712615966797,0.10216282126648192,0.01915684136804052,0.12107273191213608,0.12128312885761261
2.7599999999999176,0.06779273374318147,17.41299819946289,0.10215672521900018,0.018924419772120643,0.12118005007505417,0.12138239294290543
2.7619999999999174,0.06779233741694622,17.416276931762695,0.10215308030708478,0.018693030205801986,0.12128936499357224,0.12149723619222641
2.763999999999917,0.06779190929220315,17.397430419921875,0.10215281729880102,0.018461123344675954,0.12139908224344254,0.12160342186689377
2.765999999999917,0.06779144858389594,17.40106964111328,0.10215336215369021,0.018229259843297783,0.12151062488555908,0.1217188760638237
2.7679999999999167,0.06779095961640369,17.392051696777344,0.10215646486789184,0.017996481284911908,0.12162301689386368,0.12183038145303726
2.7699999999999165,0.0677904426205121,17.39487075805664,0.10216091463775166,0.01776304578411286,0.12173670530319214,0.12194759398698807
2.7719999999999163,0.06778990074907518,17.38974380493164,0.10217124503146757,0.0175283525203393,0.12185140699148178,0.1220630556344986
2.773999999999916,0.06778933475377547,17.391284942626953,0.10218865519336802,0.01729250499469794,0.1219676062464714,0.1221826896071434
2.775999999999916,0.06778874705087852,17.388307571411133,0.102214153539723,0.017055123004979807,0.122084841132164,0.12230163812637329
2.7779999999999156,0.06778813863723598,17.388805389404297,0.10224778689554198,0.016816236339253242,0.12220347672700882,0.12242351472377777
2.7799999999999154,0.06778671883061099,17.387020111083984,0.10229033273543056,0.01657560409225624,0.12232311069965363,0.12254562228918076
2.781999999999915,0.06778535597323382,15.152286529541016,0.10231681558131939,0.016333225720677528,0.12240610271692276,0.1225753203034401
2.783999999999915,0.06778400700300115,17.267234802246094,0.10234491475171295,0.01617920551329721,0.12249595671892166,0.12266521155834198
2.7859999999999148,0.06778270292371356,17.435752868652344,0.10239814146362407,0.01600967000421432,0.12258292734622955,0.12274887412786484
2.7879999999999145,0.06778141630384985,17.401123046875,0.10245803453377335,0.015832291276464832,0.12267488241195679,0.1228434219956398
2.7899999999999143,0.06778016606651886,17.490154266357422,0.10253934897602124,0.015642667067138,0.12276522070169449,0.1229315996170044
2.791999999999914,0.06777893544508923,17.415584564208984,0.10263074852348682,0.015445697621957888,0.1228591725230217,0.12302888929843903
2.793999999999914,0.06777773525675916,17.402801513671875,0.1027410910577796,0.015238928046857449,0.12295295298099518,0.1231217086315155
2.7959999999999137,0.06777655529712115,17.401973724365234,0.10286374734099418,0.015025428270618542,0.12304939329624176,0.12322170287370682
2.7979999999999134,0.06777540166148284,17.378509521484375,0.10300400734507865,0.014803965893358136,0.12314638495445251,0.12331908196210861
2.7999999999999132,0.06777426807360913,17.384265899658203,0.10315801666764823,0.014576498221808879,0.12324564158916473,0.12342171370983124
2.801999999999913,0.06777315789169294,17.369003295898438,0.10332369719680293,0.014342466014085967,0.1233457550406456,0.12352311611175537
2.803999999999913,0.06777206720118961,17.373645782470703,0.1034937827904874,0.014103155668402803,0.12344770133495331,0.12362852692604065
2.8059999999999126,0.06777099778456513,17.366573333740234,0.10366962431346131,0.01385837297768409,0.12355103343725204,0.12373360991477966
2.8079999999999123,0.06776994715497599,17.370304107666016,0.10385460772081015,0.013608992210852522,0.12365603446960449,0.12384173274040222
2.809999999999912,0.06776891619634097,17.366487503051758,0.10405517971797085,0.013355011529179143,0.1237620860338211,0.1239505484700203
2.811999999999912,0.067767903290779,17.368783950805664,0.1042708124213832,0.01309704684837548,0.12387008965015411,0.12406155467033386
2.8139999999999117,0.0677656404470185,17.366771697998047,0.10450213360942705,0.012835192543405276,0.12397921085357666,0.12417343258857727
2.8159999999999115,0.06776331602692218,-0.7107092142105103,0.10476173785607049,0.012569898940214574,0.12399490177631378,0.12447705119848251
2.8179999999999112,0.0677606733776278,16.586977005004883,0.10501520328474422,0.01222846781951467,0.12402287870645523,0.12461717426776886
2.819999999999911,0.06775816237139047,17.33990478515625,0.10527267964779752,0.011870233122193569,0.12406536191701889,0.12481855601072311
2.821999999999911,0.06775578077315549,17.322509765625,0.10555243656109328,0.011607178588010606,0.1241087019443512,0.12484385073184967
2.8239999999999106,0.06775351680295362,17.330204010009766,0.10585170300514456,0.01133595568865155,0.12415354698896408,0.1248665452003479
2.8259999999999104,0.06775136703228335,17.32379913330078,0.10617217890942371,0.011056846241800679,0.1241990476846695,0.12489502876996994
2.82799999999991,0.06774932235494818,17.330543518066406,0.10651213088041807,0.010771509985198815,0.12424597144126892,0.12492278963327408
2.82999999999991,0.06774737882150586,17.328418731689453,0.10687247957707693,0.010480380165463675,0.12429347634315491,0.12495458126068115
2.8319999999999097,0.06774552914912836,17.333850860595703,0.10725210523648887,0.010184697752649508,0.12434209138154984,0.1249859482049942
2.8339999999999095,0.06774376924910006,17.333749771118164,0.1076505476304114,0.009884947182441655,0.12439147382974625,0.12501980364322662
2.8359999999999093,0.06774209310891612,17.33772850036621,0.10805733621626422,0.0095820838361117,0.12444157898426056,0.1250537484884262
2.837999999999909,0.06774049670844588,17.33883285522461,0.10846999375819873,0.00927659316944685,0.12449225783348083,0.1250893622636795
2.839999999999909,0.06773897494485932,17.341943740844727,0.10889000949247496,0.008969233370336902,0.12454359233379364,0.12512505054473877
2.8419999999999086,0.0677375239733361,17.34329605102539,0.10932688857986922,0.008660469200289591,0.12459532916545868,0.1251615434885025
2.8439999999999084,0.06773613936447008,17.345794677734375,0.10978149833745293,0.008350922555994936,0.1246473491191864,0.12519802153110504
2.845999999999908,0.06773348022057556,17.347387313842773,0.11025371416011105,0.00804103207365168,0.124699667096138,0.12523482739925385
2.847999999999908,0.06773098735331186,17.323665618896484,0.11068037595556542,0.007731327448099704,0.12473506480455399,0.12651236355304718
2.8499999999999077,0.06772868258562698,17.41159439086914,0.11113591378647646,0.007437880908050863,0.12476669996976852,0.1265111118555069
2.8519999999999075,0.06772652638295527,17.34598159790039,0.1116085971680905,0.007140714008443261,0.12479940056800842,0.12646175920963287
2.8539999999999073,0.06772452818262784,17.336044311523438,0.11210655820325503,0.006836773524515971,0.12482932209968567,0.12644895911216736
2.855999999999907,0.06772266034371104,17.34123420715332,0.1126226678830275,0.006531999054640167,0.1248587891459465,0.126409649848938
2.857999999999907,0.06772092498378475,17.321489334106445,0.11316163208267585,0.006225396031880366,0.12488578259944916,0.12638752162456512
2.8599999999999066,0.06771930195224725,17.332984924316406,0.11371520249162184,0.005921313248639685,0.12491129338741302,0.12634922564029694
2.8619999999999064,0.06771778914421421,17.322635650634766,0.1142779284449407,0.0056200486641333315,0.1249341294169426,0.1263168603181839
2.863999999999906,0.06771637117951643,17.332626342773438,0.11484785084101813,0.005325127158881832,0.12495483458042145,0.1262729912996292
2.865999999999906,0.06771505341719793,17.33041763305664,0.11543472383131731,0.00503774440955033,0.12497197836637497,0.1262277215719223
2.8679999999999057,0.0677138497535572,17.338947296142578,0.11604010153122601,0.004761085629823956,0.12498629838228226,0.12617255747318268
2.8699999999999055,0.0677127545391707,17.33999252319336,0.11666469792088854,0.0044970310308829736,0.1249966099858284,0.12611165642738342
2.8719999999999053,0.06771175630270801,17.347219467163086,0.11730771487876591,0.004248692186282649,0.1250029057264328,0.1260404884815216
2.873999999999905,0.06771084751529022,17.349895477294922,0.11796958225011554,0.004018432059809946,0.12500424683094025,0.1259608119726181
2.875999999999905,0.06771001852819299,17.355152130126953,0.11864983606316078,0.0038092864838137727,0.12500087916851044,0.12587079405784607
2.8779999999999046,0.06770926221965526,17.358068466186523,0.11934872507960444,0.003623711850620737,0.12499174475669861,0.12577088177204132
2.8799999999999044,0.06770857065394496,17.362518310546875,0.1200659393907237,0.003464275621519605,0.12497692555189133,0.12566135823726654
2.881999999999904,0.06770793772041414,17.365522384643555,0.12080153854546856,0.0033327979655398956,0.12495577335357666,0.1255432516336441
2.883999999999904,0.06770735727774964,17.36935043334961,0.12155518130203728,0.003230610956213236,0.12492818385362625,0.1254178285598755
2.8859999999999038,0.06770682460725727,17.372169494628906,0.12227792034632609,0.003158017626989447,0.124893918633461,0.1252869814634323
2.8879999999999035,0.06770633531850836,17.375125885009766,0.12225228334754613,0.003114459949596553,0.12485331296920776,0.12515302002429962
2.8899999999999033,0.06770588607982758,17.377365112304688,0.12222128209310555,0.0030983717201133435,0.12480653822422028,0.12501776218414307
2.891999999999903,0.0677054739197826,17.37955665588379,0.12218518064810835,0.003107478165699986,0.12475375831127167,0.12488320469856262
2.893999999999903,0.06770520517471798,17.381267547607422,0.12214429036766099,0.003138958067910262,0.12469517439603806,0.12475062161684036
2.8959999999999027,0.06770497573531556,17.059162139892578,0.1221123370408123,0.0031897823014315615,0.12465286999940872,0.12414214760065079
2.8979999999999024,0.0677047192595395,17.35363006591797,0.12208090816142801,0.0031528810549019265,0.12461147457361221,0.12413617968559265
2.899999999999902,0.06770448806918544,17.46920394897461,0.12204274991543297,0.003121058553521469,0.1245618388056755,0.12400700151920319
2.901999999999902,0.06770424266833468,17.44866943359375,0.12200401055658651,0.0030971633166115924,0.12451178580522537,0.12397520989179611
2.9039999999999018,0.06770401383386361,17.520774841308594,0.12196034280030953,0.0030778058590726102,0.12445546686649323,0.12386541068553925
2.9059999999999016,0.06770377900674028,17.458660125732422,0.12191554809531382,0.0030636647492552514,0.12439832091331482,0.12381631880998611
2.9079999999999013,0.06770355568791603,17.44348907470703,0.12186715717203875,0.0030531443873597496,0.1243368461728096,0.12372086942195892
2.909999999999901,0.06770333107747192,17.44244956970215,0.12181743992270629,0.003046028633805841,0.1242738589644432,0.1236611157655716
2.911999999999901,0.06770311510905393,17.420639038085938,0.12176503111656449,0.0030415947879162903,0.1242077425122261,0.12357421964406967
2.9139999999999007,0.06770290050170048,17.423778533935547,0.12171130079795484,0.0030393642633909676,0.12414024025201797,0.12350839376449585
2.9159999999999004,0.06770269287513937,17.411399841308594,0.12165551087379406,0.003038998977138464,0.12407053261995316,0.12342675775289536
2.9179999999999002,0.06770248806827327,17.413328170776367,0.12159850010223282,0.0030400185754263327,0.12399947643280029,0.12335745990276337
2.9199999999999,0.06770228924129511,17.407228469848633,0.12153988369318211,0.003042250585849384,0.12392684072256088,0.12327878177165985
2.9219999999999,0.06770209399663919,17.408918380737305,0.12148018462818054,0.0030452971063571997,0.12385299056768417,0.12320723384618759
2.9239999999998996,0.06770190409230314,17.405399322509766,0.12141921486660853,0.003049056550910517,0.1237778589129448,0.12313047051429749
2.9259999999998993,0.06770171812796213,17.406307220458984,0.12135730802141916,0.0030532256024092363,0.12370171397924423,0.12305761873722076
2.927999999999899,0.06770153706262498,17.404266357421875,0.12129438376583739,0.003057734240821098,0.12362485378980637,0.12298198789358139
2.929999999999899,0.0677013600605553,17.404460906982422,0.12123066080667727,0.003062360746474181,0.12354721128940582,0.12290844321250916
2.9319999999998987,0.06770118762613338,17.4033145904541,0.12116611623925597,0.003067051042600667,0.12346873432397842,0.12283335626125336
2.9339999999998985,0.06770101924409641,17.403202056884766,0.12110089798169536,0.0030716464876322947,0.12338975071907043,0.12275944650173187
2.9359999999998982,0.06770085516094426,17.40236473083496,0.12103501241288142,0.003076102937010899,0.12331026047468185,0.12268465012311935
2.937999999999898,0.06770075698483909,17.402070999145508,0.12096856300378671,0.0030803079647988233,0.12323033809661865,0.12261061370372772
2.939999999999898,0.06770064441763443,16.710189819335938,0.12089369483398359,0.003084224971828324,0.12314318120479584,0.12256789952516556
2.9419999999998976,0.0677005878765013,16.814950942993164,0.12081441330944527,0.0031237184951561432,0.1230507418513298,0.1224001795053482
2.9439999999998974,0.06770052917357858,17.34119415283203,0.12074035622072612,0.0031458041023359334,0.12296465784311295,0.12239944189786911
2.945999999999897,0.06770051122538419,17.502634048461914,0.12066359687939557,0.0031585585208956887,0.1228756234049797,0.12226513028144836
2.947999999999897,0.06770049848374145,17.458065032958984,0.12059011221000934,0.003157666283762744,0.12279043346643448,0.12223420292139053
2.9499999999998967,0.06770051617017117,17.546039581298828,0.12051502815458084,0.00314853137700179,0.12270369380712509,0.12212219834327698
2.9519999999998965,0.06770054344698527,17.4691219329834,0.1204419517882134,0.0031287414917587244,0.12261933088302612,0.12207231670618057
2.9539999999998963,0.06770059446672466,17.457427978515625,0.1203680175898655,0.00310192556175099,0.12253428250551224,0.1219753846526146
2.955999999999896,0.06770065704088893,17.453330993652344,0.12029529339249406,0.0030668586291221454,0.12245052307844162,0.12191406637430191
2.957999999999896,0.06770073900757397,17.43144989013672,0.12022211411479411,0.0030259509504504535,0.12236679345369339,0.12182606011629105
2.9599999999998956,0.06770083315774661,17.433944702148438,0.12014966324147551,0.002978651964074198,0.12228373438119888,0.12175855785608292
2.9619999999998954,0.06770094373576971,17.420440673828125,0.12007697312816319,0.0029266025254510494,0.12220077216625214,0.12167572230100632
2.963999999999895,0.06770106639715952,17.42201042175293,0.1200047205910744,0.0028696191313649457,0.12211842089891434,0.12160462141036987
2.965999999999895,0.06770120334466263,17.415271759033203,0.119932343850086,0.002808845204450185,0.12203624844551086,0.12152516841888428
2.9679999999998947,0.06770082576567159,17.416751861572266,0.11986023048739501,0.0027442914631035514,0.12195446342229843,0.12145239114761353
2.9699999999998945,0.06770045842626504,17.401378631591797,0.11976802913196684,0.002676773103110723,0.1218462586402893,0.12137294560670853
2.9719999999998943,0.06770010548274641,17.388652801513672,0.11967549412648538,0.002716062304505219,0.12173833698034286,0.12126118689775467
2.973999999999894,0.06769976309052682,17.391523361206055,0.11958334004016526,0.002755805840265276,0.12163122743368149,0.12115813791751862
2.975999999999894,0.06769943341142129,17.385629653930664,0.11949106315099711,0.002796484170876471,0.12152469158172607,0.12105043977499008
2.9779999999998936,0.06769914973665703,17.387962341308594,0.11939907660999458,0.002837341815489883,0.12141890078783035,0.12094797939062119
2.9799999999998934,0.06769890687862459,10.80728530883789,0.11929736977105244,0.002878640731416845,0.12130321562290192,0.12070860713720322
2.981999999999893,0.06769864001214179,17.014997482299805,0.11920240700769752,0.002982291640242372,0.12119542807340622,0.1206822320818901
2.983999999999893,0.06769839982999425,17.503185272216797,0.11910348130895768,0.003085333499825329,0.12108402699232101,0.12052301317453384
2.9859999999998927,0.06769819838442438,17.36785125732422,0.11900884074222777,0.0031763506660687974,0.12097804248332977,0.12046793848276138
2.9879999999998925,0.0676980134657251,-1.6210849285125732,0.11886142064359678,0.0032652332923869564,0.12081719934940338,0.11904548108577728
2.9899999999998923,0.06769776560050932,16.433897018432617,0.118749675539563,0.003316287495006293,0.12069805711507797,0.11931782960891724
2.991999999999892,0.06769751074191999,14.211872100830078,0.11865998278033081,0.0034376250202454097,0.12060527503490448,0.11935267597436905
2.993999999999892,0.0676972035585214,17.248291015625,0.11860289605446424,0.003615470167940735,0.12054986506700516,0.11962555348873138
2.9959999999998916,0.06769687790166523,17.45886993408203,0.11856982300291748,0.003866743490751727,0.12052259594202042,0.1197924092411995
2.9979999999998914,0.06769655166396901,17.418453216552734,0.11856728330657743,0.004182974510483803,0.12052998691797256,0.12010178714990616
2.999999999999891,0.06769624339506196,17.53680419921875,0.11856207411623822,0.004575981920439507,0.12053479999303818,0.12009439617395401
3.001999999999891,0.06769593977610096,17.4381103515625,0.11855830945142364,0.004962388607643683,0.12054120749235153,0.12013942748308182
3.0039999999998908,0.06769565071405093,17.43085479736328,0.11855300720070495,0.0053473423359817,0.12054655700922012,0.12014468014240265
3.0059999999998905,0.06769536934367454,17.42559242248535,0.118548499487304,0.005725791549563605,0.12055289000272751,0.12017747014760971
3.0079999999998903,0.06769510093032989,17.40316390991211,0.11854303940342419,0.006101097401772083,0.1205584779381752,0.12018828839063644
3.00999999999989,0.0676948419779726,17.40587615966797,0.11853794629289408,0.00647044800754244,0.12056475877761841,0.12021353840827942
3.01199999999989,0.06769459526668899,17.390506744384766,0.11853219283439441,0.006835952321861318,0.12057056277990341,0.12022614479064941
3.0139999999998897,0.06769435903550701,17.39225959777832,0.1185265197728762,0.007196048416472278,0.12057678401470184,0.12024633586406708
3.0159999999998894,0.06769413473245739,17.385339736938477,0.11852054887462721,0.007552038923423935,0.12058251351118088,0.12025918066501617
3.017999999999889,0.06769392147132665,17.38677978515625,0.11851495698569921,0.007903063241777678,0.12058860808610916,0.12027570605278015
3.019999999999889,0.06769371998150452,17.382801055908203,0.1185093634141075,0.008249921201972779,0.12059428542852402,0.12028767913579941
3.0219999999998888,0.0676935298027515,17.38357162475586,0.11850397278577258,0.008592144104383567,0.1205999106168747,0.12030129879713058
3.0239999999998886,0.0676934945933949,17.381254196166992,0.11849854603283483,0.008930221909407805,0.12060542404651642,0.1203121468424797
3.0259999999998883,0.06769347344744199,10.879813194274902,0.11855516045809725,0.009263902546400953,0.12067673355340958,0.12093485891819
3.027999999999888,0.06769344416603552,17.02483367919922,0.1186171394501727,0.00954974631518723,0.12075314670801163,0.12105744332075119
3.029999999999888,0.06769342309790308,17.489784240722656,0.11867394879329682,0.009844140447811834,0.1208241656422615,0.12107517570257187
3.0319999999998877,0.06769339793570987,17.370073318481445,0.11873385306809625,0.010128842964455546,0.12089808285236359,0.1211729571223259
3.0339999999998875,0.06769337769564811,17.531692504882812,0.11879032605690505,0.010417746966099836,0.12096811830997467,0.12120837718248367
3.0359999999998872,0.06769335588696408,17.42835235595703,0.11884842101148961,0.010699379917436597,0.12103953957557678,0.12129051238298416
3.037999999999887,0.06769333724470704,17.45569610595703,0.1189042513652201,0.010982351411409273,0.12110856920480728,0.12133672088384628
3.039999999999887,0.06769331850340736,17.426563262939453,0.11896075785667404,0.011259753464594452,0.12117797136306763,0.12140890210866928
3.0419999999998866,0.06769330210412579,17.40520668029785,0.1190157004442393,0.01153663977412217,0.12124545127153397,0.12146085500717163
3.0439999999998864,0.06769328643917348,17.407405853271484,0.11907075680226774,0.011808996488849633,0.12131301313638687,0.12152691930532455
3.045999999999886,0.06769327276524495,17.387432098388672,0.1191246307411674,0.012079722467476555,0.12137900292873383,0.12158138304948807
3.047999999999886,0.06769326031642714,17.390077590942383,0.11917827438341913,0.012346482788424479,0.12144453078508377,0.12164348363876343
3.0499999999998857,0.06769324974053023,17.381031036376953,0.11923093264893742,0.01261092933187676,0.12150881439447403,0.12169855087995529
3.0519999999998855,0.0676932406915029,17.383312225341797,0.11928314083583133,0.01287169839330733,0.12157244235277176,0.12175752967596054
3.0539999999998853,0.06769339327811769,17.37841033935547,0.11933445416201471,0.013129722501927813,0.12163498997688293,0.12181223183870316
3.055999999999885,0.0676935518051671,10.871341705322266,0.11943371544060605,0.01338419887759075,0.12174803018569946,0.12222564965486526
3.057999999999885,0.0676937075821345,17.084224700927734,0.11953681819459609,0.013675377029269077,0.12186570465564728,0.12236466258764267
3.0599999999998846,0.06769386695061375,17.474102020263672,0.11963366148556615,0.013962529129289058,0.12197697907686234,0.12243438512086868
3.0619999999998844,0.0676941076781899,17.3758487701416,0.11973227029136049,0.014228721606136368,0.12209077179431915,0.1225549653172493
3.063999999999884,0.06769435639100822,17.39728546142578,0.119824532770661,0.014488988113783921,0.12219928950071335,0.12285219877958298
3.065999999999884,0.06769461324953426,17.385448455810547,0.11991581707997738,0.014646208998053878,0.12230706959962845,0.12294093519449234
3.0679999999998837,0.06769487736245361,17.387496948242188,0.12000680246746016,0.014798904961854768,0.1224147230386734,0.12303030490875244
3.0699999999998835,0.06769514872164283,17.381813049316406,0.1200969459650575,0.014948428882333996,0.12252140790224075,0.12311890721321106
3.0719999999998833,0.06769536066545706,17.383766174316406,0.12018662885902154,0.015093977960487705,0.1226278692483902,0.12320805341005325
3.073999999999883,0.06769558901566518,17.270034790039062,0.12030894810009791,0.015236348191227645,0.12276994436979294,0.1233597993850708
3.075999999999883,0.06769582430139164,17.321697235107422,0.12043382809448076,0.015367204480990857,0.12291564047336578,0.12352869659662247
3.0779999999998826,0.06769607372708547,17.474811553955078,0.12055398984320889,0.015497759321965548,0.12305659800767899,0.12363459914922714
3.0799999999998824,0.06769633021817033,17.401975631713867,0.12067515917005704,0.015615952629361956,0.12319935858249664,0.12378773093223572
3.081999999999882,0.06769659889444347,17.464698791503906,0.12079295384819748,0.0157317347586476,0.12333888560533524,0.12390223145484924
3.083999999999882,0.06769687488194773,17.409629821777344,0.12091078793240362,0.01583809392456926,0.12347908318042755,0.12404471635818481
3.0859999999998817,0.06769716153637648,17.39454460144043,0.12102613326834603,0.015940930816186857,0.12361680716276169,0.12416431307792664
3.0879999999998815,0.0676974556004735,17.393753051757812,0.12114095569202886,0.016036358524060334,0.12375465035438538,0.12429969757795334
3.0899999999998813,0.06769775919882658,17.374099731445312,0.12125380794057629,0.016127788518653388,0.12389069050550461,0.1244213879108429
3.091999999999881,0.0676980701829261,17.37729835510254,0.12136582211552474,0.016213102061065635,0.12402622401714325,0.12455180287361145
3.093999999999881,0.06769838985459481,17.367176055908203,0.12147617012368948,0.016294293788819553,0.12416021525859833,0.1246737688779831
3.0959999999998806,0.06769871680245337,17.37030792236328,0.12158550391443568,0.016370226351600518,0.12429365515708923,0.12480054050683975
3.0979999999998804,0.06769905179479122,17.365535736083984,0.12169334973385719,0.016442082615261287,0.12442560493946075,0.12492189556360245
3.09999999999988,0.06769968311618167,17.3681697845459,0.12180008286610007,0.016509267396596906,0.12455671280622482,0.1250455379486084
3.10199999999988,0.06770032439944035,17.431381225585938,0.12192039898531687,0.016572494716583553,0.12470521032810211,0.125358447432518
3.1039999999998797,0.06770098296222171,17.4404296875,0.12203713822565605,0.016649279699329698,0.12485017627477646,0.12546704709529877
3.1059999999998795,0.06770165180822339,17.421222686767578,0.1221530648404287,0.01671183914388984,0.12499452382326126,0.12560540437698364
3.1079999999998793,0.06770233543223107,17.39870834350586,0.12226624166093844,0.016765165704434204,0.1251363307237625,0.1257210224866867
3.109999999999879,0.0677030293415876,17.39933967590332,0.12237827624716775,0.016807055182989198,0.1252770721912384,0.12585291266441345
3.111999999999879,0.06770373622361192,17.38077163696289,0.12248807633648386,0.01684058172576829,0.1254155933856964,0.12597143650054932
3.1139999999998786,0.06770445318542234,17.38235855102539,0.12259658150660428,0.01686471155093473,0.12555310130119324,0.1260989010334015
3.1159999999998784,0.06770518177683744,17.37424659729004,0.12270318136594631,0.016881386171032096,0.12568850815296173,0.1262185275554657
3.117999999999878,0.06770592011340616,17.375667572021484,0.12280842924179355,0.01689019427690623,0.12582267820835114,0.1263425350189209
3.119999999999878,0.06770666903850787,17.370864868164062,0.12291198868146828,0.016892398061557953,0.12595507502555847,0.12646183371543884
3.1219999999998778,0.06770742729692679,17.371906280517578,0.12301418919669267,0.01688790648157411,0.12608623504638672,0.1265833079814911
3.1239999999998775,0.06770741346582468,17.36919403076172,0.1231148494327428,0.016877566332884043,0.12621572613716125,0.1267016977071762
3.1259999999998773,0.06770738058318218,15.597484588623047,0.12318161391263989,0.016861441956168066,0.12630002200603485,0.12654608488082886
3.127999999999877,0.06770738886809059,11.149641036987305,0.12323952545508385,0.016847829323773426,0.1263733208179474,0.1265488862991333
3.129999999999877,0.0677071990710767,16.984922409057617,0.12330186516965076,0.016824448931276506,0.12645213305950165,0.12667733430862427
3.1319999999998767,0.06770697381654874,-8.493711471557617,0.12333318566949933,0.016810126397183364,0.12649019062519073,0.12665867805480957
3.1339999999998764,0.06770673862653025,15.210127830505371,0.12337493215497715,0.016801982378101873,0.12654119729995728,0.12688644230365753
3.135999999999876,0.067706562411268,10.324363708496094,0.12340633968466554,0.016815762942044718,0.12657900154590607,0.1268109381198883
3.137999999999876,0.06770638552738388,16.847545623779297,0.12344186982115145,0.016813547653893,0.12662236392498016,0.126901313662529
3.139999999999876,0.06770625232309561,17.415626525878906,0.1234701060489252,0.016815672930579374,0.12665629386901855,0.12686261534690857
3.1419999999998756,0.06770612414966361,17.302616119384766,0.12350011500977616,0.016806228403068987,0.1266927868127823,0.12691934406757355
3.1439999999998753,0.06770602865152266,17.46021270751953,0.1235248528923714,0.016797701198626152,0.12672246992588043,0.12690167129039764
3.145999999999875,0.06770594169198559,17.371849060058594,0.12354989464016046,0.016780472407887916,0.12675274908542633,0.1269371509552002
3.147999999999875,0.06770587956864613,17.412334442138672,0.12357106126572477,0.016762068519606405,0.12677814066410065,0.1269313246011734
3.1499999999998747,0.0677058276690812,17.376312255859375,0.12359163609449378,0.01673689030025811,0.1268027275800705,0.1269533336162567
3.1519999999998745,0.06770579528204476,17.356334686279297,0.12360924208734445,0.01670928709866333,0.12682372331619263,0.1269528716802597
3.1539999999998742,0.06770577351603385,17.360946655273438,0.1236257754973644,0.016676130192339753,0.12684336304664612,0.12696649134159088
3.155999999999874,0.06770576756890133,17.340991973876953,0.12363989124106126,0.016639887564956365,0.12685991823673248,0.12696757912635803
3.157999999999874,0.06770577198081812,17.34621810913086,0.1236526891526097,0.016598819398776252,0.12687478959560394,0.12697534263134003
3.1599999999998736,0.06770573065478717,17.337135314941406,0.12366341271230055,0.01655433550395451,0.12688712775707245,0.12697581946849823
3.1619999999998734,0.06770616122369102,17.426321029663086,0.12363166886427907,0.0165054752221626,0.12684643268585205,0.1268097311258316
3.163999999999873,0.06770657702746434,17.401329040527344,0.1236456345215894,0.016476217444066608,0.12686532735824585,0.1268886923789978
3.165999999999873,0.06770700205617572,17.50006103515625,0.12365484722574621,0.016435822635459004,0.12687835097312927,0.12688322365283966
3.1679999999998727,0.06770741890634327,17.413921356201172,0.12366336088830424,0.01638311892277336,0.12689034640789032,0.12689201533794403
3.1699999999998725,0.06770784159305289,17.402294158935547,0.1236683109206906,0.01632375993275944,0.12689772248268127,0.12688802182674408
3.1719999999998723,0.06770826020110628,17.39822006225586,0.12367204934461769,0.01625457852184478,0.12690351903438568,0.1268898844718933
3.173999999999872,0.06770868295094211,17.375152587890625,0.12367298302000809,0.016179010772204235,0.12690551578998566,0.1268846094608307
3.175999999999872,0.06770910423062339,17.37824249267578,0.1236724873471705,0.01609538137955902,0.1269058734178543,0.12688109278678894
3.1779999999998716,0.0677089104324015,17.36447525024414,0.12366967894157607,0.01600581394426389,0.12690308690071106,0.12687340378761292
3.1799999999998714,0.0677087303650154,17.340839385986328,0.1236897912687258,0.01590946965508857,0.12692706286907196,0.12708136439323425
3.181999999999871,0.06770856444035095,17.3389949798584,0.12370707431028569,0.015861690379405907,0.1269473433494568,0.1270827203989029
3.183999999999871,0.06770841173477367,17.3394718170166,0.12372176987948119,0.015810833195840267,0.12696436047554016,0.127083882689476
3.1859999999998707,0.06770827229169367,17.33840560913086,0.12373390051152984,0.015757027970896467,0.1269780695438385,0.127081960439682
3.1879999999998705,0.06770814539063853,17.338623046875,0.12374363519829874,0.015700139251946764,0.12698882818222046,0.12707898020744324
3.1899999999998703,0.0677080308750282,17.337926864624023,0.1237510152456087,0.015640245496774646,0.12699636816978455,0.12707363069057465
3.19199999999987,0.06770792815556427,17.33795166015625,0.12375616336946585,0.015577273662850485,0.1270013451576233,0.12706676125526428
3.19399999999987,0.06770783697607505,17.33761215209961,0.12375912737953909,0.015511273889443473,0.12700329720973969,0.1270575225353241
3.1959999999998696,0.06770757311673688,17.33768081665039,0.12375999981067246,0.015442210203966194,0.12700268626213074,0.1270466297864914
3.1979999999998694,0.0677073210023462,17.38072967529297,0.12372935257806955,0.015370117794408085,0.12696094810962677,0.12679675221443176
3.199999999999869,0.06770707006317463,17.37781524658203,0.12369663748658846,0.01538933065625355,0.12691658735275269,0.1267486810684204
3.201999999999869,0.0677068292492713,17.354068756103516,0.12366028862836276,0.015400462463841955,0.12686748802661896,0.12669390439987183
3.2039999999998687,0.06770659266755216,17.358306884765625,0.1236217633305575,0.015401789501074282,0.1268155723810196,0.12664008140563965
3.2059999999998685,0.06770636542892494,17.34294319152832,0.12358020514967154,0.015395611414846709,0.1267598420381546,0.1265828013420105
3.2079999999998683,0.06770614424176404,17.346725463867188,0.12353648117729539,0.015381092613952178,0.12670153379440308,0.1265242099761963
3.209999999999868,0.06770593201143432,17.33909034729004,0.12349013389508538,0.015359700440022005,0.12663964927196503,0.12646327912807465
3.211999999999868,0.06770572688563256,17.342269897460938,0.12344168746892785,0.015331085295620826,0.12657511234283447,0.12639905512332916
3.2139999999998676,0.06770553049848028,17.338165283203125,0.12339090721142096,0.015296211030898352,0.12650784850120544,0.12633109092712402
3.2159999999998674,0.0677053417892282,17.339954376220703,0.12333811692715596,0.015254986473903063,0.12643790245056152,0.12626011669635773
3.217999999999867,0.06770516165680694,17.33794403076172,0.12328320522957062,0.015208066195289041,0.12636545300483704,0.12618578970432281
3.219999999999867,0.06770498947309807,17.338783264160156,0.12322637797570199,0.015155490161616752,0.126290425658226,0.12610885500907898
3.2219999999998667,0.06770482571073687,17.33795928955078,0.12316759107351917,0.015097719219228974,0.12621313333511353,0.1260288953781128
3.2239999999998665,0.06770466997687714,17.338436126708984,0.12310698026160549,0.015034854433602612,0.1261337697505951,0.12594649195671082
3.2259999999998663,0.06770452249685767,17.33810043334961,0.12243692014805782,0.014967232425794917,0.12605217099189758,0.12586182355880737
3.227999999999866,0.06770511484750114,17.33849334716797,0.12159261374717863,0.014894977756784495,0.1259683072566986,0.12577469646930695
3.229999999999866,0.06770583855701788,-8.585624694824219,0.12076574010315781,0.014818345239784566,0.12596143782138824,0.12584584951400757
3.2319999999998656,0.06770652821014392,15.985343933105469,0.1199546385544761,0.014767247107361518,0.1259489506483078,0.12585771083831787
3.2339999999998654,0.06770726152886591,11.082563400268555,0.11916743521527558,0.014659159298578273,0.12592564523220062,0.12580466270446777
3.235999999999865,0.06770797603598112,17.074222564697266,0.11837675765156236,0.014527715489722546,0.12590745091438293,0.12579454481601715
3.237999999999865,0.06770872064830644,17.46401596069336,0.11760525836980755,0.01439195764560775,0.12588152289390564,0.1257508546113968
3.2399999999998648,0.06770945654596436,17.361623764038086,0.11683658466069874,0.014238654867179209,0.12585769593715668,0.12572818994522095
3.2419999999998645,0.0677102136318699,17.537490844726562,0.11608443269851004,0.014079972305268886,0.1258285492658615,0.12568818032741547
3.2439999999998643,0.06771096889683317,17.409435272216797,0.1153349640820798,0.013907969198754174,0.12579979002475739,0.12565723061561584
3.245999999999864,0.06771230386477797,17.419893264770508,0.11459091039177091,0.013730307737258876,0.12576718628406525,0.12561741471290588
3.247999999999864,0.06771362613038845,16.384002685546875,0.11385379689456204,0.013542516244633464,0.1257922202348709,0.12552188336849213
3.2499999999998637,0.06771500688900411,13.566850662231445,0.11313734513324408,0.013351456165095378,0.12580841779708862,0.12551724910736084
3.2519999999998634,0.06771638711520583,17.23361587524414,0.11242008566265264,0.01314052732732452,0.1258293241262436,0.12555350363254547
3.2539999999998632,0.0677178120354282,17.460208892822266,0.1117243692879733,0.012926483191809123,0.12584421038627625,0.12555555999279022
3.255999999999863,0.0677192443440619,17.396953582763672,0.1110343226178203,0.012697730116439095,0.12586118280887604,0.1255796253681183
3.257999999999863,0.06772071174071052,17.507064819335938,0.11036328368592543,0.012464798008747962,0.12587380409240723,0.12558436393737793
3.2599999999998626,0.06772198791293886,17.41436004638672,0.10970219676548384,0.012220887593680767,0.1258871853351593,0.1256001591682434
3.2619999999998623,0.06772331703083241,17.494403839111328,0.10915237673578583,0.011972520306150727,0.12574242055416107,0.12516917288303375
3.263999999999862,0.06772465103329539,17.39581871032715,0.10860444118251154,0.011760903143748386,0.12560294568538666,0.12506724894046783
3.265999999999862,0.06772602181906649,17.57154083251953,0.10807374304100205,0.011546478660894657,0.12546050548553467,0.12491952627897263
3.2679999999998617,0.06772740077902692,17.44083023071289,0.10755024159066393,0.011320986976177571,0.12532103061676025,0.12480628490447998
3.2699999999998615,0.06772880491302322,17.446714401245117,0.10704284991682605,0.011092515615568786,0.1251797378063202,0.1246662586927414
3.2719999999998612,0.06773021721087111,17.43230438232422,0.10654369266655656,0.010856342463755358,0.12504009902477264,0.12454546242952347
3.273999999999861,0.06773058332808543,17.408863067626953,0.10605027502199657,0.010617467211347691,0.1248994916677475,0.124409519135952
3.275999999999861,0.06773089438786743,14.626290321350098,0.10553740295825133,0.01037332437341819,0.12471437454223633,0.12407737970352173
3.2779999999998606,0.06773075650668126,5.4584174156188965,0.10505221690214951,0.010149157469346068,0.12451846152544022,0.12373577058315277
3.2799999999998604,0.06773053342845864,10.118605613708496,0.1045353214429042,0.009910645282319015,0.12429549545049667,0.12317050248384476
3.28199999999986,0.06773024786495352,-7.897216796875,0.10407413607242058,0.009702026758366768,0.12405551224946976,0.12266965955495834
3.28399999999986,0.06772991269767771,14.64340877532959,0.10355091997137107,0.009473036668330612,0.12386683374643326,0.12298936396837234
3.2859999999998597,0.06772948183913156,-0.4548337757587433,0.10306890124402562,0.00934500874302638,0.12366712838411331,0.12264756858348846
3.2879999999998595,0.06772991342712355,16.548812866210938,0.10253698611723956,0.009202797218095617,0.1235128864645958,0.12287046760320663
3.2899999999998593,0.06773021360069682,-1.5424790382385254,0.10208099628112241,0.009151844765982757,0.12335154414176941,0.1226186454296112
3.291999999999859,0.06773046840200189,16.598573684692383,0.10162075481104683,0.009108331579423862,0.12320156395435333,0.12266058474779129
3.293999999999859,0.06773073963967899,16.55211639404297,0.10119141051192,0.00906520019435943,0.12304449826478958,0.1224048063158989
3.2959999999998586,0.06773098080086859,17.27511215209961,0.1007680921131406,0.009005092751088578,0.12289275228977203,0.12231621891260147
3.2979999999998584,0.0677312285477927,17.454580307006836,0.10036999251090128,0.008947711617662,0.12273647636175156,0.1220959946513176
3.299999999999858,0.06773145620808652,17.387393951416016,0.0999823990011702,0.008878323593579814,0.1225835382938385,0.1219797283411026
3.301999999999858,0.0677316850497811,17.463741302490234,0.09961633895403595,0.008809276083251643,0.12242811173200607,0.12178364396095276
3.3039999999998577,0.06773258824402857,17.39748764038086,0.099260994345262,0.008731696981158943,0.1222744882106781,0.12165017426013947
3.3059999999998575,0.06773347494123692,16.84238052368164,0.09887011322730677,0.008653151121856497,0.12226121872663498,0.12198512256145477
3.3079999999998573,0.06773439446217029,17.46736717224121,0.0984979870147591,0.008465404039089009,0.12224054336547852,0.1219821497797966
3.309999999999857,0.06773530741727743,17.311893463134766,0.09812502827466964,0.008265218986262304,0.12222278118133545,0.12194561213254929
3.311999999999857,0.06773624522320473,17.486934661865234,0.097778369987291,0.008070222174220239,0.1222001165151596,0.12193411588668823
3.3139999999998566,0.06773842123221387,17.37689208984375,0.09744411552723005,0.007866971166109264,0.12217863649129868,0.12190035730600357
3.3159999999998564,0.06774058993690801,17.361644744873047,0.09717805161238326,0.007666168738532631,0.12216722965240479,0.12126417458057404
3.317999999999856,0.06774278207964099,17.53305435180664,0.09693744556919497,0.0075072545215692935,0.1221504807472229,0.12128787487745285
3.319999999999856,0.06774454301229928,17.403610229492188,0.09670964013415033,0.007329317459081927,0.12213417887687683,0.12127581983804703
3.3219999999998557,0.06774628990949856,17.061071395874023,0.09647278315845748,0.007142890143989077,0.12214473634958267,0.12168843299150467
3.3239999999998555,0.0677480549412949,17.45841407775879,0.09626217517790175,0.006881081485524448,0.12214933335781097,0.1217038556933403
3.3259999999998553,0.06774979570809897,17.335399627685547,0.09605913814082001,0.006609769749225068,0.12215679883956909,0.12170077115297318
3.327999999999855,0.06775154293403943,17.51352882385254,0.09587754313313243,0.006343676553481319,0.12216006964445114,0.12171098589897156
3.329999999999855,0.06775327393778974,17.382125854492188,0.09570639691740035,0.006071610120053585,0.12216474860906601,0.12170901894569397
3.3319999999998546,0.06775500552097381,17.388168334960938,0.09555328347696071,0.005802421127595831,0.12216661125421524,0.12171508371829987
3.3339999999998544,0.067756725400772,17.375587463378906,0.09541051960646847,0.005529724072882045,0.12216877192258835,0.12171319872140884
3.335999999999854,0.06775844266480834,17.35430145263672,0.0952761785476168,0.005258603006613952,0.1221688836812973,0.12171628326177597
3.337999999999854,0.0677601506676204,17.35816192626953,0.0951461045426527,0.004985519191681002,0.1221688836812973,0.12171421200037003
3.3399999999998538,0.06776185431176923,17.341815948486328,0.0950230357361654,0.004713390395573838,0.12216749042272568,0.12171456962823868
3.3419999999998535,0.06776355000541257,17.345108032226562,0.09490692886641343,0.004440276547179573,0.1221654862165451,0.12171190232038498
3.3439999999998533,0.06776524038773248,17.33818244934082,0.09480441074106528,0.004167873400699461,0.1221623569726944,0.12171018868684769
3.345999999999853,0.06776692352339993,17.341026306152344,0.09471404218208758,0.003895139942422195,0.12215866893529892,0.12170656770467758
3.347999999999853,0.06776860083662396,17.33709716796875,0.0946362990419149,0.003623084047236836,0.12187827378511429,0.12170343846082687
3.3499999999998527,0.06777027129852609,17.3387451171875,0.09457003524264998,0.0033511736301031657,0.12153153866529465,0.12169870734214783
3.3519999999998524,0.06777193569464862,17.33643341064453,0.09451529819210315,0.0030800342396865845,0.1211996078491211,0.12169425934553146
3.353999999999852,0.06777359350715385,17.33709716796875,0.094471242113374,0.0028094299512057214,0.12088244408369064,0.12168852984905243
3.355999999999852,0.0677752452075276,17.335765838623047,0.0944376777083927,0.0025397864712206984,0.12058018147945404,0.12168275564908981
3.3579999999998518,0.06777689059179198,17.335880279541016,0.09441392325001176,0.0022710607124869597,0.12029294669628143,0.1215423196554184
3.3599999999998515,0.06777853001317063,17.33510971069336,0.09439965734827528,0.002003609214241928,0.12002047151327133,0.12125415354967117
3.3619999999998513,0.06778037022418995,17.335041046142578,0.09439428460421682,0.0017375736635066288,0.11976315826177597,0.12098187208175659
3.363999999999851,0.06778241230749456,17.336994171142578,0.09444568078353033,0.0014734123709413119,0.11956238001585007,0.12104372680187225
3.365999999999851,0.067784657716397,17.339176177978516,0.09455279318306764,0.0011596167786374924,0.11941750347614288,0.12115976959466934
3.3679999999998507,0.0677871089763291,17.34123992919922,0.09471487763652421,0.0008081279880225406,0.11932821571826935,0.12095831334590912
3.3699999999998504,0.0677897690920372,17.343250274658203,0.09493104056797026,0.00048174184886925944,0.11929403245449066,0.12066029757261276
3.3719999999998502,0.06779264189338878,17.344951629638672,0.09520057964045091,0.0004921873153704616,0.11931502819061279,0.12031681090593338
3.37399999999985,0.06779573172125153,17.346832275390625,0.09552273087267629,0.0009319062678075299,0.11939004063606262,0.11992724239826202
3.37599999999985,0.0677985928285459,17.348472595214844,0.09589685729234895,0.0015232106188787949,0.11951939761638641,0.11948127299547195
3.3779999999998496,0.06780121639755561,17.345172882080078,0.09622694398593512,0.002198130412385546,0.11961902678012848,0.11951193958520889
3.3799999999998493,0.06780359477285644,17.342018127441406,0.09651294640166519,0.0028040545420164953,0.1196889579296112,0.11954627186059952
3.381999999999849,0.06780572136479866,17.338909149169922,0.09675477441182437,0.0033368422937943105,0.11972925066947937,0.11959446221590042
3.383999999999849,0.06780759068610434,17.33563232421875,0.09695236508737073,0.003795471818920372,0.11973974853754044,0.11965794116258621
3.3859999999998487,0.06780966438357405,17.33228302001953,0.09710563165702184,0.004179826104694574,0.11972038447856903,0.11973614245653152
3.3879999999998485,0.0678114755787345,17.334239959716797,0.09730952431671056,0.004490112606890528,0.11975493282079697,0.11950181424617767
3.3899999999998482,0.06781302024213794,17.330814361572266,0.09746848092787674,0.00486553221136632,0.11975919455289841,0.1195775642991066
3.391999999999848,0.06781429539565635,17.327022552490234,0.09758246874801148,0.005167089462639795,0.11973318457603455,0.11967336386442184
3.393999999999848,0.06781577228168112,17.323049545288086,0.09765143622087362,0.00539526290469246,0.11967684328556061,0.11980940401554108
3.3959999999998476,0.06781697679425171,17.325538635253906,0.09777012501074091,0.005550608572755863,0.119673952460289,0.11963832378387451
3.3979999999998474,0.06781838319557162,17.321548461914062,0.09784327528120473,0.005771701989645159,0.1196403056383133,0.11976778507232666
3.399999999999847,0.06781951476784732,17.323936462402344,0.09796556958440068,0.0059204074820089405,0.11965949088335037,0.11960211396217346
3.401999999999847,0.0678208484969238,17.31995391845703,0.09804189890433963,0.006134772928414338,0.11964776366949081,0.11972487717866898
3.4039999999998467,0.06782190531973524,17.322246551513672,0.098166901944105,0.006277205078012531,0.11968861520290375,0.11956476420164108
3.4059999999998465,0.06782268430777955,17.318294525146484,0.09824559983459397,0.006485171264295152,0.11969801783561707,0.11968111246824265
3.4079999999998463,0.06782366559911172,17.314395904541016,0.09827805718181189,0.006621670114281246,0.1196761354804039,0.11983974277973175
3.409999999999846,0.06782436818713365,17.316638946533203,0.09835874405545086,0.006687516688339118,0.11970672011375427,0.1197008565068245
3.411999999999846,0.06782527322259625,17.31273651123047,0.09839283401207664,0.006819127442920714,0.1197056770324707,0.11985316872596741
3.4139999999998456,0.06782589899618394,17.314950942993164,0.09847502265667353,0.006880697888777331,0.11975696682929993,0.11971953511238098
3.4159999999998454,0.06782672738229492,17.311037063598633,0.0985105364562491,0.007007756096197534,0.11977654695510864,0.11986564844846725
3.417999999999845,0.06782727623972233,17.313249588012695,0.0985940955827583,0.007065430259297148,0.11984833329916,0.11973719298839569
3.419999999999845,0.06782754651009398,17.309303283691406,0.09863091652476565,0.0071882591805795945,0.11988835036754608,0.119876928627491
3.4219999999998447,0.06782802022234541,17.30511474609375,0.09862115199916563,0.007242407534509259,0.11989665031433105,0.12006163597106934
3.4239999999998445,0.06782821615008915,17.307613372802734,0.09865950291304833,0.007229151072379581,0.11995746195316315,0.11995270103216171
3.4259999999998443,0.06782861536936965,17.303434371948242,0.09865119977053775,0.0072812266859084256,0.119986392557621,0.12013297528028488
3.427999999999844,0.06782902301598479,17.30594825744629,0.0986909437153053,0.007266942761900071,0.1200680211186409,0.12002765387296677
3.429999999999844,0.06782943709917037,17.305557250976562,0.09873253079930652,0.007317437314636937,0.12012150883674622,0.12005051225423813
3.4319999999998436,0.06782985579328696,17.30467987060547,0.09877614200274472,0.007371820646619813,0.12013885378837585,0.12007329612970352
3.4339999999998434,0.06783027742713969,17.30431365966797,0.09882183765168677,0.007429358312812122,0.12015635520219803,0.12009599059820175
3.435999999999843,0.06783070049426716,17.303871154785156,0.09886972628547565,0.007489284897338095,0.12017415463924408,0.12011852860450745
3.437999999999843,0.06783112364567079,17.303749084472656,0.09891985589625066,0.007551067069145155,0.1201920360326767,0.1201411634683609
3.4399999999998427,0.06783154568223779,17.303442001342773,0.0989723436145482,0.007614169009373322,0.12021006643772125,0.12016402930021286
3.4419999999998425,0.06783196554766571,17.30341339111328,0.09902728033475375,0.007678200740174004,0.12022858113050461,0.12018701434135437
3.4439999999998423,0.06783238231507283,17.30322265625,0.0990848037878195,0.007742781508512438,0.12024744600057602,0.12021023780107498
3.445999999999842,0.0678327951796511,17.303184509277344,0.0991450441599028,0.007807622823762835,0.12026675045490265,0.12023373693227768
3.447999999999842,0.06783320344470635,17.30312728881836,0.09920816516806669,0.00787244913161421,0.12028666585683823,0.12025772035121918
3.4499999999998416,0.06783360651433736,17.303125381469727,0.09927433283298769,0.007937043964391153,0.12030681222677231,0.1202821210026741
3.4519999999998414,0.06783400388093043,17.30306625366211,0.09934373844306407,0.008001203921925108,0.12032748758792877,0.12030690908432007
3.453999999999841,0.06783439511824299,17.303043365478516,0.09941658043359317,0.00806476411021358,0.12034889310598373,0.12033242732286453
3.455999999999841,0.06783477987091735,17.30299949645996,0.09949307708202683,0.008127571412685277,0.12037086486816406,0.12035821378231049
3.4579999999998408,0.06783515784823771,17.302968978881836,0.09957345581944876,0.008189498366850368,0.12039338052272797,0.12038469314575195
3.4599999999998405,0.06783465283680509,17.302947998046875,0.09965796009221634,0.00825042758623508,0.12041668593883514,0.12041161209344864
3.4619999999998403,0.06783417254746811,17.2181453704834,0.09978647635321089,0.008310259221855415,0.12033437192440033,0.12014792859554291
3.46399999999984,0.0678337105196113,17.423229217529297,0.09992507817852253,0.008317171853915884,0.12024969607591629,0.12005481123924255
3.46599999999984,0.06783299568904932,17.346572875976562,0.10006124548622347,0.008331183314687995,0.12016952037811279,0.11999300122261047
3.4679999999998397,0.06783231325586164,17.419353485107422,0.10015737928801076,0.008336076039587225,0.12012208253145218,0.12009932100772858
3.4699999999998394,0.06783240673759583,17.356605529785156,0.10025517616482599,0.008280330608752894,0.12007727473974228,0.12005740404129028
3.471999999999839,0.06783226086660886,11.274980545043945,0.10042464989280796,0.008219601982838042,0.11995818465948105,0.11922842264175415
3.473999999999839,0.06783187549069325,16.810562133789062,0.10053679972582633,0.008207533117293024,0.11988165229558945,0.11945830285549164
3.4759999999998388,0.06783124338488433,17.488162994384766,0.10061636772012061,0.008108335009385898,0.11983468383550644,0.1195850819349289
3.4779999999998386,0.06783036346708057,17.300769805908203,0.10064449681907757,0.007952266356895596,0.1198267787694931,0.11977948993444443
3.4799999999998383,0.06782923295588147,17.474143981933594,0.1006367192354838,0.007718544251178361,0.11984988301992416,0.11998964101076126
3.481999999999838,0.06782785125562396,17.357803344726562,0.10058174273864652,0.007427429924548355,0.11990977823734283,0.120256207883358
3.483999999999838,0.06782563195736749,17.37343406677246,0.10048905640589582,0.007068838955694417,0.12000210583209991,0.12057491391897202
3.4859999999998377,0.06782357374381755,17.303123474121094,0.10039214837102386,0.0066584482930587075,0.12010082602500916,0.12073361128568649
3.4879999999998375,0.06782167185877946,17.296937942504883,0.10031220902576479,0.0062977072964312975,0.12019573897123337,0.1208043172955513
3.4899999999998372,0.06781992078233891,17.30508804321289,0.1002486740714945,0.0059562831454239495,0.12028709799051285,0.12086570262908936
3.491999999999837,0.06781831582852842,17.303478240966797,0.10020319166042957,0.005632600516356814,0.12037434428930283,0.12092384696006775
3.493999999999837,0.06781685171650081,17.309377670288086,0.10017569906156568,0.005327939706294704,0.12045740336179733,0.12097406387329102
3.4959999999998366,0.0678137914296824,17.31007957458496,0.10016723138922548,0.005041612953165699,0.1205357238650322,0.12101871520280838
3.4979999999998364,0.06781092543386315,17.124313354492188,0.10012733006978405,0.004774629742775881,0.12057696282863617,0.12149666994810104
3.499999999999836,0.06780825111165797,17.354276657104492,0.10011567486540549,0.0045506999834846245,0.12060804665088654,0.12146954983472824
3.501999999999836,0.06780667604880819,17.30828094482422,0.1001161021375036,0.004361395064894405,0.12063651531934738,0.12139597535133362
3.5039999999998357,0.06780533771614569,1.279360294342041,0.10015947284558956,0.004186767333120787,0.12072549760341644,0.12105555832386017
3.5059999999998355,0.06780408099808172,16.401182174682617,0.10024601499944863,0.004064624435023885,0.12078924477100372,0.12099448591470718
3.5079999999998353,0.06780291602645122,14.947434425354004,0.10036664256347429,0.003963650022448953,0.12083926796913147,0.12105770409107208
3.509999999999835,0.06780181949334152,17.200885772705078,0.10049973273337791,0.0038977415612883944,0.12088864296674728,0.12106475234031677
3.511999999999835,0.06780079555032183,17.375972747802734,0.10066255805978681,0.0038347674464359023,0.12092749774456024,0.1211174726486206
3.5139999999998346,0.06779982748752231,17.334430694580078,0.10084137498981088,0.0037962252712894547,0.1209636926651001,0.1211247593164444
3.5159999999998344,0.0677989162367329,17.4124755859375,0.10104659083626118,0.0037631411605898897,0.12099193036556244,0.1211557537317276
3.517999999999834,0.06779805011491997,17.350679397583008,0.10126985408741729,0.003746874099339095,0.12101666629314423,0.12116020917892456
3.519999999999834,0.06779748024946973,17.336286544799805,0.1015171214960161,0.0037364769661754607,0.12103503942489624,0.12117220461368561
3.5219999999998337,0.06779696667670866,16.86026382446289,0.1018054314381372,0.00373740644416335,0.12100765854120255,0.12076002359390259
3.5239999999998335,0.06779820016902767,17.231807708740234,0.10210336269491259,0.0037042383876750022,0.12098346650600433,0.12075504660606384
3.5259999999998333,0.06779941646081288,16.364789962768555,0.10244024279644881,0.0036661600008656967,0.12103618681430817,0.12130283564329147
3.527999999999833,0.06780197246588958,13.112316131591797,0.10280786527372983,0.003680471318075378,0.12107973545789719,0.12131562829017639
3.529999999999833,0.06780449717771604,17.488243103027344,0.10322147061545883,0.003704768154912252,0.12116651237010956,0.12128504365682602
3.5319999999998326,0.06780698508269883,17.3905029296875,0.10364437754717763,0.003706274105135279,0.12125350534915924,0.12136585265398026
3.5339999999998324,0.06780944286353964,17.413532257080078,0.10408608628753653,0.0036955799880847174,0.12133646756410599,0.12144548445940018
3.535999999999832,0.06781186926832575,17.38304901123047,0.10453923964010164,0.003681168670111515,0.12141931802034378,0.12152554839849472
3.537999999999832,0.06781426797717761,17.36052703857422,0.10500703744628795,0.003657610827689322,0.12149940431118011,0.12160496413707733
3.5399999999998317,0.06781663941440486,17.360904693603516,0.10547977539393287,0.0036298713800819045,0.12157943844795227,0.12168435752391815
3.5419999999998315,0.06781898570352328,17.339765548706055,0.10595957387598225,0.0035952694849088742,0.12165779620409012,0.12176328897476196
3.5439999999998313,0.06782130774060166,17.341062545776367,0.10644389172149843,0.0035568224329805844,0.12173592299222946,0.1218421459197998
3.545999999999831,0.06782360676300063,17.330902099609375,0.10693757476827224,0.003513293001701426,0.12181275337934494,0.12192053347826004
3.547999999999831,0.06782588360348625,17.332477569580078,0.10744394901617521,0.0034665936730610145,0.12188967317342758,0.12199905514717102
3.5499999999998306,0.06782813892277062,17.326675415039062,0.1079637253000634,0.003416244025635066,0.12196596711874008,0.12207735329866409
3.5519999999998304,0.06783037327368793,17.32738494873047,0.10849623409825199,0.003363514160803995,0.12204229831695557,0.12215583026409149
3.55399999999983,0.06783258688628811,17.324045181274414,0.1090418176589181,0.0033083156631788678,0.12211854010820389,0.12223431468009949
3.55599999999983,0.06783477996468605,17.32404327392578,0.10960002980414163,0.0032515355012211235,0.12219464033842087,0.1223130002617836
3.5579999999998297,0.06783695238338802,17.322296142578125,0.11017099441489736,0.0031932827355904978,0.12227094918489456,0.12239211052656174
3.5599999999998295,0.06783818680215628,17.322154998779297,0.1107543796281252,0.003134209555718318,0.12234742939472198,0.12247147411108017
3.5619999999998293,0.06783938942673964,11.918824195861816,0.1113379329385681,0.0030745188393311597,0.12243276089429855,0.12254782021045685
3.563999999999829,0.06784057264525682,17.125263214111328,0.11192543300290116,0.0030675968638767645,0.12252457439899445,0.12265891581773758
3.565999999999829,0.0678417253012531,17.392793655395508,0.11253558958618484,0.0030540890564010647,0.12261111289262772,0.12273965775966644
3.5679999999998286,0.06784609226693802,17.32283592224121,0.11315311640679498,0.003052529888800268,0.12270158529281616,0.12284618616104126
3.5699999999998284,0.06785056804930698,-8.344721794128418,0.11381880547383456,0.0030482458467244035,0.12289824336767197,0.12346280366182327
3.571999999999828,0.06785498781245658,15.927921295166016,0.11448200327275698,0.0030295296931296084,0.12310183793306351,0.12375259399414062
3.573999999999828,0.0678593086059404,11.450387954711914,0.11516512124272503,0.002958045469998988,0.12330089509487152,0.12398966401815414
3.5759999999998278,0.0678635523213562,16.998090744018555,0.11583973709252562,0.002918054339455309,0.12351177632808685,0.12434452772140503
3.5779999999998275,0.06786768501623637,17.45987319946289,0.11652796750385465,0.002879570636462202,0.12372147291898727,0.12460535764694214
3.5799999999998273,0.06787172181154301,17.318761825561523,0.11720681084182363,0.002868590345884757,0.12394023686647415,0.12495049834251404
3.581999999999827,0.06787563933519265,17.49036407470703,0.1178863183207438,0.002864941536071123,0.12415996193885803,0.12522827088832855
3.583999999999827,0.06787944807164972,17.363399505615234,0.11855700465280268,0.0028844548480680744,0.12438641488552094,0.12556202709674835
3.5859999999998267,0.06788313412631934,17.366775512695312,0.11922569463959834,0.002913741547810917,0.12461491674184799,0.12585006654262543
3.5879999999998264,0.06788670579727432,17.352741241455078,0.11989380776857636,0.002961259953664965,0.12484868615865707,0.12617146968841553
3.589999999999826,0.06789015641518949,17.32903289794922,0.12056700575159128,0.0030184057278896054,0.1250847727060318,0.12646229565143585
3.591999999999826,0.06789349331704435,17.33308219909668,0.12124295150230485,0.0030891274465983296,0.125325009226799,0.12677137553691864
3.593999999999826,0.06789671468461618,17.313875198364258,0.1219236028983806,0.0031678670280574014,0.12556728720664978,0.1270603984594345
3.5959999999998256,0.06789982722398233,17.317794799804688,0.12257501431547464,0.0032561906117879484,0.12581263482570648,0.12735848128795624
3.5979999999998253,0.06790283198879088,17.30852508544922,0.12275175567034252,0.0033504969885010997,0.12605996429920197,0.12764346599578857
3.599999999999825,0.0679057350503541,17.310836791992188,0.12292931222337186,0.0034512170278445794,0.1263095587491989,0.1279325783252716
3.601999999999825,0.0679085389439727,17.30563735961914,0.12310718599560297,0.0035560211998407996,0.12656085193157196,0.1282128244638443
3.6039999999998247,0.06791124906594338,17.306419372558594,0.12328547422149055,0.003664860430010304,0.12681353092193604,0.1284947395324707
3.6059999999998245,0.06791386857020562,17.303142547607422,0.12346385924324532,0.0037762274010359437,0.12706764042377472,0.1287705898284912
3.6079999999998242,0.06791640218522796,17.30303955078125,0.1236423604973138,0.0038899059066633663,0.1273227483034134,0.12904658913612366
3.609999999999824,0.06791885319616166,17.300844192504883,0.12382077167037772,0.004004915579631404,0.12757891416549683,0.12931887805461884
3.611999999999824,0.0679212257135501,17.300342559814453,0.12399907825144221,0.004121009326777447,0.12783578038215637,0.129590705037117
3.6139999999998236,0.06792583004716173,17.298797607421875,0.12417714370229499,0.004237542963205667,0.12809346616268158,0.12985970079898834
3.6159999999998234,0.0679303368519039,17.040613174438477,0.12442911343018873,0.004354291083852636,0.12846100330352783,0.13125990331172943
3.617999999999823,0.06793468726282284,17.434226989746094,0.1246757489090777,0.0045533910572943545,0.12882278859615326,0.13155482709407806
3.619999999999823,0.06793893527479408,17.310203552246094,0.12492417950243762,0.0047661369930577435,0.12918907403945923,0.13197635114192963
3.6219999999998227,0.06794304544019027,17.454593658447266,0.12516889411446777,0.0049737150402041005,0.1295514553785324,0.1322956681251526
3.6239999999998225,0.06794705219214271,17.34061622619629,0.12541408585085262,0.005189469015322912,0.12991614639759064,0.13269062340259552
3.6259999999998223,0.06795093545135239,17.334598541259766,0.12565664483846398,0.005402330352767462,0.1302788108587265,0.13302657008171082
3.627999999999822,0.06795471723776696,17.325542449951172,0.1258989143109683,0.0056195514830426506,0.13064229488372803,0.1334046870470047
3.629999999999822,0.06795838678081978,17.300357818603516,0.12613916875827555,0.005834890063403379,0.13100425899028778,0.13374903798103333
3.6319999999998216,0.06796195841928677,17.304641723632812,0.12637871441573367,0.006052186784113141,0.13136647641658783,0.13411706686019897
3.6339999999998214,0.06796542690027478,17.286884307861328,0.12661659559288424,0.006267889923146249,0.13172771036624908,0.13446566462516785
3.635999999999821,0.06796880182273911,17.290611267089844,0.12685354206383673,0.00648400303740047,0.1320888102054596,0.13482701778411865
3.637999999999821,0.06797208113678531,17.282062530517578,0.12708902624098517,0.006698473997683883,0.1324489563703537,0.13517704606056213
3.6399999999998207,0.06797527150880202,17.283981323242188,0.12732372661595664,0.0069123213574121675,0.1328086256980896,0.1355341374874115
3.6419999999998205,0.0679783726998874,17.279048919677734,0.12755788354851122,0.00712433696149181,0.13316768407821655,0.1358843743801117
3.6439999999998203,0.06798138954595856,17.279521942138672,0.12779173047064973,0.007335015695594341,0.13352607190608978,0.1362381875514984
3.64599999999982,0.06798432279368197,17.276241302490234,0.1280250953940914,0.007543630147898998,0.13388364017009735,0.1365879625082016
3.64799999999982,0.06798717611802489,17.275924682617188,0.12825809963061408,0.007750400948721712,0.13424043357372284,0.1369391530752182
3.6499999999998196,0.06798995076886201,17.27362823486328,0.1284906460241908,0.007954878706863643,0.13459640741348267,0.1372879296541214
3.6519999999998194,0.06799164489118034,17.27288055419922,0.1287228020694715,0.008157144103909424,0.1349518895149231,0.1376372128725052
3.653999999999819,0.0679933736596233,16.53829574584961,0.12894310133722803,0.008356911634731411,0.13528437912464142,0.13728855550289154
3.655999999999819,0.06799500076959673,17.33972930908203,0.12915678048631368,0.00856954287351441,0.13560718297958374,0.13752083480358124
3.6579999999998187,0.06799663885187511,17.202709197998047,0.1293728806259608,0.00879272060599556,0.13593368232250214,0.13787075877189636
3.6599999999998185,0.06799820520063539,17.396587371826172,0.1295844255286704,0.009005717953966918,0.1362532079219818,0.13812784850597382
3.6619999999998183,0.06799976738256733,17.295886993408203,0.12979687159446635,0.009224178202043054,0.1365744024515152,0.13845545053482056
3.663999999999818,0.06800127737480735,17.33272361755371,0.13000616009366828,0.009435710199561598,0.136890709400177,0.13872867822647095
3.665999999999818,0.06800277442254797,17.295494079589844,0.13021545471472057,0.009649335731532326,0.13720715045928955,0.139042466878891
3.6679999999998176,0.06800423111265548,17.272464752197266,0.13042249815695453,0.009857927869561106,0.1375201940536499,0.1393255740404129
3.6699999999998174,0.06800567019445374,17.276023864746094,0.13062908489092026,0.01006647233614575,0.13783252239227295,0.13963116705417633
3.671999999999817,0.0680070760687822,17.252317428588867,0.13083397114750228,0.010270964387182006,0.13814237713813782,0.1399194598197937
3.673999999999817,0.06800846191678962,17.256969451904297,0.1310381820477074,0.010474143982797859,0.13845112919807434,0.1402200609445572
3.6759999999998167,0.06800981888822218,17.244979858398438,0.1312410394460195,0.010673749676412787,0.13875776529312134,0.14051075279712677
3.6779999999998165,0.06801115461804524,17.248706817626953,0.1314431354567619,0.010871281190249623,0.13906331360340118,0.14080826938152313
3.6799999999998163,0.06801246409914753,17.24268913269043,0.13164410696658477,0.011065454524508116,0.13936710357666016,0.1410999447107315
3.681999999999816,0.06801375175319961,17.244293212890625,0.13184430177399595,0.011257085680922922,0.13966971635818481,0.14139531552791595
3.683999999999816,0.0680165449562694,17.241039276123047,0.13204353167178362,0.011445441251998693,0.13997063040733337,0.1416870504617691
3.6859999999998156,0.06801918543859733,17.064929962158203,0.13231169228864967,0.011630961725797674,0.14037944376468658,0.14375780522823334
3.6879999999998154,0.06802181698861456,17.158214569091797,0.13258316804799974,0.011822419489033705,0.140792578458786,0.1442328244447708
3.689999999999815,0.0680243267737945,17.386474609375,0.13285035968595885,0.012003309381260782,0.14119893312454224,0.14455613493919373
3.691999999999815,0.06802680212463728,17.28266143798828,0.1331192161658633,0.012189930373569665,0.14160723984241486,0.14499607682228088
3.6939999999998148,0.0680291766246382,17.341400146484375,0.1333852620451867,0.01236938244704563,0.14201104640960693,0.14534559845924377
3.6959999999998145,0.06803150130176189,17.289762496948242,0.1336519809840133,0.012551185683105584,0.14241532981395721,0.14576356112957
3.6979999999998143,0.06803471564763967,17.268997192382812,0.1339168560578426,0.012727805841245759,0.1428164839744568,0.1461297571659088
3.699999999999814,0.06803802381985743,14.16743278503418,0.13418916310645254,0.012904541895381495,0.1432303637266159,0.1467655450105667
3.701999999999814,0.06804077853041426,1.7779046297073364,0.13445289605309135,0.013091490189802572,0.14363111555576324,0.14700719714164734
3.7039999999998137,0.06804355906368602,16.143779754638672,0.13469900968332374,0.013292028632596256,0.14400433003902435,0.1466556340456009
3.7059999999998134,0.0680461377789949,15.940683364868164,0.13494023451338047,0.013507157624813125,0.1443699300289154,0.14696690440177917
3.7079999999998132,0.06804912081252103,17.10909652709961,0.1351870455911412,0.013728391628294112,0.14474326372146606,0.14744393527507782
3.709999999999813,0.06805157927805033,1.8050670623779297,0.1354157459091737,0.013934001789764974,0.1450902819633484,0.1477908194065094
3.711999999999813,0.06805562736354771,16.11068344116211,0.13562690462849236,0.014113481686658526,0.14540991187095642,0.14754925668239594
3.7139999999998126,0.06805898063400086,-8.149669647216797,0.13576913600337995,0.014296727231790755,0.1456301361322403,0.14653371274471283
3.7159999999998123,0.0680647999894166,14.085725784301758,0.1359539638339756,0.014449526822569808,0.14591175317764282,0.14754056930541992
3.717999999999812,0.06807024825449542,17.44805145263672,0.13617634890537114,0.014552776873537855,0.14625440537929535,0.14848637580871582
3.719999999999812,0.06807542277727326,17.317550659179688,0.13640149470141705,0.014629396356351064,0.1466001719236374,0.14888480305671692
3.7219999999998117,0.06808027537419244,17.33535385131836,0.13662547927967653,0.014704979411634764,0.1469436138868332,0.1492289900779724
3.7239999999998115,0.06808486951607859,17.308521270751953,0.1368512496954694,0.0147868922731174,0.1472887396812439,0.1496133655309677
3.7259999999998112,0.06808918431893803,17.284236907958984,0.13707659652353515,0.014868866827263412,0.1476326584815979,0.14996486902236938
3.727999999999811,0.06809326049566801,17.28703498840332,0.13730315960454814,0.014954767536868358,0.14797736704349518,0.15033996105194092
3.729999999999811,0.06809709165796698,17.26374053955078,0.13752968875751884,0.015040999909816612,0.14832128584384918,0.150695338845253
3.7319999999998106,0.06810070529201098,17.267230987548828,0.13775709021742663,0.015129531789675282,0.1486659049987793,0.15106400847434998
3.7339999999998104,0.06810410245834571,17.25506591796875,0.13798465129915555,0.015218255378662003,0.1490098088979721,0.15142101049423218
3.73599999999981,0.06810730274927854,17.257526397705078,0.13821286724734366,0.01530812149613197,0.14935417473316193,0.1517852246761322
3.73799999999981,0.06811031082356041,17.25086212158203,0.13844132965675304,0.015397857754398636,0.14969812333583832,0.15214227139949799
3.7399999999998097,0.06811314138928627,17.251129150390625,0.1386703153095924,0.015487878327131832,0.15004204213619232,0.15250299870967865
3.7419999999998095,0.06811580062414525,17.246793746948242,0.13889958314565412,0.015577387864853331,0.15038569271564484,0.15285955369472504
3.7439999999998093,0.06811830007423827,17.246173858642578,0.13912926996644343,0.01566652494932019,0.1507292538881302,0.15321791172027588
3.745999999999809,0.06812064633614984,17.242990493774414,0.1393592293649207,0.015754772947411615,0.15107256174087524,0.15352657437324524
3.747999999999809,0.0681228488002451,17.242015838623047,0.1395895276613894,0.015842135594475372,0.15141567587852478,0.15381014347076416
3.7499999999998086,0.06812491392095923,17.239501953125,0.1398200732584255,0.015928264161751166,0.1517585664987564,0.15409106016159058
3.7519999999998084,0.06812684953846826,17.238292694091797,0.14005089411872212,0.01601310243201609,0.15210112929344177,0.15437155961990356
3.753999999999808,0.06812866169846274,17.23615264892578,0.14028193039739317,0.016096406737201766,0.15244336426258087,0.15465006232261658
3.755999999999808,0.06813035706981817,17.234893798828125,0.14051318966605272,0.016178099884927223,0.15278543531894684,0.15492744743824005
3.7579999999998077,0.06813194118163182,17.233049392700195,0.14074463089519157,0.01625800685206019,0.15312691032886505,0.15520338714122772
3.7599999999998075,0.06813341978004708,17.231788635253906,0.14097625127113672,0.01633604897866699,0.15346728265285492,0.1554780900478363
3.7619999999998073,0.06813479785332131,17.230152130126953,0.14120802128091461,0.01641209815789906,0.15373869240283966,0.15575143694877625
3.763999999999807,0.06813608039668145,17.22886085510254,0.14143993325609858,0.016486083325961493,0.15400895476341248,0.15602369606494904
3.765999999999807,0.06813727187549135,17.227418899536133,0.14167196504294308,0.016557909837533143,0.1542784720659256,0.15629476308822632
3.7679999999998066,0.06813837665914402,17.226179122924805,0.14190410713496754,0.01662751778658898,0.15454697608947754,0.15656468272209167
3.7699999999998064,0.06813939872761784,17.224864959716797,0.142136342332365,0.01669483728995688,0.15481436252593994,0.15683339536190033
3.771999999999806,0.06814034191986362,17.22367286682129,0.14236865634269225,0.01675982035243862,0.15508079528808594,0.15710105001926422
3.773999999999806,0.06814120977536597,17.222457885742188,0.14260097556173237,0.01682241596383658,0.15534621477127075,0.15736769139766693
3.7759999999998057,0.06814200567819646,17.221437454223633,0.1428332702322437,0.01688258744022177,0.15561071038246155,0.1576332300901413
3.7779999999998055,0.06814273277324465,17.220447540283203,0.14306552667705724,0.01694029847680371,0.15587447583675385,0.15789784491062164
3.7799999999998053,0.06814339405130675,17.219518661499023,0.1432977339965748,0.016995522524403374,0.15613707900047302,0.15816137194633484
3.781999999999805,0.0681427709825281,17.218608856201172,0.14352988048523163,0.017048234917118585,0.1563987284898758,0.1584237664937973
3.783999999999805,0.06814213174841238,17.23386001586914,0.14374229465766156,0.017098417889880646,0.15663489699363708,0.15876364707946777
3.7859999999998046,0.06814150325729827,17.239517211914062,0.143956384543536,0.01711887287142401,0.15687234699726105,0.1590319573879242
3.7879999999998044,0.06814087415072236,17.21720314025879,0.14417067556809895,0.01713305805656698,0.15710940957069397,0.15927039086818695
3.789999999999804,0.06814019501711514,17.352123260498047,0.1443163433097261,0.017143353976796956,0.15726864337921143,0.15848155319690704
3.791999999999804,0.06813958185607101,17.246017456054688,0.14446680726055314,0.01708500193160809,0.1574331820011139,0.1587309092283249
3.7939999999998038,0.0681389396124928,17.355377197265625,0.14461616150754508,0.017018352537881143,0.15759611129760742,0.15885968506336212
3.7959999999998035,0.06813714795701306,17.272090911865234,0.1447686897174003,0.01695249086821647,0.1577623337507248,0.15908187627792358
3.7979999999998033,0.06813530821447347,17.367828369140625,0.1448974797164751,0.01688069678305304,0.15790165960788727,0.15917819738388062
3.799999999999803,0.06813357614205787,17.184871673583984,0.14503278867757513,0.01677936901884159,0.15804795920848846,0.15943297743797302
3.801999999999803,0.06813182541885511,17.355619430541992,0.14516681849864643,0.01666457570248225,0.15819242596626282,0.1595342755317688
3.8039999999998027,0.06813014495091532,17.264698028564453,0.145305185507362,0.01654890928031895,0.15834179520606995,0.1597556471824646
3.8059999999998024,0.06812846197652193,17.297039031982422,0.1454433176908504,0.016423594229224382,0.15849056839942932,0.15988613665103912
3.807999999999802,0.06812682523457005,17.271154403686523,0.14558437426723464,0.016296209350260958,0.15864232182502747,0.160086527466774
3.809999999999802,0.06812519298732349,17.25304412841797,0.1457257694089792,0.016161838300616144,0.15879425406455994,0.16023507714271545
3.8119999999998018,0.06812221929170607,17.260684967041016,0.14586923025136797,0.016024886992719076,0.15894815325737,0.16042399406433105
3.8139999999998015,0.06811914759343797,11.787229537963867,0.14613108020942425,0.015882719163024292,0.1592310070991516,0.15731966495513916
3.8159999999998013,0.06811620932019247,16.914838790893555,0.14639905731492187,0.015827109598965744,0.15951967239379883,0.15651345252990723
3.817999999999801,0.0681132253673309,17.32525634765625,0.1466625943000501,0.01575552971877892,0.15980303287506104,0.15609461069107056
3.819999999999801,0.06811033575018555,17.20433807373047,0.14692969164998448,0.015685736031896814,0.16008953750133514,0.15535299479961395
3.8219999999998007,0.068107434308737,17.352916717529297,0.14719401914718405,0.015604762665337921,0.15969134867191315,0.15483447909355164
3.8239999999998004,0.06810460145314601,17.251171112060547,0.14746028925966673,0.015523411034869558,0.15902897715568542,0.15412142872810364
3.8259999999998002,0.06810177642775626,17.2578125,0.14772489572086978,0.01543403429140485,0.15835219621658325,0.15352796018123627
3.8279999999998,0.06809900458806166,17.24778175354004,0.14799047246633915,0.015342906958852516,0.15765909850597382,0.15281973779201508
3.8299999999998,0.06809625113142266,17.228607177734375,0.14825500244150963,0.015245785168688304,0.15695196390151978,0.1521717756986618
3.8319999999997996,0.06809354144316858,17.23583221435547,0.1485199469029111,0.015146264668071964,0.15622931718826294,0.151453897356987
3.8339999999997993,0.06809085541193248,17.220352172851562,0.1487194697006971,0.015042029988445048,0.15549303591251373,0.15076369047164917
3.835999999999799,0.0680882070439716,17.22722625732422,0.148075993504978,0.014935160511658871,0.1547422707080841,0.15002858638763428
3.837999999999799,0.06808558453374339,17.22073745727539,0.1474200559481747,0.014824413546058747,0.15397807955741882,0.14930330216884613
3.8399999999997987,0.06808299540325674,17.22620391845703,0.1467515133752226,0.014711007832347151,0.15320026874542236,0.14854729175567627
3.8419999999997985,0.06808043253780614,17.22412109375,0.14607093167404897,0.014594294931004828,0.15240949392318726,0.1477913111448288
3.8439999999997982,0.0680784717667077,17.227725982666016,0.14537835771240418,0.014475003335801612,0.15160596370697021,0.14701314270496368
3.845999999999798,0.06807650396505896,17.29834747314453,0.1447251222379701,0.01435281178915289,0.15084974467754364,0.1483173817396164
3.847999999999798,0.06807458250344899,17.280746459960938,0.1440599190175178,0.01417337929188189,0.1500796675682068,0.14751695096492767
3.8499999999997976,0.06807266430669899,17.26177215576172,0.14338491034727371,0.013993037594183523,0.1492992788553238,0.1467919945716858
3.8519999999997974,0.06807077885191284,17.26806640625,0.14269887812116716,0.013815447295022968,0.1485065519809723,0.14598871767520905
3.853999999999797,0.06807115474373451,17.250139236450195,0.14200314182059112,0.01363754158317007,0.14770308136940002,0.14522063732147217
3.855999999999797,0.0680715209728271,17.286819458007812,0.1412883891778756,0.013461313467477878,0.1468716263771057,0.14454308152198792
3.8579999999997967,0.0680718626956351,17.27776336669922,0.14056525501337158,0.013295797530255553,0.1460302323102951,0.14373497664928436
3.8599999999997965,0.06807218310154042,17.278656005859375,0.13983361790909354,0.013137431264940932,0.14517855644226074,0.14290523529052734
3.8619999999997963,0.06807247294831652,17.273773193359375,0.13909395134652477,0.012984548087451803,0.14431720972061157,0.14206929504871368
3.863999999999796,0.06807273331805772,17.273727416992188,0.1383463155798036,0.012836825361654564,0.14344598352909088,0.1412164270877838
3.865999999999796,0.06807572012534906,17.270713806152344,0.13759110233427174,0.012693190160206678,0.14256516098976135,0.1403551995754242
3.8679999999997956,0.06807845264503515,17.322845458984375,0.13673863056545152,0.012553335941694011,0.14155572652816772,0.13859066367149353
3.8699999999997954,0.06808098779790628,17.315143585205078,0.13587941249464192,0.012526154796775846,0.1405358463525772,0.13754017651081085
3.871999999999795,0.06808330027277594,17.289447784423828,0.13501514527000053,0.012501572325431412,0.13950958847999573,0.13649217784404755
3.873999999999795,0.0680854258808194,17.29102325439453,0.13414509670074443,0.012482119905382283,0.13847410678863525,0.13543233275413513
3.8759999999997947,0.0680873542444046,17.272716522216797,0.13327035344301646,0.01246506216988601,0.13743247091770172,0.1343713104724884
3.8779999999997945,0.06808910901751253,17.274681091308594,0.13239070563174635,0.012451619892266542,0.13638262450695038,0.13330230116844177
3.8799999999997943,0.0680906878483083,17.264339447021484,0.13150692477414502,0.012440137929965471,0.13532646000385284,0.13223029673099518
3.881999999999794,0.06809210725330679,17.264984130859375,0.1306190926828797,0.012431135644968743,0.1342630684375763,0.13115260004997253
3.883999999999794,0.06809299420546519,17.258968353271484,0.1297278218355277,0.01242356759879162,0.13319361209869385,0.1300712674856186
3.8859999999997936,0.06809361474494391,17.391958236694336,0.12879900923958282,0.012417587266790108,0.13208532333374023,0.12880273163318634
3.8879999999997934,0.06809417215008215,17.209945678710938,0.12786421281886667,0.012510788805979799,0.1309584081172943,0.12766337394714355
3.889999999999793,0.06809452459776019,17.392807006835938,0.1269287181088421,0.012595575275034833,0.12990041077136993,0.12665431201457977
3.891999999999793,0.0680947923278583,17.27677345275879,0.12598950489994767,0.012683146163810225,0.12898041307926178,0.12571927905082703
3.8939999999997927,0.06809256412429492,17.298349380493164,0.12504975854216951,0.01276462041387274,0.12807998061180115,0.12478745728731155
3.8959999999997925,0.06809022508327435,17.35018539428711,0.12412516172315388,0.012846421416568526,0.12722742557525635,0.12256103754043579
3.8979999999997923,0.06808797861503137,17.174449920654297,0.12319652299806776,0.012850874050396713,0.12638695538043976,0.12176581472158432
3.899999999999792,0.06808566572288777,17.342975616455078,0.12226880414461139,0.012846185739556393,0.1255645602941513,0.12102218717336655
3.901999999999792,0.06808340517275274,17.246440887451172,0.12133922138889923,0.012844023510028599,0.12475524842739105,0.12026310712099075
3.9039999999997916,0.06808132662190683,17.274898529052734,0.12041079250932268,0.01283511934566932,0.1239607036113739,0.11953707784414291
3.9059999999997914,0.06807949599265392,17.250612258911133,0.11952657819164524,0.012826359190621249,0.1232217326760292,0.11965813487768173
3.907999999999791,0.06807785787402054,17.234966278076172,0.11868853000498596,0.012831166345219318,0.12253771722316742,0.11978747695684433
3.909999999999791,0.06807644734838607,17.239572525024414,0.11789643590179757,0.012855125546010798,0.12190724909305573,0.11992892622947693
3.9119999999997908,0.06807495844794821,17.224403381347656,0.1171516930607034,0.012897853266834264,0.12132967263460159,0.12006768584251404
3.9139999999997905,0.06807368982223913,17.22751235961914,0.11640488707433545,0.012964874987023105,0.12075597792863846,0.1194397434592247
3.9159999999997903,0.06807261788032862,17.22037124633789,0.11570666256713862,0.0130329330668353,0.12023453414440155,0.11958853900432587
3.91799999999979,0.06807175129682301,17.226097106933594,0.11505468497135621,0.013129444442207235,0.11976471543312073,0.11976029723882675
3.91999999999979,0.06807107376479839,17.22316551208496,0.1144466665292656,0.013257763659562626,0.11934670805931091,0.11993712931871414
3.9219999999997897,0.06807058696713696,17.227970123291016,0.11388258299462767,0.013423673259715977,0.11898054927587509,0.12013646960258484
3.9239999999997894,0.06807027833529442,17.227718353271484,0.11336277866585856,0.013631845780107888,0.11866673082113266,0.12034428119659424
3.925999999999789,0.06807014522743897,17.230926513671875,0.11288726211242757,0.013888257305964595,0.11840566247701645,0.12057455629110336
3.927999999999789,0.06807017680365136,17.231611251831055,0.11245631512634548,0.014198036779055975,0.11819815635681152,0.12083879858255386
3.9299999999997888,0.06807036760562399,17.23398208618164,0.11206997543524834,0.014566773597808266,0.1180446520447731,0.12118357419967651
3.9319999999997886,0.06807072243517893,17.234500885009766,0.111731071751315,0.014999204401440105,0.11794620007276535,0.12160341441631317
3.9339999999997883,0.06807134644036421,17.235958099365234,0.11144625209238011,0.015499926460715296,0.11790341138839722,0.12210485339164734
3.935999999999788,0.06807225844647748,17.236347198486328,0.11121635983385834,0.01607263340265947,0.11791694164276123,0.12268386036157608
3.937999999999788,0.06807345697552604,17.23678970336914,0.11103593053198464,0.016720545035309696,0.11798811703920364,0.12334520369768143
3.9399999999997877,0.06807493891917774,17.23716163635254,0.11091000266047607,0.017446017464234655,0.11811771988868713,0.12408635765314102
3.9419999999997875,0.06807670172449848,17.237829208374023,0.11084100151250004,0.018250848602473002,0.11830632388591766,0.12491079419851303
3.9439999999997872,0.06807874181651362,17.238338470458984,0.11082964515985934,0.019136126169354978,0.11855505406856537,0.1258174329996109
3.945999999999787,0.0680810557307857,17.238727569580078,0.11087658801222315,0.02010246564337217,0.11886436492204666,0.1268077790737152
3.947999999999787,0.06808363929941033,17.23890495300293,0.11098246647772146,0.021149984026660483,0.11923576146364212,0.1278819441795349
3.9499999999997866,0.06808648823177707,17.239234924316406,0.11114785993652618,0.02227848040519184,0.11966906487941742,0.12904122471809387
3.9519999999997864,0.06808927943428271,17.23971176147461,0.11137331371364564,0.023487458027010088,0.12016543000936508,0.13028545677661896
3.953999999999786,0.06809203126717651,17.23532485961914,0.11160552736974269,0.024776250118138922,0.12067412585020065,0.13051298260688782
3.955999999999786,0.06809475740390333,17.229080200195312,0.1118451802502997,0.026071920118145225,0.12119600921869278,0.13076460361480713
3.9579999999997857,0.06809675178237554,17.224468231201172,0.11209269657438098,0.0273708368569731,0.12173223495483398,0.13104087114334106
3.9599999999997855,0.06809887124113964,15.269956588745117,0.11234863814978324,0.028670007359136933,0.12230200320482254,0.1297266185283661
3.9619999999997852,0.06810086929998721,11.753459930419922,0.11260889990274181,0.029964170100185886,0.12289399653673172,0.1299774944782257
3.963999999999785,0.06810294376593454,16.76679229736328,0.11285787148713222,0.03126149368508335,0.12349624186754227,0.1305030882358551
3.965999999999785,0.06810496092728517,17.41254997253418,0.11310966199074309,0.032533250908101996,0.12411905825138092,0.13083603978157043
3.9679999999997846,0.06810702750852611,17.21676254272461,0.11336115318520515,0.033801220856640043,0.12475484609603882,0.13136465847492218
3.9699999999997844,0.06810907405637805,17.387157440185547,0.1136241090271888,0.03504822592609708,0.12540997564792633,0.13177122175693512
3.971999999999784,0.068111154897553,17.25330352783203,0.11389165447899123,0.03628718138683956,0.1260797083377838,0.13230793178081512
3.973999999999784,0.06811323555708447,17.24752426147461,0.11416879796431563,0.03750803957807557,0.1267673224210739,0.1327781230211258
3.9759999999997837,0.06811534272004714,17.235496520996094,0.1144517431477785,0.03871808430597307,0.1274699866771698,0.13333193957805634
3.9779999999997835,0.06811745927910795,17.208139419555664,0.1147430622041872,0.03991171520060981,0.12818901240825653,0.13385561108589172
3.9799999999997833,0.0681195978366718,17.210678100585938,0.11504061881519942,0.04109293371318781,0.12892235815525055,0.1344335377216339
3.981999999999783,0.06812174965316595,17.190319061279297,0.1153456651480612,0.04225863076617991,0.12967032194137573,0.1350015550851822
3.983999999999783,0.06812411922435428,17.19107437133789,0.11565693442344076,0.04341099279366784,0.1304313689470291,0.13560669124126434
3.9859999999997826,0.06812644016740044,3.2364025115966797,0.11597541864278821,0.0445482774890074,0.13118602335453033,0.13572335243225098
3.9879999999997824,0.06812882733648365,16.078899383544922,0.1162868249081835,0.04569392338845875,0.13194525241851807,0.1365443915128708
3.989999999999782,0.06813119730811604,16.87213706970215,0.11660154700323926,0.04680579875134817,0.1327177733182907,0.13703210651874542
3.991999999999782,0.06813360486484331,17.06331443786621,0.11690442275904324,0.04791238497324786,0.13349506258964539,0.13779914379119873
3.9939999999997817,0.0681360097862056,17.371387481689453,0.11720780103517095,0.048992221100055085,0.13428150117397308,0.1383676826953888
3.9959999999997815,0.06813843541100896,17.21299934387207,0.11750343245980277,0.05006252648371735,0.13507090508937836,0.13910166919231415
3.9979999999997813,0.06814086359263208,17.273826599121094,0.11780728783329499,0.05111049314079635,0.1358657032251358,0.1397227793931961
3.999999999999781,0.06814330217258438,17.215755462646484,0.11811325201821786,0.05214624504455164,0.13666154444217682,0.1404372900724411
4.001999999999781,0.06814621745432586,17.193456649780273,0.11842580063334174,0.053162349448366786,0.1374589502811432,0.14109045267105103
4.003999999999781,0.06814913643237018,17.032358169555664,0.11872743113265868,0.05416449486820822,0.13822373747825623,0.14195257425308228
4.005999999999781,0.06815204593052403,17.369524002075195,0.11903755131151927,0.05509564124556574,0.13898877799510956,0.1424751877784729
4.007999999999781,0.06815494434096855,17.210115432739258,0.11934514345940152,0.05602059145879237,0.1397479623556137,0.14320053160190582
4.00999999999978,0.06815782987266081,17.279476165771484,0.11965836332454464,0.05692570912723488,0.14050361514091492,0.14377471804618835
4.01199999999978,0.0681606961408784,17.214277267456055,0.11997086528514382,0.05782116164432999,0.14125138521194458,0.14445772767066956
4.01399999999978,0.06816354479484414,17.192493438720703,0.12028696432429695,0.05869891063678345,0.14199256896972656,0.145055890083313
4.01599999999978,0.06816633156861794,17.19112777709961,0.1206031110794867,0.0595646128030503,0.14272387325763702,0.145707905292511
4.0179999999997795,0.06816901947696614,17.165828704833984,0.12092148713425267,0.060413739594066006,0.14344549179077148,0.14630982279777527
4.019999999999779,0.06817160763153551,17.165903091430664,0.12124003646479581,0.06124937390996991,0.14415499567985535,0.146935373544693
4.021999999999779,0.06817410041459618,17.150447845458984,0.12155978324951726,0.062068944602157235,0.14485254883766174,0.1475280523300171
4.023999999999779,0.06817649843782556,17.150463104248047,0.12187946699314471,0.06287410983822858,0.14553631842136383,0.14812713861465454
4.025999999999779,0.06817880523481594,17.142070770263672,0.12219948261195342,0.06366339138562281,0.14620624482631683,0.14870187640190125
4.027999999999778,0.06818102223255036,17.14128875732422,0.12251899247327108,0.06443766129314159,0.14686036109924316,0.14927297830581665
4.029999999999778,0.06818315247137877,17.136051177978516,0.12283801843657992,0.0651960532137449,0.14749911427497864,0.14982374012470245
4.031999999999778,0.06818519780648996,17.134937286376953,0.12315186044302316,0.06593900756997205,0.14812086522579193,0.1503651887178421
4.033999999999778,0.0681871609715729,17.130935668945312,0.12345771485321311,0.06666600232322384,0.14872591197490692,0.15088793635368347
4.0359999999997775,0.06818904402347198,17.12958526611328,0.12375534377682011,0.06737724282858337,0.14931344985961914,0.1513979434967041
4.037999999999777,0.06819084948472381,17.126380920410156,0.12404482447668969,0.06807240249748564,0.1498832404613495,0.151889830827713
4.039999999999777,0.06819257948022384,17.124893188476562,0.1243269732687727,0.06875156047700187,0.15043482184410095,0.1519203782081604
4.041999999999777,0.06819423636847731,17.12226676940918,0.12460667230409658,0.06941450276694587,0.1509682685136795,0.15173257887363434
4.043999999999777,0.06819582226294031,17.120595932006836,0.12488420722681204,0.070061242509132,0.1514834761619568,0.1515497863292694
4.045999999999776,0.06819733938002553,17.118305206298828,0.12515927087899736,0.07069163211237275,0.15198031067848206,0.1513737291097641
4.047999999999776,0.06819878977400463,17.116621017456055,0.12543147410006888,0.07130565194233325,0.15245860815048218,0.15120325982570648
4.049999999999776,0.06820017552841913,17.114593505859375,0.12570048983011517,0.07190319502943641,0.15251721441745758,0.15103928744792938
4.051999999999776,0.06820149860940881,17.11288070678711,0.12596594827712665,0.0724842272517936,0.15228891372680664,0.15088105201721191
4.053999999999776,0.06820276097074227,17.110994338989258,0.12622751536907945,0.073048667815909,0.15206854045391083,0.15072910487651825
4.055999999999775,0.06820396447275334,17.109272003173828,0.1264848360573571,0.07359647813402943,0.15185637772083282,0.1505832076072693
4.057999999999775,0.06820511093983939,17.10748291015625,0.12673757713170003,0.07412759545729163,0.15165215730667114,0.15044359862804413
4.059999999999775,0.06820620211572215,17.105806350708008,0.12698539660302102,0.07464198218575063,0.15145626664161682,0.15031009912490845
4.061999999999775,0.0682072396948686,17.10405731201172,0.1272279671501298,0.07513958900389868,0.15126843750476837,0.15018275380134583
4.0639999999997745,0.06820822529786254,17.102352142333984,0.12746495963190455,0.07562038223390455,0.1510888785123825,0.1500617265701294
4.065999999999774,0.06820916048857274,17.10065460205078,0.12769605599108502,0.07608432334904046,0.15091775357723236,0.1499469131231308
4.067999999999774,0.0682100467606692,17.099014282226562,0.1279209404187305,0.07653138414211956,0.15075497329235077,0.14983846247196198
4.069999999999774,0.06821088554704731,17.097393035888672,0.12813930650691638,0.07696153533267514,0.1506005823612213,0.1497361958026886
4.071999999999774,0.0682116782125354,17.095821380615234,0.128350852553561,0.0773747549733403,0.15045486390590668,0.14964012801647186
4.073999999999773,0.06821242605914801,17.09430694580078,0.12855528556873377,0.07777102210744365,0.15031741559505463,0.14955085515975952
4.075999999999773,0.06821313032225718,17.092857360839844,0.12875231881521937,0.07815032142272814,0.15018875896930695,0.14946871995925903
4.077999999999773,0.06821379217363126,17.09145736694336,0.12894167408624382,0.07851263971456073,0.15006862580776215,0.14939358830451965
4.079999999999773,0.06821441271956812,17.090116500854492,0.12912308044883644,0.07885796845715222,0.14995712041854858,0.1493256539106369
4.0819999999997725,0.06821499300279317,17.088924407958984,0.12929627556607745,0.07918630182583195,0.14985430240631104,0.14926494657993317
4.083999999999772,0.06821553400172815,17.087772369384766,0.12946080492650766,0.0794976381126811,0.14976026117801666,0.1492113471031189
4.085999999999772,0.06821603663183563,17.086660385131836,0.12961480043053394,0.07979197861546936,0.1496749371290207,0.14916519820690155
4.087999999999772,0.06821610976337882,17.08559799194336,0.12975784876062027,0.08006932841211507,0.1495983749628067,0.149126335978508
4.089999999999772,0.06821616229306353,17.09832763671875,0.12990380843565896,0.08032969573155377,0.14949245750904083,0.1492735892534256
4.091999999999771,0.06821619069188725,17.10300064086914,0.13003832571630305,0.080649986411759,0.1493963748216629,0.14919817447662354
4.093999999999771,0.06821619677774318,17.08407211303711,0.13016330523885145,0.08094548842706875,0.14930881559848785,0.14913541078567505
4.095999999999771,0.06821617842660438,17.087242126464844,0.1302771226747965,0.08121919515025752,0.14923082292079926,0.14907966554164886
4.097999999999771,0.06821637406142828,17.078521728515625,0.13038088892772529,0.08146995896104692,0.14916181564331055,0.1490345448255539
4.0999999999997705,0.06821654121009048,17.106752395629883,0.13044420063140666,0.0816996218736787,0.14919105172157288,0.1488303244113922
4.10199999999977,0.06821668309879232,17.083194732666016,0.13049953187921726,0.08193344320387724,0.14922809600830078,0.1489512026309967
4.10399999999977,0.06821679642449344,17.089702606201172,0.13054387557666666,0.08214931365562614,0.1492738127708435,0.14906390011310577
4.10599999999977,0.06821688254795277,17.068187713623047,0.130579888520826,0.08234416267458432,0.149327352643013,0.14919596910476685
4.10799999999977,0.06821693962325699,17.072694778442383,0.1306055463224938,0.082520736210878,0.14938940107822418,0.14932942390441895
4.109999999999769,0.06821696809630383,17.06163215637207,0.1306220453794288,0.0826774004346444,0.1494596004486084,0.14947524666786194
4.111999999999769,0.06821696686204146,17.065265655517578,0.13062820388234897,0.0828157612322642,0.14953821897506714,0.14962688088417053
4.113999999999769,0.0682169359246685,17.060123443603516,0.13062462618576837,0.08293497723491752,0.14962491393089294,0.14978784322738647
4.115999999999769,0.06821687455268186,17.062034606933594,0.13061060573038763,0.0830360106321321,0.14972013235092163,0.14995622634887695
4.1179999999997685,0.06821642819763236,17.059253692626953,0.13058642938534593,0.0831184554042515,0.1498233824968338,0.1501327008008957
4.119999999999768,0.06821594978573035,13.959630966186523,0.13050413756410065,0.08318290894559305,0.14992406964302063,0.15020863711833954
4.121999999999768,0.06821535913928364,0.16246643662452698,0.1304316771405545,0.08326645915202968,0.15002542734146118,0.1503186821937561
4.123999999999768,0.068214738533192,16.14553451538086,0.13034625466405494,0.08334308990180013,0.15012997388839722,0.15052242577075958
4.125999999999768,0.06821409431859896,17.03672218322754,0.13026319985022602,0.08338542525187202,0.15023842453956604,0.1506367176771164
4.127999999999767,0.06821342077322086,16.988035202026367,0.1301616310304932,0.08341612716977347,0.1503589153289795,0.15083979070186615
4.129999999999767,0.068212720164943,17.21709442138672,0.13005761455606987,0.08341460323733067,0.15048493444919586,0.1509815752506256
4.131999999999767,0.06821198990656971,17.094287872314453,0.12993860467863144,0.08339832962579694,0.150621697306633,0.15119312703609467
4.133999999999767,0.06821123037698894,17.141826629638672,0.1298140058603631,0.08335510653101186,0.15076501667499542,0.15136189758777618
4.1359999999997665,0.0682104404354581,17.102100372314453,0.1296765281084878,0.08329538741120782,0.150918111205101,0.15158221125602722
4.137999999999766,0.06820961951700653,17.08224868774414,0.12953144323135798,0.08321223988430747,0.1510782539844513,0.15177634358406067
4.139999999999766,0.06820876705157103,17.08843231201172,0.12937466874094497,0.08311171409908455,0.1512477546930313,0.15200744569301605
4.141999999999766,0.06820788217073856,17.065227508544922,0.12920914398085573,0.08299009011342878,0.15142469108104706,0.15222403407096863
4.143999999999766,0.06820696446561604,17.070934295654297,0.12903258963333125,0.08285089022865508,0.1516103595495224,0.1524672508239746
4.145999999999765,0.06820558230532187,17.05864143371582,0.12884665685311725,0.08269216848053687,0.15180394053459167,0.15270434319972992
4.147999999999765,0.06820415568863669,16.984159469604492,0.1286327201260589,0.08251601845565516,0.15198378264904022,0.15260758996009827
4.149999999999765,0.06820269030502536,16.99662971496582,0.12840086775794568,0.08235817516230458,0.15217576920986176,0.15288659930229187
4.151999999999765,0.06820118066582913,17.206043243408203,0.12816760801556237,0.08216745311601206,0.1523730754852295,0.15309742093086243
4.1539999999997645,0.06819963077470698,17.10330581665039,0.12792013683406173,0.08196181049383433,0.1525808572769165,0.15338163077831268
4.155999999999764,0.06819803687274434,17.151920318603516,0.12766823302970423,0.08172896857892285,0.15279483795166016,0.15362367033958435
4.157999999999764,0.06819389242463446,17.112499237060547,0.12740443563026255,0.08147972769682559,0.15301844477653503,0.15391550958156586
4.159999999999764,0.06818962530452476,11.131918907165527,0.12709336532209053,0.08120714348539003,0.15317735075950623,0.15092724561691284
4.161999999999764,0.0681852570311753,16.607990264892578,0.12676288461437063,0.08086993625383014,0.1533500701189041,0.15086276829242706
4.1639999999997634,0.06818043493572024,17.164112091064453,0.12643673630399477,0.08049506857926794,0.15352655947208405,0.15047389268875122
4.165999999999763,0.06817549021451852,17.111831665039062,0.1261691637641475,0.08010769203121387,0.15360388159751892,0.14633303880691528
4.167999999999763,0.06817042580491994,17.12131690979004,0.1258902538158702,0.07958215423514109,0.153691366314888,0.14604346454143524
4.169999999999763,0.06816524372517985,17.120288848876953,0.12560109946029885,0.07903763258884128,0.15378865599632263,0.14574956893920898
4.171999999999763,0.06815994640421134,17.12761878967285,0.1253015481758874,0.07847560190374205,0.15389573574066162,0.1454673409461975
4.173999999999762,0.06815244129531702,17.128772735595703,0.12499150257979816,0.0778962494142255,0.15401236712932587,0.1451803296804428
4.175999999999762,0.06814478122529635,13.567026138305664,0.12459016262269221,0.07730062091761673,0.15377867221832275,0.14389432966709137
4.177999999999762,0.06813720602363289,2.1809473037719727,0.12420138988491061,0.07679913493270084,0.1534394770860672,0.1433521807193756
4.179999999999762,0.0681295052914579,16.231098175048828,0.1238425490615855,0.0762924118538255,0.153129443526268,0.14460542798042297
4.1819999999997615,0.06812166881067468,16.67086410522461,0.12348813027192523,0.07581559968941116,0.15283191204071045,0.14415468275547028
4.183999999999761,0.06811372020892195,16.989572525024414,0.12311732785958072,0.07532947678947355,0.1525219976902008,0.14415711164474487
4.185999999999761,0.06810565563168229,17.16476058959961,0.12274613110390092,0.07481216071206023,0.15221953392028809,0.14377467334270477
4.187999999999761,0.06809749178158217,17.132492065429688,0.122362842327536,0.0742829725656691,0.15190963447093964,0.14369598031044006
4.189999999999761,0.06808922909028226,17.177433013916016,0.12197806989700291,0.07372889231562049,0.1516038179397583,0.143365740776062
4.19199999999976,0.06808101634050566,17.159576416015625,0.1215859389776682,0.07316168613067718,0.15129320323467255,0.14322581887245178
4.19399999999976,0.06807373979571729,17.132694244384766,0.12115596855369902,0.0725738909574391,0.15095102787017822,0.1451013833284378
4.19599999999976,0.0680663886897228,17.226612091064453,0.12070521729346213,0.07206738396516083,0.15059013664722443,0.1457403600215912
4.19799999999976,0.0680589790663726,17.168270111083984,0.1202493399542694,0.07145583070419559,0.1502259075641632,0.14542225003242493
4.1999999999997595,0.0680515122704664,17.16933822631836,0.11979469078337418,0.07083201234752673,0.1498667299747467,0.14528824388980865
4.201999999999759,0.0680426705454124,17.16564178466797,0.11933652019017796,0.07020334111792535,0.14950521290302277,0.14500677585601807
4.203999999999759,0.06803728139727046,17.132343292236328,0.11888233644004165,0.06956381836460046,0.1491517573595047,0.14430616796016693
4.205999999999759,0.06803192066127149,15.767431259155273,0.11841215698996084,0.06896539541567911,0.1487867534160614,0.14375075697898865
4.207999999999759,0.0680265449249064,11.522787094116211,0.11795379540862903,0.06842425395725275,0.14843381941318512,0.14409686625003815
4.209999999999758,0.06802119809504605,16.914770126342773,0.1174846081231363,0.06789159772434745,0.14806334674358368,0.1434173732995987
4.211999999999758,0.06801585102418263,17.131893157958984,0.11702267625664474,0.06734021399500295,0.147696852684021,0.14345885813236237
4.213999999999758,0.06801053350318892,17.131067276000977,0.11655414315267662,0.06679083239675483,0.14731617271900177,0.142944797873497
4.215999999999758,0.06799922941318559,17.21700668334961,0.11609005563533843,0.06622672025630767,0.1469336450099945,0.14280694723129272
4.2179999999997575,0.0679883877762642,17.014535903930664,0.11556629458819691,0.06566031043283399,0.14649926126003265,0.14036652445793152
4.219999999999757,0.0679780252651775,16.996536254882812,0.11503886693978782,0.06514731923759087,0.1460544914007187,0.14005838334560394
4.221999999999757,0.06796809405852323,17.10961151123047,0.11452336878357877,0.06460377346221062,0.1456160694360733,0.13994887471199036
4.223999999999757,0.06795859076244196,17.1001033782959,0.11400755211292093,0.06404859654539247,0.14516936242580414,0.13966955244541168
4.225999999999757,0.06794948363840134,17.137535095214844,0.11350091790869961,0.06346913471984471,0.14472351968288422,0.13946714997291565
4.227999999999756,0.06794076083076751,17.12151336669922,0.11299617408031108,0.06287687428829074,0.14426936209201813,0.13918200135231018
4.229999999999756,0.06793239882678441,17.108304977416992,0.11249890018398123,0.06226466579498248,0.14381204545497894,0.1389162242412567
4.231999999999756,0.06792439481408231,17.121517181396484,0.11200493311741186,0.06163929187308253,0.143345907330513,0.13860636949539185
4.233999999999756,0.06791674049224347,17.10584831237793,0.11151756431018983,0.060996950341694715,0.14287303388118744,0.1382911503314972
4.2359999999997555,0.06790942184059137,17.118793487548828,0.11103320021653931,0.060341688728836614,0.1423899531364441,0.1379474401473999
4.237999999999755,0.0679024229486168,17.113052368164062,0.11054799629501051,0.05967155737192967,0.1418975442647934,0.13758806884288788
4.239999999999755,0.06789573075134242,17.125762939453125,0.11005974450641845,0.058989029057639475,0.1413935124874115,0.13720567524433136
4.241999999999755,0.06788933134346255,17.12593650817871,0.10956919617966464,0.05829317253855509,0.14087775349617004,0.13680331408977509
4.243999999999755,0.06788321276975519,17.13626480102539,0.10907646736445169,0.05758554651389419,0.14034849405288696,0.13637931644916534
4.245999999999754,0.06787736280590098,17.139434814453125,0.10858801943926728,0.05686577377271199,0.1398061066865921,0.13593348860740662
4.247999999999754,0.06787177063146287,17.147993087768555,0.10810474505604345,0.056134877174713105,0.13924887776374817,0.13546575605869293
4.249999999999754,0.06786642546628979,17.152477264404297,0.10762712049564671,0.05539277613873694,0.13867655396461487,0.13497547805309296
4.251999999999754,0.06786131758531952,17.159751892089844,0.10715516621356377,0.054640175695087737,0.1380883902311325,0.1344628930091858
4.2539999999997535,0.06785643746659509,17.16460418701172,0.10668926875831455,0.05387715023840103,0.13748371601104736,0.13392698764801025
4.255999999999753,0.06785177641032761,17.17095375061035,0.10622955251716042,0.05310421366322707,0.1368628293275833,0.13336801528930664
4.257999999999753,0.06784732599920835,17.176036834716797,0.10577635667664914,0.05232151826396043,0.13622452318668365,0.13278602063655853
4.259999999999753,0.06784307847586327,17.18181037902832,0.10532986994284425,0.05152946119008613,0.13556921482086182,0.13218070566654205
4.261999999999753,0.06784202208631265,17.186866760253906,0.10489040714093717,0.05072823143058193,0.1348968893289566,0.13155218958854675
4.263999999999752,0.06784100699769542,15.001297950744629,0.10444239879819474,0.04991815363959752,0.1341455727815628,0.12798185646533966
4.265999999999752,0.0678380610251787,8.000415802001953,0.10401627866087315,0.0490295357838179,0.1333853155374527,0.12794004380702972
4.267999999999752,0.06783528343245376,14.414539337158203,0.10363742910990713,0.04816766771573205,0.13271108269691467,0.1295458823442459
4.269999999999752,0.06783261341867736,2.6801280975341797,0.10328143834657047,0.04717991911582651,0.1320311725139618,0.12866617739200592
4.2719999999997516,0.06783057543350825,16.49884605407715,0.10291438696762122,0.046217106224791527,0.13132524490356445,0.12810076773166656
4.273999999999751,0.06782819484615246,-8.265572547912598,0.10259224648877394,0.04523784470264364,0.1306198537349701,0.12795224785804749
4.275999999999751,0.06782598188947174,13.590311050415039,0.10220228339127348,0.044293646387747014,0.1298501193523407,0.1267547756433487
4.277999999999751,0.06782391115964133,-8.012609481811523,0.10183606877329256,0.043270618387890786,0.12907952070236206,0.12600430846214294
4.279999999999751,0.06782199167933133,16.115924835205078,0.10142923234526723,0.0422785453328362,0.12826724350452423,0.12494585663080215
4.2819999999997505,0.06782015437918926,12.424070358276367,0.10103362364133309,0.04123700045326002,0.12745098769664764,0.12407464534044266
4.28399999999975,0.06781845717327517,17.07260513305664,0.10062788422493538,0.04021449498192525,0.12661950290203094,0.12323499470949173
4.28599999999975,0.06781685270155827,17.185867309570312,0.10023207426040733,0.039181025234708525,0.12578320503234863,0.12232916057109833
4.28799999999975,0.06781746744552795,17.292236328125,0.09983972027478992,0.03815922656706765,0.124936543405056,0.12146302312612534
4.28999999999975,0.06781824864259449,17.287704467773438,0.0994701506568013,0.037130719412618696,0.12401376664638519,0.11873559653759003
4.291999999999749,0.06781920072493332,17.291921615600586,0.09915524525689824,0.03615934298243012,0.12312398105859756,0.11842375993728638
4.293999999999749,0.06782032444362944,17.291027069091797,0.09889541494151452,0.035251685948970796,0.12226849794387817,0.11812141537666321
4.295999999999749,0.06782162408115673,17.294811248779297,0.09869026632468593,0.03440796126672896,0.12144965678453445,0.11781872808933258
4.297999999999749,0.06782310198146282,17.295673370361328,0.09853994830966767,0.03362731920378798,0.12067043781280518,0.11752781271934509
4.2999999999997485,0.06782476276698284,17.29830551147461,0.09844413028554685,0.032909853178424396,0.11993244290351868,0.1172446608543396
4.301999999999748,0.06782661015565163,17.299762725830078,0.09840277499055537,0.03225510193784803,0.11923852562904358,0.11697690188884735
4.303999999999748,0.06782864941641921,17.302173614501953,0.09841555252365493,0.03166317329162735,0.11859063804149628,0.11672321707010269
4.305999999999748,0.06783088552573266,17.303939819335938,0.09847875467538375,0.031133905713714514,0.11799164116382599,0.11648866534233093
4.307999999999748,0.06783332459199297,17.30591583251953,0.09858488612789318,0.03066749436065176,0.11744312196969986,0.11627357453107834
4.309999999999747,0.067835972792688,17.307477951049805,0.09873360546324939,0.03026402087870802,0.11694753915071487,0.11608070135116577
4.311999999999747,0.06783883719788707,17.309127807617188,0.09892524978653923,0.02992379812040331,0.11650680005550385,0.1159154623746872
4.313999999999747,0.06784192516018386,17.310775756835938,0.09916686251301352,0.029647103838753703,0.11612264811992645,0.11578463017940521
4.315999999999747,0.06784524478925166,17.31208038330078,0.0994603765117877,0.029434365954839854,0.11579714715480804,0.11568934470415115
4.3179999999997465,0.06784880460322502,17.313383102416992,0.09980539711439054,0.029286008142753683,0.11553137004375458,0.11563196033239365
4.319999999999746,0.06785261380134297,17.314674377441406,0.10020147886895377,0.0292025447384065,0.11532687395811081,0.11561344563961029
4.321999999999746,0.06785668206558113,17.315780639648438,0.10064816105293892,0.029184487647621996,0.11518450826406479,0.11563535779714584
4.323999999999746,0.06786101971681421,17.316707611083984,0.10114494433752985,0.029232390822772455,0.11510534584522247,0.11569833010435104
4.325999999999746,0.06786563760238738,17.317684173583984,0.10169131223843779,0.02934679166382706,0.11508974432945251,0.11580289155244827
4.327999999999745,0.06787054718525223,17.318702697753906,0.10228671890411625,0.029528228823972026,0.11513809114694595,0.11597032845020294
4.329999999999745,0.06787576048044246,17.319515228271484,0.10293060250157052,0.029777204575467977,0.1152508407831192,0.11623474955558777
4.331999999999745,0.06788129010571495,17.320175170898438,0.1036223793685632,0.030094190370239866,0.11542760580778122,0.11659621447324753
4.333999999999745,0.06788714924569075,17.32064437866211,0.1043614527382953,0.030479603570713366,0.11566784977912903,0.11705418676137924
4.3359999999997445,0.0678933516804075,17.32099151611328,0.10514643076813648,0.030933809277888528,0.11597146093845367,0.11760696768760681
4.337999999999744,0.06789991176500176,17.3215274810791,0.10597201657351149,0.03145710788493489,0.11633691191673279,0.11825370788574219
4.339999999999744,0.0679068444455765,17.322174072265625,0.10684141956134759,0.032049737573613166,0.11676391214132309,0.1189924106001854
4.341999999999744,0.06791416524752926,17.32306480407715,0.10775618136111118,0.03271187010186357,0.11725088953971863,0.11982268840074539
4.343999999999744,0.06792189028411104,17.32401466369629,0.10871562002775666,0.033443615494195715,0.11779698729515076,0.12074865400791168
4.345999999999743,0.06793003624949458,17.32479476928711,0.10971590757439577,0.0342450236030133,0.11840056627988815,0.12176937609910965
4.347999999999743,0.06793862042308794,17.32537841796875,0.1107546183240839,0.035116090745524194,0.1190602034330368,0.12288342416286469
4.349999999999743,0.06794766066513808,17.325702667236328,0.1118315811144952,0.03605676466401068,0.11977475881576538,0.12409013509750366
4.351999999999743,0.06795651197871808,17.325855255126953,0.11294662173237978,0.037066952066621375,0.1205432340502739,0.125388965010643
4.3539999999997425,0.06796517621305448,17.322111129760742,0.1140505659619324,0.03814652495408774,0.12131813913583755,0.1260129064321518
4.355999999999742,0.06797365510607399,17.31732177734375,0.1151435276379232,0.03922082263834448,0.12209945917129517,0.12665541470050812
4.357999999999742,0.06798195148576486,17.31363868713379,0.11622550760136853,0.04028890194773206,0.12288636714220047,0.12731458246707916
4.359999999999742,0.0679900680820241,17.309486389160156,0.11729651207419056,0.041349806494352624,0.1236785426735878,0.12798859179019928
4.361999999999742,0.06799798519105352,17.305984497070312,0.11835684404496241,0.042402779267861665,0.1244758740067482,0.12867552042007446
4.363999999999741,0.068005539424092,17.302330017089844,0.11940930715021544,0.04344707794370533,0.12527814507484436,0.12937390804290771
4.365999999999741,0.06801272214359913,17.299171447753906,0.12045433356841621,0.04448208766355625,0.126085564494133,0.1300830841064453
4.367999999999741,0.06801956010433659,17.296226501464844,0.12149170271476638,0.04550721822456688,0.12689781188964844,0.13080176711082458
4.369999999999741,0.06802607759948794,17.29360580444336,0.12252116736270076,0.046521963545954545,0.127715602517128,0.13152872025966644
4.3719999999997405,0.06803229657903437,17.291015625,0.12354246971521278,0.04752584388685366,0.12853862345218658,0.13226263225078583
4.37399999999974,0.06803823698316529,17.288394927978516,0.12455533456937665,0.04851843686816787,0.1293666660785675,0.13300226628780365
4.37599999999974,0.0680439168809743,17.285802841186523,0.12555947905103662,0.04949934462531741,0.13019926846027374,0.1337454915046692
4.37799999999974,0.06804935270208468,17.283466339111328,0.1265546092798207,0.050468209705669016,0.1310361921787262,0.1344899982213974
4.37999999999974,0.06805455936904874,17.28114891052246,0.12754042636644577,0.05142469613876265,0.13187608122825623,0.13523346185684204
4.381999999999739,0.0680595504656334,17.278892517089844,0.12851662494344446,0.052368497344576305,0.13271737098693848,0.13597194850444794
4.383999999999739,0.06806433835327819,17.276668548583984,0.1294828969341767,0.05329932504419693,0.13355828821659088,0.1367453634738922
4.385999999999739,0.0680722347709035,17.27449607849121,0.13043893104774423,0.054216912994861845,0.13439562916755676,0.13778822124004364
4.387999999999739,0.06807982298410581,15.520204544067383,0.13134410323736664,0.05512101036684729,0.13541290163993835,0.14155073463916779
4.3899999999997386,0.06808698607020136,11.200830459594727,0.13224398067743,0.05606661782832964,0.13644938170909882,0.1422923505306244
4.391999999999738,0.06809376326344932,16.778661727905273,0.13312840634888556,0.057014864121249016,0.1374550759792328,0.143329456448555
4.393999999999738,0.06810016012481612,17.36255645751953,0.13400468797133921,0.05794043613465031,0.1384655088186264,0.14401525259017944
4.395999999999738,0.06810621655878887,17.265975952148438,0.1348665628520306,0.058862031006111815,0.13945230841636658,0.14498260617256165
4.397999999999738,0.06811194359220996,17.421260833740234,0.13571826324459135,0.05976433704117819,0.14043551683425903,0.14566896855831146
4.3999999999997375,0.06811667351374227,17.30472183227539,0.13655593909427188,0.060658287396065214,0.1413988620042801,0.14656102657318115
4.401999999999737,0.06812180373677981,17.255558013916016,0.13732398233828216,0.06153477322575584,0.14227238297462463,0.14686398208141327
4.403999999999737,0.0681270348242487,-8.510078430175781,0.13809588199371461,0.06238195926713961,0.14317554235458374,0.147198885679245
4.405999999999737,0.06813199638193304,15.848222732543945,0.1388971351560669,0.06315787584194793,0.14409424364566803,0.14896216988563538
4.407999999999737,0.06813667733675674,11.739303588867188,0.13968908898466503,0.06398275548681581,0.14501577615737915,0.14932255446910858
4.409999999999736,0.06814111325594148,16.952138900756836,0.1404629168456319,0.06480602096044126,0.14590682089328766,0.15035422146320343
4.411999999999736,0.06814530320151707,17.346698760986328,0.14122514871077788,0.06560621724176754,0.14679233729839325,0.15083105862140656
4.413999999999736,0.06814927142986851,17.26256561279297,0.14197033128655903,0.06639936871925581,0.14765311777591705,0.1517111361026764
4.415999999999736,0.06815302255551366,17.366958618164062,0.1427022842500925,0.06717247634847309,0.1485031098127365,0.15225639939308167
4.4179999999997355,0.06815657376326643,17.27845001220703,0.1434176716422387,0.06793491228183521,0.14933165907859802,0.15303130447864532
4.419999999999735,0.06815891356774277,17.262069702148438,0.1441185644066477,0.06867896896579144,0.15014584362506866,0.15361271798610687
4.421999999999735,0.0681611586530161,16.897289276123047,0.14477645731716124,0.06940979733263537,0.1509176343679428,0.15375760197639465
4.423999999999735,0.06816329639077742,17.328392028808594,0.14542111335134755,0.07017046002196171,0.1516774445772171,0.1542709767818451
4.425999999999735,0.06816533939054391,17.22909927368164,0.1460469491379074,0.07091638743086733,0.15241003036499023,0.1549905687570572
4.427999999999734,0.06816728179360725,17.341678619384766,0.146658070499327,0.07163530257633306,0.15312667191028595,0.15551069378852844
4.429999999999734,0.06816913154945452,17.250694274902344,0.14725101798438128,0.07233727280449143,0.15381962060928345,0.1561531126499176
4.431999999999734,0.06817235235195138,17.238544464111328,0.14782810576724395,0.0730151300353855,0.15449440479278564,0.15666872262954712
4.433999999999734,0.06817539555625125,16.35079002380371,0.1483498713753102,0.07367462266586847,0.15509270131587982,0.16094407439231873
4.4359999999997335,0.06817545514490575,17.278839111328125,0.14885906632290438,0.07437805167485613,0.15568189322948456,0.16093313694000244
4.437999999999733,0.06817547082031507,17.26613426208496,0.14937337820926452,0.07506974589200623,0.15628141164779663,0.1570582538843155
4.439999999999733,0.06817544893642927,17.226524353027344,0.14987077923103453,0.07567821023380347,0.1568613499403,0.15756283700466156
4.441999999999733,0.0681753854710421,17.20077133178711,0.15035298744689798,0.0762614746338066,0.15742497146129608,0.15806296467781067
4.443999999999733,0.06817594605189321,17.204994201660156,0.15081811184546817,0.07682439488791384,0.15796878933906555,0.15853340923786163
4.445999999999732,0.06817442120576421,17.30657196044922,0.15124254961915173,0.07736396168559449,0.1584664136171341,0.16007009148597717
4.447999999999732,0.06817290241721279,15.906753540039062,0.1516099061915595,0.07797389919301005,0.15889538824558258,0.15831683576107025
4.449999999999732,0.06817135130250294,15.84020709991455,0.15196589398522278,0.0785890594458484,0.15931262075901031,0.15871252119541168
4.451999999999732,0.06816979770011447,17.009010314941406,0.15230138253431585,0.0791792674633806,0.15970520675182343,0.15905188024044037
4.4539999999997315,0.06816821514132672,17.249156951904297,0.15262301603349934,0.07972764138041731,0.16008225083351135,0.1593763530254364
4.455999999999731,0.06816662289572215,17.188121795654297,0.15292506875024175,0.08025001919341421,0.16043616831302643,0.1596861183643341
4.457999999999731,0.06816500358312431,17.239215850830078,0.15321149933601355,0.08073659710214451,0.1607719212770462,0.1599620282649994
4.459999999999731,0.0681633686272678,17.193248748779297,0.15347878514251934,0.08119710416487325,0.16108523309230804,0.1602308303117752
4.461999999999731,0.06816170657639414,17.16951560974121,0.15372914082011352,0.0816260952494865,0.1613781750202179,0.1604657620191574
4.46399999999973,0.06816002385395925,17.17353630065918,0.15396083493648693,0.08202937881754842,0.16164910793304443,0.16069132089614868
4.46599999999973,0.06815831277257589,17.146800994873047,0.1541759636358375,0.08240419321888531,0.16189885139465332,0.1608869582414627
4.46799999999973,0.06815657661565903,17.151901245117188,0.15437315105684554,0.08275404540519436,0.1621261090040207,0.16106976568698883
4.46999999999973,0.06815481005540999,17.136545181274414,0.1545528594684651,0.08307762003166877,0.16233143210411072,0.16122591495513916
4.4719999999997295,0.06815301443998084,17.140811920166016,0.15471414905344352,0.08337709196495857,0.1625141054391861,0.1613662838935852
4.473999999999729,0.06815118591206575,17.133211135864258,0.15485718942549917,0.08365191365393697,0.1626744568347931,0.1614828258752823
4.475999999999729,0.06814932465159763,17.136417388916016,0.15498116298450187,0.0839034778490213,0.1628120094537735,0.16158144176006317
4.477999999999729,0.06814742772034608,17.13332176208496,0.1550855845873448,0.08413163455883589,0.1629265695810318,0.16165795922279358
4.479999999999729,0.06814549461258879,17.135730743408203,0.1551700861425817,0.08433730940296785,0.16301791369915009,0.16171537339687347
4.481999999999728,0.06814352297313224,17.134178161621094,0.15523468734385412,0.08452054980635262,0.16308657824993134,0.16174952685832977
4.483999999999728,0.06814151191182231,17.135696411132812,0.1552791905607766,0.08468199678223914,0.16313186287879944,0.16176016628742218
4.485999999999728,0.06813945945509943,17.134838104248047,0.15530358761014035,0.08482178866822802,0.16315418481826782,0.16174693405628204
4.487999999999728,0.06813736451563575,17.135841369628906,0.15530776711224328,0.0849403891947122,0.16315287351608276,0.16170984506607056
4.4899999999997275,0.06813522538290122,17.135433197021484,0.1552917226833739,0.0850379724059838,0.16312848031520844,0.16164949536323547
4.491999999999727,0.06813304088878255,17.136207580566406,0.1552554026987853,0.08511488901160608,0.16308094561100006,0.1615656465291977
4.493999999999727,0.06813080951740648,17.136035919189453,0.15519881695019588,0.08517132141287183,0.16300997138023376,0.16145868599414825
4.495999999999727,0.06812853009253465,17.136581420898438,0.15512195929881903,0.08520754663606678,0.16291558742523193,0.16132836043834686
4.497999999999727,0.06812620125468413,17.136642456054688,0.15502486245339428,0.08522374299781031,0.16279825568199158,0.16117516160011292
4.499999999999726,0.06812382186533834,17.137094497680664,0.15490755795591737,0.08522013855342571,0.16265757381916046,0.16099868714809418
4.501999999999726,0.06812102297479326,17.13726806640625,0.15477010443919145,0.0851969028823901,0.16249367594718933,0.16079957783222198
4.503999999999726,0.06811813857589148,11.408607482910156,0.15456970073556772,0.08515423104975019,0.1622520387172699,0.15950854122638702
4.505999999999726,0.06811526470399794,16.7879638671875,0.15434577827635979,0.08521623450068938,0.16198579967021942,0.1591472029685974
4.507999999999726,0.06811231962718751,17.169307708740234,0.15410350721842028,0.0852434081531832,0.16169777512550354,0.1587793529033661
4.509999999999725,0.06810936280281388,17.122953414916992,0.15383967846692903,0.08525422026787324,0.1613863855600357,0.15836314857006073
4.511999999999725,0.06810634395656585,17.244543075561523,0.15355710661398583,0.08523546845512232,0.16105306148529053,0.15795902907848358
4.513999999999725,0.06810329782823242,17.165250778198242,0.15325421110015142,0.08519850809336146,0.1606971025466919,0.15750132501125336
4.515999999999725,0.06810019424874068,17.160680770874023,0.1529325383399291,0.08513556194843316,0.16031961143016815,0.15705537796020508
4.5179999999997245,0.06809705306708144,17.157976150512695,0.15259141689270903,0.08505332797485461,0.1599200814962387,0.15656177699565887
4.519999999999724,0.06809385614071511,17.133563995361328,0.152231752521132,0.08494751497159893,0.15949903428554535,0.156073659658432
4.521999999999724,0.06809061466555578,17.141679763793945,0.1518533334436103,0.08482203393686083,0.15905658900737762,0.15554578602313995
4.523999999999724,0.06808731767296104,17.1221981048584,0.151456761868344,0.08467458476570407,0.15859322249889374,0.1550174355506897
4.525999999999724,0.06808397138131662,17.127704620361328,0.15104206221182778,0.08450749073217002,0.1581088751554489,0.1544559746980667
4.527999999999723,0.06807854445685783,17.11811065673828,0.15060969594463772,0.08431956376544128,0.1576041430234909,0.1538887619972229
4.529999999999723,0.0680726860172098,-1.9952363967895508,0.1501971868014015,0.08411222009648357,0.1571221500635147,0.15453173220157623
4.531999999999723,0.06806692001829633,15.833660125732422,0.1498112409814135,0.08389779987152855,0.1566716581583023,0.15410968661308289
4.533999999999723,0.06806109434325107,15.797117233276367,0.1494088685197022,0.08371497015151412,0.15620192885398865,0.15381653606891632
4.5359999999997225,0.06805532686476547,16.956409454345703,0.1489875446973438,0.08351876921823699,0.15570956468582153,0.15315544605255127
4.537999999999722,0.06804952310350758,17.13400650024414,0.14854998406292158,0.08328945762501312,0.1551978439092636,0.1527595818042755
4.539999999999722,0.06804375454223249,17.13549041748047,0.14809400498242625,0.08304421988326499,0.15466508269309998,0.1521124243736267
4.541999999999722,0.06803798506966047,17.191282272338867,0.14762070676663974,0.08277116805610382,0.1541130691766739,0.15163245797157288
4.543999999999722,0.0680323626311144,17.157909393310547,0.14712911997086325,0.08248084224553089,0.15354099869728088,0.15098531544208527
4.545999999999721,0.06802686576531129,17.142871856689453,0.14662029076786623,0.08216633907162085,0.1529500037431717,0.15043415129184723
4.547999999999721,0.06802151076452986,17.150602340698242,0.1460937159193376,0.08183387240099804,0.15233954787254333,0.1497747302055359
4.549999999999721,0.06801627463199673,17.128143310546875,0.1455500887915659,0.08147971031282075,0.1517108529806137,0.14916421473026276
4.551999999999721,0.06801116412165237,17.137653350830078,0.14498916941701825,0.08110752977299403,0.15106351673603058,0.14848189055919647
4.5539999999997205,0.06800616486174403,17.12353515625,0.14441144967957764,0.08071537221426743,0.1503983587026596,0.147817462682724
4.55599999999972,0.06800127873672138,17.130714416503906,0.14381684541504913,0.08030546110399753,0.14971506595611572,0.14710484445095062
4.55799999999972,0.0679964963206492,17.124731063842773,0.1432057296919819,0.07987682486563655,0.14901459217071533,0.14639335870742798
4.55999999999972,0.06799181711090083,17.12978744506836,0.14257811445978963,0.07943085051360764,0.14829684793949127,0.14564694464206696
4.56199999999972,0.06798723459282331,17.128053665161133,0.14193430131702195,0.07896711226732261,0.14756233990192413,0.14489275217056274
4.563999999999719,0.06798274718323895,17.1318302154541,0.14127436363555204,0.0784865130620243,0.1468111127614975,0.14411117136478424
4.565999999999719,0.06797835014051477,17.13172149658203,0.14059855980932293,0.07798892626165704,0.14604365825653076,0.14331717789173126
4.567999999999719,0.0679740414761512,17.134634017944336,0.1399070036908445,0.07747497268852536,0.14526031911373138,0.14250029623508453
4.569999999999719,0.06796981757398379,17.135337829589844,0.13919992789536903,0.07694468767024348,0.14446112513542175,0.14166870713233948
4.5719999999997185,0.06796567637790459,17.137659072875977,0.13847747375438588,0.0763985262547027,0.14364668726921082,0.14081688225269318
4.573999999999718,0.06796161502000427,17.138710021972656,0.13773985908571887,0.07583661000696156,0.14281681180000305,0.1399495005607605
4.575999999999718,0.06795763153522673,17.140743255615234,0.1369872444778081,0.07525929566887782,0.14197222888469696,0.13906344771385193
4.577999999999718,0.06795372357697722,17.142093658447266,0.13621983996023654,0.0746667496989519,0.14111296832561493,0.13816164433956146
4.579999999999718,0.06794988933621628,17.14395523071289,0.13543782012345693,0.07405927001299432,0.14023910462856293,0.13724267482757568
4.581999999999717,0.0679461268453618,17.14552879333496,0.13464139170771539,0.07343704576049583,0.13935120403766632,0.13630785048007965
4.583999999999717,0.06794243446850785,17.14733123779297,0.13383073992933225,0.07280033940510794,0.13844911754131317,0.1353565901517868
4.585999999999717,0.06793881052339823,17.148988723754883,0.13300607112720503,0.07214935116547613,0.13753339648246765,0.13439008593559265
4.587999999999717,0.0679350418075075,17.1507568359375,0.1321675789697361,0.0714843220978408,0.13660407066345215,0.13340801000595093
4.5899999999997165,0.06793133332383662,17.084800720214844,0.13125495056060396,0.07080545765530574,0.13559216260910034,0.1295904517173767
4.591999999999716,0.06792773692318,17.127843856811523,0.13032640264004527,0.0701970340146322,0.1345621794462204,0.12827810645103455
4.593999999999716,0.06792609854429495,17.233779907226562,0.12938876367746951,0.06956311371198898,0.13352568447589874,0.127397358417511
4.595999999999716,0.06792450729793471,15.20682144165039,0.12846749489460169,0.06891679619348383,0.13250383734703064,0.12609967589378357
4.597999999999716,0.06792536983290845,10.913493156433105,0.12754289314734368,0.06829016085855659,0.13148480653762817,0.12550801038742065
4.599999999999715,0.06792648763530179,15.946102142333984,0.12651876500081716,0.06766231113019018,0.1303330957889557,0.1190158948302269
4.601999999999715,0.06792774943654879,16.78171157836914,0.125542465887386,0.06697292066262611,0.12923984229564667,0.11954808235168457
4.603999999999715,0.06792924499119883,17.002544403076172,0.12460048342418995,0.0663626172964582,0.12818065285682678,0.1196451336145401
4.605999999999715,0.06793090456312179,17.19677734375,0.12370405069493215,0.06580810442361443,0.12717507779598236,0.11997292190790176
4.6079999999997145,0.067932426217299,17.213829040527344,0.12284521453307803,0.06532686155297339,0.12620726227760315,0.1201859787106514
4.609999999999714,0.06793413152044042,17.251220703125,0.12198309985367752,0.06490471244393262,0.12523594498634338,0.11930963397026062
4.611999999999714,0.06793605456419466,17.221412658691406,0.12116103721370727,0.06447754504654574,0.12438168376684189,0.11955176293849945
4.613999999999714,0.06793817203498992,17.20181655883789,0.1203830078663839,0.06411131630833873,0.12367423623800278,0.11981108784675598
4.615999999999714,0.06794013468226702,17.20481300354004,0.11964703103287366,0.06381187033612828,0.12303700298070908,0.12007442116737366
4.6179999999997134,0.06794230397821943,17.178295135498047,0.11890723808960205,0.06357460475761935,0.12241901457309723,0.11935452371835709
4.619999999999713,0.06794469237696778,17.1785945892334,0.11821110518698556,0.06332821520953129,0.12186326831579208,0.11962328851222992
4.621999999999713,0.0679472941790015,17.16805076599121,0.11756020280397009,0.06314443763450801,0.12136717885732651,0.11989258229732513
4.623999999999713,0.06794973223102106,17.169002532958984,0.11695448713455521,0.06302497975696605,0.12092737853527069,0.12017615139484406
4.625999999999713,0.06795239310744344,17.16040802001953,0.11634599245874219,0.06296849293087331,0.12049485743045807,0.11960652470588684
4.627999999999712,0.0679552820853888,17.16080665588379,0.11578404563845389,0.06290112046789242,0.12011577934026718,0.11989466845989227
4.629999999999712,0.06795840005579014,17.160079956054688,0.1152695324650138,0.06289669018842793,0.11978869140148163,0.12018851935863495
4.631999999999712,0.06796175203099904,17.160091400146484,0.1148029952973791,0.06295563266511292,0.1195128932595253,0.12049715965986252
4.633999999999712,0.06796534058466351,17.159732818603516,0.11438524413764917,0.06307765759374336,0.11928825080394745,0.12081443518400192
4.6359999999997115,0.06796917085699049,17.159378051757812,0.11401690333408339,0.06326302098956456,0.11911416053771973,0.12114773690700531
4.637999999999711,0.06797324668330885,17.158958435058594,0.11369873512028322,0.06351157557281731,0.11899125576019287,0.12149299681186676
4.639999999999711,0.06797757354165254,17.157846450805664,0.11343139701626494,0.06382348141547098,0.11891940981149673,0.12185604125261307
4.641999999999711,0.06798215626319677,17.15745735168457,0.11321561095786481,0.06419867332391058,0.11889898777008057,0.12223397940397263
4.643999999999711,0.06798700076862746,17.15673065185547,0.11305203356301866,0.06463725900414934,0.118930384516716,0.12263122200965881
4.64599999999971,0.06799211271093375,17.15597152709961,0.11294134297759731,0.065139220479546,0.11901424825191498,0.12304624170064926
4.64799999999971,0.06799749849765824,17.155071258544922,0.11288416928588697,0.06570463694154723,0.11915106326341629,0.12348268926143646
4.64999999999971,0.06800316448403211,17.154579162597656,0.11288113794903501,0.06633351743245605,0.11934103816747665,0.1239393800497055
4.65199999999971,0.06800911757360716,17.154088973999023,0.112929684994428,0.06702592542473279,0.11958497017621994,0.12442144006490707
4.6539999999997095,0.06801536473660852,17.15363883972168,0.11302221652966848,0.06778188508497045,0.11988314986228943,0.12494341284036636
4.655999999999709,0.0680214390825207,17.152996063232422,0.11315834138978637,0.06860145082496612,0.12023564428091049,0.12555688619613647
4.657999999999709,0.06802733953407054,17.148643493652344,0.11328463780315079,0.06948465479414419,0.12059471756219864,0.12567950785160065
4.659999999999709,0.06803306427831719,17.14352798461914,0.11340111334582074,0.0703529487200975,0.12096045166254044,0.12581439316272736
4.661999999999709,0.06803861293702793,17.139211654663086,0.11350933261222573,0.07120595709086415,0.1213335171341896,0.12596531212329865
4.663999999999708,0.06804398480022338,17.13451385498047,0.11361916547278858,0.07204321190229976,0.12171433120965958,0.12612974643707275
4.665999999999708,0.06804912194342412,17.130706787109375,0.11373156257116224,0.07286437249521936,0.1221034899353981,0.12630993127822876
4.667999999999708,0.0680539659799358,17.126846313476562,0.11383881381903214,0.073669056478503,0.12250170856714249,0.12650460004806519
4.669999999999708,0.06805853162929663,17.123445510864258,0.11394750975064737,0.07445696171753073,0.12290899455547333,0.1267150491476059
4.6719999999997075,0.0680628326513303,17.119956970214844,0.1140590949108679,0.0752277713269201,0.1233268603682518,0.12694118916988373
4.673999999999707,0.06806688220400677,17.116817474365234,0.11417350862676526,0.07598122115303159,0.12375500798225403,0.12718398869037628
4.675999999999707,0.06807069256336372,17.113739013671875,0.11429068474924242,0.07671704620377666,0.1241944283246994,0.12744338810443878
4.677999999999707,0.06807427539986245,17.11077880859375,0.11441053189838953,0.0774350178084215,0.12464571744203568,0.1277204304933548
4.679999999999707,0.06808166736539648,17.107845306396484,0.1145329496807858,0.07813491325753089,0.12510919570922852,0.1280154138803482
4.681999999999706,0.0680886917462137,15.662201881408691,0.1146435628644896,0.0788165361232272,0.12552203238010406,0.13441041111946106
4.683999999999706,0.06809507040771569,10.74979019165039,0.11476823124535981,0.07941578731625243,0.125954732298851,0.1336718499660492
4.685999999999706,0.06810108059535029,16.641387939453125,0.11488920603618469,0.08002267908983011,0.12639358639717102,0.13400469720363617
4.687999999999706,0.06810656324839655,17.218761444091797,0.11501726095670792,0.08060827356335491,0.12684957683086395,0.13361209630966187
4.6899999999997055,0.06811169345282345,17.120372772216797,0.1151306697056867,0.08119322296656237,0.12731517851352692,0.13383762538433075
4.691999999999705,0.06811638691327032,17.25503158569336,0.11523710569851725,0.0817596467774599,0.1277965009212494,0.13367922604084015
4.693999999999705,0.06812075223784025,17.150680541992188,0.11533249809404553,0.08231968609760378,0.12828944623470306,0.13387301564216614
4.695999999999705,0.06812475032756239,17.138263702392578,0.11543337304202546,0.0828624794800653,0.12879657745361328,0.13388125598430634
4.697999999999705,0.06812844968344052,17.128002166748047,0.1155357453705878,0.08339474743367908,0.12931545078754425,0.13408759236335754
4.699999999999704,0.06813183582263982,17.098106384277344,0.1156426559280134,0.08391013706990627,0.12984760105609894,0.1342148333787918
4.701999999999704,0.06813495382940928,17.096384048461914,0.11575135195547538,0.08441218219177644,0.13039089739322662,0.13445715606212616
4.703999999999704,0.0681378020143958,17.073657989501953,0.11586330547566479,0.08489715849103914,0.13094624876976013,0.13467299938201904
4.705999999999704,0.06814041150384767,17.06902313232422,0.11597690283583684,0.08536686603681364,0.13151156902313232,0.13495980203151703
4.7079999999997035,0.06814278691676688,17.056350708007812,0.11609277901678264,0.08581908133682895,0.1320865899324417,0.1352444738149643
4.709999999999703,0.06814495081473954,17.052528381347656,0.11620992366328105,0.08625467323370291,0.13266991078853607,0.13557539880275726
4.711999999999703,0.06814691061031203,17.045148849487305,0.11632852362810771,0.08667228492394324,0.13326066732406616,0.135914608836174
4.713999999999703,0.06815016969775012,17.041460037231445,0.11644403882098081,0.08707229527672461,0.1338568478822708,0.13628515601158142
4.715999999999703,0.06815295552378055,6.998296737670898,0.116565545831717,0.08745385609834497,0.13443751633167267,0.13771380484104156
4.717999999999702,0.06815557661921132,16.311899185180664,0.11666246935457936,0.08779130053517385,0.1350170373916626,0.13820724189281464
4.719999999999702,0.06815783528801393,17.14944839477539,0.1167578169505864,0.08810301106673904,0.1356016844511032,0.1382824182510376
4.721999999999702,0.06815992321464559,17.00145149230957,0.11684577858366615,0.08841292258004767,0.13618406653404236,0.13870900869369507
4.723999999999702,0.06816172887214411,17.189512252807617,0.11694196494323196,0.08870105204453772,0.13676734268665314,0.1389177441596985
4.7259999999997016,0.06816389525304205,17.07990264892578,0.117035256149348,0.08898162544642997,0.13734611868858337,0.13931536674499512
4.727999999999701,0.06816566351751543,17.09429168701172,0.11711722601930838,0.08924254281934256,0.1377994418144226,0.1440982222557068
4.729999999999701,0.068165768405568,17.0693359375,0.11720054726458445,0.08948964100793685,0.13825146853923798,0.1436505764722824
4.731999999999701,0.06816571183299541,-7.956760406494141,0.11726668457706729,0.08973392084425943,0.13875289261341095,0.14149242639541626
4.733999999999701,0.06816565132730773,15.63638687133789,0.1173306691488236,0.09003828108914098,0.1392429769039154,0.14218059182167053
4.7359999999997004,0.06816531665715742,11.642683029174805,0.11740596522307865,0.09033356591799425,0.13973140716552734,0.14204004406929016
4.7379999999997,0.06816494262348256,16.71841049194336,0.11747319152485682,0.0906233673134547,0.14020845293998718,0.14243750274181366
4.7399999999997,0.06816436744368007,17.13275718688965,0.11754636026164815,0.09088395923124273,0.14067991077899933,0.14246279001235962
4.7419999999997,0.06816373535673302,17.001550674438477,0.1176140193542604,0.09113345275221653,0.14113886654376984,0.1427798867225647
4.7439999999997,0.06816295403481046,17.071983337402344,0.11768399090462521,0.09135745342042736,0.14158925414085388,0.14289788901805878
4.745999999999699,0.06816210857804476,17.004446029663086,0.11774960828198126,0.09156668877693613,0.14202556014060974,0.14316794276237488
4.747999999999699,0.06816114933475298,16.974760055541992,0.11781491154960048,0.09175265083707258,0.14245066046714783,0.14333383738994598
4.749999999999699,0.06816012692744641,16.977458953857422,0.11787561272843392,0.09192133999748639,0.14286068081855774,0.14357435703277588
4.751999999999699,0.06815901547739675,16.944717407226562,0.1179278987215241,0.09206797917000642,0.14325714111328125,0.14375700056552887
4.7539999999996985,0.06815784570807272,16.946664810180664,0.11796805809949643,0.09219588579060241,0.14363697171211243,0.14397288858890533
4.755999999999698,0.06815760292328431,16.924924850463867,0.11799761368561636,0.09230237793095705,0.14400115609169006,0.14415343105793
4.757999999999698,0.06815707626795058,16.19194793701172,0.11805809754738716,0.09238929383305015,0.14430756866931915,0.1437307447195053
4.759999999999698,0.06815673721153025,16.76297378540039,0.11809945882303328,0.09253633287914706,0.1445949673652649,0.14389373362064362
4.761999999999698,0.06815644177986979,17.143695831298828,0.11814210657581066,0.0926541211156516,0.1448739916086197,0.14384408295154572
4.763999999999697,0.06815630264875146,16.981700897216797,0.11817325530375865,0.09275984862813114,0.14513538777828217,0.14395712316036224
4.765999999999697,0.06815623107491403,17.026504516601562,0.11820231148992084,0.0928399313970506,0.14538522064685822,0.14395293593406677
4.767999999999697,0.06815627852857327,16.975467681884766,0.11822182496795054,0.09290454642015264,0.14561864733695984,0.14403106272220612
4.769999999999697,0.06815639995951166,16.942476272583008,0.11823680501915444,0.09294568772412293,0.1458389163017273,0.1440444141626358
4.7719999999996965,0.0681566166210416,16.94497299194336,0.1182430759034214,0.0929690795554838,0.14604249596595764,0.14409533143043518
4.773999999999696,0.06815690452034091,16.911853790283203,0.11824320741922896,0.09297024200361997,0.14623145759105682,0.14410783350467682
4.775999999999696,0.06815727042058944,16.91161346435547,0.11823479437523333,0.0929523622952836,0.14640368521213531,0.14413347840309143
4.777999999999696,0.06815770033412823,16.890390396118164,0.11821908664127245,0.09291294390014762,0.1465604156255722,0.1441330760717392
4.779999999999696,0.06815819418308787,16.886730194091797,0.11819463869093126,0.09285377370635034,0.14670008420944214,0.14413344860076904
4.781999999999695,0.06815874265708448,16.874300003051758,0.11816198786362984,0.09277347525711288,0.14682365953922272,0.14411349594593048
4.783999999999695,0.06815934252274292,16.87035369873047,0.118120211426393,0.09267306717216846,0.14692997932434082,0.1440873146057129
4.785999999999695,0.0681612611947094,16.861587524414062,0.1180694644110351,0.09255180948737081,0.14701931178569794,0.14404384791851044
4.787999999999695,0.0681633979743019,14.14425277709961,0.11802139131316211,0.09241030332376897,0.14705747365951538,0.14314325153827667
4.7899999999996945,0.0681656117755708,0.6115858554840088,0.11797741371698664,0.09223063595747467,0.1470974236726761,0.1426360309123993
4.791999999999694,0.06816797570301066,15.929535865783691,0.11792678085624161,0.09205899513537659,0.1471247524023056,0.14331160485744476
4.793999999999694,0.06817047722517161,17.031848907470703,0.11787399156955593,0.09188886169841307,0.14714810252189636,0.1429274082183838
4.795999999999694,0.06817308738405756,16.76847267150879,0.11780328238042327,0.09171741275447821,0.14714975655078888,0.1428632289171219
4.797999999999694,0.06817581753343582,17.07373046875,0.11772531631807928,0.09152292624513514,0.14714336395263672,0.14255176484584808
4.799999999999693,0.06817862962943305,16.905139923095703,0.1176279760145855,0.09132114481664935,0.1471182107925415,0.14242121577262878
4.801999999999693,0.06818153849803563,16.920804977416992,0.11751850738512115,0.09109889551601262,0.1470821052789688,0.14214809238910675
4.803999999999693,0.06818450982505117,16.886972427368164,0.11739122390421101,0.09086531013526297,0.14702875912189484,0.14196966588497162
4.805999999999693,0.0681875541816502,16.84988021850586,0.11725067547724737,0.09061262939327565,0.14696256816387177,0.1417129784822464
4.8079999999996925,0.06818903915701002,16.852516174316406,0.11709341714367141,0.0903458906707862,0.1468801200389862,0.14150051772594452
4.809999999999692,0.06819044247895546,15.67105484008789,0.11690481473246227,0.09006069528265392,0.14678426086902618,0.14225243031978607
4.811999999999692,0.06819190008469528,16.99032974243164,0.11671275415887435,0.08980338156950095,0.1466798335313797,0.14221517741680145
4.813999999999692,0.06819327790821668,16.709218978881836,0.11649867351016739,0.08952799836464001,0.14655016362667084,0.14188165962696075
4.815999999999692,0.06819461693914688,16.95912742614746,0.11627791013357054,0.08921524069717203,0.14640870690345764,0.14174361526966095
4.817999999999691,0.06819584363464691,16.799646377563477,0.11603868715689426,0.08888226172864803,0.14624546468257904,0.14143741130828857
4.819999999999691,0.06819701028428116,16.821189880371094,0.11578976750394347,0.08851774190768477,0.14606823027133942,0.14122940599918365
4.821999999999691,0.06819807887357747,16.79387092590332,0.11552439216322492,0.08813201734182868,0.1458713710308075,0.14092202484607697
4.823999999999691,0.0681993472919201,16.769092559814453,0.11524736287652458,0.08771881117966643,0.14565987884998322,0.1406611204147339
4.8259999999996905,0.0682004595201724,16.67649269104004,0.11492016013330696,0.08728418880840338,0.14539703726768494,0.13979695737361908
4.82799999999969,0.06820150610584944,16.9239501953125,0.1145871325428234,0.08674259702410109,0.14512571692466736,0.13946838676929474
4.82999999999969,0.06820242364805995,16.780662536621094,0.11423657774899815,0.08619291665691232,0.1448349952697754,0.13907352089881897
4.83199999999969,0.06820326328899992,16.802682876586914,0.11387700722677718,0.08562248281255395,0.14453351497650146,0.13871529698371887
4.83399999999969,0.06820399124678188,16.77387237548828,0.11350171711811602,0.0850409784247388,0.14421503245830536,0.13830849528312683
4.835999999999689,0.06820463558613428,16.748310089111328,0.11311534780758581,0.0844410862861422,0.1438845843076706,0.13792388141155243
4.837999999999689,0.06820517855628251,16.752126693725586,0.11271416901632442,0.08382829414284762,0.14353884756565094,0.1375044286251068
4.839999999999689,0.06820563563884101,16.726791381835938,0.11230068103597626,0.08319856135519743,0.1431804895401001,0.13709747791290283
4.841999999999689,0.06820599757908159,16.727928161621094,0.11187279506770059,0.08255500450559759,0.14280802011489868,0.1366649568080902
4.8439999999996886,0.06820627295827014,16.713293075561523,0.1114318504463973,0.08189542483254802,0.14242301881313324,0.13623835146427155
4.845999999999688,0.06820645698655811,16.7127685546875,0.1109766703617126,0.0812216262326239,0.14202482998371124,0.13579264283180237
4.847999999999688,0.06820655443124565,16.70510482788086,0.11050796848489144,0.08053244884146356,0.1416144073009491,0.13534830510616302
4.849999999999688,0.06820656281991233,16.70451545715332,0.11002507984413464,0.07982897294318118,0.1411912739276886,0.13488934934139252
4.851999999999688,0.06820648479008534,16.69988441467285,0.10952838529361805,0.07911062754037526,0.14075642824172974,0.13442909717559814
4.8539999999996875,0.06820631905074744,16.699256896972656,0.10901751182484822,0.07837809670972037,0.1403093934059143,0.1339571624994278
4.855999999999687,0.06820660763630809,16.69593048095703,0.1084926677494408,0.07763114563592621,0.13985107839107513,0.13348209857940674
4.857999999999687,0.06820675166203913,15.400242805480957,0.10797319348973589,0.07687024378592018,0.1394016593694687,0.13224007189273834
4.859999999999687,0.06820687179819727,16.629756927490234,0.10744808492037816,0.07609485139188449,0.13895085453987122,0.13208582997322083
4.861999999999687,0.06820687464153331,16.569196701049805,0.10689877631985116,0.07531958584067433,0.13847817480564117,0.13129761815071106
4.863999999999686,0.06820683066019219,16.875900268554688,0.10634015957632376,0.0745212267497398,0.13800038397312164,0.13099990785121918
4.865999999999686,0.06820560664611428,16.73971176147461,0.10576122338248778,0.07371828127972192,0.13750514388084412,0.13033391535282135
4.867999999999686,0.06820426194040288,16.328792572021484,0.1051531361944292,0.07289677957222347,0.1369888037443161,0.1311017870903015
4.869999999999686,0.06820287502519,16.821828842163086,0.10453835990167094,0.07214632714707382,0.1364704668521881,0.13088299334049225
4.8719999999996855,0.06820138452360688,16.688608169555664,0.1039036918344082,0.07138573943104803,0.13593441247940063,0.12999938428401947
4.873999999999685,0.06819983487131168,16.809162139892578,0.10325965826181524,0.07059899199304516,0.1353933960199356,0.12962128221988678
4.875999999999685,0.06819819241257628,16.714452743530273,0.10259851915724955,0.06980015684433243,0.13483826816082,0.12887834012508392
4.877999999999685,0.06819648103533439,16.71216583251953,0.10192633142052318,0.06897993846403226,0.13427616655826569,0.12840358912944794
4.879999999999685,0.0681958881716975,16.71119499206543,0.10123881028487132,0.06814662225801525,0.1337021142244339,0.12773315608501434
4.881999999999684,0.06819732681393881,10.702913284301758,0.10058441050904354,0.06729520216535015,0.13316303491592407,0.12619490921497345
4.883999999999684,0.0681986225288924,16.920886993408203,0.09994700786185337,0.06644311706861106,0.1326325535774231,0.12247959524393082
4.885999999999684,0.06819974831955164,16.80492401123047,0.09928760195850812,0.06545356250759143,0.13208232820034027,0.1218954399228096
4.887999999999684,0.06820073776961526,16.80002784729004,0.09861344493397159,0.0644611845281809,0.13152028620243073,0.12142656743526459
4.8899999999996835,0.06820157874925568,16.788604736328125,0.09791990142334968,0.06347353082429484,0.13094089925289154,0.12087345868349075
4.891999999999683,0.06820229129531181,16.76164436340332,0.09721111262574346,0.062482789593486174,0.13034847378730774,0.12038673460483551
4.893999999999683,0.06820307279547433,16.762588500976562,0.09648468324407027,0.06149293537145025,0.12974008917808533,0.1198418065905571
4.895999999999683,0.06820372613696957,16.742382049560547,0.09579157761012336,0.060499408596041276,0.12915855646133423,0.1202617809176445
4.897999999999683,0.06820446113708738,16.740970611572266,0.09508115742728761,0.0595696859398668,0.12856069207191467,0.11973071098327637
4.899999999999682,0.06820506816763477,16.729629516601562,0.09440398195240945,0.05863533820081101,0.12798886001110077,0.1200934499502182
4.901999999999682,0.06820576691572211,16.72736930847168,0.09370959712666471,0.05776274927517062,0.127400204539299,0.11957034468650818
4.903999999999682,0.06820656181215853,16.720645904541016,0.09304852081902171,0.056884650122313044,0.12683670222759247,0.11988192796707153
4.905999999999682,0.06820920721462703,16.721590042114258,0.09242000896748277,0.05606684817520647,0.12629714608192444,0.12016300112009048
4.9079999999996815,0.06821178317362926,16.56960678100586,0.09181555564328647,0.05530809912243156,0.125761479139328,0.11749979108572006
4.909999999999681,0.06821433923113324,16.91403579711914,0.09124670853438108,0.0544344336876424,0.12525200843811035,0.11809821426868439
4.911999999999681,0.06821684870899876,16.799530029296875,0.09070256161713508,0.05363992453097143,0.12475572526454926,0.11862123757600784
4.913999999999681,0.06821933912995885,16.833656311035156,0.09019172729076202,0.052908288480632594,0.12428177893161774,0.11914792656898499
4.915999999999681,0.0682217949344346,16.80200958251953,0.08970810308535679,0.052249748136361594,0.12382333725690842,0.11963269114494324
4.91799999999968,0.06822400774740121,16.779497146606445,0.08925661801281602,0.051654962608148405,0.12338471412658691,0.12010546028614044
4.91999999999968,0.06822620673513223,16.78289222717285,0.08878135866389518,0.051129709592973874,0.12291835993528366,0.11953363567590714
4.92199999999968,0.06822839804360788,16.759687423706055,0.0883382848288651,0.05060189690951,0.1224709302186966,0.1199478879570961
4.92399999999968,0.0682303585925481,16.76474952697754,0.0879255569703801,0.05014120724092978,0.12203998118638992,0.12034180760383606
4.9259999999996795,0.06823232199938199,16.74362564086914,0.08749134013812093,0.049744887582541475,0.12158234417438507,0.11977260559797287
4.927999999999679,0.06823407635439493,16.746427536010742,0.0870887838471087,0.049346854227876547,0.12114164978265762,0.12011251598596573
4.929999999999679,0.06823584164634054,16.734514236450195,0.08666505754973117,0.04901324431021453,0.1206735372543335,0.11954158544540405
4.931999999999679,0.06823761199338298,16.73737335205078,0.08627409565906521,0.0486763938170184,0.12022209167480469,0.1198284700512886
4.933999999999679,0.0682393825615694,16.73734474182129,0.08591637361358632,0.0484040699603839,0.11978751420974731,0.12010112404823303
4.935999999999678,0.06824114644423714,16.740249633789062,0.08559187134498834,0.04819717535588843,0.11936940252780914,0.12036275863647461
4.937999999999678,0.06824289700291764,16.741348266601562,0.08530095845433883,0.04805607558174009,0.11896758526563644,0.12061141431331635
4.939999999999678,0.06824462615502519,16.745174407958984,0.085042403047491,0.04798170579577985,0.11858159303665161,0.12085054069757462
4.941999999999678,0.068246325670413,16.74806022644043,0.08481444934524118,0.04797472596154431,0.11821148544549942,0.1210787445306778
4.9439999999996775,0.06824798622726241,16.752532958984375,0.08461683736393374,0.04803611227649118,0.11785724759101868,0.12129838019609451
4.945999999999677,0.06824959813606278,16.756622314453125,0.08444943027845794,0.04816668989192849,0.11751873046159744,0.12150885909795761
4.947999999999677,0.06825115081709865,16.761375427246094,0.08431201630545462,0.04836744408614937,0.11719577014446259,0.12171195447444916
4.949999999999677,0.06825263320835355,16.76580238342285,0.08420444249261398,0.04863925930334998,0.11688858270645142,0.12190711498260498
4.951999999999677,0.06825403347575215,16.771114349365234,0.08412651995468466,0.0489830795225677,0.11659715324640274,0.12209632992744446
4.953999999999676,0.06825533924537609,16.776466369628906,0.08407813654095111,0.049399761059229046,0.11632141470909119,0.12227905541658401
4.955999999999676,0.06825653744293671,16.7821044921875,0.0840622503049342,0.04989015348943373,0.11606190353631973,0.12245689332485199
4.957999999999676,0.06825761442766881,16.787841796875,0.0840809201454714,0.050455016441278165,0.11581820994615555,0.12263006716966629
4.959999999999676,0.06825855590393741,16.79363441467285,0.08413441123202417,0.051095060258397086,0.1155911386013031,0.12279917299747467
4.961999999999676,0.06825934699974207,16.799423217773438,0.08422299122015993,0.05181089994455869,0.11538065969944,0.12296487390995026
4.963999999999675,0.06825997221879049,16.805339813232422,0.08434691501906048,0.052603076735213285,0.11518720537424088,0.12314474582672119
4.965999999999675,0.06826041548760488,16.811506271362305,0.08450643298136269,0.05347203440492878,0.11501110345125198,0.12338359653949738
4.967999999999675,0.0682606601304061,16.817712783813477,0.08470178150187621,0.054418132718350665,0.11485283076763153,0.12368328869342804
4.969999999999675,0.06826068889833259,16.82375144958496,0.08493318695363017,0.055441637522255525,0.11471281200647354,0.12404391169548035
4.9719999999996745,0.06826048395724289,16.829933166503906,0.0852008596936988,0.05654273128256971,0.11459165066480637,0.1244645044207573
4.973999999999674,0.06826002690670818,16.836488723754883,0.08550499569954774,0.05772151160418546,0.1144895851612091,0.12494508922100067
4.975999999999674,0.06825929877518004,16.84324836730957,0.08584577263416555,0.05897800090215338,0.11440744996070862,0.1254851073026657
4.977999999999674,0.06825828003313084,16.850400924682617,0.08622335031186636,0.06031214977079968,0.11434591561555862,0.1260840892791748
4.979999999999674,0.06825695059246317,16.857574462890625,0.08663786807556777,0.06172384624755701,0.11430548876523972,0.12674196064472198
4.981999999999673,0.06825528981631823,16.864866256713867,0.08708944474598584,0.06321292157059903,0.11428666114807129,0.12745775282382965
4.983999999999673,0.06825327652096931,16.872268676757812,0.0875767322199612,0.06477915883342804,0.11429054290056229,0.12823127210140228
4.985999999999673,0.06825088898376322,16.880117416381836,0.08809372165193093,0.06642229947500147,0.11431760340929031,0.1290619969367981
4.987999999999673,0.06824810494651051,16.888219833374023,0.08863962614534714,0.06814205097309863,0.1143689975142479,0.12994912266731262
4.9899999999996725,0.06824490162242433,16.896831512451172,0.08921431296161371,0.06993809303012702,0.11444488912820816,0.13089250028133392
4.991999999999672,0.06824125570045704,16.905466079711914,0.0898176523700501,0.07181008404008457,0.11454637348651886,0.13189098238945007
4.993999999999672,0.06823714335174459,16.913917541503906,0.09045030533797013,0.07375766640386054,0.11467444896697998,0.13294467329978943
4.995999999999672,0.06823254023459303,16.922386169433594,0.0911184977485732,0.07578047166333589,0.11482999473810196,0.134052574634552
4.997999999999672,0.06822742150073637,16.93098258972168,0.0918235798267655,0.07787812471593723,0.115013487637043,0.13521423935890198
4.999999999999671,0.06822176180080611,16.939613342285156,0.09256551670861517,0.08005024765463681,0.1152261421084404,0.13642960786819458
