time,dist,gamma,real_dist,tar_dist,pred_dist,pred_distv
0.002,0.06802353888085752,18.174203872680664,0.24007869507236734,0.7974475440378651,0.20405595004558563,0.20405595004558563
0.004,0.06802377151417,18.17169761657715,0.24007036519775388,0.7974475440378651,0.2039991021156311,0.20397071540355682
0.006,0.06802411996986328,18.168060302734375,0.24005365445009746,0.7973877520329082,0.20388683676719666,0.20377516746520996
0.008,0.06802458238619265,18.165464401245117,0.24002849029028228,0.7972686948669092,0.20371919870376587,0.20347216725349426
0.01,0.0680251559343679,18.162307739257812,0.23999485133064147,0.797090809100509,0.20349788665771484,0.2030649036169052
0.012,0.06802583661495021,18.159465789794922,0.23995271001490515,0.796854523673819,0.20322352647781372,0.2025558352470398
0.014,0.068026619420729,18.156238555908203,0.2399020757298984,0.7965602022967591,0.20289693772792816,0.20194771885871887
0.016,0.06802749822354136,18.153474807739258,0.23984296053145993,0.7962081936360503,0.20251896977424622,0.2012425810098648
0.018000000000000002,0.06802846587324163,18.15033721923828,0.23977540469260028,0.7957987977545684,0.20209071040153503,0.2004426270723343
0.020000000000000004,0.0680295141378159,18.147371292114258,0.23969945617415866,0.7953322968191378,0.2016124278306961,0.19955013692378998
0.022000000000000006,0.06803063376470216,18.144107818603516,0.23961518574656154,0.7948089357186955,0.20108528435230255,0.1985672563314438
0.024000000000000007,0.06803181445174387,18.141124725341797,0.2395226746700807,0.7942289410316276,0.20051051676273346,0.19749648869037628
0.02600000000000001,0.06803304488631097,18.13809585571289,0.23942202363124088,0.7935925099871668,0.1998884379863739,0.19634008407592773
0.02800000000000001,0.06803431273362222,18.13496971130371,0.2393133453352574,0.7928998223190045,0.19921988248825073,0.19510100781917572
0.030000000000000013,0.06803560466263947,18.13178253173828,0.23919676977775622,0.7921510341176761,0.1985062211751938,0.19378192722797394
0.032000000000000015,0.06803690634374565,18.128549575805664,0.23907243978291792,0.791346285347736,0.19774791598320007,0.1923855096101761
0.034000000000000016,0.06803820246654922,18.125347137451172,0.23894051410848655,0.7904856965499343,0.19694635272026062,0.1909162998199463
0.03600000000000002,0.06803947674218183,18.122432708740234,0.2388011647554512,0.7895693736960969,0.1961022913455963,0.18937736749649048
0.03800000000000002,0.0680407119159258,18.119556427001953,0.23865457879606006,0.7885974065364237,0.19521647691726685,0.1877732127904892
0.04000000000000002,0.06804188977135771,18.11669921875,0.23850095675288718,0.7875698718059628,0.19429075717926025,0.1861087679862976
0.04200000000000002,0.0680429911394094,18.113666534423828,0.23834051367766923,0.7864868325085405,0.1933257281780243,0.1843896061182022
0.044000000000000025,0.0680439959027606,18.110614776611328,0.23817347817898055,0.7853483400922,0.1923227608203888,0.18262162804603577
0.04600000000000003,0.06804488300221664,18.106977462768555,0.23800009306433245,0.784154434255389,0.1912834197282791,0.18081197142601013
0.04800000000000003,0.06804563044043517,18.10312271118164,0.23782061476351368,0.7829051444697751,0.1902085542678833,0.17896784842014313
0.05000000000000003,0.06804621528609361,18.099102020263672,0.23763531371818886,0.7816004900684091,0.18910014629364014,0.17709794640541077
0.05200000000000003,0.06804661367644252,18.093734741210938,0.23744447404809849,0.7802404813497242,0.18795986473560333,0.17521211504936218
0.054000000000000034,0.06804680081951742,18.088233947753906,0.23724839379606366,0.778825119810111,0.18678906559944153,0.17332011461257935
0.056000000000000036,0.06804675099523763,18.08249282836914,0.23704738474400616,0.7773543989750203,0.18558983504772186,0.17143434286117554
0.05800000000000004,0.06804643755579848,18.076560974121094,0.2368417725757883,0.7758283046987337,0.18436385691165924,0.16956670582294464
0.06000000000000004,0.06804583292517492,18.070598602294922,0.23663189678566687,0.7742468158147379,0.18311385810375214,0.16773079335689545
0.06200000000000004,0.06804490859776233,18.064796447753906,0.23641811079428454,0.7726099044606635,0.18184158205986023,0.16594114899635315
0.06400000000000004,0.068043635136224,18.058826446533203,0.2362007819134066,0.7709175366070413,0.18054993450641632,0.16421358287334442
0.06600000000000004,0.0680419821684171,18.052684783935547,0.23598029143417798,0.7691696723856732,0.17924174666404724,0.1625644713640213
0.06800000000000005,0.06803991838356095,18.04623031616211,0.2357570346246069,0.7673662665353509,0.17791947722434998,0.16101065278053284
0.07000000000000005,0.06803741152747601,18.03938102722168,0.23553142079947187,0.765507268723468,0.17658650875091553,0.15957045555114746
0.07200000000000005,0.06803442839706746,18.03226661682129,0.23530387333446906,0.763592623934393,0.17524607479572296,0.15826231241226196
0.07400000000000005,0.06803093483389779,18.02484893798828,0.23507482972126542,0.761622272780541,0.17390210926532745,0.15710528194904327
0.07600000000000005,0.06802689571699541,18.0174560546875,0.23484387183474725,0.7595961518508971,0.17255835235118866,0.156119242310524
0.07800000000000006,0.0680222749547737,18.010311126708984,0.23460599829895024,0.7575141940111921,0.1712189018726349,0.15532514452934265
0.08000000000000006,0.06801703547618074,18.00325584411621,0.2343602365961865,0.7553763287247985,0.16988851130008698,0.15474385023117065
0.08200000000000006,0.0680111392209787,17.996089935302734,0.23410646569761634,0.7531824823433593,0.1685715615749359,0.1543978750705719
0.08400000000000006,0.06800454712924614,17.989131927490234,0.23384456122583602,0.7509325784088114,0.16727301478385925,0.15431098639965057
0.08600000000000006,0.06799721913003584,17.981666564941406,0.23357385567026356,0.7486265379365832,0.16599851846694946,0.15450666844844818
0.08800000000000006,0.06798940020913002,17.973894119262695,0.23328910689571997,0.7462642797051632,0.1647535264492035,0.15501001477241516
0.09000000000000007,0.06798175419862826,17.965816497802734,0.23267679757432452,0.7438457205342246,0.16354377567768097,0.15541447699069977
0.09200000000000007,0.06797433282023957,17.957469940185547,0.23167673385668047,0.7413707755665804,0.1623755693435669,0.15573932230472565
0.09400000000000007,0.06796716104498714,17.948484420776367,0.2306719565145689,0.7388393585435403,0.16125507652759552,0.15643510222434998
0.09600000000000007,0.06796026440404233,17.93896484375,0.2296655726027304,0.7362513820829937,0.16018898785114288,0.15738189220428467
0.09800000000000007,0.06795366899867164,17.929039001464844,0.22866733079718138,0.733606757954155,0.1591840535402298,0.1585206687450409
0.10000000000000007,0.06794740151034524,17.918437957763672,0.22768026506350397,0.7309053973547144,0.15824711322784424,0.15981674194335938
0.10200000000000008,0.06794148921096137,17.907007217407227,0.22670664812096253,0.728147211186927,0.15738552808761597,0.16122902929782867
0.10400000000000008,0.06793595997315352,17.895414352416992,0.22574882108711924,0.7253321103362105,0.15660642087459564,0.16270998120307922
0.10600000000000008,0.0679308422806443,17.883136749267578,0.22480919268886984,0.7224600059503149,0.1559171974658966,0.1642293930053711
0.10800000000000008,0.06792616523860608,17.870086669921875,0.22389023810628683,0.7195308097213307,0.15532565116882324,0.16580206155776978
0.11000000000000008,0.06792195858399601,17.8565673828125,0.22299449740272909,0.7165444341694922,0.15483883023262024,0.167491614818573
0.11200000000000009,0.06791825269582036,17.842355728149414,0.2221245735119574,0.7135007929302497,0.15446513891220093,0.16936343908309937
0.11400000000000009,0.0679150786052971,17.827526092529297,0.22128312974363096,0.7103998010441014,0.15421171486377716,0.1705802083015442
0.11600000000000009,0.06791246800587455,17.810314178466797,0.22047288677444116,0.7072413752501621,0.15408694744110107,0.1692892163991928
0.11800000000000009,0.06791045326306665,17.79308319091797,0.21968689221163246,0.7040254342832778,0.15409834682941437,0.16831108927726746
0.12000000000000009,0.067909067424069,17.7747745513916,0.2189041482810951,0.7007518991753726,0.15425416827201843,0.16768239438533783
0.1220000000000001,0.06790834422710822,17.756481170654297,0.21812537571336493,0.6974206935610076,0.15456229448318481,0.1674342304468155
0.1240000000000001,0.06790831811049508,17.7377986907959,0.21735238064371754,0.6940317439876696,0.1549811214208603,0.16759033501148224
0.12600000000000008,0.06790902422132686,17.719701766967773,0.21658706799207172,0.6905849802308744,0.1549312174320221,0.16816829144954681
0.12800000000000009,0.06791049842380951,17.70046043395996,0.21583144359994355,0.6870803356144978,0.1551145315170288,0.16918082535266876
0.1300000000000001,0.06791277730714901,17.67976188659668,0.21508761609851412,0.683517747336485,0.15547814965248108,0.17063789069652557
0.1320000000000001,0.06791589819297106,17.65913963317871,0.21435779845886882,0.6798971568002962,0.15597744286060333,0.1725471019744873
0.1340000000000001,0.06791989914222772,17.637372970581055,0.21364430917328653,0.6762185099522834,0.1565849781036377,0.17491474747657776
0.1360000000000001,0.06792481896154573,17.613853454589844,0.21294957301171147,0.6724817576253229,0.15728585422039032,0.17774280905723572
0.1380000000000001,0.06793069720897028,17.586225509643555,0.21227612129534473,0.6686868558889464,0.15807348489761353,0.18102766573429108
0.1400000000000001,0.06793757419906164,17.556127548217773,0.21162659162569963,0.6648337664062779,0.15894131362438202,0.1847551465034485
0.1420000000000001,0.06794549100729975,17.524269104003906,0.21100237323561238,0.6609224567980586,0.15988028049468994,0.18889985978603363
0.1440000000000001,0.06795448947374685,17.4907283782959,0.21037629648492406,0.656952901014075,0.16087637841701508,0.19342438876628876
0.1460000000000001,0.06796461220593007,17.455585479736328,0.20974196804316564,0.6529250797123097,0.16191263496875763,0.198282852768898
0.1480000000000001,0.06797590258088805,17.418731689453125,0.20912655869760266,0.6488389806461551,0.16297274827957153,0.20319917798042297
0.1500000000000001,0.06798840474634549,17.38021469116211,0.208536347229956,0.6446945990600491,0.16404560208320618,0.19820536673069
0.1520000000000001,0.06800216362096101,17.343658447265625,0.20797414832441918,0.6404919380939116,0.1651286780834198,0.19325846433639526
0.1540000000000001,0.06801722489360784,17.305946350097656,0.20744288405083278,0.6362310091967929,0.1662304550409317,0.18836894631385803
0.1560000000000001,0.06803363502163837,17.266597747802734,0.20694558108238514,0.6319118325501641,0.1673707813024521,0.18353471159934998
0.1580000000000001,0.06805144122808901,17.226104736328125,0.20648536703806075,0.627534437501318,0.1685759425163269,0.17874707281589508
0.16000000000000011,0.06807011660714865,17.183067321777344,0.20606546588594332,0.6230988630073826,0.16987168788909912,0.17399251461029053
0.16200000000000012,0.06808718350937668,17.140647888183594,0.2056892006334406,0.6186051580904913,0.1712607890367508,0.16929830610752106
0.16400000000000012,0.06810262216128843,17.102615356445312,0.20536320333662117,0.6140540418880053,0.17206789553165436,0.16527137160301208
0.16600000000000012,0.06811727262438896,17.068233489990234,0.2051310009382441,0.6094481370879591,0.17119528353214264,0.1624664068222046
0.16800000000000012,0.06813115907287615,17.031902313232422,0.20500699252575566,0.6047898442752057,0.17046061158180237,0.1597866415977478
0.17000000000000012,0.0681442571093405,16.995548248291016,0.20499285373773235,0.6000824525853093,0.16987229883670807,0.157232865691185
0.17200000000000013,0.06815653241338566,16.961349487304688,0.20508981016011962,0.5953295222812255,0.1694367378950119,0.1547081619501114
0.17400000000000013,0.06816795083385832,16.926990509033203,0.20529515975780627,0.5905343031776211,0.16916130483150482,0.1521426886320114
0.17600000000000013,0.06817848421625922,16.89364242553711,0.2055575853209468,0.5857001815394668,0.16905222833156586,0.1494930237531662
0.17800000000000013,0.06818810967406488,16.858144760131836,0.2058645111543576,0.5808304709565028,0.1691160947084427,0.14673753082752228
0.18000000000000013,0.06819680893974887,16.823650360107422,0.20623928384558804,0.5759281993356914,0.1693592518568039,0.14386813342571259
0.18200000000000013,0.06820456779201392,16.79061508178711,0.20673219263244258,0.5709961370065031,0.16978764533996582,0.13682271540164948
0.18400000000000014,0.06821091791523987,16.758377075195312,0.20734559055278068,0.5660368230276575,0.17040705680847168,0.12997587025165558
0.18600000000000014,0.06821515368186845,16.726369857788086,0.20807932277436364,0.5610525880774787,0.17122262716293335,0.1234469786286354
0.18800000000000014,0.0682172257138395,16.695144653320312,0.20893278964788942,0.5560455756699171,0.17223787307739258,0.11712998151779175
0.19000000000000014,0.0682170935219748,16.664417266845703,0.20990498211170044,0.5510177608018706,0.17345450818538666,0.11092853546142578
0.19200000000000014,0.06821471912708876,16.634489059448242,0.2109945171513854,0.5459709671149839,0.1748717576265335,0.10478916764259338
0.19400000000000014,0.06821021046622969,16.604976654052734,0.21219967318435118,0.5409068820936489,0.17648589611053467,0.0987013578414917
0.19600000000000015,0.06820364572667242,16.625503540039062,0.21195568017567218,0.5358270709827,0.17827028036117554,0.0988776758313179
0.19800000000000015,0.06819510437193332,16.6527156829834,0.20958186704781373,0.5308223038085207,0.18021023273468018,0.09907502681016922
0.20000000000000015,0.0681846659083196,16.682310104370117,0.20721576579854284,0.5258915595684455,0.18228477239608765,0.09928345680236816
0.20200000000000015,0.06817241042067461,16.718399047851562,0.20485852476404914,0.5210340836990112,0.18447624146938324,0.09950631856918335
0.20400000000000015,0.06815841767222491,16.75741195678711,0.20251132926630644,0.516249059029882,0.18676474690437317,0.09973728656768799
0.20600000000000016,0.06814276747534863,16.798053741455078,0.20017526241470446,0.5115358424949702,0.1891336888074875,0.09997796267271042
0.20800000000000016,0.06812500180853223,16.838428497314453,0.1978510708993763,0.5068937700412254,0.19156570732593536,0.10022427886724472
0.21000000000000016,0.06810563706914638,16.794872283935547,0.19549020759630387,0.502322293454861,0.19409418106079102,0.09320635348558426
0.21200000000000016,0.06808475198457505,16.8363037109375,0.19314054174725698,0.4977033242450439,0.1966569423675537,0.0934516042470932
0.21400000000000016,0.06806242645881803,16.886032104492188,0.19080301289333468,0.4931554591430018,0.19925424456596375,0.09370879083871841
0.21600000000000016,0.06803963528938618,16.928279876708984,0.1884787870028552,0.48867795189147706,0.20186814665794373,0.09396512806415558
0.21800000000000017,0.06801802831365547,16.975393295288086,0.18616880521522333,0.4842704305255616,0.20174065232276917,0.09422829747200012
0.22000000000000017,0.06799759796314349,17.022167205810547,0.18387411736557108,0.47993230944139686,0.19933900237083435,0.09449109435081482
0.22200000000000017,0.06797830183237621,17.07074737548828,0.1815956367313853,0.47566323031372454,0.1970030516386032,0.09475736320018768
0.22400000000000017,0.06796009719534704,17.117855072021484,0.17933432180554243,0.47146271796311223,0.19473041594028473,0.09502307325601578
0.22600000000000017,0.06794294182385242,17.169998168945312,0.17709104402888004,0.46733043651815054,0.19251768290996552,0.09529037773609161
0.22800000000000017,0.06792679357798312,17.22262191772461,0.17486776262008819,0.4632659879686186,0.1903616040945053,0.09555677324533463
0.23000000000000018,0.06791161084214488,17.274303436279297,0.17266617968774478,0.45926906066103446,0.18825913965702057,0.09582328051328659
0.23200000000000018,0.06789734588737927,17.32295799255371,0.17048700046740375,0.45533931131027494,0.18620672821998596,0.09608858823776245
0.23400000000000018,0.06788395390244893,17.370769500732422,0.1683306913951188,0.4514624945573897,0.18420161306858063,0.09633462131023407
0.23600000000000018,0.06787139257169642,17.416751861572266,0.16619772261652987,0.4476394182455952,0.18224087357521057,0.0965634360909462
0.23800000000000018,0.06785962189223489,17.4586181640625,0.16408854030697947,0.4438708161169068,0.18032206594944,0.09677751362323761
0.24000000000000019,0.06784860388711618,17.499061584472656,0.1620035885333687,0.4401573182225928,0.1784428060054779,0.09697798639535904
0.2420000000000002,0.06783830244087243,17.53725242614746,0.1599432919418869,0.4364994892588482,0.1766013503074646,0.097167007625103
0.2440000000000002,0.06782868309826795,17.57358741760254,0.15790806937249463,0.4328978134891685,0.17479552328586578,0.09734581410884857
0.2460000000000002,0.06781971292643156,17.605365753173828,0.15589832316347868,0.4293527190133445,0.1730242818593979,0.09751549363136292
0.2480000000000002,0.0678113603700139,17.635066986083984,0.15391444757111086,0.4258645707380004,0.17128577828407288,0.09767739474773407
0.25000000000000017,0.06780359514003996,17.664276123046875,0.15195682224384058,0.42243368610137855,0.16957885026931763,0.09783246368169785
0.25200000000000017,0.06779638810768746,17.693084716796875,0.15002581741364726,0.4190603324117922,0.1679026186466217,0.09798133373260498
0.25400000000000017,0.06778971338851181,17.720836639404297,0.14812178997200867,0.4157447373083216,0.16665011644363403,0.09812512248754501
0.25600000000000017,0.06778354451883488,17.747793197631836,0.14624528330053513,0.41250045717595607,0.16563820838928223,0.09827852249145508
0.2580000000000002,0.06777785465094438,17.77373504638672,0.1443968097874917,0.4093265676654524,0.16463331878185272,0.0984402447938919
0.2600000000000002,0.06777261672468449,17.798919677734375,0.1425768542543626,0.4062222188511804,0.16364242136478424,0.0986090824007988
0.2620000000000002,0.06776780361749925,17.823482513427734,0.1407858740365767,0.4031866295354744,0.1626674234867096,0.09878360480070114
0.2640000000000002,0.06776338827675786,17.847200393676758,0.13902430150103642,0.400219078917797,0.16170784831047058,0.09896315634250641
0.2660000000000002,0.06775934383461055,17.87043571472168,0.1372925445263046,0.3973189015985532,0.1607600599527359,0.0991465151309967
0.2680000000000002,0.067755643709259,17.89339828491211,0.13559098842068057,0.3944854812373975,0.15982122719287872,0.09933335334062576
0.2700000000000002,0.06775226169240472,17.916805267333984,0.13391999659649118,0.3917182463154728,0.15888802707195282,0.09952276200056076
0.2720000000000002,0.06774917202615939,17.93900489807129,0.13227991208301398,0.38901666526630274,0.15795816481113434,0.09971431642770767
0.2740000000000002,0.06774634946917903,17.959789276123047,0.13067105827593234,0.3863802429615955,0.1570294052362442,0.09990740567445755
0.2760000000000002,0.06774374646104017,17.9803466796875,0.12909374016805114,0.38380851695108864,0.15610086917877197,0.10010172426700592
0.2780000000000002,0.06774139340521607,17.960304260253906,0.12748946571930128,0.381301054595409,0.15514273941516876,0.09601157903671265
0.2800000000000002,0.06773926797534267,17.97679901123047,0.12591716586924853,0.3787343659417815,0.15418273210525513,0.0961986780166626
0.2820000000000002,0.06773734845127664,17.996742248535156,0.12437669551097755,0.37622004334897735,0.15322145819664001,0.09638054668903351
0.2840000000000002,0.06773561503368548,18.012493133544922,0.12286830531414587,0.37375841550027694,0.1522596776485443,0.0965515747666359
0.2860000000000002,0.06773404603773456,18.031028747558594,0.12139194741868563,0.37135008991189655,0.1512991189956665,0.09671823680400848
0.2880000000000002,0.06773262059923088,18.047101974487305,0.11994800582775143,0.3690078852719585,0.1503414660692215,0.09688682854175568
0.2900000000000002,0.06773147566195396,18.06366729736328,0.11853666768852163,0.36673123103940236,0.14938803017139435,0.09705963730812073
0.2920000000000002,0.06773085340909304,18.078638076782227,0.11715823911861788,0.3645194548491863,0.1481674164533615,0.09723403304815292
0.2940000000000002,0.06773071586779857,18.093048095703125,0.11581290465511272,0.3623720472937146,0.14624246954917908,0.0974109023809433
0.2960000000000002,0.06773102133749703,18.10593032836914,0.11450091374483144,0.3602884524611854,0.14428329467773438,0.09758894890546799
0.2980000000000002,0.06773172931538442,18.118669509887695,0.1132224393337838,0.35826822021569005,0.1423259973526001,0.09776852279901505
0.3000000000000002,0.06773280070912806,18.13067626953125,0.11197768794209552,0.3563108839970314,0.14039666950702667,0.09794873744249344
0.3020000000000002,0.06773419771162188,18.14238739013672,0.1107668167188082,0.35441604810324034,0.13851380348205566,0.09812972694635391
0.3040000000000002,0.06773588391425578,18.153499603271484,0.10958999841800675,0.3525833162481683,0.13668981194496155,0.09831102937459946
0.3060000000000002,0.06773782423875806,18.163551330566406,0.10844737287641017,0.3508123413760232,0.13493263721466064,0.09849283844232559
0.3080000000000002,0.06773998499462602,18.172576904296875,0.10733908539664043,0.3491027837606092,0.1332470327615738,0.0986744686961174
0.3100000000000002,0.06774233383994958,18.18096923828125,0.10626525845774488,0.347454339275968,0.13163523375988007,0.09885623306035995
0.3120000000000002,0.06774483980740809,18.18888282775879,0.10522601442724618,0.34586671471046265,0.13009805977344513,0.09903782606124878
0.3140000000000002,0.06774747327929483,18.19654083251953,0.10422145914189727,0.3443396436870957,0.12863457202911377,0.09921921044588089
0.3160000000000002,0.06775020599577357,18.20386505126953,0.10325169538657437,0.34287287202909456,0.12724360823631287,0.09940031915903091
0.3180000000000002,0.06775301103652262,18.210987091064453,0.10231681342365684,0.34146616662667817,0.12592369318008423,0.09958117455244064
0.32000000000000023,0.06775586281896877,18.21788787841797,0.10141689902988829,0.34011930668817464,0.12467274814844131,0.09976162761449814
0.32200000000000023,0.06775873708281357,18.224586486816406,0.10055202808186138,0.3388320885974277,0.12348903715610504,0.09994176775217056
0.32400000000000023,0.06776202696735383,18.231117248535156,0.09972227138127619,0.3376043206240772,0.12237074971199036,0.10012154281139374
0.32600000000000023,0.06776532327726452,18.22332000732422,0.09886593571046663,0.336435825515813,0.12121735513210297,0.09827999770641327
0.32800000000000024,0.06776860333608907,18.228477478027344,0.09804505005442449,0.33520544432862925,0.12012682855129242,0.09845390915870667
0.33000000000000024,0.06777184540331808,18.236087799072266,0.09725939911353339,0.3340354313608203,0.11909769475460052,0.09863018989562988
0.33200000000000024,0.0677750292478257,18.241439819335938,0.09650923209038094,0.3329253231754056,0.11812853068113327,0.0988115593791008
0.33400000000000024,0.06777813575243599,18.248104095458984,0.09579443445991585,0.3318750240694022,0.11721832305192947,0.09903150796890259
0.33600000000000024,0.06778114715457872,18.25343894958496,0.09511516118683687,0.3308841966594753,0.11636620759963989,0.09929145872592926
0.33800000000000024,0.06778404687715023,18.259435653686523,0.09447135321439322,0.3299527223653182,0.11557138711214066,0.09959252178668976
0.34000000000000025,0.06778681961265415,18.264663696289062,0.09386310711376447,0.3290803489434072,0.114833302795887,0.09993316978216171
0.34200000000000025,0.06778996200477107,18.270463943481445,0.09329039297504883,0.32826695615335033,0.11415178328752518,0.1003139540553093
0.34400000000000025,0.06779296900703105,18.264009475708008,0.09269053137848426,0.3275123518294097,0.11342821270227432,0.09893935173749924
0.34600000000000025,0.06779578994550266,18.268512725830078,0.0921265329757114,0.32669554221202596,0.11276005953550339,0.09930642694234848
0.34800000000000025,0.06779831327945843,18.27524185180664,0.09159815367266388,0.32593860000165054,0.1121472641825676,0.09971535205841064
0.35000000000000026,0.06780105180974097,18.280242919921875,0.09110558828341316,0.32524111329265026,0.11158967763185501,0.10016178339719772
0.35200000000000026,0.06780349233954258,18.274669647216797,0.09058563233258123,0.3246030048187723,0.1109887883067131,0.09890828281641006
0.35400000000000026,0.06780563790732612,18.278770446777344,0.09010176064982298,0.32390310215505846,0.11044272035360336,0.09934040904045105
0.35600000000000026,0.06780749224501906,18.28577423095703,0.08965360111060805,0.32326350411409127,0.10995147377252579,0.09981564432382584
0.35800000000000026,0.06780956629878049,18.290325164794922,0.08924141806317752,0.3226836879281426,0.10951487720012665,0.10033372044563293
0.36000000000000026,0.06781135589581715,18.285465240478516,0.08880159423900344,0.32216360212248135,0.10903431475162506,0.09919331967830658
0.36200000000000027,0.06781286488620165,18.289216995239258,0.08839799029630893,0.32158194239326665,0.1086082011461258,0.09969659149646759
0.36400000000000027,0.06781459583927049,18.296316146850586,0.08803018084877723,0.3210608531375951,0.10823668539524078,0.10025473684072495
0.36600000000000027,0.06781605265581801,18.289636611938477,0.0876348548168049,0.3205997696866568,0.10782067477703094,0.09916899353265762
0.36800000000000027,0.06781723942292178,18.29491424560547,0.08727567504444597,0.32007765359296086,0.107459157705307,0.09971026331186295
0.3700000000000003,0.06781864940107002,18.300975799560547,0.0869525057190204,0.3196163743848307,0.10715217888355255,0.10030259937047958
0.3720000000000003,0.06781979558866329,18.295318603515625,0.08660159265425306,0.3192155421926867,0.10680004209280014,0.09927548468112946
0.3740000000000003,0.06782068232344662,18.300046920776367,0.08628697692438873,0.31875386036952813,0.10650258511304855,0.09985105693340302
0.3760000000000003,0.06782179270915932,18.306514739990234,0.0860083809672022,0.3183533524819031,0.10625968873500824,0.10047896951436996
0.3780000000000003,0.06782264977393088,18.30064582824707,0.08570193241094998,0.31801351864326344,0.10597134381532669,0.09950946271419525
0.3800000000000003,0.06782372930345482,18.305648803710938,0.08543180660982923,0.31761301239235445,0.10573751479387283,0.10012000054121017
0.3820000000000003,0.06782456099106195,18.301040649414062,0.08513370100488132,0.31727387620165987,0.10545819252729416,0.09917061775922775
0.3840000000000003,0.06782514912205913,18.305374145507812,0.0848721199079876,0.3168744439712708,0.10523321479558945,0.09976460784673691
0.3860000000000003,0.06782595879429971,18.312530517578125,0.08464662354552353,0.3165369187961763,0.10506300628185272,0.10041319578886032
0.3880000000000003,0.06782653047326527,18.30658721923828,0.08439315216639334,0.31626064938549303,0.1048467829823494,0.09952045977115631
0.3900000000000003,0.06782732158257698,18.31218719482422,0.0841760779276095,0.315924155970638,0.10468503087759018,0.1001557782292366
0.3920000000000003,0.06782787973066483,18.30775260925293,0.08393085735854576,0.3156495256018477,0.10447739064693451,0.09928607195615768
0.3940000000000003,0.06782820928510341,18.312339782714844,0.08372223655546553,0.3153149186843687,0.10432417690753937,0.099920354783535
0.3960000000000003,0.06782875644710674,18.319469451904297,0.08354980524225503,0.31504263768180696,0.10422557592391968,0.10062145441770554
0.3980000000000003,0.06782908025327213,18.313953399658203,0.08334916134278483,0.3148320313959384,0.10408065468072891,0.09981384128332138
0.4000000000000003,0.06782961888280532,18.319446563720703,0.08318500168723782,0.3145613637817079,0.1039903312921524,0.10051237046718597
0.4020000000000003,0.06782993893845683,18.315364837646484,0.08299244763207281,0.31435291243215807,0.10385344922542572,0.09972724318504333
0.4040000000000003,0.06783047080261542,18.31989288330078,0.08283656721243979,0.31408457801466677,0.1037711352109909,0.10042478889226913
0.4060000000000003,0.06783078849855183,18.316570281982422,0.0826521690191201,0.3138788719265832,0.1036422923207283,0.09966091811656952
0.4080000000000003,0.06783131483447663,18.320592880249023,0.08250457029195642,0.31361344527251395,0.10356786847114563,0.10035816580057144
0.4100000000000003,0.06783163109492057,18.31769561767578,0.0823283615575115,0.3134109690837229,0.10344676673412323,0.09961481392383575
0.4120000000000003,0.06783215273406057,18.32144546508789,0.08218903941436524,0.3131489111107124,0.1033802255988121,0.10031220316886902
0.4140000000000003,0.06783246812788613,18.31879425048828,0.08202103086567071,0.31295006159519134,0.10326678305864334,0.09958898276090622
0.4160000000000003,0.06783298559430877,18.322406768798828,0.08188997220956958,0.31269174343549133,0.10320805758237839,0.10028685629367828
0.4180000000000003,0.06783330042292164,18.319896697998047,0.08173015813819583,0.31249684483898205,0.10310229659080505,0.0995832160115242
0.4200000000000003,0.06783381401084294,18.323402404785156,0.08160734242642853,0.3122425661474964,0.10305116325616837,0.10028179734945297
0.4220000000000003,0.06783412837740946,18.320985794067383,0.08145570512637713,0.3120518831072175,0.10295291990041733,0.09959729015827179
0.4240000000000003,0.06783463821213186,18.324432373046875,0.08134110530977073,0.3118018862842767,0.10290930420160294,0.10029695928096771
0.4260000000000003,0.06783495207592612,18.322071075439453,0.08119761820779096,0.31161563456820396,0.10281874239444733,0.09963089227676392
0.4280000000000003,0.06783545816156399,18.325458526611328,0.08109120176971905,0.3113701159187716,0.10278258472681046,0.10033152997493744
0.4300000000000003,0.06783577138047171,18.323139190673828,0.08095583168021996,0.31118847127501764,0.10269934684038162,0.09968387335538864
0.43200000000000033,0.06783627363716926,18.326465606689453,0.08085756163039647,0.31094758983262283,0.10267060250043869,0.1003856211900711
0.43400000000000033,0.06783658600077629,18.32417869567871,0.08073027041058856,0.31077069524028333,0.10259481519460678,0.09975565969944
0.43600000000000033,0.06783708429358998,18.327510833740234,0.08064010617128413,0.3105345797870989,0.10257340967655182,0.10045880079269409
0.43800000000000033,0.06783739554879895,18.325233459472656,0.0805208519561087,0.310362551375862,0.10250478982925415,0.0998462438583374
0.44000000000000034,0.06783788970997248,18.32857322692871,0.08043875012185077,0.3101313060547043,0.10249076038599014,0.10055074095726013
0.44200000000000034,0.06783819958070401,18.326309204101562,0.08032748825831451,0.30996423792703076,0.10242949426174164,0.09995528310537338
0.44400000000000034,0.06783868942672228,18.32962989807129,0.08025340323172046,0.3097379467451889,0.10242264717817307,0.1006610319018364
0.44600000000000034,0.06783935693957685,18.327360153198242,0.0801500869941752,0.30957591489991954,0.10236859321594238,0.10008234530687332
0.44800000000000034,0.06783984256485978,18.319557189941406,0.08001838758250068,0.30935464535529866,0.10226710140705109,0.0994778648018837
0.45000000000000034,0.06784050318089799,18.32709503173828,0.07992346096955115,0.30907521547858136,0.10222022980451584,0.10012558102607727
0.45200000000000035,0.06784098377580267,18.321544647216797,0.07979978071701171,0.30886032386196866,0.10212601721286774,0.09953928738832474
0.45400000000000035,0.06784163689549128,18.327455520629883,0.07971309664163058,0.30858696408931197,0.10208631306886673,0.10018773376941681
0.45600000000000035,0.06784211183762742,18.323253631591797,0.07959741023037588,0.30837825605802144,0.1019994392991066,0.0996188297867775
0.45800000000000035,0.0678427570234484,18.328144073486328,0.07951885754661266,0.3081108647414207,0.10196717828512192,0.10026870667934418
0.46000000000000035,0.06784322584468527,18.324663162231445,0.07941112526310055,0.3079081934951256,0.10188738256692886,0.09971597790718079
0.46200000000000035,0.06784386279418837,18.328895568847656,0.07934061538411359,0.3076466807559627,0.10186223685741425,0.10036765784025192
0.46400000000000036,0.06784432515436396,18.32590103149414,0.07924079069804436,0.30744993342208965,0.10178954899311066,0.09983091801404953
0.46600000000000036,0.0678449536780718,18.329708099365234,0.07917824950325551,0.30719422182996925,0.10177193582057953,0.10048447549343109
0.46800000000000036,0.06784540934388307,18.327022552490234,0.0790862831737889,0.3070033102397056,0.101706363260746,0.09996300935745239
0.47000000000000036,0.06784602934717918,18.330551147460938,0.07903164605663868,0.3067533340345555,0.10169575363397598,0.10061872005462646
0.47200000000000036,0.06784681284202274,18.328046798706055,0.0789474882888244,0.3065681883116975,0.10163753479719162,0.1001124456524849
0.47400000000000037,0.06784742545682866,18.320552825927734,0.07883460629400832,0.30632389201227456,0.10153185576200485,0.09958092123270035
0.47600000000000037,0.06784820008741084,18.327743530273438,0.07875869178767023,0.3060214680044127,0.10148078203201294,0.10017891228199005
0.47800000000000037,0.06784880479929756,18.322410583496094,0.07865369071082819,0.30578410454524224,0.101382315158844,0.09966228902339935
0.48000000000000037,0.06784957025428053,18.328004837036133,0.07858587531468979,0.30548826916881194,0.10133862495422363,0.10026313364505768
0.4820000000000004,0.06785016675104098,18.323925018310547,0.07848873007505178,0.3052575623652464,0.10124745965003967,0.09976056218147278
0.4840000000000004,0.06785092289392768,18.328523635864258,0.07842890712585004,0.3049681379034102,0.1012110635638237,0.10036510229110718
0.4860000000000004,0.06785151102601832,18.325115203857422,0.07833958126956611,0.30474387405881986,0.10112705826759338,0.09987597912549973
0.4880000000000004,0.06785225786195821,18.329147338867188,0.07828766807791913,0.30446070903987726,0.10109788179397583,0.10048415511846542
0.4900000000000004,0.06785316374514426,18.32611083984375,0.07820612053760925,0.3042427206878162,0.10102111846208572,0.10000801831483841
0.4920000000000004,0.06785390330160239,18.31881332397461,0.07809564883662037,0.30396568775152794,0.10089686512947083,0.09949735552072525
0.4940000000000004,0.06785480135827603,18.325820922851562,0.07802231566897756,0.30363056487329576,0.10082761943340302,0.10005811601877213
0.4960000000000004,0.06785553330709913,18.32052993774414,0.0779197138417423,0.30336085673486346,0.10071076452732086,0.09956039488315582
0.4980000000000004,0.06785642339757628,18.326122283935547,0.07785445895195038,0.3030327012507376,0.10064880549907684,0.10012566298246384
0.5000000000000003,0.06785714761200826,18.32196044921875,0.07775970408313634,0.30276999300931035,0.10053952783346176,0.09964068233966827
0.5020000000000003,0.06785802977229236,18.32663345336914,0.07770242888916086,0.30244857940997727,0.10048496723175049,0.10021069645881653
0.5040000000000003,0.06785874628630774,18.323017120361328,0.07761548939565661,0.30219261765186084,0.1003829687833786,0.09973814338445663
0.5060000000000003,0.06785962069299523,18.32716941833496,0.0775661196258811,0.301877756514542,0.10033585131168365,0.10031287372112274
0.5080000000000003,0.0678603296689173,18.32386589050293,0.07748696115568365,0.30162834160715396,0.10024122893810272,0.09985283017158508
0.5100000000000003,0.06786119661081517,18.327728271484375,0.07744543867154889,0.3013198754233246,0.1002015694975853,0.10043248534202576
0.5120000000000003,0.06786189831337731,18.324607849121094,0.07737402707048802,0.30107684880293956,0.10011443495750427,0.0999845489859581
0.5140000000000003,0.06786275816855439,18.328311920166016,0.07734030471520192,0.30077464738846066,0.10008205473423004,0.10056895762681961
0.5160000000000003,0.06786377789499246,18.32525634765625,0.07727660739073669,0.3005378822234756,0.10000225901603699,0.1001332625746727
0.5180000000000003,0.06786463394459878,18.31780242919922,0.07718374033421402,0.30024183830657136,0.09987509250640869,0.09966573119163513
0.5200000000000004,0.06786532435282468,18.324718475341797,0.07712820297967948,0.29988753734876,0.09980282187461853,0.10020190477371216
0.5220000000000004,0.06786584801759782,18.330223083496094,0.0771101512606167,0.29959885992972585,0.09978551417589188,0.10079565644264221
0.5240000000000004,0.06786620450433295,18.336444854736328,0.07712938951309205,0.2993753367930131,0.09982313215732574,0.10144614428281784
0.5260000000000004,0.06786639420235153,18.341840744018555,0.07718599913588099,0.2992163281751415,0.09991589933633804,0.10215397924184799
0.5280000000000004,0.06786674002790732,18.347606658935547,0.07727985761109595,0.29912143660161195,0.10006355494260788,0.10292267054319382
0.5300000000000004,0.06786724264098203,18.342899322509766,0.07734316506526498,0.2990901824133313,0.10016302019357681,0.10263858735561371
0.5320000000000004,0.06786790322929215,18.33730125427246,0.07737624325876705,0.2989978756189915,0.10021460056304932,0.10232924669981003
0.5340000000000004,0.06786872344152699,18.332178115844727,0.07737921580725826,0.2988453190642825,0.10021813213825226,0.10198741406202316
0.5360000000000004,0.06786970552099034,18.326519012451172,0.07735233465117135,0.2986331325003385,0.1001739427447319,0.10161295533180237
0.5380000000000004,0.06787085226872361,18.321374893188477,0.07729573486400369,0.29836197498263967,0.100082166492939,0.10120518505573273
0.5400000000000004,0.067871840527992,18.315834045410156,0.07720962474109867,0.2980323879200765,0.09994278103113174,0.10074838250875473
0.5420000000000004,0.06787266710551774,18.321182250976562,0.07716132542003024,0.29764492566371054,0.09985853731632233,0.10126989334821701
0.5440000000000004,0.06787332946239662,18.32761001586914,0.07715064765487471,0.2973241114271277,0.09982912987470627,0.10183171182870865
0.5460000000000004,0.06787382591430423,18.333255767822266,0.07717765132509052,0.29706918472633764,0.09985476732254028,0.10245107114315033
0.5480000000000004,0.06787415548160441,18.339252471923828,0.07724221779321774,0.296879618804922,0.09993546456098557,0.10312692075967789
0.5500000000000004,0.06787464411911937,18.344829559326172,0.077344373772745,0.29675483177863493,0.1000714972615242,0.1038597971200943
0.5520000000000004,0.0678752934977539,18.34024429321289,0.07741577769755363,0.29669439586947377,0.10015919059515,0.1036047488451004
0.5540000000000004,0.06787610594673937,18.334186553955078,0.07745683775219715,0.29657307982856,0.10019867867231369,0.10332041233778
0.5560000000000004,0.06787708419113567,18.329191207885742,0.07746761083570726,0.2963917102869999,0.10019046068191528,0.1030031219124794
0.5580000000000004,0.06787823162957256,18.323352813720703,0.07744840099031933,0.29615083353269983,0.10013435781002045,0.10265357047319412
0.5600000000000004,0.0678795520846717,18.318193435668945,0.07739929992309999,0.2958511164009994,0.10003075748682022,0.10223424434661865
0.5620000000000004,0.06788071438031072,18.312423706054688,0.07732054065447591,0.2954932835854581,0.09987948089838028,0.10172664374113083
0.5640000000000004,0.06788171409756409,18.317861557006836,0.07727982658910847,0.29507829567881877,0.0997835174202919,0.1022903248667717
0.5660000000000004,0.0678825474651769,18.32412338256836,0.07727698728623035,0.2947303303553108,0.09974261373281479,0.10286232084035873
0.5680000000000004,0.06788321160208109,18.329833984375,0.07731207190898222,0.2944486232253676,0.09975665807723999,0.10345451533794403
0.5700000000000004,0.06788370433841301,18.335796356201172,0.07738497437425439,0.29423262496470964,0.09982611984014511,0.10410094261169434
0.5720000000000004,0.06788402436018685,18.34138298034668,0.07749571695570658,0.2940817480818301,0.09995079040527344,0.10480469465255737
0.5740000000000004,0.06788450924711546,18.347095489501953,0.07764423229494816,0.2939955488028402,0.10013063251972198,0.10556431859731674
0.5760000000000004,0.06788516134762022,18.342235565185547,0.0777616305412831,0.29397357836516846,0.10026223957538605,0.10537438094615936
0.5780000000000004,0.06788598356614106,18.33626937866211,0.07784827074912284,0.2938901474847756,0.10034571588039398,0.10515637695789337
0.5800000000000004,0.06788697898958865,18.331132888793945,0.0779042554839112,0.2937462117416137,0.10038106143474579,0.104906365275383
0.5820000000000004,0.06788815118834504,18.325420379638672,0.07792986532381332,0.29354282434364654,0.10036854445934296,0.10461661219596863
0.5840000000000004,0.0678895040959559,18.320255279541016,0.0779252429699054,0.2932810173012353,0.10030829161405563,0.10424461215734482
0.5860000000000004,0.06789104219031486,18.314598083496094,0.07789063371944277,0.2929616223093211,0.1002003625035286,0.10378638654947281
0.5880000000000004,0.06789277041641442,18.309112548828125,0.07782620248174314,0.29258544434348027,0.10004529356956482,0.10324180871248245
0.5900000000000004,0.06789433741544675,18.303260803222656,0.0777321737972241,0.29215316103095235,0.09984312206506729,0.10261192917823792
0.5920000000000004,0.06789573689976207,18.308753967285156,0.07767663851565862,0.2916654253826475,0.0996963381767273,0.10322612524032593
0.5940000000000004,0.0678969631703239,18.31509017944336,0.07765939379368463,0.2912450772314835,0.09960491210222244,0.10384677350521088
0.5960000000000004,0.06789801151583538,18.320817947387695,0.07768049886966709,0.2908913277617423,0.09956886619329453,0.10447550565004349
0.5980000000000004,0.06789887791525931,18.326963424682617,0.07773982863264943,0.29060362962640107,0.09958822280168533,0.10511064529418945
0.6000000000000004,0.06789955927729319,18.33263397216797,0.07783741159190603,0.2903813785826229,0.09966319054365158,0.10575483739376068
0.6020000000000004,0.06790005325670079,18.338420867919922,0.07797317015924893,0.29022412971427314,0.09979366511106491,0.10644136369228363
0.6040000000000004,0.06790035839362137,18.343976974487305,0.07814711688381655,0.2901314225703833,0.09997959434986115,0.10718456655740738
0.6060000000000004,0.06790084028326245,18.349586486816406,0.07835920327944056,0.29010290497929647,0.100221186876297,0.10798264294862747
0.6080000000000004,0.06790150172427543,18.344738006591797,0.0785396829565182,0.2901382302412368,0.10041427612304688,0.10787808895111084
0.6100000000000004,0.06790234595695513,18.338897705078125,0.07868894802284318,0.2901119622291716,0.10055924952030182,0.1077476516366005
0.6120000000000004,0.06790337632027721,18.333824157714844,0.07880713480533642,0.2900253578508376,0.10065610706806183,0.10758771002292633
0.6140000000000004,0.06790459665482725,18.328189849853516,0.07889456304368783,0.2898793697246716,0.1007051095366478,0.10737777501344681
0.6160000000000004,0.06790601109896523,18.323034286499023,0.07895140174477216,0.2896749503090028,0.1007065549492836,0.10708396881818771
0.6180000000000004,0.06790762433004209,18.317453384399414,0.07897792482778469,0.28941286032480823,0.10066034644842148,0.10670744627714157
0.6200000000000004,0.06790944143964023,18.312129974365234,0.07897431756770856,0.28909384729173043,0.10056700557470322,0.10624753683805466
0.6220000000000004,0.06791146807669853,18.30642318725586,0.07894082100683113,0.2887185375284437,0.1004265621304512,0.10570519417524338
0.6240000000000004,0.06791371036804322,18.300743103027344,0.07887760692385262,0.28828754144382635,0.100239597260952,0.10508078336715698
0.6260000000000004,0.06791617500135284,18.2947998046875,0.0787848941345438,0.28780139300603247,0.10000589489936829,0.10437503457069397
0.6280000000000004,0.0679184669826048,18.28861427307129,0.07866287225652073,0.28726061215921445,0.09972614049911499,0.10358855873346329
0.6300000000000004,0.06792057759917564,18.29440689086914,0.07857994000015116,0.28666567117934705,0.09950201958417892,0.10427085310220718
0.6320000000000005,0.0679224986395824,18.300872802734375,0.07853585562571958,0.2861383394439425,0.09933383017778397,0.1049572229385376
0.6340000000000005,0.06792422304704439,18.30652618408203,0.07853068451766712,0.2856778282676909,0.0992213636636734,0.10564985871315002
0.6360000000000005,0.06792574442380352,18.31281280517578,0.0785642849115593,0.28528361281963055,0.09916482120752335,0.10634688287973404
0.6380000000000005,0.06792705742295667,18.31853675842285,0.07863669521926148,0.2849550918199642,0.09916412085294724,0.10704956203699112
0.6400000000000005,0.06792815744594073,18.324478149414062,0.07874783616541652,0.284691836013679,0.09921932220458984,0.10775640606880188
0.6420000000000005,0.0679290408725826,18.33004379272461,0.0788977341240405,0.28449338908370536,0.09933026134967804,0.1084684282541275
0.6440000000000005,0.06792970487574831,18.335599899291992,0.07908634840295618,0.2843594101900546,0.0994972288608551,0.10918471217155457
0.6460000000000005,0.06793014755252018,18.3409481048584,0.0793136999660001,0.28428955718558285,0.09971996396780014,0.10993689298629761
0.6480000000000005,0.0679303678090103,18.346210479736328,0.07957977111560299,0.2842835679441573,0.09999855607748032,0.11074426770210266
0.6500000000000005,0.06793078922720734,18.351245880126953,0.07988457964079886,0.284341191563184,0.10033294558525085,0.11160685122013092
0.6520000000000005,0.0679314147399221,18.346790313720703,0.08015714562205742,0.2844622344167336,0.10061900317668915,0.11162364482879639
0.6540000000000005,0.0679322478175141,18.341201782226562,0.08039792557899761,0.28452159404970473,0.10085684061050415,0.11161872744560242
0.6560000000000005,0.06793329183615435,18.33611297607422,0.08060707705348003,0.28452046213083926,0.10104678571224213,0.11158701777458191
0.6580000000000005,0.06793455070810818,18.330551147460938,0.08078496132963074,0.2844597128529703,0.1011887937784195,0.11150626838207245
0.6600000000000005,0.06793602851252496,18.32538414001465,0.08093176294756434,0.2843402486555267,0.10128331184387207,0.11134561896324158
0.6620000000000005,0.06793772987045903,18.319921493530273,0.08104778159353039,0.2841627734910213,0.10133057087659836,0.1111069992184639
0.6640000000000005,0.06793965972572588,18.314620971679688,0.08113321206069311,0.28392799504368077,0.10133079439401627,0.11078902333974838
0.6660000000000005,0.06794182356754333,18.309080123901367,0.08118831388517311,0.2836364963773775,0.10128414630889893,0.1103932335972786
0.6680000000000005,0.06794422729759046,18.303539276123047,0.08121328427567809,0.28328885472189425,0.10119090974330902,0.10991910099983215
0.6700000000000005,0.06794687736082633,18.29775047302246,0.0812083568299822,0.28288556914536744,0.10105128586292267,0.10936781764030457
0.6720000000000005,0.06794978066222974,18.291885375976562,0.08117372832794395,0.2824271306704772,0.10086578875780106,0.10873961448669434
0.6740000000000005,0.06795294464177673,18.28565216064453,0.0811096162986453,0.2819139817899193,0.1006343886256218,0.1080356240272522
0.6760000000000005,0.06795637721984855,18.279144287109375,0.08101621700833651,0.28134655809155174,0.1003575399518013,0.10725642740726471
0.6780000000000005,0.06796008683794352,18.272216796875,0.08089373915032434,0.2807252658178305,0.1000356450676918,0.10640304535627365
0.6800000000000005,0.06796359622170571,18.265186309814453,0.08074237988874972,0.2800505067493219,0.09966858476400375,0.1054765060544014
0.6820000000000005,0.06796689382588876,18.271427154541016,0.08063088002837214,0.279322665944737,0.09935769438743591,0.1062527447938919
0.6840000000000005,0.0679699685529812,18.27845573425293,0.0805590127623673,0.27866270653849895,0.09910281002521515,0.10703115910291672
0.6860000000000005,0.06797281065982239,18.28427505493164,0.08052684150136559,0.2780698704772013,0.09890427440404892,0.10781438648700714
0.6880000000000005,0.0679754110595672,18.290496826171875,0.08053423949033879,0.27754365191381847,0.09876185655593872,0.1086004301905632
0.6900000000000005,0.06797776186219467,18.296279907226562,0.08058125101890694,0.27708347315492143,0.09867560118436813,0.10939144343137741
0.6920000000000005,0.06797985595135424,18.302242279052734,0.08066781292961912,0.27668892124890965,0.09864571690559387,0.11018592864274979
0.6940000000000005,0.06798168730151648,18.307872772216797,0.08079396289570889,0.2763595583769457,0.09867198765277863,0.11098552495241165
0.6960000000000005,0.06798325072055642,18.31359100341797,0.08095967775900896,0.27609505762137193,0.09875442832708359,0.11178923398256302
0.6980000000000005,0.06798454203179992,18.31903839111328,0.08116499355951148,0.2758950917179268,0.09889302402734756,0.11259873956441879
0.7000000000000005,0.0679855579156825,18.324371337890625,0.08140991150855706,0.27575941055994657,0.09908784180879593,0.11341390758752823
0.7020000000000005,0.06798629601068241,18.329360961914062,0.08169446711349931,0.2756877756478774,0.09933878481388092,0.11423630267381668
0.7040000000000005,0.06798675481377095,18.334545135498047,0.082018675343666,0.2756800040064441,0.09964560717344284,0.11507434397935867
0.7060000000000005,0.06798745996508469,18.339580535888672,0.08238257039575221,0.27573592931492436,0.10000838339328766,0.11596985906362534
0.7080000000000005,0.0679884150404179,18.33481216430664,0.0827138048274159,0.2758554265204414,0.10032331943511963,0.11609411984682083
0.7100000000000005,0.06798962427753875,18.329099655151367,0.0830128577429424,0.2759138333922694,0.10059035569429398,0.11619601398706436
0.7120000000000005,0.06799109165898608,18.32398223876953,0.08327992313631742,0.27591219791565674,0.10081012547016144,0.1162286326289177
0.7140000000000005,0.06799282175301456,18.318384170532227,0.0835153799626586,0.2758512832996975,0.10098277032375336,0.11618758738040924
0.7160000000000005,0.06799481917960247,18.31298828125,0.08371943738644977,0.2757318918553805,0.10110843926668167,0.11607004702091217
0.7180000000000005,0.06799708910916287,18.30743980407715,0.08389240849250466,0.27555464831730864,0.10118751227855682,0.11587810516357422
0.7200000000000005,0.06799963694880701,18.302005767822266,0.08403450471899604,0.2753201890905836,0.10122042149305344,0.11561020463705063
0.7220000000000005,0.06800246863809438,18.296314239501953,0.08414599541833835,0.2750290393901449,0.10120705515146255,0.11526785790920258
0.7240000000000005,0.06800559046230634,18.290569305419922,0.08422708891935231,0.27468172429499216,0.10114801675081253,0.11485086381435394
0.7260000000000005,0.06800900922692223,18.284391403198242,0.08427802569120439,0.27427869939707505,0.10104335844516754,0.11436040699481964
0.7280000000000005,0.0680127321442724,18.278047561645508,0.08429900970963526,0.27382041629982473,0.10089337825775146,0.11379720270633698
0.7300000000000005,0.0680167669350174,18.2714900970459,0.08429026298766258,0.2733072837363168,0.10069841891527176,0.11316246539354324
0.7320000000000005,0.06802112175721353,18.264808654785156,0.08425198614428221,0.2727397064397038,0.1004587933421135,0.11245737224817276
0.7340000000000005,0.06802580526352907,18.257701873779297,0.08418439045478941,0.2721180635660939,0.10017450153827667,0.11168307811021805
0.7360000000000005,0.06803023041776349,18.250473022460938,0.08408767536458131,0.27144273194572793,0.09984608739614487,0.11084114760160446
0.7380000000000005,0.06803438508921314,18.256423950195312,0.08403176334985689,0.2707140742985506,0.09957382827997208,0.11174381524324417
0.7400000000000005,0.06803825752857377,18.263111114501953,0.08401644790153631,0.270053364394048,0.09935746341943741,0.11265360563993454
0.7420000000000005,0.06804183754654443,18.268814086914062,0.08404180151141648,0.26945991486172954,0.09919730573892593,0.11357442289590836
0.7440000000000005,0.06804511559128001,18.274837493896484,0.08410771449999795,0.26893327753550667,0.0990934893488884,0.1145039051771164
0.7460000000000006,0.06804808344466372,18.280616760253906,0.08421424199763133,0.26847293369832026,0.09904590249061584,0.11544519662857056
0.7480000000000006,0.06805073366687926,18.286365509033203,0.08436133580672144,0.2680785205920191,0.09905439615249634,0.1163964569568634
0.7500000000000006,0.06805306000239383,18.291759490966797,0.08454904503482107,0.267749650147242,0.09911929070949554,0.11735982447862625
0.7520000000000006,0.06805505704423775,18.297147750854492,0.08477735994887187,0.2674860391165283,0.09924022853374481,0.11833415925502777
0.7540000000000006,0.0680567202560656,18.30031394958496,0.08504344363548363,0.26728740271025225,0.09941735863685608,0.11932177096605301
0.7560000000000006,0.06805804603626284,18.303726196289062,0.08534766783296918,0.26715041948009316,0.09965076297521591,0.12032660096883774
0.7580000000000006,0.06805903178076143,18.30718231201172,0.08569037935802098,0.2670752362232132,0.09994038194417953,0.1213485449552536
0.7600000000000006,0.06806031574939574,18.31102180480957,0.08603064229055617,0.26706200930453095,0.10028631240129471,0.12238600850105286
0.7620000000000006,0.06806190247486078,18.306407928466797,0.08627257524015623,0.26711088639056135,0.10058505833148956,0.12256871908903122
0.7640000000000006,0.06806379717662227,18.301271438598633,0.08647722917033449,0.2671001839714797,0.10083689540624619,0.12267696112394333
0.7660000000000006,0.06806600470803656,18.296398162841797,0.08664470004747012,0.2670307221087428,0.1010420173406601,0.12270389497280121
0.7680000000000006,0.06806853051128632,18.290992736816406,0.08677507436403996,0.26690308711928695,0.10120079666376114,0.12265383452177048
0.7700000000000006,0.06807137552890981,18.285768508911133,0.0868684769668182,0.2667179057842115,0.10131333768367767,0.12252315878868103
0.7720000000000006,0.06807450323346782,18.27996826171875,0.08692503044267402,0.2664756612230598,0.10137972980737686,0.12231456488370895
0.7740000000000006,0.06807789588844061,18.274169921875,0.08694488373518625,0.26617685306812466,0.10140056163072586,0.12202679365873337
0.7760000000000006,0.06808154220993952,18.267864227294922,0.08692818784668044,0.26582189294501857,0.10137569159269333,0.12166155129671097
0.7780000000000006,0.06808542967983064,18.26146125793457,0.08687511305879858,0.26541119841445837,0.10130545496940613,0.12121836096048355
0.7800000000000006,0.06808954475726768,18.25481605529785,0.08678583440597477,0.26494513388860336,0.10119017958641052,0.12069909274578094
0.7820000000000006,0.06809387277712836,18.248027801513672,0.08666054210291105,0.2644240659960127,0.1010299026966095,0.12010428309440613
0.7840000000000006,0.06809839807999565,18.240936279296875,0.08649943290307399,0.26384833039918426,0.10082504153251648,0.11943542957305908
0.7860000000000006,0.06810310396126486,18.233455657958984,0.0863027164700789,0.2632182646281657,0.10057564824819565,0.11869366466999054
0.7880000000000006,0.06810797274386192,18.22582244873047,0.08607059481445632,0.26253418963656044,0.10028203576803207,0.11787878721952438
0.7900000000000006,0.06811243260461752,18.218219757080078,0.08580305682738898,0.2617964331637693,0.09994414448738098,0.11696411669254303
0.7920000000000006,0.06811650114767274,18.222232818603516,0.0855804010355387,0.2610053710626216,0.09966252744197845,0.11807268857955933
0.7940000000000006,0.06812019459898652,18.227035522460938,0.0854027206826276,0.2602798588249988,0.09943731129169464,0.1191917136311531
0.7960000000000006,0.06812352885740543,18.231433868408203,0.0852700593884202,0.25961955552039007,0.09926874935626984,0.12032347172498703
0.7980000000000006,0.06812651857285497,18.23586654663086,0.08518249444292167,0.25902430639016155,0.09915687888860703,0.1214623674750328
0.8000000000000006,0.06812917773690494,18.23998260498047,0.08514007428916283,0.25849387362012993,0.09910164028406143,0.1226082444190979
0.8020000000000006,0.06813151914288273,18.244251251220703,0.08514286853314922,0.2580281366777911,0.0991034209728241,0.12375593185424805
0.8040000000000006,0.06813355471707612,18.248300552368164,0.08519093081952611,0.25762693536769044,0.09916194528341293,0.12490320205688477
0.8060000000000006,0.06813529520115637,18.252159118652344,0.08528432893350377,0.25729018554089544,0.09927767515182495,0.12604478001594543
0.8080000000000006,0.06813675033783721,18.255901336669922,0.08542312279258632,0.2570177875227576,0.09945031255483627,0.12717682123184204
0.8100000000000006,0.068137928683591,18.259634017944336,0.0856073826388747,0.25680969275095333,0.09968000650405884,0.12829351425170898
0.8120000000000006,0.06813883771307917,18.263370513916016,0.08583717601704101,0.25666585024422733,0.09996689856052399,0.12939000129699707
0.8140000000000006,0.06813995617532423,18.26718521118164,0.08611257882895937,0.2565862448270456,0.10031090676784515,0.13045988976955414
0.8160000000000006,0.06814127968741443,18.262676239013672,0.08634994391611513,0.25657086573011195,0.1006074920296669,0.1305561363697052
0.8180000000000006,0.06814280302395126,18.25752830505371,0.08654928219728732,0.25649732880386883,0.10085658729076385,0.13057681918144226
0.8200000000000006,0.06814451921755259,18.25261116027832,0.08671067251105552,0.2563662234421626,0.10105821490287781,0.13051946461200714
0.8220000000000006,0.0681464203574992,18.247194290161133,0.0868341711074108,0.2561779499167455,0.10121260583400726,0.13038668036460876
0.8240000000000006,0.06814849707966286,18.241771697998047,0.08691987835914891,0.25593296035986635,0.10132003575563431,0.13017669320106506
0.8260000000000006,0.06815073903865486,18.235898971557617,0.08696813939603636,0.25563159463704327,0.10138040035963058,0.12989075481891632
0.8280000000000006,0.06815313462154396,18.22991180419922,0.08697945012833243,0.25527422097543245,0.10139396786689758,0.12952733039855957
0.8300000000000006,0.0681556712282491,18.223556518554688,0.08695388638995394,0.25486114247799985,0.10136084258556366,0.129086434841156
0.8320000000000006,0.06815833511322121,18.216983795166016,0.08689153861782174,0.25439267945501737,0.10128118097782135,0.12856702506542206
0.8340000000000006,0.0681611115531168,18.21017074584961,0.08679249799123884,0.25386911632230713,0.10115505009889603,0.12796857953071594
0.8360000000000006,0.06816398476119746,18.203125,0.08665687081694574,0.25329074999004825,0.1009826809167862,0.12728971242904663
0.8380000000000006,0.06816693798865395,18.195756912231445,0.08648476750220593,0.25265785983934247,0.10076431185007095,0.12653034925460815
0.8400000000000006,0.06816995348000482,18.188323974609375,0.08627631107911968,0.25197073630752637,0.10049991309642792,0.12568946182727814
0.8420000000000006,0.06817301253528879,18.180736541748047,0.08603163086225518,0.25122966404454333,0.10018979012966156,0.1247667446732521
0.8440000000000006,0.0681757613021046,18.17293930053711,0.08575069848219098,0.25043493892416185,0.09983398020267487,0.12373848259449005
0.8460000000000006,0.0681782200432174,18.17666244506836,0.08551581934419505,0.24958675622236887,0.0995352491736412,0.12488528341054916
0.8480000000000006,0.06818040760593447,18.181209564208984,0.0853271357006822,0.2488044172100997,0.09929388016462326,0.12601515650749207
0.8500000000000006,0.06818234225005322,18.185359954833984,0.08518473966700994,0.24808763875734885,0.09910990297794342,0.12712769210338593
0.8520000000000006,0.06818404092302192,18.18984603881836,0.08508877219335169,0.24743629897658706,0.09898360818624496,0.12821736931800842
0.8540000000000006,0.06818551972328425,18.193904876708984,0.08503934874228503,0.24685020095135013,0.09891476482152939,0.12928304076194763
0.8560000000000006,0.06818679347682881,18.197799682617188,0.08503661716859989,0.2463292490188074,0.09890375286340714,0.13032172620296478
0.8580000000000007,0.06818787599580224,18.20152473449707,0.08508071427498125,0.2458733110603871,0.09895043820142746,0.1313333511352539
0.8600000000000007,0.068188779829573,18.205242156982422,0.085171799569261,0.24548232047720872,0.09905513375997543,0.13231870532035828
0.8620000000000007,0.0681895164086447,18.208839416503906,0.08531002974251065,0.2451561958879649,0.09921775758266449,0.13318847119808197
0.8640000000000007,0.06819009589743273,18.212392807006836,0.08549557823269839,0.24489489997646957,0.0994386374950409,0.13394500315189362
0.8660000000000007,0.06819052727415877,18.215953826904297,0.08572862007532962,0.24469839260285522,0.09971795231103897,0.13472189009189606
0.8680000000000007,0.06819106056435269,18.21964454650879,0.08600934309009703,0.24456666465203272,0.10005579888820648,0.13551902770996094
0.8700000000000007,0.06819168816200633,18.21595001220703,0.08625229257705397,0.24449971058372866,0.10034549981355667,0.13530495762825012
0.8720000000000007,0.06819240199761527,18.21173095703125,0.08645753692676952,0.24437768024157208,0.10058734565973282,0.1350407749414444
0.8740000000000007,0.06819319281725261,18.207700729370117,0.08662521712583339,0.2442009761920584,0.10078144073486328,0.13472993671894073
0.8760000000000007,0.068194050732078,18.203149795532227,0.08675545517598114,0.24396990844218663,0.10092795640230179,0.1343666911125183
0.8780000000000007,0.06819496480713172,18.198617935180664,0.08684842307495005,0.24368490099903375,0.10102745145559311,0.13395266234874725
0.8800000000000007,0.0681959233812851,18.193710327148438,0.08690428906982924,0.243346332742969,0.10107982903718948,0.13348601758480072
0.8820000000000007,0.06819691383633168,18.18870735168457,0.08692325797633146,0.24295465756353657,0.10108548402786255,0.13296760618686676
0.8840000000000007,0.06819792278652834,18.183391571044922,0.08690553965714948,0.24251031207818852,0.10104463994503021,0.13239771127700806
0.8860000000000007,0.0681989359532916,18.17797088623047,0.08685137258681033,0.24201378566645995,0.10095779597759247,0.1317419856786728
0.8880000000000007,0.06819993828170724,18.17226791381836,0.08676100539453778,0.24146556701172112,0.10082504898309708,0.13088199496269226
0.8900000000000007,0.06820091387787555,18.166351318359375,0.08663471065263302,0.24086618505270127,0.10064692050218582,0.12993736565113068
0.8920000000000007,0.0682018460855894,18.16017723083496,0.08647277410812682,0.24021617808697265,0.10042385011911392,0.1289067417383194
0.8940000000000007,0.06820271746173509,18.153766632080078,0.08627550278139226,0.23951611781540058,0.10015606880187988,0.1277889907360077
0.8960000000000007,0.06820340900122569,18.147159576416016,0.086043218731717,0.23876659155487975,0.09984426945447922,0.126583531498909
0.8980000000000007,0.0682039414056512,18.15100860595703,0.08585819285813737,0.2379682164312988,0.09959083795547485,0.12763811647891998
0.9000000000000007,0.06820433401453416,18.155202865600586,0.08572060230869509,0.23723635048775898,0.09939619898796082,0.12868930399417877
0.9020000000000007,0.06820460541440232,18.158924102783203,0.0856305746032859,0.23657069798685035,0.09926053136587143,0.1297435164451599
0.9040000000000007,0.06820477287755569,18.16264533996582,0.08558828106569952,0.23597110535437973,0.0991835966706276,0.13080428540706635
0.9060000000000007,0.06820485269744711,18.165714263916016,0.08559386671465946,0.23543735613132868,0.09916574507951736,0.1316402554512024
0.9080000000000007,0.06820485985598469,18.16897201538086,0.08564750481488694,0.2349693236860401,0.0992070883512497,0.13245077431201935
0.9100000000000007,0.06820480820592999,18.172046661376953,0.08574935586635346,0.23456685164645533,0.09930793941020966,0.13328316807746887
0.9120000000000007,0.06820471027098259,18.17516326904297,0.08589959938564093,0.2342298423847542,0.09946829080581665,0.1341371238231659
0.9140000000000007,0.06820457734319621,18.17822265625,0.08609840974929246,0.23395818730794363,0.0996885895729065,0.13501065969467163
0.9160000000000007,0.06820441936116867,18.18142318725586,0.08634597459715634,0.23375181803477477,0.09996911883354187,0.1359027475118637
0.9180000000000007,0.06820426534728825,18.184537887573242,0.0866424804293461,0.23361066574142142,0.10031025111675262,0.13681229948997498
0.9200000000000007,0.06820410755838165,18.182405471801758,0.08690285347071285,0.2335346906979675,0.10060576349496841,0.1362232267856598
0.9220000000000007,0.06820393794740276,18.1795711517334,0.08712715124315402,0.23340943237559209,0.10085543990135193,0.13560423254966736
0.9240000000000007,0.068203747516424,18.176849365234375,0.08731550966900736,0.2332353545906476,0.10105971246957779,0.13495656847953796
0.9260000000000007,0.0682035268000946,18.17374038696289,0.0874680427596016,0.23301282355434919,0.10121868550777435,0.13427558541297913
0.9280000000000007,0.06820326549634526,18.17047882080078,0.087584918609022,0.23274231753793687,0.10133230686187744,0.13356198370456696
0.9300000000000007,0.0682029527517703,18.166898727416992,0.08766630038605552,0.23242426602306293,0.10140100866556168,0.13281378149986267
0.9320000000000007,0.06820257695596123,18.163209915161133,0.08771239078823564,0.23205917170036125,0.10142481327056885,0.13203167915344238
0.9340000000000007,0.06820212591529873,18.15924072265625,0.08772339736293584,0.23164751709959813,0.10140413045883179,0.13121595978736877
0.9360000000000007,0.06820158674476656,18.155162811279297,0.08769955846334769,0.2311898357051749,0.10133911669254303,0.1303047090768814
0.9380000000000007,0.0682009459801428,18.150901794433594,0.08764112289284715,0.23068665775316333,0.10123001039028168,0.12910912930965424
0.9400000000000007,0.06820018952891597,18.14657211303711,0.08754836503661673,0.23013855175829756,0.10107747465372086,0.1278602033853531
0.9420000000000007,0.06819930274966747,18.14199447631836,0.08742157293660995,0.22954609305017634,0.10088150948286057,0.12655441462993622
0.9440000000000007,0.06819827043975388,18.137104034423828,0.0872610571067489,0.2289098880551201,0.1006428450345993,0.12518885731697083
0.9460000000000007,0.06819707689833326,18.132062911987305,0.0870671435710325,0.22823055602285774,0.10036162286996841,0.1237621009349823
0.9480000000000007,0.06819570593768395,18.126811981201172,0.08684017900580893,0.22750874322264944,0.10003862529993057,0.12227272242307663
0.9500000000000007,0.06819427478446621,18.12160873413086,0.08658052670213735,0.2267451122985009,0.09967418760061264,0.1207205057144165
0.9520000000000007,0.0681928075717051,18.125511169433594,0.08636928053266917,0.22594035053,0.09937069565057755,0.12175493687391281
0.9540000000000007,0.06819132690492649,18.129459381103516,0.08620663072903262,0.22520287410436893,0.09912799298763275,0.12279389053583145
0.9560000000000007,0.068189854349934,18.133012771606445,0.08609271418180997,0.22453225742893754,0.09894612431526184,0.12384000420570374
0.9580000000000007,0.06818840996467382,18.13644027709961,0.08602770636637903,0.2239282140957744,0.09882553666830063,0.12489182502031326
0.9600000000000007,0.06818701257201695,18.139827728271484,0.08601175253212832,0.22339040772036037,0.09876590967178345,0.1259528398513794
0.9620000000000007,0.06818567948153775,18.143224716186523,0.08604502120375561,0.2229185927787764,0.09876760840415955,0.1270252913236618
0.9640000000000007,0.06818442664336377,18.146465301513672,0.08612766413949335,0.22251250421126548,0.09883085638284683,0.1281144618988037
0.9660000000000007,0.06818326848302088,18.149700164794922,0.08625984747546896,0.222171939218011,0.09895609319210052,0.1292257457971573
0.9680000000000007,0.06818221799015686,18.152843475341797,0.08644172829826845,0.22189669285961391,0.09914346039295197,0.1300850361585617
0.9700000000000008,0.06818128662175604,18.15619659423828,0.08667347274179919,0.22168660547650565,0.09939323365688324,0.1309012919664383
0.9720000000000008,0.06818048435571392,18.159507751464844,0.0869552421627059,0.2215415251038667,0.09970619529485703,0.13173173367977142
0.9740000000000008,0.06817963530494357,18.1627254486084,0.08728720359933212,0.22146133488682254,0.10008261352777481,0.13257601857185364
0.9760000000000008,0.06817871644933678,18.16164207458496,0.08758718019100953,0.22144593109581634,0.10041723400354385,0.13203531503677368
0.9780000000000008,0.06817770925892158,18.159650802612305,0.08785499071397536,0.2213838798063036,0.10070972889661789,0.13146276772022247
0.9800000000000008,0.06817659828292383,18.15778350830078,0.088090518900557,0.22127557265706016,0.10096028447151184,0.13086336851119995
0.9820000000000008,0.06817537299043559,18.155521392822266,0.08829363765123709,0.2211213515374547,0.10116882622241974,0.1302340030670166
0.9840000000000008,0.06817402333395449,18.153362274169922,0.08846418460704365,0.2209216750135859,0.10133499652147293,0.12957236170768738
0.9860000000000008,0.06817253965392847,18.150997161865234,0.08860204604597165,0.22067778919404413,0.1014590784907341,0.12876781821250916
0.9880000000000008,0.06817091230848675,18.14867401123047,0.08870718861942993,0.22039087582957925,0.10154083371162415,0.12774547934532166
0.9900000000000008,0.06816913166971474,18.146106719970703,0.08877956514145142,0.22006197860727544,0.10158031433820724,0.12668240070343018
0.9920000000000008,0.06816718791018153,18.143447875976562,0.0888186317186988,0.2196920792839174,0.1015777513384819,0.12557683885097504
0.9940000000000008,0.06816507101147373,18.140640258789062,0.0888243818948154,0.21928207270677558,0.10153314471244812,0.12442725151777267
0.9960000000000008,0.0681627719451882,18.13776206970215,0.08879703665978217,0.21883281402283686,0.10144702345132828,0.12323246151208878
0.9980000000000008,0.0681603014180206,18.134775161743164,0.08873685250565612,0.21834510647310507,0.1013193354010582,0.12199147790670395
1.0000000000000007,0.06815765930260197,18.131683349609375,0.08864412323580967,0.2178197307847043,0.10115077346563339,0.1207030788064003
1.0020000000000007,0.06815483873290624,18.128421783447266,0.08851917018350777,0.2172574395683603,0.10094147175550461,0.11936715990304947
1.0040000000000007,0.06815183261525828,18.124893188476562,0.08836234254571058,0.21665897566089198,0.1006920114159584,0.11798320710659027
1.0060000000000007,0.06814863364250387,18.12125015258789,0.08817401128044876,0.21602506980746766,0.1004025936126709,0.11655206233263016
1.0080000000000007,0.0681452342875774,18.117584228515625,0.08795456882341005,0.21535645210162574,0.10007407516241074,0.1150742620229721
1.0100000000000007,0.06814195399962567,18.11383819580078,0.08770442524798767,0.21465385119567537,0.09970684349536896,0.11355158686637878
1.0120000000000007,0.06813881004012912,18.117156982421875,0.08750275219851181,0.21391800139263326,0.09940309077501297,0.11443080753087997
1.0140000000000007,0.06813581785808205,18.12099266052246,0.08734976582856493,0.21325032060993773,0.09916301816701889,0.11531863361597061
1.0160000000000007,0.06813299169763165,18.124500274658203,0.08724561799735127,0.21265014800060222,0.09898661077022552,0.11621499061584473
1.0180000000000007,0.06813034445211569,18.128173828125,0.08719047517088523,0.2121169807215277,0.09887398779392242,0.1171165183186531
1.0200000000000007,0.06812788798755413,18.13153076171875,0.0871844639301367,0.2116502950734401,0.09882532060146332,0.11802458763122559
1.0220000000000007,0.0681256330757351,18.13496971130371,0.08722771620506442,0.21124967634503317,0.09884071350097656,0.11893748492002487
1.0240000000000007,0.06812358956623035,18.13836669921875,0.08732033908996241,0.21091471355238048,0.09892037510871887,0.11985564976930618
1.0260000000000007,0.0681217663550944,18.141773223876953,0.08746244095639413,0.2106450745224451,0.09906486421823502,0.12077873200178146
1.0280000000000007,0.06812017147665139,18.145099639892578,0.0876541148775486,0.21044044384696634,0.0992741659283638,0.12170825153589249
1.0300000000000007,0.06811881208811149,18.148542404174805,0.0878954538466599,0.21030056606340058,0.09954889863729477,0.12264546751976013
1.0320000000000007,0.06811769451902812,18.151941299438477,0.08818654179619449,0.21022520894828955,0.09988932311534882,0.12359219044446945
1.0340000000000007,0.06811648241474794,18.155166625976562,0.0885274625801858,0.21021418814927265,0.10029615461826324,0.1245514377951622
1.0360000000000007,0.06811516685060295,18.15462875366211,0.08883912407598442,0.21026734531865818,0.10066433995962143,0.12411651015281677
1.0380000000000007,0.06811373960228713,18.153587341308594,0.08912122878056321,0.21028126967055555,0.10099353641271591,0.1236455962061882
1.0400000000000007,0.06811219266268081,18.152484893798828,0.08937355711828625,0.2102563084504792,0.10128358006477356,0.12313461303710938
1.0420000000000007,0.06811051834634385,18.15074920654297,0.08959591963041551,0.21019263578902075,0.10153444111347198,0.12258398532867432
1.0440000000000007,0.06810870911043485,18.148902893066406,0.08978819329377995,0.21009052141614076,0.10174597799777985,0.12198808789253235
1.0460000000000007,0.06810675758791321,18.146717071533203,0.08995028614828383,0.2099502038636858,0.10191775113344193,0.1213468536734581
1.0480000000000007,0.06810465647018543,18.14435386657715,0.09008215630979331,0.20977198129951652,0.1020500585436821,0.12065905332565308
1.0500000000000007,0.06810239850380566,18.1417236328125,0.0901837909476419,0.20955613726055403,0.10214278101921082,0.11992569267749786
1.0520000000000007,0.06809997641153574,18.138992309570312,0.09025521578863982,0.20930299377297537,0.10219598561525345,0.11914622038602829
1.0540000000000007,0.06809738287280528,18.135913848876953,0.09029648237978322,0.20901286783616388,0.10220957547426224,0.11832118034362793
1.0560000000000007,0.06809461050977131,18.13249397277832,0.09030767245988702,0.2086861025739568,0.10218382626771927,0.11745022982358932
1.0580000000000007,0.0680916529752335,18.128929138183594,0.09028889274854875,0.2083230417690087,0.10211879014968872,0.11653462052345276
1.0600000000000007,0.06808850578219806,18.12549591064453,0.09024031169106456,0.2079246192778692,0.10201466828584671,0.11557652056217194
1.0620000000000007,0.06808516413014563,18.122108459472656,0.09016217189646362,0.20749195860941097,0.10187184065580368,0.1145809069275856
1.0640000000000007,0.06808162292889296,18.118724822998047,0.09005475621786549,0.20702607693756556,0.10169072449207306,0.11354781687259674
1.0660000000000007,0.0680778768232908,18.115230560302734,0.08991838013086836,0.20652791859109954,0.10147179663181305,0.11247778683900833
1.0680000000000007,0.06807392021223949,18.1116943359375,0.08975338806794898,0.2059983749853768,0.10121531039476395,0.11137162148952484
1.0700000000000007,0.0680697472665509,18.108112335205078,0.08956014847823077,0.20543829114933762,0.10092199593782425,0.11022987216711044
1.0720000000000007,0.06806535194550288,18.104434967041016,0.0893390511886555,0.20484847855739635,0.10059215128421783,0.10905365645885468
1.0740000000000007,0.06806072821241078,18.100727081298828,0.08909050416396323,0.2042297198745891,0.10022633522748947,0.10784406960010529
1.0760000000000007,0.06805632233889715,18.096939086914062,0.08881495458972977,0.20358277719057974,0.099825419485569,0.10660862177610397
1.0780000000000007,0.06805214894431481,18.100799560546875,0.0885883682421863,0.20290828085390525,0.09949096292257309,0.10733024775981903
1.0800000000000007,0.06804822188562525,18.105031967163086,0.08841088864029764,0.2023014785046282,0.0992228239774704,0.10805855691432953
1.0820000000000007,0.06804455402020479,18.108741760253906,0.0882826217452398,0.2017615688907173,0.09902139008045197,0.10879407078027725
1.0840000000000007,0.06804115742596875,18.112741470336914,0.0882036744405086,0.20128792649940952,0.09888637065887451,0.10953391343355179
1.0860000000000007,0.06803804322731813,18.116413116455078,0.08817413091995437,0.2008799253124919,0.09881775826215744,0.11027821153402328
1.0880000000000007,0.06803522174654983,18.120281219482422,0.08819407421620717,0.200537062759497,0.09881578385829926,0.11102689802646637
1.0900000000000007,0.06803270238551268,18.124027252197266,0.08826357399987769,0.20025885572388868,0.09888062626123428,0.11178047209978104
1.0920000000000007,0.06803049372521677,18.12801742553711,0.08838269880823772,0.20004491192086046,0.09901221841573715,0.11253757774829865
1.0940000000000007,0.06802860344971383,18.131887435913086,0.0885515099009349,0.19989486838435055,0.09921099990606308,0.11329828947782516
1.0960000000000008,0.06802703840986969,18.135757446289062,0.08877006834836398,0.19980843226053738,0.09947706013917923,0.11406182497739792
1.0980000000000008,0.06802580457675471,18.139617919921875,0.08903843207007675,0.199785344232722,0.09981057047843933,0.11482858657836914
1.1000000000000008,0.06802447759150418,18.143516540527344,0.08935666004882555,0.19982540156387546,0.10021179169416428,0.11561140418052673
1.1020000000000008,0.06802304378798707,18.141998291015625,0.08964836925044924,0.19992843614052883,0.10057678818702698,0.11540372669696808
1.1040000000000008,0.06802149004976366,18.13982391357422,0.08991323310344575,0.1999969540259617,0.10090509802103043,0.11516732722520828
1.1060000000000008,0.06801980411558638,18.137977600097656,0.0901509862881958,0.20003110154579204,0.10119651257991791,0.114896260201931
1.1080000000000008,0.06801797420507823,18.135589599609375,0.09036140084884586,0.20003094795799808,0.10145077854394913,0.11458572000265121
1.1100000000000008,0.06801598917541607,18.13294219970703,0.09054429645821618,0.19999664175680656,0.1016676127910614,0.11423072963953018
1.1120000000000008,0.06801383827067288,18.129920959472656,0.09069952638285546,0.1999282898674968,0.10184718668460846,0.1138310581445694
1.1140000000000008,0.06801151119539255,18.12694549560547,0.09082698168094108,0.19982604914120508,0.10198896378278732,0.11338606476783752
1.1160000000000008,0.06800899794197136,18.123653411865234,0.0909265827609313,0.19969005613793758,0.10209337621927261,0.1128964051604271
1.1180000000000008,0.06800628881917338,18.120216369628906,0.09099828055280394,0.19952048089172694,0.10215988755226135,0.11236141622066498
1.1200000000000008,0.06800337385794505,18.116575241088867,0.09104205127791948,0.199317486178855,0.10218886286020279,0.11178158223628998
1.1220000000000008,0.06800024310598264,18.112899780273438,0.09105793432583072,0.1990812592718212,0.10218023508787155,0.11115753650665283
1.1240000000000008,0.06799688735896635,18.10919952392578,0.09104604899712566,0.19881253935523907,0.10213407874107361,0.11049065738916397
1.1260000000000008,0.06799329802900002,18.10549545288086,0.09100656657587554,0.19851258450334236,0.10205114632844925,0.10978111624717712
1.1280000000000008,0.06798947396976585,18.101734161376953,0.09093970086001411,0.1981825100558713,0.10193119198083878,0.10902983695268631
1.1300000000000008,0.06798541484665294,18.09800148010254,0.09084585424664625,0.19782332328306554,0.10177499055862427,0.10825318098068237
1.1320000000000008,0.0679811203120315,18.094226837158203,0.09072546782858976,0.19743576363284626,0.10158315300941467,0.10746612399816513
1.1340000000000008,0.06797659703399277,18.090404510498047,0.09057899591808317,0.19702031985593732,0.10135629028081894,0.1066918671131134
1.1360000000000008,0.06797192310461875,18.086570739746094,0.09040690349604279,0.19657709145980953,0.10109507292509079,0.10592648386955261
1.1380000000000008,0.06796712925901961,18.08274269104004,0.09020966664965611,0.19610621838711417,0.10079985857009888,0.10516612976789474
1.1400000000000008,0.0679622271048177,18.078941345214844,0.0899877727262822,0.19560788776359947,0.10047153383493423,0.10440576076507568
1.1420000000000008,0.0679572279186456,18.07516098022461,0.08974172035230371,0.1950823470070165,0.10011059045791626,0.10363943874835968
1.1440000000000008,0.06795262847955204,18.071414947509766,0.08947201907482244,0.19452991379504356,0.09971795231103897,0.1028599962592125
1.1460000000000008,0.06794841770883787,18.075603485107422,0.0892516844312934,0.19395098822281145,0.09939337521791458,0.10343874990940094
1.1480000000000008,0.06794458541067228,18.080297470092773,0.08908075908977531,0.19343736874892017,0.09913690388202667,0.10402575880289078
1.1500000000000008,0.0679411216291856,18.08456039428711,0.08895927932671695,0.1929883289377997,0.09894880652427673,0.10462013632059097
1.1520000000000008,0.06793801736056959,18.08907127380371,0.08888727538148193,0.19260330992444638,0.09882860630750656,0.1052209734916687
1.1540000000000008,0.06793526419080863,18.0933837890625,0.08886477531449015,0.19228175231801625,0.0987764373421669,0.10582955926656723
1.1560000000000008,0.06793285473055743,18.09788703918457,0.08889187520431825,0.1920232155875464,0.09879225492477417,0.10644456744194031
1.1580000000000008,0.06793078241451228,18.102256774902344,0.08896876309651072,0.19182727918872464,0.09887617081403732,0.10706543922424316
1.1600000000000008,0.06792904176693551,18.10655403137207,0.08909552204082234,0.19169361123779707,0.09902802854776382,0.10769102722406387
1.1620000000000008,0.06792762829265293,18.1107234954834,0.08927224092310342,0.19162191017674352,0.09924780577421188,0.10832083225250244
1.1640000000000008,0.06792653863904637,18.1149845123291,0.08949901679146555,0.1916119439755297,0.09953580051660538,0.10897249728441238
1.1660000000000008,0.06792577053799306,18.11903953552246,0.08977595621533108,0.191663515496942,0.09989162534475327,0.10967285186052322
1.1680000000000008,0.06792491715587505,18.122909545898438,0.09010317482861632,0.19177648459100974,0.10031557083129883,0.11044217646121979
1.1700000000000008,0.06792396756852939,18.120323181152344,0.0904055437012743,0.1919507472898287,0.10070423036813736,0.11037902534008026
1.1720000000000008,0.06792291173290269,18.117183685302734,0.09068274423544391,0.19209215490954726,0.10105676203966141,0.11030220985412598
1.1740000000000008,0.06792174116910736,18.114315032958984,0.09093448662582239,0.1922008666445311,0.10137327015399933,0.11019174009561539
1.1760000000000008,0.06792044838453179,18.111103057861328,0.09116051366688478,0.19227695287838528,0.10165319591760635,0.11004550755023956
1.1780000000000008,0.06791902726004544,18.107868194580078,0.09136059518920185,0.19232055239027196,0.10189664363861084,0.10985935479402542
1.1800000000000008,0.06791747270711268,18.104236602783203,0.09153452917111449,0.19233175509502465,0.1021031066775322,0.10963143408298492
1.1820000000000008,0.06791578088405215,18.10062026977539,0.09168213843501578,0.19231069422441974,0.10227267444133759,0.1093611791729927
1.1840000000000008,0.06791394831963402,18.096763610839844,0.09180327056596124,0.1922574785413923,0.10240527987480164,0.1090492233633995
1.1860000000000008,0.0679119718653467,18.09288787841797,0.09189781603135287,0.19217224664347,0.10250085592269897,0.10869588702917099
1.1880000000000008,0.06790985353565611,18.089069366455078,0.09196577237561554,0.1920554559687971,0.10255974531173706,0.1083156168460846
1.1900000000000008,0.06790759577835188,18.08530044555664,0.09200726923175166,0.1919083238780954,0.10258205980062485,0.10795643925666809
1.1920000000000008,0.06790520128579612,18.081581115722656,0.09202246376473379,0.19173126864137344,0.10256868600845337,0.10760459303855896
1.1940000000000008,0.06790268003438066,18.07794952392578,0.09201153340218776,0.1915247015855072,0.10251961648464203,0.10724902153015137
1.1960000000000008,0.06790004177878074,18.074390411376953,0.09197494815300608,0.19128904137592256,0.10243593156337738,0.10687243938446045
1.1980000000000008,0.06789729580677818,18.070911407470703,0.09191318409966312,0.19102475045135936,0.1023181676864624,0.10647150129079819
1.2000000000000008,0.06789445092604618,18.067485809326172,0.09182671341145643,0.19073231457636192,0.10216734558343887,0.10604199767112732
1.2020000000000008,0.06789151550376675,18.064151763916016,0.09171600438185509,0.1904122526170076,0.10198412835597992,0.10557851940393448
1.2040000000000008,0.06788849748737678,18.06084442138672,0.09158152155305234,0.19006511288961114,0.10176929831504822,0.10507642477750778
1.2060000000000008,0.06788540445493686,18.0576171875,0.09142372577991222,0.18969147587311785,0.10152318328619003,0.10453040897846222
1.2080000000000009,0.06788224365154502,18.05449676513672,0.0912430744536846,0.1892919494413651,0.10124678164720535,0.10393638908863068
1.2100000000000009,0.06787902203955362,18.051401138305664,0.09104002173555995,0.18886716800084846,0.10094095021486282,0.10328993946313858
1.2120000000000009,0.06787574633645663,18.048336029052734,0.0908150189468618,0.18841778755701866,0.10060589760541916,0.10258836299180984
1.2140000000000009,0.0678724230568188,18.045310974121094,0.09056851496940174,0.18794448337428207,0.10024259984493256,0.10182887315750122
1.2160000000000009,0.06786938185477319,18.04228973388672,0.0903009567595759,0.18744794558401084,0.09985142946243286,0.10100992023944855
1.2180000000000009,0.06786661268978306,18.04624366760254,0.09008299798595942,0.18692887658645327,0.09952876716852188,0.10144798457622528
1.2200000000000009,0.06786410655584779,18.050704956054688,0.08991468362173677,0.18647253931398794,0.09927435219287872,0.101897232234478
1.2220000000000009,0.06786185473477856,18.054786682128906,0.08979606214474294,0.18607830933748865,0.09908829629421234,0.10235876590013504
1.2240000000000009,0.06785984953912659,18.05904769897461,0.08972717906405661,0.18574571761563302,0.09897056221961975,0.10283129662275314
1.2260000000000009,0.06785808389447201,18.06317138671875,0.08970808603157254,0.18547429074333782,0.09892065823078156,0.10331354290246964
1.2280000000000009,0.06785655178586693,18.067472457885742,0.08973883646530217,0.18526366645209183,0.09893905371427536,0.10380416363477707
1.2300000000000009,0.06785524802739366,18.071643829345703,0.08981949179057104,0.1851134999664544,0.09902527928352356,0.10430280864238739
1.2320000000000009,0.06785416853120445,18.076004028320312,0.08995011873685653,0.185023530525796,0.09917929768562317,0.10480821877717972
1.2340000000000009,0.06785331018244341,18.08026123046875,0.09013079329429023,0.1849935263095536,0.09940090775489807,0.10532288253307343
1.2360000000000009,0.06785267100176,18.08428382873535,0.0903615991002437,0.1850233224794843,0.09969037026166916,0.10589554160833359
1.2380000000000009,0.06785197596719723,18.088294982910156,0.09064262972545906,0.18511278856185476,0.10004706680774689,0.10657545179128647
1.2400000000000009,0.06785121801823277,18.084613800048828,0.09089940378922524,0.18526184992633707,0.1003682017326355,0.10700392723083496
1.2420000000000009,0.06785039050194618,18.08045196533203,0.09113169602298928,0.1853730547033248,0.10065367072820663,0.1074257418513298
1.2440000000000009,0.06784948573018978,18.076562881469727,0.09133929652873211,0.1854467363866814,0.10090313106775284,0.10783913731575012
1.2460000000000009,0.06784849458677795,18.072338104248047,0.0915219601988471,0.18548312004305964,0.1011166200041771,0.10814835131168365
1.2480000000000009,0.06784740945313861,18.068340301513672,0.09167941053283012,0.18548327887049368,0.1012938916683197,0.10828348994255066
1.2500000000000009,0.06784622476548367,18.064315795898438,0.09181147544945462,0.18544903274551067,0.10143516212701797,0.10832177102565765
1.252000000000001,0.06784493893198804,18.060440063476562,0.09191804453491224,0.18538242330218685,0.10154087096452713,0.10827295482158661
1.254000000000001,0.0678435581926026,18.056476593017578,0.0919991833611116,0.1852851450495293,0.10161129385232925,0.1081465482711792
1.256000000000001,0.06784208885506424,18.052846908569336,0.09205540656980932,0.1851585408707939,0.1016477644443512,0.10795988887548447
1.258000000000001,0.06784053708002519,18.049264907836914,0.09208721407131183,0.18500330284027428,0.10165107250213623,0.107718825340271
1.260000000000001,0.06783890891877901,18.045833587646484,0.09209509144792104,0.18482010823033562,0.10162202268838882,0.10742659121751785
1.262000000000001,0.06783721020823791,18.042495727539062,0.09207951287397116,0.1846096023938235,0.10156150907278061,0.10708454251289368
1.264000000000001,0.06783544661120884,18.039260864257812,0.09204094181858438,0.18437242305460827,0.1014702320098877,0.10669291019439697
1.266000000000001,0.06783362357110068,18.036148071289062,0.09197983316679004,0.18410918991871944,0.10134928673505783,0.10625103116035461
1.268000000000001,0.06783174634947398,18.033164978027344,0.0918966340028367,0.183820518342438,0.10119938850402832,0.10575826466083527
1.270000000000001,0.06782982001176291,18.03026580810547,0.09179178523012436,0.18350701281932943,0.10102112591266632,0.10521317273378372
1.272000000000001,0.06782784945971605,18.027427673339844,0.09166572234645691,0.18316927446669692,0.10081520676612854,0.10461462289094925
1.274000000000001,0.0678258394322209,18.02468490600586,0.09151887673226414,0.18280789678117076,0.10058241337537766,0.10396141558885574
1.276000000000001,0.06782379453221071,18.02203941345215,0.09135167638422317,0.1824234695446151,0.10032328218221664,0.10325226187705994
1.278000000000001,0.06782171845237665,18.019424438476562,0.09116454697355243,0.18201657590899625,0.10003871470689774,0.10248599201440811
1.280000000000001,0.06781983089421827,18.016738891601562,0.09095785057032701,0.18158779421839083,0.0997290387749672,0.10166052728891373
1.282000000000001,0.06781812376906571,18.020523071289062,0.09080054155802188,0.18113779655931828,0.0994873195886612,0.10211823880672455
1.284000000000001,0.06781659008658153,18.024585723876953,0.09069268074182366,0.18074855913544582,0.09931313991546631,0.10258617997169495
1.286000000000001,0.06781522323820308,18.02838897705078,0.09063433662414401,0.18041952554844773,0.09920667111873627,0.10306468605995178
1.288000000000001,0.06781401767345432,18.032474517822266,0.09062557264262999,0.18015028812533138,0.09916776418685913,0.10355155169963837
1.290000000000001,0.06781296850176072,18.036354064941406,0.09066646073963872,0.17994043683767535,0.09919612109661102,0.10404907912015915
1.292000000000001,0.067812071894095,18.04048728942871,0.09075707342778401,0.17978966928893267,0.09929180145263672,0.10458389669656754
1.294000000000001,0.06781132486466843,18.04456329345703,0.09089749242106789,0.17969770222960135,0.09945452213287354,0.1051643118262291
1.296000000000001,0.06781072551059056,18.04853057861328,0.09108780392826558,0.17966433490392042,0.0996842011809349,0.10579146444797516
1.298000000000001,0.06781027289419293,18.05237579345703,0.09132810384188221,0.17968939701867429,0.09998054057359695,0.10646674782037735
1.300000000000001,0.0678097785395957,18.056161880493164,0.09161849499761109,0.17977278494831508,0.1003435030579567,0.10719168186187744
1.302000000000001,0.06780923446934446,18.052200317382812,0.09188444874092251,0.17991443088460704,0.10066992044448853,0.10748440772294998
1.304000000000001,0.06780863280986746,18.047719955444336,0.09212549664982213,0.18002002747449886,0.1009589433670044,0.1076335608959198
1.306000000000001,0.06780796747673808,18.043704986572266,0.09234125720834016,0.18009121396941594,0.10121127963066101,0.10772775113582611
1.308000000000001,0.06780723530344791,18.03968048095703,0.09253146160149696,0.1801298472118963,0.10142736881971359,0.10779421776533127
1.310000000000001,0.067806439529929,18.035964965820312,0.09269605628111441,0.1801376997682531,0.10160738229751587,0.10784075409173965
1.312000000000001,0.06780558363054773,18.032264709472656,0.09283559859188746,0.18011600602748623,0.10175282508134842,0.1078437939286232
1.314000000000001,0.06780467138058822,18.02873992919922,0.09295062436605091,0.1800654150952273,0.10186466574668884,0.10778547078371048
1.316000000000001,0.06780370658048814,18.025089263916016,0.09304165516851827,0.17998651246966663,0.10194389522075653,0.10766927152872086
1.318000000000001,0.06780269310437965,18.021671295166016,0.0931091965847106,0.17987987403950498,0.10199174284934998,0.10749893635511398
1.320000000000001,0.06780163475152201,18.018447875976562,0.09315374295732441,0.17974603686007581,0.10200907289981842,0.10727649182081223
1.322000000000001,0.0678005352851002,18.01538848876953,0.09317577693836925,0.17958553070057928,0.10199662297964096,0.1070033460855484
1.324000000000001,0.06779939835699694,18.012454986572266,0.09317577272421071,0.17939886104188738,0.10195552557706833,0.10667893290519714
1.326000000000001,0.0677982275405597,18.009639739990234,0.09315419620860997,0.17918652736048601,0.10188640654087067,0.10630329698324203
1.328000000000001,0.0677970262972187,18.006874084472656,0.09311150729458763,0.17894901308873745,0.10179007798433304,0.10587508976459503
1.330000000000001,0.06779579800513247,18.00424575805664,0.09304816032589329,0.17868679606760235,0.10166756063699722,0.1053934246301651
1.332000000000001,0.0677945446206991,18.001680374145508,0.09296460581454342,0.17840034247065148,0.10151940584182739,0.10485701262950897
1.334000000000001,0.06779326735064523,17.999187469482422,0.09286117654329885,0.17809011262685726,0.10134602338075638,0.10424511134624481
1.336000000000001,0.06779196757147653,17.99668312072754,0.09273812291969015,0.1777569355568731,0.1011483371257782,0.10354802012443542
1.338000000000001,0.06779064685301735,17.99407958984375,0.09259563604698336,0.1774018714490854,0.10092655569314957,0.10278845578432083
1.340000000000001,0.06778930716624093,17.991432189941406,0.09243384293572719,0.17702581900934225,0.10068084299564362,0.10199736058712006
1.342000000000001,0.06778795083773824,17.988784790039062,0.0922529000872434,0.1766294754958085,0.10041194409132004,0.10117799043655396
1.344000000000001,0.06778658050465293,17.986133575439453,0.0920529902866298,0.17621347245803926,0.10011982172727585,0.10033035278320312
1.346000000000001,0.06778533556526185,17.983577728271484,0.09183431971333084,0.17577838868260093,0.09980493038892746,0.09945550560951233
1.348000000000001,0.0677842088821797,17.987117767333984,0.09166501159153244,0.17532475917768683,0.09955711662769318,0.09999655932188034
1.350000000000001,0.06778319442106108,17.991188049316406,0.09154507212250297,0.1749296472820463,0.09937653690576553,0.10056795924901962
1.352000000000001,0.0677822867101712,17.994903564453125,0.09147452464964864,0.1745925875367761,0.09926249086856842,0.1011718362569809
1.354000000000001,0.06778148133138923,17.998821258544922,0.0914533861815082,0.17431324820224156,0.09921534359455109,0.10180873423814774
1.356000000000001,0.06778077462691104,18.00238037109375,0.09148168907066448,0.17409129199769233,0.09923474490642548,0.10248006135225296
1.358000000000001,0.06778016398460605,18.006074905395508,0.09155946639269566,0.17392647979154915,0.0993204414844513,0.10318750143051147
1.360000000000001,0.06777964768157464,18.00956153869629,0.091686765575364,0.17381858919044507,0.09947242587804794,0.1039322018623352
1.362000000000001,0.06777922505117795,18.01313018798828,0.09186363957091724,0.1737674745281057,0.09969022870063782,0.10471653938293457
1.364000000000001,0.0677788964016296,18.01645278930664,0.09209015508593761,0.17377301908521534,0.09997411072254181,0.10554248094558716
1.366000000000001,0.0677785372432917,18.019914627075195,0.09236638732404949,0.1738351695601749,0.1003233939409256,0.10641328245401382
1.368000000000001,0.06777814578116437,18.015962600708008,0.09261673749394832,0.17395390778321773,0.10063467174768448,0.10622185468673706
1.370000000000001,0.06777772191819097,18.01184844970703,0.09284123151426737,0.17404281851285797,0.10090824961662292,0.10612189024686813
1.372000000000001,0.06777726674218736,18.00809097290039,0.09304027046997095,0.1741022018093093,0.10114575177431107,0.10607148706912994
1.374000000000001,0.06777678182722198,18.004220962524414,0.09321447230998656,0.17413226511241012,0.10134818404912949,0.10601799935102463
1.376000000000001,0.06777626928444822,18.000707626342773,0.09336442507072742,0.17413352957206826,0.10151707381010056,0.10595264285802841
1.378000000000001,0.06777573144168769,17.99720001220703,0.09349070598543512,0.17410644521952542,0.10165336728096008,0.10586797446012497
1.380000000000001,0.06777517087243821,17.994007110595703,0.09359387147001245,0.17405147035986224,0.10175847262144089,0.10575809329748154
1.382000000000001,0.06777459021892049,17.990863800048828,0.09367446885682931,0.1739690203430146,0.10183311253786087,0.10561812669038773
1.384000000000001,0.0677739922117425,17.987857818603516,0.09373303103894337,0.1738595140431324,0.1018785685300827,0.1054442748427391
1.386000000000001,0.06777337957521015,17.984825134277344,0.09377008383315312,0.1737233441326528,0.10189583897590637,0.10523367673158646
1.388000000000001,0.06777275504323672,17.981948852539062,0.09378614319319839,0.17356090431583768,0.101885586977005,0.10498420149087906
1.390000000000001,0.06777212131181713,17.979122161865234,0.09378171994532128,0.1733725720736577,0.10184880346059799,0.10469455271959305
1.392000000000001,0.06777147951468511,17.9764461517334,0.0937573184257155,0.17315872462383428,0.10178658366203308,0.1043630987405777
1.394000000000001,0.06777082992186739,17.973796844482422,0.09371322940655569,0.17291972889647586,0.10169932246208191,0.10397374629974365
1.396000000000001,0.06777017328938058,17.97117042541504,0.09364959314226685,0.17265642009252705,0.101587675511837,0.10351917892694473
1.398000000000001,0.0677695107933938,17.968563079833984,0.09356657004393346,0.17236988757397526,0.10145176947116852,0.1030072271823883
1.400000000000001,0.0677688439897294,17.966032028198242,0.09346433857992736,0.17206107738412788,0.10129258781671524,0.10244517773389816
1.402000000000001,0.06776817476726416,17.963539123535156,0.09334309541450343,0.17173080680582253,0.10110995173454285,0.10183911770582199
1.404000000000001,0.06776750531543302,17.96115493774414,0.09320305468651675,0.1713797815497321,0.10090471804141998,0.10119518637657166
1.406000000000001,0.06776683833211933,17.958724975585938,0.09304444887183165,0.17100860450816716,0.10067685693502426,0.10051866620779037
1.408000000000001,0.06776625233523548,17.956260681152344,0.092867598945312,0.17061778559032728,0.1004272922873497,0.0998055636882782
1.410000000000001,0.06776567147797635,17.959678649902344,0.09273980951908338,0.17020763747779724,0.10024411231279373,0.10049524903297424
1.412000000000001,0.06776516643287153,17.95757293701172,0.09259395665979701,0.16985424274107397,0.10003848373889923,0.09990028291940689
1.414000000000001,0.06776473274877773,17.960548400878906,0.09249716606256514,0.1694793357834434,0.09989890456199646,0.10062982141971588
1.416000000000001,0.06776436717599181,17.964576721191406,0.09244939494012776,0.16916079426696126,0.09982570260763168,0.10138966143131256
1.418000000000001,0.0677640671595024,17.967830657958984,0.09245066607068923,0.16889823577609941,0.09981830418109894,0.10218119621276855
1.420000000000001,0.06776383125019186,17.971675872802734,0.09250096823590676,0.16869149806259168,0.099876768887043,0.10300702601671219
1.422000000000001,0.06776359022282552,17.974929809570312,0.09260033615379727,0.16854033792931192,0.10000075399875641,0.10386839509010315
1.424000000000001,0.06776334584771367,17.971900939941406,0.09267830492202979,0.1684446603793475,0.10009437799453735,0.10365288704633713
1.426000000000001,0.06776309997059615,17.96834373474121,0.09273546263444687,0.16832186403865607,0.10015888512134552,0.1034223884344101
1.428000000000001,0.06776285468117257,17.965469360351562,0.09277234364699877,0.1681724516310245,0.10019540041685104,0.1031741127371788
1.430000000000001,0.06776261209218701,17.962207794189453,0.09278950846044068,0.16799679758249247,0.10020472854375839,0.10290342569351196
1.432000000000001,0.06776237441483673,17.959373474121094,0.09278748470991233,0.1677953545000186,0.10018845647573471,0.10260851681232452
1.434000000000001,0.06776214385247294,17.956375122070312,0.09276681522404298,0.16756849883721167,0.10014716535806656,0.10228679329156876
1.436000000000001,0.06776192133942116,17.953720092773438,0.09272802284500119,0.16731665178467417,0.10008186846971512,0.1019371971487999
1.438000000000001,0.06776175677822627,17.950950622558594,0.09267141634077349,0.16704018948484214,0.09999341517686844,0.10158047825098038
1.440000000000001,0.06776164866081791,17.95428466796875,0.0926631600484577,0.16673950668261636,0.09997061640024185,0.10242459923028946
1.442000000000001,0.06776154340607239,17.958030700683594,0.09270330015125544,0.16649493715583752,0.10001340508460999,0.10330352932214737
1.444000000000001,0.06776144299009938,17.955135345458984,0.09272423566752297,0.16630615783539113,0.1000300720334053,0.1030375137925148
1.446000000000001,0.06776134944359688,17.952146530151367,0.09272651257256043,0.16609212584970637,0.10002176463603973,0.10274917632341385
1.448000000000001,0.0677613102100994,17.94942855834961,0.09271065712364945,0.1658532422323544,0.09998901188373566,0.10243748128414154
1.450000000000001,0.067761275650217,17.952503204345703,0.09274303706401985,0.16558986912248214,0.10002167522907257,0.10334177315235138
1.452000000000001,0.06776124767800472,17.950225830078125,0.09275671608485293,0.16538229381153394,0.10002955049276352,0.10306994616985321
1.454000000000001,0.06776122829675922,17.946949005126953,0.09275226325692873,0.1651498821039339,0.10001268237829208,0.10277590900659561
1.456000000000001,0.06776126150030126,17.944536209106445,0.09273018361110252,0.16489308195348729,0.0999726951122284,0.1024596318602562
1.458000000000001,0.06776134719213738,17.947399139404297,0.09275619847707042,0.16461220714138622,0.099997878074646,0.10339479148387909
1.460000000000001,0.06776143506753561,17.95118522644043,0.092830356007037,0.16438704135630539,0.10008858144283295,0.10436920076608658
1.462000000000001,0.06776152678986697,17.948143005371094,0.09288524781119564,0.1642172347551679,0.10015270113945007,0.10414444655179977
1.464000000000001,0.06776162411856154,17.945274353027344,0.09292141085582993,0.16402238942613778,0.10019146651029587,0.10390368849039078
1.466000000000001,0.06776172888666133,17.942413330078125,0.09293938248088425,0.1638028641618785,0.10020565241575241,0.10364490747451782
1.468000000000001,0.06776184296296922,17.939651489257812,0.0929396950179588,0.16355902627878813,0.10019632428884506,0.10336658358573914
1.470000000000001,0.06776196824005523,17.93692398071289,0.09292288099402543,0.16329123954515398,0.10016423463821411,0.10306811332702637
1.472000000000001,0.0677621060749944,17.93426513671875,0.09288947003288203,0.16299987428862883,0.10011056810617447,0.10274903476238251
1.474000000000001,0.0677622561816436,17.931623458862305,0.092839958754064,0.16268530048640087,0.10003582388162613,0.10241731256246567
1.476000000000001,0.06776245627583029,17.929092407226562,0.09277475414373175,0.16234784679038922,0.09994088858366013,0.10209830105304718
1.478000000000001,0.06776270649094182,17.931995391845703,0.09275729916737484,0.1619877051730101,0.09991132467985153,0.10310129076242447
1.480000000000001,0.06776300763073058,17.935535430908203,0.09278766251839575,0.16168301823295955,0.09994684904813766,0.10414263606071472
1.482000000000001,0.06776331243708505,17.938560485839844,0.0928659500507586,0.16143339110997418,0.10004746913909912,0.10522729903459549
1.484000000000001,0.06776362225163259,17.936016082763672,0.09292597961938655,0.1612385639145748,0.10012306272983551,0.1050138920545578
1.486000000000001,0.06776393874239155,17.932723999023438,0.09296830966790574,0.16101952802772412,0.10017422586679459,0.10478764772415161
1.488000000000001,0.06776426346565731,17.93012237548828,0.09299344725724568,0.16077671091051388,0.10020218789577484,0.10454755276441574
1.490000000000001,0.06776459817114368,17.927082061767578,0.0930019370170712,0.16051044744857176,0.10020781308412552,0.10429280251264572
1.492000000000001,0.06776494451655711,17.92449951171875,0.09299429332425675,0.16022114891022257,0.10019192099571228,0.10402268916368484
1.494000000000001,0.06776530426622385,17.921737670898438,0.09297105289877572,0.15990917407191568,0.10015546530485153,0.10373716056346893
1.496000000000001,0.06776567910705521,17.919265747070312,0.09293273467051497,0.15957492808547233,0.10009956359863281,0.10343600064516068
1.498000000000001,0.06776607077696614,17.916717529296875,0.09287987101122876,0.15921878720208066,0.10002469271421432,0.10311982780694962
1.500000000000001,0.06776651269926307,17.914379119873047,0.09281298388462973,0.1588411566394399,0.09993188828229904,0.10278884321451187
1.5020000000000011,0.06776700606932543,17.916839599609375,0.09279359539496289,0.15844242660968752,0.09990409761667252,0.10390425473451614
1.5040000000000011,0.06776755260594104,17.920021057128906,0.09282177963781395,0.1580984655667562,0.09994149953126907,0.10506390035152435
1.5060000000000011,0.0677681044050728,17.922771453857422,0.0928976530485859,0.1578088461111365,0.10004378855228424,0.10627594590187073
1.5080000000000011,0.06776866256074124,17.92021942138672,0.09295670452619384,0.1575732838426356,0.1001228541135788,0.10607347637414932
1.5100000000000011,0.06776922865103314,17.916885375976562,0.09299948476851426,0.15731481114916518,0.10017933696508408,0.10586200654506683
1.5120000000000011,0.06776980401545958,17.914291381835938,0.09302649058142659,0.15703387391810258,0.10021458566188812,0.10564090311527252
1.5140000000000011,0.06777039028830345,17.911245346069336,0.09303826024847607,0.15673082597442176,0.1002291887998581,0.10540960729122162
1.5160000000000011,0.06777098894337012,17.90865707397461,0.09303530041090774,0.15640609685381424,0.10022420436143875,0.10516782104969025
1.5180000000000011,0.067771601628249,17.905818939208984,0.09301814219932386,0.15606006353164634,0.10020055621862411,0.10491562634706497
1.5200000000000011,0.06777222987885351,17.903446197509766,0.09298729807448346,0.15569314851133445,0.1001591682434082,0.10465317219495773
1.5220000000000011,0.06777287532840531,17.901077270507812,0.09294329498207822,0.15530574488411536,0.1001005470752716,0.10438117384910583
1.5240000000000011,0.06777353952934595,17.89904022216797,0.09288664876464896,0.15489827366823325,0.10002585500478745,0.10409993678331375
1.5260000000000011,0.06777425872375717,17.89708709716797,0.09281788379311673,0.15447114000744652,0.09993571043014526,0.103810615837574
1.5280000000000011,0.06777503522617959,17.897981643676758,0.09279639641424302,0.15402476666218687,0.09991051256656647,0.10505573451519012
1.5300000000000011,0.06777587181606161,17.900142669677734,0.09282226977664212,0.15363222993061468,0.09995030611753464,0.10635622590780258
1.5320000000000011,0.0677767152371605,17.902362823486328,0.0928956211103109,0.15329307526904193,0.10005482286214828,0.10772424936294556
1.5340000000000011,0.06777756642705601,17.899879455566406,0.09295396160490406,0.1530069761073058,0.10013843327760696,0.10754171013832092
1.5360000000000011,0.06777842693527868,17.89655303955078,0.09299782790324576,0.1526997024681639,0.10020208358764648,0.10735500603914261
1.5380000000000011,0.06777929797383718,17.89405059814453,0.09302770655304185,0.152371713392115,0.10024665296077728,0.1071624904870987
1.5400000000000011,0.0677801811319005,17.891260147094727,0.09304412345278737,0.15202338600516377,0.10027315467596054,0.10696487873792648
1.5420000000000011,0.06778107778802223,17.888973236083984,0.09304757499660746,0.15165516258299827,0.10028248280286789,0.10676153004169464
1.5440000000000011,0.0677819895504839,17.88662338256836,0.09303858049164294,0.15126743801631518,0.10027515888214111,0.10655327141284943
1.5460000000000012,0.06778291789435799,17.884614944458008,0.09301764161899828,0.15086064570307922,0.10025256127119064,0.10633987188339233
1.5480000000000012,0.06778386443255882,17.882469177246094,0.09298527323723506,0.15043519182632883,0.10021494328975677,0.10612225532531738
1.5500000000000012,0.06778482207861779,17.880516052246094,0.09294197940522732,0.14999150549720033,0.10016349703073502,0.10590069741010666
1.5520000000000012,0.06778577803163467,17.878498077392578,0.09288827151226582,0.14953000034573646,0.10009888559579849,0.10567627847194672
1.5540000000000012,0.06778673447660494,17.876651763916016,0.09282465975662399,0.1490511037565311,0.10002192854881287,0.10544639825820923
1.5560000000000012,0.06778772979752222,17.874797821044922,0.09275167063410769,0.14855524548812984,0.09993340075016022,0.1052040234208107
1.5580000000000012,0.06778876459849714,17.87479019165039,0.09272574910509178,0.1480428885883077,0.09990975260734558,0.10661505162715912
1.5600000000000012,0.06778983959351019,17.875513076782227,0.09274697654642573,0.14758303262731315,0.09995093196630478,0.10810018330812454
1.5620000000000012,0.06779089664497216,17.87590217590332,0.09281546915674785,0.1471751646728042,0.10005645453929901,0.10968892276287079
1.5640000000000012,0.06779193726680803,17.874025344848633,0.09287149067468985,0.1468189031227926,0.10014473646879196,0.10953815281391144
1.5660000000000012,0.06779296349341832,17.871273040771484,0.09291555936134249,0.14644397090149808,0.10021629184484482,0.10938968509435654
1.5680000000000012,0.0677939768046857,17.869354248046875,0.09294814278178475,0.1460508362793325,0.1002725139260292,0.10924115777015686
1.5700000000000012,0.06779497894750976,17.86687469482422,0.09296974767161953,0.14563988800806973,0.1003139391541481,0.10909394174814224
1.5720000000000012,0.06779597131161441,17.86496353149414,0.0929808505837454,0.14521157329265472,0.10034139454364777,0.10894661396741867
1.5740000000000012,0.06779695540928105,17.862693786621094,0.09298195033263616,0.14476629227672072,0.10035552084445953,0.10880071669816971
1.5760000000000012,0.06779793251351031,17.860759735107422,0.09297352728063951,0.14430447850248257,0.1003575325012207,0.10865534096956253
1.5780000000000012,0.06779890393912623,17.858638763427734,0.09295607400425038,0.14382653736092132,0.10034798830747604,0.10851188749074936
1.5800000000000012,0.06779987083382616,17.85662269592285,0.09293007128811066,0.14333289298441493,0.10032779723405838,0.1083700880408287
1.5820000000000012,0.06780083434383004,17.854515075683594,0.09289600606964443,0.14282395231800057,0.10029727965593338,0.10823144763708115
1.5840000000000012,0.0678017960788448,17.852432250976562,0.09285435721346541,0.14230013240957604,0.1002577543258667,0.10809589177370071
1.5860000000000012,0.06780275777877855,17.850303649902344,0.0928056183342397,0.14176183940573203,0.10020957142114639,0.10795765370130539
1.5880000000000012,0.06780372099383186,17.848297119140625,0.09275027842541064,0.14120949910179412,0.10015346109867096,0.10781487822532654
1.5900000000000012,0.06780468715182036,17.846267700195312,0.09268882200464408,0.14064353248260963,0.10009043663740158,0.10766904801130295
1.5920000000000012,0.06780565752815987,17.844257354736328,0.09262172440077765,0.14006435819819266,0.10002095997333527,0.10752150416374207
1.5940000000000012,0.06780666647907417,17.84219741821289,0.09254945563902103,0.13947238554993605,0.09994595497846603,0.107373908162117
1.5960000000000012,0.06780771582903679,17.840665817260742,0.09252404736232767,0.13886801996073742,0.09993544965982437,0.10905488580465317
1.5980000000000012,0.06780880753678258,17.839717864990234,0.09254556901264241,0.13831384802259064,0.09998966008424759,0.11086171865463257
1.6000000000000012,0.06780988733174291,17.838424682617188,0.09261412360246607,0.13780926619397968,0.10010780394077301,0.11217906326055527
1.6020000000000012,0.06781095621380209,17.83631134033203,0.09267401157972519,0.13735380518098192,0.1002141460776329,0.11218272894620895
1.6040000000000012,0.0678120156915627,17.833152770996094,0.09272571312012276,0.13688346084414973,0.10030906647443771,0.1121867373585701
1.6060000000000012,0.06781306684418749,17.830791473388672,0.09276965784756905,0.13639868262741625,0.10039344429969788,0.11219510436058044
1.6080000000000012,0.06781411103422261,17.827869415283203,0.09280631179835223,0.13589984523947365,0.10046806931495667,0.11220522969961166
1.6100000000000012,0.06781514936661255,17.825428009033203,0.09283611028284718,0.13538737138045923,0.1005336195230484,0.11221867054700851
1.6120000000000012,0.06781618310206945,17.8226318359375,0.09285950835480973,0.13486163811960028,0.1005910113453865,0.11223513633012772
1.6140000000000012,0.06781721334586475,17.820154190063477,0.09287694159329413,0.1343230482848037,0.10064082592725754,0.11225495487451553
1.6160000000000012,0.06781824128829769,17.817432403564453,0.0928888554218903,0.13377197601334917,0.1006837785243988,0.11227846145629883
1.6180000000000012,0.0678192680265124,17.81485366821289,0.09289568211562287,0.1332088082566608,0.10072057694196701,0.11230623722076416
1.6200000000000012,0.06782029470513755,17.811813354492188,0.09289785783030137,0.13263391310476777,0.10075177252292633,0.11233841627836227
1.6220000000000012,0.06782132241514496,17.80883026123047,0.09289580906455959,0.13204766388972602,0.10077815502882004,0.1123756691813469
1.6240000000000012,0.0678223522768655,17.80575942993164,0.09288996253227097,0.13145042074495764,0.10080033540725708,0.11241846531629562
1.6260000000000012,0.0678233853834626,17.80274772644043,0.09288073714833679,0.13084254457484015,0.10081895440816879,0.11246705800294876
1.6280000000000012,0.0678244228506996,17.79977035522461,0.09286854972642661,0.1302243863012952,0.10083433240652084,0.11252226680517197
1.6300000000000012,0.06782546578623001,17.796844482421875,0.09285381019915458,0.12959629493199307,0.10084748268127441,0.11258421838283539
1.6320000000000012,0.06782651532017014,17.793943405151367,0.09283692487819223,0.1289586112693209,0.100858673453331,0.11265401542186737
1.6340000000000012,0.06782757263760572,17.791053771972656,0.09281829357259895,0.12831167254300838,0.10086872428655624,0.11273154616355896
1.6360000000000012,0.06782863908142912,17.78813934326172,0.09279831287170519,0.12765580870841953,0.10087798535823822,0.11281725764274597
1.6380000000000012,0.06782971597302043,17.785003662109375,0.09277737676051341,0.12699134565159015,0.10088714212179184,0.11290979385375977
1.6400000000000012,0.06783080462886366,17.781848907470703,0.09275587191237343,0.12631860370856896,0.10089660435914993,0.11300986260175705
1.6420000000000012,0.06783190636150366,17.7786922454834,0.09273417680739182,0.12563789674606948,0.10090687870979309,0.11311865597963333
1.6440000000000012,0.0678330224918606,17.775501251220703,0.09271266246455058,0.12494953100824173,0.10091844946146011,0.1132366880774498
1.6460000000000012,0.06783415435243276,17.772308349609375,0.09269169192450954,0.12425380608728626,0.10093190521001816,0.11336500197649002
1.6480000000000012,0.06783530329687432,17.769142150878906,0.09267162067746934,0.12355101426999017,0.10094773769378662,0.11350401490926743
1.6500000000000012,0.06783647070422874,17.765975952148438,0.09265279635649863,0.12284144111328688,0.1009664237499237,0.1136547103524208
1.6520000000000012,0.0678376579866702,17.762645721435547,0.09263555898394321,0.12212536508067366,0.10098813474178314,0.11381799727678299
1.6540000000000012,0.0678388665940604,17.759197235107422,0.09262024078605309,0.12140305788981563,0.10101360827684402,0.11399424821138382
1.6560000000000012,0.06784009802036729,17.75576400756836,0.0926071663310965,0.12067478431826482,0.1010432243347168,0.11418457329273224
1.6580000000000013,0.06784135380813744,17.75235366821289,0.09259665241391642,0.11994080242107667,0.10107719898223877,0.11438913643360138
1.6600000000000013,0.06784263555388502,17.74897575378418,0.09258900812970978,0.11920136343686694,0.10111597925424576,0.11460905522108078
1.6620000000000013,0.06784394491224226,17.745590209960938,0.0925845347992973,0.11845671193301499,0.10116015374660492,0.11484447121620178
1.6640000000000013,0.06784528360048879,17.742172241210938,0.09258352600530852,0.11770708577279299,0.10120979696512222,0.11509613692760468
1.6660000000000013,0.06784665355145184,17.738744735717773,0.09258626754189102,0.11695271622208311,0.1012653186917305,0.11536479741334915
1.6680000000000013,0.06784805678366093,17.735286712646484,0.09259304298918969,0.11619382795532525,0.10132730007171631,0.11564870923757553
1.6700000000000013,0.06784949539583086,17.73185157775879,0.09260412814521439,0.11543063899128131,0.10139599442481995,0.11594793200492859
1.6720000000000013,0.06785097156905955,17.728412628173828,0.09261979063481175,0.11466336009928046,0.10147153586149216,0.11626232415437698
1.6740000000000013,0.06785248756864493,17.72503089904785,0.09264028981732483,0.11389219478461525,0.10155431181192398,0.11659253388643265
1.6760000000000013,0.06785404574580113,17.72157859802246,0.0926658767247637,0.11311733927437172,0.1016446202993393,0.11693844199180603
1.6780000000000013,0.06785564853906181,17.71788787841797,0.0926967939916195,0.11233898254108754,0.10174284130334854,0.11730026453733444
1.6800000000000013,0.06785729847552602,17.714157104492188,0.09273327580627011,0.1115573063188678,0.10184910893440247,0.11767783015966415
1.6820000000000013,0.06785899817182657,17.710359573364258,0.09277554786142256,0.11077248514635273,0.1019640788435936,0.11807142943143845
1.6840000000000013,0.06786075033491179,17.706562042236328,0.09282382732101431,0.10998468641038602,0.1020873412489891,0.11848092824220657
1.6860000000000013,0.06786255776257394,17.702777862548828,0.09287832279049904,0.10919407040995896,0.10221972316503525,0.11890608072280884
1.6880000000000013,0.06786442334377683,17.699020385742188,0.09293923430062076,0.1084007904252862,0.10236112773418427,0.11934705823659897
1.6900000000000013,0.06786635005874632,17.695266723632812,0.0930067532970997,0.10760499280302176,0.10251186043024063,0.11980358511209488
1.6920000000000013,0.06786834097885835,17.691587448120117,0.09308106264204519,0.10680681704876137,0.10267221927642822,0.1202758252620697
1.6940000000000013,0.06787039926630452,17.687969207763672,0.09316233662269369,0.10600639593288763,0.10284218192100525,0.12076326459646225
1.6960000000000013,0.06787252817355785,17.684371948242188,0.09325074097077232,0.10520385560447176,0.10302209854125977,0.12126601487398148
1.6980000000000013,0.06787473104263027,17.68079376220703,0.09334643288990432,0.10439931571643124,0.1032121330499649,0.12178363651037216
1.7000000000000013,0.0678770113041418,17.677276611328125,0.09344956109287193,0.10359288955867406,0.1034121960401535,0.12231595069169998
1.7020000000000013,0.0678793724761922,17.673738479614258,0.09356026584717884,0.10278468420077985,0.1036226898431778,0.12286295741796494
1.7040000000000013,0.06788181816305798,17.67015838623047,0.09367867902986124,0.10197480064207529,0.10384359210729599,0.1234239935874939
1.7060000000000013,0.06788435205370882,17.666587829589844,0.0938049241905442,0.10116333396970797,0.1040751188993454,0.12399899959564209
1.7080000000000013,0.06788697792016184,17.66303062438965,0.09393911662317728,0.10035037352321396,0.10431736707687378,0.12458780407905579
1.7100000000000013,0.06788969961567122,17.659515380859375,0.09408136344574888,0.09953600306563304,0.10457050055265427,0.12518969178199768
1.7120000000000013,0.06789252107277176,17.656021118164062,0.09423176368809248,0.09872030096003287,0.10483431071043015,0.12580472230911255
1.7140000000000013,0.06789544630117779,17.652523040771484,0.09439040838724615,0.09790334035118467,0.10510899126529694,0.1264323890209198
1.7160000000000013,0.06789847938554784,17.649051666259766,0.0945573806902772,0.0970851893514669,0.10539481788873672,0.12707236409187317
1.7180000000000013,0.06790162448312448,17.645599365234375,0.09473275596410759,0.09626591123057206,0.10569172352552414,0.12772421538829803
1.7200000000000013,0.06790488582125673,17.64218521118164,0.09491660191212883,0.09544556460822531,0.10599970072507858,0.12838758528232574
1.7220000000000013,0.06790826769481462,17.638765335083008,0.09510897869717286,0.09462420364940728,0.10631873458623886,0.12906217575073242
1.7240000000000013,0.06791177446350498,17.635345458984375,0.09530993907054477,0.09380187826138452,0.1066487655043602,0.1297476887702942
1.7260000000000013,0.06791541054909299,17.63178062438965,0.09551952850669662,0.09297863429201345,0.10699006170034409,0.13044337928295135
1.7280000000000013,0.06791918043254358,17.628040313720703,0.09573778534319383,0.09215451372869224,0.107342429459095,0.13114939630031586
1.7300000000000013,0.06792308865108664,17.62431526184082,0.09596474092555397,0.0913295548974318,0.10770601034164429,0.13186490535736084
1.7320000000000013,0.06792713979521395,17.620620727539062,0.09620041975657997,0.0905037926614878,0.10808057337999344,0.1325899362564087
1.7340000000000013,0.06793133850561867,17.61695098876953,0.09644483964976694,0.08967725861905353,0.10846616327762604,0.13332359492778778
1.7360000000000013,0.06793568947008105,17.613327026367188,0.09669801188638386,0.08884998129951405,0.10886291414499283,0.13406583666801453
1.7380000000000013,0.06794019742030973,17.60965347290039,0.09695994137581256,0.08802198635780815,0.10927052795886993,0.13481619954109192
1.7400000000000013,0.06794486712874459,17.605915069580078,0.09723062681874332,0.08719329676645617,0.10968916118144989,0.1355743259191513
1.7420000000000013,0.06794970340532834,17.602222442626953,0.09751006087281011,0.08636393300485812,0.11011858284473419,0.13633978366851807
1.7440000000000013,0.06795471109425096,17.598556518554688,0.09779823032027211,0.08553391324547267,0.11055862903594971,0.13711218535900116
1.7460000000000013,0.0679598950706766,17.594715118408203,0.09809511623733329,0.08470325353654432,0.11100948601961136,0.1378912627696991
1.7480000000000013,0.06796526023745485,17.590782165527344,0.09840069416471806,0.08387196798104872,0.11147109419107437,0.1386766880750656
1.7500000000000013,0.06797081152182292,17.58685874938965,0.09871493427912083,0.0830400689115828,0.11194286495447159,0.13946793973445892
1.7520000000000013,0.06797655387210369,17.582725524902344,0.09903780156514731,0.08220756706092501,0.11242537200450897,0.14026479423046112
1.7540000000000013,0.06798249225440507,17.578445434570312,0.09936925598739872,0.08137447172805373,0.1129179298877716,0.1410667598247528
1.7560000000000013,0.06798863164932212,17.573928833007812,0.09970912219583299,0.08054079093941446,0.1134207472205162,0.14187374711036682
1.7580000000000013,0.06799497704864961,17.569337844848633,0.1000568379662435,0.0797065316052647,0.1139337420463562,0.14268526434898376
1.7600000000000013,0.068001533452104,17.564722061157227,0.10041229335279801,0.07887169967094924,0.11445659399032593,0.1435009092092514
1.7620000000000013,0.06800830586406306,17.56011962890625,0.10077542625330754,0.078036300262994,0.11498931795358658,0.14432057738304138
1.7640000000000013,0.06801529929032334,17.55550765991211,0.10114617099131253,0.07720033782991415,0.1155315712094307,0.14514385163784027
1.7660000000000013,0.06802251873487535,17.55091094970703,0.10152445846226815,0.07636381627767264,0.11608327180147171,0.14597049355506897
1.7680000000000013,0.06802996919670823,17.546310424804688,0.10191021627720305,0.07552673909973903,0.11664441972970963,0.14680024981498718
1.7700000000000014,0.0680376556666334,17.54169464111328,0.10230336890372416,0.07468910950172186,0.11721479147672653,0.14763256907463074
1.7720000000000014,0.06804558312414127,17.537113189697266,0.10270383780424179,0.07385093052056962,0.11779429018497467,0.14846739172935486
1.7740000000000014,0.06805375653428437,17.532455444335938,0.10311154157132095,0.07301220513834909,0.118382528424263,0.14930440485477448
1.7760000000000014,0.06806218084459112,17.527713775634766,0.10352639606005598,0.07217293639063824,0.1189793273806572,0.15014345943927765
1.7780000000000014,0.06807086098201573,17.523033142089844,0.10394831451739728,0.07133312746957463,0.11958494782447815,0.1509840041399002
1.7800000000000014,0.06807980184991776,17.518396377563477,0.1043772077083548,0.07049278182162207,0.12019874155521393,0.15182603895664215
1.7820000000000014,0.06808900832507975,17.513870239257812,0.10481298403902538,0.06965190324013164,0.12082091718912125,0.15266914665699005
1.7840000000000014,0.0680984323597467,17.509557723999023,0.1052555496763938,0.06881049595278689,0.1214507594704628,0.15351364016532898
1.7860000000000014,0.0681077319522667,17.50531005859375,0.10570480866487394,0.06796856470402696,0.12208861112594604,0.15435835719108582
1.7880000000000014,0.06811683799046661,17.501062393188477,0.10616066303956084,0.06712611483256492,0.12273397296667099,0.15520375967025757
1.7900000000000014,0.06812574212095057,17.49687957763672,0.10662301293617601,0.06628315234411095,0.12338678538799286,0.1560496687889099
1.7920000000000014,0.0681344360420066,17.49258041381836,0.10709175669769802,0.06543968397943552,0.12404675781726837,0.15689539909362793
1.7940000000000014,0.06814291150734092,17.488014221191406,0.10756679097767506,0.06459571727789928,0.12471390515565872,0.15774112939834595
1.7960000000000014,0.06815116032968672,17.483497619628906,0.1080480108402259,0.06375126063659171,0.12538781762123108,0.15858635306358337
1.7980000000000014,0.06815917438430125,17.478958129882812,0.10853530985674319,0.06290632336522435,0.12606821954250336,0.15943126380443573
1.8000000000000014,0.06816694561234847,17.474430084228516,0.10902858019931543,0.062060915736926715,0.12675508856773376,0.1602754145860672
1.8020000000000014,0.06817446602417523,17.469913482666016,0.10952771273089462,0.061215049035094636,0.127448171377182,0.16111890971660614
1.8040000000000014,0.06818172770248625,17.465396881103516,0.11003259709223798,0.06036873559645162,0.12814724445343018,0.1619611531496048
1.8060000000000014,0.06818872280541632,17.46089744567871,0.1105431217856579,0.05952198885047698,0.12885220348834991,0.16280224919319153
1.8080000000000014,0.06819544356951435,17.457210540771484,0.11105917425561758,0.05867482335536144,0.1295626312494278,0.163642019033432
1.8100000000000014,0.06820188231263154,17.45354461669922,0.11158064096621485,0.05782725483065094,0.13027848303318024,0.1644802689552307
1.8120000000000014,0.06820803143672692,17.449874877929688,0.11210740747559779,0.056979300186742195,0.1309996396303177,0.1653168648481369
1.8140000000000014,0.06821388343058596,17.44622802734375,0.11263935850735744,0.05613097755138708,0.13172560930252075,0.16615155339241028
1.8160000000000014,0.06821943087246071,17.442588806152344,0.11317637801894857,0.0552823062933771,0.132456436753273,0.16698439419269562
1.8180000000000014,0.06822466643263451,17.438962936401367,0.1137183492671822,0.05443330704355802,0.13319166004657745,0.16781508922576904
1.8200000000000014,0.06822958287590755,17.435298919677734,0.1142651548708474,0.053584001713354736,0.13393129408359528,0.16864359378814697
1.8220000000000014,0.06823417306401348,17.431257247924805,0.1148166768705037,0.052734413510950914,0.13467510044574738,0.16946972906589508
1.8240000000000014,0.06823842995796296,17.427230834960938,0.11537279678549957,0.05188456695530047,0.13542293012142181,0.17029330134391785
1.8260000000000014,0.06824234662031976,17.423219680786133,0.11593339566826238,0.0510344878881298,0.1361744999885559,0.17111428081989288
1.8280000000000014,0.06824591621740646,17.41922378540039,0.11649835415590606,0.050184203484094685,0.13692958652973175,0.17193271219730377
1.8300000000000014,0.06824913202144313,17.4151554107666,0.11706755251920258,0.04933374225925471,0.13768810033798218,0.1727481484413147
1.8320000000000014,0.06825198741262106,17.411148071289062,0.11764087070895449,0.048483134078041806,0.13844969868659973,0.17356069386005402
1.8340000000000014,0.06825447588110359,17.407054901123047,0.11821818839981209,0.047632410158881366,0.139214426279068,0.17436999082565308
1.8360000000000014,0.06825659102896404,17.402652740478516,0.11879938503156368,0.046781603078647274,0.13998033106327057,0.1751762479543686
1.8380000000000014,0.06825832657204928,17.398056030273438,0.11938433984792857,0.045930746776118685,0.14067517220973969,0.17597919702529907
1.8400000000000014,0.06825967634177481,17.393394470214844,0.11997293193287963,0.04507987655463517,0.14137408137321472,0.1767788827419281
1.8420000000000014,0.06826063428684309,17.388673782348633,0.12056504024450658,0.04422902908411898,0.14207737147808075,0.17757490277290344
1.8440000000000014,0.06826119447488734,17.38397216796875,0.12116054364643099,0.043378242402681524,0.14278464019298553,0.1783675104379654
1.8460000000000014,0.06826135109403161,17.379255294799805,0.12175932093677563,0.042527555918009434,0.143495574593544,0.1791565865278244
1.8480000000000014,0.06826109845436741,17.37453269958496,0.12236125087467581,0.04167701040875173,0.14421038329601288,0.17994174361228943
1.8500000000000014,0.06826043098933783,17.369792938232422,0.12296621220431579,0.04082664802615209,0.14492876827716827,0.18072310090065002
1.8520000000000014,0.06825934325702507,17.365093231201172,0.12357408367645488,0.039976512296168186,0.14565059542655945,0.18150044977664948
1.8540000000000014,0.06825782994133452,17.360366821289062,0.1241847440673986,0.0391266481223709,0.14637568593025208,0.18227390944957733
1.8560000000000014,0.06825588585306346,17.355098724365234,0.12479807219535452,0.038277101789914864,0.14710411429405212,0.18304327130317688
1.8580000000000014,0.06825350593085057,17.349842071533203,0.12541394693408528,0.037427920970929535,0.14783546328544617,0.18380850553512573
1.8600000000000014,0.0682506852419904,17.344581604003906,0.12603224722376788,0.036579154731706684,0.14856965839862823,0.18456947803497314
1.8620000000000014,0.06824741898310194,17.339309692382812,0.12665285207892274,0.035730853542112286,0.14930689334869385,0.1853259950876236
1.8640000000000014,0.068243702480638,17.33393096923828,0.1272756405932686,0.034883069287711496,0.1500464826822281,0.18607835471630096
1.8660000000000014,0.06823953119122098,17.328575134277344,0.12790049194130942,0.034035855285168476,0.1507887840270996,0.1868261843919754
1.8680000000000014,0.06823490070178055,17.323266983032227,0.12852728538201721,0.03318926630156672,0.15153361856937408,0.18756940960884094
1.8700000000000014,0.06822980672947888,17.31802749633789,0.12915629618289912,0.032343358578400504,0.1522805094718933,0.1883082091808319
1.8720000000000014,0.06822424512139706,17.312828063964844,0.12978778874237978,0.03149818986112944,0.15302954614162445,0.18904221057891846
1.8740000000000014,0.06821821185395517,17.30763053894043,0.13042163489073066,0.030653819435332564,0.1537807285785675,0.1897716373205185
1.8760000000000014,0.06821170303203497,17.302448272705078,0.13105770638449393,0.029810308170707803,0.15453355014324188,0.19049611687660217
1.8780000000000014,0.06820471488776865,17.297317504882812,0.1316958748863107,0.028967718574404746,0.15528826415538788,0.19121594727039337
1.8800000000000014,0.06819724377895477,17.292194366455078,0.13233601193823444,0.02812611485547451,0.1560445874929428,0.19193078577518463
1.8820000000000014,0.06818928618704961,17.287010192871094,0.13297798892779164,0.027285563002621756,0.15680234134197235,0.19264061748981476
1.8840000000000015,0.06818083871467957,17.281814575195312,0.13362167704589656,0.02644613087790233,0.15756145119667053,0.19334562122821808
1.8860000000000015,0.0681718980826119,17.276782989501953,0.134266947235549,0.025607888329636355,0.15832169353961945,0.19404534995555878
1.8880000000000015,0.06816246112610237,17.271623611450195,0.13491367013002964,0.024770907328584488,0.1590832769870758,0.19474001228809357
1.8900000000000015,0.06815252479053494,17.266483306884766,0.1355617159790175,0.02393526213242515,0.15984566509723663,0.1954294592142105
1.8920000000000015,0.06814208612624237,17.26136016845703,0.1362109545607389,0.023101029484892354,0.16060885787010193,0.19611383974552155
1.8940000000000015,0.06813114228238663,17.25627899169922,0.1368612550778182,0.022268288857608398,0.16137276589870453,0.1967928260564804
1.8960000000000015,0.06811969049974119,17.251209259033203,0.13751248603397956,0.021437122744911965,0.1621372252702713,0.19746629893779755
1.8980000000000015,0.06810772810220171,17.24615478515625,0.13816451508807345,0.020607617024949575,0.16290220618247986,0.19813451170921326
1.9000000000000015,0.06809525248679735,17.241451263427734,0.13881720888104862,0.01977986140432677,0.16366757452487946,0.1987973153591156
1.9020000000000015,0.06808226111194221,17.23712730407715,0.13947043283037538,0.01895394996907241,0.16443300247192383,0.19945459067821503
1.9040000000000015,0.06806875148360086,17.233291625976562,0.14012405088499433,0.018129981872192513,0.16519862413406372,0.20010621845722198
1.9060000000000015,0.06805478952263001,17.229515075683594,0.14077792523197027,0.01730806219856756,0.1659640520811081,0.200752392411232
1.9080000000000015,0.06804102318377347,17.225669860839844,0.1414318734996991,0.016488303062748257,0.16672930121421814,0.20139266550540924
1.9100000000000015,0.06802761650991473,17.22197151184082,0.14208553334453797,0.015670825016426176,0.1674944907426834,0.20202715694904327
1.9120000000000015,0.06801457311164788,17.21820068359375,0.14273872762136383,0.014855758873280332,0.1682589203119278,0.2026558518409729
1.9140000000000015,0.0680018964748646,17.213993072509766,0.1433913067190823,0.014043248104706113,0.16902290284633636,0.20285046100616455
1.9160000000000015,0.06798958996356835,17.209806442260742,0.144043116351561,0.013233452029190618,0.1697862595319748,0.20299682021141052
1.9180000000000015,0.0679776568235942,17.205707550048828,0.1446939965156162,0.01242655012485691,0.17054885625839233,0.2031344324350357
1.9200000000000015,0.06796610018752944,17.20172119140625,0.1453437801727907,0.01162274796326482,0.17131029069423676,0.20326301455497742
1.9220000000000015,0.0679549230812614,17.197776794433594,0.14599229155961144,0.01082228553540307,0.17207075655460358,0.20338210463523865
1.9240000000000015,0.06794412843284041,17.193889617919922,0.14663934398928793,0.010025449195187943,0.17282986640930176,0.20349258184432983
1.9260000000000015,0.06793371908476627,17.190126419067383,0.14728473694356178,0.009232589226735538,0.1735876351594925,0.20359323918819427
1.9280000000000015,0.0679236978115889,17.186553955078125,0.1479282521518747,0.008444146432409467,0.1743437945842743,0.20368441939353943
1.9300000000000015,0.06791406734622274,17.18307113647461,0.1485696481900283,0.007660693716973613,0.17509843409061432,0.20376555621623993
1.9320000000000015,0.06790483042137709,17.179607391357422,0.14920865285387053,0.00688300364734181,0.1758510321378708,0.20383553206920624
1.9340000000000015,0.06789598983896344,17.176109313964844,0.14984495208393026,0.006112163203661554,0.17660148441791534,0.20389392971992493
1.9360000000000015,0.06788754859500284,17.172710418701172,0.15047817335516978,0.005349779183647667,0.1773497760295868,0.20393873751163483
1.9380000000000015,0.06787951012359611,17.16925811767578,0.15110785984269898,0.004598369570068132,0.17809540033340454,0.20396777987480164
1.9400000000000015,0.06787187881943982,17.166038513183594,0.15173342861090308,0.003862167077434418,0.1788378357887268,0.2039780616760254
1.9420000000000015,0.06786466127587783,17.163158416748047,0.15235410025884005,0.003148922006287634,0.17957711219787598,0.20396319031715393
1.9440000000000015,0.06785786952059512,17.160579681396484,0.15296877792714642,0.00247437160795775,0.18031199276447296,0.20391373336315155
1.9460000000000015,0.06785152973963211,17.15774154663086,0.15357585242452615,0.0018743006387669807,0.18104130029678345,0.20381410419940948
1.9480000000000015,0.06784569931273958,17.155208587646484,0.15417305125825737,0.0014348424425112112,0.18176274001598358,0.20364023745059967
1.9500000000000015,0.06784043059394686,17.1519775390625,0.15475846393252257,0.0013134126906995235,0.18247252702713013,0.2034255415201187
1.9520000000000015,0.06783569048698411,17.14685821533203,0.15533520556959768,0.0015725475775000728,0.18307095766067505,0.20322512090206146
1.9540000000000015,0.06783141692963494,17.140304565429688,0.15590900699950674,0.002068071271897104,0.18335363268852234,0.20318324863910675
1.9560000000000015,0.06782756401177929,17.133888244628906,0.15648244959381802,0.0026674396195132746,0.1836356818675995,0.20323222875595093
1.9580000000000015,0.06782410068912856,17.127864837646484,0.15703299684851524,0.003310984139758746,0.18391713500022888,0.2033141702413559
1.9600000000000015,0.06782100496201439,17.122112274169922,0.15737101313439955,0.003974548695588286,0.18419744074344635,0.20340684056282043
1.9620000000000015,0.06781826025716006,17.11650276184082,0.15771148599464954,0.004647590291538799,0.18447604775428772,0.20350190997123718
1.9640000000000015,0.06781585340979038,17.111064910888672,0.15805395292656513,0.00532500925141177,0.18475225567817688,0.20359669625759125
1.9660000000000015,0.06781377350667323,17.105785369873047,0.15839803786745044,0.006004098934681411,0.1850261688232422,0.2036898136138916
1.9680000000000015,0.0678120111884329,17.100555419921875,0.15874343074756048,0.0066833051421207115,0.18529732525348663,0.20378080010414124
1.9700000000000015,0.06781055820722665,17.095340728759766,0.15908987145712786,0.007361673348012192,0.1855657547712326,0.20387017726898193
1.9720000000000015,0.06780940713361752,17.090269088745117,0.15943713805457146,0.008038581768685596,0.18583102524280548,0.2039576768875122
1.9740000000000015,0.06780855115477945,17.085365295410156,0.15978503820460488,0.008713603378032115,0.18609337508678436,0.2040436714887619
1.9760000000000015,0.06780798393101586,17.08057403564453,0.16013340290431108,0.009386430378357274,0.18635231256484985,0.20412825047969818
1.9780000000000015,0.06780769949089027,17.075885772705078,0.16048208183599785,0.010056830806295214,0.1866082400083542,0.20421189069747925
1.9800000000000015,0.0678076921527708,17.071331024169922,0.1608309398652312,0.010724622552464856,0.18686053156852722,0.2042946219444275
1.9820000000000015,0.06780795646493905,17.066938400268555,0.16117985436877066,0.01138965724399101,0.18710976839065552,0.20437663793563843
1.9840000000000015,0.06780848715909114,17.06256675720215,0.1615287131615505,0.012051809933548445,0.18735533952713013,0.2044583559036255
1.9860000000000015,0.06780927911369584,17.058258056640625,0.1618774128708918,0.012710972322318385,0.1875976324081421,0.20454011857509613
1.9880000000000015,0.06781032732475718,17.05400848388672,0.1622258576427151,0.013367048199047014,0.187836155295372,0.20462165772914886
1.9900000000000015,0.06781162688223565,17.04999542236328,0.16257395810268008,0.014019950304921426,0.18807139992713928,0.20470376312732697
1.9920000000000015,0.06781317295085576,17.046030044555664,0.16292163051152367,0.014669598137993595,0.1883031725883484,0.20478592813014984
1.9940000000000015,0.06781496075436852,17.04205894470215,0.16326879607316552,0.015315916389394777,0.18853138387203217,0.20487134158611298
1.9960000000000016,0.06781698556256337,17.0380859375,0.1636153803618766,0.015958833812830225,0.18875598907470703,0.20499853789806366
1.9980000000000016,0.06781924268050014,17.03390884399414,0.16396131284503823,0.01659828239608483,0.18897749483585358,0.2051221877336502
2.0000000000000013,0.06782172743954497,17.029712677001953,0.16430652648190017,0.017234196746565976,0.18919537961483002,0.2052430808544159
2.002000000000001,0.06782443518989444,17.02555274963379,0.16465095738440574,0.017866513630552805,0.1894097924232483,0.20536118745803833
2.004000000000001,0.0678273612943319,17.021610260009766,0.1649945445282347,0.01849517162441537,0.1896209418773651,0.2054763287305832
2.0060000000000007,0.06783050112301774,17.017894744873047,0.1653372295054451,0.019120110848287776,0.18982873857021332,0.20558875799179077
2.0080000000000005,0.06783385004914831,17.014230728149414,0.1656789563112934,0.01974127276122656,0.19003301858901978,0.20569851994514465
2.0100000000000002,0.06783740344535734,17.01043701171875,0.16601967115971356,0.020358600002624204,0.19023454189300537,0.20580576360225677
2.012,0.0678411566807485,17.006328582763672,0.166359322322657,0.020972036268809755,0.19043254852294922,0.20591045916080475
2.014,0.06784510511847446,17.002241134643555,0.16669785998965056,0.021581526216616697,0.1906273066997528,0.20601323246955872
2.0159999999999996,0.0678492441137856,16.99819564819336,0.16703523614439,0.02218701538781463,0.1908191740512848,0.20611339807510376
2.0179999999999993,0.06785356901249122,16.994272232055664,0.1673714044558906,0.022788450149794262,0.19100800156593323,0.20621143281459808
2.019999999999999,0.06785807514977985,16.990385055541992,0.1677063201820343,0.023385777648999066,0.19119398295879364,0.20630747079849243
2.021999999999999,0.06786275784935492,16.98662567138672,0.16803994008379827,0.023978945774436357,0.19137680530548096,0.2064017653465271
2.0239999999999987,0.06786761242285083,16.98294448852539,0.1683722223486519,0.02456790312919059,0.19155721366405487,0.20649364590644836
2.0259999999999985,0.06787263416949593,16.97928237915039,0.1687031265219152,0.02515259900832442,0.19173496961593628,0.20658420026302338
2.0279999999999982,0.0678778183759948,16.975656509399414,0.16903261344500375,0.025732983381919008,0.19190990924835205,0.20667266845703125
2.029999999999998,0.06788316031661068,16.972064971923828,0.16936064519968794,0.026309006882247757,0.19208240509033203,0.20676009356975555
2.031999999999998,0.06788865525341978,16.9685001373291,0.16968718505759395,0.02688062079429638,0.19225265085697174,0.20684532821178436
2.0339999999999976,0.06789429843672887,16.964954376220703,0.17001219743430565,0.027447777049007003,0.19242067635059357,0.20692960917949677
2.0359999999999974,0.06790008510563234,16.961437225341797,0.17033559053321165,0.028010428218726326,0.19258660078048706,0.20701198279857635
2.037999999999997,0.06790601048869942,16.95787811279297,0.17065706611010906,0.028568527514464696,0.1927502453327179,0.20709317922592163
2.039999999999997,0.06791206980477842,16.954418182373047,0.17097656645817694,0.029122028784621976,0.19291222095489502,0.20717306435108185
2.0419999999999967,0.06791825826390666,16.950992584228516,0.17129406921768223,0.029670886514912464,0.19307248294353485,0.20725218951702118
2.0439999999999965,0.06792457106831494,16.947242736816406,0.1716095528578549,0.030215055829270223,0.193231001496315,0.20732982456684113
2.0459999999999963,0.06793100341352083,16.943435668945312,0.17192299665300775,0.030754492491549334,0.1933879554271698,0.2074062079191208
2.047999999999996,0.06793755048950012,16.93975067138672,0.17223438066025878,0.0312891529078674,0.19354353845119476,0.20748214423656464
2.049999999999996,0.06794420748192945,16.936172485351562,0.17254368569868606,0.03181899412946516,0.19369818270206451,0.20755665004253387
2.0519999999999956,0.06795096957349515,16.932558059692383,0.17285089332975775,0.03234397385598237,0.19385161995887756,0.20763063430786133
2.0539999999999954,0.06795783194525998,16.928604125976562,0.17315598583890446,0.03286405043905468,0.19400416314601898,0.2077036052942276
2.055999999999995,0.0679647897780839,16.924789428710938,0.17345894621811592,0.03337918288616407,0.1941560059785843,0.20777587592601776
2.057999999999995,0.06797183825409438,16.921072006225586,0.17375975814945516,0.03388933086467533,0.19430747628211975,0.20784763991832733
2.0599999999999947,0.06797897255819654,16.91735076904297,0.17405840598940134,0.03439445470601065,0.19445841014385223,0.20791812241077423
2.0619999999999945,0.06798618787962607,16.913639068603516,0.17435488494229814,0.034894515409912466,0.1946091204881668,0.20798856019973755
2.0639999999999943,0.06799347941353605,16.90996551513672,0.1746493706381786,0.03538947464876023,0.19475996494293213,0.2080584317445755
2.065999999999994,0.06800084236261303,16.906314849853516,0.1749419155485214,0.03587929477190889,0.19491082429885864,0.20812749862670898
2.067999999999994,0.068008271938722,16.90272331237793,0.17523249940698504,0.03636393881001543,0.19506175816059113,0.2081964612007141
2.0699999999999936,0.06801576336457593,16.899188995361328,0.17552110265710497,0.03684337047933697,0.19521291553974152,0.20826467871665955
2.0719999999999934,0.06802331187542293,16.89568519592285,0.17580770643857607,0.03731755418597556,0.19536545872688293,0.20833279192447662
2.073999999999993,0.06803091272075512,16.892210006713867,0.17609229257404557,0.03778645503005508,0.19551852345466614,0.20840029418468475
2.075999999999993,0.0680385611660279,16.888771057128906,0.176374843556371,0.03825003880980718,0.19567221403121948,0.20846806466579437
2.0779999999999927,0.06804625249439421,16.88536262512207,0.17665534253629883,0.03870827202556948,0.195827454328537,0.20853519439697266
2.0799999999999925,0.06805398200844608,16.881912231445312,0.17693377331053123,0.03916112188366476,0.19598396122455597,0.20860236883163452
2.0819999999999923,0.06806167068804098,16.878456115722656,0.17721012031014338,0.039608556300166825,0.19614191353321075,0.20866887271404266
2.083999999999992,0.06806913765853201,16.875015258789062,0.17748436858932404,0.04005054390453712,0.19630178809165955,0.20873568952083588
2.085999999999992,0.06807637934127587,16.871601104736328,0.17775650381441366,0.04048705404312968,0.19646336138248444,0.2088022232055664
2.0879999999999916,0.06808340038982676,16.86820411682129,0.17802651225321264,0.04091805678255134,0.19662703573703766,0.20886798202991486
2.0899999999999914,0.0680902054370373,16.864826202392578,0.17829438076454052,0.04134352291288131,0.19679294526576996,0.20893332362174988
2.091999999999991,0.06809679909356253,16.8614501953125,0.17856009678802864,0.041763423950737476,0.19696137309074402,0.20899850130081177
2.093999999999991,0.06810318594633409,16.858064651489258,0.17882364833412362,0.04217773214219149,0.19713212549686432,0.20906317234039307
2.0959999999999908,0.06810937055701156,16.854589462280273,0.1790850239742925,0.042586420465524445,0.19730602204799652,0.20912739634513855
2.0979999999999905,0.0681153574604154,16.85099220275879,0.1793442128314111,0.0429894626338281,0.19751609861850739,0.2091911882162094
2.0999999999999903,0.06812115116294215,16.847410202026367,0.17960120457032486,0.04338683309743894,0.19776186347007751,0.2092549055814743
2.10199999999999,0.06812675614096844,16.843767166137695,0.1798559893885724,0.043778507046214304,0.1980065256357193,0.20931848883628845
2.10399999999999,0.06813217683924469,16.840097427368164,0.18010855800725867,0.044164460411642285,0.1982494443655014,0.20938169956207275
2.1059999999999897,0.06813741766928497,16.836469650268555,0.1803589016620727,0.04454466986878836,0.1984906643629074,0.20944494009017944
2.1079999999999894,0.06814248300775202,16.832836151123047,0.1806070120944394,0.044919112838073205,0.19873079657554626,0.20950767397880554
2.109999999999989,0.06814737719484343,16.829204559326172,0.18085288154279966,0.045287767486889396,0.19896939396858215,0.20957051217556
2.111999999999989,0.06815210453268222,16.825565338134766,0.181096502734012,0.04565061273104939,0.19920714199543,0.20963288843631744
2.1139999999999888,0.06815666928371025,16.821983337402344,0.18133786887487297,0.04600762823606659,0.19944313168525696,0.20969539880752563
2.1159999999999886,0.0681610756690921,16.818538665771484,0.1815769736437461,0.046358794418276304,0.1996781975030899,0.20975817739963531
2.1179999999999883,0.06816532786713009,16.81511688232422,0.18181381118230117,0.046704092445787965,0.19991137087345123,0.20982040464878082
2.119999999999988,0.06816943001169092,16.811691284179688,0.18204837608735663,0.0470435042392732,0.20014378428459167,0.20988282561302185
2.121999999999988,0.0681733861906484,16.808258056640625,0.18228066340282484,0.04737701247259376,0.2003752589225769,0.2099452018737793
2.1239999999999877,0.06817720044434496,16.804859161376953,0.18251066861175208,0.04770460057326666,0.2006046026945114,0.21000763773918152
2.1259999999999875,0.06818087676407056,16.80148696899414,0.18273838762845784,0.048026252722766206,0.20083367824554443,0.21007002890110016
2.1279999999999872,0.06818441909056659,16.79816436767578,0.18296381679076856,0.04834195385667042,0.20106112957000732,0.2101326286792755
2.129999999999987,0.06818783131255045,16.79487419128418,0.18318695285234105,0.04865168966464571,0.2012873739004135,0.21019504964351654
2.131999999999987,0.06819111726526675,16.791597366333008,0.18340779297508197,0.04895544659027847,0.20151254534721375,0.21025770902633667
2.1339999999999866,0.0681942807290664,16.788333892822266,0.18362633472165063,0.049253211830750175,0.2017364352941513,0.21032074093818665
2.1359999999999864,0.06819732542801474,16.78506088256836,0.1838425760480602,0.04954497333635563,0.2019595354795456,0.21038325130939484
2.137999999999986,0.0682002550285285,16.78185272216797,0.18405651529635808,0.04983071980987831,0.2021808922290802,0.21044641733169556
2.139999999999986,0.06820307313804685,16.778715133666992,0.18426815118740425,0.05011044070580622,0.20240165293216705,0.21050970256328583
2.1419999999999857,0.06820578330373507,16.775606155395508,0.18447748281372983,0.05038412622940649,0.20262135565280914,0.21057289838790894
2.1439999999999855,0.0682083890112228,16.772518157958984,0.1846845096324884,0.050651767335652124,0.20283980667591095,0.21063631772994995
2.1459999999999853,0.06821089368338047,16.769485473632812,0.18488923145849284,0.0509133557280029,0.20305706560611725,0.21070030331611633
2.147999999999985,0.06821330067913026,16.766427993774414,0.18509164845734205,0.051168883857045704,0.20327335596084595,0.21076448261737823
2.149999999999985,0.06821561329229814,16.76336669921875,0.18529176113863466,0.051418344918996634,0.2034887671470642,0.21082814037799835
2.1519999999999846,0.06821783475050522,16.76026153564453,0.18548957034927038,0.05166173285406172,0.20370283722877502,0.21089275181293488
2.1539999999999844,0.06821996821409984,16.757143020629883,0.18568507726684275,0.0518990423446642,0.20391589403152466,0.21095731854438782
2.155999999999984,0.06822201677512994,16.753995895385742,0.18587828339311913,0.05213026881353761,0.20412838459014893,0.21102233231067657
2.157999999999984,0.06822398345636171,16.750831604003906,0.18606919054760923,0.052355408421687726,0.20433928072452545,0.21108731627464294
2.1599999999999837,0.0682258712103384,16.7476749420166,0.1862578008612265,0.05257445806622241,0.20454953610897064,0.21115288138389587
2.1619999999999835,0.06822768291848637,16.744522094726562,0.18644411677003725,0.05278741537806014,0.20475855469703674,0.2112187147140503
2.1639999999999833,0.06822942139026351,16.74138069152832,0.18662814100910197,0.05299427871950708,0.20496709644794464,0.21128453314304352
2.165999999999983,0.06823108936235611,16.73824691772461,0.18680987660640602,0.05319504718171726,0.2051738202571869,0.2113507091999054
2.167999999999983,0.06823268949792113,16.73511505126953,0.1869893268768859,0.05338972058202697,0.20538035035133362,0.21141745150089264
2.1699999999999826,0.06823422438587476,16.731924057006836,0.1871664954165433,0.053578299461175954,0.2055855244398117,0.21148423850536346
2.1719999999999824,0.06823569654023005,16.728723526000977,0.1873413860966533,0.05376078508040961,0.20579001307487488,0.2115515023469925
2.173999999999982,0.06823710839948229,16.72556495666504,0.1875140030580677,0.053937179418465854,0.20599336922168732,0.21161916851997375
2.175999999999982,0.0682384623260409,16.722450256347656,0.18768435070560763,0.05410748516845716,0.20619602501392365,0.2116871178150177
2.1779999999999817,0.06823976060571224,16.71933364868164,0.1878524337025531,0.054271705734636785,0.2063974142074585,0.2117556780576706
2.1799999999999815,0.06824100544723205,16.716276168823242,0.18801825696522295,0.05442984522905967,0.2065981775522232,0.21182385087013245
2.1819999999999813,0.06824219898184274,16.71323585510254,0.1881818256576545,0.05458190846814007,0.2067979872226715,0.2118930220603943
2.183999999999981,0.06824334326292654,16.71019744873047,0.18834314518637157,0.05472790096910651,0.2069966197013855,0.21196244657039642
2.185999999999981,0.06824444026568241,16.70717430114746,0.18850222119524923,0.054867828946355224,0.20719459652900696,0.21203218400478363
2.1879999999999806,0.06824549188685587,16.70414924621582,0.18865905956047607,0.05500169930770465,0.20739145576953888,0.21210239827632904
2.1899999999999804,0.06824649994451841,16.70112419128418,0.18881366638560482,0.05512951965055905,0.2075878083705902,0.21217282116413116
2.19199999999998,0.06824746617789403,16.69809913635254,0.1889660479967047,0.05525129825796918,0.20778335630893707,0.2122437059879303
2.19399999999998,0.06824839224723855,16.695079803466797,0.1891162109376025,0.05536704409461332,0.20797774195671082,0.2123146951198578
2.1959999999999797,0.06824927973376674,16.69205093383789,0.18926416196522067,0.055476766802677116,0.2081712782382965,0.21238653361797333
2.1979999999999795,0.06825013013962741,16.68902015686035,0.1894099080450114,0.05558047669765463,0.2083643078804016,0.21245834231376648
2.1999999999999793,0.06825094488793086,16.685977935791016,0.18955345634647958,0.05567818476405901,0.2085566222667694,0.21253091096878052
2.201999999999979,0.06825172532282271,16.682941436767578,0.1896948142388052,0.05576990265105252,0.20874755084514618,0.21260395646095276
2.203999999999979,0.06825247270960608,16.679916381835938,0.1898339892865557,0.05585564266799642,0.20893828570842743,0.2126772254705429
2.2059999999999786,0.06825318823491332,16.6768798828125,0.18997098924549177,0.05593541777991869,0.2091277688741684,0.21275123953819275
2.2079999999999784,0.06825387300692505,16.673847198486328,0.1901058220584656,0.05600924160290523,0.20931677520275116,0.21282505989074707
2.209999999999978,0.06825452805563607,16.670862197875977,0.19023849585141217,0.05607712839942076,0.20950506627559662,0.21289975941181183
2.211999999999978,0.06825515433316859,16.66788101196289,0.19036901892942976,0.056139093073549605,0.20969228446483612,0.21297454833984375
2.2139999999999778,0.06825575271413202,16.664894104003906,0.1904973997729535,0.05619515116617001,0.209878608584404,0.21305035054683685
2.2159999999999775,0.06825632399602743,16.66190528869629,0.19062364703401574,0.05624531885005919,0.21006439626216888,0.21312816441059113
2.2179999999999773,0.06825686889969951,16.658931732177734,0.19074776953259798,0.056289612924928366,0.21024967730045319,0.21320895850658417
2.219999999999977,0.0682573880698317,16.655954360961914,0.1908697762530696,0.05632805081239373,0.21043384075164795,0.2132929265499115
2.221999999999977,0.068257882075485,16.65296173095703,0.19098967634071545,0.056360650550885405,0.21061761677265167,0.2133798450231552
2.2239999999999767,0.0682583514106809,16.64996910095215,0.19110747909834752,0.056387430790493666,0.2108003795146942,0.21346966922283173
2.2259999999999764,0.06825879649502799,16.647003173828125,0.19122319398300214,0.05640841078775213,0.2109825313091278,0.21356269717216492
2.227999999999976,0.06825921767438717,16.64405632019043,0.19133683060272394,0.05642361040036822,0.21116408705711365,0.21365854144096375
2.229999999999976,0.06825961522158291,16.641111373901367,0.19144839871342878,0.056433050081891825,0.21134494245052338,0.21375711262226105
2.231999999999976,0.06825998933714966,16.638172149658203,0.19155790821585317,0.05643675087633248,0.21152476966381073,0.213858500123024
2.2339999999999756,0.0682603401501235,16.635231018066406,0.19166536915257887,0.056434734412725014,0.21170414984226227,0.2139626443386078
2.2359999999999753,0.06826066771886513,16.63231086730957,0.1917707917051421,0.05642702289963655,0.21188323199748993,0.2140699326992035
2.237999999999975,0.068260972031929,16.629405975341797,0.19187418619121543,0.056413639119632854,0.21206127107143402,0.21417869627475739
2.239999999999975,0.06826125300896364,16.626487731933594,0.19197556306187125,0.056394606423687745,0.212238609790802,0.21428917348384857
2.2419999999999747,0.06826151050164975,16.623567581176758,0.19207493289891642,0.056369948725554224,0.2124151736497879,0.21440112590789795
2.2439999999999745,0.06826174429467324,16.620651245117188,0.19217230641230237,0.056339690496083374,0.21259120106697083,0.214513897895813
2.2459999999999742,0.06826195410673348,16.617738723754883,0.19226769443760688,0.05630385675750306,0.21276694536209106,0.21462836861610413
2.247999999999974,0.0682621395915837,16.614843368530273,0.19236110793358513,0.05626247307765435,0.21294163167476654,0.21474428474903107
2.249999999999974,0.06826230033910301,16.611940383911133,0.19245255797979355,0.056215565564187324,0.21311572194099426,0.21486152708530426
2.2519999999999736,0.06826243587640192,16.609046936035156,0.19254205577427475,0.056163160858715894,0.21328924596309662,0.21497996151447296
2.2539999999999734,0.06826254566895507,16.60619354248047,0.19262961263131367,0.056105286130936606,0.21346203982830048,0.21509994566440582
2.255999999999973,0.06826262912176516,16.603361129760742,0.1927152399792546,0.056041969072710564,0.21363422274589539,0.21522054076194763
2.257999999999973,0.06826268558055495,16.60053062438965,0.1927989493583815,0.0559732378921104,0.2138056606054306,0.21534298360347748
2.2599999999999727,0.06826271433298577,16.597776412963867,0.19288075241885677,0.055899121307430896,0.21397654712200165,0.21546649932861328
2.2619999999999725,0.0682627146099011,16.595016479492188,0.1929606609187235,0.055819648541172225,0.21414701640605927,0.21559052169322968
2.2639999999999723,0.06826268558659661,16.592243194580078,0.19303868672195806,0.055734849313988435,0.2143164873123169,0.21571607887744904
2.265999999999972,0.06826262638411446,16.5894718170166,0.19311484179658128,0.055644753838605183,0.21448539197444916,0.21584267914295197
2.267999999999972,0.06826253607055777,16.58670425415039,0.19318913821282463,0.05554939281371045,0.2146538347005844,0.2159702330827713
2.2699999999999716,0.0682624136624292,16.583965301513672,0.19326158814134325,0.05544879741782073,0.2148214876651764,0.2160993069410324
2.2719999999999714,0.06826225812598866,16.581321716308594,0.1933322038514813,0.055342999303112976,0.21498863399028778,0.2162289023399353
2.273999999999971,0.06826206837863222,16.578641891479492,0.19340099770958386,0.05523203058923991,0.21515494585037231,0.21635954082012177
2.275999999999971,0.06826184329028659,16.57602882385254,0.19346798217735622,0.05511592385711497,0.21532046794891357,0.2164907604455948
2.2779999999999707,0.06826158168482355,16.573490142822266,0.19353316981026375,0.05499471214268109,0.215485617518425,0.21662300825119019
2.2799999999999705,0.06826128234148868,16.570959091186523,0.19359657325597662,0.05486842893064855,0.2156495749950409,0.2167559564113617
2.2819999999999703,0.06826094399634677,16.56842803955078,0.1936582052528527,0.054737108148220144,0.21581311523914337,0.2168896347284317
2.28399999999997,0.06826056534373813,16.565902709960938,0.1937180786284598,0.05460078415879587,0.21597591042518616,0.2170240879058838
2.28599999999997,0.06826014503775207,16.563358306884766,0.19377620629813347,0.05445949175565147,0.21613794565200806,0.21715910732746124
2.2879999999999696,0.06825968169370804,16.560810089111328,0.19383260126356755,0.054313266155612806,0.2162991166114807,0.21729466319084167
2.2899999999999694,0.06825917388964992,16.558265686035156,0.19388727661144123,0.05416214299269808,0.21645963191986084,0.2174304872751236
2.291999999999969,0.06825862016784869,16.55571746826172,0.19394024551207223,0.05400615831175894,0.2166195511817932,0.21756738424301147
2.293999999999969,0.06825801903631383,16.553165435791016,0.19399152121810048,0.053845348562098376,0.2167784720659256,0.2177041620016098
2.2959999999999687,0.06825736897031187,16.550609588623047,0.1940411170631997,0.05367975059107778,0.2169366180896759,0.2178417146205902
2.2979999999999685,0.06825666841389168,16.54806900024414,0.1940890464608116,0.05350940163770914,0.2170940637588501,0.21797949075698853
2.2999999999999683,0.06825591578141417,16.54552459716797,0.19413532290290436,0.0533343393262416,0.21725037693977356,0.21811693906784058
2.301999999999968,0.0682551094590867,16.542938232421875,0.1941799599587533,0.05315460165973079,0.21740536391735077,0.21825486421585083
2.303999999999968,0.06825424780650077,16.540332794189453,0.19422297127373916,0.05297022701360158,0.21756017208099365,0.21839332580566406
2.3059999999999676,0.06825332915817198,16.53772735595703,0.19426437056816565,0.05278125412920131,0.21771389245986938,0.21853111684322357
2.3079999999999674,0.06825235182507873,16.535066604614258,0.19430417163609226,0.05258772210734561,0.2178662270307541,0.2186690866947174
2.309999999999967,0.06825131409620507,16.53240203857422,0.19434238834418155,0.052389670401856075,0.218018040060997,0.21880701184272766
2.311999999999967,0.06825021424007816,16.529735565185547,0.19437903463055822,0.05218713881309363,0.2181684523820877,0.2189445197582245
2.3139999999999668,0.0682490505063074,16.527057647705078,0.19441412450368106,0.05198016748148411,0.21831806004047394,0.2190818190574646
2.3159999999999665,0.06824782112711894,16.524372100830078,0.19444767204122215,0.051768796881041954,0.21846632659435272,0.2192191332578659
2.3179999999999663,0.0682465243188852,16.52169418334961,0.19447969138895382,0.05155306781288705,0.21861357986927032,0.2193552553653717
2.319999999999966,0.06824515828365163,16.519010543823242,0.19451019675964437,0.0513330213987631,0.2187594622373581,0.2194913923740387
2.321999999999966,0.06824372121065846,16.516332626342773,0.1945392024319535,0.05110869907455156,0.21890458464622498,0.21962681412696838
2.3239999999999656,0.06824221127784999,16.513675689697266,0.19456672274933645,0.05088014258378165,0.21904797852039337,0.21976126730442047
2.3259999999999654,0.06824062665338494,16.511009216308594,0.19459277211894388,0.050647393971150007,0.21919044852256775,0.21989521384239197
2.327999999999965,0.0682389654971316,16.508296966552734,0.19461736501052773,0.050410495576024505,0.21933098137378693,0.22002838551998138
2.329999999999965,0.068237225962156,16.505455017089844,0.19464051595534088,0.05016949002596961,0.21947067975997925,0.2201600819826126
2.3319999999999648,0.06823540619620033,16.502548217773438,0.19466223954503703,0.049924420230257414,0.21960827708244324,0.22029119729995728
2.3339999999999645,0.06823350434314907,16.499637603759766,0.19468255043056543,0.04967532937338782,0.21974481642246246,0.22042115032672882
2.3359999999999643,0.06823151854448573,16.49673080444336,0.19470146332106225,0.04942226090861622,0.21987956762313843,0.2205495685338974
2.337999999999964,0.06822944694073324,16.493860244750977,0.1947189929827325,0.04916525855148012,0.22001303732395172,0.22067680954933167
2.339999999999964,0.06822728767288432,16.491052627563477,0.19473515423772708,0.04890436627333451,0.22014470398426056,0.2208026796579361
2.3419999999999637,0.06822503888381637,16.488248825073242,0.19474996196301042,0.048639628294892046,0.22027459740638733,0.22092697024345398
2.3439999999999634,0.06822269871969089,16.485458374023438,0.19476343108921745,0.04837108907977204,0.22040289640426636,0.22104935348033905
2.3459999999999632,0.0682202653313389,16.482669830322266,0.19477557659950057,0.04809879332805663,0.22052930295467377,0.22117026150226593
2.347999999999963,0.06821773687562796,16.479896545410156,0.19478641352836468,0.0478227859698553,0.2206537127494812,0.22128932178020477
2.349999999999963,0.06821511151681432,16.477148056030273,0.19479595696049,0.04754311215887955,0.2207760512828827,0.22140637040138245
2.3519999999999626,0.06821238742787633,16.47437858581543,0.19480422202953995,0.04725981726602815,0.22089652717113495,0.22152158617973328
2.3539999999999623,0.06820956279182934,16.471601486206055,0.19481122391695532,0.04697294687298438,0.22101502120494843,0.22163443267345428
2.355999999999962,0.0682066358030231,16.468799591064453,0.1948169778507336,0.046682546765825214,0.22113144397735596,0.22174517810344696
2.357999999999962,0.06820360466841743,16.466014862060547,0.19482149910419228,0.04638866292864078,0.2212451845407486,0.2218535840511322
2.3599999999999617,0.06820046760883937,16.463285446166992,0.19482480299471405,0.0460913415371727,0.22135692834854126,0.22195963561534882
2.3619999999999615,0.06819722286022119,16.460603713989258,0.19482690488247595,0.04579062895246556,0.22146669030189514,0.2220630794763565
2.3639999999999612,0.0681938686748131,16.457931518554688,0.194827820169162,0.04548657171452817,0.22157347202301025,0.22216391563415527
2.365999999999961,0.06819040332237819,16.45526695251465,0.19482756429665304,0.045179216536024004,0.22167830169200897,0.22226183116436005
2.367999999999961,0.06818682509136278,16.452611923217773,0.19482615274570275,0.044868610295965,0.2217801958322525,0.22235700488090515
2.3699999999999606,0.0681831322900461,16.449932098388672,0.19482360103459107,0.04455480003343421,0.22187983989715576,0.22244945168495178
2.3719999999999604,0.06817932324766487,16.44727897644043,0.1948199247177586,0.044237832941323656,0.2219766527414322,0.2225387841463089
2.37399999999996,0.06817539631551538,16.44464111328125,0.19481513938442274,0.043917756360089856,0.2220708429813385,0.22262513637542725
2.37599999999996,0.06817134986803179,16.442012786865234,0.19480926065717058,0.04359461777153851,0.22216200828552246,0.22270825505256653
2.3779999999999597,0.06816718230383922,16.439411163330078,0.1948023041905334,0.04326846479262195,0.22225061058998108,0.22278781235218048
2.3799999999999595,0.06816289204678307,16.436832427978516,0.19479428566954038,0.04293934516926677,0.2223358452320099,0.22286412119865417
2.3819999999999593,0.06815847754693209,16.434329986572266,0.19478522080825128,0.04260730677022229,0.22241835296154022,0.22293709218502045
2.383999999999959,0.0681539372815566,16.431947708129883,0.1947751253482669,0.04227239758093673,0.22249773144721985,0.22300612926483154
2.385999999999959,0.06814926975608122,16.429567337036133,0.1947640150572238,0.04193466569745514,0.22257378697395325,0.22307175397872925
2.3879999999999586,0.06814447350501074,16.42708396911621,0.1947519057272602,0.04159415932035126,0.22264698147773743,0.22313378751277924
2.3899999999999584,0.06813954709282963,16.424617767333984,0.19473881317346936,0.04125092674868149,0.22271667420864105,0.22319188714027405
2.391999999999958,0.06813448911487582,16.42215919494629,0.19472475323232807,0.04090501637397453,0.22278311848640442,0.22324608266353607
2.393999999999958,0.06812929819818603,16.419715881347656,0.1947097417601062,0.04055647667424612,0.22284622490406036,0.22329621016979218
2.3959999999999577,0.06812397300231443,16.417293548583984,0.1946937946312558,0.040205356208050456,0.22290560603141785,0.22334234416484833
2.3979999999999575,0.0681185122201249,16.414884567260742,0.1946769277367819,0.03985170360856076,0.2229616791009903,0.223384290933609
2.3999999999999573,0.06811291457855394,16.412494659423828,0.1946591569825935,0.039495567577689364,0.22301405668258667,0.2234223186969757
2.401999999999957,0.06810717883934607,16.41011619567871,0.19464049828783553,0.039136996880238466,0.22306270897388458,0.22345608472824097
2.403999999999957,0.06810130379976309,16.40774154663086,0.1946209675832033,0.03877604033809328,0.2231076955795288,0.22348521649837494
2.4059999999999566,0.06809528829326104,16.405527114868164,0.19460058080924025,0.03841274682444777,0.22314876317977905,0.22351036965847015
2.4079999999999564,0.0680892011678564,16.40347671508789,0.19457935391461523,0.03804716525807806,0.22318601608276367,0.22353072464466095
2.409999999999956,0.06808314557440649,16.401443481445312,0.194557302854388,0.03767934459764885,0.22321976721286774,0.22354696691036224
2.411999999999956,0.06807712464427691,16.39942741394043,0.19453444358825744,0.03730933383607148,0.2232491672039032,0.22355863451957703
2.4139999999999557,0.06807114060631,16.397430419921875,0.19451079207879313,0.03693718199490221,0.2232745736837387,0.22347624599933624
2.4159999999999555,0.06806519565914579,16.395265579223633,0.19448636428965566,0.036562938118786165,0.22329606115818024,0.22313423454761505
2.4179999999999553,0.06805929197055902,16.39303207397461,0.19446117618380387,0.03618665126995425,0.22331379354000092,0.22279232740402222
2.419999999999955,0.06805343167681882,16.39081382751465,0.19443524372168752,0.03580837052276646,0.22332702577114105,0.22245043516159058
2.421999999999955,0.06804761688207246,16.38861083984375,0.1944085828594332,0.03542814495830875,0.22333626449108124,0.22210855782032013
2.4239999999999546,0.06804184965775094,16.38642692565918,0.19438120954701543,0.03504602365904714,0.22334125638008118,0.2217669039964676
2.4259999999999544,0.06803613204199865,16.38426399230957,0.19435313972642304,0.03466205570353234,0.22334179282188416,0.22142542898654938
2.427999999999954,0.06803046603912627,16.38214111328125,0.19432438932981744,0.034276290161169405,0.2233383059501648,0.22108423709869385
2.429999999999954,0.06802485361908561,16.380084991455078,0.19429497427768355,0.03388877608704795,0.22323143482208252,0.22074328362941742
2.4319999999999538,0.06801929671697024,16.378049850463867,0.19419067508402016,0.03349956251683227,0.2228941172361374,0.22040261328220367
2.4339999999999535,0.06801379723253642,16.376039505004883,0.19398940646266305,0.03310869846172398,0.2225564420223236,0.220062255859375
2.4359999999999533,0.0680083570297503,16.374048233032227,0.19378774886492156,0.03271623290349132,0.22221864759922028,0.21972215175628662
2.437999999999953,0.06800297793635658,16.372053146362305,0.19358574101310955,0.03232221478957156,0.22188054025173187,0.21938234567642212
2.439999999999953,0.067997661743471,16.370037078857422,0.19338342136392733,0.03192669302825387,0.2215423285961151,0.2190430611371994
2.4419999999999527,0.0679924102051967,16.368030548095703,0.19318082810194115,0.03152971648393601,0.22120417654514313,0.2187042236328125
2.4439999999999524,0.0679872250382633,16.366010665893555,0.19297799913314706,0.031131333972470466,0.2208658903837204,0.218365877866745
2.445999999999952,0.0679821079216901,16.364009857177734,0.19277497207862154,0.03073159425659765,0.22052761912345886,0.21802805364131927
2.447999999999952,0.0679770604964719,16.362022399902344,0.19257178426826532,0.03033054604146935,0.22018948197364807,0.21769089996814728
2.4499999999999518,0.06797208436528868,16.36004638671875,0.19236847273463548,0.029928237970274735,0.219851553440094,0.2173544317483902
2.4519999999999516,0.06796718109223818,16.358089447021484,0.19216507420687828,0.02952471861996595,0.2195136398077011,0.21701855957508087
2.4539999999999513,0.06796235220259185,16.356342315673828,0.19196162510475517,0.029120036497093663,0.21917614340782166,0.2166835218667984
2.455999999999951,0.067957599182575,16.354644775390625,0.19175816153277342,0.02871424003375701,0.21883884072303772,0.21634936332702637
2.457999999999951,0.06795292347916915,16.352989196777344,0.19155471927442058,0.028307377583677084,0.2185017466545105,0.21601609885692596
2.4599999999999507,0.06794832649993703,16.35137176513672,0.19135133378650182,0.027899497418402364,0.21816517412662506,0.21568363904953003
2.4619999999999505,0.06794380961287289,16.34974479675293,0.1911480401935905,0.027490647723644752,0.21782898902893066,0.21535205841064453
2.4639999999999502,0.06793937414627443,16.348148345947266,0.19094487328258936,0.0270808765957693,0.21749314665794373,0.21502165496349335
2.46599999999995,0.06793502138863854,16.346567153930664,0.19074186749740718,0.026670232038436895,0.21715791523456573,0.21469219028949738
2.46799999999995,0.06793075258858026,16.345006942749023,0.19053905693375495,0.026258761959416857,0.2168232649564743,0.21436382830142975
2.4699999999999496,0.06792656895477438,16.343463897705078,0.19033647533406078,0.02584651416757811,0.21648910641670227,0.21403653919696808
2.4719999999999493,0.06792247165592093,16.341995239257812,0.19013415608251355,0.025433536370070738,0.21615563333034515,0.21371038258075714
2.473999999999949,0.06791846182073519,16.340579986572266,0.18993213220023075,0.025019876169721976,0.2158229798078537,0.21338540315628052
2.475999999999949,0.06791454053795823,16.339210510253906,0.18973043634056097,0.024605581062648055,0.21549092233181,0.2130618542432785
2.4779999999999487,0.06791070885639412,16.33786392211914,0.18952910078451823,0.024190698436114575,0.21515963971614838,0.21273945271968842
2.4799999999999485,0.06790696778496783,16.336536407470703,0.18932815743636056,0.023775275566657015,0.21482916176319122,0.2124183028936386
2.4819999999999482,0.06790331829281034,16.335407257080078,0.18912763781930392,0.023359359618489256,0.21449963748455048,0.21209856867790222
2.483999999999948,0.06789976130936302,16.334251403808594,0.18892757307138908,0.02294299764221849,0.2141709327697754,0.21178007125854492
2.485999999999948,0.06789629772451285,16.33309555053711,0.1887279939414982,0.022526236573906462,0.21384325623512268,0.21146325767040253
2.4879999999999476,0.06789292838874478,16.331989288330078,0.1885289307855248,0.022109123234500323,0.21351657807826996,0.21114769577980042
2.4899999999999474,0.06788965411332483,16.33092498779297,0.18833041356270874,0.021691704329672757,0.21319077908992767,0.2108335793018341
2.491999999999947,0.06788647567050471,16.329879760742188,0.18813247183213272,0.021274026450116855,0.21286623179912567,0.21052108705043793
2.493999999999947,0.06788339379375359,16.328857421875,0.18793513474939522,0.020856136072333022,0.21254262328147888,0.21019335091114044
2.4959999999999467,0.06788040917801742,16.32786750793457,0.18773843106345856,0.0204380795599765,0.2122201770544052,0.20970094203948975
2.4979999999999465,0.0678775224800011,16.326906204223633,0.18754238911368248,0.020019903165815516,0.2118990272283554,0.20921075344085693
2.4999999999999463,0.06787473431848264,16.326026916503906,0.18734689920875458,0.019601653034374954,0.21157895028591156,0.20872291922569275
2.501999999999946,0.067872045274653,16.325185775756836,0.18715130882307712,0.019183375205347863,0.21126027405261993,0.20823754370212555
2.503999999999946,0.06786945589248672,16.324350357055664,0.1869555530790446,0.018765115617868273,0.21094273030757904,0.2077544778585434
2.5059999999999456,0.06786696667914162,16.323543548583984,0.18675965906854597,0.01834692011575234,0.21062657237052917,0.20727407932281494
2.5079999999999454,0.06786457810539162,16.322769165039062,0.1865636537651102,0.01792883445383799,0.21031171083450317,0.20679596066474915
2.509999999999945,0.06786229060609371,16.322010040283203,0.18636756402205829,0.017510904305565102,0.20999830961227417,0.20632046461105347
2.511999999999945,0.06786010458068738,16.32126808166504,0.18617141657082859,0.017093175271973578,0.20968632400035858,0.20584753155708313
2.5139999999999447,0.06785802039373341,16.320539474487305,0.1859752380195005,0.01667569289231726,0.20921261608600616,0.20537735521793365
2.5159999999999445,0.06785603837549269,16.319826126098633,0.1857790548515419,0.016258502656535764,0.2087240368127823,0.20490945875644684
2.5179999999999443,0.06785415882254578,16.319217681884766,0.18558289342480544,0.015841650019861202,0.2082376629114151,0.20444424450397491
2.519999999999944,0.06785238199845746,16.318714141845703,0.18538677997080916,0.015425180419901588,0.20775318145751953,0.20398172736167908
2.521999999999944,0.06785070813449524,16.31821632385254,0.18519074059434137,0.015009139296593504,0.20727083086967468,0.2035219371318817
2.5239999999999436,0.06784913743039468,16.317705154418945,0.18499480127343543,0.014593572115511433,0.2067907452583313,0.20306476950645447
2.5259999999999434,0.06784767005518821,16.317214965820312,0.18479898785976762,0.014178524395109242,0.20631273090839386,0.2026103436946869
2.527999999999943,0.06784630614809767,16.31675910949707,0.1846033260795487,0.01376404173859384,0.20583702623844147,0.20215864479541779
2.529999999999943,0.0678450458194966,16.316322326660156,0.1844078415349829,0.013350169871290122,0.2053636908531189,0.20170964300632477
2.5319999999999427,0.06784388915195465,16.31589126586914,0.18421255970639416,0.012936954684545046,0.20489244163036346,0.2012634426355362
2.5339999999999425,0.06784283620136905,16.315467834472656,0.184017505955131,0.012524442287460597,0.20442354679107666,0.20081999897956848
2.5359999999999423,0.06784188699819889,16.315052032470703,0.1838227055273987,0.01211267906806387,0.20395714044570923,0.20037955045700073
2.537999999999942,0.06784104154881163,16.314647674560547,0.1836281835591827,0.011701711765922619,0.20349298417568207,0.1999417245388031
2.539999999999942,0.06784029983696128,16.314254760742188,0.18343396508249127,0.011291587558726425,0.20303116738796234,0.19950681924819946
2.5419999999999416,0.06783966182541817,16.31386947631836,0.18324007503317224,0.01088235416604917,0.20257195830345154,0.19907480478286743
2.5439999999999414,0.06783912745776817,16.313488006591797,0.18304653826065315,0.010474059974379241,0.2021152824163437,0.1986457109451294
2.545999999999941,0.0678386966604179,16.313030242919922,0.18285337954002312,0.0100667541887228,0.20166081190109253,0.19821934401988983
2.547999999999941,0.06783836934483463,16.31249237060547,0.18266062358700558,0.009660487017669169,0.2012091428041458,0.19779618084430695
2.5499999999999408,0.06783814541006537,16.31195640563965,0.18246829507652046,0.009255309900990064,0.20075993239879608,0.19737586379051208
2.5519999999999405,0.06783802474559014,16.311420440673828,0.18227641866574867,0.008851275791838465,0.20031334459781647,0.19695842266082764
2.5539999999999403,0.06783800723456974,16.31089210510254,0.1820850190228928,0.008448439509794126,0.19986939430236816,0.19654418528079987
2.55599999999994,0.06783809275757562,16.310348510742188,0.18189412086322665,0.008046858186877042,0.19942805171012878,0.1961328387260437
2.55799999999994,0.067838281196904,16.309799194335938,0.18170374899456343,0.007646591837106254,0.19898934662342072,0.19572454690933228
2.5599999999999397,0.06783857244160295,16.309255599975586,0.1815139283750552,0.0072477040924630795,0.19855357706546783,0.19531941413879395
2.5619999999999394,0.06783896639338884,16.308712005615234,0.18132468418732545,0.006850263166323725,0.1981203258037567,0.19491736590862274
2.563999999999939,0.06783946297366886,16.308151245117188,0.18113604193456456,0.006454343132920839,0.1976899355649948,0.19451838731765747
2.565999999999939,0.06784006213196192,16.307601928710938,0.1809480275666014,0.006060025653768168,0.1972624659538269,0.19412270188331604
2.5679999999999388,0.06784076385609647,16.307044982910156,0.1807606704032022,0.0056674023488653465,0.19683781266212463,0.1937301903963089
2.5699999999999386,0.06784156818470477,16.306467056274414,0.18057445709956493,0.005276578118691446,0.1964159607887268,0.19334106147289276
2.5719999999999383,0.0678424752226941,16.305879592895508,0.18038974620821008,0.00488767590320191,0.19599707424640656,0.19295524060726166
2.573999999999938,0.06784348516063353,16.305265426635742,0.18020656045733136,0.004500843673723377,0.19558115303516388,0.19257278740406036
2.575999999999938,0.06784459829930894,16.30445098876953,0.1800249244361669,0.004116265005400961,0.1951683759689331,0.19219398498535156
2.5779999999999377,0.06784581508112351,16.30354118347168,0.179844865481589,0.003734175601738137,0.19475878775119781,0.19181865453720093
2.5799999999999375,0.06784713613045953,16.302574157714844,0.17966641502751413,0.0033548901334060103,0.19435222446918488,0.1914472132921219
2.5819999999999372,0.06784856230530639,16.30160140991211,0.17948961073526726,0.002978847837585599,0.19394905865192413,0.19107984006404877
2.583999999999937,0.06785009476126332,16.300674438476562,0.1793145000046808,0.0026066942438300496,0.19354917109012604,0.1907167285680771
2.585999999999937,0.06785173502245621,16.299631118774414,0.17914114606399456,0.0022394373529625133,0.19315291941165924,0.1903584599494934
2.5879999999999366,0.06785348502685179,16.298437118530273,0.17896963919835163,0.0018787702655053914,0.19276045262813568,0.19000564515590668
2.5899999999999364,0.06785534700554335,16.297080993652344,0.17880011902524207,0.0015278040096138761,0.19237200915813446,0.1896597146987915
2.591999999999936,0.06785732260329916,16.295562744140625,0.17863282263495966,0.0011929315492205386,0.1919880360364914,0.189322829246521
2.593999999999936,0.06785940869478117,16.293983459472656,0.17846819824910592,0.0008891581615557843,0.19160941243171692,0.18900007009506226
2.5959999999999357,0.0678615816214282,16.292861938476562,0.17830718158400033,0.0006556085483282475,0.19123771786689758,0.18870139122009277
2.5979999999999355,0.06786378505501452,16.294179916381836,0.17815161498851206,0.0005763850131330754,0.19087575376033783,0.18844574689865112
2.5999999999999353,0.06786599496564952,16.30038070678711,0.17800284704836145,0.0006983847557151236,0.19052402675151825,0.1882227212190628
2.601999999999935,0.06786821970020276,16.30762481689453,0.17785925227103405,0.0009426918822498234,0.19017988443374634,0.18797515332698822
2.603999999999935,0.06787046862250533,16.31317710876465,0.1777191378407933,0.0012363793918916785,0.18984021246433258,0.1877010613679886
2.6059999999999346,0.06787274756553102,16.317317962646484,0.17758163954478645,0.0015493729900930117,0.18950428068637848,0.18741467595100403
2.6079999999999344,0.06787505985061515,16.320510864257812,0.17744632630289042,0.0018704269814141558,0.18917132914066315,0.18712332844734192
2.609999999999934,0.06787740727455649,16.32312774658203,0.17731296324479795,0.002194895696187282,0.18884140253067017,0.18683040142059326
2.611999999999934,0.06787979070131524,16.325347900390625,0.1771814106198199,0.0025206159894339687,0.18851415812969208,0.18653756380081177
2.6139999999999337,0.06788221040328002,16.3272647857666,0.17705157904156704,0.00284647141098361,0.1881895512342453,0.18624557554721832
2.6159999999999335,0.06788466626337361,16.328937530517578,0.17692340793375788,0.003171834462150426,0.18786761164665222,0.18595491349697113
2.6179999999999333,0.06788715789941857,16.3304500579834,0.1767968542755965,0.0034963261310452403,0.18754827976226807,0.18566620349884033
2.619999999999933,0.0678896847436246,16.331806182861328,0.176671886303097,0.003819702653762841,0.1872316151857376,0.1853792816400528
2.621999999999933,0.067892246095156,16.333070755004883,0.17654847977313054,0.004141798153572783,0.18691739439964294,0.18509425222873688
2.6239999999999326,0.06789484115596911,16.334285736083984,0.17642661563704082,0.004462493774891971,0.18660596013069153,0.18481135368347168
2.6259999999999324,0.06789746905589789,16.3354549407959,0.17630627853139147,0.00478170021274968,0.1862969845533371,0.18453073501586914
2.627999999999932,0.06790012887062882,16.336572647094727,0.17618745576416756,0.005099347391851191,0.18599066138267517,0.18425245583057404
2.629999999999932,0.06790281963484864,16.33763885498047,0.17607013661319298,0.0054153781418297756,0.18568682670593262,0.1839761883020401
2.6319999999999317,0.0679055403520411,16.33865737915039,0.1759543118280001,0.005729744196588292,0.18538562953472137,0.18370242416858673
2.6339999999999315,0.06790829000190501,16.33963394165039,0.175839973268196,0.006042403592682385,0.18508684635162354,0.1834307461977005
2.6359999999999313,0.06791106754605986,16.34058380126953,0.1757271136357973,0.006353318935738102,0.18479081988334656,0.183161661028862
2.637999999999931,0.06791387193249121,16.341541290283203,0.175615726273734,0.006662456219990903,0.1844974011182785,0.1828947216272354
2.639999999999931,0.06791670209906045,16.342533111572266,0.17550580501190982,0.006969784008762213,0.18420648574829102,0.18263021111488342
2.6419999999999306,0.06791955697630721,16.343490600585938,0.17539734404806417,0.007275272855514913,0.18391822278499603,0.1823681890964508
2.6439999999999304,0.06792243548971322,16.34442710876465,0.17529033785452264,0.0075788948883786355,0.18363256752490997,0.18210843205451965
2.64599999999993,0.06792533656154949,16.345369338989258,0.17518478093895434,0.007880623507691082,0.18334943056106567,0.1818511039018631
2.64799999999993,0.06792825911239748,16.3463077545166,0.17508066172508246,0.008180433162923554,0.18306884169578552,0.18159618973731995
2.6499999999999297,0.06793120206241722,16.347227096557617,0.17497797215024685,0.008478299186174045,0.1827910840511322,0.18134373426437378
2.6519999999999295,0.06793416433241058,16.348133087158203,0.17487670758332235,0.008774197666524824,0.18251566588878632,0.18109361827373505
2.6539999999999293,0.0679371448447238,16.349023818969727,0.17477686339733584,0.009068105354267705,0.18224291503429413,0.18084584176540375
2.655999999999929,0.06794014252401818,16.34990119934082,0.17467843494650725,0.009359999587219761,0.18197298049926758,0.18060056865215302
2.657999999999929,0.06794315629793478,16.350746154785156,0.1745814175476294,0.009649858233553006,0.18170537054538727,0.18035779893398285
2.6599999999999286,0.0679461850976742,16.351573944091797,0.17448580646495548,0.009937659647080748,0.18144047260284424,0.18011726438999176
2.6619999999999284,0.06794922785850252,16.35239028930664,0.1743915968979645,0.01022338263204059,0.18117816746234894,0.17987918853759766
2.663999999999928,0.06795228352019951,16.353118896484375,0.17429878397148393,0.010507006415163382,0.18091847002506256,0.17964352667331696
2.665999999999928,0.0679553510274592,16.353763580322266,0.17420736272777507,0.010788510623398627,0.1806613951921463,0.17941035330295563
2.6679999999999278,0.06795842933024714,16.354394912719727,0.17411732812024774,0.01106787526604128,0.18040700256824493,0.17917954921722412
2.6699999999999275,0.06796151738412443,16.355030059814453,0.17402867500854444,0.011345080720322899,0.1801552176475525,0.1789512187242508
2.6719999999999273,0.06796461415054289,16.355663299560547,0.17394139815477724,0.011620107719745705,0.17990604043006897,0.17872533202171326
2.673999999999927,0.06796771859711513,16.356285095214844,0.17385549222074004,0.011892937344593176,0.1796594262123108,0.17850175499916077
2.675999999999927,0.06797082969786386,16.356903076171875,0.17377095176595278,0.012163551014188164,0.17941546440124512,0.17828071117401123
2.6779999999999267,0.06797394643345166,16.357511520385742,0.1736877712464138,0.012431930480556725,0.17917415499687195,0.1780620515346527
2.6799999999999264,0.0679770677913981,16.35811424255371,0.17360594501396018,0.01269805782322359,0.17893539369106293,0.17784589529037476
2.681999999999926,0.06798019276628045,16.358715057373047,0.17352546731615257,0.01296191544493382,0.17869922518730164,0.17763195931911469
2.683999999999926,0.06798332035992331,16.359298706054688,0.1734463322966093,0.013223486068124313,0.17846575379371643,0.1774204522371292
2.685999999999926,0.06798644958157966,16.35990333557129,0.17336853399573313,0.013482752732010916,0.17823481559753418,0.17721162736415863
2.6879999999999256,0.06798957944810026,16.36050033569336,0.17329206635177516,0.013739698790181087,0.17800667881965637,0.17700500786304474
2.6899999999999253,0.06799270898409689,16.361093521118164,0.17321692320219467,0.013994307908599873,0.17778101563453674,0.17680080235004425
2.691999999999925,0.06799583722209708,16.361682891845703,0.17314309828527186,0.01424656406395991,0.1775580644607544,0.1765991747379303
2.693999999999925,0.06799896320269444,16.362266540527344,0.1730705852419467,0.014496451542313963,0.17733769118785858,0.17639972269535065
2.6959999999999247,0.06800208597469042,16.362844467163086,0.1729993776178518,0.014743954937938447,0.17711997032165527,0.17620278894901276
2.6979999999999245,0.06800520459523317,16.363433837890625,0.17292946886551086,0.01498905915238904,0.1769048273563385,0.17600832879543304
2.6999999999999242,0.06800831812995002,16.364028930664062,0.17286085234668971,0.015231749393720127,0.17669227719306946,0.17581605911254883
2.701999999999924,0.06801142565307734,16.364604949951172,0.1727935213348702,0.015472011175824875,0.17648246884346008,0.17562630772590637
2.703999999999924,0.0680145262475849,16.365177154541016,0.17272746901783945,0.015709830317891815,0.1762751191854477,0.1754390299320221
2.7059999999999236,0.06801761900529718,16.365732192993164,0.17266268850037236,0.01594519294393906,0.17607057094573975,0.17525409162044525
2.7079999999999234,0.06802070302701045,16.366256713867188,0.1725991728069975,0.016178085482424262,0.17586852610111237,0.17507165670394897
2.709999999999923,0.06802377742260879,16.366863250732422,0.1725369148848336,0.016408494665907335,0.17566899955272675,0.1748914271593094
2.711999999999923,0.06802684131117344,16.367626190185547,0.1724759076064863,0.016636407530757562,0.17547225952148438,0.17471368610858917
2.7139999999999227,0.06802989382109344,16.368379592895508,0.17241614377299422,0.016861811416892563,0.17527809739112854,0.17453835904598236
2.7159999999999225,0.06803293409016987,16.369129180908203,0.17235761611681583,0.017084693967544275,0.17508642375469208,0.17436526715755463
2.7179999999999223,0.06803596126572006,16.369876861572266,0.17230031730485376,0.017305043129037828,0.17489759624004364,0.17419466376304626
2.719999999999922,0.06803897450467813,16.370620727539062,0.17224423994150004,0.017522847150584175,0.17471125721931458,0.17402644455432892
2.721999999999922,0.0680419729736929,16.371362686157227,0.17218937657170513,0.017738094584075225,0.17452754080295563,0.17386062443256378
2.7239999999999216,0.06804495584922432,16.37209701538086,0.1721357196840591,0.01795077428388124,0.174346461892128,0.17369712889194489
2.7259999999999214,0.06804792231763729,16.372825622558594,0.17208326171388347,0.018160875406640978,0.17416788637638092,0.17353597283363342
2.727999999999921,0.06805087157529247,16.37354278564453,0.1720319950463212,0.018368387411046502,0.17399194836616516,0.17337721586227417
2.729999999999921,0.06805380282863777,16.374252319335938,0.17198191201943216,0.01857330005761587,0.1738186776638031,0.17322082817554474
2.7319999999999207,0.06805671529429269,16.374963760375977,0.1719330049272793,0.018775603408451913,0.17364779114723206,0.17306676506996155
2.7339999999999205,0.06805960819913663,16.37566566467285,0.1718852660230037,0.018975287826987312,0.17347969114780426,0.17291505634784698
2.7359999999999203,0.06806248078038982,16.376358032226562,0.17183868752189135,0.019172343977707902,0.1733141392469406,0.17276568710803986
2.73799999999992,0.06806531338894896,16.377017974853516,0.17179326160441755,0.019366762825858558,0.17315128445625305,0.17261871695518494
2.73999999999992,0.06806808349463248,16.377662658691406,0.1717489804192772,0.019558535637128848,0.1729908436536789,0.17247401177883148
2.7419999999999196,0.06807079203473479,16.378292083740234,0.17170583608638598,0.019747653977311416,0.17283296585083008,0.17233164608478546
2.7439999999999194,0.06807343998488029,16.378915786743164,0.1716638206998629,0.01993410971194306,0.1726778745651245,0.17219169437885284
2.745999999999919,0.06807602830695278,16.379531860351562,0.1716229263309796,0.020117895005916032,0.17252512276172638,0.17205403745174408
2.747999999999919,0.06807855794914158,16.38014030456543,0.1715831450310796,0.020299002323062407,0.17237509787082672,0.17191863059997559
2.7499999999999187,0.0680810298459802,16.380741119384766,0.17154446883446633,0.02047742442571823,0.17222757637500763,0.1717856228351593
2.7519999999999185,0.06808344491838236,16.381343841552734,0.17150688976125625,0.020653154374257708,0.1720825433731079,0.17165492475032806
2.7539999999999183,0.06808580407367162,16.3819580078125,0.171470399820192,0.02082618552659488,0.17194019258022308,0.17152659595012665
2.755999999999918,0.06808810820560811,16.3825626373291,0.17143499101142098,0.020996511537665078,0.1718004047870636,0.17140038311481476
2.757999999999918,0.06809035819441207,16.383161544799805,0.1714006553292288,0.021164126358872645,0.1716631054878235,0.1712764948606491
2.7599999999999176,0.0680925549067846,16.383743286132812,0.1713673847647338,0.021329024237514205,0.17152826488018036,0.17115497589111328
2.7619999999999174,0.06809469919592351,16.38431167602539,0.17133517130853707,0.021491199716166816,0.1713961362838745,0.17103591561317444
2.763999999999917,0.06809679190154136,16.384870529174805,0.17130400695332304,0.021650647632053432,0.17126648128032684,0.17091898620128632
2.765999999999917,0.06809883384987625,16.385419845581055,0.17127388369642146,0.021807363116376804,0.17113931477069855,0.17080432176589966
2.7679999999999167,0.06810082585370641,16.38595962524414,0.17124479354231326,0.02196134159362107,0.17101465165615082,0.17069187760353088
2.7699999999999165,0.0681027687123596,16.38650131225586,0.17121672850509265,0.022112578780829638,0.170892596244812,0.1705819070339203
2.7719999999999163,0.06810466321172194,16.387041091918945,0.17118968061087633,0.02226107068684832,0.17077301442623138,0.17047400772571564
2.773999999999916,0.06810651012425012,16.387569427490234,0.17116364190016126,0.02240681361154309,0.17065584659576416,0.17036846280097961
2.775999999999916,0.06810831020897726,16.38809585571289,0.17113860443013393,0.02254980414498585,0.17054128646850586,0.17026512324810028
2.7779999999999156,0.06811006421152166,16.38861656188965,0.17111456027692135,0.022690039166612438,0.17042918503284454,0.1701640486717224
2.7799999999999154,0.06811177286409606,16.38912582397461,0.17109150153779099,0.022827515844351238,0.17031964659690857,0.17006522417068481
2.781999999999915,0.06811343688551541,16.389629364013672,0.17106942033329625,0.02296223163372336,0.17021247744560242,0.16996876895427704
2.783999999999915,0.0681150569812056,16.39012908935547,0.17104830880936542,0.023094184276911747,0.17010784149169922,0.16987444460391998
2.7859999999999148,0.06811663384321322,16.390640258789062,0.17102815913933545,0.02322337180180564,0.17000555992126465,0.16978241503238678
2.7879999999999145,0.06811816815021424,16.391151428222656,0.17100896352592942,0.02334979252101158,0.16990594565868378,0.16969256103038788
2.7899999999999143,0.06811966056752612,16.39165496826172,0.17099071420317472,0.023473445030842196,0.16980871558189392,0.16960497200489044
2.791999999999914,0.0681211117471195,16.39215087890625,0.170973403438269,0.023594328210269862,0.16971389949321747,0.16951943933963776
2.793999999999914,0.06812252232762867,16.39263916015625,0.17095702353338227,0.023712441219859735,0.16962146759033203,0.1694362908601761
2.7959999999999137,0.06812389293436824,16.39311981201172,0.17094156682740283,0.023827783500670333,0.16953149437904358,0.16935540735721588
2.7979999999999134,0.06812522417934641,16.393596649169922,0.17092702569762763,0.023940354773128066,0.1694440394639969,0.16927647590637207
2.7999999999999132,0.06812651666128249,16.39406394958496,0.17091339256139088,0.024050155035878575,0.1693589985370636,0.16919982433319092
2.801999999999913,0.068127770965625,16.394527435302734,0.17090065987763278,0.024157184564601815,0.16927634179592133,0.16912539303302765
2.803999999999913,0.06812898766457033,16.394983291625977,0.17088882014841383,0.02426144391081397,0.16919593513011932,0.16905321180820465
2.8059999999999126,0.06813016731708593,16.395431518554688,0.1708778659203642,0.02436293390063067,0.16911815106868744,0.16898302733898163
2.8079999999999123,0.06813131046893187,16.395877838134766,0.17086778978607933,0.024461655633513185,0.16904255747795105,0.16891516745090485
2.809999999999912,0.06813241765268592,16.396310806274414,0.17085858438545218,0.02455761048098629,0.16896952688694,0.1688493937253952
2.811999999999912,0.06813348938777217,16.396738052368164,0.17085024240694782,0.02465080008532684,0.16889876127243042,0.1687857210636139
2.8139999999999117,0.06813452618048793,16.397151947021484,0.17084275658882062,0.02474122635823756,0.1688304841518402,0.16872423887252808
2.8159999999999115,0.06813552852403601,16.397565841674805,0.1708361197202699,0.024828891479484447,0.1687643826007843,0.16866503655910492
2.8179999999999112,0.06813649689855746,16.39797592163086,0.17083032464253792,0.024913797895520062,0.16870081424713135,0.168607696890831
2.819999999999911,0.06813743177116617,16.39837646484375,0.17082536424994904,0.024995948318074994,0.16863949596881866,0.16855263710021973
2.821999999999911,0.0681383335959878,16.398773193359375,0.17082123149089082,0.025075345722734423,0.16858044266700745,0.16849957406520844
2.8239999999999106,0.0681392028141987,16.3991641998291,0.1708179193687382,0.02515199334748279,0.16852372884750366,0.16844868659973145
2.8259999999999104,0.06814003985406732,16.39954948425293,0.1708154209427163,0.025225894691231196,0.16846928000450134,0.168399840593338
2.82799999999991,0.06814084513100041,16.39992904663086,0.17081372932870864,0.02529705351232282,0.1684173047542572,0.16835324466228485
2.82999999999991,0.068141619047588,16.400299072265625,0.17081283770000905,0.02536547382701227,0.16836747527122498,0.16830863058567047
2.8319999999999097,0.06814236199365373,16.400667190551758,0.17081273928801433,0.02543115990792791,0.16832004487514496,0.16826599836349487
2.8339999999999095,0.06814307434630704,16.401025772094727,0.17081342738286115,0.02549411628250909,0.16827480494976044,0.16822561621665955
2.8359999999999093,0.06814375646999592,16.401399612426758,0.17081489533400962,0.02555434773142519,0.16823190450668335,0.16818712651729584
2.837999999999909,0.0681444087165656,16.401771545410156,0.17081713655076908,0.025611859286972675,0.16819116473197937,0.16815078258514404
2.839999999999909,0.06814503142531565,16.402137756347656,0.17082014450276906,0.025666656231453297,0.16815271973609924,0.16811642050743103
2.8419999999999086,0.06814562492306427,16.40249252319336,0.17082391272037634,0.025718744095531404,0.16811637580394745,0.16808414459228516
2.8439999999999084,0.06814618952421103,16.40283966064453,0.1708284347950622,0.02576812865657336,0.16808250546455383,0.16805391013622284
2.845999999999908,0.0681467255308049,16.403207778930664,0.17083370437970918,0.025814815936964754,0.16805076599121094,0.1680256873369217
2.847999999999908,0.06814723323261344,16.403568267822266,0.17083971518887167,0.02585881220241298,0.16802112758159637,0.16799943149089813
2.8499999999999077,0.06814771290719646,16.40392303466797,0.17084646099898207,0.0259001239602298,0.16799387335777283,0.1679752916097641
2.8519999999999075,0.06814816481997929,16.40427017211914,0.17085393564850726,0.025938757957596693,0.1679684966802597,0.16795293986797333
2.8539999999999073,0.06814858922433206,16.40460968017578,0.1708621330380518,0.025974721179808945,0.1679455041885376,0.1679326742887497
2.855999999999907,0.06814898636164954,16.40494728088379,0.17087104713041568,0.026008020848511025,0.1679246723651886,0.1679144650697708
2.857999999999907,0.0681493564614345,16.4052734375,0.17088067195059883,0.02603866441990659,0.1679060012102127,0.16789810359477997
2.8599999999999066,0.06814969974138295,16.405595779418945,0.1708910015857613,0.02606665958295628,0.16788935661315918,0.16788364946842194
2.8619999999999064,0.06815001640747442,16.40591049194336,0.17090203018513359,0.026092014257561108,0.16787488758563995,0.16787146031856537
2.863999999999906,0.06815030665406106,16.40619468688965,0.17091375195988115,0.026114736592724962,0.16786253452301025,0.1678609848022461
2.865999999999906,0.06815057066396293,16.406469345092773,0.17092616118292203,0.02613483496470812,0.1678524613380432,0.16785237193107605
2.8679999999999057,0.06815080860856515,16.406740188598633,0.17093925218870193,0.02615231797516261,0.1678442507982254,0.16784575581550598
2.8699999999999055,0.06815102064791577,16.407007217407227,0.1709530193729239,0.026167194449252053,0.1678382307291031,0.1678410768508911
2.8719999999999053,0.06815120693082963,16.407268524169922,0.17096745719223252,0.026179473433760897,0.16783441603183746,0.16783839464187622
2.873999999999905,0.06815136759499166,16.40752601623535,0.1709825601638604,0.026189164195186913,0.1678323745727539,0.16783751547336578
2.875999999999905,0.0681515027670657,16.407766342163086,0.17099832286522854,0.026196276217822792,0.1678326278924942,0.16783861815929413
2.8779999999999046,0.06815161256280407,16.407997131347656,0.17101473993351016,0.02620081920182289,0.16783487796783447,0.16784153878688812
2.8799999999999044,0.06815169708716026,16.408226013183594,0.17103180606515023,0.026202803061257263,0.16783906519412994,0.16784656047821045
2.881999999999904,0.0681517564344056,16.408445358276367,0.171049516015351,0.026202237922156233,0.16784530878067017,0.1678534895181656
2.883999999999904,0.06815179068824581,16.408660888671875,0.1710678645975176,0.026199134120539667,0.16785357892513275,0.1678624302148819
2.8859999999999038,0.0681517999219435,16.408870697021484,0.17108684668266408,0.026193502200437032,0.1678638607263565,0.1678732931613922
2.8879999999999035,0.06815178419844065,16.40907096862793,0.17110645719878942,0.02618535291189644,0.1678759902715683,0.1678861826658249
2.8899999999999033,0.06815174357048508,16.409269332885742,0.17112669113021328,0.026174697208979348,0.1678902506828308,0.1679011881351471
2.891999999999903,0.06815167808075966,16.409454345703125,0.17114754351688025,0.026161546247751175,0.1679064929485321,0.16791826486587524
2.893999999999903,0.06815158776201172,16.40962028503418,0.17116900945363087,0.026145911384254854,0.16792473196983337,0.1679374724626541
2.8959999999999027,0.06815147263718953,16.409765243530273,0.17119108408943934,0.0261278041724812,0.16794463992118835,0.16795863211154938
2.8979999999999024,0.06815133271957702,16.4099063873291,0.17121376262662213,0.02610723636232354,0.16796664893627167,0.1679820567369461
2.899999999999902,0.0681511680129327,16.410057067871094,0.17123704032001524,0.02608421989752929,0.16799046099185944,0.16800741851329803
2.901999999999902,0.06815097851163153,16.410205841064453,0.17126091247612246,0.02605876691363794,0.16801631450653076,0.1680348664522171
2.9039999999999018,0.06815076420080854,16.41034698486328,0.17128537445223582,0.026030889735913353,0.16804392635822296,0.1680644005537033
2.9059999999999016,0.06815052505650525,16.410486221313477,0.17131042165552873,0.026000600877268267,0.1680736094713211,0.1680959016084671
2.9079999999999013,0.06815026104581763,16.410619735717773,0.1713360495421238,0.025967913036178736,0.16810505092144012,0.1681293100118637
2.909999999999901,0.06814997212704824,16.410747528076172,0.17136225361613458,0.025932839094593273,0.1681382656097412,0.1681646853685379
2.911999999999901,0.06814965824985855,16.41086769104004,0.17138902942868345,0.025895392115834352,0.16817334294319153,0.16820217669010162
2.9139999999999007,0.0681493193554259,16.41097640991211,0.17141637257689757,0.025855585342492778,0.16821032762527466,0.16824151575565338
2.9159999999999004,0.06814895537659886,16.411113739013672,0.17144427870288137,0.025813432194315634,0.1682490110397339,0.16828283667564392
2.9179999999999002,0.0681485662380614,16.41124725341797,0.17147274349266778,0.025768946266088825,0.16828957200050354,0.16832594573497772
2.9199999999999,0.06814815185649145,16.411375045776367,0.17150176267515282,0.02572214132551365,0.16833196580410004,0.16837111115455627
2.9219999999999,0.06814771214072803,16.4114990234375,0.17153133202100596,0.025673031311074755,0.16837604343891144,0.16841813921928406
2.9239999999998996,0.06814724699193635,16.411619186401367,0.17156144734156611,0.02562163032990968,0.16842201352119446,0.1684669852256775
2.9259999999998993,0.06814675630377853,16.411741256713867,0.1715921044877203,0.0255679526556669,0.16846950352191925,0.16851770877838135
2.927999999999899,0.06814623996258141,16.411863327026367,0.1716232993487654,0.025512012726360993,0.16851893067359924,0.1685703545808792
2.929999999999899,0.06814569784751251,16.41197967529297,0.1716550278512549,0.0254538251422261,0.16857007145881653,0.16862469911575317
2.9319999999998987,0.06814512983075298,16.41208839416504,0.1716872859578318,0.02539340466356147,0.16862289607524872,0.16868090629577637
2.9339999999998985,0.06814453577767518,16.41219711303711,0.17172006966604866,0.025330766208576296,0.16867738962173462,0.1687389612197876
2.9359999999998982,0.06814391554702032,16.412294387817383,0.17175337500717627,0.02526592485123077,0.16873356699943542,0.16879868507385254
2.937999999999898,0.0681432689910802,16.412384033203125,0.17178719804500023,0.025198895819069776,0.16879147291183472,0.1688603013753891
2.939999999999898,0.06814259595587846,16.4124698638916,0.17182153487460747,0.02512969449106005,0.1688510626554489,0.16892358660697937
2.9419999999998976,0.0681418962813543,16.412548065185547,0.17185638162116393,0.025058336395419243,0.16891232132911682,0.16898870468139648
2.9439999999998974,0.06814116980154947,16.41261863708496,0.17189173443868486,0.02498483720744577,0.1689750850200653,0.16905543208122253
2.945999999999897,0.06814041634479354,16.41268539428711,0.17192758950879605,0.024909212747345352,0.1690395176410675,0.16912390291690826
2.947999999999897,0.06813963573389459,16.412748336791992,0.17196394303948961,0.024831478978055613,0.16910547018051147,0.16919413208961487
2.9499999999998967,0.06813882778632738,16.41280746459961,0.1720007912638773,0.024751652003069467,0.1691731959581375,0.16926586627960205
2.9519999999998965,0.06813799231442771,16.412858963012695,0.1720381304389319,0.024669748064254808,0.1692424863576889,0.16933949291706085
2.9539999999998963,0.06813712912558355,16.412906646728516,0.172075956844236,0.024585783539679076,0.16931314766407013,0.16941453516483307
2.955999999999896,0.06813623802243036,16.412952423095703,0.17211426678071665,0.024499774941424607,0.169385626912117,0.16949129104614258
2.957999999999896,0.06813531880304702,16.41301727294922,0.17215305656938718,0.024411738913409895,0.1694595068693161,0.169569730758667
2.9599999999998956,0.06813437126115246,16.41309928894043,0.17219232255008307,0.02432169222920701,0.1695350706577301,0.1696496605873108
2.9619999999998954,0.0681333951863034,16.413177490234375,0.17223206108020112,0.02422965178986191,0.16961193084716797,0.1697312444448471
2.963999999999895,0.06813239036409542,16.413253784179688,0.17227226853343605,0.024135634621709288,0.16969045996665955,0.16981442272663116
2.965999999999895,0.0681313565763618,16.4133243560791,0.17231294129852362,0.02403965787419594,0.16977035999298096,0.16989916563034058
2.9679999999998947,0.06813029360137507,16.41339111328125,0.1723540757779808,0.023941738817694118,0.1698518842458725,0.16998523473739624
2.9699999999998945,0.0681292012140498,16.4134521484375,0.1723956683868544,0.023841894841327,0.16993476450443268,0.17007315158843994
2.9719999999998943,0.06812807918614489,16.413494110107422,0.17243771555147108,0.02374014345078552,0.1700190305709839,0.1701623648405075
2.973999999999894,0.0681269272864683,16.413537979125977,0.17248021370819244,0.023636502266152937,0.17010493576526642,0.17025300860404968
2.975999999999894,0.06812574528108135,16.413593292236328,0.17252315930217887,0.02353098901972661,0.17019212245941162,0.17034518718719482
2.9779999999998936,0.06812453293350401,16.41366195678711,0.17256654878615596,0.02342362155384374,0.17028073966503143,0.17043904960155487
2.9799999999998934,0.06812329000491983,16.413726806640625,0.172610378619192,0.023314417818707515,0.17037084698677063,0.1705341339111328
2.981999999999893,0.06812201625438394,16.41378402709961,0.17265464526547983,0.02320339587021706,0.17046231031417847,0.17063073813915253
2.983999999999893,0.06812071143902862,16.413843154907227,0.17269934519313251,0.023090573867798135,0.17055507004261017,0.17072872817516327
2.9859999999998927,0.06811937531427077,16.41389274597168,0.1727444748729859,0.022975970072236677,0.17064927518367767,0.17082801461219788
2.9879999999998925,0.06811800763401926,16.413936614990234,0.17279003077740882,0.022859602843514782,0.1707448810338974,0.17092879116535187
2.9899999999998923,0.06811660815088291,16.413970947265625,0.17283600937913124,0.02274149063865027,0.17084166407585144,0.17103080451488495
2.991999999999892,0.06811517661637702,16.414003372192383,0.1728824071500777,0.022621652009538536,0.17093980312347412,0.17113429307937622
2.993999999999892,0.0681137127811336,16.414031982421875,0.1729292205602163,0.022500105600799222,0.17103920876979828,0.17123906314373016
2.9959999999998916,0.0681122163951067,16.41405487060547,0.17297644607642174,0.022376870147623202,0.17114022374153137,0.17134517431259155
2.9979999999998914,0.0681106872077811,16.41407012939453,0.1730240801613488,0.02225196447362824,0.17124231159687042,0.1714526265859604
2.999999999999891,0.06810912496838038,16.41408348083496,0.17307211927232385,0.02212540748871284,0.17134545743465424,0.17156139016151428
3.001999999999891,0.06810752942607436,16.414094924926758,0.1731205598602485,0.02199721818691932,0.17145001888275146,0.17167134582996368
3.0039999999998908,0.06810590033018434,16.41410255432129,0.17316939836852038,0.02186741564429665,0.1715558022260666,0.17178253829479218
3.0059999999998905,0.06810423743039176,16.414106369018555,0.17321863123197062,0.021736019016772776,0.17166289687156677,0.17189492285251617
3.0079999999998903,0.06810254047694325,16.41411018371582,0.17326825487581599,0.021603047538027272,0.17177119851112366,0.1720087081193924
3.00999999999989,0.06810080922085628,16.414113998413086,0.17331826571463024,0.021468520517371355,0.17188063263893127,0.17212359607219696
3.01199999999989,0.06809904341412439,16.414108276367188,0.1733686601513332,0.021332457337632404,0.17199113965034485,0.17223982512950897
3.0139999999998897,0.06809724280992066,16.414087295532227,0.17341943457619727,0.02119487745304353,0.17210309207439423,0.17235690355300903
3.0159999999998894,0.06809540716280159,16.4140682220459,0.17347058536587245,0.021055800387139667,0.1722160130739212,0.17247547209262848
3.017999999999889,0.06809353622891018,16.414043426513672,0.17352210888243416,0.020915245730659324,0.17233026027679443,0.17259502410888672
3.019999999999889,0.06809162976617501,16.414018630981445,0.17357400147244537,0.020773233139450325,0.1724454164505005,0.17271576821804047
3.0219999999998888,0.06808968753451357,16.41398811340332,0.17362625946604376,0.020629782332385146,0.1725618839263916,0.17283764481544495
3.0239999999998886,0.06808770929602917,16.413955688476562,0.17367887917604835,0.020484913089280805,0.1726793795824051,0.17296059429645538
3.0259999999998883,0.06808569481521039,16.41390609741211,0.17373185689708417,0.02033864524882451,0.17279793322086334,0.17308470606803894
3.027999999999888,0.06808364385912664,16.413835525512695,0.17378518890473485,0.020190998706509474,0.17291752994060516,0.17320972681045532
3.029999999999888,0.06808155619762442,16.413766860961914,0.1738388714547113,0.020041993412573636,0.17303834855556488,0.17333590984344482
3.0319999999998877,0.06807943160351933,16.413694381713867,0.1738929007820456,0.01989164936994992,0.17315995693206787,0.1734631359577179
3.0339999999998875,0.06807726985279029,16.41362190246582,0.17394727310030544,0.019739986632220968,0.17328281700611115,0.17359130084514618
3.0359999999998872,0.06807507072476757,16.413541793823242,0.17400198460083657,0.01958702530158564,0.17340652644634247,0.17372064292430878
3.037999999999887,0.06807283400232395,16.41346549987793,0.1740570314520221,0.01943278552682884,0.17353148758411407,0.17385084927082062
3.039999999999887,0.06807055947205935,16.413389205932617,0.17411240979857054,0.019277287501302406,0.17365725338459015,0.17398212850093842
3.0419999999998866,0.06806824692448592,16.41330909729004,0.17416811576082475,0.0191205514609166,0.17378418147563934,0.17411427199840546
3.0439999999998864,0.06806589615421206,16.413225173950195,0.17422414543409695,0.01896259768213867,0.17391201853752136,0.1742473691701889
3.045999999999886,0.0680635069601215,16.413143157958984,0.17428049488802808,0.01880344647999797,0.17404069006443024,0.17438146471977234
3.047999999999886,0.06806108834620456,16.413074493408203,0.17433716016597087,0.018643118206108117,0.17417046427726746,0.17451633512973785
3.0499999999998857,0.0680586605382881,16.412994384765625,0.17439413728439926,0.018481633246690946,0.1743009239435196,0.1746523082256317
3.0519999999998855,0.06805622481785248,16.412918090820312,0.17445142223234145,0.018319012020618725,0.1744324415922165,0.17478908598423004
3.0539999999998853,0.06805378177739033,16.412837982177734,0.17450901097084096,0.018155274977459664,0.1745648831129074,0.17492656409740448
3.055999999999885,0.0680513320080228,16.412750244140625,0.17456689943244025,0.017990442595540165,0.17469827830791473,0.17506526410579681
3.057999999999885,0.06804887609932157,16.412647247314453,0.1746250835206932,0.017824535380015768,0.17483246326446533,0.17520470917224884
3.0599999999998846,0.06804641463913105,16.41254234313965,0.17468355910970018,0.01765757386095487,0.17496748268604279,0.17534463107585907
3.0619999999998844,0.0680439482133921,16.41243553161621,0.17474232204367188,0.01748957859143666,0.17510341107845306,0.17548562586307526
3.063999999999884,0.06804147740596546,16.412324905395508,0.17480136813652034,0.017320570145656074,0.175240159034729,0.17562735080718994
3.065999999999884,0.0680390027984581,16.412214279174805,0.1748606931714707,0.017150569117050485,0.1753777265548706,0.17576995491981506
3.0679999999998837,0.06803652497004876,16.412107467651367,0.17492029290070712,0.016979596116434143,0.17551597952842712,0.17591328918933868
3.0699999999998835,0.06803404449731591,16.41199493408203,0.1749801630450381,0.016807671770147404,0.1756550669670105,0.17605727910995483
3.0719999999998833,0.06803156195406589,16.41187858581543,0.1750402992935941,0.01663481671822528,0.17579521238803864,0.17620208859443665
3.073999999999883,0.06802907791116414,16.411760330200195,0.17510069730354672,0.016461051612576525,0.17593583464622498,0.1763475388288498
3.075999999999883,0.06802659293636498,16.411632537841797,0.17516135269986027,0.01628639711518286,0.17607712745666504,0.17649374902248383
3.0779999999998826,0.06802410759414552,16.411500930786133,0.17522226107506333,0.01611087389631202,0.1762193739414215,0.17664046585559845
3.0799999999998824,0.06802162244553969,16.411367416381836,0.17528341798905278,0.015934502632752406,0.17636220157146454,0.1767881214618683
3.081999999999882,0.0680191380479729,16.411231994628906,0.17534481896892234,0.01575730400606136,0.17650580406188965,0.1769363284111023
3.083999999999882,0.06801665495510069,16.41109275817871,0.1754064595088165,0.015579298700838542,0.1766500025987625,0.1770850569009781
3.0859999999998817,0.06801417371664656,16.410953521728516,0.17546833506981335,0.015400507403015875,0.1767950803041458,0.17723451554775238
3.0879999999998815,0.06801169487824256,16.41097068786621,0.1755304410798329,0.01522095079816773,0.17694063484668732,0.17738457024097443
3.0899999999998813,0.06800921898127207,16.41101837158203,0.17559277293357067,0.015040649569848687,0.17708690464496613,0.177535280585289
3.091999999999881,0.06800674656271272,16.411062240600586,0.17565532599246264,0.014859624397952659,0.1772337257862091,0.17768649756908417
3.093999999999881,0.06800427815498349,16.41110610961914,0.17571809558466917,0.014677895957091586,0.17738142609596252,0.1778383105993271
3.0959999999998806,0.06800181428579108,16.411170959472656,0.1757810770050926,0.014495484915010149,0.17752940952777863,0.17799055576324463
3.0979999999998804,0.06799935547798014,16.411231994628906,0.1758442655154156,0.014312411931021436,0.177678182721138,0.1781434565782547
3.09999999999988,0.06799690224938432,16.41129493713379,0.17590765634416905,0.014128697654473851,0.1778276264667511,0.1782967448234558
3.10199999999988,0.06799445511268075,16.41135025024414,0.17597124468682473,0.013944362723248562,0.17797742784023285,0.17845064401626587
3.1039999999998797,0.06799201457524431,16.41141700744629,0.17603502570591367,0.013759427762293228,0.17812775075435638,0.17860500514507294
3.1059999999998795,0.06798958113900565,16.411487579345703,0.17609899543487056,0.013573913382184206,0.17827872931957245,0.17875975370407104
3.1079999999998793,0.06798715530031094,16.411550521850586,0.17616315519982356,0.013387840177735616,0.17843025922775269,0.1789151281118393
3.109999999999879,0.06798473754978401,16.411617279052734,0.17622750137732868,0.01320122872664004,0.17858226597309113,0.17907075583934784
3.111999999999879,0.06798232837218997,16.411680221557617,0.17629202915245218,0.013014099588155716,0.1787346452474594,0.17922697961330414
3.1139999999998786,0.06797992824630109,16.411745071411133,0.1763567336768273,0.012826473301839862,0.17888762056827545,0.17938336730003357
3.1159999999998784,0.06797753764476663,16.41180419921875,0.1764216100688923,0.012638370386330694,0.1790410429239273,0.17954027652740479
3.117999999999878,0.06797515703398148,16.411869049072266,0.17648665341415737,0.012449811338180695,0.17919501662254333,0.17969758808612823
3.119999999999878,0.06797278687396106,16.411930084228516,0.17655185876549806,0.012260816630750435,0.1793491244316101,0.17985525727272034
3.1219999999998778,0.06797042761821484,16.41199493408203,0.1766172211434776,0.012071406713158855,0.179503932595253,0.1800132691860199
3.1239999999998775,0.06796807971362571,16.412057876586914,0.17668273553669533,0.011881602009306267,0.17965896427631378,0.18017157912254333
3.1259999999998773,0.06796574360032774,16.412118911743164,0.17674839690216648,0.011691422916964716,0.17981459200382233,0.18033012747764587
3.127999999999877,0.06796341971159044,16.412181854248047,0.17681420016572474,0.011500889806946512,0.17997045814990997,0.18048915266990662
3.129999999999877,0.06796110847370058,16.41223907470703,0.17688014022245813,0.01131002302236436,0.18012665212154388,0.18064826726913452
3.1319999999998767,0.06795881030585231,16.41230010986328,0.17694621193716836,0.011118842877976159,0.18028320372104645,0.1808076798915863
3.1339999999998764,0.06795652562003206,16.412353515625,0.17701241014486174,0.0109273696596376,0.1804402768611908,0.18096737563610077
3.135999999999876,0.06795425482091327,16.412410736083984,0.17707872965126398,0.010735623623865907,0.18059758841991425,0.1811273992061615
3.137999999999876,0.06795199830574719,16.412460327148438,0.17714516523336882,0.010543624997523478,0.1807551085948944,0.18128761649131775
3.139999999999876,0.0679497564642601,16.41250991821289,0.17721171164001032,0.010351393977641865,0.1809130162000656,0.18144798278808594
3.1419999999998756,0.06794752967854926,16.41255760192871,0.17727836359246668,0.010158950731389962,0.18107114732265472,0.18160845339298248
3.1439999999998753,0.06794531832298444,16.412588119506836,0.17734511578509005,0.009966315396213867,0.18122956156730652,0.18176914751529694
3.145999999999875,0.06794312276410698,16.41261100769043,0.17741196288596894,0.00977350808015623,0.18138806521892548,0.1819300800561905
3.147999999999875,0.067940943360536,16.412635803222656,0.1774788995376177,0.009580548862384686,0.18154703080654144,0.18209102749824524
3.1499999999998747,0.06793878046286986,16.41265869140625,0.17754592035769584,0.009387457793946839,0.18170611560344696,0.1822521984577179
3.1519999999998745,0.06793663441359642,16.41267967224121,0.17761301993975875,0.009194254898784312,0.18186545372009277,0.1824134737253189
3.1539999999998742,0.06793450554699919,16.412694931030273,0.1776801928540389,0.009000960175034127,0.18202491104602814,0.18257486820220947
3.155999999999874,0.06793239418906556,16.4127140045166,0.177747433648257,0.00880759359665729,0.1821845918893814,0.18273623287677765
3.157999999999874,0.06793030065739938,16.412729263305664,0.17781473684846683,0.008614175115434353,0.18234442174434662,0.18289773166179657
3.1599999999998736,0.06792822526113007,16.412734985351562,0.177882096959932,0.008420724663377635,0.1825043261051178,0.1830592304468155
3.1619999999998734,0.06792616830082497,16.41273307800293,0.1779495084680366,0.008227262155623114,0.18266449868679047,0.18322093784809113
3.163999999999873,0.06792413006840113,16.412750244140625,0.1780169658392287,0.00803380749385867,0.18282465636730194,0.18338243663311005
3.165999999999873,0.06792211084703462,16.412765502929688,0.17808446352200347,0.007840380570380072,0.18298499286174774,0.18354402482509613
3.1679999999998727,0.06792011091107364,16.41278076171875,0.17815199594791647,0.007647001272862687,0.183145210146904,0.18370561301708221
3.1699999999998725,0.0679181305259453,16.412792205810547,0.17821955753264146,0.007453689489958257,0.18330568075180054,0.1838672161102295
3.1719999999998723,0.06791616994806503,16.412799835205078,0.17828714267706186,0.007260465117853419,0.18346622586250305,0.1840287744998932
3.173999999999872,0.06791422942473917,16.41280746459961,0.1783547457684091,0.007067348067946197,0.1836266815662384,0.18419015407562256
3.175999999999872,0.06791230919406784,16.412813186645508,0.17842236118143406,0.006874358275827226,0.18378734588623047,0.18435156345367432
3.1779999999998716,0.06791040948483992,16.412822723388672,0.17848998327963211,0.006681515711805063,0.18394778668880463,0.18451279401779175
3.1799999999998714,0.06790853051642451,16.41283416748047,0.17855760641650575,0.006488840393238321,0.18410831689834595,0.18467406928539276
3.181999999999871,0.0679066724986551,16.412843704223633,0.178625224936879,0.006296352399029248,0.18426892161369324,0.1848350465297699
3.183999999999871,0.06790483563170292,16.412853240966797,0.17869283317825407,0.00610407188668588,0.18442928791046143,0.18499615788459778
3.1859999999998707,0.06790302010594342,16.41286849975586,0.17876042547222143,0.005912019112468182,0.18458977341651917,0.1851569265127182
3.1879999999998705,0.06790122610180487,16.412878036499023,0.17882799614591932,0.005720214455264371,0.18475022912025452,0.1853174865245819
3.1899999999998703,0.06789945378960428,16.412891387939453,0.17889553952353288,0.0055286784449822485,0.18491047620773315,0.18547779321670532
3.19199999999987,0.06789770332936317,16.412906646728516,0.17896304992784862,0.00533743179648261,0.18507066369056702,0.18563812971115112
3.19399999999987,0.06789597487059837,16.412921905517578,0.17903052168184225,0.005146495450312612,0.1852308213710785,0.18579816818237305
3.1959999999998696,0.06789426855208659,16.412933349609375,0.1790979491103014,0.0049558906218971875,0.1853906512260437,0.1859579235315323
3.1979999999998694,0.06789258450159069,16.412944793701172,0.17916532654146727,0.004765638861287796,0.18555039167404175,0.18611742556095123
3.199999999999869,0.0678909228355463,16.4129581451416,0.1792326483086712,0.004575762126235385,0.18570996820926666,0.18627673387527466
3.201999999999869,0.06788928365869489,16.412948608398438,0.1792999087519373,0.00438628287221468,0.185869500041008,0.18643593788146973
3.2039999999998687,0.06788766706365214,16.412921905517578,0.17936710221950608,0.00419722416423595,0.18602874875068665,0.18659456074237823
3.2059999999998685,0.06788607313039763,16.41289520263672,0.1794342230691945,0.004008609816941212,0.1861877590417862,0.18675296008586884
3.2079999999998683,0.06788450192566765,16.41287612915039,0.17950126566950064,0.003820464571865604,0.18634650111198425,0.18691103160381317
3.209999999999868,0.06788295350222175,16.412857055664062,0.17956822440027914,0.003632814324102993,0.1865050047636032,0.18706896901130676
3.211999999999868,0.06788142789795842,16.412851333618164,0.179635093652751,0.003445686415572564,0.18666331470012665,0.18722638487815857
3.2139999999998676,0.06787992513483428,16.41286849975586,0.17970186782847986,0.003259110019348467,0.1868213266134262,0.18738342821598053
3.2159999999998674,0.06787844521753547,16.412883758544922,0.17976854133676157,0.003073116650554074,0.18697886168956757,0.18754005432128906
3.217999999999867,0.06787698813182733,16.41290283203125,0.17983510858956486,0.0028877408562691634,0.18713635206222534,0.18769629299640656
3.219999999999867,0.06787555384249484,16.41292953491211,0.1799015639926807,0.0027030211636573285,0.1872934103012085,0.18785208463668823
3.2219999999998667,0.06787414229073717,16.412973403930664,0.17996790193095719,0.002519001408752442,0.18744994699954987,0.18800754845142365
3.2239999999998665,0.06787275339085552,16.413021087646484,0.1800341167441616,0.0023357326402388186,0.18760640919208527,0.18816249072551727
3.2259999999998663,0.06787138702599439,16.413076400756836,0.18010020268776272,0.0021532759159903886,0.18776220083236694,0.18831700086593628
3.227999999999866,0.0678700430426357,16.413145065307617,0.18016615386891444,0.0019717065296092078,0.18791767954826355,0.18847082555294037
3.229999999999866,0.06786872124344141,16.413225173950195,0.18023196414062087,0.0017911206107982702,0.18807251751422882,0.1886243373155594
3.2319999999998656,0.06786742137797393,16.413314819335938,0.1802976269231621,0.0016116458322812059,0.18822716176509857,0.1887771189212799
3.2339999999998654,0.06786614313088596,16.413419723510742,0.1803631348942391,0.001433459571184221,0.18838103115558624,0.18892937898635864
3.235999999999865,0.06786488610776895,16.41353988647461,0.18042847943139412,0.0012568213938764473,0.1885344684123993,0.18908101320266724
3.237999999999865,0.06786364982143034,16.413679122924805,0.18049364956111258,0.0010821349975871412,0.18868711590766907,0.1892320215702057
3.2399999999998648,0.06786243369108237,16.41384506225586,0.18055862985908872,0.0009100759151767589,0.18883928656578064,0.1893819272518158
3.2419999999998645,0.06786123710438571,16.41403579711914,0.18062339593532356,0.0007418814558539652,0.1889905333518982,0.18953098356723785
3.2439999999998643,0.06786005974785987,16.4143009185791,0.18068790379701594,0.0005800917330665312,0.18914081156253815,0.1896786391735077
3.245999999999864,0.0678589031042929,16.41463851928711,0.1807520619285226,0.0004307162619331123,0.18928995728492737,0.18982388079166412
3.247999999999864,0.06785777647958757,16.415050506591797,0.18081565072349715,0.00031009549539178606,0.189437136054039,0.1899648755788803
3.2499999999998637,0.06785670387825908,16.415239334106445,0.1808781193527394,0.0002586160791384574,0.18958161771297455,0.19009599089622498
3.2519999999998634,0.06785569242017372,16.414602279663086,0.1809387104881221,0.00030951512334197233,0.18972262740135193,0.19021323323249817
3.2539999999998632,0.06785473201887278,16.413497924804688,0.1809976711008527,0.0004258968605071776,0.18986135721206665,0.1903308629989624
3.255999999999863,0.0678538140401172,16.412616729736328,0.1810555572472805,0.0005677241088219849,0.18999870121479034,0.19045408070087433
3.257999999999863,0.06785293284262121,16.41191291809082,0.18111268525966134,0.000718950613555979,0.19013544917106628,0.19058068096637726
3.2599999999998626,0.06785208464747657,16.411357879638672,0.18116922104731875,0.0008739221354371369,0.19027119874954224,0.19070860743522644
3.2619999999998623,0.0678512667713213,16.410900115966797,0.18122525854834304,0.0010304120942617432,0.1904064565896988,0.19083723425865173
3.263999999999862,0.06785047720403192,16.410526275634766,0.1812808553480949,0.0011874195562660578,0.1905410885810852,0.1909659206867218
3.265999999999862,0.06784971437197981,16.410205841064453,0.18133604900580264,0.001344441612140371,0.19067519903182983,0.19109466671943665
3.2679999999998617,0.06784897699842155,16.409915924072266,0.1813908651617177,0.0015012016119133205,0.19080881774425507,0.19122308492660522
3.2699999999998615,0.06784826401684382,16.409652709960938,0.18144532189809554,0.0016575353584676455,0.19094185531139374,0.19135110080242157
3.2719999999998612,0.06784757451465775,16.409408569335938,0.1814994322522408,0.0018133387145460678,0.19107414782047272,0.19147889316082
3.273999999999861,0.0678469076951515,16.4091796875,0.18155320575034573,0.0019685415501093807,0.19120603799819946,0.1916060596704483
3.275999999999861,0.06784626285090972,16.408960342407227,0.18160664938962112,0.0021230939435969557,0.19133715331554413,0.1917327642440796
3.2779999999998606,0.06784563934469821,16.40875244140625,0.18165976829296382,0.0022769584810542073,0.19146780669689178,0.19185903668403625
3.2799999999998604,0.06784503659538267,16.408544540405273,0.1817125661604575,0.002430105765566302,0.19159789383411407,0.19198453426361084
3.28199999999986,0.06784445406732759,16.4083309173584,0.1817650455899653,0.002582511699264026,0.19172722101211548,0.19210973381996155
3.28399999999986,0.06784389126227207,16.408123016357422,0.18181720831056586,0.0027341557847473503,0.19185607135295868,0.1922341287136078
3.2859999999998597,0.0678433477129974,16.407913208007812,0.18186905535629866,0.0028850200337511953,0.19198410212993622,0.19235800206661224
3.2879999999998595,0.06784282297832446,16.407711029052734,0.18192058719799592,0.0030350882488030246,0.19211162626743317,0.19248107075691223
3.2899999999998593,0.06784231663911076,16.40744400024414,0.18197180384503714,0.003184345540220858,0.192238450050354,0.19260366261005402
3.291999999999859,0.06784182829501251,16.40717315673828,0.18202270492509726,0.003332777995189331,0.19236449897289276,0.19272559881210327
3.293999999999859,0.0678413575618366,16.406902313232422,0.1820732897475077,0.0034803724472101593,0.19248995184898376,0.19284680485725403
3.2959999999998586,0.06784090406936132,16.406635284423828,0.1821235573542334,0.003627116313074574,0.19261491298675537,0.19296719133853912
3.2979999999998584,0.06784046745952366,16.406368255615234,0.1821735065613453,0.003772997476037102,0.19273877143859863,0.19308708608150482
3.299999999999858,0.0678400473849036,16.406085968017578,0.18222313599312284,0.003918004201100486,0.19286209344863892,0.1932060718536377
3.301999999999858,0.06783964350744877,16.40574073791504,0.18227244411035737,0.004062125072930252,0.19298481941223145,0.19332437217235565
3.3039999999998577,0.06783925549739431,16.405391693115234,0.18232142923405903,0.004205348949921978,0.19310662150382996,0.1934419423341751
3.3059999999998575,0.06783888303234445,16.40504264831543,0.18237008956547585,0.004347664929938509,0.1932278424501419,0.19355882704257965
3.3079999999998573,0.06783852579648854,16.40468978881836,0.18241842320313018,0.004489062324559714,0.19334818422794342,0.1936749368906021
3.309999999999857,0.06783818347992841,16.404342651367188,0.1824664281574253,0.004629530639616789,0.19346773624420166,0.19379030168056488
3.311999999999857,0.06783785577809937,16.403995513916016,0.18251410236325388,0.004769059560391497,0.1935865730047226,0.19390465319156647
3.3139999999998566,0.0678375423912718,16.403642654418945,0.18256144369095334,0.004907638940322004,0.19370467960834503,0.19401857256889343
3.3159999999998564,0.06783724302411893,16.40329360961914,0.182608449955884,0.005045258792354126,0.19382204115390778,0.19413141906261444
3.317999999999856,0.06783695738534415,16.402944564819336,0.18265511892685277,0.005181909282310507,0.19393835961818695,0.19424356520175934
3.319999999999856,0.06783668518735675,16.402584075927734,0.18270144833356394,0.005317580723798129,0.19405406713485718,0.19435495138168335
3.3219999999998557,0.06783642614599043,16.4022216796875,0.18274743587324366,0.005452263574308667,0.19416892528533936,0.19446542859077454
3.3239999999998555,0.06783617998025956,16.401865005493164,0.18279307921656218,0.005585948432235439,0.1942828744649887,0.19457505643367767
3.3259999999998553,0.06783594641214734,16.401504516601562,0.1828383760129509,0.005718626034606999,0.19439604878425598,0.19468384981155396
3.327999999999855,0.06783572516642164,16.401145935058594,0.18288332389540402,0.005850287255381084,0.1945083737373352,0.194791778922081
3.329999999999855,0.06783551597047692,16.400787353515625,0.18292792048482687,0.0059809231041734095,0.1946197897195816,0.19489894807338715
3.3319999999998546,0.06783531855419626,16.400428771972656,0.18297216339399924,0.0061105247253295395,0.19473028182983398,0.19500507414340973
3.3339999999998544,0.06783513264983317,16.40005874633789,0.18301605023119455,0.006239083397270229,0.19484013319015503,0.19511045515537262
3.335999999999854,0.0678349579919103,16.399688720703125,0.18305957860350192,0.006366590532046449,0.19494901597499847,0.1952148973941803
3.337999999999854,0.06783479431713285,16.399316787719727,0.18310274611988786,0.006493037675060383,0.1950567215681076,0.19531865417957306
3.3399999999998538,0.0678346413643157,16.398944854736328,0.18314555039402347,0.0066184165049227115,0.19516384601593018,0.19542130827903748
3.3419999999998535,0.06783449887432119,16.398574829101562,0.18318798904690886,0.006742718833406471,0.19527001678943634,0.19552312791347504
3.3439999999998533,0.06783436659000902,16.398210525512695,0.1832300597093126,0.006865936605486633,0.19537517428398132,0.19562390446662903
3.345999999999853,0.06783424425619523,16.397855758666992,0.18327176002404916,0.006988061899436916,0.19547954201698303,0.19572383165359497
3.347999999999853,0.06783413161961786,16.397502899169922,0.18331308764811005,0.007109086926975881,0.19558270275592804,0.19582292437553406
3.3499999999998527,0.06783402842891219,16.39716148376465,0.18335404025466107,0.007229004033450332,0.1956852227449417,0.1959208995103836
3.3519999999998524,0.06783393443459167,16.396818161010742,0.1833946155349232,0.007347805698036773,0.19578655064105988,0.19601815938949585
3.353999999999852,0.0678338493890358,16.39647674560547,0.18343481119994393,0.0074654845339722576,0.19588716328144073,0.19611431658267975
3.355999999999852,0.06783377304648193,16.39613914489746,0.1834746249822699,0.007582033288786183,0.19598659873008728,0.1962096095085144
3.3579999999998518,0.06783370516302373,16.395797729492188,0.183514054637531,0.007697444844545713,0.1960851103067398,0.1963038593530655
3.3599999999998515,0.0678336454966124,16.395458221435547,0.1835530979459416,0.007811712218098029,0.1961827576160431,0.19639715552330017
3.3619999999998513,0.06783359380706357,16.39511489868164,0.18359175271372663,0.007924828561317158,0.19627931714057922,0.1964896023273468
3.363999999999851,0.06783354985606559,16.394760131835938,0.18363001677447677,0.00803678716134219,0.19637495279312134,0.19658096134662628
3.365999999999851,0.06783351340719347,16.394407272338867,0.18366788799044054,0.00814758144081081,0.19646960496902466,0.19667135179042816
3.3679999999998507,0.06783348422592354,16.394052505493164,0.18370536425375528,0.008257204958084147,0.19656315445899963,0.19676078855991364
3.3699999999998504,0.06783346207965198,16.39369773864746,0.18374244348762403,0.008365651407463844,0.19665572047233582,0.19684921205043793
3.3719999999998502,0.0678334467377148,16.393346786499023,0.18377912364743704,0.008472914619396161,0.19674721360206604,0.19693660736083984
3.37399999999985,0.06783343797141066,16.392993927001953,0.1838154027218476,0.008578988560662899,0.19683775305747986,0.19702300429344177
3.37599999999985,0.06783343555402506,16.39263916015625,0.1838512787337992,0.008683867334562945,0.1969272792339325,0.1971084326505661
3.3779999999998496,0.06783343926085582,16.392274856567383,0.18388674974151148,0.008787545181076982,0.19701571762561798,0.19719277322292328
3.3799999999998493,0.06783344886924081,16.391910552978516,0.18392181383942235,0.008890016477021092,0.19710324704647064,0.19727620482444763
3.381999999999849,0.0678334641585858,16.391544342041016,0.18395646915909541,0.008991275736179912,0.19718942046165466,0.1973586082458496
3.383999999999849,0.06783348491039458,16.39118003845215,0.18399071387008425,0.009091317609434687,0.19727469980716705,0.19743993878364563
3.3859999999998487,0.06783351090829945,16.39081382751465,0.18402454618076702,0.009190136884863908,0.19735899567604065,0.19752013683319092
3.3879999999998485,0.06783354193809117,16.39044761657715,0.18405796433914318,0.009287728487840612,0.1974421888589859,0.19759932160377502
3.3899999999998482,0.06783357778775358,16.390085220336914,0.1840909666335997,0.009384087481103875,0.19752420485019684,0.19767750799655914
3.391999999999848,0.06783361824749282,16.389732360839844,0.18412355139364667,0.009479209064819994,0.19760511815547943,0.1977546215057373
3.393999999999848,0.06783366310977239,16.38937759399414,0.18415571699062028,0.009573088576628806,0.19768507778644562,0.1978307068347931
3.3959999999998476,0.0678337121693462,16.389026641845703,0.18418746183836016,0.009665721491668604,0.19776399433612823,0.19790594279766083
3.3979999999998474,0.06783376522329078,16.388671875,0.18421878439385514,0.00975710342259102,0.19784167408943176,0.19797974824905396
3.399999999999847,0.0678338220710395,16.38831329345703,0.1842496831578655,0.009847230119555841,0.19791826605796814,0.19805258512496948
3.401999999999847,0.06783388251441695,16.387956619262695,0.18428015667551562,0.009936097470213342,0.19799382984638214,0.19812451303005219
3.4039999999998467,0.06783394635767119,16.387598037719727,0.1843102035368634,0.010023701499665714,0.19806833565235138,0.19819526374340057
3.4059999999998465,0.0678340134075081,16.387235641479492,0.18433982237744495,0.010110038370419568,0.19814157485961914,0.19826506078243256
3.4079999999998463,0.06783408347312468,16.386877059936523,0.18436901187879223,0.01019510438231709,0.19821378588676453,0.19833368062973022
3.409999999999846,0.06783415636624156,16.386516571044922,0.18439777076893016,0.0102788959724534,0.19828476011753082,0.19840115308761597
3.411999999999846,0.06783423190113631,16.386154174804688,0.1844260978228478,0.010361409715078033,0.19835467636585236,0.1984677016735077
3.4139999999998456,0.0678343098946757,16.385791778564453,0.18445399186295153,0.010442642321480991,0.1984235942363739,0.19853296875953674
3.4159999999998454,0.06783439016634804,16.38543128967285,0.18448145175948932,0.0105225906398667,0.19849124550819397,0.198597252368927
3.417999999999845,0.06783447253829428,16.385066986083984,0.1845084764309604,0.010601251655203097,0.1985577642917633,0.19866032898426056
3.419999999999845,0.06783455683533929,16.384708404541016,0.18453506484449778,0.01067862248906881,0.19862298667430878,0.19872252643108368
3.4219999999998447,0.06783464288502211,16.384342193603516,0.1845612160162326,0.01075470039947293,0.19868744909763336,0.19878341257572174
3.4239999999998445,0.06783473051762673,16.38398551940918,0.1845869290116392,0.01082948278066737,0.19875049591064453,0.1988433301448822
3.4259999999998443,0.06783481956621058,16.38362693786621,0.184612202945857,0.010902967162941642,0.1988123059272766,0.19890214502811432
3.427999999999844,0.06783490986663343,16.38326644897461,0.18463703698399514,0.010975151212403866,0.1988731026649475,0.19895963370800018
3.429999999999844,0.06783500125758492,16.382904052734375,0.1846614303414148,0.011046032730745227,0.1989327371120453,0.19901633262634277
3.4319999999998436,0.06783509358061274,16.38254165649414,0.18468538228399517,0.011115609654991337,0.19899120926856995,0.19907179474830627
3.4339999999998434,0.06783518668014757,16.38218116760254,0.1847088921283796,0.011183880057240537,0.19904854893684387,0.19912613928318024
3.435999999999843,0.06783528040353047,16.381820678710938,0.18473195924220037,0.011250842144384363,0.19910459220409393,0.19917930662631989
3.437999999999843,0.06783537460103577,16.38145637512207,0.1847545830442896,0.011316494257816235,0.19915956258773804,0.19923144578933716
3.4399999999998427,0.06783546912589644,16.38109588623047,0.1847767630048674,0.011380834873125911,0.1992134004831314,0.1992824673652649
3.4419999999998425,0.06783556383432628,16.3807373046875,0.18479849864571685,0.011443862599780138,0.19926606118679047,0.19933223724365234
3.4439999999998423,0.06783565858554234,16.38037872314453,0.1848197895403353,0.011505576180789123,0.1993175595998764,0.19938106834888458
3.445999999999842,0.06783575324178646,16.38001823425293,0.18484063531407469,0.011565974492357842,0.19936780631542206,0.19942860305309296
3.447999999999842,0.06783584766834456,16.37965965270996,0.1848610356442596,0.011625056543527402,0.199416846036911,0.19947519898414612
3.4499999999998416,0.06783594173356698,16.37929916381836,0.18488098950459608,0.011682821475799333,0.19946473836898804,0.1995205581188202
3.4519999999998414,0.06783603530888616,16.37894058227539,0.1849004887635221,0.011739268562748685,0.1995115727186203,0.1995648741722107
3.453999999999841,0.06783612826883385,16.37858009338379,0.18491953181441267,0.011794397209623409,0.19955705106258392,0.19960792362689972
3.455999999999841,0.06783622049105738,16.37822151184082,0.18493811936978904,0.011848206952930445,0.19960139691829681,0.19964997470378876
3.4579999999998408,0.06783631185633592,16.377857208251953,0.18495625217220385,0.011900697460010705,0.19964458048343658,0.19969072937965393
3.4599999999998405,0.06783640224859276,16.377490997314453,0.1849739309941414,0.011951868528595998,0.19968664646148682,0.19973061978816986
3.4619999999998403,0.06783649155491037,16.37712860107422,0.18499115663790483,0.012001720086363214,0.19972741603851318,0.19976910948753357
3.46399999999984,0.06783657966554107,16.376760482788086,0.18500792993550702,0.012050252190462773,0.19976705312728882,0.19980669021606445
3.46599999999984,0.06783666647391823,16.37639045715332,0.18502425174854903,0.012097465027049132,0.19980552792549133,0.19984301924705505
3.4679999999998397,0.06783675187666728,16.376018524169922,0.18504012296809907,0.012143358910784021,0.19984284043312073,0.1998782753944397
3.4699999999998394,0.06783683577361257,16.37564468383789,0.1850555445145653,0.012187934284343414,0.19987887144088745,0.1999123990535736
3.471999999999839,0.06783691806778681,16.375272750854492,0.18507051733756225,0.012231191717898047,0.1999138593673706,0.199945330619812
3.473999999999839,0.0678369986654371,16.374902725219727,0.1850850424157765,0.012273131908591611,0.1999475061893463,0.19997723400592804
3.4759999999998388,0.067837077476029,16.374530792236328,0.18509912075682738,0.012313755680002337,0.19998005032539368,0.20000797510147095
3.4779999999998386,0.06783715441225324,16.37415885925293,0.1851127533971194,0.012353063981598175,0.20001141726970673,0.20003758370876312
3.4799999999998383,0.06783722939002768,16.373804092407227,0.1851259414016982,0.012391057888172415,0.20004159212112427,0.20006604492664337
3.481999999999838,0.06783730232849854,16.373451232910156,0.18513868586409638,0.012427738599277295,0.2000706046819687,0.2000933587551117
3.483999999999838,0.06783737315004335,16.373096466064453,0.18515098790617845,0.012463107438637943,0.20009827613830566,0.2001197189092636
3.4859999999998377,0.06783744178026832,16.372739791870117,0.18516284867798427,0.0124971658535621,0.20012490451335907,0.20014482736587524
3.4879999999998375,0.06783750814800985,16.37238311767578,0.18517426935756126,0.0125299154143345,0.20015046000480652,0.20016874372959137
3.4899999999998372,0.06783757218532985,16.37203025817871,0.18518525115080564,0.012561357813601447,0.20017459988594055,0.20019173622131348
3.491999999999837,0.0678376338275122,16.371673583984375,0.1851957952912887,0.012591494865748525,0.20019777119159698,0.20021356642246246
3.493999999999837,0.06783769301306031,16.371315002441406,0.18520590304008577,0.012620328506261169,0.20021966099739075,0.20023417472839355
3.4959999999998366,0.06783774968368816,16.370952606201172,0.18521557568560287,0.012647860791078191,0.200240358710289,0.2002536803483963
3.4979999999998364,0.06783780378431607,16.370590209960938,0.18522481454339662,0.012674093895938114,0.2002599686384201,0.2002720832824707
3.499999999999836,0.06783785526306091,16.37023162841797,0.18523362095599522,0.012699030115709513,0.20027828216552734,0.20028935372829437
3.501999999999836,0.06783790407122729,16.369869232177734,0.18524199629271304,0.012722671863717058,0.20029565691947937,0.20030547678470612
3.5039999999998357,0.0678379501632979,16.369510650634766,0.1852499419494657,0.012745021671051036,0.20031164586544037,0.20032061636447906
3.5059999999998355,0.06783799349692127,16.369150161743164,0.18525745934858073,0.012766082185874487,0.20032651722431183,0.20033465325832367
3.5079999999998353,0.06783803403289994,16.368789672851562,0.18526454993860625,0.012785856172715921,0.20034024119377136,0.20034745335578918
3.509999999999835,0.06783807173517648,16.36842918395996,0.18527121519411682,0.012804346511754177,0.20035289227962494,0.20035916566848755
3.511999999999835,0.06783810657081864,16.368072509765625,0.18527745661551814,0.012821556198093633,0.20036424696445465,0.2003699094057083
3.5139999999998346,0.06783813851000464,16.367712020874023,0.18528327572884618,0.012837488341030805,0.20037445425987244,0.20037931203842163
3.5159999999998344,0.06783816752600479,16.367355346679688,0.1852886740855697,0.01285214616331061,0.2003837525844574,0.20038782060146332
3.517999999999834,0.06783819359516494,16.36699676513672,0.18529365326238506,0.012865533000376102,0.20039168000221252,0.20039521157741547
3.519999999999834,0.06783821669688721,16.366640090942383,0.18529821486101067,0.01287765229960548,0.20039863884449005,0.2004013955593109
3.5219999999998337,0.06783823681360962,16.366283416748047,0.18530236050798238,0.0128885076195453,0.20040418207645416,0.20040658116340637
3.5239999999998335,0.06783825393078567,16.36592674255371,0.1853060918544419,0.012898102629131585,0.20040883123874664,0.20041072368621826
3.5259999999998333,0.06783826803686183,16.365571975708008,0.1853094105759277,0.012906441106903145,0.20041216909885406,0.20041373372077942
3.527999999999833,0.06783827912325574,16.365217208862305,0.18531231837215945,0.01291352694020871,0.20041470229625702,0.2004156857728958
3.529999999999833,0.06783828718433056,16.3648624420166,0.18531481696682855,0.012919364124402732,0.2004157304763794,0.2004164606332779
3.5319999999998326,0.06783829221737118,16.3645076751709,0.1853169081073749,0.012923956762037002,0.20041579008102417,0.20041635632514954
3.5339999999998324,0.06783829422255798,16.36415672302246,0.1853185935647746,0.012927309062039257,0.20041486620903015,0.20041495561599731
3.535999999999832,0.06783829320293973,16.36380386352539,0.18531987513331638,0.012929425338890674,0.2004125863313675,0.20041263103485107
3.537999999999832,0.06783828916440683,16.363449096679688,0.1853207546303829,0.01293031001178833,0.20040933787822723,0.2004091888666153
3.5399999999998317,0.06783828211566115,16.36309814453125,0.18532123389622646,0.012929967603808806,0.20040497183799744,0.2004048079252243
3.5419999999998315,0.06783827206818774,16.362747192382812,0.18532131479374447,0.012928402741055119,0.20039965212345123,0.20039913058280945
3.5439999999998313,0.0678382590362229,16.36240005493164,0.1853209992082549,0.012925620151803196,0.20039299130439758,0.20039232075214386
3.545999999999831,0.0678382430367246,16.362049102783203,0.18532028904726694,0.012921624665640662,0.20038539171218872,0.2003844529390335
3.547999999999831,0.06783822408933897,16.36170196533203,0.18531918624025484,0.012916421212594037,0.20037665963172913,0.2003755122423172
3.5499999999998306,0.06783820221636674,16.36135482788086,0.18531769273842763,0.012910014822254371,0.20036688446998596,0.20036527514457703
3.5519999999998304,0.06783817744273155,16.36100959777832,0.18531581051449397,0.01290241062289479,0.20035605132579803,0.20035405457019806
3.55399999999983,0.06783814979594276,16.360660552978516,0.18531354156243646,0.012893613840578374,0.20034408569335938,0.20034164190292358
3.55599999999983,0.06783811930606198,16.36031723022461,0.18531088789727207,0.012883629798264525,0.20033107697963715,0.2003282904624939
3.5579999999998297,0.06783808600566477,16.3599796295166,0.18530785155482105,0.012872463914905413,0.20031706988811493,0.20031358301639557
3.5599999999998295,0.06783804992980613,16.359649658203125,0.18530443459146867,0.012860121704538804,0.2003018856048584,0.20029790699481964
3.5619999999998293,0.06783801111598005,16.359310150146484,0.18530063908392974,0.012846608775371702,0.2002858817577362,0.2002812922000885
3.563999999999829,0.06783796960408316,16.35896873474121,0.18529646712900966,0.01283193082886217,0.2002686858177185,0.20026342570781708
3.565999999999829,0.06783792543637476,16.358633041381836,0.185291920843365,0.012816093658791682,0.20025049149990082,0.20024451613426208
3.5679999999998286,0.06783787865743601,16.358308792114258,0.18528700236326545,0.012799103150334008,0.20023111999034882,0.20022448897361755
3.5699999999998284,0.06783782931413161,16.35799217224121,0.18528171384434927,0.012780965279119347,0.20021091401576996,0.2002035677433014
3.571999999999828,0.06783777745556667,16.357675552368164,0.18527605746138393,0.012761686110289126,0.20018969476222992,0.20018157362937927
3.573999999999828,0.06783772313304608,16.357358932495117,0.18527003540802317,0.012741271797550939,0.20016737282276154,0.20015838742256165
3.5759999999998278,0.0678376664000313,16.357044219970703,0.18526364989656074,0.012719728582224643,0.2001442164182663,0.2001342922449112
3.5779999999998275,0.06783760731209784,16.356727600097656,0.18525690315768872,0.01269706279228477,0.2001199722290039,0.20010897517204285
3.5799999999998273,0.06783754592689262,16.35641860961914,0.1852497974402494,0.012673280841397341,0.20009465515613556,0.20008286833763123
3.581999999999827,0.0678374823040877,16.35610580444336,0.1852423350109913,0.012648389227953246,0.20006847381591797,0.20005565881729126
3.583999999999827,0.06783741650533745,16.355792999267578,0.1852345181543193,0.012622394534097832,0.20004120469093323,0.2000274360179901
3.5859999999998267,0.06783734859423357,16.355484008789062,0.1852263491720491,0.01259530342475043,0.20001301169395447,0.19999819993972778
3.5879999999998264,0.06783727863625802,16.35517692565918,0.18521783038315764,0.012567122646628594,0.19998390972614288,0.1999681293964386
3.589999999999826,0.06783720669873941,16.354869842529297,0.18520896412353333,0.012537859027260543,0.19995369017124176,0.19993680715560913
3.591999999999826,0.06783713285080321,16.354562759399414,0.18519975274572703,0.01250751947399727,0.19992277026176453,0.19990475475788116
3.593999999999826,0.06783705716332827,16.354259490966797,0.18519019861869945,0.012476110973019117,0.19989080727100372,0.19987161457538605
3.5959999999998256,0.06783697970889724,16.353952407836914,0.18518030412757192,0.012443640588339763,0.19985786080360413,0.19983746111392975
3.5979999999998253,0.06783690056174976,16.353652954101562,0.18517007167337263,0.01241011546080624,0.19982418417930603,0.1998024582862854
3.599999999999825,0.06783681979773445,16.353351593017578,0.18515950367278433,0.012375542807094466,0.1997894048690796,0.19976651668548584
3.601999999999825,0.06783673749426054,16.353052139282227,0.18514860255789078,0.012339929918703937,0.19975371658802032,0.1997295618057251
3.6039999999998247,0.06783665373024944,16.352752685546875,0.18513737077592357,0.012303284160943825,0.19971714913845062,0.1996917575597763
3.6059999999998245,0.0678365685860848,16.352455139160156,0.18512581078900686,0.012265612971923339,0.1996796727180481,0.19965298473834991
3.6079999999998242,0.06783648214356455,16.352157592773438,0.18511392507390195,0.012226923861533229,0.19964134693145752,0.19961324334144592
3.609999999999824,0.06783639448585099,16.35186195373535,0.1851017161217512,0.012187224410425515,0.19960227608680725,0.19957266747951508
3.611999999999824,0.06783630569742076,16.3515682220459,0.18508918647647,0.012146522268992755,0.19956214725971222,0.19953125715255737
3.6139999999998236,0.06783621586401531,16.351276397705078,0.18507634424059582,0.012104825156343178,0.19952113926410675,0.1994888186454773
3.6159999999998234,0.06783612507259101,16.35098648071289,0.18506319634020846,0.012062140859272376,0.1994793564081192,0.1994456797838211
3.617999999999823,0.06783603341126788,16.350696563720703,0.18504974592396684,0.012018477231234583,0.19943679869174957,0.19940146803855896
3.619999999999823,0.06783594096928112,16.35040855407715,0.185035996159163,0.011973842191308608,0.19939328730106354,0.19935669004917145
3.6219999999998227,0.06783584783692846,16.350128173828125,0.18502195023106977,0.011928243723167226,0.19934894144535065,0.19931083917617798
3.6239999999998225,0.06783575410552099,16.349853515625,0.18500761134228771,0.011881689874037725,0.19930382072925568,0.19926418364048004
3.6259999999998223,0.06783565986733198,16.34957504272461,0.1849929827120922,0.01183418875366587,0.19925788044929504,0.19921676814556122
3.627999999999822,0.06783556521554639,16.349302291870117,0.18497806757577984,0.011785748533275436,0.1992112249135971,0.19916847348213196
3.629999999999822,0.06783547024420943,16.349031448364258,0.18496286918401583,0.011736377444526965,0.19916369020938873,0.19911931455135345
3.6319999999998216,0.06783537504817713,16.348758697509766,0.18494739080217942,0.011686083778475641,0.1991153508424759,0.19906944036483765
3.6339999999998214,0.06783527972306352,16.348487854003906,0.18493163570971144,0.011634875884525999,0.19906620681285858,0.1990186721086502
3.635999999999821,0.06783518436519244,16.348220825195312,0.18491560719945987,0.011582762169387112,0.19901633262634277,0.1989673525094986
3.637999999999821,0.06783508907154417,16.34795570373535,0.18489930857703057,0.011529751096026202,0.19896569848060608,0.19891512393951416
3.6399999999998207,0.06783499393970698,16.34769058227539,0.1848827431601321,0.011475851182621372,0.19891436398029327,0.19886204600334167
3.6419999999998205,0.06783489906782475,16.34742546081543,0.18486591427792592,0.011421071001512684,0.19886216521263123,0.19880829751491547
3.6439999999998203,0.06783480455454848,16.347164154052734,0.18484882527037705,0.011365419178153452,0.19880935549736023,0.19875387847423553
3.64599999999982,0.06783471049898368,16.346900939941406,0.18483147948760464,0.011308904390060867,0.19875578582286835,0.19869856536388397
3.64799999999982,0.06783461700064236,16.346641540527344,0.18481388028923257,0.011251535365765519,0.198701411485672,0.19864268600940704
3.6499999999998196,0.06783452415939173,16.346385955810547,0.18479603104374615,0.011193320883761806,0.19864627718925476,0.19858603179454803
3.6519999999998194,0.06783443207540442,16.346132278442383,0.18477793512784463,0.011134269771455598,0.19859063625335693,0.19852863252162933
3.653999999999819,0.06783434084910941,16.34587860107422,0.18475959592579783,0.011074390904116514,0.1985342651605606,0.1984705775976181
3.655999999999819,0.06783425058114242,16.34562873840332,0.18474101682880673,0.011013693203824696,0.1984771490097046,0.19841183722019196
3.6579999999998187,0.06783416137229642,16.345382690429688,0.18472220123436067,0.010952185638420764,0.19841933250427246,0.1983523964881897
3.6599999999998185,0.06783407332347297,16.345134735107422,0.1847031525456026,0.01088987722045816,0.19836090505123138,0.1982923448085785
3.6619999999998183,0.06783398653563369,16.34488868713379,0.1846838741706901,0.010826777006150765,0.19830180704593658,0.19823159277439117
3.663999999999818,0.0678339011097518,16.344646453857422,0.18466436952216442,0.010762894094323442,0.19824211299419403,0.19817005097866058
3.665999999999818,0.06783381714676398,16.344404220581055,0.18464464201631858,0.010698237625368727,0.19818173348903656,0.19810813665390015
3.6679999999998176,0.06783373474752313,16.344161987304688,0.18462469507256768,0.010632816780192735,0.19812071323394775,0.19804541766643524
3.6699999999998174,0.06783365401275057,16.343923568725586,0.1846045321128234,0.010566640779173037,0.19805899262428284,0.19798217713832855
3.671999999999817,0.06783357504298934,16.34368896484375,0.18458415656087057,0.010499718881112731,0.19799688458442688,0.19791829586029053
3.673999999999817,0.06783349793855739,16.34345245361328,0.18456357184174443,0.01043206038219532,0.19793400168418884,0.19785378873348236
3.6759999999998167,0.06783342279950177,16.34322166442871,0.18454278138111552,0.010363674614942432,0.19787061214447021,0.19778887927532196
3.6779999999998165,0.06783334972555302,16.34299087524414,0.18452178860467028,0.010294570947174227,0.19780665636062622,0.19772307574748993
3.6799999999998163,0.06783327881607885,16.342761993408203,0.18450059693750182,0.010224758780966856,0.1977420300245285,0.19765686988830566
3.681999999999816,0.06783321017004033,16.342533111572266,0.1844792098034994,0.010154247551618385,0.1976769119501114,0.19759021699428558
3.683999999999816,0.06783314388594727,16.342308044433594,0.18445763062474124,0.010083046726610572,0.1976112425327301,0.197522833943367
3.6859999999998156,0.06783308006181378,16.342086791992188,0.18443586282089203,0.010011165804577126,0.19754493236541748,0.197455033659935
3.6879999999998154,0.06783301879511563,16.34186553955078,0.18441390980860356,0.009938614314269994,0.19747808575630188,0.1973867565393448
3.689999999999815,0.06783296018274712,16.34164810180664,0.1843917750009163,0.009865401813534354,0.19741091132164001,0.19731779396533966
3.691999999999815,0.06783290432097769,16.3414306640625,0.18436946180666586,0.009791537888279335,0.19734308123588562,0.19724848866462708
3.6939999999998148,0.06783285130541232,16.341217041015625,0.1843469736298945,0.00971703215145402,0.19727477431297302,0.19717857241630554
3.6959999999998145,0.06783280123094812,16.341005325317383,0.18432431386926212,0.009641894242030045,0.19720588624477386,0.19710811972618103
3.6979999999998143,0.06783275419173496,16.340795516967773,0.18430148591746354,0.009566133823980916,0.19713662564754486,0.19703733921051025
3.699999999999814,0.06783271028113487,16.340587615966797,0.1842784931606481,0.009489760585267884,0.1970667690038681,0.19696608185768127
3.701999999999814,0.06783266959168231,16.340383529663086,0.18425533897784246,0.009412784236830955,0.19699664413928986,0.19689427316188812
3.7039999999998137,0.06783263221504617,16.340179443359375,0.18423202674037653,0.009335214511579286,0.1969258189201355,0.19682195782661438
3.7059999999998134,0.06783259824199137,16.33997917175293,0.18420855981131484,0.00925706116338678,0.19685465097427368,0.1967494785785675
3.7079999999998132,0.06783256776234006,16.339778900146484,0.18418494154488718,0.009178333966093823,0.19678299129009247,0.19667640328407288
3.709999999999813,0.06783254086493616,16.339582443237305,0.18416117528592724,0.00909904271251187,0.196711003780365,0.19660286605358124
3.711999999999813,0.06783251763760902,16.339385986328125,0.1841372643693095,0.009019197213428719,0.19663845002651215,0.19652898609638214
3.7139999999998126,0.0678324981671367,16.339195251464844,0.18411321211939485,0.008938807296623826,0.19656556844711304,0.19645461440086365
3.7159999999998123,0.06783248253921223,16.339006423950195,0.18408902184947323,0.008857882805885533,0.19649222493171692,0.19638001918792725
3.717999999999812,0.06783247083840992,16.338825225830078,0.18406469686121435,0.008776433600030983,0.19641856849193573,0.19630488753318787
3.719999999999812,0.06783246314814964,16.338647842407227,0.18404024044411943,0.008694469551937005,0.1963445097208023,0.19622954726219177
3.7219999999998117,0.06783245955066707,16.338472366333008,0.18401565587497437,0.008612000547570749,0.19627009332180023,0.19615377485752106
3.7239999999998115,0.06783246012697983,16.338289260864258,0.1839909464173074,0.008529036485026708,0.1961953341960907,0.19607752561569214
3.7259999999998112,0.06783246495685732,16.33810806274414,0.18396611532084883,0.008445587273572388,0.1961199939250946,0.19600121676921844
3.727999999999811,0.06783247411878972,16.337926864624023,0.1839411658209935,0.008361662832698184,0.19604456424713135,0.19592438638210297
3.729999999999811,0.06783248768995848,16.337749481201172,0.18391610113826445,0.00827727309117227,0.1959686577320099,0.1958472579717636
3.7319999999998106,0.06783250574620861,16.337575912475586,0.1838909244777785,0.00819242798610492,0.19589249789714813,0.19576989114284515
3.7339999999998104,0.06783252836201842,16.33740234375,0.18386563902871633,0.008107137462016517,0.19581596553325653,0.1956920325756073
3.73599999999981,0.06783255561047577,16.337228775024414,0.18384024796378884,0.008021411469914912,0.1957390457391739,0.19561420381069183
3.73799999999981,0.0678325875632479,16.337059020996094,0.18381475443871165,0.007935259966380465,0.1956620067358017,0.1955358386039734
3.7399999999998097,0.06783262429055968,16.336891174316406,0.18378916159167424,0.007848692912656259,0.19558455049991608,0.195457324385643
3.7419999999998095,0.06783266586116564,16.336727142333984,0.18376347254281328,0.007761720273750963,0.19550685584545135,0.19537842273712158
3.7439999999998093,0.06783271234232945,16.336563110351562,0.18373769039368515,0.007674352017543467,0.1954287886619568,0.195299431681633
3.745999999999809,0.06783276379979893,16.336402893066406,0.18371181822673976,0.007586598113904777,0.19535058736801147,0.19522009789943695
3.747999999999809,0.06783282029778467,16.336244583129883,0.18368585910479118,0.0074984685338223165,0.19527210295200348,0.1951405107975006
3.7499999999998086,0.06783288189893949,16.336088180541992,0.1836598160704908,0.007409973248538193,0.19519323110580444,0.19506075978279114
3.7519999999998084,0.06783294866433838,16.335933685302734,0.18363369214579645,0.007321122228696299,0.1951141655445099,0.1949806809425354
3.753999999999808,0.0678330206534591,16.33578109741211,0.1836074903314392,0.007231925443499402,0.19503502547740936,0.1949005424976349
3.755999999999808,0.0678330979241634,16.335634231567383,0.18358121360639168,0.00714239285988081,0.19495552778244019,0.19482015073299408
3.7579999999998077,0.06783318053268167,16.335485458374023,0.18355486492732725,0.007052534441683861,0.1948758363723755,0.19473956525325775
3.7599999999998075,0.06783326853359507,16.335346221923828,0.18352844722808137,0.006962360148857642,0.19479584693908691,0.19465893507003784
3.7619999999998073,0.06783336197982127,16.3352108001709,0.18350196341910363,0.006871879936665174,0.19471587240695953,0.19457799196243286
3.763999999999807,0.06783346092260005,16.335073471069336,0.18347541638690612,0.00678110375490431,0.1946355253458023,0.1944969743490219
3.765999999999807,0.06783356541148011,16.334941864013672,0.1834488089935069,0.006690041547146576,0.19455508887767792,0.1944156140089035
3.7679999999998066,0.06783367549430751,16.334808349609375,0.18342214407586388,0.006598703249988613,0.1944744735956192,0.1943342089653015
3.7699999999998064,0.06783379121721458,16.334678649902344,0.18339542444530127,0.006507098792324103,0.19439373910427094,0.19425265491008759
3.771999999999806,0.0678339126246102,16.334552764892578,0.18336865288692666,0.006415238094631413,0.19431272149085999,0.19417107105255127
3.773999999999806,0.06783403975917023,16.334423065185547,0.18334183215903777,0.006323131068281936,0.19423171877861023,0.19408927857875824
3.7759999999998057,0.06783417266183193,16.334300994873047,0.18331496499251515,0.006230787614869155,0.19415052235126495,0.1940075010061264
3.7779999999998055,0.06783431137178604,16.334178924560547,0.18328805409020332,0.006138217625556196,0.19406911730766296,0.19392548501491547
3.7799999999998053,0.06783445592647212,16.33405303955078,0.1832611021262774,0.006045430980454847,0.1939876824617386,0.19384348392486572
3.781999999999805,0.06783460636157519,16.333925247192383,0.18323411174558646,0.005952437548022856,0.19390606880187988,0.19376134872436523
3.783999999999805,0.06783476271102268,16.33380126953125,0.18320708556298793,0.005859247184491219,0.1938244104385376,0.19367924332618713
3.7859999999998046,0.0678349250069839,16.33367919921875,0.1831800261626504,0.005765869733324133,0.19374269247055054,0.1935969442129135
3.7879999999998044,0.06783509327986945,16.33356475830078,0.18315293609734068,0.005672315024705661,0.19366085529327393,0.19351455569267273
3.789999999999804,0.06783526755833348,16.333454132080078,0.18312581788767834,0.005578592875066982,0.19357895851135254,0.19343218207359314
3.791999999999804,0.067835447869276,16.33334732055664,0.18309867402136704,0.005484713086646178,0.19349703192710876,0.1933497190475464
3.7939999999998038,0.06783563423784889,16.333242416381836,0.18307150695238744,0.00539068544709599,0.19341494143009186,0.19326739013195038
3.7959999999998035,0.0678358266874605,16.333139419555664,0.18304431910015845,0.005296519729130065,0.19333283603191376,0.19318491220474243
3.7979999999998033,0.06783602523978505,16.333038330078125,0.1830171128486578,0.005202225690223555,0.1932506412267685,0.19310249388217926
3.799999999999803,0.06783622991477065,16.332937240600586,0.1829898905454972,0.005107813072367749,0.19316838681697845,0.19301991164684296
3.801999999999803,0.06783644073065265,16.332839965820312,0.1829626545009475,0.005013291601884084,0.19308632612228394,0.19293740391731262
3.8039999999998027,0.06783665770396516,16.33274269104004,0.18293540698691346,0.004918670989301395,0.19300398230552673,0.1928548812866211
3.8059999999998024,0.06783688084955744,16.33264923095703,0.18290815023584517,0.004823960929314954,0.19292178750038147,0.19277256727218628
3.807999999999802,0.06783711018061218,16.332557678222656,0.18288088643958206,0.004729171100820895,0.19283942878246307,0.19269008934497833
3.809999999999802,0.06783734570866307,16.332468032836914,0.1828536177481252,0.004634311167042811,0.1927572637796402,0.19260764122009277
3.8119999999998018,0.0678375874436198,16.332378387451172,0.18282634626832345,0.004539390775762728,0.19267496466636658,0.19252526760101318
3.8139999999998015,0.06783783539379029,16.332290649414062,0.18279907406247098,0.004444419559665245,0.1925927698612213,0.19244305789470673
3.8159999999998013,0.06783808956591109,16.332210540771484,0.18277180314680058,0.0043494071368101765,0.1925106644630432,0.1923607885837555
3.817999999999801,0.06783834996517536,16.33212661743164,0.1827445354898618,0.004254363111254236,0.19242842495441437,0.19227857887744904
3.819999999999801,0.06783861659526808,16.33204460144043,0.1827172730107725,0.004159297073831986,0.19234634935855865,0.19219648838043213
3.8219999999998007,0.06783888945840405,16.33196449279785,0.18269001757732667,0.0040642186031281105,0.1922643631696701,0.19211433827877045
3.8239999999998004,0.06783916855536731,16.33188819885254,0.1826627710039445,0.003969137266665919,0.19218233227729797,0.19203241169452667
3.8259999999998002,0.06783945388555863,16.331811904907227,0.18263553504943847,0.003874062622334368,0.1921004205942154,0.19195051491260529
3.8279999999998,0.06783974544704376,16.331737518310547,0.18260831141458056,0.003779004220104825,0.19201859831809998,0.19186872243881226
3.8299999999998,0.06784004323660914,16.3316650390625,0.1825811017394408,0.003683971604069028,0.1919369250535965,0.19178694486618042
3.8319999999997996,0.06784034724982255,16.331592559814453,0.18255390760046902,0.003588974314852681,0.1918550431728363,0.1917055994272232
3.8339999999997993,0.06784065748110021,16.331523895263672,0.1825267305072827,0.0034940218924767365,0.19177350401878357,0.19162417948246002
3.835999999999799,0.06784097392377977,16.331451416015625,0.18249957189912958,0.0033991238797227673,0.19169196486473083,0.19154275953769684
3.837999999999799,0.0678412965702032,16.33133316040039,0.1824724331409706,0.0033042898261087103,0.1916106641292572,0.19146151840686798
3.8399999999997987,0.06784162541180497,16.331214904785156,0.182445315519134,0.0032095292925786918,0.1915292888879776,0.1913805603981018
3.8419999999997985,0.06784196043921494,16.331096649169922,0.18241822023648058,0.003114851857035816,0.1914481818675995,0.1912996917963028
3.8439999999997982,0.06784230164236689,16.330978393554688,0.18239114840700577,0.0030202671208867547,0.19136710464954376,0.19121886789798737
3.845999999999798,0.06784264901062534,16.33087158203125,0.18236410104978967,0.002925784716803211,0.19128617644309998,0.19113828241825104
3.847999999999798,0.06784300253292233,16.330768585205078,0.18233707908220115,0.0028314143179388575,0.1912054717540741,0.1910579353570938
3.8499999999997976,0.06784336219791498,16.330669403076172,0.1823100833122291,0.00273716564893519,0.19112490117549896,0.19097769260406494
3.8519999999997974,0.06784372799415975,16.33056640625,0.18228311442979916,0.002643048499094148,0.1910444051027298,0.19089750945568085
3.853999999999797,0.06784409991031119,16.330474853515625,0.1822561729969046,0.002549072738232521,0.19096407294273376,0.1908176690340042
3.855999999999797,0.0678444779353476,16.330394744873047,0.1822292594363415,0.002455248335860608,0.19088411331176758,0.1907380074262619
3.8579999999997967,0.067844862058827,16.33030891418457,0.18220237401879413,0.0023615853845130328,0.1908041089773178,0.1906583607196808
3.8599999999997965,0.06784525227118089,16.330230712890625,0.18217551684796168,0.0022680941283258283,0.19072428345680237,0.19057916104793549
3.8619999999997963,0.06784564856405402,16.3302001953125,0.18214868784334698,0.0021747849982802717,0.19064468145370483,0.19050008058547974
3.863999999999796,0.06784605093069605,16.330163955688477,0.18212188672023166,0.002081668656021058,0.19056540727615356,0.19042116403579712
3.865999999999796,0.06784645936641867,16.33013153076172,0.18209511296625341,0.001988756048808122,0.1904861330986023,0.1903424859046936
3.8679999999997956,0.06784687386913098,16.330101013183594,0.18206836581383873,0.001896058479094772,0.19040711224079132,0.1902640163898468
3.8699999999997954,0.06784729443997528,16.330039978027344,0.1820416442075582,0.0018035876935434895,0.1903284639120102,0.19018593430519104
3.871999999999795,0.06784772108407827,16.329967498779297,0.18201494676519497,0.001711355998247201,0.19024989008903503,0.1901078075170517
3.873999999999795,0.06784815381145748,16.32988929748535,0.18198827173097237,0.0016193764097719072,0.19017153978347778,0.1900300532579422
3.8759999999997947,0.06784859263811678,16.329811096191406,0.1819616169189131,0.0015276628559587112,0.1900932937860489,0.18995244801044464
3.8779999999997945,0.0678490375873841,16.32973289489746,0.18193497964363875,0.0014362304470824983,0.19001542031764984,0.18987521529197693
3.8799999999997943,0.06784948869156818,16.32965087890625,0.1819083566350297,0.0013450958484270304,0.1899378001689911,0.18979819118976593
3.881999999999794,0.06784994599402197,16.32956314086914,0.18188174393188727,0.0012542778022523581,0.1898602545261383,0.18972139060497284
3.883999999999794,0.06785040955175606,16.329471588134766,0.181855136747947,0.0011637978752158105,0.1897832155227661,0.189644917845726
3.8859999999997936,0.06785087943878378,16.329376220703125,0.18182852930098004,0.0010736815554524767,0.18970632553100586,0.18956857919692993
3.8879999999997934,0.06785135575046321,16.329273223876953,0.18180191459195977,0.0009839599090259237,0.18962956964969635,0.1894925832748413
3.889999999999793,0.06785183860921098,16.32916259765625,0.18177528411566807,0.000894672163624076,0.1895531415939331,0.18941687047481537
3.891999999999793,0.06785232817212396,16.329044342041016,0.18174862747593395,0.0008058698938160037,0.18947690725326538,0.18934135138988495
3.8939999999997927,0.06785282464123629,16.328907012939453,0.18172193186678787,0.0007176241089169816,0.1894010603427887,0.18926610052585602
3.8959999999997925,0.06785332827733434,16.328758239746094,0.18169518136453172,0.0006300379099896053,0.18932555615901947,0.189191073179245
3.8979999999997923,0.06785383941805952,16.328590393066406,0.18166835595791098,0.0005432705893741435,0.18925002217292786,0.1891164481639862
3.899999999999792,0.06785435849894157,16.328401565551758,0.18164143024376067,0.0004575872879950026,0.18917496502399445,0.18904192745685577
3.901999999999792,0.06785488606497796,16.328184127807617,0.18161437182877033,0.0003734719478438459,0.18910014629364014,0.1889677792787552
3.9039999999997916,0.06785542270574557,16.32792854309082,0.1815871401537475,0.000291918465001662,0.18902583420276642,0.18889400362968445
3.9059999999997914,0.06785596855787737,16.327632904052734,0.18155968997886196,0.00021530608427915935,0.18895158171653748,0.18882066011428833
3.907999999999791,0.06785652053912297,16.327322006225586,0.1815320030067401,0.00015044013196243005,0.18887805938720703,0.1887480765581131
3.909999999999791,0.06785706527173338,16.32717514038086,0.18150427261909774,0.0001171055274581443,0.18880537152290344,0.18867799639701843
3.9119999999997908,0.06785759475803055,16.327791213989258,0.1814773990689022,0.0001385255189905435,0.18873456120491028,0.18861328065395355
3.9139999999997905,0.06785811303365552,16.32887077331543,0.18145193410107607,0.00019673059829499053,0.1886654794216156,0.18855047225952148
3.9159999999997903,0.06785862388696651,16.3297061920166,0.18142758522467,0.00026821984285116147,0.18859758973121643,0.1884869635105133
3.91799999999979,0.06785912962777034,16.33031463623047,0.1814040726533131,0.0003441697756797565,0.18853065371513367,0.18842309713363647
3.91999999999979,0.06785963167769177,16.330781936645508,0.1813812208122237,0.0004217481016352477,0.1884644627571106,0.1883593648672104
3.9219999999997897,0.06786013095718767,16.33115577697754,0.18135891775115998,0.0004999142366211365,0.18839886784553528,0.18829582631587982
3.9239999999997894,0.06786062808932901,16.331470489501953,0.1813370878404062,0.0005782230013837729,0.18833383917808533,0.18823279440402985
3.925999999999789,0.06786112351001763,16.331743240356445,0.18131567722018394,0.0006564590537321177,0.1882692575454712,0.18817009031772614
3.927999999999789,0.06786161753110444,16.331985473632812,0.18129464585838856,0.0007345075323660459,0.18820534646511078,0.18810783326625824
3.9299999999997888,0.06786211037860956,16.332202911376953,0.18127396296578802,0.0008123019815745449,0.18814179301261902,0.18804579973220825
3.9319999999997886,0.06786260221701663,16.332406997680664,0.1812536041998034,0.0008898011056124217,0.1880788952112198,0.18798434734344482
3.9339999999997883,0.06786309316536711,16.332590103149414,0.18123354987514206,0.0009669775027273474,0.1880163848400116,0.18792322278022766
3.935999999999788,0.0678635833083045,16.332767486572266,0.18121378377091285,0.0010438118310891033,0.1879543662071228,0.1878625750541687
3.937999999999788,0.06786407270388223,16.332935333251953,0.1811942923072934,0.0011202896194761648,0.18789273500442505,0.18780240416526794
3.9399999999997877,0.06786456138922896,16.33308982849121,0.18117506396020278,0.0011963994437162726,0.18783164024353027,0.18774248659610748
3.9419999999997875,0.06786504938475107,16.333242416381836,0.18115608883447148,0.0012721318440247326,0.18777097761631012,0.18768315017223358
3.9439999999997872,0.06786553669731245,16.33338737487793,0.18113735834568495,0.0013474786614071324,0.1877107471227646,0.18762417137622833
3.945999999999787,0.06786602332268162,16.333524703979492,0.18111886497843932,0.0014224326196972251,0.1876509189605713,0.1875656545162201
3.947999999999787,0.0678665092474442,16.333662033081055,0.1811006020995527,0.0014969870561149462,0.18759167194366455,0.18750745058059692
3.9499999999997866,0.0678669944505183,16.33379554748535,0.18108256381156668,0.0015711357440427033,0.18753261864185333,0.1874498426914215
3.9519999999997864,0.06786747890437199,16.333925247192383,0.18106474483632995,0.0016448727744468048,0.18747419118881226,0.18739259243011475
3.953999999999786,0.0678679625760063,16.33405113220215,0.18104714042137854,0.001718192475358486,0.1874161809682846,0.18733572959899902
3.955999999999786,0.06786844542776752,16.33417510986328,0.18102974626384327,0.0017910893565203406,0.18735858798027039,0.1872793287038803
3.9579999999997857,0.06786892741801215,16.334306716918945,0.181012558448014,0.001863558070940526,0.18730157613754272,0.18722347915172577
3.9599999999997855,0.06786940850166832,16.33443260192871,0.18099557339364647,0.0019355933879704585,0.18724477291107178,0.1871679127216339
3.9619999999997852,0.06786988863070341,16.334562301635742,0.18097878781283633,0.0020071901743398024,0.18718867003917694,0.1871129274368286
3.963999999999785,0.06787036775452224,16.33469009399414,0.18096219867376567,0.0020783433807470227,0.18713274598121643,0.18705818057060242
3.965999999999785,0.06787084582030788,16.334815979003906,0.1809458031700299,0.0021490480323643193,0.18707743287086487,0.18700410425662994
3.9679999999997846,0.0678713227733119,16.33494758605957,0.18092959869452446,0.002219299222130873,0.18702265620231628,0.18695034086704254
3.9699999999997844,0.06787179855710843,16.3350772857666,0.18091358281708214,0.002289092106042462,0.18696807324886322,0.1868969202041626
3.971999999999784,0.06787227311381265,16.3352108001709,0.18089775326522878,0.0023584218998779416,0.18691414594650269,0.1868440806865692
3.973999999999784,0.06787274638427371,16.335342407226562,0.18088210790753412,0.002427283876970774,0.1868606060743332,0.1867915391921997
3.9759999999997837,0.06787321830824296,16.335474014282227,0.18086664473914937,0.0024956733667364965,0.186807319521904,0.18673965334892273
3.9779999999997835,0.06787368882452298,16.335603713989258,0.18085136186918194,0.0025635857537549605,0.18675468862056732,0.18668802082538605
3.9799999999997833,0.06787415787110254,16.335735321044922,0.18083625750964089,0.0026310164772523703,0.18670257925987244,0.18663692474365234
3.981999999999783,0.06787462538527192,16.33586311340332,0.18082132996571115,0.0026979610308824047,0.18665087223052979,0.18658646941184998
3.983999999999783,0.06787509130373118,16.33599281311035,0.18080657762717622,0.002764414962710917,0.18659953773021698,0.18653608858585358
3.9859999999997826,0.06787555556268578,16.33612060546875,0.18079199896081982,0.002830373875364806,0.18654872477054596,0.1864863634109497
3.9879999999997824,0.06787601809793205,16.33624839782715,0.1807775925036847,0.0028958334262814654,0.18649820983409882,0.1864369958639145
3.989999999999782,0.06787647884493817,16.33637809753418,0.18076335685706435,0.0029607893280383384,0.1864483803510666,0.18638819456100464
3.991999999999782,0.06787693773891267,16.33650779724121,0.18074929068114048,0.0030252373487347005,0.1863989531993866,0.18633976578712463
3.9939999999997817,0.06787739471487328,16.336631774902344,0.18073539269017885,0.0030891733124052924,0.18634982407093048,0.18629190325737
3.9959999999997815,0.06787784970770608,16.336761474609375,0.1807216616482225,0.0031525930994589246,0.1863013654947281,0.18624438345432281
3.9979999999997813,0.06787830265222075,16.33688735961914,0.180708096365213,0.0032154926471183293,0.18625333905220032,0.18619737029075623
3.999999999999781,0.06787875348320302,16.337011337280273,0.18069469569349766,0.003277867949871852,0.18620574474334717,0.18615077435970306
4.001999999999781,0.06787920213546214,16.337141036987305,0.18068145852466833,0.003339715059918139,0.18615852296352386,0.1861046850681305
4.003999999999781,0.06787964854387592,16.33727264404297,0.18066838378671007,0.0034010300876050406,0.18611188232898712,0.18605896830558777
4.005999999999781,0.06788009264343206,16.337400436401367,0.180655470441404,0.0034618092018553585,0.1860656887292862,0.18601378798484802
4.007999999999781,0.06788053436926778,16.33753776550293,0.18064271748197785,0.0035220486305878695,0.1860198974609375,0.18596906960010529
4.00999999999978,0.06788097365670596,16.337682723999023,0.18063012393096167,0.003581744661115837,0.1859746128320694,0.18592485785484314
4.01199999999978,0.06788141044129033,16.33782386779785,0.18061768883823703,0.0036408936405411263,0.18592986464500427,0.18588103353977203
4.01399999999978,0.06788184465881848,16.337966918945312,0.18060541127925483,0.0036994919761242197,0.185885488986969,0.1858377307653427
4.01599999999978,0.06788227624537195,16.33810806274414,0.18059329035340804,0.0037575361356452326,0.18584167957305908,0.18579483032226562
4.0179999999997795,0.06788270513734634,16.33824920654297,0.18058132518253878,0.0038150226477471514,0.18579818308353424,0.18575237691402435
4.019999999999779,0.06788313127147974,16.338394165039062,0.18056951490957374,0.0038719481022647514,0.1857554167509079,0.18571050465106964
4.021999999999779,0.06788355458487792,16.33853530883789,0.1805578586972712,0.003928309150535717,0.18571297824382782,0.18566901981830597
4.023999999999779,0.06788397501504224,16.338680267333984,0.18054635572706612,0.003984102505698906,0.18567103147506714,0.1856279820203781
4.025999999999779,0.06788439249989184,16.33881187438965,0.18053500519801458,0.004039324942980897,0.18562957644462585,0.18558749556541443
4.027999999999778,0.0678848069777883,16.338945388793945,0.18052380632581444,0.004093973299957688,0.1855885088443756,0.1855473667383194
4.029999999999778,0.06788521838755748,16.339075088500977,0.180512758341908,0.0041480444768140536,0.1855481117963791,0.18550781905651093
4.031999999999778,0.06788562666851129,16.339210510253906,0.18050186049265077,0.004201535436582207,0.18550807237625122,0.18546868860721588
4.033999999999778,0.06788603176046935,16.339344024658203,0.18049111203854545,0.004254443205368036,0.185468390583992,0.18543004989624023
4.0359999999997775,0.06788643360377702,16.3394775390625,0.18048051225353307,0.004306764872563934,0.1854293793439865,0.18539196252822876
4.037999999999777,0.06788683213932742,16.339611053466797,0.1804700604243359,0.004358497591048873,0.1853908747434616,0.18535418808460236
4.039999999999777,0.06788722730857738,16.339746475219727,0.1804597558498514,0.004409638577377311,0.18535275757312775,0.1853169947862625
4.041999999999777,0.06788761905356674,16.339879989624023,0.18044959784058706,0.004460185111950602,0.1853150576353073,0.18528035283088684
4.043999999999777,0.06788800731693657,16.34001350402832,0.18043958571813773,0.0045101345391834,0.1852779984474182,0.18524403870105743
4.045999999999776,0.06788839204194426,16.34014892578125,0.18042971881470093,0.004559484267653118,0.18524137139320374,0.1852083057165146
4.047999999999776,0.06788877317248168,16.340282440185547,0.18041999647262474,0.00460823177023838,0.18520522117614746,0.1851728856563568
4.049999999999776,0.0678891506530898,16.340415954589844,0.18041041804398805,0.004656374584246858,0.18516956269741058,0.18513800203800201
4.051999999999776,0.06788952442897433,16.34054946899414,0.18040098289020995,0.004703910311533533,0.18513436615467072,0.18510377407073975
4.053999999999776,0.06788989444602063,16.340686798095703,0.1803916903816824,0.004750836618603927,0.18509964644908905,0.1850699484348297
4.055999999999775,0.06789026065080889,16.3408203125,0.18038253989743414,0.004797151236712748,0.18506558239459991,0.1850365400314331
4.057999999999775,0.0678906229906266,16.34095573425293,0.18037353082481117,0.004842851961944546,0.1850316971540451,0.18500368297100067
4.059999999999775,0.06789098141348397,16.341089248657227,0.1803646625591796,0.004887936655290724,0.18499857187271118,0.1849711835384369
4.061999999999775,0.06789133586812597,16.341224670410156,0.1803559345036494,0.004932403242713265,0.18496596813201904,0.18493923544883728
4.0639999999997745,0.06789168630404535,16.341360092163086,0.18034734606881375,0.00497624971519735,0.1849336177110672,0.18490777909755707
4.065999999999774,0.0678920326714957,16.341495513916016,0.18033889667250586,0.005019474128798732,0.18490183353424072,0.18487682938575745
4.067999999999774,0.06789237492150225,16.341632843017578,0.1803305857395699,0.005062074604675728,0.1848706305027008,0.18484634160995483
4.069999999999774,0.0678927130058757,16.341766357421875,0.18032241270164734,0.0051040493291180005,0.1848398596048355,0.18481621146202087
4.071999999999774,0.0678930468772215,16.341903686523438,0.1803143769969745,0.005145396553559419,0.1848096251487732,0.18478664755821228
4.073999999999773,0.06789337648895204,16.342039108276367,0.1803064780701923,0.005186114594588213,0.18477976322174072,0.18475769460201263
4.075999999999773,0.06789370179529772,16.342174530029297,0.1802987153721679,0.005226201833942827,0.18475057184696198,0.1847291886806488
4.077999999999773,0.06789402275131577,16.34231185913086,0.18029108835982555,0.005265656718503342,0.18472178280353546,0.18470099568367004
4.079999999999773,0.0678943393129025,16.34244728088379,0.1802835964959857,0.005304477760270585,0.18469351530075073,0.18467338383197784
4.0819999999997725,0.06789465143680118,16.34258460998535,0.1802762392492156,0.005342663536338003,0.18466565012931824,0.18464629352092743
4.083999999999772,0.06789495908061226,16.342723846435547,0.18026901609368423,0.005380212688857684,0.1846383959054947,0.18461965024471283
4.085999999999772,0.06789526220280365,16.34286117553711,0.18026192650902706,0.005417123924991,0.18461163341999054,0.1845933496952057
4.087999999999772,0.06789556076271629,16.34299659729004,0.18025496998021623,0.00545339601686088,0.18458528816699982,0.18456783890724182
4.089999999999772,0.06789585472057741,16.343135833740234,0.180248145997437,0.005489027801485822,0.18455944955348969,0.18454258143901825
4.091999999999771,0.0678961440375043,16.343280792236328,0.18024145405597153,0.005524018180714668,0.18453414738178253,0.18451784551143646
4.093999999999771,0.06789642867551507,16.343427658081055,0.18023489365608358,0.0055583661211454334,0.18450920283794403,0.1844935566186905
4.095999999999771,0.06789670859753509,16.34357261657715,0.18022846430291267,0.0055920706540449,0.1844847947359085,0.18446975946426392
4.097999999999771,0.06789698376740472,16.34371566772461,0.18022216550636982,0.005625130875250986,0.18446101248264313,0.1844465583562851
4.0999999999997705,0.06789725414988736,16.343860626220703,0.1802159967810375,0.005657545945076719,0.1844376176595688,0.1844237744808197
4.10199999999977,0.06789751971067352,16.34400749206543,0.18020995764607528,0.005689315088199673,0.18441474437713623,0.1844014972448349
4.10399999999977,0.06789778041639066,16.34415054321289,0.1802040476251242,0.005720437593547086,0.18439237773418427,0.18437978625297546
4.10599999999977,0.067898036234607,16.344297409057617,0.18019826624621893,0.0057509128141729855,0.18437054753303528,0.18435828387737274
4.10799999999977,0.06789828713383865,16.344440460205078,0.18019261304170092,0.00578074016713018,0.18434906005859375,0.18433742225170135
4.109999999999769,0.06789853308355494,16.344585418701172,0.18018708754813179,0.00580991913332997,0.18432818353176117,0.1843169927597046
4.111999999999769,0.06789877405418386,16.34473419189453,0.18018168930621092,0.005838449257398473,0.18430779874324799,0.18429717421531677
4.113999999999769,0.06789901001711705,16.34487533569336,0.18017641786069677,0.00586633014752989,0.1842879354953766,0.18427774310112
4.115999999999769,0.06789924094471467,16.34501838684082,0.18017127276032568,0.005893561475319732,0.18426841497421265,0.18425869941711426
4.1179999999997685,0.06789946681031066,16.345165252685547,0.18016625355773525,0.005920142975607249,0.18424947559833527,0.18424028158187866
4.119999999999768,0.06789968758821546,16.34531021118164,0.18016135980938802,0.005946074446299644,0.18423108756542206,0.1842222511768341
4.121999999999768,0.06789990325372174,16.3454532623291,0.1801565910754956,0.0059713557481944415,0.1842130571603775,0.18420477211475372
4.123999999999768,0.06790011378310706,16.345598220825195,0.18015194691994646,0.005995986804795438,0.1841956079006195,0.18418769538402557
4.125999999999768,0.06790031915363791,16.345745086669922,0.18014742691023122,0.006019967602117876,0.18417853116989136,0.1841711401939392
4.127999999999767,0.06790051934357204,16.345888137817383,0.1801430306173698,0.006043298188491944,0.18416203558444977,0.18415497243404388
4.129999999999767,0.06790071433216267,16.346031188964844,0.1801387576158402,0.0060659786743597986,0.18414613604545593,0.18413937091827393
4.131999999999767,0.06790090409966028,16.346176147460938,0.18013460748350713,0.006088009232061689,0.18413059413433075,0.18412409722805023
4.133999999999767,0.06790108862731521,16.34632110595703,0.18013057980155006,0.006109390095620257,0.18411558866500854,0.1841096580028534
4.1359999999997665,0.06790126789737969,16.346466064453125,0.18012667415439254,0.006130121560515735,0.18410098552703857,0.1840953528881073
4.137999999999766,0.0679014418931097,16.346609115600586,0.18012289012963156,0.0061502039834586955,0.18408682942390442,0.18408170342445374
4.139999999999766,0.06790161059876725,16.346750259399414,0.18011922731796587,0.006169637782151946,0.184073343873024,0.18406836688518524
4.141999999999766,0.06790177399962023,16.346895217895508,0.18011568531312644,0.006188423435052015,0.18406017124652863,0.18405550718307495
4.143999999999766,0.06790193208194469,16.3470401763916,0.18011226371180367,0.006206561481117233,0.18404747545719147,0.184043288230896
4.145999999999765,0.06790208483302586,16.34718132019043,0.18010896211357863,0.006224052519559285,0.1840353161096573,0.18403135240077972
4.147999999999765,0.06790223224115703,16.34732437133789,0.18010578012084916,0.006240897209581653,0.1840236335992813,0.18401996791362762
4.149999999999765,0.06790237429564167,16.347469329833984,0.18010271733875938,0.006257096270114648,0.18401232361793518,0.1840091049671173
4.151999999999765,0.06790251098679197,16.347610473632812,0.18009977337512784,0.006272650479545761,0.18400172889232635,0.18399862945079803
4.1539999999997645,0.06790264230593032,16.347753524780273,0.18009694784037322,0.00628756067544592,0.18399150669574738,0.18398864567279816
4.155999999999764,0.06790276824538667,16.34789276123047,0.18009424034744548,0.006301827754284608,0.1839817315340042,0.18397913873195648
4.157999999999764,0.06790288879849964,16.348031997680664,0.18009165051174714,0.006315452671143952,0.18397241830825806,0.18397004902362823
4.159999999999764,0.06790300395961368,16.348175048828125,0.18008917795106305,0.006328436439429366,0.18396365642547607,0.1839613914489746
4.161999999999764,0.06790311372407958,16.348312377929688,0.18008682228548417,0.006340780130570277,0.18395517766475677,0.18395328521728516
4.1639999999997634,0.06790321808825231,16.348453521728516,0.1800845831373339,0.006352484873717143,0.18394728004932404,0.18394558131694794
4.165999999999763,0.06790331704948842,16.34859275817871,0.18008246013109075,0.0063635518554357295,0.18393996357917786,0.1839383840560913
4.167999999999763,0.06790341060614455,16.348731994628906,0.18008045289331376,0.006373982319391419,0.18393293023109436,0.18393155932426453
4.169999999999763,0.06790349875757616,16.3488712310791,0.18007856105256348,0.006383777566035128,0.18392658233642578,0.1839253008365631
4.171999999999763,0.06790358150413263,16.349008560180664,0.18007678423932777,0.006392938952279269,0.18392053246498108,0.18391945958137512
4.173999999999762,0.06790365884715684,16.349145889282227,0.18007512208593907,0.006401467891168901,0.18391500413417816,0.183913916349411
4.175999999999762,0.06790373078898089,16.349285125732422,0.18007357422650022,0.00640936585155283,0.1839098334312439,0.18390913307666779
4.177999999999762,0.0679037973329231,16.349424362182617,0.18007214029680146,0.006416634357741917,0.18390513956546783,0.1839044839143753
4.179999999999762,0.0679038584832842,16.34956169128418,0.18007081993424212,0.006423274989174018,0.1839010864496231,0.18390055000782013
4.1819999999997615,0.06790391424534414,16.349700927734375,0.18006961277774913,0.006429289380060702,0.18389737606048584,0.18389691412448883
4.183999999999761,0.06790396462535742,16.349836349487305,0.18006851846769667,0.006434679219042766,0.1838940680027008,0.18389369547367096
4.185999999999761,0.06790400963054882,16.349971771240234,0.18006753664582148,0.006439446248829946,0.18389126658439636,0.18389101326465607
4.187999999999761,0.06790404926911016,16.35011100769043,0.18006666695514278,0.006443592265846341,0.1838889867067337,0.18388879299163818
4.189999999999761,0.06790408355019362,16.35024642944336,0.18006590903987835,0.006447119119862889,0.1838870495557785,0.18388690054416656
4.19199999999976,0.06790411248390858,16.35038185119629,0.1800652625453592,0.006450028713631308,0.1838856339454651,0.18388551473617554
4.19399999999976,0.06790413608131511,16.35051727294922,0.18006472711794735,0.006452323002509947,0.18388459086418152,0.18388459086418152
4.19599999999976,0.0679041543544193,16.35065269470215,0.18006430240494775,0.006454003994090709,0.18388408422470093,0.18388400971889496
4.19799999999976,0.0679041673161671,16.350788116455078,0.18006398805452511,0.006455073747814657,0.18388386070728302,0.18388395011425018
4.1999999999997595,0.06790417498043946,16.350923538208008,0.18006378371561665,0.006455534374591485,0.1838844269514084,0.18388429284095764
4.201999999999759,0.06790417736204424,16.351057052612305,0.18006368903784592,0.006455388036407659,0.18388515710830688,0.1838851422071457
4.203999999999759,0.06790417447671242,16.3511905670166,0.18006370367143398,0.00645463694593734,0.18388639390468597,0.18388642370700836
4.205999999999759,0.0679041663410896,16.35132598876953,0.18006382726711384,0.006453283366144363,0.18388795852661133,0.18388807773590088
4.207999999999759,0.06790415297272957,16.351457595825195,0.18006405947604104,0.0064513296098840656,0.18389011919498444,0.18389016389846802
4.209999999999758,0.06790413439008881,16.351591110229492,0.18006439994970497,0.006448778039498517,0.18389277160167694,0.18389290571212769
4.211999999999758,0.06790411061251755,16.35172462463379,0.1800648483398402,0.006445631066410613,0.18389569222927094,0.18389585614204407
4.213999999999758,0.06790408166025233,16.351856231689453,0.180065404298339,0.006441891150714016,0.18389903008937836,0.18389926850795746
4.215999999999758,0.06790404755441055,16.35198974609375,0.1800660674771577,0.006437560800757659,0.18390291929244995,0.18390317261219025
4.2179999999997575,0.06790400831697961,16.35211944580078,0.18006683752823038,0.0064326425727309336,0.18390719592571259,0.183907613158226
4.219999999999757,0.06790396397081229,16.352251052856445,0.18006771410337669,0.006427139070240495,0.18391187489032745,0.183912456035614
4.221999999999757,0.0679039145396152,16.35238265991211,0.18006869685421312,0.006421052943887694,0.18391703069210052,0.18391752243041992
4.223999999999757,0.06790386004794266,16.35251235961914,0.18006978543205954,0.006414386890842698,0.18392260372638702,0.18392330408096313
4.225999999999757,0.06790380052118758,16.352643966674805,0.1800709794878525,0.006407143654412817,0.18392862379550934,0.18392929434776306
4.227999999999756,0.06790373598557184,16.352771759033203,0.18007227867205133,0.006399326023608289,0.1839350014925003,0.18393585085868835
4.229999999999756,0.06790366646813875,16.352903366088867,0.18007368263454682,0.006390936832708459,0.1839417666196823,0.18394272029399872
4.231999999999756,0.06790359199674262,16.3530330657959,0.18007519102457303,0.006381978960821153,0.18394896388053894,0.183950275182724
4.233999999999756,0.06790351260003973,16.353158950805664,0.18007680349061367,0.0063724553314419025,0.183956578373909,0.18395790457725525
4.2359999999997555,0.06790342830748007,16.353288650512695,0.18007851968031235,0.006362368912006918,0.1839645951986313,0.18396592140197754
4.237999999999755,0.06790333914929547,16.353418350219727,0.18008033924038136,0.006351722713446991,0.18397316336631775,0.18397463858127594
4.239999999999755,0.06790324515649107,16.353557586669922,0.18008226181651144,0.00634051978973776,0.18398194015026093,0.1839836835861206
4.241999999999755,0.06790314636083618,16.35369300842285,0.18008428705327872,0.006328763237445352,0.18399126827716827,0.1839931309223175
4.243999999999755,0.06790304279485151,16.35382843017578,0.18008641459405933,0.006316456195272499,0.1840009242296219,0.1840030401945114
4.245999999999754,0.06790293449180114,16.35396385192871,0.18008864408093295,0.006303601843597834,0.18401096761226654,0.184013232588768
4.247999999999754,0.06790282148568139,16.354097366333008,0.18009097515459788,0.006290203404020126,0.1840214878320694,0.18402397632598877
4.249999999999754,0.06790270381120929,16.354232788085938,0.1800934074542782,0.006276264138891426,0.18403232097625732,0.184035062789917
4.251999999999754,0.06790258150381294,16.354366302490234,0.180095940617637,0.006261787350853148,0.1840435415506363,0.1840464025735855
4.2539999999997535,0.06790245459961931,16.35449981689453,0.18009857428068593,0.006246776382371253,0.18405522406101227,0.18405833840370178
4.255999999999753,0.067902323135445,16.354629516601562,0.18010130807769642,0.006231234615263018,0.1840672492980957,0.18407058715820312
4.257999999999753,0.06790218714878263,16.35476303100586,0.1801041416411141,0.006215165470227987,0.1840796023607254,0.18408308923244476
4.259999999999753,0.06790204667779126,16.354894638061523,0.18010707460146902,0.006198572406373901,0.18409238755702972,0.18409615755081177
4.261999999999753,0.06790190176128402,16.355026245117188,0.1801101065872902,0.006181458920741643,0.18410570919513702,0.18410968780517578
4.263999999999752,0.06790175243871681,16.355154037475586,0.18011323722501932,0.006163828547827234,0.1841190904378891,0.1841234415769577
4.265999999999752,0.06790159875017619,16.35528564453125,0.1801164661389248,0.006145684859101196,0.18413308262825012,0.18413762748241425
4.267999999999752,0.06790144073636756,16.35541343688965,0.1801197929510182,0.0061270314625310315,0.18414755165576935,0.18415218591690063
4.269999999999752,0.0679012784386034,16.35554313659668,0.18012321728096803,0.006107872002094599,0.18416211009025574,0.18416708707809448
4.2719999999997516,0.06790111189879085,16.355674743652344,0.18012673874601964,0.00608821015729802,0.1841772049665451,0.18418261408805847
4.273999999999751,0.06790094115941953,16.355804443359375,0.18013035696091,0.006068049642688943,0.18419265747070312,0.18419814109802246
4.275999999999751,0.06790076626354881,16.355928421020508,0.180134071537789,0.0060473942073692956,0.18420840799808502,0.18421432375907898
4.277999999999751,0.06790058725479631,16.356056213378906,0.1801378820861363,0.006026247634505016,0.18422457575798035,0.18423070013523102
4.279999999999751,0.06790040417732424,16.356184005737305,0.1801417882126845,0.006004613740837227,0.1842411756515503,0.18424749374389648
4.2819999999997505,0.06790021707582745,16.356307983398438,0.18014578952133825,0.005982496376188154,0.18425792455673218,0.18426460027694702
4.28399999999975,0.06790002599551972,16.356433868408203,0.18014988561309986,0.005959899422970937,0.18427525460720062,0.18428213894367218
4.28599999999975,0.06789983098212309,16.35655975341797,0.1801540760859897,0.005936826795693122,0.18429283797740936,0.1842999905347824
4.28799999999975,0.06789963208185171,16.35668182373047,0.1801583605349748,0.005913282440461147,0.184310644865036,0.1843181699514389
4.28999999999975,0.06789942934140157,16.356807708740234,0.18016273855189185,0.0058892703344844,0.18432889878749847,0.18433678150177002
4.291999999999749,0.06789922280793562,16.356929779052734,0.1801672097253762,0.005864794485578063,0.18434759974479675,0.1843557059764862
4.293999999999749,0.06789901252907246,16.3570499420166,0.1801717736407915,0.00583985893166354,0.1843663603067398,0.18437492847442627
4.295999999999749,0.06789879855287093,16.3571720123291,0.18017642988015892,0.005814467740268169,0.18438570201396942,0.18439464271068573
4.297999999999749,0.06789858092781806,16.35729217529297,0.18018117802208844,0.005788625008025919,0.1844053864479065,0.18441453576087952
4.2999999999997485,0.06789835970281613,16.35740852355957,0.180186017641712,0.00576233486017752,0.18442530930042267,0.18443480134010315
4.301999999999748,0.06789813492716784,16.357524871826172,0.18019094831061983,0.005735601450065535,0.18444563448429108,0.18445535004138947
4.303999999999748,0.06789790665056371,16.357641220092773,0.18019596959679435,0.005708428958632627,0.18446624279022217,0.18447646498680115
4.305999999999748,0.06789767492306846,16.357755661010742,0.18020108106454857,0.005680821593919482,0.1844872087240219,0.18449766933918
4.307999999999748,0.06789743979510816,16.357872009277344,0.1802062822744661,0.005652783590560494,0.18450847268104553,0.1845192313194275
4.309999999999747,0.06789720131745496,16.35798454284668,0.18021157278334238,0.005624319209279551,0.18453000485897064,0.18454119563102722
4.311999999999747,0.06789695954121454,16.35809898376465,0.18021695214412614,0.005595432736383867,0.18455196917057037,0.18456348776817322
4.313999999999747,0.0678967145178126,16.35820960998535,0.18022241990586574,0.00556612848326108,0.1845741868019104,0.18458595871925354
4.315999999999747,0.06789646629898038,16.358322143554688,0.18022797561365406,0.005536410785872762,0.1845967024564743,0.1846088320016861
4.3179999999997465,0.06789621493674179,16.35843276977539,0.18023361880857802,0.005506284004249133,0.1846194714307785,0.18463201820850372
4.319999999999746,0.06789596048339872,16.358543395996094,0.18023934902766942,0.005475752521982852,0.18464264273643494,0.18465538322925568
4.321999999999746,0.06789570299151754,16.358654022216797,0.18024516580385475,0.005444820745723043,0.18466608226299286,0.18467923998832703
4.323999999999746,0.06789544251391647,16.3587646484375,0.1802510686659119,0.005413493104670791,0.18468987941741943,0.18470337986946106
4.325999999999746,0.06789517910365,16.358871459960938,0.18025705713842655,0.0053817740500717755,0.1847139149904251,0.18472769856452942
4.327999999999745,0.06789491281399596,16.358978271484375,0.18026313074174943,0.005349668054709915,0.18473811447620392,0.1847524493932724
4.329999999999745,0.06789464369844168,16.359086990356445,0.18026928899195688,0.005317179612403143,0.18476271629333496,0.18477725982666016
4.331999999999745,0.06789437181067051,16.359195709228516,0.18027553140081554,0.005284313237499024,0.18478761613368988,0.18480263650417328
4.333999999999745,0.06789409720454725,16.35930061340332,0.18028185747574715,0.005251073464365587,0.18481281399726868,0.18482816219329834
4.3359999999997445,0.06789381993410486,16.359405517578125,0.1802882667197947,0.005217464846888799,0.18483833968639374,0.1848539113998413
4.337999999999744,0.06789354005353099,16.35951042175293,0.1802947586315946,0.0051834919579704245,0.18486392498016357,0.1848800629377365
4.339999999999744,0.06789325761715312,16.359619140625,0.18030133270534732,0.0051491593890179675,0.18489007651805878,0.18490630388259888
4.341999999999744,0.06789297267942628,16.359722137451172,0.1803079884307935,0.005114471749447862,0.18491625785827637,0.18493299186229706
4.343999999999744,0.06789268529491772,16.359827041625977,0.18031472529319115,0.00507943366617931,0.18494296073913574,0.18495991826057434
4.345999999999743,0.06789239551829478,16.35993003845215,0.18032154277329593,0.005044049783129387,0.18496966361999512,0.18498700857162476
4.347999999999743,0.06789210340431091,16.360031127929688,0.1803284403473437,0.005008324760718659,0.18499670922756195,0.18501442670822144
4.349999999999743,0.06789180900779078,16.360136032104492,0.18033541748703702,0.004972263275363439,0.18502406775951385,0.18504218757152557
4.351999999999743,0.06789151238361782,16.36023712158203,0.1803424736595326,0.004935870018979267,0.18505169451236725,0.18507006764411926
4.3539999999997425,0.06789121358672112,16.360336303710938,0.18034960832743224,0.004899149698483023,0.18507952988147736,0.18509821593761444
4.355999999999742,0.06789091267206088,16.360437393188477,0.18035682094877858,0.0048621070352931105,0.18510761857032776,0.18512672185897827
4.357999999999742,0.06789060969461527,16.360536575317383,0.1803641109770514,0.004824746764832414,0.1851358711719513,0.18515543639659882
4.359999999999742,0.06789030470936767,16.36063575744629,0.18037147786116736,0.004787073636035281,0.18516451120376587,0.18518435955047607
4.361999999999742,0.06788999777129272,16.360734939575195,0.18037892104548392,0.004749092410851818,0.18519344925880432,0.18521350622177124
4.363999999999741,0.06788968893534286,16.360828399658203,0.18038643996980686,0.004710807863753201,0.18522235751152039,0.1852429360151291
4.365999999999741,0.06788937825643579,16.360925674438477,0.18039403406939813,0.0046722247812420485,0.18525178730487823,0.18527257442474365
4.367999999999741,0.06788906578944089,16.36102294921875,0.1804017027749913,0.004633347961363737,0.1852811872959137,0.18530240654945374
4.369999999999741,0.06788875158916671,16.361114501953125,0.1804094455128068,0.0045941822132140415,0.1853109747171402,0.18533247709274292
4.3719999999997405,0.06788843571034657,16.361209869384766,0.180417261704573,0.004554732356454833,0.18534095585346222,0.18536290526390076
4.37399999999974,0.06788811820762775,16.36130142211914,0.18042515076754928,0.004515003220829106,0.18537117540836334,0.18539346754550934
4.37599999999974,0.06788779913555695,16.361392974853516,0.18043311211455476,0.004474999645676105,0.1854015737771988,0.1854240596294403
4.37799999999974,0.06788747854856739,16.361480712890625,0.180441145153999,0.004434726479450823,0.18543216586112976,0.1854550689458847
4.37999999999974,0.0678871565009684,16.361568450927734,0.18044924928991696,0.004394188579245451,0.18546299636363983,0.18548619747161865
4.381999999999739,0.06788683304692977,16.361652374267578,0.18045742392200997,0.004353390810310062,0.18549413979053497,0.1855175495147705
4.383999999999739,0.06788650824047085,16.361732482910156,0.18046566844568734,0.004312338045580043,0.18552537262439728,0.18554912507534027
4.385999999999739,0.06788618213544885,16.36180877685547,0.1804739822521158,0.004271035165200887,0.1855568140745163,0.1855810135602951
4.387999999999739,0.06788585478554464,16.36188507080078,0.18048236472827012,0.00422948705606123,0.18558833003044128,0.18561284244060516
4.3899999999997386,0.06788552624425251,16.361961364746094,0.1804908152569929,0.004187698611320609,0.1856202334165573,0.1856449842453003
4.391999999999738,0.06788519656486551,16.36203384399414,0.1804993332170518,0.00414567472994862,0.18565241992473602,0.18567733466625214
4.393999999999738,0.0678848658004659,16.36210823059082,0.1805079179832088,0.004103420316260229,0.18568454682826996,0.1857098639011383
4.395999999999738,0.06788453400391188,16.362178802490234,0.18051656892629014,0.004060940279458508,0.1857168972492218,0.1857425719499588
4.397999999999738,0.06788420122782628,16.36225128173828,0.18052528541326518,0.004018239533176546,0.18574953079223633,0.18577542901039124
4.3999999999997375,0.06788386752458364,16.362321853637695,0.1805340668073242,0.003975322995024929,0.18578225374221802,0.18580855429172516
4.401999999999737,0.06788353294630076,16.36239242553711,0.18054291246796883,0.00393219558614324,0.1858152151107788,0.18584182858467102
4.403999999999737,0.06788319754482221,16.362462997436523,0.180551821751105,0.003888862230752516,0.18584837019443512,0.18587516248226166
4.405999999999737,0.06788286137171183,16.362531661987305,0.18056079400914,0.0038453278557140165,0.1858815848827362,0.18590867519378662
4.407999999999737,0.0678825244782391,16.362598419189453,0.18056982859109044,0.0038015973900915106,0.185915008187294,0.1859423965215683
4.409999999999736,0.06788218691536918,16.362667083740234,0.18057892484269233,0.0037576757647147783,0.1859486848115921,0.1859762966632843
4.411999999999736,0.06788184873375137,16.362733840942383,0.1805880821065206,0.0037135679117514613,0.18598245084285736,0.18601036071777344
4.413999999999736,0.06788150998370748,16.36280059814453,0.1805972997221143,0.0036692787642810037,0.18601632118225098,0.18604449927806854
4.415999999999736,0.06788117071522182,16.362865447998047,0.18060657702610933,0.003624813255873797,0.18605032563209534,0.1860787719488144
4.4179999999997355,0.06788083097793023,16.362930297851562,0.18061591335238125,0.003580176320177825,0.18608452379703522,0.18611329793930054
4.419999999999735,0.06788049082110849,16.362995147705078,0.18062530803219123,0.003535372890504449,0.1861189305782318,0.18614791333675385
4.421999999999735,0.06788015029366187,16.363059997558594,0.18063476039434667,0.0034904078994272146,0.18615345656871796,0.18618251383304596
4.423999999999735,0.06787980944411555,16.363121032714844,0.18064426976536446,0.003445286278381084,0.18618802726268768,0.18621741235256195
4.425999999999735,0.0678794683206029,16.363187789916992,0.18065383546965014,0.003400012957272753,0.18622277677059174,0.1862524300813675
4.427999999999734,0.06787912697085564,16.363250732421875,0.1806634568296802,0.0033545928640923953,0.18625764548778534,0.18628756701946259
4.429999999999734,0.06787878544219379,16.363313674926758,0.1806731331662022,0.00330903092453644,0.18629267811775208,0.18632282316684723
4.431999999999734,0.0678784437815141,16.363378524780273,0.18068286379843856,0.0032633320616362277,0.18632787466049194,0.18635813891887665
4.433999999999734,0.06787810203528179,16.36344337463379,0.18069264804430807,0.003217501195397139,0.1863630712032318,0.18639373779296875
4.4359999999997335,0.06787776024951862,16.363510131835938,0.18070248522065668,0.0031715432424407755,0.18639859557151794,0.18642938137054443
4.437999999999733,0.06787741846979385,16.363574981689453,0.1807123746435032,0.0031254631156639855,0.18643392622470856,0.18646498024463654
4.439999999999733,0.06787707674121463,16.3636417388916,0.18072231562829744,0.0030792657239012595,0.18646956980228424,0.18650075793266296
4.441999999999733,0.06787673510841409,16.36370086669922,0.18073230749019548,0.0030329559716021077,0.1865052431821823,0.1865367293357849
4.443999999999733,0.06787639361554353,16.36376190185547,0.18074234954434792,0.0029865387585166956,0.1865411102771759,0.1865725815296173
4.445999999999732,0.06787605230626136,16.36382293701172,0.18075244110621036,0.002940018979396935,0.18657706677913666,0.18660885095596313
4.447999999999732,0.06787571122372311,16.363880157470703,0.18076258149186653,0.0028934015237082264,0.18661297857761383,0.18664488196372986
4.449999999999732,0.06787537041057205,16.36393928527832,0.18077277001837572,0.0028466912753565454,0.1866491734981537,0.1866811364889145
4.451999999999732,0.06787502990892878,16.363996505737305,0.1807830060041382,0.0027998931124329374,0.18668529391288757,0.18671761453151703
4.4539999999997315,0.06787468976038125,16.36405372619629,0.18079328876928713,0.0027530119069730866,0.1867215484380722,0.18675394356250763
4.455999999999731,0.06787435000597496,16.36410903930664,0.1808036176361017,0.002706052524734446,0.18675795197486877,0.18679048120975494
4.457999999999731,0.06787401068620232,16.364160537719727,0.1808139919294487,0.0026590198249976547,0.18679438531398773,0.18682704865932465
4.459999999999731,0.06787367184099331,16.36421775817871,0.18082441097725405,0.0026119186603865436,0.18683084845542908,0.18686361610889435
4.461999999999731,0.06787333350970334,16.364274978637695,0.18083487411100252,0.002564753876714563,0.18686740100383759,0.18690039217472076
4.46399999999973,0.06787299573110478,16.364330291748047,0.18084538066627526,0.0025175303128593604,0.1869041472673416,0.18693716824054718
4.46599999999973,0.06787265854337432,16.3643856048584,0.18085592998332284,0.0024702528006625567,0.1869407445192337,0.18697406351566315
4.46799999999973,0.06787232198408376,16.364439010620117,0.1808665214076779,0.0024229261648693223,0.18697749078273773,0.18701083958148956
4.46999999999973,0.06787198609018635,16.3644962310791,0.18087715429081436,0.002375555223100476,0.1870144158601761,0.18704786896705627
4.4719999999997295,0.0678716508980083,16.364547729492188,0.18088782799085223,0.0023281447858640838,0.18705125153064728,0.18708495795726776
4.473999999999729,0.06787131644323333,16.36460304260254,0.18089854187332094,0.002280699656619697,0.187088280916214,0.18712183833122253
4.475999999999729,0.067870982760893,16.364652633666992,0.18090929531197347,0.0022332246318864657,0.18712514638900757,0.1871589571237564
4.477999999999729,0.06787064988535224,16.36470603942871,0.18092008768967388,0.00218572450141599,0.18716229498386383,0.18719609081745148
4.479999999999729,0.06787031785029596,16.36475944519043,0.18093091839934894,0.0021382040484243655,0.18719933927059174,0.18723323941230774
4.481999999999728,0.06786998668871519,16.36480712890625,0.1809417868450236,0.0020906680499044555,0.18723641335964203,0.18727046251296997
4.483999999999728,0.06786965643289153,16.364856719970703,0.1809526924429416,0.0020431212770161194,0.18727357685565948,0.1873077154159546
4.485999999999728,0.06786932711438211,16.364904403686523,0.18096363462278625,0.0019955684955811656,0.18731079995632172,0.18734493851661682
4.487999999999728,0.06786899876400093,16.364953994750977,0.18097461282900723,0.0019480144666773802,0.18734796345233917,0.18738219141960144
4.4899999999997275,0.06786867141180222,16.36500358581543,0.1809856265222704,0.00190046394737074,0.1873851716518402,0.18741953372955322
4.491999999999727,0.06786834508706034,16.365047454833984,0.18099667518104462,0.0018529216915861959,0.18742243945598602,0.18745674192905426
4.493999999999727,0.06786801981824789,16.365097045898438,0.18100775830334287,0.0018053924511508357,0.18745970726013184,0.18749399483203888
4.495999999999727,0.06786769563301404,16.365140914916992,0.18101887540863215,0.0017578809770329624,0.18749698996543884,0.18753130733966827
4.497999999999727,0.06786737255815929,16.36518669128418,0.18103002603994528,0.001710392020815317,0.1875344067811966,0.1875687837600708
4.499999999999726,0.06786705061960675,16.365232467651367,0.18104120976620813,0.0016629303364340054,0.1875716745853424,0.18760615587234497
4.501999999999726,0.06786672984237277,16.365278244018555,0.18105242618482398,0.001615500682242293,0.18760888278484344,0.1876434087753296
4.503999999999726,0.06786641025053419,16.365320205688477,0.18106367492454195,0.0015681078234509932,0.18764615058898926,0.1876807063817978
4.505999999999726,0.06786609186719016,16.365365982055664,0.181074955648661,0.0015207565350247644,0.18768355250358582,0.18771804869174957
4.507999999999726,0.067865774714421,16.365406036376953,0.18108626805860611,0.0014734516051152248,0.18772095441818237,0.18775548040866852
4.509999999999725,0.06786545881324166,16.365447998046875,0.1810976118979487,0.0014261978391575702,0.18775808811187744,0.18779264390468597
4.511999999999725,0.06786514418354925,16.365493774414062,0.18110898695693256,0.001379000064757472,0.18779543042182922,0.18782994151115417
4.513999999999725,0.0678648308440633,16.36553382873535,0.18112039307759115,0.0013318631375514622,0.18783286213874817,0.1878671795129776
4.515999999999725,0.0678645188122588,16.365575790405273,0.18113183015955464,0.001284791948263815,0.18786999583244324,0.187904492020607
4.5179999999997245,0.06786420810428824,16.365615844726562,0.18114329816667496,0.001237791431250468,0.18790732324123383,0.1879417449235916
4.519999999999724,0.06786389873489153,16.365659713745117,0.1811547971346043,0.0011908665748898435,0.1879444718360901,0.18797890841960907
4.521999999999724,0.06786359071729507,16.365699768066406,0.18116632717951886,0.0011440224343190815,0.18798166513442993,0.18801607191562653
4.523999999999724,0.06786328406309068,16.365737915039062,0.181177888508205,0.001097264147132296,0.18801888823509216,0.1880531758069992
4.525999999999724,0.06786297878209456,16.36577796936035,0.1811894814297812,0.001050596952900347,0.18805600702762604,0.18809029459953308
4.527999999999723,0.06786267488218439,16.36581802368164,0.18120110636940423,0.0010040262176334237,0.1880931556224823,0.18812739849090576
4.529999999999723,0.06786237236910192,16.365854263305664,0.1812127638843976,0.00095755746473974,0.18813027441501617,0.18816442787647247
4.531999999999723,0.06786207124622154,16.365894317626953,0.1812244546833427,0.000911196414594434,0.1881672590970993,0.18820136785507202
4.533999999999723,0.06786177151426849,16.36593246459961,0.18123617964885502,0.0008649490357172508,0.18820421397686005,0.18823835253715515
4.5359999999997225,0.06786147317097933,16.3659725189209,0.18124793986495863,0.0008188216117714374,0.18824127316474915,0.18827515840530396
4.537999999999722,0.06786117621068789,16.36601448059082,0.18125973665026512,0.0007728208305155723,0.18827800452709198,0.18831193447113037
4.539999999999722,0.06786088062381214,16.366056442260742,0.18127157159855678,0.000726953903728898,0.1883150190114975,0.1883488893508911
4.541999999999722,0.06786058639621713,16.366098403930664,0.18128344662892654,0.0006812287316802986,0.1883518397808075,0.18838557600975037
4.543999999999722,0.06786029350840982,16.36614418029785,0.18129536404839292,0.0006356541330524711,0.18838852643966675,0.18842220306396484
4.545999999999721,0.06786000193451582,16.366195678710938,0.18130732663104782,0.0005902401733590835,0.18842531740665436,0.1884588599205017
4.547999999999721,0.06785971164095571,16.366249084472656,0.18131933771941072,0.00054499864563958,0.18846189975738525,0.18849541246891022
4.549999999999721,0.06785942258471586,16.366304397583008,0.18133140135611497,0.0004999437938647729,0.18849854171276093,0.18853195011615753
4.551999999999721,0.06785913471104975,16.366363525390625,0.18134352245772634,0.0004550934370063175,0.18853510916233063,0.18856844305992126
4.5539999999997205,0.06785884795039525,16.36642837524414,0.1813557070481548,0.0004104707818525528,0.1885715276002884,0.1886046975851059
4.55599999999972,0.06785856221417541,16.366493225097656,0.1813679625779122,0.00036610747723127285,0.18860796093940735,0.18864117562770844
4.55799999999972,0.06785827738908316,16.36656951904297,0.18138029836903524,0.00032204903493182087,0.1886443942785263,0.1886773407459259
4.55999999999972,0.0678579933294356,16.366649627685547,0.18139272624573483,0.0002783650775351849,0.18868055939674377,0.1887136697769165
4.56199999999972,0.0678577098478699,16.366741180419922,0.1814052614362751,0.00023517027628350032,0.18871688842773438,0.18874986469745636
4.563999999999719,0.06785742670846788,16.36684799194336,0.18141792383939137,0.0001926715147822904,0.18875306844711304,0.1887858808040619
4.565999999999719,0.06785714364595236,16.366966247558594,0.1814307395960244,0.00015128821663336909,0.18878912925720215,0.18882188200950623
4.567999999999719,0.06785686054071907,16.367103576660156,0.1814437417654589,0.00011201180199990954,0.18882529437541962,0.18885797262191772
4.569999999999719,0.06785657847678338,16.367259979248047,0.18145696157525976,7.767971039428745e-05,0.18886113166809082,0.188893660902977
4.5719999999997185,0.06785630342401276,16.36737823486328,0.1814703548820692,5.721405802244398e-05,0.18889681994915009,0.18892891705036163
4.573999999999718,0.06785604023785667,16.367198944091797,0.1814834899256853,6.454523717438687e-05,0.1889316737651825,0.18896254897117615
4.575999999999718,0.06785578659985109,16.366743087768555,0.1814959116226491,9.282234706458829e-05,0.18896572291851044,0.18899479508399963
4.577999999999718,0.06785554023947651,16.366376876831055,0.18150773918979962,0.0001286538667071354,0.1889990270137787,0.18902714550495148
4.579999999999718,0.06785529977342018,16.366113662719727,0.18151912936793574,0.00016690927997407384,0.18903206288814545,0.18905925750732422
4.581999999999717,0.06785506433599853,16.365915298461914,0.18153018250944514,0.00020601621076325798,0.1890646517276764,0.1890912801027298
4.583999999999717,0.06785483334759491,16.36575698852539,0.1815409624717218,0.0002454209615132715,0.1890968382358551,0.18912310898303986
4.585999999999717,0.06785460639652922,16.365625381469727,0.18155151219600263,0.0002848937055361628,0.18912893533706665,0.18915466964244843
4.587999999999717,0.0678543831763715,16.365510940551758,0.1815618621156262,0.00032432566973938877,0.18916086852550507,0.18918615579605103
4.5899999999997165,0.06785416345043455,16.365407943725586,0.18157203474033518,0.0003636597754371572,0.18919217586517334,0.18921732902526855
4.591999999999716,0.06785394703039978,16.365318298339844,0.18158204729455202,0.00040286340557677154,0.18922366201877594,0.18924811482429504
4.593999999999716,0.06785373376276298,16.365232467651367,0.1815919133217369,0.00044191647702200375,0.18925465643405914,0.18927901983261108
4.595999999999716,0.06785352351985946,16.365154266357422,0.18160164370856158,0.00048080574589752154,0.18928557634353638,0.18930962681770325
4.597999999999716,0.06785331619369718,16.365081787109375,0.18161124736634604,0.0005195218947204931,0.18931639194488525,0.18934011459350586
4.599999999999715,0.0678531116915846,16.36501121520996,0.1816207317006553,0.0005580579565951893,0.18934692442417145,0.18937021493911743
4.601999999999715,0.06785290993295283,16.364944458007812,0.18163010294474757,0.0005964084224266702,0.18937720358371735,0.18940018117427826
4.603999999999715,0.06785271084698781,16.364879608154297,0.18163936640249417,0.0006345687152370051,0.18940748274326324,0.1894300878047943
4.605999999999715,0.0678525143708339,16.36481475830078,0.18164852662932496,0.0006725348704169248,0.18943731486797333,0.18945975601673126
4.6079999999997145,0.06785232044820422,16.36475372314453,0.1816575875696455,0.0007103033358087573,0.1894669532775879,0.18948915600776672
4.609999999999714,0.0678521290282944,16.36469268798828,0.1816665526629792,0.0007478708437440133,0.189496710896492,0.18951837718486786
4.611999999999714,0.06785194006491532,16.364635467529297,0.18167542492720207,0.0007852343274820553,0.1895260065793991,0.18954750895500183
4.613999999999714,0.06785175351579825,16.36457633972168,0.1816842070246869,0.0008223908657154743,0.1895551234483719,0.18957637250423431
4.615999999999714,0.06785156934202692,16.364521026611328,0.1816929013155053,0.0008593376451719111,0.18958406150341034,0.1896050125360489
4.6179999999997134,0.06785138750757476,16.364463806152344,0.18170150990068057,0.0008960719351265949,0.18961288034915924,0.1896335780620575
4.619999999999713,0.06785120797891799,16.36440658569336,0.1817100346577017,0.0009325910698597619,0.18964144587516785,0.18966197967529297
4.621999999999713,0.0678510307247149,16.36435317993164,0.18171847726994028,0.0009688924364995899,0.18966986238956451,0.1896900087594986
4.623999999999713,0.06785085571553569,16.364299774169922,0.1817268392512178,0.0010049734665583615,0.1896980255842209,0.18971805274486542
4.625999999999713,0.06785068292363218,16.36424446105957,0.18173512196648123,0.001040831630036994,0.18972602486610413,0.1897456794977188
4.627999999999712,0.06785051232274354,16.36419105529785,0.1817433266493111,0.0010764644313189572,0.18975378572940826,0.1897733062505722
4.629999999999712,0.06785034388792988,16.3641357421875,0.1817514544168583,0.0011118694063280774,0.18978144228458405,0.18980054557323456
4.631999999999712,0.06785017759542687,16.36408233642578,0.18175950628265142,0.0011470441205942785,0.1898089200258255,0.18982768058776855
4.633999999999712,0.06785001342252274,16.36402702331543,0.18176748316763996,0.0011819861679526309,0.1898360699415207,0.189854696393013
4.6359999999997115,0.06784985134744871,16.36397361755371,0.1817753859097756,0.0012166931697097348,0.18986305594444275,0.18988129496574402
4.637999999999711,0.0678496913492862,16.363927841186523,0.18178321527234548,0.0012511627741371152,0.18988990783691406,0.1899080127477646
4.639999999999711,0.06784953340788359,16.3638916015625,0.1817909719512777,0.001285392656201497,0.18991659581661224,0.18993425369262695
4.641999999999711,0.06784937750378274,16.36385154724121,0.18179865658155225,0.0013193805174692473,0.1899428814649582,0.18996042013168335
4.643999999999711,0.06784922361815755,16.363813400268555,0.18180626974285918,0.001353124086127639,0.18996918201446533,0.18998630344867706
4.64599999999971,0.06784907173275466,16.363771438598633,0.18181381196461344,0.0013866211170932802,0.1899951547384262,0.19001206755638123
4.64799999999971,0.06784892182984546,16.363733291625977,0.1818212837304084,0.0014198693921827397,0.1900208741426468,0.19003750383853912
4.64999999999971,0.06784877389218044,16.363693237304688,0.18182868548199121,0.0014528667203184775,0.19004656374454498,0.19006286561489105
4.65199999999971,0.06784862790294982,16.3636531829834,0.18183601762281826,0.001485610937767666,0.1900719255208969,0.19008801877498627
4.6539999999997095,0.0678484838457496,16.36361312866211,0.18184328052124754,0.0015180999083900075,0.19009710848331451,0.1901128590106964
4.655999999999709,0.06784834170454797,16.36357307434082,0.1818504745134159,0.0015503315239004086,0.1901220828294754,0.19013766944408417
4.657999999999709,0.0678482014636575,16.363529205322266,0.18185759990583095,0.0015823037041327603,0.19014669954776764,0.19016218185424805
4.659999999999709,0.06784806310771098,16.363489151000977,0.18186465697772353,0.0016140143973003929,0.1901712715625763,0.19018644094467163
4.661999999999709,0.06784792662163804,16.363447189331055,0.181871645983181,0.0016454615802560496,0.19019559025764465,0.1902104765176773
4.663999999999708,0.06784779199064334,16.3634033203125,0.1818785671530898,0.0016766432587458305,0.1902197301387787,0.19023430347442627
4.665999999999708,0.06784765920019076,16.363359451293945,0.18188542069690422,0.0017075574676543883,0.1902436912059784,0.1902579516172409
4.667999999999708,0.06784752823598406,16.36331558227539,0.18189220680427143,0.0017382022712426701,0.19026736915111542,0.19028133153915405
4.669999999999708,0.06784739908395447,16.363269805908203,0.18189892564651122,0.0017685757633785092,0.19029074907302856,0.1903044432401657
4.6719999999997075,0.06784727173024539,16.363222122192383,0.18190557737798385,0.0017986760677541093,0.190313920378685,0.1903275102376938
4.673999999999707,0.06784714616120018,16.363170623779297,0.18191216213734474,0.0018285013381007273,0.1903369426727295,0.19035013020038605
4.675999999999707,0.06784702236335294,16.363109588623047,0.1819186800487011,0.0018580497583864772,0.19035981595516205,0.1903727501630783
4.677999999999707,0.0678469003234165,16.363052368164062,0.1819251312226846,0.001887319543012736,0.1903822124004364,0.19039498269557953
4.679999999999707,0.0678467800282747,16.362993240356445,0.18193151575744082,0.0019163089369929568,0.19040468335151672,0.19041708111763
4.681999999999706,0.06784666146497408,16.362930297851562,0.18193783373954803,0.0019450162161311244,0.19042672216892242,0.19043901562690735
4.683999999999706,0.06784654462071629,16.362876892089844,0.18194408524487504,0.001973439687184446,0.19044853746891022,0.19046063721179962
4.685999999999706,0.06784642948285159,16.362815856933594,0.18195027033937256,0.0020015776880220287,0.1904703825712204,0.19048207998275757
4.687999999999706,0.06784631603887317,16.36275863647461,0.1819563890798171,0.0020294285877731394,0.19049173593521118,0.1905033141374588
4.6899999999997055,0.067846204276412,16.362699508666992,0.18196244151450258,0.0020569907869678024,0.19051285088062286,0.19052422046661377
4.691999999999705,0.0678460941832309,16.362640380859375,0.18196842768388982,0.0020842627176693514,0.1905338168144226,0.1905449628829956
4.693999999999705,0.06784598574722155,16.362579345703125,0.18197434762121134,0.002111242843600959,0.19055458903312683,0.19056546688079834
4.695999999999705,0.06784587895640008,16.36252212524414,0.18198020135304255,0.00213792966026131,0.19057509303092957,0.19058559834957123
4.697999999999705,0.06784577379890339,16.36246109008789,0.18198598889983642,0.0021643216950375686,0.19059541821479797,0.19060572981834412
4.699999999999704,0.06784567026298687,16.362403869628906,0.18199171027642652,0.0021904175073071664,0.19061551988124847,0.19062556326389313
4.701999999999704,0.06784556833702066,16.362340927124023,0.18199736549250084,0.0022162156885356115,0.1906353086233139,0.19064506888389587
4.703999999999704,0.06784546800948763,16.36227798461914,0.182002954553051,0.0022417148623670455,0.19065475463867188,0.19066444039344788
4.705999999999704,0.0678453692689814,16.362218856811523,0.18200847745879184,0.0022669136847076124,0.1906740516424179,0.19068360328674316
4.7079999999997035,0.06784527210420467,16.36215591430664,0.18201393420656264,0.002291810843803275,0.1906932294368744,0.19070246815681458
4.709999999999703,0.06784517650396699,16.36209487915039,0.18201932478970512,0.002316405060311355,0.19071198999881744,0.19072100520133972
4.711999999999703,0.06784508245718326,16.362031936645508,0.18202464919842082,0.0023406950873670804,0.1907307505607605,0.19073942303657532
4.713999999999703,0.06784498995287398,16.361967086791992,0.18202990742011033,0.0023646797106416906,0.19074898958206177,0.1907576024532318
4.715999999999703,0.06784489898016167,16.36190414428711,0.1820350994396992,0.0023883577483975096,0.19076722860336304,0.19077542424201965
4.717999999999702,0.06784480952827243,16.361841201782227,0.18204022523993968,0.002411728051538363,0.19078508019447327,0.19079314172267914
4.719999999999702,0.06784472158653383,16.361774444580078,0.18204528480170645,0.002434789503649546,0.19080276787281036,0.19081056118011475
4.721999999999702,0.06784463514437446,16.361713409423828,0.18205027810427216,0.002457541021038347,0.19082020223140717,0.19082777202129364
4.723999999999702,0.06784455019132414,16.361648559570312,0.1820552051255731,0.0024799815527662343,0.19083721935749054,0.19084464013576508
4.7259999999997016,0.0678444667170129,16.361581802368164,0.18206006584246104,0.0025021100806770858,0.19085419178009033,0.19086144864559174
4.727999999999701,0.0678443847111706,16.36151885986328,0.18206486023094437,0.0025239256194176476,0.19087086617946625,0.19087781012058258
4.729999999999701,0.06784430416362765,16.361452102661133,0.18206958826641773,0.0025454272164586976,0.1908872276544571,0.19089409708976746
4.731999999999701,0.06784422506431408,16.361385345458984,0.18207424992388282,0.0025666139521057737,0.1909034550189972,0.19091014564037323
4.733999999999701,0.06784414740326027,16.36132049560547,0.18207884517815798,0.0025874849395090137,0.19091938436031342,0.19092585146427155
4.7359999999997004,0.0678440711705956,16.361251831054688,0.18208337400407926,0.002608039324666481,0.19093500077724457,0.19094131886959076
4.7379999999997,0.06784399635655039,16.361183166503906,0.18208783637669335,0.002628276286422119,0.19095052778720856,0.1909564882516861
4.7399999999997,0.06784392295145582,16.361114501953125,0.18209223227144195,0.0026481950364626613,0.1909656822681427,0.19097155332565308
4.7419999999997,0.06784385094574219,16.361042022705078,0.18209656166433902,0.002667794819305726,0.19098064303398132,0.1909862756729126
4.7439999999997,0.06784378032994136,16.360973358154297,0.18210082453214038,0.002687074912289073,0.19099543988704681,0.19100074470043182
4.745999999999699,0.0678437110946864,16.360902786254883,0.18210502085250424,0.0027060346255476818,0.19100980460643768,0.19101504981517792
4.747999999999699,0.06784364323071149,16.360830307006836,0.18210915060415128,0.00272467330199424,0.19102393090724945,0.1910291165113449
4.749999999999699,0.06784357672885265,16.360759735107422,0.1821132137670104,0.0027429903172924925,0.1910378485918045,0.19104284048080444
4.751999999999699,0.06784351158004817,16.360687255859375,0.18211721032236522,0.0027609850798250937,0.1910516321659088,0.19105638563632965
4.7539999999996985,0.06784344777533899,16.360614776611328,0.1821211402529906,0.00277865703066015,0.1910649687051773,0.19106963276863098
4.755999999999698,0.06784338530586814,16.36054229736328,0.18212500354328687,0.002796005643511054,0.1910782903432846,0.19108261168003082
4.757999999999698,0.06784332416288333,16.360469818115234,0.18212880017940541,0.0028130304246962957,0.1910911202430725,0.19109533727169037
4.759999999999698,0.06784326433773458,16.360397338867188,0.18213253014937236,0.0028297309130873435,0.1911037713289261,0.19110791385173798
4.761999999999698,0.06784320582187747,16.360322952270508,0.18213619344320658,0.002846106680065257,0.1911160796880722,0.19112011790275574
4.763999999999697,0.06784314860687089,16.360248565673828,0.18213979005303227,0.002862157329461116,0.19112829864025116,0.19113218784332275
4.765999999999697,0.06784309268437941,16.36017417907715,0.18214331997318622,0.002877882497500639,0.19114026427268982,0.1911439597606659
4.767999999999697,0.06784303804617291,16.36009979248047,0.18214678320032507,0.0028932818527408893,0.1911519467830658,0.19115550816059113
4.769999999999697,0.0678429846841264,16.36002540588379,0.18215017973352393,0.0029083550960061436,0.19116325676441193,0.1911666840314865
4.7719999999996965,0.06784293259022152,16.35995101928711,0.18215350957437337,0.002923101960318455,0.19117450714111328,0.19117775559425354
4.773999999999696,0.06784288175654674,16.359878540039062,0.18215677272707154,0.002937522210825763,0.1911853849887848,0.19118840992450714
4.775999999999696,0.06784283217529609,16.35980224609375,0.18215996919851457,0.002951615644724288,0.19119606912136078,0.19119906425476074
4.777999999999696,0.06784278383877157,16.359724044799805,0.1821630989983798,0.002965382091180883,0.1912064254283905,0.19120924174785614
4.779999999999696,0.06784273673938264,16.359649658203125,0.18216616213920972,0.0029788214112486506,0.1912166327238083,0.1912192404270172
4.781999999999695,0.06784269086964549,16.359573364257812,0.18216915863649075,0.002991933497780695,0.19122649729251862,0.19122907519340515
4.783999999999695,0.0678426462221856,16.359498977661133,0.1821720885087279,0.0030047182753421085,0.19123612344264984,0.19123859703540802
4.785999999999695,0.06784260278973496,16.359420776367188,0.18217495177751802,0.003017175700114685,0.1912454217672348,0.19124779105186462
4.787999999999695,0.06784256056513491,16.359344482421875,0.1821777484676177,0.003029305759801985,0.19125458598136902,0.19125676155090332
4.7899999999996945,0.06784251954133497,16.35926628112793,0.18218047860701247,0.003041108473528803,0.19126345217227936,0.19126559793949127
4.791999999999694,0.06784247971139293,16.359188079833984,0.182183142226979,0.0030525838917394065,0.1912720948457718,0.1912739872932434
4.793999999999694,0.06784244106847544,16.359111785888672,0.18218573936214533,0.003063732096092438,0.19128046929836273,0.1912822127342224
4.795999999999694,0.06784240360585815,16.359031677246094,0.182188270050551,0.003074553199347865,0.19128850102424622,0.1912902593612671
4.797999999999694,0.06784236731692436,16.358957290649414,0.1821907343337013,0.003085047345259717,0.19129632413387299,0.19129803776741028
4.799999999999693,0.06784233219516736,16.358877182006836,0.18219313225662048,0.0030952147084571347,0.19130396842956543,0.19130544364452362
4.801999999999693,0.06784229823418841,16.35879898071289,0.1821954638679043,0.0031050554943286334,0.19131134450435638,0.1913127899169922
4.803999999999693,0.067842265427697,16.358720779418945,0.18219772921976535,0.0031145699388998274,0.1913183629512787,0.1913197785615921
4.805999999999693,0.06784223376951148,16.358642578125,0.18219992836808158,0.0031237583087079233,0.19132529199123383,0.19132649898529053
4.8079999999996925,0.06784220325355879,16.358562469482422,0.18220206137243822,0.0031326209006777702,0.19133181869983673,0.1913331001996994
4.809999999999692,0.06784217387387328,16.358484268188477,0.1822041282961699,0.0031411580419884364,0.19133812189102173,0.19133922457695007
4.811999999999692,0.06784214562459734,16.35840606689453,0.18220612920639984,0.003149370089942273,0.19134432077407837,0.1913451999425888
4.813999999999692,0.06784211849998097,16.358325958251953,0.18220806417407653,0.0031572574318295766,0.19135013222694397,0.1913510113954544
4.815999999999692,0.06784209249438114,16.358245849609375,0.18220993327400958,0.003164820484787626,0.19135569036006927,0.1913565695285797
4.817999999999691,0.06784206760226177,16.358165740966797,0.18221173658490086,0.0031720596956633868,0.1913609802722931,0.19136184453964233
4.819999999999691,0.06784204381819307,16.35808753967285,0.18221347418937744,0.003178975540865443,0.191366046667099,0.19136682152748108
4.821999999999691,0.06784202113685152,16.358007431030273,0.1822151461740189,0.0031855685262211207,0.191370889544487,0.19137156009674072
4.823999999999691,0.06784199955301878,16.357927322387695,0.18221675262938636,0.0031918391868233785,0.19137543439865112,0.19137609004974365
4.8259999999996905,0.06784197906158126,16.357847213745117,0.1822182936500441,0.003197788086882621,0.19137977063655853,0.1913803517818451
4.82799999999969,0.06784195965753011,16.35776710510254,0.18221976933458728,0.003203415819569687,0.19138389825820923,0.19138428568840027
4.82999999999969,0.06784194133595996,16.35768699645996,0.18222117978565955,0.003208723006859872,0.19138768315315247,0.19138802587985992
4.83199999999969,0.06784192409206874,16.357606887817383,0.18222252510997472,0.003213710299373654,0.19139118492603302,0.19139163196086884
4.83399999999969,0.0678419079211561,16.357524871826172,0.18222380541833594,0.0032183783762140443,0.19139456748962402,0.1913948357105255
4.835999999999689,0.06784189281862411,16.357444763183594,0.18222502082564795,0.0032227279448021496,0.19139762222766876,0.19139784574508667
4.837999999999689,0.06784187877997477,16.357364654541016,0.1822261714509359,0.0032267597407106977,0.1914004683494568,0.19140075147151947
4.839999999999689,0.0678418658008107,16.357282638549805,0.18222725741735585,0.003230474527494544,0.19140301644802094,0.19140323996543884
4.841999999999689,0.06784185387683324,16.357202529907227,0.18222827885220733,0.003233873096518658,0.19140540063381195,0.19140559434890747
4.8439999999996886,0.06784184300384223,16.357120513916016,0.18222923588694157,0.00323695626678531,0.19140741229057312,0.191407710313797
4.845999999999688,0.06784183317773398,16.357040405273438,0.18223012865717236,0.0032397248847565304,0.19140934944152832,0.19140945374965668
4.847999999999688,0.06784182439450193,16.35696029663086,0.18223095730267974,0.003242179824177237,0.19141091406345367,0.19141104817390442
4.849999999999688,0.06784181665023356,16.35687828063965,0.18223172196741688,0.003244321985891504,0.19141227006912231,0.19141241908073425
4.851999999999688,0.06784180994111175,16.356796264648438,0.18223242279951374,0.0032461522976639802,0.19141337275505066,0.19141346216201782
4.8539999999996875,0.06784180426341083,16.356712341308594,0.18223305995127936,0.003247671713991033,0.19141431152820587,0.19141429662704468
4.855999999999687,0.06784179961349784,16.35663414001465,0.18223363357920147,0.003248881215916249,0.191414937376976,0.19141502678394318
4.857999999999687,0.06784179598783,16.356552124023438,0.18223414384394793,0.0032497818108388424,0.19141530990600586,0.19141539931297302
4.859999999999687,0.06784179338295435,16.356470108032227,0.18223459091036315,0.0032503745323248286,0.19141559302806854,0.19141548871994019
4.861999999999687,0.06784179179550451,16.35638999938965,0.1822349749474665,0.0032506604399111963,0.19141539931297302,0.19141550362110138
4.863999999999686,0.0678417912222021,16.356307983398438,0.1822352961284452,0.0032506406189129373,0.19141510128974915,0.19141513109207153
4.865999999999686,0.0678417916598535,16.356225967407227,0.18223555463065128,0.003250316180223208,0.19141460955142975,0.19141468405723572
4.867999999999686,0.06784179310534938,16.35614776611328,0.18223575063559255,0.0032496882601164762,0.19141389429569244,0.19141386449337006
4.869999999999686,0.06784179555566176,16.356063842773438,0.18223588432892512,0.0032487580200461926,0.1914128214120865,0.1914128065109253
4.8719999999996855,0.0678417990078452,16.35598373413086,0.182235955900444,0.003247526646442118,0.19141161441802979,0.19141143560409546
4.873999999999685,0.06784180345903251,16.35590171813965,0.18223596554407057,0.0032459953505049703,0.19141003489494324,0.19141001999378204
4.875999999999685,0.06784180890643442,16.35582160949707,0.1822359134578425,0.0032441653680004407,0.19140839576721191,0.19140824675559998
4.877999999999685,0.0678418153473388,16.35573959350586,0.1822357998438997,0.003242037959050676,0.1914065033197403,0.19140639901161194
4.879999999999685,0.0678418227791073,16.35565948486328,0.18223562490846978,0.003239614407923903,0.19140422344207764,0.1914040595293045
4.881999999999684,0.06784183119917496,16.355579376220703,0.1822353888618537,0.0032368960228225385,0.19140182435512543,0.1914016604423523
4.883999999999684,0.06784184060504837,16.355497360229492,0.18223509191840676,0.0032338841356705627,0.19139918684959412,0.19139905273914337
4.885999999999684,0.06784185099430319,16.35542106628418,0.1822347342965246,0.0032305801018974387,0.19139644503593445,0.19139623641967773
4.887999999999684,0.06784186236458357,16.355342864990234,0.18223431621862057,0.003226985300220933,0.19139325618743896,0.19139303267002106
4.8899999999996835,0.06784187471359927,16.355268478393555,0.1822338379111091,0.003223101132430593,0.19138988852500916,0.19138966500759125
4.891999999999683,0.06784188803912457,16.35519027709961,0.18223329960438234,0.0032189290231662573,0.1913863867521286,0.19138607382774353
4.893999999999683,0.06784190233899626,16.35511589050293,0.18223270153279142,0.003214470419696778,0.1913825422525406,0.1913823038339615
4.895999999999683,0.06784191761111141,16.355037689208984,0.1822320439346194,0.0032097267916985726,0.19137872755527496,0.19137829542160034
4.897999999999683,0.0678419338534263,16.354963302612305,0.18223132705206202,0.003204699631029663,0.19137445092201233,0.1913740187883377
4.899999999999682,0.06784195106395272,16.35488510131836,0.18223055113119957,0.0031993904515052623,0.19137011468410492,0.19136957824230194
4.901999999999682,0.06784196924075915,16.35481071472168,0.1822297164219724,0.0031938007886698275,0.19136537611484528,0.19136495888233185
4.903999999999682,0.0678419883819651,16.354732513427734,0.18222882317815475,0.0031879321995680458,0.19136065244674683,0.19136005640029907
4.905999999999682,0.06784200848574232,16.354658126831055,0.18222787165732696,0.003181786262516813,0.19135554134845734,0.19135476648807526
4.9079999999996815,0.0678420295503102,16.354583740234375,0.18222686212084593,0.0031753645768734197,0.19135025143623352,0.19134962558746338
4.909999999999681,0.06784205157393593,16.354503631591797,0.1822257948338175,0.003168668762803592,0.191344752907753,0.1913440227508545
4.911999999999681,0.0678420745549312,16.35443115234375,0.18222467006506538,0.0031617004610454574,0.19133901596069336,0.19133827090263367
4.913999999999681,0.06784209849164968,16.354354858398438,0.18222348808710037,0.0031544613326787295,0.19133324921131134,0.19133225083351135
4.915999999999681,0.06784212338248627,16.35428237915039,0.18222224917608848,0.0031469530588868256,0.19132700562477112,0.19132612645626068
4.91799999999968,0.06784214922587407,16.354202270507812,0.18222095361181817,0.003139177340719326,0.19132082164287567,0.19131970405578613
4.91999999999968,0.06784217602028232,16.354129791259766,0.18221960167766726,0.0031311358988549013,0.1913141906261444,0.19131307303905487
4.92199999999968,0.06784220376421458,16.354053497314453,0.18221819366056774,0.0031228304733619556,0.19130750000476837,0.19130630791187286
4.92399999999968,0.06784223245620649,16.353981018066406,0.18221672985097287,0.0031142628234578948,0.19130048155784607,0.19129937887191772
4.9259999999996795,0.06784226209482355,16.353906631469727,0.18221521054281936,0.0031054347272694892,0.19129329919815063,0.19129204750061035
4.927999999999679,0.06784229267865831,16.353832244873047,0.18221363603349167,0.003096347981588766,0.19128596782684326,0.19128479063510895
4.929999999999679,0.0678423242063292,16.353755950927734,0.18221200662378534,0.0030870044016309537,0.19127847254276276,0.19127711653709412
4.931999999999679,0.0678423566764779,16.353681564331055,0.18221032261786757,0.003077405820790803,0.19127066433429718,0.19126924872398376
4.933999999999679,0.06784239008776687,16.353609085083008,0.1822085843232405,0.0030675540903970936,0.19126273691654205,0.19126127660274506
4.935999999999678,0.067842424438877,16.35353660583496,0.1822067920507014,0.0030574510794664773,0.19125457108020782,0.19125303626060486
4.937999999999678,0.0678424597285059,16.35346221923828,0.18220494611430132,0.0030470986744594573,0.1912463754415512,0.19124466180801392
4.939999999999678,0.06784249595536583,16.3533878326416,0.18220304683130584,0.0030364987790296167,0.19123782217502594,0.19123604893684387
4.941999999999678,0.06784253311818009,16.353317260742188,0.1822010945221541,0.003025653313778059,0.19122904539108276,0.19122715294361115
4.9439999999996775,0.06784257121568281,16.353242874145508,0.18219908951041586,0.0030145642160041308,0.19122014939785004,0.19121824204921722
4.945999999999677,0.06784261024661468,16.353172302246094,0.18219703212274935,0.003003233439455498,0.19121111929416656,0.1912091076374054
4.947999999999677,0.0678426502097216,16.353097915649414,0.18219492268885878,0.002991662954079025,0.1912018358707428,0.19119973480701447
4.949999999999677,0.067842691103753,16.353025436401367,0.18219276154144887,0.002979854745768957,0.19119228422641754,0.1911902129650116
4.951999999999677,0.06784273292745821,16.352954864501953,0.18219054901618292,0.0029678108161169748,0.1911827027797699,0.19118043780326843
4.953999999999676,0.06784277567958559,16.352880477905273,0.18218828545163612,0.002955533182159317,0.19117285311222076,0.1911705732345581
4.955999999999676,0.06784281935887918,16.35280990600586,0.1821859711892509,0.0029430238761243696,0.19116288423538208,0.19116057455539703
4.957999999999676,0.06784286396407693,16.352737426757812,0.1821836065732902,0.0029302849451820754,0.19115278124809265,0.19115027785301208
4.959999999999676,0.0678429094939085,16.35266876220703,0.1821811919507924,0.0029173184511866977,0.19114232063293457,0.1911398023366928
4.961999999999676,0.06784295594709239,16.352596282958984,0.1821787276715216,0.0029041264704280628,0.1911318451166153,0.19112920761108398
4.963999999999675,0.06784300332233487,16.35252571105957,0.18217621408792256,0.0028907110933722507,0.19112110137939453,0.1911182403564453
4.965999999999675,0.06784305161832609,16.352455139160156,0.18217365155507126,0.0028770744244114833,0.19111016392707825,0.19110733270645142
4.967999999999675,0.06784310083374007,16.352386474609375,0.18217104043062587,0.0028632185816076087,0.19109918177127838,0.1910962164402008
4.969999999999675,0.06784315096723025,16.35231590270996,0.1821683810747784,0.0028491456964353503,0.19108809530735016,0.19108490645885468
4.9719999999996745,0.06784320201742827,16.35224723815918,0.18216567385020466,0.002834857913530707,0.1910765916109085,0.1910734474658966
4.973999999999674,0.0678432539829417,16.352176666259766,0.1821629191220136,0.0028203573904331063,0.19106502830982208,0.1910618394613266
4.975999999999674,0.06784330686235214,16.352109909057617,0.1821601172576967,0.002805646297329171,0.1910533457994461,0.19105003774166107
4.977999999999674,0.06784336065421258,16.352039337158203,0.18215726862707765,0.002790726816798351,0.1910414844751358,0.19103805720806122
4.979999999999674,0.06784341535704577,16.351970672607422,0.18215437360225917,0.0027756011435550103,0.1910293847322464,0.19102603197097778
4.981999999999673,0.06784347096934082,16.35190200805664,0.18215143255757188,0.0027602714841957416,0.1910172700881958,0.19101373851299286
4.983999999999673,0.06784352748955276,16.351835250854492,0.18214844586952084,0.0027447400569386646,0.19100497663021088,0.19100123643875122
4.985999999999673,0.06784358491609921,16.351768493652344,0.1821454139167329,0.002729009091370049,0.19099237024784088,0.1909887045621872
4.987999999999673,0.06784364324735905,16.351701736450195,0.1821423370799034,0.0027130808281868135,0.1909797042608261,0.19097580015659332
4.9899999999996725,0.06784370248166932,16.351634979248047,0.1821392157417408,0.002696957518942352,0.19096697866916656,0.1909630298614502
4.991999999999672,0.0678437626173246,16.35157012939453,0.18213605028691293,0.0026806414257875633,0.19095399975776672,0.19094982743263245
4.993999999999672,0.06784382365257405,16.35150146484375,0.18213284110199218,0.002664134821215275,0.19094085693359375,0.19093665480613708
4.995999999999672,0.06784388558561895,16.351436614990234,0.18212958857539951,0.002647439987807182,0.19092759490013123,0.19092337787151337
4.997999999999672,0.06784394841461185,16.35137176513672,0.18212629309734718,0.0026305592179748627,0.19091422855854034,0.19090986251831055
4.999999999999671,0.06784401213765393,16.35130500793457,0.18212295505978443,0.002613494813704905,0.19090084731578827,0.19089621305465698
