time,dist,gamma
0.001,0.06793494779634485,17.646312713623047
0.002,0.06793488991437795,17.64395523071289
0.003,0.06793480312762286,17.642288208007812
0.004,0.06793468754317353,17.640674591064453
0.005,0.06793454332391415,17.639102935791016
0.006,0.06793437068770682,17.637592315673828
0.007,0.06793416990674439,17.636032104492188
0.008,0.06793394130689287,17.634387969970703
0.009000000000000001,0.06793368526701851,17.632816314697266
0.010000000000000002,0.06793340221829361,17.631290435791016
0.011000000000000003,0.06793309264348613,17.62973403930664
0.012000000000000004,0.06793275707623538,17.6281681060791
0.013000000000000005,0.06793239610031793,17.626569747924805
0.014000000000000005,0.06793201034890353,17.625024795532227
0.015000000000000006,0.06793160050380684,17.623485565185547
0.016000000000000007,0.06793116729473216,17.62192726135254
0.017000000000000008,0.06793071149851886,17.62034034729004
0.01800000000000001,0.06793023393838461,17.61881446838379
0.01900000000000001,0.06792973548316944,17.617271423339844
0.02000000000000001,0.06792921704658396,17.61569595336914
0.02100000000000001,0.06792867958645875,17.614105224609375
0.022000000000000013,0.06792812410400118,17.61241340637207
0.023000000000000013,0.06792755164305724,17.610698699951172
0.024000000000000014,0.06792696328937925,17.608964920043945
0.025000000000000015,0.06792636016990361,17.60726547241211
0.026000000000000016,0.06792574345203477,17.605640411376953
0.027000000000000017,0.06792511434293992,17.60404396057129
0.028000000000000018,0.0679244740888532,17.60245132446289
0.02900000000000002,0.06792382397438877,17.60090446472168
0.03000000000000002,0.06792316532186672,17.599384307861328
0.03100000000000002,0.06792249949064863,17.59784698486328
0.03200000000000002,0.06792182787648438,17.596290588378906
0.03300000000000002,0.06792115191087095,17.594707489013672
0.03400000000000002,0.06792047306042423,17.593109130859375
0.035000000000000024,0.06791979282625864,17.591501235961914
0.036000000000000025,0.06791911274338434,17.58987045288086
0.037000000000000026,0.06791843438011137,17.58816909790039
0.03800000000000003,0.06791775934521167,17.58646011352539
0.03900000000000003,0.06791708929050246,17.584781646728516
0.04000000000000003,0.06791642589949703,17.583110809326172
0.04100000000000003,0.06791577088698551,17.58140754699707
0.04200000000000003,0.06791512599862405,17.57967758178711
0.04300000000000003,0.06791449301052711,17.57799530029297
0.04400000000000003,0.06791387372886862,17.576297760009766
0.04500000000000003,0.06791326998948612,17.574466705322266
0.046000000000000034,0.06791268365749298,17.572059631347656
0.047000000000000035,0.06791211662689546,17.569618225097656
0.048000000000000036,0.06791157082021636,17.56714630126953
0.04900000000000004,0.06791104818812274,17.56463623046875
0.05000000000000004,0.06791055070906028,17.562091827392578
0.05100000000000004,0.06791008038889478,17.559425354003906
0.05200000000000004,0.06790963926055585,17.556720733642578
0.05300000000000004,0.06790922938368894,17.553993225097656
0.05400000000000004,0.06790885284431131,17.551273345947266
0.05500000000000004,0.06790851175447235,17.548480987548828
0.05600000000000004,0.06790820825192218,17.54564666748047
0.057000000000000044,0.06790794449977958,17.54278564453125
0.058000000000000045,0.06790772268621302,17.539867401123047
0.059000000000000045,0.06790754502411744,17.536869049072266
0.060000000000000046,0.06790741375080135,17.533836364746094
0.06100000000000005,0.06790733112767787,17.530885696411133
0.06200000000000005,0.06790729943995773,17.527896881103516
0.06300000000000004,0.06790732099634872,17.524871826171875
0.06400000000000004,0.06790739812875872,17.521778106689453
0.06500000000000004,0.06790753319200216,17.518640518188477
0.06600000000000004,0.06790772856351047,17.51547622680664
0.06700000000000005,0.06790798664304702,17.512271881103516
0.06800000000000005,0.0679083423784803,17.5090274810791
0.06900000000000005,0.06790874407450684,17.548757553100586
0.07000000000000005,0.06790919362941003,17.54180908203125
0.07100000000000005,0.06790969294866826,17.539194107055664
0.07200000000000005,0.06791024395454262,17.537063598632812
0.07300000000000005,0.06791084858761738,17.53494644165039
0.07400000000000005,0.06791150880687379,17.53282928466797
0.07500000000000005,0.0679122265895244,17.53079605102539
0.07600000000000005,0.06791300393081216,17.528736114501953
0.07700000000000005,0.06791384284380547,17.526657104492188
0.07800000000000006,0.06791474535918825,17.524559020996094
0.07900000000000006,0.06791571352505127,17.522436141967773
0.08000000000000006,0.06791722450504759,17.52029037475586
0.08100000000000006,0.067917458296751,17.257274627685547
0.08200000000000006,0.0679169019771353,7.912761688232422
0.10200000000000008,0.06794975683740812,15.778524398803711
0.10300000000000008,0.06794259725593467,17.143049240112305
0.10400000000000008,0.06793570447799742,17.277740478515625
0.10500000000000008,0.06792976792604104,17.38878631591797
0.10600000000000008,0.0679255331917129,17.091264724731445
0.10700000000000008,0.06792387860695452,8.224244117736816
0.10800000000000008,0.06792427297737248,17.099365234375
0.10900000000000008,0.06792579544540202,17.610326766967773
0.11000000000000008,0.06792716888502426,17.228572845458984
0.11200000000000009,0.06792827411942164,14.100991249084473
0.11800000000000009,0.06792605146169693,12.410337448120117
0.11900000000000009,0.06792810945307556,14.20810317993164
0.12000000000000009,0.06793105308006098,16.573110580444336
0.1210000000000001,0.06793489555005339,17.069793701171875
0.1220000000000001,0.0679409003248307,17.095090866088867
0.1230000000000001,0.06794771041755655,17.14446258544922
0.1240000000000001,0.06795530408532119,17.142868041992188
0.12500000000000008,0.06796365898728024,17.133438110351562
0.12600000000000008,0.06797275239061687,17.120386123657227
0.12700000000000009,0.06798256150044636,17.106225967407227
0.12800000000000009,0.06799306370865939,17.090694427490234
0.1290000000000001,0.06800423676042286,17.074159622192383
0.1300000000000001,0.06801605885913976,17.05622673034668
0.1310000000000001,0.06802850872667643,17.037931442260742
0.1320000000000001,0.06804156563183286,17.019895553588867
0.1330000000000001,0.0680552093972441,17.003456115722656
0.1340000000000001,0.06806942039184469,16.9875545501709
0.1350000000000001,0.0680841795140636,16.971113204956055
0.1360000000000001,0.06809928959411081,16.954391479492188
0.1370000000000001,0.06811361875995542,16.940242767333984
0.1380000000000001,0.06812698851190571,16.926342010498047
0.1390000000000001,0.06813941985033116,16.913833618164062
0.1400000000000001,0.06815093369956084,16.903533935546875
0.1410000000000001,0.06816155083878854,16.89328384399414
0.1420000000000001,0.0681712918510868,16.88336181640625
0.1430000000000001,0.0681801770871954,16.873674392700195
0.1440000000000001,0.06818822685254709,16.864213943481445
0.1450000000000001,0.0681954643465897,16.855308532714844
0.1460000000000001,0.06820193314170957,16.846874237060547
0.1470000000000001,0.06820764857552732,16.83963394165039
0.1480000000000001,0.06821262480067362,16.831777572631836
0.1490000000000001,0.06821687488127931,16.825109481811523
0.1500000000000001,0.06822041087919058,16.81960678100586
0.1510000000000001,0.06822324393304463,16.81432342529297
0.1520000000000001,0.06822538433104627,16.80919647216797
0.1530000000000001,0.0682268415779901,16.80422019958496
0.1540000000000001,0.06822762445699716,16.79878807067871
0.1550000000000001,0.06822774108640019,16.79318618774414
0.1560000000000001,0.06822719897216618,16.787551879882812
0.1570000000000001,0.06822600505621218,16.78179168701172
0.1580000000000001,0.06822416576094721,16.77686882019043
0.1590000000000001,0.0682216870303402,16.772281646728516
0.16000000000000011,0.06821857436778364,16.767744064331055
0.16100000000000012,0.06821483287101472,16.763172149658203
0.16200000000000012,0.06821046726432008,16.758432388305664
0.16300000000000012,0.06820548192823814,16.753597259521484
0.16400000000000012,0.06819988092695499,16.748977661132812
0.16500000000000012,0.0681936680335761,16.744449615478516
0.16600000000000012,0.06818684675343308,16.740386962890625
0.16700000000000012,0.06817942034558491,16.736454010009766
0.16800000000000012,0.06817139184264953,16.732421875
0.16900000000000012,0.06816276406909363,16.728370666503906
0.17000000000000012,0.06815353965810296,16.724628448486328
0.17100000000000012,0.06814372106713902,16.721464157104492
0.17200000000000013,0.06813331059228599,16.718212127685547
0.17300000000000013,0.06812231038147847,16.71487045288086
0.17400000000000013,0.06811072244669662,16.7117862701416
0.17500000000000013,0.06809854867520819,16.70873260498047
0.17600000000000013,0.06808579083992929,16.705575942993164
0.17700000000000013,0.06807245060897318,16.702486038208008
0.17800000000000013,0.06805852955444626,16.699308395385742
0.17900000000000013,0.06804402916055227,16.696025848388672
0.18000000000000013,0.06802895083105458,16.69257354736328
0.18100000000000013,0.0680132958961474,16.688945770263672
0.18200000000000013,0.06799738646040092,16.68515396118164
0.18300000000000013,0.06798193357365352,16.68126106262207
0.18400000000000014,0.06796696167320349,16.677431106567383
0.18500000000000014,0.06795246937562703,16.673559188842773
0.18600000000000014,0.06793845538083765,16.669601440429688
0.18700000000000014,0.06792491846551127,16.665563583374023
0.18800000000000014,0.06791185747697008,16.661279678344727
0.18900000000000014,0.06789927132750173,16.656654357910156
0.19000000000000014,0.06788715898907602,16.65190315246582
0.19100000000000014,0.06787551948843598,16.647104263305664
0.19200000000000014,0.06786435190253896,16.64238739013672
0.19300000000000014,0.06785365535431652,16.637535095214844
0.19400000000000014,0.06784342900874019,16.632596969604492
0.19500000000000015,0.0678336720691669,16.62757110595703
0.19600000000000015,0.06782438377394268,16.622325897216797
0.19700000000000015,0.06781556339325386,16.61700439453125
0.19800000000000015,0.06780721022620086,16.61161231994629
0.19900000000000015,0.06779932359808434,16.60614585876465
0.20000000000000015,0.06779190285788828,16.600603103637695
0.20100000000000015,0.06778494737594187,16.594989776611328
0.20200000000000015,0.0677784565417551,16.589282989501953
0.20300000000000015,0.06777242976200935,16.583812713623047
0.20400000000000015,0.06776686645869578,16.57834243774414
0.20500000000000015,0.06776176606739087,16.57284164428711
0.20600000000000016,0.06775712803565709,16.567344665527344
0.20700000000000016,0.06775295182156417,16.561979293823242
0.20800000000000016,0.0677492368923167,16.55657958984375
0.20900000000000016,0.0677459827229874,16.551254272460938
0.21000000000000016,0.06774318879534272,16.54593849182129
0.21100000000000016,0.06774085459675774,16.540529251098633
0.21200000000000016,0.06773897961921203,16.535146713256836
0.21300000000000016,0.06773756335836238,16.529685974121094
0.21400000000000016,0.06773660531268642,16.524051666259766
0.21500000000000016,0.0677361049826902,16.51840591430664
0.21600000000000016,0.06773606187018019,16.51284408569336
0.21700000000000016,0.0677364754779116,16.507108688354492
0.21800000000000017,0.0677373453091765,16.501258850097656
0.21900000000000017,0.06773867086734263,16.495319366455078
0.22000000000000017,0.06774045165541917,16.489322662353516
0.22100000000000017,0.06774268717565443,16.483367919921875
0.22200000000000017,0.06774537692915714,16.47745132446289
0.22300000000000017,0.06774852041554237,16.471529006958008
0.22400000000000017,0.06775211713260036,16.465532302856445
0.22500000000000017,0.067756166575987,16.459197998046875
0.22600000000000017,0.06776066823893462,16.452882766723633
0.22700000000000017,0.06776562161197948,16.446624755859375
0.22800000000000017,0.06777102618270928,16.440475463867188
0.22900000000000018,0.06777688143552547,16.434293746948242
0.23000000000000018,0.06778318685142182,16.42809295654297
0.23100000000000018,0.0677899419077768,16.421890258789062
0.23200000000000018,0.06779714607815991,16.415912628173828
0.23300000000000018,0.06780479883215029,16.410234451293945
0.23400000000000018,0.06781289963516852,16.40447998046875
0.23500000000000018,0.06782144794831871,16.398677825927734
0.23600000000000018,0.06783044322824064,16.392776489257812
0.23700000000000018,0.06783988492697432,16.386749267578125
0.23800000000000018,0.06784977249183051,16.38064956665039
0.23900000000000018,0.06786010536527351,16.37450408935547
0.24000000000000019,0.06787088298481117,16.368080139160156
0.2410000000000002,0.0678821047828913,16.36159896850586
0.2420000000000002,0.06789377018680816,16.35509490966797
0.2430000000000002,0.06790587861861463,16.34844207763672
0.2440000000000002,0.06791842949504084,16.341596603393555
0.2450000000000002,0.06793142222742153,16.334630966186523
0.2460000000000002,0.06794485622162544,16.327573776245117
0.2470000000000002,0.0679587308779958,16.320446014404297
0.2480000000000002,0.06797293332515784,16.313262939453125
0.2490000000000002,0.06798671703971887,16.30609703063965
0.25000000000000017,0.0679999450217357,16.298870086669922
0.25100000000000017,0.06801261764717217,16.291553497314453
0.25200000000000017,0.06802473528982819,16.28409767150879
0.25300000000000017,0.06803629832148671,16.276823043823242
0.25400000000000017,0.06804730711205084,16.269454956054688
0.25500000000000017,0.06805776202967456,16.261964797973633
0.25600000000000017,0.06806766344088462,16.25439453125
0.2570000000000002,0.0680770117106959,16.24681282043457
0.2580000000000002,0.0680858072027178,16.239154815673828
0.2590000000000002,0.06809405027925683,16.23154640197754
0.2600000000000002,0.06810174130140915,16.22386932373047
0.2610000000000002,0.06810888062914906,16.216062545776367
0.2620000000000002,0.06811546862141271,16.2081298828125
0.2630000000000002,0.068121505636171,16.200117111206055
0.2640000000000002,0.06812699203050296,16.19203758239746
0.2650000000000002,0.0681319281606604,16.183950424194336
0.2660000000000002,0.0681363143821261,16.175750732421875
0.2670000000000002,0.0681401510496715,16.167287826538086
0.2680000000000002,0.0681434385174043,16.158592224121094
0.2690000000000002,0.06814617713881532,16.14978790283203
0.2700000000000002,0.06814836726681929,16.140914916992188
0.2710000000000002,0.06815000925379054,16.131973266601562
0.2720000000000002,0.06815110345159638,16.12295150756836
0.2730000000000002,0.06815165021162334,16.113872528076172
0.2740000000000002,0.06815164988480389,16.104778289794922
0.2750000000000002,0.06815110282163356,16.095630645751953
0.2760000000000002,0.06815000937218944,16.086383819580078
0.2770000000000002,0.06814836988614217,16.077054977416992
0.2780000000000002,0.06814618471276496,16.067638397216797
0.2790000000000002,0.0681434542009387,16.058216094970703
0.2800000000000002,0.06814017869915512,16.04884910583496
0.2810000000000002,0.06813635855551481,16.03931427001953
0.2820000000000002,0.06813199411772376,16.02971076965332
0.2830000000000002,0.06812708573308299,16.020008087158203
0.2840000000000002,0.06812163374848244,16.010116577148438
0.2850000000000002,0.06811563851038249,16.000160217285156
0.2860000000000002,0.06810910036480172,15.990219116210938
0.2870000000000002,0.06810201965729347,15.980192184448242
0.2880000000000002,0.068094396732926,15.970016479492188
0.2890000000000002,0.0680862319362565,15.959671020507812
0.2900000000000002,0.06807752561130251,15.949226379394531
0.2910000000000002,0.06806827810151315,15.93897533416748
0.2920000000000002,0.06805848974973491,15.92879867553711
0.2930000000000002,0.06804816089817593,15.918481826782227
0.2940000000000002,0.06803729188836831,15.90804672241211
0.2950000000000002,0.068025883061127,15.897356986999512
0.2960000000000002,0.06801393475650826,15.886482238769531
0.2970000000000002,0.06800144731376233,15.875443458557129
0.2980000000000002,0.06798842107128746,15.864297866821289
0.2990000000000002,0.06797502599533926,15.852984428405762
0.3000000000000002,0.06796198531997566,15.841575622558594
0.3010000000000002,0.06794938100281957,15.8300142288208
0.3020000000000002,0.06793721308014064,15.818355560302734
0.3030000000000002,0.0679254815807022,15.806669235229492
0.3040000000000002,0.06791418652574414,15.794816017150879
0.3050000000000002,0.06790332792896737,15.78282356262207
0.3060000000000002,0.06789290579652232,15.77072811126709
0.3070000000000002,0.06788292012699515,15.758461952209473
0.3080000000000002,0.06787337091140042,15.746082305908203
0.3090000000000002,0.0678642581331712,15.733560562133789
0.3100000000000002,0.06785558176815173,15.720809936523438
0.3110000000000002,0.0678473417845945,15.707879066467285
0.3120000000000002,0.0678395381431544,15.694768905639648
0.3130000000000002,0.06783217079688808,15.68154525756836
0.3140000000000002,0.06782523969125229,15.668235778808594
0.3150000000000002,0.06781874476410563,15.654840469360352
0.3160000000000002,0.06781268594571002,15.641326904296875
0.3170000000000002,0.06780706315873453,15.627693176269531
0.3180000000000002,0.06780187631826047,15.613923072814941
0.31900000000000023,0.06779712533178758,15.600028991699219
0.32000000000000023,0.06779281009924208,15.586088180541992
0.32100000000000023,0.06778893051298576,15.572057723999023
0.32200000000000023,0.06778548645782559,15.558006286621094
0.32300000000000023,0.0677824778110257,15.543974876403809
0.32400000000000023,0.06777990444232072,15.529878616333008
0.32500000000000023,0.06777776621392889,15.515729904174805
0.32600000000000023,0.06777606298056833,15.501455307006836
0.32700000000000023,0.06777479458947236,15.48707389831543
0.32800000000000024,0.06777396088040884,15.47256851196289
0.32900000000000024,0.06777356168569645,15.457944869995117
0.33000000000000024,0.06777359683022693,15.443187713623047
0.33100000000000024,0.06777406613148483,15.428264617919922
0.33200000000000024,0.06777496939956995,15.413192749023438
0.33300000000000024,0.06777630643722055,15.39797592163086
0.33400000000000024,0.06777807703983695,15.382589340209961
0.33500000000000024,0.067780280995508,15.367147445678711
0.33600000000000024,0.06778291808503573,15.351608276367188
0.33700000000000024,0.06778598808196343,15.335922241210938
0.33800000000000024,0.06778949075260442,15.320058822631836
0.33900000000000025,0.06779342585606948,15.303762435913086
0.34000000000000025,0.06779779314429875,15.287126541137695
0.34100000000000025,0.0678025923619149,15.27047348022461
0.34200000000000025,0.06780782324588949,15.253948211669922
0.34300000000000025,0.06781348552553088,15.237564086914062
0.34400000000000025,0.06781957892248419,15.221433639526367
0.34500000000000025,0.06782610315074755,15.205677032470703
0.34600000000000025,0.0678330579166973,15.190023422241211
0.34700000000000025,0.06784044291912476,15.174455642700195
0.34800000000000025,0.06784825784927882,15.158975601196289
0.34900000000000025,0.0678565023909198,15.14361572265625
0.35000000000000026,0.06786517622037627,15.128337860107422
0.35100000000000026,0.067874279006607,15.11309814453125
0.35200000000000026,0.0678838104112707,15.097944259643555
0.35300000000000026,0.06789377008879446,15.08294677734375
0.35400000000000026,0.06790415768644938,15.068078994750977
0.35500000000000026,0.06791497284442644,15.052846908569336
0.35600000000000026,0.06792621519591374,15.037492752075195
0.35700000000000026,0.06793788436717749,15.021890640258789
0.35800000000000026,0.06794961276735942,15.006253242492676
0.35900000000000026,0.06796080917820853,14.990205764770508
0.36000000000000026,0.06797146582034684,14.9742431640625
0.36100000000000027,0.06798158285615098,14.958292007446289
0.36200000000000027,0.06799116044696732,14.942212104797363
0.36300000000000027,0.06800019875297249,14.926636695861816
0.36400000000000027,0.06800869793303073,14.911290168762207
0.36500000000000027,0.06801665814454763,14.895883560180664
0.36600000000000027,0.06802407954332253,14.880472183227539
0.36700000000000027,0.06803096228339872,14.865190505981445
0.36800000000000027,0.06803730651690909,14.849641799926758
0.36900000000000027,0.06804311239392566,14.834043502807617
0.3700000000000003,0.06804838006230432,14.818367004394531
0.3710000000000003,0.06805310966752849,14.802589416503906
0.3720000000000003,0.06805730135255562,14.786750793457031
0.3730000000000003,0.06806095525765969,14.770862579345703
0.3740000000000003,0.0680640715202766,14.754892349243164
0.3750000000000003,0.06806665027484633,14.738832473754883
0.3760000000000003,0.06806869165265839,14.722742080688477
0.3770000000000003,0.0680701957816964,14.70656681060791
0.3780000000000003,0.06807116278648156,14.690139770507812
0.3790000000000003,0.06807159278791901,14.673248291015625
0.3800000000000003,0.06807148590314202,14.656366348266602
0.3810000000000003,0.06807084224535939,14.639395713806152
0.3820000000000003,0.06806966192370176,14.622190475463867
0.3830000000000003,0.06806794504306769,14.604869842529297
0.3840000000000003,0.06806569170397363,14.587414741516113
0.3850000000000003,0.06806290200231677,14.569875717163086
0.3860000000000003,0.06805957602893506,14.552282333374023
0.3870000000000003,0.06805571386917746,14.534585952758789
0.3880000000000003,0.06805131560251812,14.516719818115234
0.3890000000000003,0.06804638130220994,14.498717308044434
0.3900000000000003,0.06804091103497564,14.480560302734375
0.3910000000000003,0.06803490481884647,14.462400436401367
0.3920000000000003,0.06802836225485401,14.444208145141602
0.3930000000000003,0.06802128294652617,14.42588996887207
0.3940000000000003,0.06801366649983845,14.407268524169922
0.3950000000000003,0.0680055125231959,14.388521194458008
0.3960000000000003,0.06799725434256149,14.369596481323242
0.3970000000000003,0.06798941322305543,14.35042953491211
0.3980000000000003,0.06798199009922938,14.331743240356445
0.3990000000000003,0.06797498485242362,14.313210487365723
0.4000000000000003,0.06796839739252035,14.294281959533691
0.4010000000000003,0.06796222765619155,14.275344848632812
0.4020000000000003,0.06795647560520242,14.256546020507812
0.4030000000000003,0.06795114122477118,14.237690925598145
0.4040000000000003,0.06794622452198448,14.218694686889648
0.4050000000000003,0.06794172552426703,14.19949722290039
0.4060000000000003,0.06793764427790742,14.180044174194336
0.4070000000000003,0.06793398084663187,14.16041374206543
0.4080000000000003,0.06793073531023373,14.140729904174805
0.4090000000000003,0.06792790776325117,14.120977401733398
0.4100000000000003,0.06792549831369449,14.101064682006836
0.4110000000000003,0.06792350708181999,14.080954551696777
0.4120000000000003,0.06792193419895222,14.060699462890625
0.4130000000000003,0.06792077980634877,14.040508270263672
0.4140000000000003,0.06792004405411232,14.020158767700195
0.4150000000000003,0.0679197271001405,13.999639511108398
0.4160000000000003,0.06791982910912221,13.978948593139648
0.4170000000000003,0.0679203502515686,13.958198547363281
0.4180000000000003,0.06792129070288681,13.937328338623047
0.4190000000000003,0.06792265064248826,13.91632080078125
0.4200000000000003,0.06792443025293626,13.895137786865234
0.4210000000000003,0.06792662971912365,13.873777389526367
0.4220000000000003,0.0679292492274885,13.852205276489258
0.4230000000000003,0.0679322889652624,13.830459594726562
0.4240000000000003,0.06793574911974505,13.808561325073242
0.4250000000000003,0.06793962987761654,13.786598205566406
0.4260000000000003,0.0679439314242739,13.764551162719727
0.4270000000000003,0.0679486539431972,13.742515563964844
0.4280000000000003,0.0679537976153438,13.720410346984863
0.4290000000000003,0.06795936261856761,13.698116302490234
0.4300000000000003,0.06796534912706552,13.675541877746582
0.4310000000000003,0.06797175731084666,13.652573585510254
0.43200000000000033,0.06797858120626937,13.629047393798828
0.43300000000000033,0.06798523844422866,13.605440139770508
0.43400000000000033,0.06799134618909794,13.581512451171875
0.43500000000000033,0.06799690415734208,13.557476043701172
0.43600000000000033,0.06800191206775605,13.53312873840332
0.43700000000000033,0.06800636964163603,13.50847053527832
0.43800000000000033,0.06801027660294064,13.483793258666992
0.43900000000000033,0.0680136326784511,13.458925247192383
0.44000000000000034,0.06801643759792317,13.433755874633789
0.44100000000000034,0.0680186910942344,13.408390045166016
0.44200000000000034,0.06802039290352413,13.382818222045898
0.44300000000000034,0.06802154276533152,13.356952667236328
0.44400000000000034,0.068022140422724,13.33053207397461
0.44500000000000034,0.06802218562242282,13.303537368774414
0.44600000000000034,0.0680216781149241,13.276388168334961
0.44700000000000034,0.06802061765461011,13.248998641967773
0.44800000000000034,0.0680190039998614,13.2215576171875
0.44900000000000034,0.0680168369131598,13.194091796875
0.45000000000000034,0.06801411616118602,13.166470527648926
0.45100000000000035,0.06801084151491525,13.138713836669922
0.45200000000000035,0.06800701274970551,13.11073112487793
0.45300000000000035,0.06800262964538104,13.08233642578125
0.45400000000000035,0.06799769198631295,13.053522109985352
0.45500000000000035,0.06799219956149176,13.02446174621582
0.45600000000000035,0.06798615216459997,12.995565414428711
0.45700000000000035,0.0679795495940744,12.966623306274414
0.45800000000000035,0.06797239165316855,12.937491416931152
0.45900000000000035,0.06796467815000913,12.908071517944336
0.46000000000000035,0.06795640889764644,12.87813949584961
0.46100000000000035,0.06794758371410406,12.847976684570312
0.46200000000000035,0.06793820242241928,12.817667007446289
0.46300000000000036,0.06792826485068464,12.787934303283691
0.46400000000000036,0.06791777083208146,12.757909774780273
0.46500000000000036,0.0679067202049111,12.727791786193848
0.46600000000000036,0.06789511281262044,12.697626113891602
0.46700000000000036,0.06788294850382677,12.66729736328125
0.46800000000000036,0.06787022713233494,12.63636589050293
0.46900000000000036,0.06785694855715112,12.605205535888672
0.47000000000000036,0.06784311264249653,12.573738098144531
0.47100000000000036,0.0678287192578124,12.542160034179688
0.47200000000000036,0.06781376827776368,12.510255813598633
0.47300000000000036,0.067798259582239,12.477710723876953
0.47400000000000037,0.06778219305634647,12.445085525512695
0.47500000000000037,0.06776556859040507,12.412374496459961
0.47600000000000037,0.06774838607993401,12.379457473754883
0.47700000000000037,0.06773064542563725,12.346261024475098
0.47800000000000037,0.0677123465333851,12.312894821166992
0.47900000000000037,0.06769348931419135,12.279319763183594
0.48000000000000037,0.06767407368418804,12.245102882385254
0.48100000000000037,0.06765409956459541,12.210082054138184
0.4820000000000004,0.06763356688169007,12.174747467041016
0.4830000000000004,0.06761247556676775,12.138936996459961
0.4840000000000004,0.06759082555610373,12.102972030639648
0.4850000000000004,0.06756861679091011,12.067205429077148
0.4860000000000004,0.06754584921728786,12.031225204467773
0.4870000000000004,0.06752252278617851,11.995366096496582
0.4880000000000004,0.06749863745330878,11.959297180175781
0.4890000000000004,0.0674741931791346,11.923179626464844
0.4900000000000004,0.0674491899287805,11.8867826461792
0.4910000000000004,0.06742362767197534,11.85029411315918
0.4920000000000004,0.06739750638298642,11.813539505004883
0.4930000000000004,0.06737082604054713,11.776601791381836
0.4940000000000004,0.06734358662778363,11.739377975463867
0.4950000000000004,0.06731578813213783,11.702011108398438
0.4960000000000004,0.06728743054528655,11.664841651916504
0.4970000000000004,0.06725851386305524,11.627946853637695
0.4980000000000004,0.06722903808533338,11.591068267822266
0.4990000000000004,0.06719900321598071,11.55378532409668
0.5000000000000003,0.0671684092627338,11.515932083129883
0.5010000000000003,0.0671372562371072,11.47861385345459
0.5020000000000003,0.06710554415429312,11.441336631774902
0.5030000000000003,0.06707327303305499,11.404069900512695
0.5040000000000003,0.06704044289561877,11.366626739501953
0.5050000000000003,0.06700705376756205,11.329133987426758
0.5060000000000003,0.06697310567769701,11.291220664978027
0.5070000000000003,0.06693859865795224,11.253229141235352
0.5080000000000003,0.06690353274324837,11.214973449707031
0.5090000000000003,0.06686790797137333,11.176325798034668
0.5100000000000003,0.06683172438285052,11.137596130371094
0.5110000000000003,0.06679498202080604,11.0987548828125
0.5120000000000003,0.06675768093083019,11.059734344482422
0.5130000000000003,0.06671982116083706,11.02029037475586
0.5140000000000003,0.066681402760919,10.980627059936523
0.5150000000000003,0.06664242578319697,10.940864562988281
0.5160000000000003,0.06660289028166824,10.902064323425293
0.5170000000000003,0.06656279631205175,10.863842010498047
0.5180000000000003,0.06652214393162409,10.825422286987305
0.5190000000000003,0.06648093319905565,10.786829948425293
0.5200000000000004,0.06643916417424575,10.747983932495117
0.5210000000000004,0.0663968369181449,10.708810806274414
0.5220000000000004,0.06635395149258044,10.66950798034668
0.5230000000000004,0.06631050796007694,10.629926681518555
0.5240000000000004,0.06626650638366947,10.590324401855469
0.5250000000000004,0.06622194682671387,10.550772666931152
0.5260000000000004,0.06617682935269487,10.510995864868164
0.5270000000000004,0.06613115402502738,10.470901489257812
0.5280000000000004,0.06608492090685372,10.430281639099121
0.5290000000000004,0.0660381300608371,10.389448165893555
0.5300000000000004,0.06599078154895059,10.348628997802734
0.5310000000000004,0.06594287543226114,10.307635307312012
0.5320000000000004,0.06589441177070893,10.266205787658691
0.5330000000000004,0.06584539062288149,10.224650382995605
0.5340000000000004,0.06579581204578488,10.182695388793945
0.5350000000000004,0.06574567609460778,10.140251159667969
0.5360000000000004,0.06569498282248268,10.096969604492188
0.5370000000000004,0.06564373228023943,10.05435562133789
0.5380000000000004,0.06559192451615652,10.011772155761719
0.5390000000000004,0.06553955957570629,9.969152450561523
0.5400000000000004,0.06548663750129356,9.926328659057617
0.5410000000000004,0.065433158331991,9.883659362792969
0.5420000000000004,0.06537912210326696,9.840980529785156
0.5430000000000004,0.06532452884671018,9.798091888427734
0.5440000000000004,0.06526937858974663,9.755126953125
0.5450000000000004,0.06521367135535268,9.71180534362793
0.5460000000000004,0.06515740716176062,9.668678283691406
0.5470000000000004,0.06510058602215907,9.625520706176758
0.5480000000000004,0.06504320794438852,9.582459449768066
0.5490000000000004,0.06498527293062917,9.53959846496582
0.5500000000000004,0.06492678097708265,9.49660873413086
0.5510000000000004,0.06486773207364853,9.453065872192383
0.5520000000000004,0.06480812620359379,9.409738540649414
0.5530000000000004,0.06474796334321517,9.366554260253906
0.5540000000000004,0.06468724346149654,9.32327651977539
0.5550000000000004,0.06462596651975669,9.280284881591797
0.5560000000000004,0.06456413247129335,9.238443374633789
0.5570000000000004,0.06450174126101674,9.196555137634277
0.5580000000000004,0.06443879282508043,9.155035972595215
0.5590000000000004,0.06437528709049914,9.113679885864258
0.5600000000000004,0.06431122397476428,9.07229232788086
0.5610000000000004,0.06424660338544896,9.030441284179688
0.5620000000000004,0.06418142521980483,8.9892578125
0.5630000000000004,0.06411568936435381,8.948575973510742
0.5640000000000004,0.06404939569446798,8.90719985961914
0.5650000000000004,0.06398254407394385,8.865670204162598
0.5660000000000004,0.06391513435456757,8.823999404907227
0.5670000000000004,0.06384716637567033,8.782230377197266
0.5680000000000004,0.06377863996367628,8.740734100341797
0.5690000000000004,0.0637095549316407,8.698951721191406
0.5700000000000004,0.0636399110787789,8.656938552856445
0.5710000000000004,0.06356970818998602,8.614826202392578
0.5720000000000004,0.06349894603534667,8.573051452636719
0.5730000000000004,0.06342762436963575,8.531389236450195
0.5740000000000004,0.06335574293180672,8.489301681518555
0.5750000000000004,0.0632833014444726,8.44681453704834
0.5760000000000004,0.06321029961337554,8.403992652893066
0.5770000000000004,0.06313673712684202,8.361058235168457
0.5780000000000004,0.06306261365523382,8.317998886108398
0.5790000000000004,0.06298792885038025,8.274571418762207
0.5800000000000004,0.06291268234500474,8.230973243713379
0.5810000000000004,0.06283687375213509,8.187132835388184
0.5820000000000004,0.0627605026645058,8.143292427062988
0.5830000000000004,0.0626835686539433,8.099896430969238
0.5840000000000004,0.06260607127074237,8.056558609008789
0.5850000000000004,0.06252801004302662,8.013160705566406
0.5860000000000004,0.06244938447609767,7.969420433044434
0.5870000000000004,0.062370194051769454,7.925414085388184
0.5880000000000004,0.06229043822768779,7.880885601043701
0.5890000000000004,0.062210116436638194,7.836487770080566
0.5900000000000004,0.06212922808583489,7.792118072509766
0.5910000000000004,0.06204777255619838,7.747724533081055
0.5920000000000004,0.061965749201614614,7.702744483947754
0.5930000000000004,0.06188315734818081,7.657186508178711
0.5940000000000004,0.06179999629343118,7.611416816711426
0.5950000000000004,0.06171626530555051,7.564755916595459
0.5960000000000004,0.06163196362256659,7.517632484436035
0.5970000000000004,0.061547090451526315,7.4691057205200195
0.5980000000000004,0.061461644967653814,7.420474052429199
0.5990000000000004,0.06137562631349047,7.371789932250977
0.6000000000000004,0.06128903359801295,7.3235368728637695
0.6010000000000004,0.06120186589573531,7.275489807128906
0.6020000000000004,0.0611141223758008,7.227304458618164
0.6030000000000004,0.06102580222083566,7.179223537445068
0.6040000000000004,0.06093690459324015,7.131807804107666
0.6050000000000004,0.06084742863517943,7.08436918258667
0.6060000000000004,0.0607573734685829,7.036766052246094
0.6070000000000004,0.06066673819515152,6.988116264343262
0.6080000000000004,0.06057552189637301,6.939547538757324
0.6090000000000004,0.06048372363354679,6.890679359436035
0.6100000000000004,0.060391342447815445,6.8382649421691895
0.6110000000000004,0.06029837736020526,6.785701751708984
0.6120000000000004,0.06020482737167689,6.73205041885376
0.6130000000000004,0.060110691463181716,6.677918434143066
0.6140000000000004,0.06001596859572945,6.623493194580078
0.6150000000000004,0.0599206577104618,6.568520545959473
0.6160000000000004,0.05982475773100853,6.513482093811035
0.6170000000000004,0.05972826764356269,6.458436965942383
0.6180000000000004,0.05963118635547192,6.403122425079346
0.6190000000000004,0.059533512895662034,6.348544120788574
0.6200000000000004,0.05943524610204983,6.292694091796875
0.6210000000000004,0.059336384771649577,6.236211776733398
0.6220000000000004,0.05923692768056901,6.180002689361572
0.6230000000000004,0.05913687457522635,6.123268127441406
0.6240000000000004,0.05903625119317874,6.065512657165527
0.6250000000000004,0.05893508249763886,6.009585380554199
0.6260000000000004,0.05883339270792164,5.955842971801758
0.6270000000000004,0.05873120532839045,5.903140068054199
0.6280000000000004,0.058628543176008394,5.851656436920166
0.6290000000000004,0.0585254284065838,5.802168369293213
0.6300000000000004,0.05842188253979415,5.754936218261719
0.6310000000000004,0.0583179264830627,5.709018230438232
0.6320000000000005,0.058213580554355715,5.664961814880371
0.6330000000000005,0.05810886450396624,5.622337341308594
0.6340000000000005,0.05800379753534124,5.5807785987854
0.6350000000000005,0.05789839832500423,5.539966583251953
0.6360000000000005,0.05779268504162928,5.500284194946289
0.6370000000000005,0.05768667536430289,5.462097644805908
0.6380000000000005,0.0575803865000265,5.424193859100342
0.6390000000000005,0.05747383520049012,5.387396335601807
0.6400000000000005,0.05736703777816087,5.352374076843262
0.6410000000000005,0.05726001012171496,5.319202423095703
0.6420000000000005,0.05715276771085032,5.287707805633545
0.6430000000000005,0.05704532563050387,5.25708532333374
0.6440000000000005,0.056937698584507666,5.227900505065918
0.6450000000000005,0.05682990090870316,5.198469161987305
0.6460000000000005,0.056721946583544396,5.171277046203613
0.6470000000000005,0.05661384924620815,5.148432731628418
0.6480000000000005,0.0565056222022374,5.129836082458496
0.6490000000000005,0.05639727843673149,5.112517356872559
0.6500000000000005,0.056288830625113716,5.096247673034668
0.6510000000000005,0.05618029114348053,5.0799689292907715
0.6520000000000005,0.056071672078560834,5.064756393432617
0.6530000000000005,0.055962985237297765,5.051539421081543
0.6540000000000005,0.05585424215606579,5.039187908172607
0.6550000000000005,0.05574545410954283,5.027155876159668
0.6560000000000005,0.055636632119249116,5.016109466552734
0.6570000000000005,0.055527786961763206,5.006030559539795
0.6580000000000005,0.05541892917663522,4.996891975402832
0.6590000000000005,0.055310079171085866,4.988957405090332
0.6600000000000005,0.055201380770726095,4.982174873352051
0.6610000000000005,0.05509288930603573,4.976323127746582
0.6620000000000005,0.0549846193847877,4.970846176147461
0.6630000000000005,0.054876585433819326,4.966501235961914
0.6640000000000005,0.05476880170441187,4.963329315185547
0.6650000000000005,0.05466128227742999,4.960941791534424
0.6660000000000005,0.05455404106822456,4.958704948425293
0.6670000000000005,0.05444709183131174,4.9569902420043945
0.6680000000000005,0.05434044816483206,4.955960273742676
0.6690000000000005,0.05423412351200511,4.955645561218262
0.6700000000000005,0.05412813116455764,4.9570207595825195
0.6710000000000005,0.05402248426692962,4.959050178527832
0.6720000000000005,0.05391719582027187,4.961051940917969
0.6730000000000005,0.05364286951038953,4.963576316833496
0.6740000000000005,0.05309433142724473,4.9668474197387695
0.6750000000000005,0.05254844090712762,4.97168493270874
0.6760000000000005,0.05200522046585569,4.977213382720947
0.6770000000000005,0.051464691847079705,4.983819484710693
0.6780000000000005,0.05092687605218671,4.98990535736084
0.6790000000000005,0.0503917933688688,4.996012210845947
0.6800000000000005,0.049859463398415224,5.001654148101807
0.6810000000000005,0.049329905081783754,5.005012512207031
0.6820000000000005,0.04880313672450573,5.009307861328125
0.6830000000000005,0.048279176020478945,5.015531063079834
0.6840000000000005,0.04775804007469208,5.02316951751709
0.6850000000000005,0.04723974542493527,5.030276298522949
0.6860000000000005,0.04672430806253723,5.037693023681641
0.6870000000000005,0.046211743452175234,5.044397354125977
0.6880000000000005,0.045702066550798295,5.051473617553711
0.6890000000000005,0.0451952918257024,5.059653282165527
0.6900000000000005,0.04469143327180063,5.06884765625
0.6910000000000005,0.04419050442811626,5.079713344573975
0.6920000000000005,0.04368963355418354,5.0913825035095215
0.6930000000000005,0.043189307102378796,5.103595733642578
0.6940000000000005,0.04269198018233167,5.116438865661621
0.6950000000000005,0.04219766412659903,5.129890441894531
0.6960000000000005,0.041706369897183244,5.1435418128967285
0.6970000000000005,0.04121810809786993,5.157703399658203
0.6980000000000005,0.040732888986007625,5.172197341918945
0.6990000000000005,0.04025072248375354,5.188040733337402
0.7000000000000005,0.03977161818881395,5.2031378746032715
0.7010000000000005,0.03929558538469652,5.218633651733398
0.7020000000000005,0.03882263305050352,5.23294734954834
0.7030000000000005,0.03835276987028132,5.247310638427734
0.7040000000000005,0.037886004241949475,5.262294769287109
0.7050000000000005,0.03742234428582888,5.277968406677246
0.7060000000000005,0.036961797852785666,5.2931227684021
0.7070000000000005,0.03650437253201043,5.307836055755615
0.7080000000000005,0.036050075658446874,5.321578025817871
0.7090000000000005,0.035598914319889235,5.334484100341797
0.7100000000000005,0.03515089536376065,5.348958492279053
0.7110000000000005,0.034706025403588116,5.365048885345459
0.7120000000000005,0.034264310825188486,5.38068962097168
0.7130000000000005,0.03382576237406405,5.39523983001709
0.7140000000000005,0.03339039304170861,5.410667419433594
0.7150000000000005,0.032958239044290946,5.426806449890137
0.7160000000000005,0.03252953315709287,5.44364070892334
0.7170000000000005,0.03210435112778632,5.459891319274902
0.7180000000000005,0.03168271694708204,5.47683048248291
0.7190000000000005,0.03126465475973552,5.494497776031494
0.7200000000000005,0.030850188885963678,5.512601852416992
0.7210000000000005,0.030439343842896788,5.529841423034668
0.7220000000000005,0.03003214436606516,5.544978618621826
0.7230000000000005,0.029628615430917882,5.560096740722656
0.7240000000000005,0.029228782274372138,5.577661991119385
0.7250000000000005,0.02883267041637664,5.59539794921875
0.7260000000000005,0.0284403056814789,5.613224029541016
0.7270000000000005,0.02805171422037972,5.630654335021973
0.7280000000000005,0.027666922531445745,5.64683723449707
0.7290000000000005,0.027285957482154108,5.662364959716797
0.7300000000000005,0.02690884633043083,5.677313804626465
0.7310000000000005,0.026535616745843503,5.692071914672852
0.7320000000000005,0.026166296830593502,5.70677375793457
0.7330000000000005,0.02580091514025533,5.721335411071777
0.7340000000000005,0.025439333137019265,5.734971523284912
0.7350000000000005,0.02508112673806126,5.747868537902832
0.7360000000000005,0.024726274395493672,5.760808944702148
0.7370000000000005,0.024374777123761703,5.773029804229736
0.7380000000000005,0.024026635756316132,5.785680294036865
0.7390000000000005,0.023681850946280128,5.798364162445068
0.7400000000000005,0.023340423166932883,5.810857772827148
0.7410000000000005,0.023002352712018233,5.82302188873291
0.7420000000000005,0.022667639695879205,5.834678649902344
0.7430000000000005,0.02233628405342289,5.844266891479492
0.7440000000000005,0.022008285539920014,5.853157043457031
0.7450000000000006,0.02168364373064481,5.861351013183594
0.7460000000000006,0.02136235802035385,5.872967720031738
0.7470000000000006,0.021044427622613077,5.884927749633789
0.7480000000000006,0.02072985156897194,5.896378517150879
0.7490000000000006,0.020418628707989994,5.906941890716553
0.7500000000000006,0.020110757704120533,5.917425155639648
0.7510000000000006,0.019806237036449285,5.927716255187988
0.7520000000000006,0.019505064997297747,5.937215805053711
0.7530000000000006,0.019207239690689833,5.9462361335754395
0.7540000000000006,0.018912759030683964,5.954797744750977
0.7550000000000006,0.018621620739578626,5.962957859039307
0.7560000000000006,0.018333822345987315,5.970985412597656
0.7570000000000006,0.018049361182791122,5.978520393371582
0.7580000000000006,0.017768234384967378,5.986006736755371
0.7590000000000006,0.0174904388872993,5.992826461791992
0.7600000000000006,0.01721597142196822,5.999326229095459
0.7610000000000006,0.016944828516029256,6.006441116333008
0.7620000000000006,0.0166770064887741,6.012706756591797
0.7630000000000006,0.016412501448982084,6.018693447113037
0.7640000000000006,0.016151309292060066,6.024044990539551
0.7650000000000006,0.015892471192980533,6.028338432312012
0.7660000000000006,0.015636818076928717,6.032331466674805
0.7670000000000006,0.015385120290387055,6.035844802856445
0.7680000000000006,0.015137382507250401,6.039030075073242
0.7690000000000006,0.01489360917261535,6.042167663574219
0.7700000000000006,0.01465380450505418,6.04408073425293
0.7710000000000006,0.014417972606251174,6.045075416564941
0.7720000000000006,0.01418647780135685,6.045357704162598
0.7730000000000006,0.01395969369309174,6.045375823974609
0.7740000000000006,0.013737674777527594,6.045239448547363
0.7750000000000006,0.013520476797992351,6.045040130615234
0.7760000000000006,0.013308156688158573,6.045357704162598
0.7770000000000006,0.013100772501700816,6.045906066894531
0.7780000000000006,0.012898383327454223,6.046688079833984
0.7790000000000006,0.012701049189028264,6.047466278076172
0.7800000000000006,0.0125088309278744,6.048586845397949
0.7810000000000006,0.012321790068869963,6.049929618835449
0.7820000000000006,0.0121399886675716,6.051535129547119
0.7830000000000006,0.011963486097776485,6.053159236907959
0.7840000000000006,0.011791684727398076,6.055045127868652
0.7850000000000006,0.011624055582570686,6.056089401245117
0.7860000000000006,0.011460734516299375,6.059208869934082
0.7870000000000006,0.01130171103916043,6.065008163452148
0.7880000000000006,0.011146971130570275,6.071529388427734
0.7890000000000006,0.010996503565121338,6.077297210693359
0.7900000000000006,0.010850294462573592,6.082431793212891
0.7910000000000006,0.010708329376967723,6.087224006652832
0.7920000000000006,0.010570597372882134,6.091856479644775
0.7930000000000006,0.010437087980404184,6.096499443054199
0.7940000000000006,0.010307790765442849,6.101141929626465
0.7950000000000006,0.010182695256786136,6.105677127838135
0.7960000000000006,0.01006179091903308,6.1098408699035645
0.7970000000000006,0.00994506712786043,6.113927364349365
0.7980000000000006,0.009832515498605577,6.116893768310547
0.7990000000000006,0.009724127594146557,6.119917392730713
0.8000000000000006,0.009619894701958186,6.122990608215332
0.8010000000000006,0.009519807771758282,6.12645149230957
0.8020000000000006,0.009424082422921556,6.1300859451293945
0.8030000000000006,0.009333562537372565,6.133796691894531
0.8040000000000006,0.009246997313179961,6.137701988220215
0.8050000000000006,0.009164086286212925,6.141788005828857
0.8060000000000006,0.009084828853511515,6.145808696746826
0.8070000000000006,0.009009224127963789,6.150032043457031
0.8080000000000006,0.008937270827906463,6.15420389175415
0.8090000000000006,0.00886896712670241,6.158459663391113
0.8100000000000006,0.008804675592528361,6.163066864013672
0.8110000000000006,0.008740458228391354,6.168039321899414
0.8120000000000006,0.008679382293800013,6.173435688018799
0.8130000000000006,0.008621974897849726,6.179044723510742
0.8140000000000006,0.008568225944038388,6.184817314147949
0.8150000000000006,0.008518121261588062,6.190735340118408
0.8160000000000006,0.008471640736209596,6.196683883666992
0.8170000000000006,0.008428755390635919,6.203097343444824
0.8180000000000006,0.008389422672655751,6.209512233734131
0.8190000000000006,0.008353578565732888,6.215971946716309
0.8200000000000006,0.008321123861480035,6.222566604614258
0.8210000000000006,0.00829189947482806,6.229249477386475
0.8220000000000006,0.008265641896599753,6.23574686050415
0.8230000000000006,0.008241911149654564,6.2418060302734375
0.8240000000000006,0.008220032341911244,6.247042655944824
0.8250000000000006,0.008199254553518665,6.250598907470703
0.8260000000000006,0.00817912289846534,6.250946044921875
0.8270000000000006,0.008159453926473503,6.2512078285217285
0.8280000000000006,0.00813997266698481,6.251197814941406
0.8290000000000006,0.008120836824787694,6.25047492980957
0.8300000000000006,0.00810189049266202,6.250271320343018
0.8310000000000006,0.008083134603789338,6.249570846557617
0.8320000000000006,0.008064569965104072,6.248842716217041
0.8330000000000006,0.008046197321053987,6.248103141784668
0.8340000000000006,0.008028020646573356,6.24735164642334
0.8350000000000006,0.008010043129744026,6.2450761795043945
0.8360000000000006,0.007992265507388087,6.244107246398926
0.8370000000000006,0.007974688169286039,6.243378639221191
0.8380000000000006,0.007957311453887717,6.242677688598633
0.8390000000000006,0.007940135694271802,6.241971015930176
0.8400000000000006,0.007923161228631305,6.241272926330566
0.8410000000000006,0.00790638840493219,6.240579605102539
0.8420000000000006,0.007889817584009832,6.239971160888672
0.8430000000000006,0.007873449141838136,6.239365577697754
0.8440000000000006,0.007857283471194633,6.238614559173584
0.8450000000000006,0.007841320982850215,6.237844467163086
0.8460000000000006,0.007825562106380036,6.237191200256348
0.8470000000000006,0.007810007290669186,6.236567497253418
0.8480000000000006,0.007794657004177001,6.235918998718262
0.8490000000000006,0.00777951173500536,6.235347747802734
0.8500000000000006,0.00776457199081361,6.234819412231445
0.8510000000000006,0.007749838298608432,6.234285831451416
0.8520000000000006,0.007735311204435184,6.233757972717285
0.8530000000000006,0.007720991272991785,6.233202934265137
0.8540000000000006,0.007706879087179005,6.232638359069824
0.8550000000000006,0.007692975247603,6.231970310211182
0.8560000000000006,0.007679280372038383,6.231288909912109
0.8570000000000007,0.007665795094862043,6.230469703674316
0.8580000000000007,0.007652520066463067,6.229647636413574
0.8590000000000007,0.0076394559526351755,6.228839874267578
0.8600000000000007,0.0076266034339565174,6.228044509887695
0.8610000000000007,0.007613963205158579,6.227260589599609
0.8620000000000007,0.007601535974489641,6.2263946533203125
0.8630000000000007,0.007589322463073233,6.225547790527344
0.8640000000000007,0.007577323404263437,6.224708557128906
0.8650000000000007,0.00756553954300021,6.2239274978637695
0.8660000000000007,0.007553971635165224,6.223167419433594
0.8670000000000007,0.007542620446937815,6.222415924072266
0.8680000000000007,0.007531486754153709,6.2216033935546875
0.8690000000000007,0.0075205713416668825,6.220799446105957
0.8700000000000007,0.007509875002714245,6.220019340515137
0.8710000000000007,0.007499398538284071,6.219260215759277
0.8720000000000007,0.007489142756488369,6.218520641326904
0.8730000000000007,0.007479108471941524,6.217779636383057
0.8740000000000007,0.007469296505140109,6.217045307159424
0.8750000000000007,0.007459707681850411,6.2163238525390625
0.8760000000000007,0.007450342832500043,6.215620517730713
0.8770000000000007,0.007441202791574298,6.214941024780273
0.8780000000000007,0.007432288397016687,6.214276313781738
0.8790000000000007,0.007423600489638561,6.213629722595215
0.8800000000000007,0.007415139912528193,6.2130255699157715
0.8810000000000007,0.007406907510470014,6.212406158447266
0.8820000000000007,0.007398904129366684,6.211801528930664
0.8830000000000007,0.007391130615666907,6.211176872253418
0.8840000000000007,0.007383587815798905,6.210573196411133
0.8850000000000007,0.007376276575609107,6.2099761962890625
0.8860000000000007,0.007369197739804845,6.209486961364746
0.8870000000000007,0.007362352151404992,6.209050178527832
0.8880000000000007,0.007355740651192126,6.20865535736084
0.8890000000000007,0.007349364077173702,6.208385467529297
0.8900000000000007,0.007343223264045122,6.208179473876953
0.8910000000000007,0.007337319042659487,6.207991600036621
0.8920000000000007,0.007331652239502797,6.207801818847656
0.8930000000000007,0.007326223676172626,6.207608699798584
0.8940000000000007,0.007321084378191867,6.207345008850098
0.8950000000000007,0.0073157551844624125,6.207057476043701
0.8960000000000007,0.007310657313390732,6.206795692443848
0.8970000000000007,0.00730585014829491,6.206499099731445
0.8980000000000007,0.00730133133159579,6.206177234649658
0.8990000000000007,0.0072970985491198,6.205898284912109
0.9000000000000007,0.007293149529475731,6.205646991729736
0.9010000000000007,0.0072894820434584486,6.205428123474121
0.9020000000000007,0.007286093903479509,6.205245494842529
0.9030000000000007,0.007282982963025481,6.205085754394531
0.9040000000000007,0.007280147116141297,6.204939842224121
0.9050000000000007,0.007277584296938417,6.204812526702881
0.9060000000000007,0.007275206993560766,6.204705238342285
0.9070000000000007,0.00727280860471329,6.204683303833008
0.9080000000000007,0.007270437385595203,6.204835414886475
0.9090000000000007,0.007268133886285414,6.2052083015441895
0.9100000000000007,0.007265932193252726,6.205432891845703
0.9110000000000007,0.007263860953139941,6.20551061630249
0.9120000000000007,0.007261944231195777,6.2054972648620605
0.9130000000000007,0.007260202233411568,6.205083847045898
0.9140000000000007,0.007258651914586179,6.204647541046143
0.9150000000000007,0.007257307490597827,6.2042059898376465
0.9160000000000007,0.0072561752769242805,6.2038397789001465
0.9170000000000007,0.007255139651373657,6.203519821166992
0.9180000000000007,0.0072541094067777815,6.203128814697266
0.9190000000000007,0.007253013746346862,6.202698230743408
0.9200000000000007,0.007251836023225532,6.202307224273682
0.9210000000000007,0.007250590619187055,6.201886177062988
0.9220000000000007,0.007249291330733163,6.2012200355529785
0.9230000000000007,0.007247951401482877,6.200489521026611
0.9240000000000007,0.007246583550282822,6.199868202209473
0.9250000000000007,0.007245199997360549,6.199028968811035
0.9260000000000007,0.007243812488934798,6.198149681091309
0.9270000000000007,0.007242432320426817,6.197257041931152
0.9280000000000007,0.007241070358375762,6.196255207061768
0.9290000000000007,0.007239737061146105,6.195276737213135
0.9300000000000007,0.007238442498506451,6.1943793296813965
0.9310000000000007,0.0072371963701578,6.193503379821777
0.9320000000000007,0.007236008023276617,6.192646503448486
0.9330000000000007,0.007234886469137244,6.19182014465332
0.9340000000000007,0.007233840398873495,6.191069602966309
0.9350000000000007,0.0072328781984306156,6.190364837646484
0.9360000000000007,0.007232007962760415,6.18967342376709
0.9370000000000007,0.007231237509302818,6.1888108253479
0.9380000000000007,0.007230574390800342,6.18797492980957
0.9390000000000007,0.007230025907481497,6.187162399291992
0.9400000000000007,0.007229599118650686,6.18635368347168
0.9410000000000007,0.00722930085372077,6.185562610626221
0.9420000000000007,0.0072291377227177225,6.184831619262695
0.9430000000000007,0.007229116126286477,6.1841721534729
0.9440000000000007,0.007229242265228598,6.1834797859191895
0.9450000000000007,0.007229522149591709,6.182819366455078
0.9460000000000007,0.007229961607342007,6.182172775268555
0.9470000000000007,0.00723056629263304,6.181511878967285
0.9480000000000007,0.007231341693699491,6.180872917175293
0.9490000000000007,0.007232293140391184,6.180268287658691
0.9500000000000007,0.007233425811365032,6.179694175720215
0.9510000000000007,0.007234744740955963,6.179070472717285
0.9520000000000007,0.007236254825735694,6.178412437438965
0.9530000000000007,0.007237960830782979,6.1777544021606445
0.9540000000000007,0.00723986739567142,6.177111625671387
0.9550000000000007,0.0072419790401946245,6.1765031814575195
0.9560000000000007,0.007244300169835311,6.1759538650512695
0.9570000000000007,0.007246835080994635,6.175445556640625
0.9580000000000007,0.007249587965990482,6.174682140350342
0.9590000000000007,0.007252562917836403,6.173805236816406
0.9600000000000007,0.007255763934809253,6.172948837280273
0.9610000000000007,0.0072591949248174865,6.172132968902588
0.9620000000000007,0.007262859709576021,6.171180725097656
0.9630000000000007,0.007266762028599558,6.170078277587891
0.9640000000000007,0.007270905543018029,6.168913841247559
0.9650000000000007,0.007275293839225984,6.167617321014404
0.9660000000000007,0.007279930432370881,6.1663408279418945
0.9670000000000007,0.007284818769686308,6.165021896362305
0.9680000000000007,0.007289962233677861,6.163750648498535
0.9690000000000007,0.007295364145170595,6.162541389465332
0.9700000000000008,0.007301027766216488,6.16135311126709
0.9710000000000008,0.007306956302875723,6.16018533706665
0.9720000000000008,0.007313152907872803,6.159004211425781
0.9730000000000008,0.007319724991557362,6.157824993133545
0.9740000000000008,0.007326253484561085,6.15667724609375
0.9750000000000008,0.007332740905857563,6.155505180358887
0.9760000000000008,0.007339537598135326,6.154350280761719
0.9770000000000008,0.007346554303323502,6.153267860412598
0.9780000000000008,0.007353790470027984,6.152225017547607
0.9790000000000008,0.007361245460707752,6.151337623596191
0.9800000000000008,0.007368918554886207,6.150607109069824
0.9810000000000008,0.0073768089522445405,6.149906158447266
0.9820000000000008,0.007384915775600484,6.149224281311035
0.9830000000000008,0.007393238073778074,6.1485700607299805
0.9840000000000008,0.007401774824372445,6.147934913635254
0.9850000000000008,0.007410524936413048,6.14725399017334
0.9860000000000008,0.007419487252928592,6.146477222442627
0.9870000000000008,0.007428660553419774,6.145596027374268
0.9880000000000008,0.007438043556239456,6.144701957702637
0.9890000000000008,0.007447634920888065,6.143845558166504
0.9900000000000008,0.007457433250223659,6.142949104309082
0.9910000000000008,0.0074674370925929216,6.141970157623291
0.9920000000000008,0.007477644943883284,6.140990257263184
0.9930000000000008,0.007488055249502069,6.140011310577393
0.9940000000000008,0.007498665971330315,6.139055252075195
0.9950000000000008,0.0075094748860216436,6.138280868530273
0.9960000000000008,0.007520479738524039,6.137506484985352
0.9970000000000008,0.007531678243418745,6.136683464050293
0.9980000000000008,0.007543068086448133,6.135786056518555
0.9990000000000008,0.00755464692601787,6.134940147399902
1.0000000000000007,0.0075664123946479565,6.134047031402588
1.0010000000000006,0.007578399141854625,6.13299560546875
1.0020000000000004,0.007590653733012232,6.13203763961792
1.0030000000000003,0.007603221211443042,6.131174087524414
1.0040000000000002,0.007616145150600502,6.130236625671387
1.0050000000000001,0.00762946770379128,6.129344940185547
1.006,0.007643229651793683,6.128615379333496
1.007,0.007657470448497104,6.128016471862793
1.0079999999999998,0.007672228264660661,6.127510070800781
1.0089999999999997,0.007687540029862772,6.127164840698242
1.0099999999999996,0.007703441472736723,6.126927375793457
1.0109999999999995,0.007719967159549411,6.126788139343262
1.0119999999999993,0.007737150531204218,6.126767158508301
1.0129999999999992,0.007755023938732944,6.126837730407715
1.0139999999999991,0.007773618677332913,6.12701416015625
1.014999999999999,0.007792965019018935,6.127402305603027
1.015999999999999,0.007813092243936096,6.127953052520752
1.0169999999999988,0.007834028670393069,6.128657341003418
1.0179999999999987,0.007855801683660995,6.1295270919799805
1.0189999999999986,0.007878437763587069,6.130484580993652
1.0199999999999985,0.007901962511063175,6.131621837615967
1.0209999999999984,0.007926400673394746,6.132968902587891
1.0219999999999982,0.007951776168600622,6.13447380065918
1.0229999999999981,0.007978112108685287,6.136086940765381
1.023999999999998,0.008005430821910598,6.1378254890441895
1.024999999999998,0.008033753874096805,6.13983154296875
1.0259999999999978,0.008063102088981585,6.141974925994873
1.0269999999999977,0.00809349556765355,6.144014358520508
1.0279999999999976,0.008124953707089145,6.146080017089844
1.0289999999999975,0.008157495217798589,6.148172378540039
1.0299999999999974,0.008191138140605353,6.150225639343262
1.0309999999999973,0.008225899862558717,6.152559280395508
1.0319999999999971,0.008261797131992474,6.155074119567871
1.032999999999997,0.008298846072725448,6.157712459564209
1.033999999999997,0.008337062197406995,6.160504341125488
1.0349999999999968,0.008376460419991514,6.163292407989502
1.0359999999999967,0.008417055067336343,6.166171073913574
1.0369999999999966,0.008458859889894534,6.169269561767578
1.0379999999999965,0.008501888071481894,6.172379493713379
1.0389999999999964,0.008546152238074818,6.1757917404174805
1.0399999999999963,0.008591664465600706,6.179867744445801
1.0409999999999962,0.008638436286654769,6.1841864585876465
1.041999999999996,0.00868647869607945,6.188526153564453
1.042999999999996,0.008735802155312734,6.19294548034668
1.0439999999999958,0.008786416595404627,6.197385787963867
1.0449999999999957,0.008838331418564715,6.2020440101623535
1.0459999999999956,0.008891555498091706,6.206866264343262
1.0469999999999955,0.008946097176481883,6.211963176727295
1.0479999999999954,0.009001964261490534,6.217379093170166
1.0489999999999953,0.009059164019853388,6.222990036010742
1.0499999999999952,0.009117703168316397,6.228763580322266
1.050999999999995,0.009177587861538078,6.234723091125488
1.051999999999995,0.00923882367632306,6.240780830383301
1.0529999999999948,0.009301415591509954,6.247058391571045
1.0539999999999947,0.009365367962667322,6.2538299560546875
1.0549999999999946,0.00943068449051736,6.2607011795043945
1.0559999999999945,0.009497368181715562,6.267645835876465
1.0569999999999944,0.009565421300207964,6.274691581726074
1.0579999999999943,0.009634845306858745,6.2820048332214355
1.0589999999999942,0.00970564078429811,6.289490222930908
1.059999999999994,0.009777807342929256,6.297147750854492
1.060999999999994,0.009850072074508628,6.305137634277344
1.0619999999999938,0.009921614797405151,6.313225746154785
1.0629999999999937,0.009994503287967294,6.321499824523926
1.0639999999999936,0.010068731780460584,6.330023765563965
1.0649999999999935,0.010144292685355875,6.338770866394043
1.0659999999999934,0.01022117788583524,6.347676753997803
1.0669999999999933,0.010299379006370627,6.356754779815674
1.0679999999999932,0.010378887313690022,6.365952491760254
1.068999999999993,0.010459693586668173,6.3753509521484375
1.069999999999993,0.01054178794389058,6.384875774383545
1.0709999999999928,0.01062515961277274,6.394499778747559
1.0719999999999927,0.01070979661675411,6.404045581817627
1.0729999999999926,0.01079568534567351,6.413805961608887
1.0739999999999925,0.010883104670584858,6.423859596252441
1.0749999999999924,0.010972829426103536,6.434078693389893
1.0759999999999923,0.011064844553422966,6.44448184967041
1.0769999999999922,0.011158576841085288,6.454955101013184
1.077999999999992,0.011253799081093103,6.4654035568237305
1.078999999999992,0.011350464413735295,6.47579288482666
1.0799999999999919,0.011448505606158909,6.4862823486328125
1.0809999999999917,0.011547823015460524,6.496774673461914
1.0819999999999916,0.011648263526743027,6.507349014282227
1.0829999999999915,0.011749583057366043,6.518187522888184
1.0839999999999914,0.011851382983137548,6.528563499450684
1.0849999999999913,0.011953031800214802,6.538551330566406
1.0859999999999912,0.012053702239759219,6.547985076904297
1.086999999999991,0.012152725855833917,6.556334495544434
1.087999999999991,0.01224982883810934,6.563955307006836
1.0889999999999909,0.012344864788849618,6.571147441864014
1.0899999999999908,0.012437920890033012,6.5780439376831055
1.0909999999999906,0.012528629284331409,6.584639072418213
1.0919999999999905,0.012617099055001291,6.590296745300293
1.0929999999999904,0.012703498583627553,6.595879554748535
1.0939999999999903,0.012787786551988893,6.600939750671387
1.0949999999999902,0.012870016098323885,6.605851650238037
1.09599999999999,0.012950239182161215,6.610692024230957
1.09699999999999,0.01302850661768065,6.6153669357299805
1.0979999999999899,0.013105003309234387,6.619770050048828
1.0989999999999898,0.013180459260834153,6.6240692138671875
1.0999999999999897,0.013255024847369384,6.628216743469238
1.1009999999999895,0.013328756714630085,6.632216930389404
1.1019999999999894,0.013401710668659505,6.635850429534912
1.1029999999999893,0.013473941675739185,6.639315128326416
1.1039999999999892,0.013545503861386298,6.642660140991211
1.104999999999989,0.013616450508625996,6.646075248718262
1.105999999999989,0.013686834055738386,6.64939022064209
1.1069999999999889,0.013756706093645434,6.65263557434082
1.1079999999999888,0.013826117363062147,6.655799865722656
1.1089999999999887,0.013895117751510444,6.658852577209473
1.1099999999999886,0.013963754329232086,6.661740779876709
1.1109999999999884,0.014031546053579912,6.6646223068237305
1.1119999999999883,0.014098119226015749,6.667398929595947
1.1129999999999882,0.01416350929161186,6.670064926147461
1.113999999999988,0.014227750977432436,6.672568321228027
1.114999999999988,0.014290878307153051,6.674951076507568
1.115999999999988,0.01435292461525975,6.677216529846191
1.1169999999999878,0.014413922560861011,6.679344654083252
1.1179999999999877,0.014473904141131621,6.681458473205566
1.1189999999999876,0.01453290070441477,6.6835036277771
1.1199999999999875,0.014590942962998165,6.685487747192383
1.1209999999999873,0.014648061005578724,6.68740177154541
1.1219999999999872,0.014704284309436063,6.689236164093018
1.1229999999999871,0.01475980867062242,6.690962791442871
1.123999999999987,0.014811726179169376,6.692593574523926
1.124999999999987,0.014862120941858422,6.6941237449646
1.1259999999999868,0.014911260296516021,6.695615291595459
1.1269999999999867,0.01495916682448884,6.69711971282959
1.1279999999999866,0.015005862600032572,6.698651313781738
1.1289999999999865,0.0150513691995848,6.700226783752441
1.1299999999999863,0.015095707710867766,6.701957702636719
1.1309999999999862,0.015138898741828428,6.703640937805176
1.1319999999999861,0.01518096242941658,6.705212116241455
1.132999999999986,0.015221918448203661,6.706793785095215
1.133999999999986,0.015261786018849496,6.708347320556641
1.1349999999999858,0.015300583916415663,6.709863662719727
1.1359999999999857,0.015338330478531588,6.711298942565918
1.1369999999999856,0.015375043613413594,6.712669372558594
1.1379999999999855,0.015410740807743252,6.713961601257324
1.1389999999999854,0.015445439134403249,6.715171813964844
1.1399999999999852,0.015478247153894417,6.716429710388184
1.1409999999999851,0.015509180561497521,6.716117858886719
1.141999999999985,0.015538254855701908,6.715594291687012
1.142999999999985,0.015565485345732459,6.71498966217041
1.1439999999999848,0.015590887159119939,6.715083122253418
1.1449999999999847,0.015614475249040768,6.7150092124938965
1.1459999999999846,0.01563626440139585,6.714630603790283
1.1469999999999845,0.015656269241631098,6.713884353637695
1.1479999999999844,0.01567450424130882,6.712989807128906
1.1489999999999843,0.015690983724436704,6.7115373611450195
1.1499999999999841,0.015705721873562423,6.710038185119629
1.150999999999984,0.015719257877371655,6.708192348480225
1.151999999999984,0.015732367213835557,6.706111907958984
1.1529999999999838,0.01574502377535226,6.703838348388672
1.1539999999999837,0.015757194595705883,6.701022148132324
1.1549999999999836,0.015768847823956683,6.697810173034668
1.1559999999999835,0.015779952551554823,6.694395065307617
1.1569999999999834,0.015790063398581106,6.690785884857178
1.1579999999999833,0.015798786969918523,6.687470436096191
1.1589999999999832,0.015806125058806644,6.684267520904541
1.159999999999983,0.015812079588522043,6.681017875671387
1.160999999999983,0.01581590564939791,6.677523136138916
1.1619999999999828,0.015817591639173234,6.673905372619629
1.1629999999999827,0.015817443239004393,6.670129299163818
1.1639999999999826,0.015815477418020522,6.666079044342041
1.1649999999999825,0.015811711112923635,6.661827564239502
1.1659999999999824,0.01580616122789659,6.657382965087891
1.1669999999999823,0.015798844634459824,6.6526689529418945
1.1679999999999822,0.015789778171272674,6.64771842956543
1.168999999999982,0.0157789786438887,6.642568588256836
1.169999999999982,0.01576646282446089,6.637704849243164
1.1709999999999818,0.01575224745140265,6.632558822631836
1.1719999999999817,0.01573634922900602,6.627129554748535
1.1729999999999816,0.01571878482701894,6.621646881103516
1.1739999999999815,0.01569957088018148,6.616189479827881
1.1749999999999814,0.015678723987726538,6.610449314117432
1.1759999999999813,0.01565626071284447,6.604361534118652
1.1769999999999812,0.015632197582113372,6.598060607910156
1.177999999999981,0.015606551084897951,6.59157657623291
1.178999999999981,0.015579337672717205,6.5847649574279785
1.1799999999999808,0.015550573758583782,6.577635765075684
1.1809999999999807,0.015520275716314631,6.570394992828369
1.1819999999999806,0.015488459879818199,6.562963485717773
1.1829999999999805,0.01545514254235394,6.555312156677246
1.1839999999999804,0.015420339955771344,6.547472953796387
1.1849999999999803,0.015384068329724833,6.539438247680664
1.1859999999999802,0.015346343830871254,6.531026840209961
1.18699999999998,0.015307182582043935,6.522377014160156
1.18799999999998,0.01526663147867272,6.5135345458984375
1.1889999999999799,0.01522485868938698,6.504576206207275
1.1899999999999797,0.015182025470144416,6.495969772338867
1.1909999999999796,0.015138286424427423,6.487739562988281
1.1919999999999795,0.015093789750638771,6.479795455932617
1.1929999999999794,0.015048677477104514,6.472143650054932
1.1939999999999793,0.01500308568503434,6.464811325073242
1.1949999999999792,0.01495714471972919,6.457808017730713
1.195999999999979,0.014910979390281015,6.451189994812012
1.196999999999979,0.01486470915795842,6.444845676422119
1.1979999999999789,0.014818448313412178,6.4387946128845215
1.1989999999999787,0.014772306142773936,6.433019638061523
1.1999999999999786,0.014726387082649625,6.427333354949951
1.2009999999999785,0.014680790863930473,6.421902656555176
1.2019999999999784,0.014635612644254952,6.416558265686035
1.2029999999999783,0.014590943128847926,6.411320686340332
1.2039999999999782,0.014546868679343279,6.4063401222229
1.204999999999978,0.014503471410055558,6.401607036590576
1.205999999999978,0.0144608292709928,6.3971099853515625
1.2069999999999779,0.014419771167746434,6.39291524887085
1.2079999999999778,0.014380357015609945,6.3914690017700195
1.2089999999999776,0.014342643043297633,6.390392303466797
1.2099999999999775,0.014306681815135952,6.38958740234375
1.2109999999999774,0.014272522231691441,6.389102458953857
1.2119999999999773,0.014240209506445422,6.389062881469727
1.2129999999999772,0.014209785115359983,6.389337539672852
1.213999999999977,0.014181286715522627,6.389951229095459
1.214999999999977,0.01415474802833929,6.390894412994385
1.2159999999999769,0.014130198682018454,6.392004489898682
1.2169999999999768,0.014107664129593892,6.3934102058410645
1.2179999999999767,0.014087169460286637,6.395054817199707
1.2189999999999765,0.01406874144975071,6.396966934204102
1.2199999999999764,0.014052408715796895,6.3991594314575195
1.2209999999999763,0.014038201892846871,6.401511192321777
1.2219999999999762,0.014026153825974995,6.404134750366211
1.222999999999976,0.014016299783776614,6.407050132751465
1.223999999999976,0.014008677685796412,6.410274982452393
1.2249999999999759,0.014003328332976002,6.413802146911621
1.2259999999999758,0.014000295614591462,6.417565822601318
1.2269999999999757,0.013999626633876034,6.421660423278809
1.2279999999999756,0.014001371627606203,6.4261088371276855
1.2289999999999754,0.014005583406232624,6.430901527404785
1.2299999999999753,0.01401231569403612,6.436051845550537
1.2309999999999752,0.014020228823659693,6.4415154457092285
1.2319999999999751,0.014030355338730703,6.447148323059082
1.232999999999975,0.01404324197550569,6.45309591293335
1.233999999999975,0.014058771757537827,6.459301948547363
1.2349999999999748,0.014076542063991589,6.465558052062988
1.2359999999999747,0.014095721039839202,6.471186637878418
1.2369999999999746,0.014115768006309723,6.475116729736328
1.2379999999999745,0.014136705438745957,6.4779767990112305
1.2389999999999743,0.014157645653596911,6.480978965759277
1.2399999999999742,0.01417955573338855,6.482052803039551
1.2409999999999741,0.014201448270984416,6.485328674316406
1.241999999999974,0.01422336476563432,6.486454010009766
1.242999999999974,0.014246072940365161,6.4876604080200195
1.2439999999999738,0.01426880387764594,6.490639686584473
1.2449999999999737,0.014292226863036482,6.491827011108398
1.2459999999999736,0.01431603029142473,6.494997978210449
1.2469999999999735,0.01434021653281163,6.49729061126709
1.2479999999999734,0.014364787772138883,6.499612808227539
1.2489999999999732,0.01438974605094557,6.501971244812012
1.2499999999999731,0.01441509334690594,6.504347324371338
1.250999999999973,0.01444011636084479,6.506696701049805
1.251999999999973,0.01446552959384815,6.507680892944336
1.2529999999999728,0.014491334730746914,6.510001182556152
1.2539999999999727,0.014517533417774403,6.512284278869629
1.2549999999999726,0.01454412727248701,6.514589309692383
1.2559999999999725,0.014571117891569957,6.516937255859375
1.2569999999999724,0.01459854860389028,6.519356727600098
1.2579999999999723,0.014626665271869404,6.521849155426025
1.2589999999999721,0.014655515320777487,6.524539470672607
1.259999999999972,0.014685107581361002,6.527242660522461
1.260999999999972,0.014715450777740531,6.529940605163574
1.2619999999999718,0.014746553562259164,6.532586097717285
1.2629999999999717,0.014778104034441035,6.535253047943115
1.2639999999999716,0.01481042181053019,6.537601470947266
1.2649999999999715,0.014842668327671048,6.5403337478637695
1.2659999999999714,0.014875676353607049,6.541970252990723
1.2669999999999713,0.014909453821657271,6.544516563415527
1.2679999999999712,0.01494400853015307,6.547097206115723
1.268999999999971,0.014979348139414128,6.549768924713135
1.269999999999971,0.015015480168733908,6.55247688293457
1.2709999999999708,0.015052411999455414,6.555217742919922
1.2719999999999707,0.015090150906105345,6.558006286621094
1.2729999999999706,0.01512822385771496,6.560851573944092
1.2739999999999705,0.015166145632952712,6.563067436218262
1.2749999999999704,0.015204863631870574,6.564320087432861
1.2759999999999703,0.015244384648118425,6.56696081161499
1.2769999999999702,0.015284715331269893,6.56967306137085
1.27799999999997,0.015325814116924628,6.572429180145264
1.27899999999997,0.015367412350311737,6.575165271759033
1.2799999999999698,0.015409201759602252,6.577707290649414
1.2809999999999697,0.015451077326235933,6.580080032348633
1.2819999999999696,0.015492947988418765,6.58229923248291
1.2829999999999695,0.015534720559947786,6.584376811981201
1.2839999999999694,0.01557626953795002,6.586321830749512
1.2849999999999693,0.015617405836119874,6.588029861450195
1.2859999999999692,0.01565799189007947,6.589408874511719
1.286999999999969,0.01569802547456372,6.590542793273926
1.287999999999969,0.015738073151498534,6.5916876792907715
1.2889999999999688,0.015778183436021435,6.59344482421875
1.2899999999999687,0.01581839795220115,6.595125198364258
1.2909999999999686,0.01585873865804671,6.596916198730469
1.2919999999999685,0.01589922596952968,6.598732948303223
1.2929999999999684,0.015939880762630816,6.600570201873779
1.2939999999999683,0.01598072431481004,6.6024346351623535
1.2949999999999682,0.01602177799985466,6.604327201843262
1.295999999999968,0.016063062972950383,6.606262683868408
1.296999999999968,0.016104807233548887,6.608222484588623
1.2979999999999678,0.016144979056031905,6.610209941864014
1.2989999999999677,0.016185009433525598,6.612205982208252
1.2999999999999676,0.016225128563796196,6.614237308502197
1.3009999999999675,0.0162653502320367,6.616289138793945
1.3019999999999674,0.016305686531639496,6.618389129638672
1.3029999999999673,0.01634614780044756,6.620556354522705
1.3039999999999672,0.016386742589327603,6.622777938842773
1.304999999999967,0.016427477660981613,6.625068664550781
1.305999999999967,0.01646835801658498,6.627408981323242
1.3069999999999669,0.01650938694757135,6.629813194274902
1.3079999999999667,0.01655056610967113,6.632253170013428
1.3089999999999666,0.01659189561615744,6.63472318649292
1.3099999999999665,0.016633374147179143,6.637150764465332
1.3109999999999664,0.016674999072027658,6.639595985412598
1.3119999999999663,0.01671676658122588,6.642068386077881
1.3129999999999662,0.016758671825428645,6.644547939300537
1.313999999999966,0.01680070905826033,6.647067070007324
1.314999999999966,0.01684287178041082,6.649606704711914
1.3159999999999659,0.016885152882533547,6.652174949645996
1.3169999999999658,0.01692754478474176,6.6547675132751465
1.3179999999999656,0.016970039570770507,6.657376766204834
1.3189999999999655,0.0170126291151547,6.660025596618652
1.3199999999999654,0.017055305202060604,6.662738800048828
1.3209999999999653,0.01709805963468735,6.665474891662598
1.3219999999999652,0.017140884334433906,6.668233871459961
1.322999999999965,0.017183771429276802,6.670995712280273
1.323999999999965,0.017226713331055445,6.673766136169434
1.3249999999999649,0.01726970280156722,6.676540851593018
1.3259999999999648,0.017312733007582168,6.679319381713867
1.3269999999999647,0.017355797565044608,6.682119846343994
1.3279999999999645,0.017398890572887543,6.684921741485596
1.3289999999999644,0.01744200663699194,6.687718391418457
1.3299999999999643,0.01748514088492993,6.690408706665039
1.3309999999999642,0.017528288972202488,6.693120002746582
1.331999999999964,0.01757144708072937,6.6958417892456055
1.332999999999964,0.017614611910392798,6.698541641235352
1.3339999999999639,0.017657780664444296,6.701212406158447
1.3349999999999638,0.017700951029592245,6.703892230987549
1.3359999999999637,0.01774412115157279,6.706569194793701
1.3369999999999636,0.017787289606987992,6.7092437744140625
1.3379999999999634,0.0178304553721612,6.711915969848633
1.3389999999999633,0.017873617789722802,6.714600086212158
1.3399999999999632,0.01791677653359488,6.717291831970215
1.340999999999963,0.017959931572993304,6.719995021820068
1.341999999999963,0.018003083136017062,6.722714424133301
1.342999999999963,0.018046231673334988,6.7254252433776855
1.3439999999999628,0.018089377822435665,6.728152275085449
1.3449999999999627,0.01813252237283689,6.730913162231445
1.3459999999999626,0.018175666232612957,6.733715057373047
1.3469999999999624,0.018218810396531927,6.736562728881836
1.3479999999999623,0.01826195591605298,6.739466667175293
1.3489999999999622,0.01830510387138013,6.742437362670898
1.3499999999999621,0.018348255345724374,6.745449066162109
1.350999999999962,0.018391411401884578,6.7485270500183105
1.351999999999962,0.01843457306121439,6.7516374588012695
1.3529999999999618,0.01847774128500594,6.754770755767822
1.3539999999999617,0.018520916958292867,6.757942199707031
1.3549999999999616,0.0185641008760363,6.761162281036377
1.3559999999999615,0.01860729373163808,6.764403343200684
1.3569999999999613,0.018650496107700254,6.767667293548584
1.3579999999999612,0.01869370846892808,6.770964622497559
1.3589999999999611,0.018736931157060384,6.774284362792969
1.359999999999961,0.018780164387693372,6.77762508392334
1.360999999999961,0.018823408248859634,6.780980110168457
1.3619999999999608,0.018866662701210686,6.7843523025512695
1.3629999999999607,0.018909927579647767,6.787745475769043
1.3639999999999606,0.018953202596246846,6.791156768798828
1.3649999999999605,0.018996476057741053,6.794586181640625
1.3659999999999604,0.01903954772975701,6.798061370849609
1.3669999999999602,0.019082943449901017,6.801560401916504
1.3679999999999601,0.01912665261358374,6.805057525634766
1.36899999999996,0.019170870963234457,6.808576583862305
1.36999999999996,0.019215743024090202,6.812130928039551
1.3709999999999598,0.019261269226871075,6.815705299377441
1.3719999999999597,0.01930744986448779,6.819413185119629
1.3729999999999596,0.01935428509576799,6.823188304901123
1.3739999999999595,0.019401774949872226,6.8269758224487305
1.3749999999999594,0.019448511061525516,6.830780506134033
1.3759999999999593,0.019433626452810444,6.834613800048828
1.3769999999999591,0.01941878798438932,6.838470458984375
1.377999999999959,0.0194039950190582,6.842355251312256
1.378999999999959,0.019389246901775833,6.846331596374512
1.3799999999999588,0.019374574214630687,6.850362777709961
1.3809999999999587,0.019360020323187795,6.854640007019043
1.3819999999999586,0.019345607654344524,6.859288215637207
1.3829999999999585,0.019331335148397612,6.864172458648682
1.3839999999999584,0.019317201828591007,6.8691792488098145
1.3849999999999583,0.019303206796601274,6.874239921569824
1.3859999999999582,0.019289349229394723,6.879251480102539
1.386999999999958,0.019275628376277117,6.884207725524902
1.387999999999958,0.019260743006921092,6.889104843139648
1.3889999999999578,0.019248594154185505,6.894001007080078
1.3899999999999577,0.019235279620251698,6.898892402648926
1.3909999999999576,0.01922209946519838,6.903780937194824
1.3919999999999575,0.019209053258883724,6.908675670623779
1.3929999999999574,0.01919614062761428,6.913586616516113
1.3939999999999573,0.01918336125176049,6.918127059936523
1.3949999999999572,0.019170714863444016,6.9223127365112305
1.395999999999957,0.01915820124428584,6.926505088806152
1.396999999999957,0.019145820223212484,6.930723190307617
1.3979999999999568,0.0191335716743204,6.934958457946777
1.3989999999999567,0.019121455514781803,6.939188003540039
1.3999999999999566,0.019109471702805886,6.9434003829956055
1.4009999999999565,0.019097620235633606,6.947543621063232
1.4019999999999564,0.019085901147567794,6.951745986938477
1.4029999999999563,0.019074314508035768,6.955951690673828
1.4039999999999562,0.019062860419673214,6.960170745849609
1.404999999999956,0.019051539016427074,6.964338302612305
1.405999999999956,0.019040350461671206,6.96844482421875
1.4069999999999558,0.019029294946324812,6.972578048706055
1.4079999999999557,0.019018411207661394,6.9766974449157715
1.4089999999999556,0.01900819375343237,6.980818271636963
1.4099999999999555,0.018998796420230037,6.984993934631348
1.4109999999999554,0.018990231505973232,6.989129066467285
1.4119999999999553,0.018982513576508896,6.993425369262695
1.4129999999999552,0.018975655521528217,6.997931003570557
1.413999999999955,0.0189696686792113,7.002617835998535
1.414999999999955,0.018964562946224513,7.007501602172852
1.4159999999999549,0.018960346874951697,7.012537002563477
1.4169999999999547,0.018957027759056812,7.017735004425049
1.4179999999999546,0.018954611708258573,7.02303409576416
1.4189999999999545,0.01895310357945091,7.028413772583008
1.4199999999999544,0.0189525073121121,7.033864498138428
1.4209999999999543,0.018952825826626343,7.039305686950684
1.4219999999999542,0.01895406106550497,7.044751167297363
1.422999999999954,0.018956214027079483,7.050134658813477
1.423999999999954,0.01895928479275146,7.055525779724121
1.4249999999999539,0.018963075236415418,7.060911655426025
1.4259999999999537,0.018967067504814424,7.066267967224121
1.4269999999999536,0.01897122964335677,7.071592807769775
1.4279999999999535,0.01897555605638057,7.0769853591918945
1.4289999999999534,0.018980040831175674,7.082376956939697
1.4299999999999533,0.01898467777158045,7.08785343170166
1.4309999999999532,0.018989460430667245,7.093279838562012
1.431999999999953,0.018994382144532085,7.0986785888671875
1.432999999999953,0.0189994360691799,7.104035377502441
1.4339999999999529,0.01900461522238047,7.1092848777771
1.4349999999999528,0.019009912659619564,7.114387512207031
1.4359999999999526,0.019015321504951534,7.1194353103637695
1.4369999999999525,0.01902083555485916,7.124371528625488
1.4379999999999524,0.019026456717880412,7.129215240478516
1.4389999999999523,0.01903218692994229,7.134095668792725
1.4399999999999522,0.01903802802191247,7.13902473449707
1.440999999999952,0.01904398172103136,7.144028186798096
1.441999999999952,0.01905004965115204,7.149126052856445
1.4429999999999519,0.019056233332537642,7.154266834259033
1.4439999999999518,0.019062534181358226,7.159430503845215
1.4449999999999517,0.019068953508919143,7.164609432220459
1.4459999999999515,0.019075492520649336,7.169821739196777
1.4469999999999514,0.01908215231489229,7.175076961517334
1.4479999999999513,0.019088933881576023,7.180508613586426
1.4489999999999512,0.01909583810087547,7.186069488525391
1.449999999999951,0.01910286574203142,7.191786289215088
1.450999999999951,0.019110017462579544,7.197539329528809
1.4519999999999509,0.019117293808316393,7.203325271606445
1.4529999999999508,0.019124695214456894,7.20915412902832
1.4539999999999507,0.019132222008530236,7.215042591094971
1.4549999999999506,0.019139874415654824,7.2209625244140625
1.4559999999999504,0.019147668038812585,7.226907730102539
1.4569999999999503,0.019156167879173333,7.2328667640686035
1.4579999999999502,0.019165661387015337,7.238865852355957
1.4589999999999501,0.01917615302674558,7.244910717010498
1.45999999999995,0.019187647302301325,7.250988483428955
1.46099999999995,0.019200148719858583,7.257050514221191
1.4619999999999498,0.019213661752903517,7.263067245483398
1.4629999999999497,0.019228190831441686,7.268985748291016
1.4639999999999496,0.01924374033266145,7.274779796600342
1.4649999999999495,0.01926031457191108,7.280575752258301
1.4659999999999493,0.019277917793991413,7.286405086517334
1.4669999999999492,0.01929655416480075,7.292261123657227
1.4679999999999491,0.019316227763334803,7.298107147216797
1.468999999999949,0.019336942574054522,7.304049968719482
1.469999999999949,0.019358702479639008,7.3100385665893555
1.4709999999999488,0.019381511254118584,7.316046714782715
1.4719999999999487,0.01940537255640079,7.322066307067871
1.4729999999999486,0.01942987381928136,7.328055381774902
1.4739999999999485,0.019454533847265837,7.3340654373168945
1.4749999999999484,0.019479351657213193,7.340159893035889
1.4759999999999482,0.019504326867265144,7.346305847167969
1.4769999999999481,0.019529459055917436,7.352502822875977
1.477999999999948,0.01955474776436677,7.358698844909668
1.478999999999948,0.019580192498743862,7.364947319030762
1.4799999999999478,0.019605792732230468,7.371354103088379
1.4809999999999477,0.019631547907074776,7.377810478210449
1.4819999999999476,0.019657457436496474,7.38427734375
1.4829999999999475,0.019683520706493228,7.390748977661133
1.4839999999999474,0.019709737077547126,7.397207260131836
1.4849999999999473,0.01973610588623878,7.403639793395996
1.4859999999999471,0.01976262644676753,7.410062789916992
1.486999999999947,0.01978929805238676,7.416493892669678
1.487999999999947,0.019816119976755087,7.42294979095459
1.4889999999999468,0.01984309147520827,7.42941427230835
1.4899999999999467,0.0198702117859519,7.43588924407959
1.4909999999999466,0.01989748013118424,7.442365646362305
1.4919999999999465,0.019924895718150544,7.448841571807861
1.4929999999999464,0.019952457740126224,7.45531702041626
1.4939999999999463,0.01998016537734347,7.461804389953613
1.4949999999999461,0.020008017797856277,7.468321323394775
1.495999999999946,0.020036014158344592,7.474895477294922
1.496999999999946,0.02006415360487427,7.481493949890137
1.4979999999999458,0.02009243527359881,7.488101005554199
1.4989999999999457,0.02012085829141546,7.494715690612793
1.4999999999999456,0.020149421776580925,7.501328468322754
1.5009999999999455,0.020178124839278555,7.507942199707031
1.5019999999999454,0.02020696658214899,7.514503002166748
1.5029999999999453,0.020235946100784073,7.52099609375
1.5039999999999452,0.020265062484184547,7.5277605056762695
1.504999999999945,0.020294314815185607,7.534523963928223
1.505999999999945,0.02032370217085048,7.541282653808594
1.5069999999999448,0.020353223622838625,7.548042297363281
1.5079999999999447,0.020382878237742735,7.554815292358398
1.5089999999999446,0.020412665077404968,7.561592102050781
1.5099999999999445,0.02044258319920681,7.568366050720215
1.5109999999999444,0.020472631656339474,7.575156211853027
1.5119999999999443,0.02050280949805397,7.5819549560546875
1.5129999999999442,0.02053311576989232,7.5887603759765625
1.513999999999944,0.02056354951390057,7.59561824798584
1.514999999999944,0.020594109768828153,7.6024932861328125
1.5159999999999438,0.02062479557031157,7.609358787536621
1.5169999999999437,0.020655605951045326,7.6162214279174805
1.5179999999999436,0.02068653994093774,7.623083114624023
1.5189999999999435,0.020717979988398354,7.629959583282471
1.5199999999999434,0.020750354191616062,7.6368408203125
1.5209999999999433,0.02078366156928707,7.643712043762207
1.5219999999999432,0.020817900656300653,7.650545120239258
1.522999999999943,0.020853069842400915,7.6573686599731445
1.523999999999943,0.0208891673739431,7.66411018371582
1.5249999999999428,0.02092619135572383,7.67085075378418
1.5259999999999427,0.02096413975288694,7.677568435668945
1.5269999999999426,0.021003010392898168,7.684273719787598
1.5279999999999425,0.02104280096758411,7.6908111572265625
1.5289999999999424,0.02108350903523533,7.697260856628418
1.5299999999999423,0.021125132022764614,7.703725337982178
1.5309999999999422,0.021167667227920045,7.710193634033203
1.531999999999942,0.02121111182154884,7.716657638549805
1.532999999999942,0.021255462849905912,7.7231340408325195
1.5339999999999419,0.0213007172370088,7.729659080505371
1.5349999999999417,0.02134687178702762,7.736096382141113
1.5359999999999416,0.021393923186714743,7.742521286010742
1.5369999999999415,0.02144186800786542,7.748968124389648
1.5379999999999414,0.021490702709806783,7.755222320556641
1.5389999999999413,0.021540423641915336,7.761379718780518
1.5399999999999412,0.02159102704615499,7.767472743988037
1.540999999999941,0.021642509059635995,7.773276329040527
1.541999999999941,0.02169486571719146,7.779047012329102
1.5429999999999409,0.021748092953966007,7.7848310470581055
1.5439999999999408,0.021802186608014487,7.790595054626465
1.5449999999999406,0.021857142422914158,7.796379089355469
1.5459999999999405,0.021912956050375798,7.80226993560791
1.5469999999999404,0.021969623052861223,7.8082380294799805
1.5479999999999403,0.022026800953365316,7.814247131347656
1.5489999999999402,0.02208409290358896,7.820248603820801
1.54999999999994,0.022141497077338805,7.8262176513671875
1.55099999999994,0.022199012226788647,7.832108497619629
1.5519999999999399,0.022256637104215625,7.83801794052124
1.5529999999999398,0.022314370462020755,7.843938827514648
1.5539999999999397,0.02237221105274654,7.849873065948486
1.5549999999999395,0.022430157629095226,7.855807304382324
1.5559999999999394,0.022488208943948776,7.861727714538574
1.5569999999999393,0.02254636375038465,7.867650032043457
1.5579999999999392,0.0226046208016946,7.873565673828125
1.558999999999939,0.022662978851402636,7.879479885101318
1.559999999999939,0.022721436639875178,7.88538932800293
1.5609999999999389,0.022779992926371777,7.89129638671875
1.5619999999999388,0.02283864646621813,7.897039413452148
1.5629999999999387,0.022897396013960833,7.902641773223877
1.5639999999999386,0.022956240324289515,7.908258438110352
1.5649999999999384,0.023015178152207896,7.913873672485352
1.5659999999999383,0.023074208253078148,7.9194746017456055
1.5669999999999382,0.02313332938264056,7.925041198730469
1.567999999999938,0.023192540297030384,7.930635452270508
1.568999999999938,0.0232518397527946,7.936221122741699
1.569999999999938,0.02331122650690895,7.941792964935303
1.5709999999999378,0.023370699316792823,7.947361946105957
1.5719999999999377,0.023430256940326827,7.952930450439453
1.5729999999999376,0.023489898135866348,7.958482265472412
1.5739999999999374,0.023549621662258956,7.964025497436523
1.5749999999999373,0.02360942627885841,7.969497203826904
1.5759999999999372,0.023669310771395523,7.974844932556152
1.5769999999999371,0.02372983048638312,7.980267524719238
1.577999999999937,0.023791524328180477,7.985713005065918
1.578999999999937,0.023854388780461512,7.991155624389648
1.5799999999999368,0.023918420180345956,7.996598720550537
1.5809999999999367,0.023983614721669953,8.002046585083008
1.5819999999999366,0.02404996845829894,8.007491111755371
1.5829999999999365,0.02411747730747893,8.01292610168457
1.5839999999999363,0.024186137053223145,8.018387794494629
1.5849999999999362,0.02425594334972949,8.023885726928711
1.5859999999999361,0.024326891724821345,8.029375076293945
1.586999999999936,0.024398977583412813,8.034846305847168
1.587999999999936,0.02447219621098836,8.040270805358887
1.5889999999999358,0.024546542777098106,8.045669555664062
1.5899999999999357,0.024621545370758266,8.050989151000977
1.5909999999999356,0.02469357045937423,8.056300163269043
1.5919999999999355,0.024763835994568877,8.06161117553711
1.5929999999999354,0.02484798574151576,8.066934585571289
1.5939999999999352,0.02492410813135018,8.072271347045898
1.5949999999999351,0.025000241231739093,8.07764720916748
1.595999999999935,0.025076385020173543,8.083050727844238
1.596999999999935,0.025128131216467592,8.08847713470459
1.5979999999999348,0.025201879266393216,8.09392261505127
1.5989999999999347,0.025275715849087214,8.099538803100586
1.5999999999999346,0.025349639915770654,8.105232238769531
1.6009999999999345,0.025423650197684708,8.110936164855957
1.6019999999999344,0.02549774523250964,8.116649627685547
1.6029999999999343,0.02557192338757938,8.122237205505371
1.6039999999999341,0.025646182880291808,8.127880096435547
1.604999999999934,0.025720521796059687,8.133539199829102
1.605999999999934,0.025794938104110154,8.139228820800781
1.6069999999999338,0.02586942967139414,8.14492416381836
1.6079999999999337,0.02594399427484457,8.150629043579102
1.6089999999999336,0.026018629612182056,8.156306266784668
1.6099999999999335,0.026093333311451965,8.161840438842773
1.6109999999999334,0.02616810293944434,8.167378425598145
1.6119999999999333,0.026242936009137123,8.172921180725098
1.6129999999999332,0.026317829986281287,8.178459167480469
1.613999999999933,0.0263927822952311,8.184032440185547
1.614999999999933,0.026467790324113248,8.189543724060059
1.6159999999999328,0.026542851429413435,8.195012092590332
1.6169999999999327,0.026617962940052906,8.20048713684082
1.6179999999999326,0.02669312216101275,8.205964088439941
1.6189999999999325,0.02676832637656132,8.211597442626953
1.6199999999999324,0.026843572853134115,8.217379570007324
1.6209999999999323,0.026918858841902468,8.22316837310791
1.6219999999999322,0.02699418158107203,8.228960990905762
1.622999999999932,0.027069538297939337,8.23469066619873
1.623999999999932,0.027144926210734784,8.240405082702637
1.6249999999999318,0.027220342530275686,8.24613094329834
1.6259999999999317,0.02729578446145564,8.251836776733398
1.6269999999999316,0.027371249204579763,8.257536888122559
1.6279999999999315,0.027446733956569457,8.263218879699707
1.6289999999999314,0.02752223591205164,8.268895149230957
1.6299999999999313,0.027597752264337104,8.274604797363281
1.6309999999999312,0.027673280206308756,8.28032112121582
1.631999999999931,0.027748816931223982,8.286033630371094
1.632999999999931,0.027824359633441473,8.291749954223633
1.6339999999999308,0.027899905509080294,8.297446250915527
1.6349999999999307,0.027975451672565342,8.303177833557129
1.6359999999999306,0.028050989728138333,8.308968544006348
1.6369999999999305,0.028126511101650167,8.31478214263916
1.6379999999999304,0.028202007202161698,8.32061767578125
1.6389999999999303,0.028277469448574205,8.326507568359375
1.6399999999999302,0.028352889291960018,8.332448959350586
1.64099999999993,0.02842825823457648,8.338408470153809
1.64199999999993,0.02850356784600594,8.34439754486084
1.6429999999999298,0.028578809776780664,8.350443840026855
1.6439999999999297,0.028653975769813336,8.356548309326172
1.6449999999999296,0.028729057669913342,8.362628936767578
1.6459999999999295,0.02880404743163427,8.368734359741211
1.6469999999999294,0.028878937125673458,8.374850273132324
1.6479999999999293,0.028953718944011664,8.380959510803223
1.6489999999999292,0.02902838520396707,8.387073516845703
1.649999999999929,0.029102928351300433,8.393200874328613
1.650999999999929,0.029177341242372375,8.399332046508789
1.6519999999999289,0.029251778369065076,8.405450820922852
1.6529999999999287,0.02932637266726218,8.411574363708496
1.6539999999999286,0.029401121986557005,8.417698860168457
1.6549999999999285,0.029476024273529612,8.423811912536621
1.6559999999999284,0.029551077566619774,8.429801940917969
1.6569999999999283,0.02962627999135168,8.435651779174805
1.6579999999999282,0.029701629755881066,8.441455841064453
1.658999999999928,0.029777125146828072,8.447203636169434
1.659999999999928,0.02985263895880825,8.452943801879883
1.6609999999999279,0.029927975802901144,8.458639144897461
1.6619999999999278,0.0300031275775084,8.464313507080078
1.6629999999999276,0.030078088299703105,8.469987869262695
1.6639999999999275,0.030152929182019908,8.475647926330566
1.6649999999999274,0.03022750650577783,8.48129940032959
1.6659999999999273,0.030301766126480258,8.486983299255371
1.6669999999999272,0.03037590523574414,8.49266242980957
1.667999999999927,0.03044989051863463,8.498339653015137
1.668999999999927,0.03052365293427884,8.504005432128906
1.6699999999999269,0.03059725893522798,8.50960922241211
1.6709999999999268,0.0306712692589819,8.51519775390625
1.6719999999999267,0.0307457927855931,8.520776748657227
1.6729999999999265,0.03082081802741283,8.526335716247559
1.6739999999999264,0.03089633354521299,8.531881332397461
1.6749999999999263,0.030972327951764682,8.53756046295166
1.6759999999999262,0.031048789915287582,8.543312072753906
1.676999999999926,0.03112570816276506,8.549213409423828
1.677999999999926,0.031203071483134386,8.555103302001953
1.6789999999999259,0.031280868730345024,8.56097412109375
1.6799999999999258,0.03135908882629775,8.566825866699219
1.6809999999999257,0.031437720763657626,8.572663307189941
1.6819999999999256,0.031516753608546874,8.578472137451172
1.6829999999999254,0.03159617650312078,8.584259033203125
1.6839999999999253,0.031675978668025136,8.5900239944458
1.6849999999999252,0.031756149404740974,8.595672607421875
1.6859999999999251,0.031836678097813306,8.601367950439453
1.686999999999925,0.03191755421697368,8.607033729553223
1.687999999999925,0.03199876731914977,8.612608909606934
1.6889999999999248,0.03208030705037092,8.618124008178711
1.6899999999999247,0.03216216314756774,8.623579025268555
1.6909999999999246,0.0322443254402681,8.629009246826172
1.6919999999999245,0.03232678385219635,8.634439468383789
1.6929999999999243,0.03240952840276678,8.639850616455078
1.6939999999999242,0.032492549208486994,8.645233154296875
1.6949999999999241,0.03257583648426354,8.650700569152832
1.695999999999924,0.03265938054461299,8.65616226196289
1.696999999999924,0.032743171804787946,8.661598205566406
1.6979999999999238,0.03282720078180896,8.667024612426758
1.6989999999999237,0.03291140794767635,8.672404289245605
1.6999999999999236,0.032995067249737595,8.677739143371582
1.7009999999999235,0.03307794379607603,8.683055877685547
1.7019999999999234,0.03316003875256374,8.688304901123047
1.7029999999999232,0.033241353344433254,8.693405151367188
1.7039999999999231,0.033321888854477004,8.698493957519531
1.704999999999923,0.033401646621283275,8.703621864318848
1.705999999999923,0.033480628037521665,8.708707809448242
1.7069999999999228,0.03355883454826407,8.71376895904541
1.7079999999999227,0.0336362676493429,8.718828201293945
1.7089999999999226,0.033712928885753786,8.723923683166504
1.7099999999999225,0.03378884100062281,8.729022979736328
1.7109999999999224,0.033864630580963694,8.734111785888672
1.7119999999999223,0.03394058262304777,8.739208221435547
1.7129999999999221,0.034016689361490174,8.744178771972656
1.713999999999922,0.0340929431242657,8.749021530151367
1.714999999999922,0.03416933633297555,8.753710746765137
1.7159999999999218,0.034245861503060936,8.758377075195312
1.7169999999999217,0.03432251124395486,8.763008117675781
1.7179999999999216,0.034399278259191174,8.767614364624023
1.7189999999999215,0.034476155346451036,8.772192001342773
1.7199999999999214,0.03455313539756986,8.77674674987793
1.7209999999999213,0.034630211398489784,8.78128433227539
1.7219999999999211,0.034707376429168955,8.785829544067383
1.722999999999921,0.0347846236634457,8.790340423583984
1.723999999999921,0.03486194636886243,8.794829368591309
1.7249999999999208,0.034939337906444795,8.79930591583252
1.7259999999999207,0.03501679173044428,8.804256439208984
1.7269999999999206,0.03509430138804235,8.809192657470703
1.7279999999999205,0.03517186051902004,8.814056396484375
1.7289999999999204,0.03524946285538984,8.818904876708984
1.7299999999999203,0.03532710222099762,8.823911666870117
1.7309999999999202,0.03540477253109335,8.828889846801758
1.73199999999992,0.03548246779186852,8.83382797241211
1.73299999999992,0.03556018209996983,8.838739395141602
1.7339999999999198,0.035637909641981866,8.843612670898438
1.7349999999999197,0.035715644693887175,8.848456382751465
1.7359999999999196,0.03579338162049962,8.853263854980469
1.7369999999999195,0.03587111487487623,8.8580322265625
1.7379999999999194,0.035948838997706935,8.86268424987793
1.7389999999999193,0.03602654861668478,8.867301940917969
1.7399999999999192,0.03610423844585486,8.87188720703125
1.740999999999919,0.036181903284948365,8.876459121704102
1.741999999999919,0.03625952050810895,8.880987167358398
1.7429999999999188,0.03633679638039009,8.885478973388672
1.7439999999999187,0.03641362724132112,8.889939308166504
1.7449999999999186,0.036490012596172704,8.894369125366211
1.7459999999999185,0.03656595198932216,8.89876937866211
1.7469999999999184,0.03664144500350043,8.903149604797363
1.7479999999999183,0.03671649125905528,8.907503128051758
1.7489999999999182,0.036791090413220304,8.91185188293457
1.749999999999918,0.036865242159393456,8.916168212890625
1.750999999999918,0.03693894622642926,8.920463562011719
1.7519999999999178,0.037012202377936926,8.92473030090332
1.7529999999999177,0.037085010411591145,8.928961753845215
1.7539999999999176,0.03715737015845145,8.933141708374023
1.7549999999999175,0.037229281482292265,8.937263488769531
1.7559999999999174,0.03730074427894332,8.94135570526123
1.7569999999999173,0.03737175847563533,8.94510555267334
1.7579999999999172,0.03744232403036427,8.948776245117188
1.758999999999917,0.03751244093125582,8.95241928100586
1.759999999999917,0.037582109195946165,8.956005096435547
1.7609999999999169,0.037651328870969544,8.959550857543945
1.7619999999999167,0.03772010003115487,8.963027954101562
1.7629999999999166,0.03778842277903401,8.96635913848877
1.7639999999999165,0.037856297244257923,8.969600677490234
1.7649999999999164,0.03792372358302153,8.972846031188965
1.7659999999999163,0.03799070197750036,8.97615909576416
1.7669999999999162,0.03805723263529305,8.979436874389648
1.767999999999916,0.03812331578887629,8.982696533203125
1.768999999999916,0.038188951695065344,8.985950469970703
1.7699999999999159,0.03825414063448703,8.989161491394043
1.7709999999999158,0.03831888291105948,8.992332458496094
1.7719999999999156,0.03838317885148,8.995468139648438
1.7729999999999155,0.03844702880472348,8.99856185913086
1.7739999999999154,0.038510433141549706,9.001623153686523
1.7749999999999153,0.03857339225401508,9.004650115966797
1.7759999999999152,0.038635906554998836,9.007591247558594
1.776999999999915,0.03869797647773231,9.01048469543457
1.777999999999915,0.03875960247533991,9.013354301452637
1.7789999999999149,0.03882078502038607,9.016216278076172
1.7799999999999148,0.038881524604431277,9.019113540649414
1.7809999999999147,0.038941821737595306,9.02200984954834
1.7819999999999145,0.03900167694812963,9.024883270263672
1.7829999999999144,0.03906109078199604,9.027737617492676
1.7839999999999143,0.03912006380245384,9.030526161193848
1.7849999999999142,0.039178596589653565,9.033291816711426
1.785999999999914,0.03923668974023952,9.036008834838867
1.786999999999914,0.03929434386695938,9.038663864135742
1.7879999999999139,0.03935155959827925,9.041261672973633
1.7889999999999138,0.03940833757800798,9.043834686279297
1.7899999999999137,0.03946467846492907,9.046377182006836
1.7909999999999136,0.03952067258503709,9.048858642578125
1.7919999999999134,0.03957682078423077,9.05129337310791
1.7929999999999133,0.039633199940344026,9.053693771362305
1.7939999999999132,0.039689809323708955,9.05607795715332
1.794999999999913,0.03974664819032747,9.058436393737793
1.795999999999913,0.039803715782032095,9.060760498046875
1.796999999999913,0.039861011326648196,9.063065528869629
1.7979999999999128,0.03991853403815451,9.065336227416992
1.7989999999999127,0.039976283116841156,9.067571640014648
1.7999999999999126,0.04003425774947316,9.069744110107422
1.8009999999999124,0.04009245710944302,9.07188606262207
1.8019999999999123,0.04015088035693233,9.073995590209961
1.8029999999999122,0.04020952663906512,9.076072692871094
1.8039999999999121,0.04026839509006574,9.078119277954102
1.804999999999912,0.040327484831411235,9.080153465270996
1.805999999999912,0.04038679497198574,9.082162857055664
1.8069999999999118,0.040446324608233344,9.084144592285156
1.8079999999999117,0.04050607282430922,9.086109161376953
1.8089999999999116,0.04056603869222937,9.088035583496094
1.8099999999999115,0.04062622127202181,9.08991813659668
1.8109999999999113,0.04068661961187392,9.091771125793457
1.8119999999999112,0.04074723274827927,9.09360122680664
1.8129999999999111,0.04080805970618553,9.09543228149414
1.813999999999911,0.040869099499138806,9.097164154052734
1.814999999999911,0.0409303511294271,9.098928451538086
1.8159999999999108,0.040991813588225096,9.100768089294434
1.8169999999999107,0.04105348585573472,9.102569580078125
1.8179999999999106,0.04111536690132687,9.104368209838867
1.8189999999999105,0.04117745568368005,9.106100082397461
1.8199999999999104,0.04123975115091986,9.107803344726562
1.8209999999999102,0.04130225224075592,9.10948371887207
1.8219999999999101,0.041364957880618246,9.111137390136719
1.82299999999991,0.0414278669877919,9.112752914428711
1.82399999999991,0.041490978469552624,9.114307403564453
1.8249999999999098,0.041554291223296125,9.11583137512207
1.8259999999999097,0.041617804136673396,9.117332458496094
1.8269999999999096,0.04168151608771783,9.118795394897461
1.8279999999999095,0.04174542594497622,9.120187759399414
1.8289999999999094,0.04180953256763595,9.121515274047852
1.8299999999999093,0.04187383480565191,9.122806549072266
1.8309999999999091,0.04193833149987156,9.124064445495605
1.831999999999909,0.042003021065235124,9.125297546386719
1.832999999999909,0.04206758868786381,9.126497268676758
1.8339999999999088,0.04213176372754706,9.127662658691406
1.8349999999999087,0.042195546869567266,9.128790855407715
1.8359999999999086,0.04225893880523633,9.129890441894531
1.8369999999999085,0.04232194023173192,9.130952835083008
1.8379999999999084,0.04238455185194329,9.131990432739258
1.8389999999999083,0.04244677437431632,9.132997512817383
1.8399999999999082,0.04250860851270245,9.133956909179688
1.840999999999908,0.04257005498621375,9.134881973266602
1.841999999999908,0.04263111451907638,9.13577651977539
1.8429999999999078,0.04269178784049234,9.136636734008789
1.8439999999999077,0.042752075684500276,9.137466430664062
1.8449999999999076,0.04281197878984275,9.138139724731445
1.8459999999999075,0.04287149789983247,9.138745307922363
1.8469999999999074,0.04293063376222637,9.139337539672852
1.8479999999999073,0.042989387129097986,9.139913558959961
1.8489999999999072,0.043047758756716965,9.140417098999023
1.849999999999907,0.04310574940542735,9.140791893005371
1.850999999999907,0.04316335983953255,9.141134262084961
1.8519999999999068,0.04322059082717926,9.141599655151367
1.8529999999999067,0.043277443140247056,9.142147064208984
1.8539999999999066,0.043333917554240146,9.142662048339844
1.8549999999999065,0.043390014848179004,9.143186569213867
1.8559999999999064,0.04344573580449915,9.143674850463867
1.8569999999999063,0.043501081208949424,9.144124984741211
1.8579999999999062,0.04355605185049102,9.144538879394531
1.858999999999906,0.04361064852120479,9.144922256469727
1.859999999999906,0.043664872016195524,9.145259857177734
1.8609999999999058,0.04371872313350051,9.145577430725098
1.8619999999999057,0.04377220267400137,9.145889282226562
1.8629999999999056,0.04382531144133552,9.146135330200195
1.8639999999999055,0.043878050241813855,9.146306991577148
1.8649999999999054,0.0439304198843366,9.14643669128418
1.8659999999999053,0.04398242118031366,9.146533966064453
1.8669999999999052,0.044034054943586746,9.14663314819336
1.867999999999905,0.04408532199035359,9.146736145019531
1.868999999999905,0.04413622313909241,9.146806716918945
1.8699999999999048,0.04418675921049229,9.146839141845703
1.8709999999999047,0.044236931027381986,9.146860122680664
1.8719999999999046,0.04428673941466141,9.146859169006348
1.8729999999999045,0.04433618519923674,9.146825790405273
1.8739999999999044,0.04438526920995574,9.146764755249023
1.8749999999999043,0.04443399227754459,9.146678924560547
1.8759999999999042,0.044482355234549006,9.14657211303711
1.876999999999904,0.04453035891527395,9.146442413330078
1.877999999999904,0.044578004155727255,9.146324157714844
1.8789999999999039,0.044625291793564906,9.1461763381958
1.8799999999999037,0.04467222266803544,9.14594841003418
1.8809999999999036,0.04471879761992983,9.145622253417969
1.8819999999999035,0.044765017491531896,9.145257949829102
1.8829999999999034,0.044810883126566184,9.144851684570312
1.8839999999999033,0.04485639537015413,9.144402503967285
1.8849999999999032,0.044901555068766544,9.143911361694336
1.885999999999903,0.044946363070180365,9.1433687210083
1.886999999999903,0.044990820223435354,9.142801284790039
1.8879999999999029,0.045035004299078286,9.142208099365234
1.8889999999999028,0.04507899493412984,9.141566276550293
1.8899999999999026,0.04512279152591096,9.140891075134277
1.8909999999999025,0.04516639348236898,9.140192031860352
1.8919999999999024,0.04520980022840692,9.139464378356934
1.8929999999999023,0.04525301120567345,9.13871955871582
1.8939999999999022,0.045296025872358245,9.137948989868164
1.894999999999902,0.04533884370298814,9.137176513671875
1.895999999999902,0.045381464188230435,9.13638687133789
1.8969999999999019,0.045423886834695774,9.135564804077148
1.8979999999999018,0.04546611116474349,9.13471794128418
1.8989999999999017,0.04550813671629155,9.133817672729492
1.8999999999999015,0.04554996304263105,9.133049011230469
1.9009999999999014,0.045585438206650834,9.132545471191406
1.9019999999999013,0.04558948044340377,9.131999015808105
1.9029999999999012,0.04559340529794706,9.131410598754883
1.903999999999901,0.045597213534637006,9.130796432495117
1.904999999999901,0.04560090591608479,9.13017463684082
1.9059999999999009,0.04560448320771802,9.12950611114502
1.9069999999999008,0.04560794618640913,9.128807067871094
1.9079999999999007,0.04561129562587085,9.12806510925293
1.9089999999999006,0.0456145322965568,9.127264022827148
1.9099999999999004,0.04561765696557034,9.126344680786133
1.9109999999999003,0.045620670396585815,9.12539291381836
1.9119999999999002,0.0456235733497745,9.124405860900879
1.9129999999999001,0.0456263665817434,9.123374938964844
1.9139999999999,0.04562905084547845,9.122357368469238
1.9149999999999,0.045631626890296775,9.121318817138672
1.9159999999998998,0.045634095461806926,9.120256423950195
1.9169999999998997,0.045636457301874454,9.119171142578125
1.9179999999998996,0.0456387131485938,9.118040084838867
1.9189999999998995,0.045640863736269056,9.116849899291992
1.9199999999998993,0.045642909795395516,9.115706443786621
1.9209999999998992,0.0456448520526526,9.114532470703125
1.9219999999998991,0.045646691230896035,9.113364219665527
1.922999999999899,0.04564842804915995,9.112165451049805
1.923999999999899,0.045650063222659916,9.110919952392578
1.9249999999998988,0.04565159746280292,9.109639167785645
1.9259999999998987,0.045651504017000924,9.108309745788574
1.9269999999998986,0.04564381522768193,9.106916427612305
1.9279999999998985,0.04563752600137229,9.105464935302734
1.9289999999998984,0.045631309646261685,9.103996276855469
1.9299999999998982,0.04562516573069297,9.102514266967773
1.9309999999998981,0.04561909382501121,9.101005554199219
1.931999999999898,0.04561309350157579,9.099485397338867
1.932999999999898,0.04560716433477215,9.097942352294922
1.9339999999998978,0.045601305901022245,9.09634780883789
1.9349999999998977,0.0455955177787875,9.094715118408203
1.9359999999998976,0.045589799548575234,9.093083381652832
1.9369999999998975,0.04558415079293736,9.091423034667969
1.9379999999998974,0.04557857109647059,9.089731216430664
1.9389999999998973,0.045573060045812484,9.08801555633545
1.9399999999998971,0.04556761722963656,9.086270332336426
1.940999999999897,0.04556224223864414,9.084531784057617
1.941999999999897,0.04555693466555757,9.082836151123047
1.9429999999998968,0.04555169410510713,9.081108093261719
1.9439999999998967,0.045546520154019644,9.079355239868164
1.9449999999998966,0.045541412411006135,9.077579498291016
1.9459999999998965,0.04553637047674504,9.075779914855957
1.9469999999998964,0.04553139395386681,9.073864936828613
1.9479999999998963,0.04552648244693641,9.071931838989258
1.9489999999998961,0.045521635562434506,9.069746971130371
1.949999999999896,0.045516852908737554,9.067455291748047
1.950999999999896,0.045512134096098306,9.065141677856445
1.9519999999998958,0.04550747873662262,9.062812805175781
1.9529999999998957,0.045502886444248644,9.060457229614258
1.9539999999998956,0.045498356834723336,9.0579833984375
1.9549999999998955,0.04549388952557844,9.055296897888184
1.9559999999998954,0.04548948413610591,9.052577018737793
1.9569999999998953,0.04548514028733364,9.049840927124023
1.9579999999998952,0.045480857602000505,9.047080993652344
1.958999999999895,0.04547663570452801,9.044297218322754
1.959999999999895,0.04547247422099723,9.041494369506836
1.9609999999998948,0.045468372779119866,9.038650512695312
1.9619999999998947,0.04546433100821205,9.035799026489258
1.9629999999998946,0.045460348539167125,9.032840728759766
1.9639999999998945,0.045456425004427245,9.029838562011719
1.9649999999998944,0.04545256003795783,9.026813507080078
1.9659999999998943,0.04544875327521731,9.023768424987793
1.9669999999998942,0.045445004353130335,9.020694732666016
1.967999999999894,0.04544131291006051,9.017597198486328
1.968999999999894,0.04543767858577991,9.014470100402832
1.9699999999998938,0.0454341010214443,9.01132583618164
1.9709999999998937,0.04543057985956147,9.008161544799805
1.9719999999998936,0.04542711474396671,9.004973411560059
1.9729999999998935,0.04542370531979192,9.001768112182617
1.9739999999998934,0.0454203512334393,8.998540878295898
1.9749999999998933,0.04541705213255291,8.995304107666016
1.9759999999998932,0.045413807665991617,8.992059707641602
1.976999999999893,0.045410617483801125,8.988786697387695
1.977999999999893,0.04540748123718683,8.985475540161133
1.9789999999998928,0.045404398578486396,8.982147216796875
1.9799999999998927,0.0454013691611434,8.97879695892334
1.9809999999998926,0.045398392639680464,8.9754638671875
1.9819999999998925,0.04539546866967205,8.972152709960938
1.9829999999998924,0.04539259690771942,8.968814849853516
1.9839999999998923,0.045389777011424756,8.965461730957031
1.9849999999998922,0.0453870086393637,8.962089538574219
1.985999999999892,0.04538429145106252,8.958703994750977
1.986999999999892,0.04538162510697099,8.955289840698242
1.9879999999998919,0.04537900926843939,8.951858520507812
1.9889999999998917,0.04537644359769266,8.94841194152832
1.9899999999998916,0.04537392775780753,8.9449462890625
1.9909999999998915,0.04537146141268783,8.941463470458984
1.9919999999998914,0.04536904422704186,8.937965393066406
1.9929999999998913,0.0453666758663587,8.9344482421875
1.9939999999998912,0.04536435599688645,8.930914878845215
1.994999999999891,0.045362084285609804,8.927364349365234
1.995999999999891,0.04535986040022665,8.923799514770508
1.9969999999998909,0.04535768400912876,8.9202299118042
1.9979999999998908,0.045355554781379294,8.916637420654297
1.9989999999998906,0.045353472386692094,8.913033485412598
1.9999999999998905,0.045351436495412206,8.909412384033203
2.0009999999998906,0.04534944677849485,8.90577507019043
2.0019999999998905,0.045347502907486105,8.902080535888672
2.0029999999998904,0.04534560455450435,8.89836311340332
2.0039999999998903,0.04534375139222146,8.894609451293945
2.00499999999989,0.045341943093841965,8.890769004821777
2.00599999999989,0.04534017933308965,8.886902809143066
2.00699999999989,0.045338459784185964,8.883027076721191
2.00799999999989,0.04533678412183413,8.879142761230469
2.0089999999998898,0.045335152021203015,8.875245094299316
2.0099999999998897,0.045333563157910144,8.87131118774414
2.0109999999998895,0.04533201720800539,8.867366790771484
2.0119999999998894,0.0453305138479558,8.863410949707031
2.0129999999998893,0.04532905275463085,8.859443664550781
2.013999999999889,0.045327633605286896,8.855464935302734
2.014999999999889,0.045326256077552335,8.851478576660156
2.015999999999889,0.045324919849415814,8.84747314453125
2.016999999999889,0.045323624599209154,8.843452453613281
2.0179999999998888,0.04532237000559792,8.839425086975098
2.0189999999998887,0.04532115574756552,8.835390090942383
2.0199999999998886,0.04531998150440208,8.831344604492188
2.0209999999998884,0.045318846955693166,8.827281951904297
2.0219999999998883,0.04531775178130636,8.823177337646484
2.022999999999888,0.04531669566138089,8.818954467773438
2.023999999999888,0.04531567827631755,8.81472396850586
2.024999999999888,0.04531469930676587,8.810489654541016
2.025999999999888,0.04531375843361654,8.806255340576172
2.026999999999888,0.04531285533798983,8.802003860473633
2.0279999999998877,0.04531198970122725,8.79774284362793
2.0289999999998876,0.045311161204881455,8.793466567993164
2.0299999999998875,0.04531036953070836,8.789180755615234
2.0309999999998873,0.04530961436065887,8.784887313842773
2.0319999999998872,0.04530889537686999,8.780495643615723
2.032999999999887,0.04530821226165827,8.776033401489258
2.033999999999887,0.04530756469751177,8.771539688110352
2.034999999999887,0.045306952367084014,8.767021179199219
2.035999999999887,0.04530637495318592,8.762496948242188
2.0369999999998867,0.045305832138781206,8.757957458496094
2.0379999999998866,0.04530532360697943,8.753398895263672
2.0389999999998865,0.045304849041030465,8.748870849609375
2.0399999999998863,0.045304408124320864,8.744331359863281
2.0409999999998862,0.04530400054036562,8.73978042602539
2.041999999999886,0.045303625972806946,8.73521900177002
2.042999999999886,0.045303284105408945,8.730642318725586
2.043999999999886,0.045302974622052336,8.726051330566406
2.044999999999886,0.04530269720673292,8.72144889831543
2.0459999999998857,0.045302451543556596,8.716827392578125
2.0469999999998856,0.04530223731673767,8.712172508239746
2.0479999999998855,0.04530205421059475,8.707221984863281
2.0489999999998854,0.04530190190955017,8.702249526977539
2.0499999999998852,0.04530178009812624,8.697257995605469
2.050999999999885,0.04530168846094406,8.692259788513184
2.051999999999885,0.04530162668272282,8.687250137329102
2.052999999999885,0.04530159444827712,8.682229995727539
2.053999999999885,0.045301591442517164,8.67719841003418
2.0549999999998847,0.04530161735044811,8.672178268432617
2.0559999999998846,0.0453016718571688,8.667167663574219
2.0569999999998845,0.04530175464787319,8.66213321685791
2.0579999999998844,0.045301865407848536,8.657088279724121
2.0589999999998843,0.0453020038224781,8.652032852172852
2.059999999999884,0.04530216957724074,8.646970748901367
2.060999999999884,0.04530236235771151,8.641895294189453
2.061999999999884,0.04530258184956417,8.636831283569336
2.062999999999884,0.04530282773857156,8.631752014160156
2.0639999999998837,0.045303099710608224,8.626660346984863
2.0649999999998836,0.045303397451652155,8.62157154083252
2.0659999999998835,0.045303720647787156,8.616477966308594
2.0669999999998834,0.0453040689852056,8.611366271972656
2.0679999999998833,0.04530444215021087,8.60624885559082
2.068999999999883,0.045304839829220435,8.601101875305176
2.069999999999883,0.04530526170877006,8.59594440460205
2.070999999999883,0.0453057074755161,8.590776443481445
2.071999999999883,0.04530617681624012,8.585604667663574
2.0729999999998827,0.04530666941785197,8.580425262451172
2.0739999999998826,0.04530718496739614,8.575206756591797
2.0749999999998825,0.045307723152053496,8.569961547851562
2.0759999999998824,0.04530828365914815,8.564714431762695
2.0769999999998823,0.04530886617615097,8.559456825256348
2.077999999999882,0.045309470390686155,8.55406379699707
2.078999999999882,0.04531009599053512,8.548568725585938
2.079999999999882,0.04531074266364317,8.543060302734375
2.080999999999882,0.04531141009812462,8.537593841552734
2.0819999999998817,0.045312097982269844,8.5321626663208
2.0829999999998816,0.04531280600454985,8.526729583740234
2.0839999999998815,0.045313533853624625,8.521286010742188
2.0849999999998814,0.04531428121834843,8.515829086303711
2.0859999999998813,0.045315047787776994,8.510370254516602
2.086999999999881,0.04531583325117515,8.504903793334961
2.087999999999881,0.045316637298023536,8.499432563781738
2.088999999999881,0.045317459618025274,8.493955612182617
2.089999999999881,0.04531829990111596,8.488470077514648
2.0909999999998807,0.045319160545666065,8.482979774475098
2.0919999999998806,0.04532006607580492,8.477479934692383
2.0929999999998805,0.045321021804402624,8.471981048583984
2.0939999999998804,0.04532202694991623,8.466476440429688
2.0949999999998803,0.045323080731435705,8.460966110229492
2.09599999999988,0.045324182368714695,8.45544719696045
2.09699999999988,0.04532533108220106,8.449920654296875
2.09799999999988,0.045326526093070196,8.444385528564453
2.09899999999988,0.04532776662325511,8.438836097717285
2.0999999999998797,0.04532905189548014,8.43327808380127
2.1009999999998796,0.04533038113329224,8.427679061889648
2.1019999999998795,0.04533175356109451,8.422075271606445
2.1029999999998794,0.04533316840417915,8.41643238067627
2.1039999999998793,0.04533462488876088,8.410743713378906
2.104999999999879,0.04533612224201024,8.405047416687012
2.105999999999879,0.04533765969208825,8.399358749389648
2.106999999999879,0.04533923646817986,8.393657684326172
2.107999999999879,0.04534085180052887,8.387948989868164
2.1089999999998787,0.045342504920472274,8.381952285766602
2.1099999999998786,0.04534419506047584,8.37594223022461
2.1109999999998785,0.04534592145416902,8.369933128356934
2.1119999999998784,0.04534768333638032,8.363855361938477
2.1129999999998783,0.04534947994317326,8.357815742492676
2.113999999999878,0.04535131051188222,8.351775169372559
2.114999999999878,0.04535317428114849,8.345731735229492
2.115999999999878,0.045355070490957786,8.339668273925781
2.116999999999878,0.045356998382675325,8.333616256713867
2.1179999999998778,0.04535895719908351,8.327625274658203
2.1189999999998776,0.045360946184419826,8.321700096130371
2.1199999999998775,0.04536296458441278,8.315774917602539
2.1209999999998774,0.04536501164632072,8.309850692749023
2.1219999999998773,0.0453670866189683,8.30389404296875
2.122999999999877,0.045369188752786456,8.297809600830078
2.123999999999877,0.04537131729984796,8.291717529296875
2.124999999999877,0.04537347151390853,8.285614013671875
2.125999999999877,0.045375650650443876,8.279508590698242
2.1269999999998768,0.04537785396668821,8.273354530334473
2.1279999999998767,0.04538008072167486,8.267179489135742
2.1289999999998765,0.045382330176273515,8.261002540588379
2.1299999999998764,0.04538460159323154,8.254814147949219
2.1309999999998763,0.04538689423721214,8.248625755310059
2.131999999999876,0.04538920737483472,8.242427825927734
2.132999999999876,0.04539154027471457,8.236227035522461
2.133999999999876,0.045393892207503034,8.229949951171875
2.134999999999876,0.04539626244592856,8.223642349243164
2.1359999999998758,0.04539865026483579,8.217317581176758
2.1369999999998757,0.04540105494122744,8.210972785949707
2.1379999999998756,0.04540347575430413,8.204642295837402
2.1389999999998754,0.04540591198550648,8.198332786560059
2.1399999999998753,0.04540836291855482,8.1920166015625
2.1409999999998752,0.045410827839492275,8.18569278717041
2.141999999999875,0.04541330603672524,8.179350852966309
2.142999999999875,0.04541579680106412,8.173003196716309
2.143999999999875,0.04541829942576683,8.166650772094727
2.144999999999875,0.04542081320657995,8.160077095031738
2.1459999999998747,0.0454233374417812,8.153242111206055
2.1469999999998746,0.04542587143222092,8.146385192871094
2.1479999999998745,0.04542841448136471,8.13948917388916
2.1489999999998743,0.045430965895337266,8.13259220123291
2.1499999999998742,0.04543352498296313,8.125700950622559
2.150999999999874,0.04543609105581106,8.118820190429688
2.151999999999874,0.04543866342823581,8.111936569213867
2.152999999999874,0.04544124141821916,8.105048179626465
2.153999999999874,0.045443824349439846,8.098121643066406
2.1549999999998737,0.04544641155255475,8.0911865234375
2.1559999999998736,0.04544900236513931,8.084251403808594
2.1569999999998735,0.045451596131619115,8.077316284179688
2.1579999999998734,0.04545419220319157,8.070367813110352
2.1589999999998732,0.045456789937736136,8.063424110412598
2.159999999999873,0.04545938869971925,8.056473731994629
2.160999999999873,0.045461987860090806,8.049520492553711
2.161999999999873,0.04546458679617615,8.042561531066895
2.162999999999873,0.045467184891562304,8.035634994506836
2.1639999999998727,0.04546978153598457,8.028702735900879
2.1649999999998726,0.045472376125207915,8.021758079528809
2.1659999999998725,0.045474968060908984,8.014814376831055
2.1669999999998724,0.04547755675055728,8.00787353515625
2.1679999999998723,0.04548014160729813,8.000922203063965
2.168999999999872,0.04548272204983551,7.993934631347656
2.169999999999872,0.045485297502319215,7.986917495727539
2.170999999999872,0.045487867394231656,7.9798784255981445
2.171999999999872,0.045490431160281265,7.9727020263671875
2.1729999999998717,0.04549298824029746,7.96552848815918
2.1739999999998716,0.0454955380791294,7.958355903625488
2.1749999999998715,0.04549808012655183,7.951183319091797
2.1759999999998714,0.045500613837171425,7.944004058837891
2.1769999999998713,0.045503138670343224,7.936794281005859
2.177999999999871,0.045505654090087146,7.92957878112793
2.178999999999871,0.045508159565013126,7.92233943939209
2.179999999999871,0.04551065456825098,7.915119171142578
2.180999999999871,0.04551313857738519,7.907893180847168
2.1819999999998707,0.04551561107439433,7.900640487670898
2.1829999999998706,0.04551807154559894,7.893375396728516
2.1839999999998705,0.0455205194816112,7.886112213134766
2.1849999999998704,0.045494566521110745,7.878819465637207
2.1859999999998703,0.04546487796932599,7.871518611907959
2.18699999999987,0.04543509630072077,7.8642168045043945
2.18799999999987,0.04540522240150773,7.856942176818848
2.18899999999987,0.04537525715363404,7.849678993225098
2.18999999999987,0.04534520143478828,7.842403411865234
2.1909999999998697,0.045315056118412265,7.835142135620117
2.1919999999998696,0.045284822073723766,7.827912330627441
2.1929999999998695,0.045254500165742804,7.820687294006348
2.1939999999998694,0.04522409125532458,7.813446998596191
2.1949999999998693,0.045193596199195975,7.80620002746582
2.195999999999869,0.04516301584999798,7.79895544052124
2.196999999999869,0.045132351056328256,7.7917022705078125
2.197999999999869,0.045101602662792,7.784457206726074
2.198999999999869,0.04507077151004894,7.777204513549805
2.1999999999998687,0.045035470200821034,7.769952774047852
2.2009999999998686,0.04498726501684482,7.762738227844238
2.2019999999998685,0.04493921064037005,7.755532264709473
2.2029999999998684,0.044891306659284494,7.748269081115723
2.2039999999998683,0.04484355266074847,7.741032123565674
2.204999999999868,0.04479594823115368,7.733824729919434
2.205999999999868,0.0447484929560783,7.726640701293945
2.206999999999868,0.044701186420245655,7.719417572021484
2.207999999999868,0.04465402820748468,7.712114334106445
2.2089999999998677,0.04460701790069193,7.704793930053711
2.2099999999998676,0.044560155081796185,7.697473526000977
2.2109999999998675,0.04451343933172545,7.689901351928711
2.2119999999998674,0.04446687023037607,7.682278633117676
2.2129999999998673,0.044420447356582834,7.674677848815918
2.213999999999867,0.0443741702880936,7.667036056518555
2.214999999999867,0.044328038601545584,7.659379005432129
2.215999999999867,0.04428205187244277,7.65172004699707
2.216999999999867,0.04423620967513611,7.644070625305176
2.2179999999998667,0.044190511582808824,7.636282920837402
2.2189999999998666,0.04414495716746085,7.628419876098633
2.2199999999998665,0.044099545999895746,7.620547294616699
2.2209999999998664,0.04405427764971118,7.612672805786133
2.2219999999998663,0.044009151685292416,7.604796409606934
2.222999999999866,0.043964167673804594,7.596918106079102
2.223999999999866,0.04391932518119182,7.5890326499938965
2.224999999999866,0.0438746237721727,7.581137657165527
2.225999999999866,0.04383006301024357,7.573248863220215
2.2269999999998658,0.04378564245768006,7.565250396728516
2.2279999999998656,0.04374136167554039,7.557217597961426
2.2289999999998655,0.04369722022367257,7.549170017242432
2.2299999999998654,0.043653217660722284,7.541119575500488
2.2309999999998653,0.04360935354414086,7.533054351806641
2.231999999999865,0.0435656274301986,7.524974822998047
2.232999999999865,0.04352203887399416,7.516895294189453
2.233999999999865,0.04347858742947068,7.508819580078125
2.234999999999865,0.043435272649430284,7.500741004943848
2.2359999999998648,0.04339209408555048,7.492673873901367
2.2369999999998647,0.043349051288401795,7.4845991134643555
2.2379999999998645,0.043306143807466155,7.476524353027344
2.2389999999998644,0.043263371191157696,7.46843147277832
2.2399999999998643,0.04322073298684269,7.460300445556641
2.240999999999864,0.04317822874086201,7.452173233032227
2.241999999999864,0.043135857998553254,7.444019317626953
2.242999999999864,0.04309362030427541,7.435844421386719
2.243999999999864,0.04305151520143222,7.427652835845947
2.2449999999998638,0.04300954223249783,7.4194440841674805
2.2459999999998637,0.04296770093904222,7.411210536956787
2.2469999999998636,0.04292599086175835,7.402959823608398
2.2479999999998634,0.042884411540488485,7.3946661949157715
2.2489999999998633,0.042842962514253125,7.3863677978515625
2.249999999999863,0.04280164332127799,7.378095626831055
2.250999999999863,0.04276045349902282,7.369817733764648
2.251999999999863,0.04271939258421173,7.361536026000977
2.252999999999863,0.04267846011286123,7.353251934051514
2.253999999999863,0.04263765562031229,7.344951152801514
2.2549999999998627,0.0425969786412589,7.3366289138793945
2.2559999999998626,0.04255642870977955,7.328274250030518
2.2569999999998624,0.042516005359368225,7.319877624511719
2.2579999999998623,0.04247570812296709,7.3114447593688965
2.2589999999998622,0.042435536532995546,7.302655220031738
2.259999999999862,0.042395490121384695,7.293863773345947
2.260999999999862,0.042355568419608816,7.285073757171631
2.261999999999862,0.042315770958716734,7.2762837409973145
2.262999999999862,0.04227609726936636,7.267441749572754
2.2639999999998617,0.042236546881855845,7.2585649490356445
2.2649999999998616,0.04219711932615807,7.249634265899658
2.2659999999998615,0.04215781413195277,7.240699768066406
2.2669999999998613,0.04211863082866156,7.231762886047363
2.2679999999998612,0.04207956894547893,7.222817897796631
2.268999999999861,0.04204062801140895,7.213874340057373
2.269999999999861,0.042001807555296096,7.204944610595703
2.270999999999861,0.041963106237203264,7.195998191833496
2.271999999999861,0.041924412169485885,7.187028884887695
2.2729999999998607,0.04188564776156493,7.17805814743042
2.2739999999998606,0.04184681335878744,7.169051647186279
2.2749999999998605,0.041807909309585195,7.159945011138916
2.2759999999998604,0.041768935965475845,7.150692939758301
2.2769999999998602,0.04172989368106151,7.141411781311035
2.27799999999986,0.04169078281403108,7.1321210861206055
2.27899999999986,0.04165160372515831,7.122808456420898
2.27999999999986,0.04161235677830309,7.113380432128906
2.28099999999986,0.04157304234041044,7.103913307189941
2.2819999999998597,0.041533660781510155,7.094419002532959
2.2829999999998596,0.041494212474715284,7.08492374420166
2.2839999999998595,0.04145469779622308,7.07542610168457
2.2849999999998594,0.04141511712531283,7.065915107727051
2.2859999999998593,0.041375470844344335,7.056399345397949
2.286999999999859,0.041335759338758445,7.046786308288574
2.287999999999859,0.04129598299707252,7.037270545959473
2.288999999999859,0.04125614221088148,7.027723789215088
2.289999999999859,0.041216237374854706,7.017974376678467
2.2909999999998587,0.04117626888673486,7.008058071136475
2.2919999999998586,0.041136237147333644,6.998130798339844
2.2929999999998585,0.04109614256053156,6.988300323486328
2.2939999999998584,0.04105598553327436,6.978459358215332
2.2949999999998583,0.041015766475570474,6.96861457824707
2.295999999999858,0.04097548580048786,6.958759784698486
2.296999999999858,0.04093476828723765,6.948896408081055
2.297999999999858,0.04088902014946386,6.939016342163086
2.298999999999858,0.04084325823946878,6.929099082946777
2.2999999999998577,0.040797483400974395,6.919101715087891
2.3009999999998576,0.040751696475595574,6.90910530090332
2.3019999999998575,0.04070589830283941,6.899096488952637
2.3029999999998574,0.040660089720101586,6.889078140258789
2.3039999999998573,0.040614271562664686,6.878837585449219
2.304999999999857,0.04056844466369607,6.868582725524902
2.305999999999857,0.040522609854245585,6.8583149909973145
2.306999999999857,0.04047676796324337,6.8478827476501465
2.307999999999857,0.04043091981749755,6.83735466003418
2.3089999999998567,0.04038506624169386,6.826820373535156
2.3099999999998566,0.040339208058392,6.816315174102783
2.3109999999998565,0.040293346088024054,6.805882453918457
2.3119999999998564,0.040247481148894204,6.795435428619385
2.3129999999998563,0.04020161405717586,6.784961700439453
2.313999999999856,0.04015574562691074,6.7744855880737305
2.314999999999856,0.040109876670006296,6.763996124267578
2.315999999999856,0.04006400799623531,6.753479957580566
2.316999999999856,0.040018140413235606,6.742956161499023
2.3179999999998557,0.03997227472650555,6.732428550720215
2.3189999999998556,0.039926411739406815,6.721893310546875
2.3199999999998555,0.03988055225315993,6.71135139465332
2.3209999999998554,0.03983469706684557,6.70080041885376
2.3219999999998553,0.039788846977402946,6.690239429473877
2.322999999999855,0.039743002779628556,6.679672718048096
2.323999999999855,0.03969716526617509,6.669106483459473
2.324999999999855,0.03965133522755344,6.658485412597656
2.325999999999855,0.039605513452127664,6.647804260253906
2.3269999999998547,0.03955970072611917,6.637119293212891
2.3279999999998546,0.03951389783360335,6.626421928405762
2.3289999999998545,0.03946810555651022,6.615752220153809
2.3299999999998544,0.039422324674624566,6.605126857757568
2.3309999999998543,0.03937656119254799,6.594504356384277
2.331999999999854,0.039330869950351705,6.583885669708252
2.332999999999854,0.03928526531332032,6.5732598304748535
2.333999999999854,0.03923974718693608,6.562605381011963
2.334999999999854,0.03919431547768871,6.551919937133789
2.3359999999998537,0.039148970093091366,6.541234016418457
2.3369999999998536,0.03910371094169369,6.530548095703125
2.3379999999998535,0.03905853793309539,6.519891738891602
2.3389999999998534,0.03901345097796051,6.509235382080078
2.3399999999998533,0.03896844998803129,6.49857759475708
2.340999999999853,0.03892353487614219,6.487929344177246
2.341999999999853,0.038878705556232566,6.477272033691406
2.342999999999853,0.03883396194336292,6.466604232788086
2.343999999999853,0.03878930395372637,6.455959796905518
2.3449999999998528,0.038744731504665106,6.4453043937683105
2.3459999999998526,0.038700244514681306,6.434570789337158
2.3469999999998525,0.03865584290345354,6.423768997192383
2.3479999999998524,0.03861152659184974,6.412927627563477
2.3489999999998523,0.0385672955019416,6.402075290679932
2.349999999999852,0.03852314955701771,6.391204833984375
2.350999999999852,0.03847908868159884,6.38035774230957
2.351999999999852,0.03843511280145041,6.369500160217285
2.352999999999852,0.03839122184359741,6.358637809753418
2.3539999999998518,0.03834741573633798,6.347926139831543
2.3549999999998517,0.03830369440925845,6.337247848510742
2.3559999999998515,0.03826005779324563,6.326562881469727
2.3569999999998514,0.03821650582050192,6.315877914428711
2.3579999999998513,0.038173038424558575,6.305182456970215
2.358999999999851,0.038129655540290575,6.294478416442871
2.359999999999851,0.038086357103930005,6.283766269683838
2.360999999999851,0.03804314305307983,6.273043632507324
2.361999999999851,0.03800001332672861,6.262299537658691
2.3629999999998508,0.03795696786526422,6.251507759094238
2.3639999999998507,0.03791400661048704,6.240716934204102
2.3649999999998506,0.03787112950562466,6.22998046875
2.3659999999998504,0.0378283364953458,6.219098091125488
2.3669999999998503,0.03778562752577397,6.208261489868164
2.3679999999998502,0.03774300254450207,6.197574138641357
2.36899999999985,0.03770046150060545,6.186882019042969
2.36999999999985,0.0376580043446564,6.176189422607422
2.37099999999985,0.037615631028736746,6.165492057800293
2.37199999999985,0.03757334150645493,6.154729843139648
2.3729999999998497,0.037531135732956494,6.14360237121582
2.3739999999998496,0.0374890136649393,6.132453918457031
2.3749999999998495,0.03744697526066818,6.121291160583496
2.3759999999998493,0.037405020479987054,6.110118865966797
2.3769999999998492,0.03736314928433461,6.098923683166504
2.377999999999849,0.03732136163675703,6.087747573852539
2.378999999999849,0.037279657501921894,6.076552867889404
2.379999999999849,0.037238036846132375,6.065335273742676
2.380999999999849,0.03719645713047656,6.054100036621094
2.3819999999998487,0.037154816727853195,6.042864799499512
2.3829999999998486,0.0371132027123626,6.031612396240234
2.3839999999998485,0.03707168803289508,6.020351409912109
2.3849999999998484,0.03703027350421798,6.009077072143555
2.3859999999998482,0.03698895994652695,5.997817039489746
2.386999999999848,0.03694774818545259,5.986541748046875
2.387999999999848,0.03690663905206884,5.975252628326416
2.388999999999848,0.03686563338289873,5.96395206451416
2.389999999999848,0.036824732019922715,5.95263671875
2.3909999999998477,0.03678393581058272,5.941308975219727
2.3919999999998476,0.03674324560778886,5.929985523223877
2.3929999999998475,0.03670266226992519,5.918663501739502
2.3939999999998474,0.03666218666085319,5.907364845275879
2.3949999999998473,0.03662181964991772,5.896008491516113
2.395999999999847,0.036581562111948754,5.8845109939575195
2.396999999999847,0.03654141492726713,5.873085021972656
2.397999999999847,0.036501378981685616,5.861640930175781
2.398999999999847,0.03646145516651323,5.850193977355957
2.3999999999998467,0.03642164437855489,5.838735580444336
2.4009999999998466,0.03638194752011476,5.8272705078125
2.4019999999998465,0.03634236549899686,5.815793991088867
2.4029999999998464,0.036302899228505284,5.8043060302734375
2.4039999999998463,0.03626354962744412,5.792809963226318
2.404999999999846,0.03622431762011706,5.781306266784668
2.405999999999846,0.03618520413632645,5.769848346710205
2.406999999999846,0.03614621011137132,5.7583818435668945
2.407999999999846,0.03610733648604573,5.746880054473877
2.4089999999998457,0.036068584206635695,5.735391616821289
2.4099999999998456,0.036029954224916526,5.723919868469238
2.4109999999998455,0.03599144749814756,5.712460994720459
2.4119999999998454,0.035953064989069715,5.700981140136719
2.4129999999998453,0.03591480766589895,5.6894683837890625
2.413999999999845,0.035876676502322395,5.677938938140869
2.414999999999845,0.035836748134893466,5.666497707366943
2.415999999999845,0.03579680618228558,5.655092716217041
2.416999999999845,0.03575705836562017,5.643641471862793
2.4179999999998447,0.0357175058337795,5.632111549377441
2.4189999999998446,0.035678149735108,5.620306968688965
2.4199999999998445,0.03563899121733941,5.608455657958984
2.4209999999998444,0.03560003142752919,5.596593856811523
2.4219999999998443,0.03556127151197761,5.584713935852051
2.422999999999844,0.0355226735691795,5.5727715492248535
2.423999999999844,0.035484194954832446,5.560713768005371
2.424999999999844,0.03544583588771632,5.5486626625061035
2.425999999999844,0.0354075966086478,5.536612510681152
2.4269999999998437,0.035369477353210804,5.524504661560059
2.4279999999998436,0.035331478351731206,5.5123796463012695
2.4289999999998435,0.03529359982925813,5.500141143798828
2.4299999999998434,0.035255842005540904,5.487882614135742
2.4309999999998433,0.035218205095007823,5.475401878356934
2.431999999999843,0.03518068930674463,5.462884902954102
2.432999999999843,0.03514329484447178,5.450343132019043
2.433999999999843,0.035106021906525946,5.437790870666504
2.434999999999843,0.035068870685836556,5.425241470336914
2.4359999999998427,0.03503184136990509,5.412612438201904
2.4369999999998426,0.03499493414078558,5.39998197555542
2.4379999999998425,0.03495814917506163,5.387385368347168
2.4389999999998424,0.03492148664382677,5.374772548675537
2.4399999999998423,0.03486404080021626,5.36215877532959
2.440999999999842,0.0348035768583777,5.3495354652404785
2.441999999999842,0.03474317403161636,5.336887359619141
2.442999999999842,0.034682832645761046,5.324253082275391
2.443999999999842,0.03462255302420878,5.311615943908691
2.4449999999998417,0.034562335487907346,5.298971176147461
2.4459999999998416,0.0345021803553396,5.286308288574219
2.4469999999998415,0.034442087942505126,5.273638725280762
2.4479999999998414,0.03438205856290443,5.260959625244141
2.4489999999998413,0.03432209252752283,5.248270034790039
2.449999999999841,0.03426219014481077,5.23558235168457
2.450999999999841,0.03420235172067116,5.222881317138672
2.451999999999841,0.03414257755843899,5.210179328918457
2.452999999999841,0.03408286795886682,5.19744873046875
2.4539999999998408,0.03402322322010641,5.184600830078125
2.4549999999998406,0.03396364363769366,5.171706199645996
2.4559999999998405,0.03390412950453035,5.158787250518799
2.4569999999998404,0.03384468111086856,5.145855903625488
2.4579999999998403,0.033785298744293625,5.132915019989014
2.45899999999984,0.03372598268970748,5.119967937469482
2.45999999999984,0.03366673322931127,5.107052803039551
2.46099999999984,0.03360755064258961,5.094141006469727
2.46199999999984,0.03354843520629478,5.081212997436523
2.4629999999998398,0.03348938719442782,5.068272113800049
2.4639999999998397,0.033430406878223975,5.05532693862915
2.4649999999998395,0.03337147911997124,5.042366981506348
2.4659999999998394,0.03331257144447084,5.029391288757324
2.4669999999998393,0.0332536829131135,5.016406059265137
2.467999999999839,0.03319481364696907,5.00340461730957
2.468999999999839,0.03313596376352458,4.990405082702637
2.469999999999839,0.03307713337668108,4.977398872375488
2.470999999999839,0.03301832259674849,4.964402198791504
2.4719999999998388,0.03295953153043911,4.951382637023926
2.4729999999998387,0.032900760280863806,4.938356876373291
2.4739999999998386,0.03284200894752597,4.92534065246582
2.4749999999998384,0.032783277626316915,4.9123029708862305
2.4759999999998383,0.03272456640951171,4.899259567260742
2.476999999999838,0.032665875385763196,4.886205196380615
2.477999999999838,0.03260720464009814,4.872854232788086
2.478999999999838,0.032548554253912815,4.859368324279785
2.479999999999838,0.03248992430496818,4.845897674560547
2.480999999999838,0.03243131486738481,4.832395076751709
2.4819999999998377,0.03237272601164016,4.818592071533203
2.4829999999998376,0.03231415780456241,4.804774284362793
2.4839999999998374,0.032255610309329164,4.790863990783691
2.4849999999998373,0.03219708358545999,4.776556968688965
2.4859999999998372,0.03213857768881537,4.762190818786621
2.486999999999837,0.03208009267159102,4.747793197631836
2.487999999999837,0.03202162858231491,4.733362197875977
2.488999999999837,0.031963185465844195,4.718915939331055
2.489999999999837,0.031904763363359914,4.704415321350098
2.4909999999998367,0.03184636231236563,4.689888000488281
2.4919999999998366,0.031787982346681856,4.675283432006836
2.4929999999998365,0.03172837317245267,4.660679817199707
2.4939999999998363,0.03166796610468538,4.646036624908447
2.4949999999998362,0.031607369586519135,4.631258010864258
2.495999999999836,0.03154658450286173,4.616518974304199
2.496999999999836,0.03148561190194817,4.601778030395508
2.497999999999836,0.03142445283957123,4.587020397186279
2.498999999999836,0.03136310837890897,4.572251319885254
2.4999999999998357,0.03130157959036488,4.55747127532959
2.5009999999998356,0.031239867551409055,4.5426530838012695
2.5019999999998355,0.031177973346419557,4.527807712554932
2.5029999999998354,0.031115898066522596,4.512938976287842
2.5039999999998352,0.031053642809430078,4.498022079467773
2.504999999999835,0.030991208679283136,4.483036994934082
2.505999999999835,0.030928596786171797,4.468152046203613
2.506999999999835,0.03086580827392367,4.453250885009766
2.507999999999835,0.030802844280806208,4.438353538513184
2.5089999999998347,0.030739705914416292,4.423479080200195
2.5099999999998346,0.030676394253302645,4.408571243286133
2.5109999999998345,0.030612910348468317,4.393709182739258
2.5119999999998344,0.030549312286092527,4.37887716293335
2.5129999999998343,0.030485714815132486,4.364833354949951
2.513999999999834,0.03042223701012449,4.352374076843262
2.514999999999834,0.03035897247645445,4.341475486755371
2.515999999999834,0.030295916251086533,4.331997871398926
2.516999999999834,0.030233064205182465,4.322257995605469
2.5179999999998337,0.0301704127842906,4.312692165374756
2.5189999999998336,0.030107958920780456,4.30296516418457
2.5199999999998335,0.030045699966870884,4.293091773986816
2.5209999999998334,0.029983633664648082,4.282991886138916
2.5219999999998333,0.0299217581059694,4.272922515869141
2.522999999999833,0.029860071686275122,4.262660980224609
2.523999999999833,0.029798573063615733,4.252321243286133
2.524999999999833,0.029737261123332026,4.24193000793457
2.525999999999833,0.029676134947726987,4.231515407562256
2.5269999999998327,0.02961519378998815,4.22108793258667
2.5279999999998326,0.02955443705195878,4.21082067489624
2.5289999999998325,0.0294938642648985,4.2004594802856445
2.5299999999998324,0.0294334750730502,4.18991756439209
2.5309999999998323,0.029373269219535092,4.179310321807861
2.531999999999832,0.029313246517430468,4.168713092803955
2.532999999999832,0.029253406839343243,4.1582136154174805
2.533999999999832,0.029193750130683226,4.147472381591797
2.534999999999832,0.02913427640103053,4.1365766525268555
2.5359999999998317,0.029074985717045837,4.1257500648498535
2.5369999999998316,0.029015878196403562,4.114947319030762
2.5379999999998315,0.02895695400255853,4.104189872741699
2.5389999999998314,0.02889821334021224,4.093438148498535
2.5399999999998313,0.028839656451382527,4.082644462585449
2.540999999999831,0.028781283611983385,4.071850776672363
2.541999999999831,0.028723095128839173,4.061010837554932
2.542999999999831,0.028665091337066538,4.050360679626465
2.543999999999831,0.028607272597774472,4.039750576019287
2.5449999999998307,0.028549639296025872,4.028722763061523
2.5459999999998306,0.028492191839031927,4.017543792724609
2.5469999999998305,0.028434930654534986,4.006150245666504
2.5479999999998304,0.028377856189357793,3.9948368072509766
2.5489999999998303,0.028320968908089182,3.983546018600464
2.54999999999983,0.02826426929189578,3.972383499145508
2.55099999999983,0.028207757837428106,3.9614641666412354
2.55199999999983,0.02815143505581983,3.950507879257202
2.55299999999983,0.02809530147176175,3.9395785331726074
2.5539999999998297,0.028039357622638574,3.9286811351776123
2.5549999999998296,0.02798360405772815,3.9178287982940674
2.5559999999998295,0.02792804133744793,3.9070448875427246
2.5569999999998294,0.027872670032647408,3.8962106704711914
2.5579999999998293,0.027817490723939804,3.8854098320007324
2.558999999999829,0.027762504001074356,3.8746848106384277
2.559999999999829,0.027707710462336152,3.8639869689941406
2.560999999999829,0.027653110713980522,3.8533191680908203
2.561999999999829,0.027598705369696233,3.84271240234375
2.5629999999998287,0.027544495050094736,3.8321304321289062
2.5639999999998286,0.027490480382221814,3.821641683578491
2.5649999999998285,0.02743666199910151,3.811220645904541
2.5659999999998284,0.027383040539294634,3.8008365631103516
2.5669999999998283,0.027329616646484617,3.790377378463745
2.567999999999828,0.027276390969082846,3.779980421066284
2.568999999999828,0.027223364159857072,3.7696094512939453
2.569999999999828,0.027170536875576898,3.7592155933380127
2.570999999999828,0.027117909776679723,3.7489166259765625
2.5719999999998278,0.027065483526958208,3.7387638092041016
2.5729999999998276,0.027013258793261052,3.7285408973693848
2.5739999999998275,0.026961236245216208,3.7180356979370117
2.5749999999998274,0.02690941655496728,3.7074944972991943
2.5759999999998273,0.026857800396928776,3.696978807449341
2.576999999999827,0.02680638844755543,3.686453342437744
2.577999999999827,0.02675518138512857,3.6759090423583984
2.578999999999827,0.02670417988955258,3.6653892993927
2.579999999999827,0.02665338464217222,3.654879570007324
2.5809999999998268,0.026602796325595056,3.6444787979125977
2.5819999999998267,0.026552415623532624,3.6341028213500977
2.5829999999998265,0.026502243220648397,3.6237566471099854
2.5839999999998264,0.026452279802421187,3.6134400367736816
2.5849999999998263,0.02640252605501589,3.603053092956543
2.585999999999826,0.026352982665163657,3.592494010925293
2.586999999999826,0.026303650320053912,3.5820322036743164
2.587999999999826,0.02625452970723232,3.571632146835327
2.588999999999826,0.02620562151450656,3.5613017082214355
2.5899999999998258,0.02615692642986118,3.5510003566741943
2.5909999999998257,0.02610844514137707,3.540708065032959
2.5919999999998256,0.026060178337157777,3.530426025390625
2.5929999999998254,0.026012126705260617,3.520169258117676
2.5939999999998253,0.025964290933634303,3.5099892616271973
2.5949999999998252,0.025916671710059583,3.499784469604492
2.595999999999825,0.025869269722093434,3.489546775817871
2.596999999999825,0.025822085657019773,3.479336738586426
2.597999999999825,0.025775120201799034,3.4691479206085205
2.598999999999825,0.02572837404243134,3.458977222442627
2.5999999999998247,0.025681847854051587,3.448840618133545
2.6009999999998246,0.025635542297386016,3.438788414001465
2.6019999999998245,0.025589458018518786,3.428727626800537
2.6029999999998243,0.025543595648044023,3.4186673164367676
2.6039999999998242,0.025497955799303737,3.4086432456970215
2.604999999999824,0.02545253906511092,3.398773670196533
2.605999999999824,0.025407346011809648,3.3887343406677246
2.606999999999824,0.025362377168328343,3.3785576820373535
2.607999999999824,0.025317633005296727,3.3684189319610596
2.6089999999998237,0.025273113894894575,3.3583035469055176
2.6099999999998236,0.02522882006202501,3.348179340362549
2.6109999999998235,0.02518475225250609,3.3380956649780273
2.6119999999998234,0.02514091471697478,3.328047275543213
2.6129999999998232,0.02509730953334339,3.317934989929199
2.613999999999823,0.025053936306145795,3.307682991027832
2.614999999999823,0.025010795439498655,3.2975292205810547
2.615999999999823,0.024967887340915783,3.2870702743530273
2.616999999999823,0.02492521243236987,3.2765088081359863
2.6179999999998227,0.024882771150417343,3.2659590244293213
2.6189999999998226,0.0248405639448182,3.255434036254883
2.6199999999998225,0.02479859127710679,3.2449426651000977
2.6209999999998224,0.024756853619276903,3.234471321105957
2.6219999999998223,0.02471535145258904,3.2240161895751953
2.622999999999822,0.024674085266490738,3.2135672569274902
2.623999999999822,0.024633055557639144,3.203130006790161
2.624999999999822,0.02459226282901459,3.1927194595336914
2.625999999999822,0.024551707589116054,3.1823558807373047
2.6269999999998217,0.024511390351233148,3.172008991241455
2.6279999999998216,0.02447131163278654,3.1617627143859863
2.6289999999998215,0.02443147195472785,3.1515250205993652
2.6299999999998214,0.02439187184099719,3.141315460205078
2.6309999999998213,0.024352511818032628,3.131096601486206
2.631999999999821,0.024313392414323794,3.1209006309509277
2.632999999999821,0.024274514160010842,3.1107616424560547
2.633999999999821,0.024235877586517393,3.1006340980529785
2.634999999999821,0.02419748322622519,3.090496063232422
2.6359999999998207,0.02415933161217354,3.0803730487823486
2.6369999999998206,0.02412142327779463,3.0702619552612305
2.6379999999998205,0.024083758756671722,3.060177803039551
2.6389999999998204,0.024046338582320803,3.0501482486724854
2.6399999999998203,0.024009163288000242,3.0401930809020996
2.64099999999982,0.02397223340650257,3.030245542526245
2.64199999999982,0.02393554947004472,3.0200228691101074
2.64299999999982,0.023899112010116644,3.0098226070404053
2.64399999999982,0.02386292155736098,2.9996352195739746
2.6449999999998197,0.023826978641462125,2.98948335647583
2.6459999999998196,0.02379086002277657,2.9794793128967285
2.6469999999998195,0.023754542533629915,2.968745708465576
2.6479999999998194,0.02371800414668019,2.95796537399292
2.6489999999998193,0.023681223976112692,2.947052478790283
2.649999999999819,0.023644182245321874,2.936030149459839
2.650999999999819,0.023606860253193092,2.9248766899108887
2.651999999999819,0.023569240340123067,2.9133501052856445
2.652999999999819,0.02353131499691294,2.9014883041381836
2.6539999999998187,0.02349308317380331,2.8894896507263184
2.6549999999998186,0.02345454410988069,2.8776488304138184
2.6559999999998185,0.02341569729524036,2.865764856338501
2.6569999999998184,0.023376542436941698,2.853893995285034
2.6579999999998183,0.023337079429414417,2.842022657394409
2.658999999999818,0.02329730832887964,2.830232620239258
2.659999999999818,0.0232572293312739,2.818446159362793
2.660999999999818,0.02321684275321413,2.8065972328186035
2.661999999999818,0.02317614901559413,2.794708013534546
2.6629999999998177,0.023135148629465217,2.782846689224243
2.6639999999998176,0.023093842183897498,2.7709946632385254
2.6649999999998175,0.023052230335554896,2.759157180786133
2.6659999999998174,0.023010313799751388,2.7473514080047607
2.6669999999998173,0.022968093342798084,2.7355220317840576
2.667999999999817,0.02292556977545624,2.7236597537994385
2.668999999999817,0.022882743947353977,2.7117409706115723
2.669999999999817,0.02283961674223526,2.699794292449951
2.670999999999817,0.02279618907391981,2.6878132820129395
2.6719999999998167,0.02275103527983305,2.675811767578125
2.6729999999998166,0.022701568306034196,2.663811683654785
2.6739999999998165,0.022653593211791015,2.6517844200134277
2.6749999999998164,0.022605261213518357,2.639728546142578
2.6759999999998163,0.022556573967982323,2.6276345252990723
2.676999999999816,0.02250753308963254,2.6153831481933594
2.677999999999816,0.022458140156403683,2.603039264678955
2.678999999999816,0.02240839671514426,2.5905847549438477
2.679999999999816,0.022358304286662266,2.5780487060546875
2.6809999999998158,0.02230786437039886,2.56547212600708
2.6819999999998156,0.022257078448740815,2.5528693199157715
2.6829999999998155,0.022205947990983695,2.5402321815490723
2.6839999999998154,0.022154474456960047,2.5275635719299316
2.6849999999998153,0.022102659300351157,2.5147595405578613
2.685999999999815,0.02205050397169373,2.502046585083008
2.724999999999811,0.02182184930231671,2.5013155937194824
2.7269999999998107,0.021868799375235677,2.5024328231811523
2.7289999999998105,0.02190980631163042,2.502682685852051
2.7309999999998102,0.021944978631026048,2.501682758331299
2.73399999999981,0.02199451727029008,2.5041751861572266
2.7359999999998097,0.02202116019856345,2.501002073287964
2.7389999999998094,0.022058171327400775,2.5019664764404297
2.741999999999809,0.022091630866718608,2.501932144165039
2.7449999999998087,0.02212155798572045,2.501239538192749
2.7479999999998084,0.022147973816207235,2.500169038772583
2.751999999999808,0.022184050585815566,2.5020906925201416
2.7549999999998076,0.02220842085436829,2.5007200241088867
2.758999999999807,0.022240933546035353,2.5021629333496094
2.7629999999998067,0.022272720190960806,2.5013275146484375
2.7669999999998063,0.022303797465469434,2.5009207725524902
2.770999999999806,0.022334208890280392,2.500822067260742
2.7749999999998054,0.022364108847208422,2.5008106231689453
2.778999999999805,0.02239319922298115,2.5012621879577637
2.7829999999998045,0.02242139924604942,2.501600503921509
2.786999999999804,0.022448671474344248,2.5020618438720703
2.7909999999998036,0.0224749738247497,2.502551317214966
2.794999999999803,0.022500273755056956,2.5029592514038086
2.7989999999998028,0.02252434309041567,2.5029420852661133
2.8029999999998023,0.022547114258361624,2.502793788909912
2.806999999999802,0.022568575550246238,2.502570152282715
2.8109999999998014,0.022588728129284315,2.5022664070129395
2.814999999999801,0.022607631995256193,2.5019543170928955
2.8189999999998006,0.022625355267908036,2.5016212463378906
2.8229999999998,0.022641910328448013,2.5012903213500977
2.8269999999997997,0.022657758227531757,2.5006604194641113
2.8309999999997992,0.022674542160494762,2.5023856163024902
2.833999999999799,0.022684381217369702,2.501223087310791
2.8379999999997985,0.022698777277970254,2.503145456314087
2.840999999999798,0.022708095023328663,2.5023040771484375
2.843999999999798,0.022715444477926845,2.501175880432129
2.8479999999997974,0.022728449504222557,2.5031356811523438
2.850999999999797,0.022738219475286647,2.502419948577881
2.8539999999997967,0.02274728311436036,2.5015244483947754
2.8569999999997964,0.02275603953038933,2.500511646270752
2.860999999999796,0.02277284053884447,2.502549171447754
2.8639999999997956,0.022787064944840958,2.502397298812866
2.8669999999997953,0.022802014942373515,2.5024003982543945
2.869999999999795,0.022818103698960417,2.502575397491455
2.8729999999997946,0.02283578186812122,2.5028388500213623
2.8749999999997944,0.022845666675601478,2.500246524810791
2.877999999999794,0.022862542201968414,2.500977039337158
2.8809999999997937,0.022882302984829864,2.501948595046997
2.8829999999997935,0.022894476958754933,2.5000128746032715
2.885999999999793,0.022915508456526797,2.5015406608581543
2.888999999999793,0.02294946783269821,2.513965129852295
2.8899999999997927,0.02295735977985012,2.504228115081787
2.8919999999997925,0.02297343219796865,2.5041069984436035
2.8939999999997923,0.02298638720826557,2.500481605529785
2.897999999999792,0.023018697992316525,2.5018420219421387
2.9009999999997915,0.023044940055814346,2.5010647773742676
2.903999999999791,0.023071697536398005,2.5004305839538574
2.9079999999997908,0.02311323105384088,2.503326416015625
2.9099999999997905,0.023131550523645454,2.500175952911377
2.91299999999979,0.023159371634930308,2.5003809928894043
2.91599999999979,0.02318753699783585,2.5001978874206543
2.9189999999997895,0.023216012535528158,2.500035524368286
2.922999999999789,0.02325952531271376,2.503371000289917
2.924999999999789,0.023278747163641693,2.5003573894500732
2.9279999999997885,0.023307782262306002,2.5006155967712402
2.930999999999788,0.02333711522999489,2.500530481338501
2.933999999999788,0.023366802466330418,2.5004899501800537
2.9369999999997876,0.02339686204865979,2.5004382133483887
2.9399999999997872,0.02342727577345568,2.5003819465637207
2.942999999999787,0.023458220454538575,2.5003247261047363
2.9459999999997866,0.023489999700962466,2.5002031326293945
2.9489999999997862,0.02352264479393039,2.5001564025878906
2.952999999999786,0.023572282023448902,2.5034022331237793
2.9549999999997856,0.02359483298844664,2.5002522468566895
2.9579999999997852,0.023629196890392362,2.50032901763916
2.961999999999785,0.023681048708328635,2.5031991004943848
2.9649999999997845,0.023721726709145775,2.503438711166382
2.967999999999784,0.02376283869761943,2.503690719604492
2.969999999999784,0.02378707426554494,2.500107526779175
2.9739999999997835,0.023841455733144862,2.503133773803711
2.976999999999783,0.02388402933916276,2.503182888031006
2.979999999999783,0.02392702341587845,2.5032267570495605
2.9829999999997825,0.023970433102889162,2.5033020973205566
2.985999999999782,0.02401395165854415,2.5033116340637207
2.988999999999782,0.024057389852286115,2.503261089324951
2.9919999999997815,0.024100752318039,2.5031046867370605
2.994999999999781,0.024144032231344113,2.502732753753662
2.997999999999781,0.024187214092179013,2.502293109893799
3.0009999999997805,0.02423028907536051,2.501763343811035
3.00399999999978,0.024273264154418946,2.5011649131774902
3.00699999999978,0.024316133046751495,2.5005030632019043
3.0109999999997794,0.024378124678981254,2.5031285285949707
3.013999999999779,0.024425531374694352,2.5031895637512207
3.0169999999997787,0.024472619818716033,2.5031824111938477
3.0199999999997784,0.024519406393147508,2.5030813217163086
3.022999999999778,0.024565894105391624,2.502875566482544
3.0259999999997778,0.02461209186833805,2.5025582313537598
3.0289999999997774,0.024657998146354138,2.502106189727783
3.031999999999777,0.02470362470740676,2.5015625953674316
3.0349999999997768,0.024748970810543267,2.5009236335754395
3.0379999999997764,0.02479411603028301,2.5002946853637695
3.041999999999776,0.024859127762778828,2.5029702186584473
3.0449999999997757,0.024908777724411184,2.503005027770996
3.0479999999997753,0.02495810064519051,2.5029590129852295
3.050999999999775,0.02500710475361083,2.5027987957000732
3.0539999999997747,0.025055806890938885,2.5025298595428467
3.0569999999997743,0.02510421313351279,2.502169609069824
3.059999999999774,0.025152338180537838,2.5017144680023193
3.0629999999997737,0.02520017716906222,2.5011019706726074
3.0659999999997734,0.02524772176396539,2.5003609657287598
3.069999999999773,0.025315780327256808,2.502899646759033
3.0729999999997726,0.025367600602209425,2.502800464630127
3.0759999999997722,0.025419014212040167,2.502655506134033
3.078999999999772,0.025470043775605848,2.5023837089538574
3.0819999999997716,0.025520695639406954,2.5019888877868652
3.0849999999997713,0.025570971174712506,2.501246690750122
3.087999999999771,0.025620842849631176,2.5001611709594727
3.0919999999997705,0.025691857745409982,2.5021262168884277
3.09499999999977,0.02574574527130842,2.501431941986084
3.09799999999977,0.025799083061311553,2.5007095336914062
3.1019999999997694,0.025874527082777737,2.5032155513763428
3.104999999999769,0.025931641009174708,2.503112316131592
3.1079999999997687,0.02598812008101581,2.5028858184814453
3.1109999999997684,0.026043996045069587,2.502483606338501
3.113999999999768,0.02609930781305473,2.50199556350708
3.1169999999997677,0.02615408277361317,2.501375198364258
3.1199999999997674,0.02620835091109723,2.5005531311035156
3.123999999999767,0.026285094873454817,2.5028886795043945
3.1269999999997666,0.026343209014265262,2.502566337585449
3.1299999999997663,0.026400696430980586,2.502124786376953
3.132999999999766,0.026457575108486557,2.501506805419922
3.1359999999997656,0.026513871863837808,2.5007410049438477
3.139999999999765,0.026593216549429262,2.503176689147949
3.142999999999765,0.02665320338944909,2.502927780151367
3.1459999999997645,0.026712499013969243,2.5025291442871094
3.148999999999764,0.026771332713136996,2.50197172164917
3.151999999999764,0.02682081380119001,2.5012283325195312
3.1549999999997635,0.026869513830528345,2.500361442565918
3.158999999999763,0.026887351661882268,2.5026416778564453
3.161999999999763,0.026871011679782918,2.502359390258789
3.1649999999997624,0.026854575383344903,2.501938819885254
3.167999999999762,0.026836033760134062,2.50130558013916
3.170999999999762,0.026816441429113533,2.5004985332489014
3.1749999999997613,0.026794892313543227,2.5029125213623047
3.177999999999761,0.026776093874266625,2.502718925476074
3.1809999999997607,0.026728883716131913,2.5023980140686035
3.1839999999997604,0.026680403275723394,2.501877784729004
3.18699999999976,0.026630693203627036,2.5011820793151855
3.1899999999997597,0.026579785634359546,2.5002994537353516
3.1939999999997593,0.0265163946914498,2.5024428367614746
3.196999999999759,0.026468865890230002,2.501978874206543
3.1999999999997586,0.026420018477250465,2.501359701156616
3.2029999999997583,0.026369855699419055,2.5003819465637207
3.206999999999758,0.02630713145113662,2.5021309852600098
3.2099999999997575,0.02625987214832455,2.501451015472412
3.212999999999757,0.026211131867000075,2.5006089210510254
3.2169999999997567,0.02615019554827385,2.502708911895752
3.2199999999997564,0.02610421581789045,2.502232074737549
3.222999999999756,0.026056673524102923,2.50154447555542
3.2259999999997557,0.026007610417092833,2.500603437423706
3.2299999999997553,0.02594615311399938,2.5024466514587402
3.232999999999755,0.02589972865799077,2.5017077922821045
3.2359999999997546,0.025851736086098705,2.5007388591766357
3.239999999999754,0.025791685139214544,2.5028395652770996
3.242999999999754,0.025746322201266665,2.5022730827331543
3.2459999999997535,0.025699382843118998,2.5014824867248535
3.248999999999753,0.025650926437957904,2.500441551208496
3.2529999999997528,0.02559029052518738,2.502427816390991
3.2559999999997524,0.025544496385285463,2.501742362976074
3.258999999999752,0.02549713225580353,2.5008320808410645
3.2629999999997517,0.025437859905488414,2.5029995441436768
3.2659999999997513,0.025393029254314844,2.502401828765869
3.268999999999751,0.025346588771702157,2.5015673637390137
3.2719999999997507,0.025298585271545673,2.500464916229248
3.2759999999997502,0.025238447941731523,2.5024824142456055
3.27899999999975,0.025192965808199144,2.5017075538635254
3.2819999999997496,0.02514586899250533,2.5006799697875977
3.285999999999749,0.025086868292523594,2.5027570724487305
3.288999999999749,0.02504220611413381,2.5019474029541016
3.2919999999997485,0.0249959287652389,2.5008902549743652
3.295999999999748,0.024938110891862902,2.5030198097229004
3.2989999999997477,0.024894412026801142,2.5022506713867188
3.3019999999997474,0.024849178143740457,2.501224994659424
3.305999999999747,0.024792791590145788,2.503344774246216
3.3089999999997466,0.024750092988078433,2.502678155899048
3.3119999999997463,0.02470575836608685,2.5017809867858887
3.314999999999746,0.024659856230717626,2.5006017684936523
3.3189999999997455,0.02460244975427981,2.5021347999572754
3.321999999999745,0.024558956088856082,2.5009045600891113
3.3259999999997447,0.024504589805584787,2.5025994777679443
3.3289999999997444,0.024463262892151824,2.5015549659729004
3.331999999999744,0.02442018152751648,2.5002493858337402
3.3359999999997436,0.02436629040664294,2.501781463623047
3.3389999999997433,0.024325292535667634,2.5007123947143555
3.342999999999743,0.02427399962962192,2.5025277137756348
3.3459999999997425,0.024234830235511415,2.5015463829040527
3.348999999999742,0.02419376464696482,2.500101089477539
3.3529999999997417,0.024142338149887074,2.5014467239379883
3.3559999999997414,0.024103040262001836,2.5001842975616455
3.359999999999741,0.024053871697229917,2.5018131732940674
3.3629999999997406,0.024016206762371622,2.500770330429077
3.36699999999974,0.023969136195745575,2.5026726722717285
3.36999999999974,0.023932988875175962,2.5018186569213867
3.3729999999997395,0.023894853405704956,2.50067138671875
3.376999999999739,0.023847201749534523,2.502445936203003
3.3799999999997388,0.02381065294659044,2.5014920234680176
3.3829999999997384,0.02377212593383786,2.5002033710479736
3.386999999999738,0.02372393963691133,2.5017709732055664
3.3899999999997377,0.02368699719895076,2.5006494522094727
3.3939999999997372,0.023640890513189967,2.5024971961975098
3.396999999999737,0.02360546359941388,2.501587390899658
3.3999999999997366,0.023568040246973697,2.50020170211792
3.403999999999736,0.023521298192786,2.501326560974121
3.4079999999997357,0.023478972530106355,2.502990245819092
3.4109999999997354,0.023446101260488614,2.502009391784668
3.413999999999735,0.023411002615069454,2.500673770904541
3.4179999999997346,0.023366978944216563,2.5019750595092773
3.4209999999997343,0.02333286555545907,2.5006816387176514
3.424999999999734,0.023290096079883506,2.5021119117736816
3.4279999999997335,0.02325688948328613,2.5009660720825195
3.431999999999733,0.023215244507853144,2.5023369789123535
3.4349999999997327,0.023182810410541946,2.5010766983032227
3.4389999999997323,0.023142141325908146,2.502530097961426
3.441999999999732,0.0231103815767569,2.5011239051818848
3.4459999999997315,0.02307043011664138,2.5020670890808105
3.448999999999731,0.023039111782793158,2.5004663467407227
3.4529999999997307,0.022999715529147056,2.5014357566833496
3.4569999999997303,0.02296401215039643,2.50286865234375
3.45999999999973,0.022935736489046926,2.5016589164733887
3.4629999999997296,0.022904935444661226,2.500037670135498
3.466999999999729,0.022866146370449203,2.500873565673828
3.4709999999997287,0.02283091149068458,2.502347469329834
3.4739999999997284,0.0228029017103136,2.5011720657348633
3.477999999999728,0.02276760356381207,2.5026168823242188
3.4809999999997276,0.02273955932233067,2.5014638900756836
3.484999999999727,0.022704245880364946,2.5029542446136475
3.487999999999727,0.022676195645093267,2.501533031463623
3.4919999999997264,0.022640914998427922,2.502248764038086
3.494999999999726,0.022612927400052475,2.500328540802002
3.4989999999997257,0.022577744706640777,2.5009584426879883
3.5029999999997252,0.02254601423427425,2.5021069049835205
3.505999999999725,0.02252059180825019,2.5006299018859863
3.5099999999997245,0.02248867419753285,2.5018322467803955
3.512999999999724,0.022463089810617794,2.5001258850097656
3.5169999999997237,0.022430960822992396,2.50093674659729
3.5209999999997232,0.022402071094347782,2.502072811126709
3.523999999999723,0.022378653368268386,2.5002050399780273
3.5279999999997225,0.0223492672966518,2.5008034706115723
3.531999999999722,0.0223229787366774,2.5017776489257812
3.5349999999997217,0.022301419774607735,2.5001137256622314
3.5389999999997213,0.0222743914365707,2.5010011196136475
3.542999999999721,0.022250357801003248,2.502302646636963
3.5459999999997205,0.022230442949018915,2.500892162322998
3.54999999999972,0.022205547432400413,2.5020523071289062
3.5529999999997197,0.02218502995700318,2.500511884689331
3.5569999999997193,0.022159412572303562,2.501431941986084
3.560999999999719,0.022136812312201187,2.502774238586426
3.5639999999997185,0.022118045027267982,2.5014095306396484
3.567999999999718,0.022094805529421016,2.502584457397461
3.5709999999997177,0.022075582779639558,2.501077651977539
3.5749999999997173,0.022051756479581963,2.5022051334381104
3.577999999999717,0.022032128546345085,2.500615119934082
3.5819999999997165,0.022007847296960606,2.5016114711761475
3.584999999999716,0.02198809854077423,2.5005059242248535
3.5889999999997158,0.0219638509948245,2.502056837081909
3.5919999999997154,0.021944115819739,2.5008206367492676
3.595999999999715,0.021919838599943176,2.5021018981933594
3.5989999999997146,0.02190005992358049,2.500351905822754
3.602999999999714,0.0218752689708262,2.500577449798584
3.6069999999997138,0.021853174413440653,2.501265525817871
3.6109999999997133,0.021833646317426264,2.5023767948150635
3.613999999999713,0.021816884546129026,2.500753402709961
3.6179999999997126,0.021795835016717946,2.5017337799072266
3.621999999999712,0.021777381991606573,2.503093719482422
3.6259999999997117,0.021761711210335107,2.5031228065490723
3.6289999999997113,0.021748008693121587,2.5004827976226807
3.632999999999711,0.021731096973493062,2.5008773803710938
3.6369999999997105,0.021716761336378697,2.5014564990997314
3.64099999999971,0.021704899010756222,2.5019803047180176
3.6449999999997096,0.021695386584104935,2.502662181854248
3.648999999999709,0.021688056896253728,2.5035834312438965
3.651999999999709,0.021680197369387914,2.5011606216430664
3.6559999999997084,0.021670649068980558,2.501628875732422
3.659999999999708,0.021663179774359984,2.502358913421631
3.6639999999997075,0.021657719017407442,2.5034215450286865
3.666999999999707,0.021651210947163692,2.5008184909820557
3.6709999999997067,0.021643434507416452,2.501098155975342
3.6749999999997063,0.021637712654313232,2.5016040802001953
3.678999999999706,0.021633948461792923,2.5021064281463623
3.6829999999997054,0.02163205199943588,2.502741813659668
3.686999999999705,0.02163195358308006,2.5033316612243652
3.6899999999997046,0.021629290727049826,2.500774621963501
3.693999999999704,0.02162641862309199,2.501002788543701
3.6979999999997037,0.021625370385368478,2.5015549659729004
3.7019999999997033,0.02162606695497392,2.50272274017334
3.704999999999703,0.021623950439888892,2.500682830810547
3.7089999999997025,0.021621749715150393,2.5013744831085205
3.712999999999702,0.02162115941140886,2.50178861618042
3.7169999999997017,0.021621921589011446,2.5021958351135254
3.720999999999701,0.02162397393016502,2.503113269805908
3.723999999999701,0.021622600445121862,2.5005993843078613
3.7279999999997004,0.02162102070737349,2.5010128021240234
3.7319999999997,0.021620683510967013,2.5014305114746094
3.7359999999996996,0.021621469434947083,2.501957416534424
3.739999999999699,0.021623300929020386,2.502685546875
3.742999999999699,0.02162159314040884,2.500119686126709
3.7469999999996983,0.0216193487597608,2.500322103500366
3.750999999999698,0.021618255156800575,2.500847101211548
3.7549999999996975,0.021618274978008653,2.501549243927002
3.758999999999697,0.021619332331164316,2.5022997856140137
3.7629999999996966,0.021621391269759316,2.5032639503479004
3.7659999999996963,0.021619815055741308,2.500945806503296
3.769999999999696,0.021617775602823033,2.501502275466919
3.7739999999996954,0.02161690979997752,2.5022165775299072
3.777999999999695,0.021617165863882744,2.5030505657196045
3.7809999999996946,0.021614334363580234,2.5006332397460938
3.784999999999694,0.02161069140250381,2.500798463821411
3.7889999999996937,0.021608309710842814,2.501185417175293
3.7929999999996933,0.021607167644877703,2.5018200874328613
3.796999999999693,0.021607184786902767,2.502936840057373
3.7999999999996925,0.021604234030082423,2.501237392425537
3.803999999999692,0.021600503462305104,2.5021681785583496
3.8069999999996917,0.021594923697574625,2.500056028366089
3.8109999999996913,0.021588033889541586,2.5005064010620117
3.814999999999691,0.021582877846856495,2.5011982917785645
3.8189999999996904,0.02157938685747239,2.5021886825561523
3.82199999999969,0.021574096784964338,2.5005407333374023
3.8259999999996896,0.02156760859020144,2.501455307006836
3.829999999999689,0.02156284595364994,2.5025980472564697
3.832999999999689,0.021556628058056443,2.5008132457733154
3.8369999999996884,0.021548917522515663,2.5013816356658936
3.840999999999688,0.021542946462317317,2.502225875854492
3.8439999999996877,0.021535853928058013,2.5003929138183594
3.8479999999996872,0.021527018173336146,2.501027822494507
3.851999999999687,0.021520008212950456,2.5018322467803955
3.8549999999996865,0.02151220282647673,2.5002312660217285
3.858999999999686,0.02150249489212909,2.500847339630127
3.8629999999996856,0.021494653076584824,2.5018177032470703
3.8659999999996852,0.021486250569838217,2.500192880630493
3.869999999999685,0.0214757816508988,2.500795841217041
3.8739999999996844,0.02146716802725219,2.501830577850342
3.876999999999684,0.0214581311206955,2.5002236366271973
3.8809999999996836,0.021446674662894932,2.500662326812744
3.884999999999683,0.02143688666607846,2.5013155937194824
3.8889999999996827,0.02142866474136066,2.502230167388916
3.8919999999996824,0.021419713869985195,2.500288963317871
3.895999999999682,0.021408240289173576,2.5001213550567627
3.8999999999996815,0.02139832937656152,2.5000953674316406
3.903999999999681,0.021389884046471914,2.500290632247925
3.9079999999996806,0.02138294595822309,2.500767707824707
3.91199999999968,0.02137751114079684,2.5014538764953613
3.9159999999996797,0.021373574997946405,2.502359390258789
3.9189999999996794,0.021367740875829794,2.500142812728882
3.922999999999679,0.02136039020750629,2.5004687309265137
3.9269999999996785,0.02135462928851129,2.501077651977539
3.930999999999678,0.021350394843904878,2.5019142627716064
3.9349999999996776,0.021347640341717142,2.502931594848633
3.9379999999996773,0.02134260325762604,2.5008697509765625
3.941999999999677,0.02133628956670968,2.5011940002441406
3.9459999999996764,0.02133159327265822,2.5017943382263184
3.949999999999676,0.021328461850117414,2.502605676651001
3.9529999999996757,0.02132314056579359,2.50034236907959
3.956999999999675,0.021316441518790523,2.5004334449768066
3.960999999999675,0.021311331503046822,2.500814437866211
3.9649999999996743,0.021307772464112314,2.5015816688537598
3.968999999999674,0.021305746876493246,2.502652645111084
3.9719999999996736,0.021301199171832562,2.500631332397461
3.975999999999673,0.02129553003242076,2.500934362411499
3.9799999999996727,0.02129158227922416,2.5012965202331543
3.9839999999996722,0.02128933694835934,2.5018014907836914
3.987999999999672,0.021288743242932326,2.502495288848877
3.9909999999996715,0.021285287123734148,2.5001063346862793
3.994999999999671,0.021281173207755695,2.5000100135803223
3.9999999999996705,0.021284087331136084,2.503114700317383
4.0029999999996715,0.021284222540717795,2.500321388244629
4.006999999999673,0.021284705511568122,2.5002193450927734
4.010999999999674,0.02128673768408751,2.5002670288085938
4.0149999999996755,0.02129027776197042,2.5005269050598145
4.018999999999677,0.02129529602121613,2.5010218620300293
4.022999999999678,0.021301768293789075,2.501737117767334
4.0269999999996795,0.021309658062261067,2.502596855163574
4.030999999999681,0.021318966565290316,2.50360107421875
4.033999999999682,0.021322705778903835,2.5009965896606445
4.037999999999683,0.021328098218890104,2.501324415206909
4.0419999999996845,0.021335186358764906,2.501829147338867
4.045999999999686,0.021344040428317126,2.5024526119232178
4.049999999999687,0.021354823966375953,2.503229856491089
4.052999999999688,0.021359945645789004,2.5003342628479004
4.0569999999996895,0.021367565027209677,2.5005483627319336
4.060999999999691,0.021377319471210424,2.500981330871582
4.064999999999692,0.021389172907384242,2.501537799835205
4.0689999999996935,0.021403116177963852,2.502366065979004
4.072999999999695,0.021419140872566342,2.503448486328125
4.075999999999696,0.021428250265617656,2.50079345703125
4.079999999999697,0.02144140305109276,2.501312732696533
4.0839999999996985,0.021457008421274605,2.502243995666504
4.0879999999997,0.02147509328340571,2.5035431385040283
4.090999999999701,0.02148600019736803,2.5011565685272217
4.094999999999702,0.02150184817423515,2.501962184906006
4.0989999999997035,0.021520437825255506,2.5030288696289062
4.1019999999997045,0.021531847323652542,2.500469207763672
4.105999999999706,0.021548491358797953,2.501051187515259
4.109999999999707,0.021568009146603777,2.5020058155059814
4.113999999999709,0.021590353596819788,2.5033528804779053
4.11699999999971,0.021604663674068866,2.501084566116333
4.120999999999711,0.02162523644178116,2.5019612312316895
4.124999999999712,0.021648637903004954,2.503099203109741
4.127999999999713,0.02166373284372116,2.5006442070007324
4.131999999999715,0.021685384647797894,2.5013797283172607
4.135999999999716,0.021709991852129212,2.502436637878418
4.139999999999717,0.021737507879846095,2.503891944885254
4.142999999999718,0.021755739314251225,2.5016064643859863
4.14699999999972,0.02178168733239843,2.5027923583984375
4.149999999999721,0.0217988827615518,2.500336170196533
4.153999999999722,0.021823598903324345,2.501199722290039
4.157999999999723,0.02185153432615862,2.5024302005767822
4.161999999999725,0.02188260486608235,2.5036911964416504
4.164999999999726,0.021903484315132983,2.5013160705566406
4.168999999999727,0.021932607910647585,2.5024144649505615
4.172999999999728,0.021964387925675607,2.5037269592285156
4.175999999999729,0.021985611599668935,2.501507520675659
4.179999999999731,0.02201524448620698,2.5025501251220703
4.183999999999732,0.022047589843934727,2.5039236545562744
4.186999999999733,0.022069262054398436,2.501856803894043
4.190999999999734,0.022099509740916998,2.5028908252716064
4.193999999999735,0.02211966182892093,2.5004239082336426
4.197999999999737,0.022147911352029016,2.5010476112365723
4.201999999999738,0.02217871294529112,2.5018362998962402
4.205999999999739,0.022211935527579482,2.503005027770996
4.20899999999974,0.02223406056682476,2.50073504447937
4.212999999999742,0.022264630342161397,2.5015273094177246
4.216999999999743,0.02229761503633343,2.5026943683624268
4.219999999999744,0.022319578686926106,2.500454902648926
4.223999999999745,0.022349984053135638,2.501343250274658
4.227999999999747,0.02238286845724237,2.502584457397461
4.230999999999748,0.022404783167980724,2.500394344329834
4.234999999999749,0.022435156472034264,2.5013267993927
4.23899999999975,0.022468037910552102,2.5026330947875977
4.241999999999751,0.02248997698713527,2.500523805618286
4.245999999999753,0.02252029760416064,2.5014524459838867
4.249999999999754,0.022553009527031494,2.50281023979187
4.252999999999755,0.022574743237950126,2.500883102416992
4.256999999999756,0.02260480975638479,2.502060890197754
4.260999999999758,0.022637269799350983,2.5034265518188477
4.263999999999759,0.022658804377891653,2.5013856887817383
4.26799999999976,0.022688565005445485,2.5024421215057373
4.270999999999761,0.022708170644508002,2.5001673698425293
4.274999999999762,0.02273551142967333,2.5008630752563477
4.278999999999764,0.02276540849511341,2.501823902130127
4.282999999999765,0.022797743590439117,2.5031323432922363
4.285999999999766,0.022819205675209724,2.5010733604431152
4.289999999999767,0.022848930431881215,2.502054214477539
4.293999999999769,0.022881144981470265,2.5033180713653564
4.29699999999977,0.022902546403615456,2.5012149810791016
4.300999999999771,0.022932221989410785,2.50212025642395
4.304999999999772,0.022964416746781062,2.503398895263672
4.307999999999773,0.02298581603456084,2.501652240753174
4.311999999999775,0.02301552394479236,2.5028562545776367
4.314999999999776,0.023035149141386796,2.500889778137207
4.318999999999777,0.02306259073412483,2.501891613006592
4.322999999999778,0.02309268262580779,2.5033364295959473
4.325999999999779,0.023112567661764782,2.501704692840576
4.329999999999781,0.02314036796856008,2.5029590129852295
4.332999999999782,0.023158620974528643,2.5011746883392334
4.336999999999783,0.0231842761542113,2.5020623207092285
4.340999999999784,0.023212591681412147,2.5032849311828613
4.343999999999785,0.023231152049054543,2.50150203704834
4.347999999999787,0.02325720069657751,2.502542018890381
4.350999999999788,0.023275320478649525,2.51416015625
4.351999999999788,0.023274501164794535,2.5145740509033203
4.352999999999788,0.02326919128280753,2.5065455436706543
4.35799999999979,0.02327033725921064,2.500337600708008
4.362999999999792,0.023291374977263295,2.5002667903900146
4.366999999999793,0.02331641377384079,2.5012874603271484
4.369999999999794,0.023334106479342413,2.5008535385131836
4.372999999999795,0.02334945198541437,2.5001072883605957
4.376999999999796,0.02337296069088554,2.5022342205047607
4.379999999999797,0.023389269623199954,2.50216007232666
4.382999999999798,0.02340309340318867,2.5016989707946777
4.385999999999799,0.02341454925856952,2.5011067390441895
4.3889999999998,0.023423720726661337,2.5003159046173096
4.392999999999802,0.023439038615690133,2.502049446105957
4.395999999999803,0.02344928955049984,2.5018820762634277
4.398999999999804,0.023457157051956785,2.5013599395751953
4.401999999999805,0.02346273696354438,2.50052547454834
4.405999999999806,0.0234732181541841,2.5019607543945312
4.408999999999807,0.023479839195522906,2.5016932487487793
4.411999999999808,0.02348410070886471,2.5010437965393066
4.414999999999809,0.023486126144436466,2.500063419342041
4.41899999999981,0.02349196106501974,2.501176118850708
4.421999999999811,0.023495326605699314,2.5011141300201416
4.424999999999812,0.02349665444016906,2.5010461807250977
4.427999999999813,0.023496120629585296,2.5009684562683105
4.430999999999814,0.023493874592257012,2.500744342803955
4.433999999999815,0.02349004240207412,2.500537872314453
4.436999999999816,0.02348472808258465,2.500361919403076
4.439999999999817,0.023478010551647013,2.5001230239868164
4.443999999999819,0.02347292972525434,2.501249313354492
4.44699999999982,0.023468644891332775,2.5012149810791016
4.449999999999821,0.02346260806309579,2.5006723403930664
4.453999999999822,0.023457802748986574,2.5011487007141113
4.456999999999823,0.023453281053783588,2.5007429122924805
4.460999999999824,0.02345003751775402,2.501387119293213
4.463999999999825,0.02344640024989894,2.5010616779327393
4.466999999999826,0.02344048449727864,2.500204563140869
4.470999999999828,0.023435158295722708,2.5004377365112305
4.474999999999829,0.02343349950974611,2.5014686584472656
4.47799999999983,0.023430677551302466,2.5013105869293213
4.480999999999831,0.023425323742512105,2.5005557537078857
4.4849999999998325,0.02342041152279445,2.5007081031799316
4.488999999999834,0.023418848063898087,2.501542568206787
4.491999999999835,0.0234159103533065,2.5011491775512695
4.494999999999836,0.02341030270383687,2.500166893005371
4.498999999999837,0.023404933457682228,2.500243902206421
4.5029999999998385,0.02340277098454975,2.500944137573242
4.5059999999998395,0.02339928533521521,2.5004653930664062
4.509999999999841,0.023396383939795172,2.501006841659546
4.512999999999842,0.023392328430787264,2.500498056411743
4.516999999999843,0.023388678767272332,2.5010199546813965
4.519999999999844,0.023384068940912002,2.5005288124084473
4.5239999999998455,0.02337967147881194,2.5010128021240234
4.5269999999998465,0.023374495603220496,2.500469923019409
4.530999999999848,0.023369340454358817,2.5008840560913086
4.533999999999849,0.02336359591273951,2.500286340713501
4.53799999999985,0.023357692663242904,2.5006470680236816
4.540999999999851,0.023351400094480286,2.50003719329834
4.5449999999998525,0.02334477234022283,2.500333309173584
4.548999999999854,0.023341062818268553,2.50130558013916
4.551999999999855,0.023336281839213144,2.5010600090026855
4.554999999999856,0.023328624124631617,2.5001585483551025
4.558999999999857,0.02332015694917486,2.500129222869873
4.5629999999998585,0.023314540513573977,2.500788688659668
4.5659999999998595,0.02330827076595996,2.5004467964172363
4.569999999999861,0.023301475345532563,2.5010619163513184
4.572999999999862,0.023294405461893902,2.5004210472106934
4.576999999999863,0.023286626398948393,2.500741958618164
4.5809999999998645,0.023281699293889582,2.501638889312744
4.5839999999998655,0.023275993995337807,2.501375675201416
4.5869999999998665,0.023267442925622085,2.5004935264587402
4.590999999999868,0.023257881275348675,2.500568151473999
4.594999999999869,0.023251324478435913,2.501303195953369
4.59799999999987,0.023244471345933798,2.500880718231201
4.6019999999998715,0.023236876900949693,2.5011582374572754
4.6049999999998725,0.023228818002138343,2.500126361846924
4.609999999999874,0.023222071175617857,2.500947952270508
4.612999999999875,0.02321676899798744,2.500546455383301
4.6169999999998765,0.02321033331353465,2.5004615783691406
4.620999999999878,0.023205569539821516,2.500577688217163
4.624999999999879,0.023202345466002798,2.500871419906616
4.62799999999988,0.023197097357332414,2.500117301940918
4.632999999999882,0.02319447730541179,2.5008316040039062
4.635999999999883,0.023191218308467994,2.5002646446228027
4.6409999999998846,0.023191490479727003,2.501368284225464
4.6439999999998856,0.023189814742582623,2.500960350036621
4.647999999999887,0.023187615190388478,2.5011024475097656
4.650999999999888,0.023182858389353807,2.5001304149627686
4.65599999999989,0.023180822401072394,2.5009918212890625
4.658999999999891,0.023177824281979356,2.5003185272216797
4.662999999999892,0.023173933092784475,2.5000269412994385
4.667999999999894,0.02317606118386417,2.5014634132385254
4.670999999999895,0.02317534752138694,2.5010006427764893
4.674999999999896,0.023174335735694537,2.5010783672332764
4.678999999999897,0.023174353658357766,2.5013203620910645
4.681999999999898,0.023171089761325883,2.500143051147461
4.6869999999999,0.023171251983008387,2.501072406768799
4.689999999999901,0.023169326249468505,2.5002284049987793
4.694999999999903,0.02317127120289971,2.5007457733154297
4.698999999999904,0.023174785716351072,2.5009865760803223
4.701999999999905,0.023173558720861555,2.5000431537628174
4.706999999999907,0.023176309850338764,2.500349998474121
4.710999999999908,0.023180387866218753,2.500537157058716
4.714999999999909,0.023184454150239238,2.500673294067383
4.718999999999911,0.023188546370673177,2.500762939453125
4.722999999999912,0.02319269665693474,2.5008392333984375
4.726999999999913,0.023196957465129626,2.5009634494781494
4.730999999999915,0.023201357573007883,2.5010762214660645
4.734999999999916,0.023205905968785738,2.501189708709717
4.738999999999917,0.02321061581381923,2.501284599304199
4.742999999999919,0.02321550710135392,2.501376152038574
4.74599999999992,0.023215326949908993,2.5000267028808594
4.750999999999921,0.023220122415236737,2.500622272491455
4.754999999999923,0.02322604350927139,2.5008697509765625
4.758999999999924,0.023232107998680127,2.501101493835449
4.762999999999925,0.02323831984827479,2.5012712478637695
4.766999999999927,0.023244700622594358,2.5012776851654053
4.770999999999928,0.023251276793073795,2.5012760162353516
4.774999999999929,0.02325806031843526,2.5012764930725098
4.778999999999931,0.023265069017159877,2.5012965202331543
4.782999999999932,0.02327231611548966,2.5013349056243896
4.786999999999933,0.023279810094976885,2.5013985633850098
4.790999999999935,0.02328755724798902,2.5013952255249023
4.794999999999936,0.023295546273548094,2.5013036727905273
4.798999999999937,0.023303786709118965,2.5012669563293457
4.802999999999939,0.02331228608019241,2.501246929168701
4.80699999999994,0.02332103644971458,2.501223087310791
4.810999999999941,0.02333004712303955,2.5012364387512207
4.814999999999943,0.023339329058160413,2.501282215118408
4.818999999999944,0.023348894870633685,2.5013554096221924
4.822999999999945,0.02335879128866232,2.501418113708496
4.826999999999947,0.02336903025103871,2.5015225410461426
4.830999999999948,0.023379619115308024,2.5016684532165527
4.833999999999949,0.02338369594034627,2.5000288486480713
4.838999999999951,0.02339594148868821,2.501250743865967
4.842999999999952,0.023408084760857983,2.5016584396362305
4.845999999999953,0.02341328835262279,2.5001955032348633
4.850999999999955,0.023427415541250163,2.501768112182617
4.853999999999956,0.023433493463327237,2.5004355907440186
4.857999999999957,0.023441264790214834,2.500439167022705
4.861999999999958,0.023449847517348417,2.5007081031799316
4.86599999999996,0.023459178933549242,2.5010857582092285
4.869999999999961,0.02346916307003586,2.5015478134155273
4.872999999999962,0.023472805524991792,2.5001745223999023
4.877999999999964,0.023484377365717693,2.501777172088623
4.880999999999965,0.023488959679045664,2.5005626678466797
4.884999999999966,0.02349475356387161,2.5004465579986572
4.888999999999967,0.02350134684742746,2.5004780292510986
4.892999999999969,0.02350865456420633,2.500636577606201
4.89699999999997,0.0235166104872251,2.5008974075317383
4.900999999999971,0.02352516378427022,2.5012383460998535
4.904999999999973,0.023534274590143706,2.501640796661377
4.907999999999974,0.023537320431224328,2.5001931190490723
4.912999999999975,0.023548058505813207,2.5017073154449463
4.915999999999976,0.02355216379184566,2.5003747940063477
4.919999999999978,0.023557358615563392,2.5001416206359863
4.923999999999979,0.02356338384753054,2.500047206878662
4.92799999999998,0.023570152858018237,2.500059127807617
4.931999999999982,0.023577593843153354,2.5001869201660156
4.935999999999983,0.023585651711760296,2.5003108978271484
4.939999999999984,0.023594281538551393,2.5004968643188477
4.943999999999986,0.023603449445591992,2.500729560852051
4.947999999999987,0.023613247788257137,2.5011212825775146
4.951999999999988,0.023623705304003442,2.501591920852661
4.954999999999989,0.023627809696081227,2.500157356262207
4.959999999999991,0.023640520005698856,2.5018556118011475
4.962999999999992,0.02364589319336298,2.5005674362182617
4.966999999999993,0.023652828984790077,2.500281810760498
4.970999999999995,0.023660612657033023,2.5000643730163574
4.974999999999996,0.023669115172848948,2.5001649856567383
4.978999999999997,0.02367825680263421,2.500417709350586
4.982999999999999,0.02368809426987451,2.5008745193481445
4.987,0.02369860137390463,2.5013198852539062
4.991000000000001,0.02370972624978343,2.501791477203369
4.994000000000002,0.023714244276587304,2.500298023223877
4.999000000000004,0.023727553648303895,2.501974105834961
5.002000000000005,0.0237332017012772,2.5005626678466797
5.0060000000000064,0.023740450374963133,2.5003159046173096
5.010000000000008,0.023748569256905015,2.5001745223999023
5.014000000000009,0.023757455029218097,2.5001072883605957
5.0180000000000105,0.023767069519209802,2.5001168251037598
5.022000000000012,0.023777425058474376,2.5001626014709473
5.026000000000013,0.023788517808038506,2.500251531600952
5.0300000000000145,0.023800342755970608,2.5004148483276367
5.034000000000016,0.023812895051018496,2.500627040863037
5.038000000000017,0.023826170328070335,2.500882625579834
5.0420000000000185,0.023840169977915923,2.501204252243042
5.04600000000002,0.02385500759085135,2.501718044281006
5.049000000000021,0.02386267418279455,2.5003271102905273
5.053000000000022,0.02387327967864139,2.5004701614379883
5.0570000000000235,0.023885537700653492,2.5009448528289795
5.061000000000025,0.02389938653820537,2.5016493797302246
5.064000000000026,0.02390650928855572,2.5003316402435303
5.068000000000027,0.023916569548003787,2.500410556793213
5.0720000000000285,0.023928469486659734,2.5007524490356445
5.07600000000003,0.023942114084717976,2.501338481903076
5.079000000000031,0.02394940373650508,2.5001230239868164
5.083000000000032,0.023960477217028403,2.500636577606201
5.0870000000000335,0.023974368918140712,2.5014638900756836
5.0900000000000345,0.02398224286725347,2.500253200531006
5.094000000000036,0.023994250357175506,2.500668525695801
5.098000000000037,0.024009009819622465,2.501458168029785
5.101000000000038,0.024017463315561934,2.5001449584960938
5.1050000000000395,0.024030126116770766,2.500352382659912
5.109000000000041,0.02404556420191238,2.5011789798736572
5.112000000000042,0.02405461893390859,2.500260353088379
5.116000000000043,0.02406821330511441,2.5009984970092773
5.1200000000000445,0.02408471103678459,2.50221848487854
5.1230000000000455,0.024094599684265472,2.5013654232025146
5.127000000000047,0.024109334912246157,2.502169609069824
5.130000000000048,0.024118010438020504,2.5010364055633545
5.134000000000049,0.02413124731894626,2.5014939308166504
5.13700000000005,0.02413886728556778,2.5001273155212402
5.1410000000000515,0.024150792957979998,2.500352382659912
5.145000000000053,0.024165849864630586,2.5010852813720703
5.149000000000054,0.024183915344526824,2.5023205280303955
5.152000000000055,0.024195157368054936,2.5015554428100586
5.155000000000056,0.024203137106750573,2.500077486038208
5.1590000000000575,0.024215813382407282,2.5002288818359375
5.163000000000059,0.02423192739445526,2.5009517669677734
5.16700000000006,0.024251192345316967,2.502175807952881
5.170000000000061,0.024263238568395913,2.5012800693511963
5.1740000000000625,0.024280728093864105,2.501852512359619
5.1770000000000636,0.024291405382875164,2.5005416870117188
5.181000000000065,0.02430718846350856,2.5007529258728027
5.185000000000066,0.0243258560662443,2.501469135284424
5.188000000000067,0.0243374183737295,2.500385046005249
5.192000000000069,0.024354406809405392,2.500887155532837
5.19600000000007,0.02437431263506322,2.501906394958496
5.199000000000071,0.02438679428010794,2.50089168548584
5.203000000000072,0.024404972182725505,2.501518726348877
5.206000000000073,0.024416250161513282,2.500311851501465
5.210000000000075,0.02443293754069808,2.5008339881896973
5.214000000000076,0.024452625933277884,2.501870632171631
5.217000000000077,0.024465013047296105,2.5008702278137207
5.221000000000078,0.024483114089885537,2.501558303833008
5.224000000000079,0.02449435289640233,2.500338554382324
5.228000000000081,0.02451098132491586,2.5007851123809814
5.232000000000082,0.024530616705074074,2.501811981201172
5.235000000000083,0.024542979953797846,2.5008397102355957
5.239000000000084,0.02456107479929632,2.50154972076416
5.242000000000085,0.024572343916683913,2.5003020763397217
5.246000000000087,0.024589040370277572,2.500471830368042
5.250000000000088,0.02460875382316309,2.501220226287842
5.253000000000089,0.02462118294589083,2.5001115798950195
5.25700000000009,0.024639677779307444,2.500795841217041
5.261000000000092,0.02466150587148517,2.502018690109253
5.264000000000093,0.024675769675442008,2.50126314163208
5.268000000000094,0.024696848301785035,2.502223491668701
5.271000000000095,0.02471069585556608,2.5010886192321777
5.275000000000096,0.024731364110876876,2.5019869804382324
5.278000000000097,0.024745004037663068,2.5010435581207275
5.282000000000099,0.02476540730906065,2.5017752647399902
5.2850000000001,0.024778754504461778,2.500622272491455
5.289000000000101,0.024798645990348568,2.5010831356048584
5.293000000000102,0.024822019373545466,2.502110242843628
5.296000000000103,0.02483746812853984,2.501131296157837
5.300000000000105,0.024860009930435273,2.5018184185028076
5.303000000000106,0.02487487755384972,2.500621795654297
5.307000000000107,0.024896684820025508,2.501077651977539
5.311000000000108,0.024921853262781173,2.5021183490753174
5.314000000000109,0.02493862870270188,2.5011353492736816
5.318000000000111,0.024962897214065062,2.501826286315918
5.321000000000112,0.02497904350755307,2.5006251335144043
5.325000000000113,0.025002518291274527,2.50106143951416
5.329000000000114,0.0250293221234925,2.502178192138672
5.332000000000115,0.02504731884747073,2.501152992248535
5.336000000000117,0.025073206725990678,2.5019092559814453
5.339000000000118,0.025090590414991364,2.500749111175537
5.343000000000119,0.025115740700775657,2.5013527870178223
5.34600000000012,0.025132609647979448,2.5000505447387695
5.350000000000121,0.025157118140542542,2.5005435943603516
5.354000000000123,0.025185002567206155,2.501605272293091
5.357000000000124,0.025203842133418128,2.5005059242248535
5.361000000000125,0.025230863611626235,2.5012001991271973
5.365000000000126,0.025261161490857102,2.5023584365844727
5.368000000000127,0.025281756655296556,2.5013678073883057
5.372000000000129,0.025311003317296757,2.502136707305908
5.37500000000013,0.025330727697182386,2.500802993774414
5.379000000000131,0.025358681609368453,2.501106023788452
5.383000000000132,0.02538962160417238,2.5019068717956543
5.386000000000133,0.02541053944612976,2.5006818771362305
5.390000000000135,0.025440019825522076,2.5011110305786133
5.394000000000136,0.02547239754350354,2.5019659996032715
5.397000000000137,0.02549434669007654,2.500797748565674
5.401000000000138,0.02552514133858179,2.501218318939209
5.40500000000014,0.02555879374480117,2.502039909362793
5.408000000000141,0.025581699420401144,2.500842571258545
5.412000000000142,0.025613766403489113,2.5012083053588867
5.416000000000143,0.025648686268979627,2.5020761489868164
5.419000000000144,0.02567254337203815,2.500868558883667
5.423000000000146,0.02570589729344537,2.50140380859375
5.426000000000147,0.02573099437688281,2.500016689300537
5.430000000000148,0.02575840497279718,2.5001258850097656
5.434000000000149,0.02578120038687797,2.50076961517334
5.438000000000151,0.025808911729512003,2.5018529891967773
5.441000000000152,0.025826937289634644,2.500948429107666
5.445000000000153,0.025852137258743635,2.501621723175049
5.448000000000154,0.025868380565895736,2.500575065612793
5.452000000000155,0.025891147678579585,2.5009679794311523
5.456000000000157,0.025916348658958477,2.5018434524536133
5.459000000000158,0.02593248399489402,2.5008912086486816
5.463000000000159,0.025954979704529015,2.5012736320495605
5.46700000000016,0.025979752378003443,2.502070903778076
5.470000000000161,0.02599541917820862,2.500946044921875
5.474000000000163,0.02601717220876447,2.501157760620117
5.478000000000164,0.026041069492725576,2.501755475997925
5.481000000000165,0.026055974088495172,2.50052547454834
5.485000000000166,0.026076583185005844,2.5004515647888184
5.489000000000168,0.026099125238645757,2.5006542205810547
5.493000000000169,0.02612341028003394,2.501297950744629
5.49600000000017,0.02613838416746994,2.5001327991485596
5.500000000000171,0.02615893766553582,2.5002410411834717
5.504000000000173,0.026181463330849024,2.500764846801758
5.508000000000174,0.02620588966338218,2.5015530586242676
5.511000000000175,0.026221072751282992,2.5004379749298096
5.515000000000176,0.02624205410943979,2.5006062984466553
5.519000000000178,0.026265164108764075,2.501253604888916
5.522000000000179,0.026279585586576275,2.500206470489502
5.52600000000018,0.026299763651382153,2.500328540802002
5.530000000000181,0.02632228183833997,2.5008718967437744
5.534000000000183,0.02634717868777016,2.5018911361694336
5.537000000000184,0.026362968291067754,2.5011110305786133
5.541000000000185,0.026385123465129577,2.5016860961914062
5.544000000000186,0.026398976953583647,2.5006134510040283
5.5480000000001874,0.026418685375028,2.5008163452148438
5.552000000000189,0.026440961865405226,2.5015196800231934
5.55500000000019,0.02645488173196913,2.5004794597625732
5.559000000000191,0.026474654102776635,2.500659465789795
5.5630000000001925,0.026496955139486134,2.501328945159912
5.5660000000001935,0.02651084723937254,2.500345230102539
5.570000000000195,0.026530526936483466,2.5005526542663574
5.574000000000196,0.026552729936534868,2.5012905597686768
5.577000000000197,0.02656656151870944,2.5004048347473145
5.5810000000001985,0.026586185097418405,2.5007495880126953
5.5850000000002,0.026608320793416455,2.5015945434570312
5.588000000000201,0.026622090771807785,2.500760793685913
5.592000000000202,0.026641618601900625,2.5011954307556152
5.595000000000203,0.026653523454106737,2.5000696182250977
5.5990000000002045,0.026670665563342875,2.5001609325408936
5.603000000000206,0.02669039906302051,2.500749349594116
5.607000000000207,0.02671255335321414,2.5018324851989746
5.610000000000208,0.02672627852452264,2.5011606216430664
5.6140000000002095,0.02674570687276759,2.5018362998962402
5.6170000000002105,0.02675753497232388,2.5009052753448486
5.621000000000212,0.02677498135756464,2.501258373260498
5.624000000000213,0.026785738469572565,2.5002756118774414
5.628000000000214,0.026801965239890875,2.5005505084991455
5.6320000000002155,0.026821431973240495,2.5013303756713867
5.6350000000002165,0.026833659972486205,2.500452995300293
5.639000000000218,0.02685179071092806,2.5008625984191895
5.643000000000219,0.026873152787686108,2.5017566680908203
5.64600000000022,0.026886840784315684,2.500999927520752
5.6500000000002215,0.026906982917585615,2.501603126525879
5.6530000000002225,0.026919880309792275,2.500645160675049
5.657000000000224,0.026939048777862122,2.5009605884552
5.661000000000225,0.02696159344829619,2.5018973350524902
5.664000000000226,0.02697620906444368,2.5012731552124023
5.667000000000227,0.026987524908162634,2.5000228881835938
5.672000000000229,0.02701562084997553,2.501852512359619
5.67500000000023,0.02703199854403776,2.501591920852661
5.678000000000231,0.0270450156946569,2.500697612762451
5.682000000000232,0.027064409118711344,2.5009310245513916
5.6860000000002335,0.02708734830265109,2.5018444061279297
5.6890000000002345,0.02710239352743872,2.501236915588379
5.6920000000002355,0.027114243962828896,2.5
5.697000000000237,0.027143400754870574,2.501812696456909
5.700000000000238,0.027160525939786496,2.5014936923980713
5.703000000000239,0.02717437180854103,2.500516414642334
5.7070000000002405,0.027194986731134047,2.500591278076172
5.711000000000242,0.027219159949313794,2.501145839691162
5.714000000000243,0.0272351440207449,2.500317335128784
5.718000000000244,0.02725846373173193,2.500609874725342
5.722000000000246,0.027285217628881593,2.5016229152679443
5.725000000000247,0.027303079092457605,2.501164436340332
5.728000000000248,0.027317718783769422,2.5000863075256348
5.732000000000249,0.02733939500014742,2.5000991821289062
5.73600000000025,0.02736465105849567,2.500720977783203
5.740000000000252,0.027393290823915867,2.5018882751464844
5.743000000000253,0.027412552738308477,2.5015244483947754
5.746000000000254,0.027428585175053588,2.500519037246704
5.750000000000255,0.027452072720788354,2.5005643367767334
5.754000000000256,0.027479076850694756,2.501188278198242
5.757000000000257,0.02749719187131172,2.500452995300293
5.761000000000259,0.02752328360472058,2.5008044242858887
5.76500000000026,0.027552596232394908,2.501664161682129
5.768000000000261,0.027572274388350804,2.5010666847229004
5.772000000000262,0.02760025493116846,2.5015957355499268
5.775000000000263,0.02761899642476944,2.5008950233459473
5.779000000000265,0.02764579691831847,2.5012600421905518
5.782000000000266,0.027663692658605417,2.50036883354187
5.786000000000267,0.02768940128451855,2.500464916229248
5.790000000000268,0.027718310878300206,2.5010147094726562
5.793000000000269,0.02773767819811094,2.5000691413879395
5.797000000000271,0.027765208031847968,2.5001425743103027
5.801000000000272,0.02779581607623105,2.5007309913635254
5.805000000000273,0.027829337688870907,2.501811981201172
5.808000000000274,0.027852020998497623,2.5013771057128906
5.811000000000275,0.027871294695828823,2.5002951622009277
5.815000000000277,0.02789875460317969,2.5002145767211914
5.819000000000278,0.027929339279504035,2.5007083415985107
5.823000000000279,0.02796287498713145,2.5016772747039795
5.82600000000028,0.027985600232214566,2.5012218952178955
5.829000000000281,0.028004940624481778,2.5001354217529297
5.834000000000283,0.028045747749658373,2.501610040664673
5.837000000000284,0.02806948506635465,2.5014190673828125
5.840000000000285,0.02808970231014936,2.5007481575012207
5.844000000000286,0.028118213508304846,2.5009467601776123
5.847000000000287,0.02813725957371426,2.50003719329834
5.852000000000289,0.028177358923299207,2.5016660690307617
5.85500000000029,0.028200652020936995,2.5015037059783936
5.858000000000291,0.02822046787255711,2.5006799697875977
5.862000000000292,0.028248455180562265,2.500702381134033
5.866000000000294,0.02827927306517662,2.501128673553467
5.869000000000295,0.02829990343394731,2.500408411026001
5.873000000000296,0.02832940272029237,2.5003952980041504
5.877000000000297,0.028358781952206376,2.5008721351623535
5.880000000000298,0.028365256455101483,2.5002408027648926
5.8840000000003,0.02838272192391953,2.5003271102905273
5.888000000000301,0.028401665407233323,2.500842332839966
5.891000000000302,0.028412331200283046,2.5002121925354004
5.895000000000303,0.028426894663657172,2.5002260208129883
5.899000000000305,0.02844307383936244,2.500617504119873
5.903000000000306,0.02846084830456215,2.501147747039795
5.906000000000307,0.0284713406547501,2.500502586364746
5.910000000000308,0.028486859389296883,2.500546932220459
5.91400000000031,0.02850534840730748,2.5009067058563232
5.917000000000311,0.028516625127878267,2.5001072883605957
5.922000000000312,0.028544063262815007,2.5015883445739746
5.924000000000313,0.028550084585339877,2.50008487701416
5.929000000000315,0.02857505379721293,2.5009255409240723
5.932000000000316,0.028589271103646306,2.500253438949585
5.936000000000317,0.02860970507430486,2.5002965927124023
5.940000000000318,0.028633033335689104,2.5007402896881104
5.943000000000319,0.028647906543783422,2.50003981590271
5.947000000000321,0.02866925299956944,2.5
5.951000000000322,0.028693448521126118,2.5005321502685547
5.955000000000323,0.028720229110692656,2.501466751098633
5.958000000000324,0.02873745998972002,2.5012855529785156
5.961000000000325,0.028750913173204093,2.500436782836914
5.966000000000327,0.02878164095541408,2.5011281967163086
5.969000000000328,0.028799021899454137,2.500584602355957
5.973000000000329,0.02882331813076735,2.5007004737854004
5.977000000000331,0.02885010804675279,2.501208543777466
5.980000000000332,0.028867347919490756,2.50054931640625
5.984000000000333,0.028891495746803227,2.5005202293395996
5.988000000000334,0.02891814261958927,2.500852108001709
5.991000000000335,0.0289352486812711,2.500051975250244
5.996000000000337,0.028971591110633604,2.501323699951172
5.999000000000338,0.028992137339354615,2.5010547637939453
6.002000000000339,0.029008742534495348,2.5000667572021484
6.007000000000341,0.029044339862277738,2.500870943069458
6.010000000000342,0.02906449450529895,2.500316619873047
6.014000000000343,0.02909229801477632,2.5003626346588135
6.018000000000344,0.02912237540691022,2.500781536102295
6.021000000000345,0.029141994634132057,2.5000815391540527
6.026000000000347,0.029182350565851112,2.501513957977295
6.028000000000348,0.029193401478192882,2.5000221729278564
6.033000000000349,0.0292300107541007,2.5006251335144043
6.03600000000035,0.02925078329257829,2.5000171661376953
6.041000000000352,0.029292929184476145,2.501466751098633
6.043000000000353,0.029304705503651433,2.5000905990600586
6.048000000000354,0.0293431889992819,2.500838279724121
6.051000000000355,0.02936514464176756,2.5003271102905273
6.055000000000357,0.02939540943022407,2.500394821166992
6.059000000000358,0.029427999221626838,2.500856876373291
6.062000000000359,0.029449555903533202,2.5002245903015137
6.06600000000036,0.029479341034913578,2.500098705291748
6.070000000000362,0.029511529908627612,2.5002307891845703
6.074000000000363,0.02954603809344647,2.5007166862487793
6.077000000000364,0.02956905999121949,2.5000579357147217
6.082000000000366,0.029615096992233858,2.5015039443969727
6.0840000000003664,0.0296285221582461,2.500032901763916
6.089000000000368,0.029671075042523996,2.500913619995117
6.092000000000369,0.02969551058188071,2.50050687789917
6.0960000000003705,0.029729070532104017,2.500791072845459
6.0990000000003715,0.02975146441213964,2.5000252723693848
6.104000000000373,0.029796496426332683,2.5009925365448
6.107000000000374,0.029822301610062593,2.5005223751068115
6.1110000000003755,0.029857561307624132,2.500744342803955
6.115000000000377,0.0298949693244491,2.5013561248779297
6.118000000000378,0.029920084017327854,2.500701904296875
6.122000000000379,0.029954515958994128,2.5006561279296875
6.1260000000003805,0.02999119455796919,2.500906467437744
6.130000000000382,0.030029997498327847,2.501443862915039
6.133000000000383,0.03005617571294599,2.500746250152588
6.137000000000384,0.03009197239073591,2.5006496906280518
6.1410000000003855,0.03012997620245301,2.5008649826049805
6.145000000000387,0.03016999640761217,2.5013012886047363
6.148000000000388,0.030189033064597644,2.5005478858947754
6.152000000000389,0.030208657162506508,2.5002193450927734
6.1560000000003905,0.030230237956207495,2.5000109672546387
6.160000000000392,0.03025365932155632,2.500065803527832
6.164000000000393,0.0302787685348518,2.500354766845703
6.1680000000003945,0.03030546761183356,2.5008811950683594
6.1710000000003955,0.030322148139668673,2.5001113414764404
6.176000000000397,0.03035682585234216,2.501420259475708
6.179000000000398,0.03037591987182646,2.5011284351348877
6.1830000000003995,0.03040172396533982,2.50144100189209
6.1860000000004005,0.03041784442844197,2.50048828125
6.190000000000402,0.03043989068656546,2.5001540184020996
6.194000000000403,0.03046375849894041,2.5000786781311035
6.1980000000004045,0.03048933361527216,2.5002527236938477
6.202000000000406,0.0305165364859194,2.5006790161132812
6.206000000000407,0.030545291509439104,2.501278877258301
6.209000000000408,0.03056353152758421,2.5004730224609375
6.2130000000004095,0.030588276465355196,2.5003018379211426
6.217000000000411,0.03061473303063881,2.5003914833068848
6.221000000000412,0.030642814899156323,2.50087833404541
6.224000000000413,0.030660600059321683,2.5000476837158203
6.229000000000415,0.030697034962383844,2.5014216899871826
6.232000000000416,0.030717210149043585,2.5009307861328125
6.236000000000417,0.030744420131478475,2.501110792160034
6.239000000000418,0.03076158347117882,2.5000462532043457
6.24400000000042,0.030796949557348914,2.500995635986328
6.247000000000421,0.030816480442874675,2.5002975463867188
6.251000000000422,0.03084280629005566,2.5001773834228516
6.2550000000004236,0.030870660925907456,2.500283718109131
6.259000000000425,0.03089995562209205,2.5006027221679688
6.263000000000426,0.03093063443071535,2.5012102127075195
6.266000000000427,0.030950286925667057,2.500580310821533
6.270000000000429,0.030976777200151073,2.5008058547973633
6.27400000000043,0.031004782995581133,2.501275062561035
6.277000000000431,0.03102248249756223,2.5003976821899414
6.281000000000432,0.031046411075803935,2.500208854675293
6.285000000000434,0.031071950036470827,2.5001165866851807
6.289000000000435,0.03109900997531305,2.500516414642334
6.293000000000436,0.03112750105853121,2.501070499420166
6.296000000000437,0.03114555025526268,2.50032901763916
6.300000000000439,0.03116988339565286,2.5002403259277344
6.30400000000044,0.03119570669035742,2.500385284423828
6.308000000000441,0.031222917221087478,2.500732183456421
6.312000000000443,0.031251425680374686,2.501310348510742
6.315000000000444,0.03126942308087187,2.5006518363952637
6.319000000000445,0.03129355439142884,2.5005760192871094
6.323000000000446,0.03131900548103476,2.500692367553711
6.327000000000448,0.031345678855828805,2.5009732246398926
6.330000000000449,0.03136228508116279,2.500044822692871
6.33500000000045,0.03139607403107196,2.5009818077087402
6.338000000000451,0.03141446040840605,2.500335216522217
6.342000000000453,0.031438960228887265,2.500162124633789
6.346000000000454,0.03146462405166732,2.5001580715179443
6.350000000000455,0.031491375482486796,2.5004889965057373
6.354000000000457,0.03151910164647072,2.501325845718384
6.357000000000458,0.03153638301447741,2.5008392333984375
6.361000000000459,0.031559351685409354,2.500912666320801
6.36400000000046,0.031573206036085245,2.500136375427246
6.369000000000462,0.03160228799265368,2.50138521194458
6.372000000000463,0.031617867454046815,2.500884532928467
6.376000000000464,0.031638590507912075,2.501059055328369
6.379000000000465,0.031650675179162195,2.5000433921813965
6.384000000000467,0.03167651985827457,2.500749111175537
6.388000000000468,0.03169996173912244,2.501321792602539
6.391000000000469,0.031713870608795214,2.500582218170166
6.39500000000047,0.03173206115628161,2.5002119541168213
6.400000000000472,0.03175852235418363,2.5014026165008545
6.403000000000473,0.03176406915662656,2.500885009765625
6.407000000000474,0.03177101054117635,2.5009477138519287
6.410000000000475,0.0317726069641929,2.5000224113464355
6.415000000000477,0.03178043588862445,2.500593662261963
6.419000000000478,0.031789018478153824,2.5010409355163574
6.422000000000479,0.03179165793340477,2.500244140625
6.427000000000481,0.03180103520098574,2.500926971435547
6.430000000000482,0.03180427663694423,2.500185012817383
6.435000000000484,0.031814552503757684,2.501018524169922
6.438000000000485,0.03181828524138888,2.5003488063812256
6.443000000000486,0.03182927946981525,2.5013065338134766
6.446000000000487,0.031833408120183974,2.5007662773132324
6.450000000000489,0.031838227901886,2.500626564025879
6.45400000000049,0.03184340287335025,2.5007071495056152
6.458000000000491,0.031848879147460894,2.5008747577667236
6.462000000000493,0.0318546192521239,2.501171827316284
6.465000000000494,0.03185511455378076,2.50050687789917
6.469000000000495,0.03185518180580776,2.5001463890075684
6.474000000000497,0.03186138161080331,2.501197338104248
6.477000000000498,0.031862628959818264,2.5006985664367676
6.481000000000499,0.03186356139934851,2.5005810260772705
6.4850000000005,0.031864812285874615,2.50051212310791
6.489000000000502,0.03186633508731102,2.500523328781128
6.493000000000503,0.0318680956282244,2.5005946159362793
6.497000000000504,0.03187006371807814,2.500675678253174
6.501000000000506,0.03187219631347501,2.500734806060791
6.505000000000507,0.03187446439887963,2.500823497772217
6.508000000000508,0.03187237177567776,2.500093936920166
6.51300000000051,0.031873773041096135,2.5007333755493164
6.516000000000511,0.031872287602323954,2.5000157356262207
6.521000000000512,0.031874660119381254,2.500516891479492
6.525000000000514,0.0318785008921743,2.5009708404541016
6.526000000000514,0.031871849152811285,2.502211570739746
6.527000000000514,0.03186019428136617,2.504774570465088
6.528000000000515,0.0318435995363684,2.5062527656555176
6.529000000000515,0.031822124961479396,2.5066285133361816
6.530000000000515,0.031795830222931434,2.5060229301452637
6.531000000000516,0.031764769291004864,2.5041489601135254
6.532000000000516,0.03172899363274821,2.5009899139404297
6.572000000000529,0.03167900138603379,2.50091290473938
6.57300000000053,0.03169463201393841,2.510870933532715
6.57400000000053,0.03170507312294972,2.5176124572753906
6.57500000000053,0.03171039493522872,2.5240437984466553
6.576000000000531,0.03171066425702276,2.5287225246429443
6.577000000000531,0.03170594455908398,2.5320451259613037
6.578000000000531,0.03169629615801735,2.53424334526062
6.579000000000532,0.031681776392624525,2.535369873046875
6.580000000000532,0.031662442659503506,2.535493850708008
6.581000000000532,0.031638346441377974,2.5347256660461426
6.582000000000533,0.0316095370403345,2.532539129257202
6.583000000000533,0.031576061414543805,2.5293407440185547
6.584000000000533,0.03153796432519892,2.525141716003418
6.585000000000534,0.03149528847658811,2.5198802947998047
6.586000000000534,0.031448074649262046,2.5126962661743164
6.587000000000534,0.03139636182648637,2.5031309127807617
6.642000000000553,0.031217710781253898,2.504711389541626
6.643000000000553,0.03124208537994489,2.5155653953552246
6.6440000000005535,0.031261188349289766,2.5219852924346924
6.645000000000554,0.031275082555302335,2.5268871784210205
6.646000000000554,0.0312839224453363,2.532102584838867
6.6470000000005545,0.03128774945042504,2.5408308506011963
6.648000000000555,0.03128662379543038,2.5445570945739746
6.649000000000555,0.0312806027661901,2.5472922325134277
6.6500000000005555,0.031269744346059315,2.548914909362793
6.651000000000556,0.03125409923491561,2.5496339797973633
6.652000000000556,0.031233716608561585,2.5490617752075195
6.6530000000005565,0.031208643265515583,2.547111988067627
6.654000000000557,0.031178923771043296,2.5440919399261475
6.655000000000557,0.03114460059534207,2.540078639984131
6.6560000000005575,0.031105714245301584,2.535135507583618
6.657000000000558,0.031062303389968078,2.5290355682373047
6.658000000000558,0.031014404979886043,2.5211005210876465
6.6590000000005585,0.030962054360514635,2.5121078491210938
6.660000000000559,0.03090528537994614,2.5019068717956543
6.714000000000577,0.030446520119280375,2.5019326210021973
6.717000000000578,0.030519108770101167,2.504904270172119
6.718000000000578,0.030534848342172634,2.5009469985961914
6.721000000000579,0.030584584754194448,2.503817558288574
6.72300000000058,0.03060974160025977,2.500973701477051
6.726000000000581,0.03064266875145065,2.5005431175231934
6.730000000000582,0.0306845411812207,2.5028533935546875
6.733000000000583,0.030711060675826282,2.501923084259033
6.736000000000584,0.03073214454402763,2.5006165504455566
6.7400000000005855,0.030758758029688693,2.502222776412964
6.7430000000005865,0.030774168793231763,2.5009026527404785
6.747000000000588,0.03079326898976941,2.5020952224731445
6.750000000000589,0.030803068917732372,2.5004565715789795
6.75400000000059,0.03081477012020374,2.5018739700317383
6.757000000000591,0.03081909089179808,2.5010147094726562
6.7610000000005925,0.030823497276248522,2.501882553100586
6.7640000000005935,0.03082233769228441,2.5000829696655273
6.768000000000595,0.030819466472895955,2.5003833770751953
6.772000000000596,0.030816205636296223,2.500896692276001
6.7760000000005975,0.03081238951697117,2.5007495880126953
6.780000000000599,0.030807895550888885,2.5006837844848633
6.7840000000006,0.03080266678496163,2.5006039142608643
6.7880000000006016,0.03079683292410229,2.5007734298706055
6.792000000000603,0.03079035989853588,2.501270055770874
6.796000000000604,0.030783039125685245,2.50181245803833
6.800000000000606,0.03077484333646805,2.502373218536377
6.803000000000607,0.03076393178451582,2.5005486011505127
6.807000000000608,0.030747673428871927,2.500530481338501
6.811000000000609,0.030730797294951026,2.500170946121216
6.815000000000611,0.03071318414384177,2.500133514404297
6.819000000000612,0.030694692656521326,2.501567840576172
6.822000000000613,0.03067606024901004,2.5011587142944336
6.825000000000614,0.030652078119288086,2.500004768371582
6.829000000000615,0.030618640716348934,2.500065326690674
6.833000000000617,0.03058467228238984,2.5001211166381836
6.838000000000618,0.03054708973380537,2.5016894340515137
6.841000000000619,0.030521140515828694,2.500199794769287
6.846000000000621,0.030481397612745098,2.501645565032959
6.849000000000622,0.030454118949116253,2.500210762023926
6.854000000000624,0.030412089081119857,2.5013015270233154
6.858000000000625,0.030379241298731458,2.5013537406921387
6.862000000000626,0.0303452834120456,2.501420497894287
6.866000000000628,0.030310249150021347,2.501534938812256
6.870000000000629,0.030274150711151485,2.5016448497772217
6.87400000000063,0.030237076857338827,2.501387119293213
6.878000000000632,0.030199044351166937,2.5009889602661133
6.882000000000633,0.030160048098168843,2.500725030899048
6.886000000000634,0.030120094223102016,2.5004234313964844
6.890000000000636,0.03007919393841814,2.5001020431518555
6.895000000000637,0.03003241613808595,2.5011565685272217
6.899000000000639,0.029995562093018624,2.5013442039489746
6.90300000000064,0.029957547901535965,2.501396656036377
6.907000000000641,0.02991846964261933,2.501307964324951
6.911000000000643,0.029878341251831725,2.501180410385132
6.915000000000644,0.029837180786405466,2.500852584838867
6.919000000000645,0.02979501217159712,2.500519037246704
6.923000000000647,0.0297518433280197,2.500033378601074
6.928000000000648,0.0297021387157919,2.5008788108825684
6.93200000000065,0.02966289244588627,2.500755786895752
6.936000000000651,0.029622387357768017,2.5006802082061768
6.940000000000652,0.02958069291381283,2.500293731689453
6.945000000000654,0.02953272392362205,2.5011844635009766
6.949000000000655,0.029494899780353093,2.501366138458252
6.953000000000657,0.02945592419799,2.5014700889587402
6.957000000000658,0.029415919066187145,2.5007972717285156
6.961000000000659,0.029374953572342585,2.5000386238098145
6.966000000000661,0.029328011081182284,2.5008316040039062
6.970000000000662,0.029291026976358013,2.5007104873657227
6.974000000000664,0.029252881122057643,2.5003299713134766
6.979000000000665,0.029209305275084405,2.5013513565063477
6.982000000000666,0.02917960217320817,2.5000522136688232
6.987000000000668,0.02913327703654025,2.500715732574463
6.991000000000669,0.02909692071355814,2.500934362411499
6.995000000000671,0.02905950488392535,2.500962257385254
6.999000000000672,0.029021067902209076,2.5007123947143555
7.003000000000673,0.028981628152185884,2.5001368522644043
7.008000000000675,0.0289365903345667,2.500730514526367
7.012000000000676,0.028901165049794432,2.500607490539551
7.017000000000678,0.02886086340454875,2.5013279914855957
7.021000000000679,0.028829197549514053,2.5011513233184814
7.025000000000681,0.028796495997844986,2.500636339187622
7.029000000000682,0.028762908569845022,2.5002517700195312
7.034000000000684,0.028725287893899748,2.501140594482422
7.038000000000685,0.028696123817348602,2.5012505054473877
7.042000000000686,0.028666131702676866,2.501338481903076
7.046000000000688,0.028635427320257575,2.5010247230529785
7.050000000000689,0.028604060391997137,2.500469207763672
7.055000000000691,0.028566765185250857,2.501112937927246
7.059000000000692,0.028539264821686387,2.500916004180908
7.063000000000693,0.028510965965106966,2.500430107116699
7.068000000000695,0.02848005660248549,2.501241683959961
7.072000000000696,0.028456213168310672,2.500919818878174
7.076000000000698,0.0284315121285865,2.500241756439209
7.081000000000699,0.028405026198590824,2.5009403228759766
7.085000000000701,0.028384604386817246,2.500389575958252
7.090000000000702,0.028363212273817343,2.5009102821350098
7.094000000000704,0.02834673058495288,2.5001959800720215
7.099000000000705,0.028330197672428288,2.501084327697754
7.103000000000707,0.028317565468269343,2.5006277561187744
7.108000000000708,0.02830574073023117,2.5018115043640137
7.11200000000071,0.028296782355162517,2.501099109649658
7.117000000000711,0.028289466336386952,2.5014195442199707
7.121000000000713,0.028284023296939437,2.5006532669067383
7.126000000000714,0.028280944716331143,2.501540184020996
7.130000000000716,0.028278810544078346,2.5009820461273193
7.134000000000717,0.02827538391159399,2.5001392364501953
7.139000000000719,0.028274921264516667,2.5012052059173584
7.14300000000072,0.028274949010972848,2.5008668899536133
7.147000000000721,0.028273729793516042,2.5003809928894043
7.152000000000723,0.028276103155985353,2.501776695251465
7.1560000000007244,0.02827837378572439,2.5017032623291016
7.160000000000726,0.028279335402982934,2.501307487487793
7.164000000000727,0.028279051818121945,2.5006632804870605
7.169000000000729,0.02828250793839479,2.50189208984375
7.17300000000073,0.028285638411979196,2.5016298294067383
7.1770000000007315,0.0282874808053556,2.5011000633239746
7.181000000000733,0.028288088789579086,2.50022554397583
7.1860000000007345,0.028293038256633832,2.5012974739074707
7.190000000000736,0.02829772545522096,2.500805377960205
7.194000000000737,0.028301449562357667,2.5001187324523926
7.199000000000739,0.028310361362074855,2.5014238357543945
7.20300000000074,0.028318203416541683,2.501178741455078
7.2070000000007415,0.028325076349530562,2.5007314682006836
7.211000000000743,0.02833106120157785,2.5000624656677246
7.2160000000007445,0.028342900471787558,2.501413345336914
7.220000000000746,0.028353266544656502,2.5013341903686523
7.224000000000747,0.028362861605171215,2.501086711883545
7.2280000000007485,0.02837174498534723,2.500718593597412
7.23200000000075,0.028379971425375433,2.5002083778381348
7.2370000000007515,0.02839490901648376,2.5018320083618164
7.241000000000753,0.028407872770291165,2.501922607421875
7.245000000000754,0.028420114468193057,2.501845121383667
7.2490000000007555,0.028431654819373604,2.5016298294067383
7.253000000000757,0.028442525100483826,2.501591682434082
7.257000000000758,0.028452766692627217,2.5015182495117188
7.2610000000007595,0.028462422724103188,2.501373767852783
7.265000000000761,0.02847152295623976,2.5012059211730957
7.269000000000762,0.028480072815084502,2.5008816719055176
7.2730000000007635,0.02848809553888465,2.500391960144043
7.278000000000765,0.028502887607242976,2.501871109008789
7.2820000000007665,0.02851580209072077,2.5014328956604004
7.286000000000768,0.028528071437894154,2.500774383544922
7.2910000000007695,0.028548102440761128,2.5021438598632812
7.295000000000771,0.028565125011642253,2.5020298957824707
7.299000000000772,0.028581333410662352,2.5017056465148926
7.3030000000007735,0.02859679705277432,2.5012056827545166
7.307000000000775,0.02861155638040136,2.5005602836608887
7.3120000000007765,0.028634575266661598,2.5019917488098145
7.316000000000778,0.02865394058481667,2.501973867416382
7.320000000000779,0.028672518903768124,2.501734495162964
7.3240000000007806,0.028690405469328384,2.5014095306396484
7.328000000000782,0.02870768804412744,2.5010533332824707
7.332000000000783,0.02872443931039092,2.500836133956909
7.336000000000785,0.028740693957464716,2.500692844390869
7.340000000000786,0.028756477701311817,2.5005202293395996
7.344000000000787,0.028771843439283233,2.500373363494873
7.348000000000789,0.028786830409673073,2.500392198562622
7.35200000000079,0.028801460653201737,2.500383138656616
7.356000000000791,0.028815757548774516,2.5003294944763184
7.360000000000793,0.02882974726927018,2.5002546310424805
7.364000000000794,0.028843446199493424,2.5001134872436523
7.369000000000796,0.028865663161503276,2.5020627975463867
7.372000000000797,0.02887609558339499,2.500582456588745
7.376000000000798,0.02888877263800002,2.5003223419189453
7.380000000000799,0.028901236900749,2.5000743865966797
7.385000000000801,0.028921981937343737,2.5019025802612305
7.388000000000802,0.028931572195952056,2.5004124641418457
7.392000000000803,0.028943160162933225,2.5000662803649902
7.397000000000805,0.02896292478786891,2.501857280731201
7.400000000000806,0.02897201708956792,2.5003557205200195
7.404000000000807,0.028983049238426456,2.5000243186950684
7.409000000000809,0.029002241400986825,2.5018157958984375
7.41200000000081,0.02901100171377443,2.5004100799560547
7.415000000000811,0.029015046450054233,2.5015549659729004
7.419000000000812,0.029020035151377258,2.5003700256347656
7.424000000000814,0.02903255559219902,2.5014142990112305
7.428000000000815,0.02904469229948782,2.5012712478637695
7.432000000000817,0.029056878129544314,2.5011696815490723
7.436000000000818,0.02906877924789552,2.5004758834838867
7.44100000000082,0.029089065814076248,2.5018999576568604
7.446000000000821,0.02911772675908126,2.5008363723754883
7.451000000000823,0.029154042963678545,2.500767946243286
7.456000000000825,0.029197476085996876,2.5015034675598145
7.460000000000826,0.029233416413295812,2.5001182556152344
7.465000000000828,0.02928286345056911,2.5013957023620605
7.469000000000829,0.029323431861854245,2.5004138946533203
7.474000000000831,0.02937846843332991,2.5020203590393066
7.478000000000832,0.029423280219048227,2.5009946823120117
7.483000000000834,0.02948331118016486,2.503009796142578
7.487000000000835,0.029531943989455314,2.5025405883789062
7.491000000000836,0.029579557713157692,2.501817226409912
7.495000000000838,0.02962621835350679,2.5009918212890625
7.499000000000839,0.029671969192167483,2.500084400177002
7.504000000000841,0.02973321892793409,2.50209903717041
7.508000000000842,0.02978286805460001,2.501509189605713
7.512000000000843,0.02983146194085843,2.5007739067077637
7.516000000000845,0.02987856737000978,2.500725746154785
7.519000000000846,0.02990841098622018,2.5020551681518555
7.522000000000847,0.029932487231874284,2.5021462440490723
7.525000000000848,0.02995103049656927,2.501561164855957
7.528000000000849,0.02996423108652141,2.50032377243042
7.53200000000085,0.029980182500795503,2.50028920173645
7.536000000000851,0.029995477807298103,2.500211000442505
7.541000000000853,0.030019235407030123,2.50213623046875
7.544000000000854,0.030030598574033764,2.500368595123291
7.550000000000856,0.030064959332409637,2.5007195472717285
7.555000000000858,0.03010397399761055,2.500495433807373
7.560000000000859,0.030149869844307224,2.500981330871582
7.565000000000861,0.03020233277545232,2.502411365509033
7.569000000000862,0.030245362219753297,2.501678466796875
7.573000000000864,0.03028782733151348,2.5007824897766113
7.578000000000865,0.030345156554465257,2.50296688079834
7.580000000000866,0.030361780666594673,2.5012083053588867
7.583000000000867,0.030382098866523197,2.501573085784912
7.586000000000868,0.030397053344052558,2.500936985015869
7.590000000000869,0.0304157561219685,2.501538038253784
7.599000000000872,0.03049738927806584,2.500265598297119
7.604000000000874,0.03055883832976721,2.502573013305664
7.608000000000875,0.03060785105413512,2.5018975734710693
7.612000000000877,0.030654809863473624,2.5009593963623047
7.615000000000878,0.030683854964908795,2.5010626316070557
7.618000000000879,0.030706436535151656,2.5002760887145996
7.62200000000088,0.030733761285484613,2.5013396739959717
7.627000000000882,0.03077237277050722,2.500731945037842
7.632000000000883,0.0308175615637295,2.500988483428955
7.637000000000885,0.030869351258094105,2.5020580291748047
7.641000000000886,0.030911396473629428,2.5005674362182617
7.644000000000887,0.030937295276445842,2.500452995300293
7.648000000000889,0.03096934863450903,2.50246524810791
7.65200000000089,0.03100098789438998,2.5004935264587402
7.657000000000892,0.031045396372598587,2.5006699562072754
7.661000000000893,0.031081587509371345,2.500216245651245
7.665000000000894,0.031116308626913634,2.5011777877807617
7.667000000000895,0.031127174661762333,2.512392520904541
7.668000000000895,0.031125818633323733,2.5052490234375
7.673000000000897,0.03113893199475811,2.5011377334594727
7.679000000000899,0.031174163376527952,2.500103235244751
7.684000000000901,0.03121535754625595,2.5000131130218506
7.688000000000902,0.03124916331227829,2.5017409324645996
7.691000000000903,0.031269846097826744,2.502150774002075
7.6950000000009044,0.03129658606885797,2.5015454292297363
7.700000000000906,0.03133608538262606,2.5019009113311768
7.7040000000009075,0.031369542128075564,2.500640869140625
7.708000000000909,0.031402211961687014,2.501009464263916
7.71100000000091,0.0314218664365004,2.5003652572631836
7.715000000000911,0.03144633771900448,2.501279830932617
7.7190000000009125,0.03147073181162115,2.500520706176758
7.724000000000914,0.031506740233552516,2.500555992126465
7.7280000000009155,0.03153660492839296,2.5002901554107666
7.732000000000917,0.03156548863587857,2.500685214996338
7.736000000000918,0.03159335662024639,2.501551628112793
7.7400000000009195,0.0316204691982758,2.501770496368408
7.744000000000921,0.031646855539877845,2.502157688140869
7.748000000000922,0.03167271511639437,2.502058744430542
7.7520000000009235,0.031698147116358016,2.501692533493042
7.756000000000925,0.03172305276292634,2.5011184215545654
7.760000000000926,0.03174702832517209,2.5009803771972656
7.7640000000009275,0.03176979211356374,2.5006706714630127
7.7670000000009285,0.031782071853267875,2.5002593994140625
7.7730000000009305,0.03181740030058653,2.501603126525879
7.778000000000932,0.03185621485282338,2.5024478435516357
7.781000000000933,0.031875847294550425,2.500509262084961
7.7850000000009345,0.031899698588345994,2.501636028289795
7.789000000000936,0.031922808405955766,2.5011487007141113
7.7940000000009375,0.03195617965583188,2.502108097076416
7.7970000000009385,0.03197279830225409,2.5004706382751465
7.80200000000094,0.03200365955367389,2.501980781555176
7.8060000000009415,0.03202914648819451,2.502349376678467
7.810000000000943,0.03205417883083007,2.500962018966675
7.814000000000944,0.032078186135241826,2.5006537437438965
7.8180000000009455,0.032100524014581994,2.5016026496887207
7.822000000000947,0.03212089883842998,2.5003302097320557
7.8270000000009485,0.03215078461828974,2.50161075592041
7.8300000000009495,0.03216510353475701,2.5007827281951904
7.834000000000951,0.0321827126168014,2.50050687789917
7.8390000000009525,0.0322098935012447,2.5007996559143066
7.843000000000954,0.032232517238515515,2.5001468658447266
7.847000000000955,0.03225360850948903,2.5018510818481445
7.8510000000009565,0.032273886366737045,2.5018301010131836
7.855000000000958,0.032293769023744597,2.5004992485046387
7.8600000000009596,0.03232293668998783,2.502047538757324
7.8630000000009606,0.032336814293769015,2.500800609588623
7.867000000000962,0.032353452771578854,2.5012683868408203
7.872000000000964,0.03237907476348048,2.502408742904663
7.876000000000965,0.032400744759224984,2.50164532661438
7.880000000000966,0.03242145177371401,2.501615047454834
7.883000000000967,0.03243219959220932,2.5002975463867188
7.887000000000969,0.03244490365173184,2.500290870666504
7.89200000000097,0.03246590912448442,2.501136302947998
7.896000000000972,0.03248407825561018,2.5001156330108643
7.900000000000973,0.032501274763497755,2.500497579574585
7.904000000000974,0.032517412284457946,2.5011649131774902
7.908000000000976,0.032532689845644794,2.501782178878784
7.912000000000977,0.03254754478947666,2.5014455318450928
7.916000000000978,0.03256203112883547,2.500783920288086
7.92000000000098,0.032575875628556586,2.5004396438598633
7.924000000000981,0.03258879700817466,2.5008325576782227
7.928000000000982,0.032601199236193056,2.501084804534912
7.933000000000984,0.032621769151094264,2.5018577575683594
7.936000000000985,0.03263034555890629,2.5014476776123047
7.940000000000986,0.032640043397323945,2.502122402191162
7.944000000000988,0.032649801873367516,2.5010199546813965
7.949000000000989,0.03266766489388551,2.5014944076538086
7.953000000000991,0.032683142615721354,2.5005526542663574
7.956000000000992,0.03268946772821819,2.5004196166992188
7.960000000000993,0.03269601576417805,2.501523494720459
7.965000000000995,0.03270974208713519,2.5016562938690186
7.970000000000996,0.032730695434417714,2.502598285675049
7.973000000000997,0.03273993353323532,2.5006814002990723
7.977000000000999,0.03274990363661217,2.5015549659729004
7.980000000001,0.03275258415671931,2.501664400100708
7.985000000001001,0.032761931475070304,2.5014257431030273
7.990000000001003,0.032779391766583066,2.502208709716797
7.994000000001004,0.032795026575790705,2.5012030601501465
7.997000000001005,0.032801721343877446,2.5002758502960205
8.000000000001005,0.03280280200311019,2.500253677368164
8.005000000001003,0.0328088024066153,2.5019259452819824
8.010000000001,0.03282332785958091,2.502664089202881
8.014000000000998,0.03283723696759983,2.5016894340515137
8.018000000000995,0.03285093061650756,2.5009326934814453
8.021000000000994,0.03285595756156954,2.5010855197906494
8.024000000000992,0.03285517341247024,2.5005269050598145
8.02800000000099,0.03285243517350552,2.5021309852600098
8.033000000000987,0.032855829847812344,2.5016777515411377
8.038000000000984,0.03286780833061437,2.502479076385498
8.042000000000982,0.03287977428550863,2.501577377319336
8.04600000000098,0.032892229987127514,2.500675678253174
8.050000000000978,0.03290324233062146,2.500019073486328
8.054000000000975,0.0329096877868199,2.5026097297668457
8.056000000000974,0.032906080661461605,2.5011940002441406
8.059000000000973,0.032896442887985676,2.5008511543273926
8.06400000000097,0.03288525835037489,2.5013465881347656
8.069000000000967,0.03288303382945876,2.501376152038574
8.074000000000964,0.032889128864284856,2.502376079559326
8.078000000000962,0.032896134356447,2.501586675643921
8.08200000000096,0.03290334166119792,2.500931739807129
8.086000000000958,0.03290999380587671,2.5001258850097656
8.089000000000956,0.03290932899143318,2.501251697540283
8.092000000000954,0.03290274322851426,2.501559019088745
8.095000000000953,0.03289120058041498,2.5009994506835938
8.10100000000095,0.032880485722316014,2.5014662742614746
8.106000000000947,0.03288271303301589,2.501912832260132
8.110000000000944,0.03288671545838605,2.5006015300750732
8.115000000000942,0.032897231610906054,2.5020370483398438
8.11900000000094,0.03290682026776351,2.501859664916992
8.121000000000938,0.03290419589505166,2.500936985015869
8.124000000000937,0.03289616936451402,2.5008797645568848
8.130000000000933,0.03289218211370483,2.5023088455200195
8.134000000000931,0.032894206098322575,2.50083065032959
8.139000000000928,0.032901724542335406,2.5022640228271484
8.141000000000927,0.03289816290059088,2.501110076904297
8.144000000000926,0.03288880911245528,2.5008459091186523
8.150000000000922,0.03288236653113709,2.5024142265319824
8.15400000000092,0.03288291849985383,2.501028537750244
8.159000000000917,0.03288949133250211,2.5026912689208984
8.163000000000915,0.032896901849804906,2.502345085144043
8.167000000000913,0.032903884377790474,2.501915216445923
8.169000000000912,0.03289998883086418,2.500640392303467
8.17200000000091,0.03288938878522549,2.5004310607910156
8.176000000000908,0.032873869996721816,2.501559019088745
8.181000000000905,0.03286175307044879,2.500816822052002
8.186000000000902,0.03285858855796009,2.5015454292297363
8.1900000000009,0.03285872888929518,2.5005264282226562
8.195000000000897,0.032864958564289656,2.502840995788574
8.199000000000895,0.03287230738207797,2.5029220581054688
8.203000000000893,0.032879968126096275,2.5030159950256348
8.206000000000891,0.03288125261947245,2.501575469970703
8.20800000000089,0.03287451276282683,2.500136375427246
8.212000000000888,0.032860166261089896,2.5020508766174316
8.215000000000886,0.03284549598421763,2.501673698425293
8.220000000000883,0.03282752243610877,2.50046968460083
8.22500000000088,0.032819190798450706,2.500973701477051
8.230000000000878,0.032819840107623066,2.5028672218322754
8.234000000000876,0.03282314757620816,2.5028443336486816
8.238000000000874,0.032827387148577025,2.502899646759033
8.242000000000871,0.03283252363628954,2.503047466278076
8.24500000000087,0.032832651071820686,2.500253677368164
8.248000000000868,0.032826886352780464,2.501668930053711
8.251000000000866,0.03281555060371159,2.502147674560547
8.254000000000865,0.03279938343499571,2.5019044876098633
8.258000000000862,0.032778249037532105,2.500415802001953
8.264000000000859,0.03276204865984433,2.5021259784698486
8.268000000000857,0.0327571343392495,2.5010242462158203
8.272000000000855,0.03275379796128816,2.50015926361084
8.277000000000852,0.03275648481442946,2.5024046897888184
8.28100000000085,0.03276162937006195,2.502696990966797
8.284000000000848,0.03276250938298602,2.5001606941223145
8.288000000000846,0.03276237365031502,2.5015153884887695
8.290000000000845,0.03275527358294626,2.5007622241973877
8.293000000000843,0.032740293452303594,2.5011515617370605
8.296000000000841,0.03272120312242417,2.500798463821411
8.302000000000838,0.03269756846792536,2.501434803009033
8.307000000000835,0.0326910294402802,2.5023257732391357
8.311000000000833,0.03268947217431502,2.5017175674438477
8.31500000000083,0.03268962295099265,2.5012779235839844
8.319000000000829,0.03269140147689276,2.501016616821289
8.323000000000826,0.0326947051744062,2.5009102821350098
8.327000000000824,0.032698554575730544,2.5010242462158203
8.329000000000823,0.032693423820878455,2.5010647773742676
8.332000000000821,0.032681365590416005,2.502000331878662
8.33400000000082,0.0326672527770956,2.500290870666504
8.340000000000817,0.032640626028667546,2.5000011920928955
8.345000000000814,0.0326319366920968,2.500711679458618
8.349000000000812,0.0326288738415318,2.5000782012939453
8.35400000000081,0.03263233280358546,2.5025925636291504
8.357000000000808,0.0326334510116371,2.500278949737549
8.361000000000805,0.032635602014431594,2.500089645385742
8.365000000000803,0.032638514658676766,2.5001018047332764
8.367000000000802,0.03263300162411488,2.5000720024108887
8.3700000000008,0.032620478360430354,2.5008559226989746
8.373000000000799,0.03260401475227966,2.500927209854126
8.379000000000795,0.03258598744340333,2.5021510124206543
8.383000000000793,0.032582269745243454,2.501279830932617
8.387000000000791,0.03256361339430051,2.5006937980651855
8.391000000000789,0.032545229893040775,2.500359058380127
8.395000000000786,0.03252847255162309,2.500290870666504
8.399000000000784,0.032512424834978376,2.5004875659942627
8.401000000000783,0.03249729798634994,2.5004944801330566
8.404000000000782,0.032470701342481284,2.501220226287842
8.40800000000078,0.03243574086424886,2.500889301300049
8.413000000000777,0.03240076570446569,2.50068736076355
8.418000000000774,0.032376072447718764,2.502429246902466
8.422000000000772,0.032360003397243646,2.5026636123657227
8.42500000000077,0.03234557307635444,2.5003151893615723
8.430000000000767,0.0323268169160382,2.5028769969940186
8.431000000000767,0.032315927555552355,2.5011801719665527
8.434000000000765,0.032286939332644336,2.501420021057129
8.438000000000763,0.032249140760293254,2.500758171081543
8.44300000000076,0.03221113830524681,2.500394344329834
8.448000000000757,0.03218406211412414,2.5012781620025635
8.452000000000755,0.032166399692359945,2.5009279251098633
8.456000000000753,0.0321506006371531,2.500912666320801
8.46000000000075,0.03213618603364739,2.5010995864868164
8.463000000000749,0.03212125593550898,2.501296043395996
8.465000000000748,0.03210439389556977,2.501021385192871
8.469000000000745,0.03207185980222306,2.500607490539551
8.473000000000743,0.03204115284200353,2.5005431175231934
8.47800000000074,0.03201169444412886,2.500797748565674
8.482000000000738,0.03199245510751436,2.500227451324463
8.487000000000736,0.03197587730180264,2.502732038497925
8.489000000000734,0.03196416947152445,2.500896453857422
8.493000000000732,0.031941512129967126,2.5022127628326416
8.49600000000073,0.03192138008254659,2.5014567375183105
8.499000000000729,0.03189746100509607,2.500049114227295
8.503000000000727,0.03186636982129556,2.500039577484131
8.508000000000724,0.03183661130244935,2.500473976135254
8.512000000000722,0.03181722083627669,2.5001678466796875
8.51600000000072,0.031799725844733805,2.500166893005371
8.519000000000718,0.031783300490988146,2.5001912117004395
8.523000000000716,0.031761268045799644,2.5018601417541504
8.526000000000714,0.03174164289389371,2.5010669231414795
8.530000000000712,0.03171559434471952,2.5018436908721924
8.53300000000071,0.03169355684504563,2.500657558441162
8.538000000000707,0.031664300278045295,2.501094341278076
8.542000000000705,0.031645022190857235,2.5006983280181885
8.545000000000703,0.03162736482324744,2.500380754470825
8.549000000000701,0.03160382443457022,2.501725673675537
8.5520000000007,0.031583658228175625,2.500943183898926
8.557000000000697,0.0315579121927673,2.501887321472168
8.561000000000694,0.03154186054481564,2.501854419708252
8.564000000000693,0.03152688193253936,2.501824140548706
8.567000000000691,0.03150832506164864,2.501096248626709
8.571000000000689,0.03148464865895697,2.5019216537475586
8.575000000000687,0.03146407375096863,2.500944137573242
8.579000000000685,0.031445201431365005,2.501878261566162
8.581000000000683,0.03143050269710865,2.5003559589385986
8.58600000000068,0.031401836343188376,2.500164270401001
8.589000000000679,0.03138284150866561,2.501875877380371
8.593000000000677,0.031359984921109384,2.500129222869873
8.598000000000674,0.031341164553398616,2.501596450805664
8.602000000000672,0.031330251910957535,2.5020978450775146
8.603000000000671,0.031320147639742425,2.5007524490356445
8.60600000000067,0.031294465010855844,2.5010457038879395
8.612000000000666,0.03126023065537373,2.5015268325805664
8.616000000000664,0.031245619071859618,2.501216411590576
8.620000000000662,0.03123437972912719,2.501270294189453
8.62400000000066,0.031226323137337468,2.501619815826416
8.628000000000657,0.031220293220012255,2.5023317337036133
8.629000000000657,0.03121140925240435,2.501190185546875
8.631000000000656,0.031192308536376702,2.5002923011779785
8.636000000000653,0.031152789555430244,2.501230001449585
8.64100000000065,0.031127197486852852,2.5008339881896973
8.645000000000648,0.031112743882008742,2.5001144409179688
8.650000000000645,0.031104457241406473,2.502560615539551
8.653000000000644,0.03109974734649435,2.5009679794311523
8.657000000000641,0.03109524665601727,2.5015692710876465
8.661000000000639,0.03109274458478329,2.5025858879089355
8.662000000000639,0.031084730927311087,2.502620220184326
8.663000000000638,0.03107171846080882,2.5029311180114746
8.664000000000637,0.03105402175405691,2.5023372173309326
8.669000000000635,0.03098645912495602,2.5004072189331055
8.67600000000063,0.030924953052896116,2.50179386138916
8.679000000000629,0.030902318389913926,2.5008347034454346
8.683000000000627,0.030873661818032666,2.5003724098205566
8.687000000000625,0.030846560481893687,2.500161647796631
8.688000000000624,0.030832049373750114,2.500279426574707
8.692000000000622,0.030784793842653146,2.5010690689086914
8.69700000000062,0.030734525363293318,2.500859260559082
8.702000000000616,0.030696198221086143,2.500837802886963
8.706000000000614,0.030670118764583594,2.501387119293213
8.710000000000612,0.030645397656935698,2.5019493103027344
8.711000000000611,0.03063144591578152,2.5025296211242676
8.71200000000061,0.03061271531078605,2.5009212493896484
8.718000000000607,0.03053070113998918,2.5001020431518555
8.724000000000604,0.03047415127792385,2.5000009536743164
8.729000000000601,0.030441484468431812,2.501579523086548
8.7330000000006,0.03041974837035273,2.501919746398926
8.737000000000597,0.030400291388511975,2.5016913414001465
8.741000000000595,0.030381936297610802,2.501323699951172
8.742000000000594,0.030369532120988113,2.5013270378112793
8.745000000000593,0.030335625826453244,2.500720977783203
8.74900000000059,0.030289682768838352,2.50044584274292
8.754000000000588,0.030240353523430574,2.5005173683166504
8.760000000000584,0.03020209875205039,2.501375436782837
8.764000000000582,0.030183765374152335,2.5014054775238037
8.76800000000058,0.03016778790913159,2.501312494277954
8.772000000000578,0.030153063226813104,2.5013437271118164
8.773000000000577,0.03014168819974329,2.500293731689453
8.777000000000575,0.030106793143401797,2.5010056495666504
8.783000000000571,0.030069809683800713,2.5012762546539307
8.784000000000571,0.03005705724739583,2.5001332759857178
8.789000000000568,0.030012497976214636,2.500790596008301
8.795000000000565,0.029979345894745657,2.5004401206970215
8.800000000000562,0.02996538521862841,2.501290798187256
8.80400000000056,0.029958086302295732,2.5012669563293457
8.808000000000558,0.029951548307957016,2.501300811767578
8.809000000000557,0.02994248913502698,2.501502275466919
8.813000000000555,0.029915735391260107,2.501342535018921
8.815000000000554,0.029895380838799106,2.5004544258117676
8.819000000000552,0.029855754893325682,2.5001063346862793
8.826000000000548,0.029814146284800086,2.501087188720703
8.830000000000545,0.029800240120620776,2.5009827613830566
8.834000000000543,0.029788880515166996,2.5013914108276367
8.838000000000541,0.029778805649135397,2.5019001960754395
8.83900000000054,0.029768497858295148,2.501706600189209
8.84000000000054,0.029753200908456227,2.5000948905944824
8.847000000000536,0.029688031383497016,2.5008544921875
8.853000000000533,0.02966120570581985,2.5012760162353516
8.85700000000053,0.02964932249463248,2.500182628631592
8.85900000000053,0.029636165364588817,2.5003206729888916
8.862000000000528,0.029613219196345908,2.5000545978546143
8.869000000000524,0.029584431722235426,2.5013716220855713
8.873000000000522,0.029576545272059405,2.500814437866211
8.87500000000052,0.029565611314997152,2.5006961822509766
8.878000000000519,0.029545868389223427,2.5012078285217285
8.884000000000515,0.029521841414130667,2.5013771057128906
8.888000000000513,0.029509182777953058,2.500516891479492
8.890000000000512,0.02949665688136755,2.5013325214385986
8.892000000000511,0.029477544159772398,2.500810146331787
8.896000000000509,0.029440760299197545,2.500661849975586
8.903000000000505,0.02940473658770852,2.501444101333618
8.907000000000503,0.02939431176611483,2.500732421875
8.9110000000005,0.029386160501583103,2.500227928161621
8.914000000000499,0.02937634194896449,2.5003387928009033
8.915000000000498,0.02936531560713823,2.5001068115234375
8.919000000000496,0.029331284161972462,2.50083065032959
8.922000000000494,0.029302959324023145,2.5007519721984863
8.92900000000049,0.029262949203476586,2.500434398651123
8.934000000000488,0.029251663031061567,2.500908851623535
8.936000000000487,0.02924112540042202,2.5017049312591553
8.937000000000486,0.029229437466090566,2.5001626014709473
8.945000000000482,0.02918964025838404,2.500654697418213
8.950000000000479,0.029185808585283225,2.502014636993408
8.951000000000478,0.029177995058876527,2.50136661529541
8.952000000000478,0.02916565647332231,2.5001559257507324
8.959000000000474,0.02912106240150015,2.500948905944824
8.964000000000471,0.029109231057688367,2.5004844665527344
8.969000000000468,0.029109430453502963,2.501984119415283
8.972000000000467,0.029107883484922707,2.501913070678711
8.973000000000466,0.029099705839187813,2.5012691020965576
8.976000000000464,0.029078992510845315,2.500859498977661
8.981000000000462,0.02905127814789208,2.5010266304016113
8.986000000000459,0.02903611674632501,2.5008301734924316
8.991000000000456,0.029033381528460724,2.500739574432373
8.994000000000455,0.02902969553974194,2.5010182857513428
8.996000000000453,0.029020191945376507,2.5008935928344727
8.999000000000452,0.029003387284284574,2.500393867492676
9.006000000000448,0.028990215702329777,2.5008344650268555
9.008000000000447,0.02898403429842302,2.5014405250549316
9.012000000000445,0.02897445285252119,2.5002312660217285
9.018000000000441,0.028977924186441018,2.5017080307006836
9.01900000000044,0.028972213959807515,2.5008797645568848
9.022000000000439,0.028958666768773608,2.500781536102295
9.026000000000437,0.02894160867763823,2.5011589527130127
9.032000000000433,0.028936399591964035,2.5004100799560547
9.03700000000043,0.02894848068392126,2.5009360313415527
9.041000000000428,0.028962235436627425,2.5013866424560547
9.043000000000427,0.028962636823987316,2.5013058185577393
9.046000000000426,0.028959660581673582,2.501461982727051
9.049000000000424,0.028952996205899875,2.500674247741699
9.054000000000421,0.02895042713667617,2.5005569458007812
9.060000000000418,0.02897099072025875,2.5017194747924805
9.063000000000416,0.02898283069250486,2.5021114349365234
9.065000000000415,0.028984631802913885,2.501767635345459
9.067000000000414,0.028980555895687793,2.5009841918945312
9.070000000000412,0.028972327648760135,2.5010318756103516
9.076000000000409,0.0289742946543544,2.500016689300537
9.081000000000406,0.0289933298197703,2.500922203063965
9.083000000000405,0.028993665809615564,2.5010061264038086
9.086000000000404,0.028990624246212023,2.5014374256134033
9.089000000000402,0.028983501895222495,2.501105308532715
9.0930000000004,0.02897525596825201,2.5015082359313965
9.099000000000396,0.028983102852585797,2.5016980171203613
9.103000000000394,0.028997382140491496,2.5003557205200195
9.108000000000391,0.0290253508973648,2.5025691986083984
9.11100000000039,0.02904162059225971,2.500192165374756
9.113000000000389,0.029045470253640536,2.5003347396850586
9.116000000000387,0.029047438959717876,2.501478672027588
9.118000000000386,0.029042139529678553,2.500185489654541
9.122000000000384,0.02903246862394334,2.500361204147339
9.126000000000381,0.029025061980422345,2.501046657562256
9.132000000000378,0.029033825492536962,2.5016417503356934
9.136000000000376,0.029048462768272866,2.500535488128662
9.141000000000373,0.029076616658311308,2.5030417442321777
9.144000000000371,0.02909293102302369,2.5006937980651855
9.14600000000037,0.029096842846691777,2.5002150535583496
9.149000000000369,0.02909881322095606,2.5008182525634766
9.152000000000367,0.02909629885472602,2.500662326812744
9.156000000000365,0.02909366592609517,2.5017316341400146
9.161000000000362,0.029101646965074356,2.5005860328674316
9.16600000000036,0.029122496522538024,2.5020365715026855
9.170000000000357,0.02914358980987771,2.502270221710205
9.171000000000356,0.02914160727997702,2.500199317932129
9.174000000000355,0.02913903183949907,2.500180959701538
9.178000000000353,0.02913620627686426,2.5014021396636963
9.18300000000035,0.02914374209070738,2.500452756881714
9.188000000000347,0.029162861459636945,2.5019826889038086
9.190000000000346,0.02916484536904871,2.501523494720459
9.193000000000344,0.02916489148537886,2.5014069080352783
9.198000000000341,0.029173439314533693,2.5009095668792725
9.203000000000339,0.029194518546938872,2.502066135406494
9.207000000000336,0.02921554729814807,2.501993179321289
9.209000000000335,0.02921934492263259,2.5017285346984863
9.211000000000334,0.02921681273048847,2.500145196914673
9.215000000000332,0.02921310918437494,2.500887870788574
9.22000000000033,0.029218765397586263,2.500621795654297
9.225000000000326,0.02923696926439364,2.5021848678588867
9.229000000000324,0.029255689959348283,2.502528190612793
9.230000000000324,0.02925342432814041,2.500356674194336
9.234000000000322,0.029254674299851298,2.500901222229004
9.23800000000032,0.029259016253482893,2.5001585483551025
9.243000000000317,0.0292731489623144,2.5011799335479736
9.245000000000315,0.029273039148159215,2.5009498596191406
9.248000000000314,0.029269529519925744,2.5011987686157227
9.252000000000312,0.029266562069263764,2.50014591217041
9.258000000000308,0.029280105541539807,2.5028305053710938
9.261000000000307,0.029289081482206478,2.50015926361084
9.266000000000304,0.02931039227443632,2.503070116043091
9.267000000000303,0.029307755535664656,2.5013651847839355
9.269000000000302,0.0293009600214542,2.5
9.2730000000003,0.02928875680605525,2.500401020050049
9.279000000000297,0.02928854950447194,2.501959800720215
9.283000000000294,0.029296506236342466,2.5015077590942383
9.287000000000292,0.029307771687468717,2.5015006065368652
9.29100000000029,0.029320969085145317,2.501913547515869
9.29200000000029,0.029316952429617703,2.50022554397583
9.295000000000288,0.02930814331954386,2.5002803802490234
9.299000000000285,0.02929619754122896,2.501286029815674
9.303000000000283,0.029287289157746303,2.5001063346862793
9.30900000000028,0.029291838474830197,2.502582550048828
9.312000000000278,0.029296314076578178,2.500027894973755
9.317000000000276,0.029310079379625396,2.502408027648926
9.318000000000275,0.02930595083846292,2.500727653503418
9.321000000000273,0.029297904646729267,2.500988721847534
9.32700000000027,0.029297964693965554,2.5014524459838867
9.331000000000268,0.029304640760386413,2.5003209114074707
9.334000000000266,0.02930504889256943,2.5018556118011475
9.336000000000265,0.029299490535027624,2.5004920959472656
9.342000000000262,0.029299309444552668,2.5011892318725586
9.34600000000026,0.02930688592883346,2.5002636909484863
9.351000000000257,0.029323798003978573,2.5028462409973145
9.352000000000256,0.029320285398693587,2.5004987716674805
9.355000000000254,0.02931395121730746,2.5005955696105957
9.361000000000251,0.029316927717404982,2.502176284790039
9.365000000000249,0.029325869812058807,2.501993417739868
9.368000000000247,0.029329087681418474,2.501650810241699
9.370000000000246,0.029325302267578013,2.501138687133789
9.375000000000243,0.029323361306120656,2.5003132820129395
9.378000000000242,0.02932017341858354,2.5016579627990723
9.383000000000239,0.029322832674289305,2.50203800201416
9.387000000000237,0.029330057259423607,2.501708507537842
9.391000000000234,0.029339043091824807,2.5018842220306396
9.392000000000234,0.029334036020306473,2.50001859664917
9.396000000000232,0.0293232427167925,2.5014634132385254
9.39900000000023,0.029312199075106828,2.5014705657958984
9.404000000000227,0.029302291691389072,2.500253915786743
9.409000000000225,0.029304131940671746,2.501591205596924
9.413000000000222,0.029310481843312572,2.501999855041504
9.41700000000022,0.029319443253126284,2.5026955604553223
9.420000000000218,0.0293232852837325,2.5014376640319824
9.421000000000218,0.02931713961993327,2.500225067138672
9.425000000000216,0.029302137058796862,2.5013327598571777
9.429000000000213,0.029289086741644425,2.5013539791107178
9.43400000000021,0.02928235875463052,2.5013771057128906
9.438000000000208,0.02928157334427335,2.501053810119629
9.441000000000207,0.029278073958528883,2.5007195472717285
9.444000000000205,0.029270494598984204,2.500399351119995
9.448000000000203,0.029259860364675462,2.5014514923095703
9.451000000000201,0.029249432884580005,2.5006027221679688
9.456000000000198,0.029238419421982825,2.5005359649658203
9.458000000000197,0.029228810816622895,2.5000343322753906
9.462000000000195,0.029210890947330058,2.5001039505004883
9.467000000000192,0.0291967226825276,2.5005311965942383
9.47000000000019,0.02918602121238178,2.5014138221740723
9.47200000000019,0.029172920619327365,2.5000200271606445
9.477000000000187,0.029146961149465807,2.5006766319274902
9.481000000000185,0.02913041716638623,2.5003180503845215
9.486000000000182,0.029117289429695742,2.501333713531494
9.487000000000181,0.029107752853634865,2.501904249191284
9.48800000000018,0.029093509223488682,2.501275062561035
9.494000000000177,0.0290362517716422,2.5005054473876953
9.500000000000174,0.029003345141424705,2.500746250152588
9.505000000000171,0.02899017423507163,2.5019655227661133
9.509000000000169,0.0289844087239651,2.5018341541290283
9.513000000000167,0.02898137113051001,2.5014724731445312
9.517000000000165,0.028979615356207862,2.5010643005371094
9.518000000000164,0.028971792121097864,2.5006351470947266
9.521000000000162,0.028951256203120085,2.5000052452087402
9.52600000000016,0.028921222651315998,2.5010361671447754
9.531000000000157,0.028901380282074382,2.5018019676208496
9.536000000000154,0.028893238520520982,2.502214193344116
9.540000000000152,0.028890458770907075,2.5018184185028076
9.541000000000151,0.028882467741450195,2.501572847366333
9.54200000000015,0.0288702640211976,2.500092029571533
9.550000000000146,0.028823929331847263,2.5002455711364746
9.555000000000144,0.0288164847202425,2.5013256072998047
9.559000000000141,0.028815552681193728,2.501431941986084
9.56300000000014,0.02881622661936501,2.501445770263672
9.564000000000139,0.028809076585631574,2.5016112327575684
9.565000000000138,0.02879722676091754,2.5005011558532715
9.572000000000134,0.028753476089142978,2.501316547393799
9.577000000000131,0.028741038502775623,2.5015053749084473
9.58100000000013,0.02873529602086352,2.5012283325195312
9.582000000000129,0.028726629728163054,2.5016252994537354
9.583000000000128,0.028713294927028052,2.5007028579711914
9.590000000000124,0.02865976678045591,2.500426769256592
9.59600000000012,0.028642688741187576,2.5016770362854004
9.600000000000119,0.028639127655768287,2.50136137008667
9.604000000000116,0.028638709820277317,2.5006110668182373
9.608000000000114,0.028640052625482817,2.5000243186950684
9.609000000000114,0.028633102165422697,2.500291347503662
9.612000000000112,0.02861537789710218,2.5001754760742188
9.61600000000011,0.028590788462196114,2.500230312347412
9.620000000000108,0.028566684499571268,2.5007762908935547
9.624000000000105,0.028544838908845037,2.500347137451172
9.630000000000102,0.02853049773373697,2.5004544258117676
9.6350000000001,0.028533461566446615,2.5021305084228516
9.639000000000097,0.02853973937639686,2.502354145050049
9.640000000000096,0.028534072133296902,2.5026512145996094
9.641000000000096,0.028523742604983623,2.5010037422180176
9.647000000000093,0.02849047821873353,2.5004000663757324
9.65300000000009,0.02848191994625477,2.5005011558532715
9.656000000000088,0.02847800054553444,2.5002329349517822
9.660000000000085,0.028472236798935152,2.501803398132324
9.661000000000085,0.028463719653374284,2.5010647773742676
9.665000000000083,0.028440737319294626,2.5003063678741455
9.672000000000079,0.028429018719019268,2.500795841217041
9.676000000000077,0.028432901854253255,2.5002856254577637
9.681000000000074,0.028445657580204994,2.502291679382324
9.682000000000073,0.02844140516360613,2.5029687881469727
9.683000000000073,0.028432505359813183,2.501988410949707
9.68700000000007,0.028406932477860587,2.500215768814087
9.692000000000068,0.028382731158323092,2.5006327629089355
9.698000000000064,0.028375645959512585,2.5001273155212402
9.704000000000061,0.028391342946652028,2.5022802352905273
9.70500000000006,0.028387934902103076,2.5003461837768555
9.709000000000058,0.028384919866932798,2.5012240409851074
9.715000000000055,0.028397942142352445,2.5018558502197266
9.718000000000053,0.02840473991225191,2.5012102127075195
9.721000000000052,0.028407797542759093,2.5005717277526855
9.72500000000005,0.028412372314514274,2.5004467964172363
9.729000000000047,0.028418754500788505,2.500865936279297
9.733000000000045,0.028427381285386903,2.5007803440093994
9.737000000000043,0.028437903505901953,2.5010759830474854
9.740000000000041,0.02844300364565302,2.500382900238037
9.744000000000039,0.02845073351068761,2.501138687133789
9.749000000000036,0.0284691533214302,2.501462936401367
9.750000000000036,0.028466220888548513,2.500316619873047
9.754000000000033,0.028464776624639657,2.5012266635894775
9.75900000000003,0.028472359898990787,2.500946521759033
9.764000000000028,0.028491852907876147,2.501312732696533
9.767000000000026,0.028502463064968647,2.500059127807617
9.771000000000024,0.028516003435871976,2.5020692348480225
9.772000000000023,0.028512360004669113,2.5002973079681396
9.776000000000021,0.028508542963609253,2.5002102851867676
9.782000000000018,0.028521101082733626,2.500053882598877
9.787000000000015,0.028545856418116092,2.5017900466918945
9.790000000000013,0.028559453732275704,2.5011544227600098
9.793000000000012,0.02856865778491665,2.5015573501586914
9.79500000000001,0.02856826878320662,2.5011186599731445
9.799000000000008,0.028568816277070905,2.500424861907959
9.804000000000006,0.028578051056107723,2.5005393028259277
9.809000000000003,0.02859897313031532,2.500784397125244
9.813,0.028619081047474466,2.5006866455078125
9.815,0.028622482280149242,2.500643253326416
9.817999999999998,0.028624223219866393,2.5005555152893066
9.822999999999995,0.02863397389456157,2.500331401824951
9.827999999999992,0.02865522486419398,2.5005736351013184
9.83299999999999,0.028685893949985386,2.502993583679199
9.833999999999989,0.028685239607161225,2.5015735626220703
9.836999999999987,0.02868667888006629,2.501519203186035
9.840999999999985,0.028689537138631538,2.500706672668457
9.846999999999982,0.028710602327950537,2.502361297607422
9.85099999999998,0.02873161556924174,2.502117156982422
9.854999999999977,0.028754106738590378,2.502185344696045
9.855999999999977,0.02875254569636323,2.5012784004211426
9.858999999999975,0.02875086331631952,2.500903606414795
9.861999999999973,0.028745642223267975,2.500016689300537
9.86899999999997,0.028757615574468966,2.501351833343506
9.872999999999967,0.028774122416967016,2.500857353210449
9.876999999999965,0.028793799426340368,2.5007307529449463
9.881999999999962,0.028826376881091798,2.5017266273498535
9.882999999999962,0.028827658762749397,2.500591278076172
9.88699999999996,0.028840611319351464,2.501675844192505
9.889999999999958,0.028847412107998884,2.5008487701416016
9.894999999999955,0.028863205730854852,2.5032103061676025
9.898999999999953,0.02887837051336603,2.502516031265259
9.90299999999995,0.028894359568413346,2.501955270767212
9.90399999999995,0.028892628886256218,2.501987934112549
9.907999999999948,0.02889351590135255,2.5016849040985107
9.911999999999946,0.028894617472687435,2.503316879272461
9.915999999999944,0.02889758981885579,2.5009522438049316
9.92099999999994,0.028910212185520735,2.5034713745117188
9.923999999999939,0.02891725789270365,2.501681327819824
9.924999999999939,0.028913077621436634,2.5006003379821777
9.930999999999935,0.028910558385693827,2.5031614303588867
9.934999999999933,0.028913480782922933,2.5010271072387695
9.93899999999993,0.02891769631234306,2.5017881393432617
9.94199999999993,0.028919133885099528,2.5007762908935547
9.944999999999927,0.02891706444402195,2.501650333404541
9.949999999999925,0.02891810271343894,2.5019054412841797
9.954999999999922,0.028926369579863352,2.5032148361206055
9.955999999999921,0.028921716530917733,2.500835418701172
9.960999999999919,0.028913536131765803,2.5012331008911133
9.961999999999918,0.02890682051280144,2.5018582344055176
9.966999999999915,0.028889272546552533,2.502389430999756
9.970999999999913,0.028881996832504364,2.5014567375183105
9.97499999999991,0.02887801729251086,2.5008535385131836
9.979999999999908,0.02887699706380658,2.502786636352539
9.980999999999908,0.028870121799774176,2.50034761428833
9.986999999999904,0.028850803037143748,2.502169132232666
9.987999999999904,0.028840951485415434,2.50124454498291
9.9939999999999,0.02880740740498007,2.502225399017334
9.997999999999898,0.02879513653050838,2.5003581047058105
10.002999999999895,0.02879050000808457,2.5022315979003906
10.006999999999893,0.028792740285924275,2.5021138191223145
10.009999999999891,0.028792599440400343,2.500692367553711
10.01099999999989,0.02878603401303114,2.501678943634033
10.015999999999888,0.028766681608644873,2.502880096435547
10.016999999999888,0.028756331288528142,2.500678062438965
10.023999999999884,0.028716578299525695,2.5016937255859375
10.028999999999881,0.028701946161634788,2.5013482570648193
10.033999999999878,0.028694819770990317,2.502012252807617
10.036999999999876,0.028686673617366473,2.5011627674102783
10.039999999999875,0.02867403648787952,2.5005745887756348
10.043999999999873,0.02865901388135629,2.5025224685668945
10.044999999999872,0.028650569894801622,2.5004281997680664
10.050999999999869,0.02862339029948826,2.5007896423339844
10.054999999999866,0.02861230599036095,2.501377820968628
10.058999999999864,0.02860286445546839,2.5022926330566406
10.061999999999863,0.02859085771210758,2.500584363937378
10.06599999999986,0.028572314004782433,2.501099109649658
10.069999999999858,0.028552388389160743,2.5015158653259277
10.073999999999856,0.02853280724822365,2.501283645629883
10.077999999999854,0.02851733564351082,2.501495361328125
10.082999999999851,0.028507634259033937,2.5023889541625977
10.08399999999985,0.028500075511177128,2.503272533416748
10.087999999999848,0.028477722186051248,2.500764846801758
10.092999999999845,0.028454452257707714,2.501657485961914
10.097999999999843,0.028439969683604613,2.5007553100585938
10.10299999999984,0.02843254041648058,2.5024006366729736
10.10399999999984,0.028425126094145305,2.5024943351745605
10.107999999999837,0.028405382557257747,2.5001494884490967
10.112999999999834,0.028391432268737013,2.500195026397705
10.116999999999832,0.02838360022204226,2.5027782917022705
10.12099999999983,0.028376117864944504,2.5026116371154785
10.124999999999828,0.028367894844364056,2.501892566680908
10.128999999999825,0.028359306990371667,2.501835346221924
10.131999999999824,0.028350761354430598,2.500516891479492
10.134999999999822,0.028340031322625886,2.5002009868621826
10.13999999999982,0.02832909109325405,2.502694606781006
10.144999999999817,0.028325444353896452,2.5025954246520996
10.145999999999816,0.028317693620601554,2.502108573913574
10.151999999999813,0.028296922246616632,2.500917434692383
10.15699999999981,0.028297081922210483,2.5004591941833496
10.161999999999807,0.02830895477171832,2.5027084350585938
10.162999999999807,0.028305750049080848,2.502145767211914
10.167999999999804,0.028304450398678793,2.502403736114502
10.171999999999802,0.028305494403238776,2.500199794769287
10.177999999999798,0.028319670885285725,2.5032811164855957
10.180999999999797,0.02832524871900787,2.500201940536499
10.184999999999794,0.028330403349780757,2.500915050506592
10.188999999999792,0.028335437925445364,2.5028910636901855
10.19299999999979,0.02834588589003867,2.502955913543701
10.196999999999788,0.028361455489963557,2.501739501953125
10.200999999999786,0.02837946626884706,2.5034523010253906
10.201999999999785,0.02837851352387797,2.502645254135132
10.205999999999783,0.028382248998647705,2.500049591064453
10.21099999999978,0.02839132504397627,2.500941276550293
10.215999999999777,0.028407216568793102,2.500904083251953
10.219999999999775,0.02841917412618583,2.502091646194458
10.223999999999773,0.02842999418323592,2.5021073818206787
10.22799999999977,0.028440772428275668,2.5018227100372314
10.231999999999768,0.028454221422749247,2.5016326904296875
10.235999999999766,0.028471681582791813,2.500735282897949
10.238999999999765,0.028482558004887165,2.5016064643859863
10.242999999999762,0.028498402820178813,2.50289249420166
10.24699999999976,0.028515046516390488,2.5009453296661377
10.250999999999758,0.02852984544440621,2.5010428428649902
10.254999999999756,0.02854271173390001,2.5018787384033203
10.258999999999753,0.02855539354067474,2.503504753112793
10.261999999999752,0.028565378956258443,2.5002617835998535
10.26599999999975,0.02858073960170661,2.5001418590545654
10.268999999999748,0.028588865233590346,2.501347064971924
10.272999999999746,0.02859773650133879,2.500890016555786
10.277999999999743,0.02861315410619928,2.503432273864746
10.28199999999974,0.028628322001525777,2.5019896030426025
10.284999999999739,0.028638063394963144,2.5010576248168945
10.287999999999737,0.028644274328638024,2.502023696899414
10.292999999999735,0.028658650129423,2.5032765865325928
10.296999999999732,0.028672388133426062,2.5026440620422363
10.29999999999973,0.028680477372336144,2.501857280731201
10.302999999999729,0.02868524855812097,2.500523805618286
10.306999999999727,0.028691084723997604,2.501044273376465
10.311999999999724,0.028703570674229607,2.502671957015991
10.314999999999722,0.0287100746881888,2.500917673110962
10.31899999999972,0.028719153555478244,2.502401828765869
10.321999999999719,0.028723526898155688,2.5018277168273926
10.325999999999716,0.028727853282756115,2.500690460205078
10.330999999999714,0.028738067827715506,2.502486228942871
10.334999999999711,0.028749756819546904,2.5031490325927734
10.33799999999971,0.02875749915580067,2.500088691711426
10.341999999999707,0.028765722187425367,2.502537250518799
10.342999999999707,0.028760329653412797,2.5001349449157715
10.348999999999704,0.0287526116524588,2.501976251602173
10.352999999999701,0.028757089725611903,2.500389814376831
10.357999999999699,0.02877267869183344,2.502943992614746
10.361999999999696,0.02878955964113606,2.5026345252990723
10.365999999999694,0.02880604394975019,2.501315116882324
10.369999999999692,0.028820347806009894,2.5037174224853516
10.370999999999691,0.028816300203020374,2.5037729740142822
10.37499999999969,0.028808548550333407,2.502448081970215
10.375999999999689,0.028800956120329783,2.502821922302246
10.379999999999686,0.028780158300223554,2.5005664825439453
10.384999999999684,0.028764456370739377,2.5010385513305664
10.38999999999968,0.028758075808868383,2.501990795135498
10.394999999999678,0.028759137437860384,2.503026008605957
10.398999999999676,0.02876206571784494,2.5014820098876953
10.402999999999674,0.028764934641001424,2.501288652420044
10.403999999999673,0.02875984484671508,2.5021519660949707
10.40799999999967,0.02874752801143679,2.5012805461883545
10.40899999999967,0.028738348162322992,2.5014851093292236
10.413999999999668,0.028707504232146394,2.500288963317871
10.419999999999664,0.028685554841299032,2.501542091369629
10.424999999999661,0.02867800479462953,2.5019073486328125
10.429999999999659,0.02867905803016766,2.5032107830047607
10.432999999999657,0.02867939082305055,2.500473976135254
10.433999999999656,0.0286734443868137,2.501345157623291
10.438999999999654,0.028657243723826845,2.502840518951416
10.439999999999653,0.028647233025742756,2.5018744468688965
10.44599999999965,0.028612132175950537,2.50042724609375
10.450999999999647,0.028599126857635333,2.501354932785034
10.454999999999645,0.028594245360061048,2.5005364418029785
10.459999999999642,0.02859217818234617,2.5018954277038574
10.460999999999641,0.02858454686785091,2.502107620239258
10.465999999999639,0.02856184366204874,2.5022003650665283
10.466999999999638,0.028552241334341893,2.503066301345825
10.471999999999635,0.028520664742171055,2.501889705657959
10.476999999999633,0.028501969430444668,2.5022525787353516
10.48099999999963,0.02849136188484626,2.500369071960449
10.485999999999628,0.028482597482747063,2.5005688667297363
10.489999999999625,0.028474250373467347,2.502333879470825
10.490999999999625,0.028464704787497325,2.501666307449341
10.496999999999622,0.028432302139014036,2.502028465270996
10.497999999999621,0.028423181773446736,2.5002851486206055
10.504999999999617,0.028393597540204533,2.5020809173583984
10.508999999999615,0.028388286901409585,2.5004892349243164
10.513999999999612,0.028390441730016883,2.502455711364746
10.514999999999612,0.028385433273985114,2.5036706924438477
10.51899999999961,0.02837249092289816,2.502119541168213
10.522999999999607,0.02835755025812739,2.50161075592041
10.528999999999604,0.02834547429887388,2.502875804901123
10.533999999999601,0.028345555493463265,2.5004525184631348
10.538999999999598,0.02835009906376803,2.502800941467285
10.541999999999597,0.028348905136329865,2.500920295715332
10.546999999999594,0.028351587242178754,2.5021581649780273
10.551999999999591,0.028366578954076467,2.502647876739502
10.55499999999959,0.02837651980641529,2.5001797676086426
10.558999999999587,0.028390843909797153,2.5021281242370605
10.559999999999587,0.02838912513197977,2.501008987426758
10.564999999999584,0.028394878316396185,2.5000767707824707
10.569999999999581,0.02840740274121028,2.5005452632904053
10.574999999999578,0.028427543421562645,2.5003933906555176
10.578999999999576,0.028443799954489882,2.5003814697265625
10.582999999999574,0.028458189418721067,2.503018856048584
10.586999999999572,0.028472799391164386,2.5031137466430664
10.59099999999957,0.028489402695679185,2.501708507537842
10.594999999999567,0.028509787831903124,2.502562999725342
10.597999999999566,0.028524008357515167,2.5008373260498047
10.601999999999563,0.02854292861387419,2.503122329711914
10.604999999999562,0.028552418937226813,2.500818967819214
10.60899999999956,0.0285636706010041,2.5005898475646973
10.613999999999557,0.028582915416172125,2.5037031173706055
10.616999999999555,0.028593728985254238,2.5003347396850586
10.620999999999553,0.028609266750815612,2.501234531402588
10.623999999999551,0.028619005444910674,2.500481605529785
10.627999999999549,0.028630935852785554,2.5018582344055176
10.631999999999547,0.028642092876376243,2.502392530441284
10.635999999999544,0.028653618069149137,2.502255916595459
10.640999999999542,0.028674791781308218,2.5036864280700684
10.641999999999541,0.028674120376974345,2.5029430389404297
10.645999999999539,0.028679610108258216,2.5006625652313232
10.649999999999537,0.02868614997804319,2.5004115104675293
10.654999999999534,0.028700010406827473,2.501190662384033
10.658999999999532,0.02871236304881862,2.501167058944702
10.66299999999953,0.028724395066611765,2.5022425651550293
10.665999999999528,0.0287309916897356,2.501163959503174
10.668999999999526,0.02873502854466714,2.5008339881896973
10.672999999999524,0.028740785155314703,2.5013632774353027
10.676999999999522,0.028747560692310936,2.5005292892456055
10.681999999999519,0.028761336877783816,2.5017921924591064
10.684999999999517,0.028766696148770074,2.500545024871826
10.688999999999515,0.02877464239772426,2.502892255783081
10.691999999999513,0.02877933023196367,2.500354290008545
10.695999999999511,0.028784718286056755,2.5005643367767334
10.700999999999508,0.028795094162114718,2.5030789375305176
10.704999999999506,0.02880480532928003,2.502290725708008
10.705999999999506,0.02880166212481032,2.500642776489258
10.709999999999503,0.02879726961680331,2.5002360343933105
10.713999999999501,0.028793777576702644,2.501127243041992
10.718999999999498,0.02879433221791486,2.502570629119873
10.719999999999498,0.028788674587277553,2.500702381134033
10.724999999999495,0.02877576329625281,2.500418186187744
10.728999999999493,0.028768991543003067,2.5024330615997314
10.73399999999949,0.028765865230198945,2.502866744995117
10.73499999999949,0.028758977442677823,2.5035362243652344
10.738999999999487,0.028740577256985027,2.5004470348358154
10.743999999999485,0.02872636656628806,2.500454902648926
10.748999999999482,0.0287216026894639,2.501577377319336
10.753999999999479,0.02872354973085233,2.5031001567840576
10.754999999999479,0.028717809712074667,2.5035200119018555
10.758999999999476,0.028703186204958687,2.5019891262054443
10.759999999999476,0.02869390176122761,2.502190589904785
10.765999999999472,0.028661451872799323,2.501558780670166
10.77099999999947,0.02864478249321859,2.500277042388916
10.775999999999467,0.02863649945759829,2.50014591217041
10.780999999999464,0.028638386336179614,2.50250244140625
10.781999999999464,0.028633485631156703,2.502739429473877
10.785999999999461,0.028620882164299387,2.500800848007202
10.78699999999946,0.028610229425236985,2.500525951385498
10.792999999999457,0.028571273873715282,2.50071382522583
10.797999999999455,0.028554676371277482,2.501310348510742
10.801999999999452,0.028547043261405114,2.5003461837768555
10.80599999999945,0.028539640587021617,2.5006308555603027
10.80699999999945,0.028530236721338982,2.5007991790771484
10.812999999999446,0.028498060144506503,2.501842498779297
10.816999999999444,0.02848366827371459,2.5021872520446777
10.820999999999442,0.028470916576849352,2.502014636993408
10.82599999999944,0.028460047610427135,2.501235008239746
10.826999999999439,0.028451934458671557,2.501760482788086
10.831999999999436,0.028426491057662623,2.500967502593994
10.832999999999435,0.028416093271130954,2.5005390644073486
10.839999999999431,0.02837631527183712,2.500307321548462
10.845999999999428,0.028363375436588567,2.5014994144439697
10.851999999999425,0.028369253171166522,2.502192497253418
10.855999999999423,0.028380676468943565,2.5006985664367676
10.858999999999421,0.02838556859692392,2.5012645721435547
10.862999999999419,0.02838877763926386,2.502577066421509
10.865999999999417,0.02838581137745038,2.5001518726348877
10.869999999999415,0.028381115854915956,2.5001399517059326
10.875999999999411,0.02839069543924437,2.5020761489868164
10.880999999999409,0.028414083216685405,2.503620147705078
10.884999999999406,0.028437407331038403,2.502296209335327
10.888999999999404,0.02846007135904907,2.5012001991271973
10.891999999999403,0.028471670755630334,2.5007286071777344
10.8959999999994,0.028484396606610334,2.503053665161133
10.898999999999399,0.028489681493721747,2.501636505126953
10.902999999999397,0.028497060304528005,2.5004940032958984
10.907999999999394,0.028515490414479247,2.5010933876037598
10.911999999999392,0.02853674686357563,2.5001020431518555
10.916999999999389,0.028570837351049483,2.503800868988037
10.917999999999388,0.028570855929641037,2.501451253890991
10.922999999999385,0.02858524407657201,2.5028185844421387
10.923999999999385,0.028581975069359382,2.500187397003174
10.929999999999382,0.028586649302163904,2.5008583068847656
10.934999999999379,0.028604267816172167,2.502135753631592
10.938999999999377,0.02862428969182252,2.5018177032470703
10.942999999999374,0.028646267469255672,2.501032829284668
10.947999999999372,0.028678361930259126,2.503960132598877
10.948999999999371,0.028678081402709575,2.5019099712371826
10.953999999999368,0.02869182416126012,2.503575325012207
10.954999999999368,0.028689083658279553,2.5028247833251953
10.958999999999365,0.02868671769567053,2.5002307891845703
10.964999999999362,0.028696297866441234,2.5032577514648438
10.96899999999936,0.02870804657013147,2.500997543334961
10.973999999999357,0.028729878962858696,2.503093719482422
10.977999999999355,0.02875146378984155,2.50362229347229
10.978999999999354,0.028750312632150367,2.500826835632324
10.983999999999352,0.028758895940862124,2.5026631355285645
10.984999999999351,0.02875461918098028,2.5008440017700195
10.990999999999348,0.028752624266638938,2.5029540061950684
10.994999999999346,0.02875783285061212,2.500335216522217
10.999999999999343,0.028772995241278458,2.5029263496398926
11.00399999999934,0.028787465391453736,2.501509666442871
11.007999999999338,0.02880117370943632,2.502056121826172
11.010999999999337,0.028806928159748488,2.5023698806762695
11.011999999999336,0.028802875755173755,2.503530263900757
11.014999999999334,0.02879339567675017,2.5002856254577637
11.018999999999332,0.028779935602947275,2.501730442047119
11.02399999999933,0.028768766455976112,2.5012216567993164
11.028999999999327,0.028766339766315284,2.502781391143799
11.029999999999326,0.028760258991758214,2.501145839691162
11.034999999999323,0.02874477014646453,2.500600814819336
11.035999999999323,0.028735313504107386,2.5009987354278564
11.04199999999932,0.028702763094698533,2.501455068588257
11.046999999999317,0.028688745032657698,2.501889705657959
11.050999999999314,0.028681537914636422,2.5000171661376953
11.055999999999312,0.028678726866953587,2.5013933181762695
11.060999999999309,0.02868279041950704,2.503190517425537
11.061999999999308,0.02867786052928991,2.5045619010925293
11.062999999999308,0.028669079950341778,2.500559091567993
11.068999999999305,0.028638688001301628,2.502532482147217
11.072999999999302,0.028620698977910107,2.5022830963134766
11.0779999999993,0.028603826820329817,2.501835346221924
11.082999999999297,0.028594638024328344,2.502518653869629
11.083999999999296,0.028587510965049016,2.504124641418457
11.084999999999296,0.028576556374217008,2.500828981399536
11.090999999999292,0.028534312128252574,2.5013175010681152
11.09599999999929,0.028510489240757962,2.500236988067627
11.101999999999286,0.028495576207408314,2.5026612281799316
11.105999999999284,0.02848867525577755,2.500809669494629
11.106999999999283,0.028480500046357958,2.5009450912475586
11.11199999999928,0.028455219017871118,2.5015087127685547
11.11299999999928,0.028445531971313318,2.5012035369873047
11.119999999999276,0.02841021809348778,2.5024213790893555
11.124999999999273,0.028397581211125837,2.5012412071228027
11.12999999999927,0.028392369223774465,2.501044273376465
11.13099999999927,0.02838604431713531,2.5020968914031982
11.135999999999267,0.028368391188614346,2.502633571624756
11.139999999999265,0.02835362342016714,2.5012176036834717
11.145999999999262,0.02834415476622784,2.501572608947754
11.150999999999259,0.0283509337784575,2.5015807151794434
11.155999999999256,0.028364636664103902,2.503005027770996
11.156999999999256,0.028360928010782653,2.5002212524414062
11.162999999999252,0.02836291608997571,2.5016391277313232
11.16799999999925,0.028378273736057273,2.5014185905456543
11.172999999999247,0.02840338152801869,2.5027718544006348
11.175999999999245,0.028415416082136782,2.500581741333008
11.179999999999243,0.028429244878065446,2.5029489994049072
11.182999999999241,0.02843633535570985,2.500077247619629
11.187999999999239,0.028453726526571535,2.5029168128967285
11.191999999999236,0.02847306650685904,2.501636505126953
11.195999999999234,0.028492428511510542,2.5011143684387207
11.199999999999232,0.028510767176816318,2.5022330284118652
11.20299999999923,0.028520086314412656,2.501723289489746
11.206999999999228,0.0285319663658313,2.5018789768218994
11.210999999999226,0.028545929546548443,2.500819683074951
11.215999999999223,0.028571810672326316,2.503810167312622
11.218999999999221,0.028584839376455555,2.501983165740967
11.22199999999922,0.028593132682788396,2.50026798248291
11.225999999999217,0.02860272225989806,2.503077745437622
11.229999999999215,0.028614555316435468,2.5035157203674316
11.233999999999213,0.02862951479921478,2.502319574356079
11.23799999999921,0.028645048706322583,2.5005311965942383
11.24099999999921,0.028651615792552147,2.5005321502685547
11.243999999999208,0.02865352213644575,2.5002031326293945
11.247999999999205,0.028656593997444926,2.5004396438598633
11.252999999999203,0.02866873331345144,2.5018997192382812
11.2569999999992,0.028681677805732456,2.5005085468292236
11.260999999999198,0.028693802026332225,2.501809597015381
11.263999999999196,0.028698261134513264,2.502004623413086
11.267999999999194,0.028703902187891636,2.503371238708496
11.271999999999192,0.02871195429847441,2.5020105838775635
11.27599999999919,0.028720820999157792,2.5020618438720703
11.279999999999188,0.028729462800784783,2.501685619354248
11.282999999999186,0.028731706125370474,2.5013375282287598
11.286999999999184,0.02873528800594316,2.5013251304626465
11.291999999999181,0.02874701846254319,2.503255844116211
11.29499999999918,0.028750349103744355,2.500795364379883
11.295999999999179,0.028744612310571953,2.5003509521484375
11.300999999999176,0.02873184185162938,2.502145528793335
11.304999999999174,0.02872784811392038,2.501376152038574
11.308999999999171,0.02872605254067276,2.5010578632354736
11.31299999999917,0.02872155002953057,2.5025429725646973
11.313999999999169,0.028713228222018522,2.5006420612335205
11.319999999999165,0.0286880136036159,2.5011825561523438
11.324999999999163,0.028681664571080887,2.502933979034424
11.325999999999162,0.02867569010962808,2.5012924671173096
11.33099999999916,0.02865913724366813,2.5010180473327637
11.331999999999159,0.028649604465911388,2.5001964569091797
11.339999999999154,0.028616751840442795,2.5011258125305176
11.343999999999152,0.028609563522422353,2.502051830291748
11.34699999999915,0.028601692301767963,2.5004401206970215
11.350999999999148,0.02859085475427437,2.501312255859375
11.354999999999146,0.02858002808476441,2.5022835731506348
11.357999999999144,0.02856852379723538,2.500284194946289
11.361999999999142,0.028552660833824198,2.5006799697875977
11.36599999999914,0.02853779031443064,2.5014405250549316
11.369999999999138,0.02852414432709221,2.502427816390991
11.370999999999137,0.02851511653558695,2.502354621887207
11.377999999999133,0.028482896677678074,2.500930070877075
11.378999999999133,0.028472626220537332,2.50066876411438
11.38499999999913,0.02843589987206397,2.5019335746765137
11.388999999999127,0.028420390769523712,2.500061511993408
11.393999999999124,0.028409525806380682,2.5014877319335938
11.396999999999123,0.028399858326059263,2.500227928161621
11.399999999999121,0.028383619151053738,2.500164031982422
11.403999999999119,0.028360316163545396,2.5012335777282715
11.408999999999116,0.02834127366534489,2.502033233642578
11.412999999999114,0.028330332951573188,2.500119686126709
11.416999999999112,0.028316109382014377,2.5018320083618164
11.417999999999111,0.028306312547089263,2.500509262084961
11.424999999999107,0.028271512354875433,2.5017406940460205
11.430999999999104,0.02826567628204922,2.50184965133667
11.435999999999101,0.028273237483070153,2.5008296966552734
11.440999999999098,0.028289633715060013,2.500936269760132
11.444999999999096,0.02830379983358646,2.5010552406311035
11.448999999999094,0.028316302660018056,2.5034008026123047
11.451999999999092,0.028321219322464772,2.502013683319092
11.45599999999909,0.028326575870000807,2.5031635761260986
11.459999999999088,0.028333867574338485,2.501183032989502
11.464999999999085,0.02835115739366091,2.50128173828125
11.469999999999082,0.028378377052923953,2.5029239654541016
11.47399999999908,0.028402366434429394,2.5035948753356934
11.47499999999908,0.02840169623326489,2.5008749961853027
11.479999999999077,0.02841339221473809,2.501338481903076
11.484999999999074,0.02843363300742468,2.503744602203369
11.488999999999072,0.02845354930870609,2.5016613006591797
11.49299999999907,0.02847392761497755,2.501828193664551
11.495999999999068,0.028485456576212487,2.50087571144104
11.498999999999066,0.02849326849915839,2.5016963481903076
11.502999999999064,0.028503780252262384,2.501373291015625
11.507999999999061,0.02852371511113337,2.5029077529907227
11.511999999999059,0.02854161878299511,2.5036091804504395
11.514999999999057,0.02855146859048662,2.5018155574798584
11.518999999999055,0.028563396181693984,2.5033135414123535
11.521999999999053,0.028569067083869894,2.5007824897766113
11.525999999999051,0.028576122899733325,2.50089693069458
11.529999999999049,0.028584115818270292,2.500683546066284
11.534999999999046,0.028600116960936173,2.503406286239624
11.538999999999044,0.028615639912300324,2.5029144287109375
11.541999999999042,0.028623261028904043,2.50203275680542
11.542999999999042,0.02861913257531397,2.5001072883605957
11.548999999999038,0.02861718396409567,2.5027060508728027
11.553999999999036,0.02862715170169905,2.503396987915039
11.557999999999033,0.028638587821261996,2.5014939308166504
11.56299999999903,0.02865877998038227,2.5037660598754883
11.566999999999029,0.02867618932675603,2.502274990081787
11.567999999999028,0.02867472320443048,2.5038833618164062
11.568999999999027,0.028669121019488687,2.500607967376709
11.574999999999024,0.028657312579946928,2.5026586055755615
11.578999999999022,0.02865269405252513,2.500581741333008
11.583999999999019,0.028650113832020173,2.5023114681243896
11.584999999999019,0.028642403555935184,2.501844644546509
11.589999999999016,0.028620273953044194,2.501094102859497
11.594999999999013,0.028610573890942938,2.5024614334106445
11.595999999999012,0.028604284635173435,2.500074625015259
11.601999999999009,0.028589107763463108,2.502074718475342
11.602999999999009,0.02858235970315509,2.5007882118225098
11.608999999999005,0.02856306833696224,2.502596855163574
11.612999999999003,0.028551684075600887,2.502229690551758
11.616999999999,0.028538918932372474,2.501403331756592
11.620999999998999,0.028524769795016072,2.50079607963562
11.624999999998996,0.028509609258764793,2.500685453414917
11.628999999998994,0.028495338902291598,2.5014748573303223
11.629999999998994,0.028486907701993962,2.500173807144165
11.63599999999899,0.028460211817695556,2.50117826461792
11.639999999998988,0.02844865058438517,2.500234603881836
11.640999999998987,0.02843819585783975,2.500044822692871
11.646999999998984,0.028400182255453016,2.500847816467285
11.651999999998981,0.02838369659300545,2.501776695251465
11.65599999999898,0.028373375033186266,2.5014028549194336
11.656999999998979,0.028363382721955023,2.5012683868408203
11.662999999998975,0.02832808050116259,2.5014724731445312
11.667999999998973,0.02831385919499091,2.502505302429199
11.668999999998972,0.028306633782994063,2.500131368637085
11.674999999998969,0.02828423933266644,2.5014195442199707
11.675999999998968,0.028273725388297914,2.5007729530334473
11.682999999998964,0.028233536458676392,2.5024328231811523
11.68899999999896,0.028222731721816705,2.5015015602111816
11.693999999998958,0.02822744973762039,2.5010125637054443
11.697999999998956,0.028231045266336394,2.5022265911102295
11.701999999998954,0.028233917272145685,2.5030479431152344
11.705999999998951,0.028238441781990878,2.5006165504455566
11.711999999998948,0.028258508684656243,2.503600835800171
11.715999999998946,0.028274734266543568,2.5028622150421143
11.718999999998944,0.028283520312366583,2.5000948905944824
11.722999999998942,0.028294186125861667,2.5014853477478027
11.72699999999894,0.028305902660119904,2.501063108444214
11.731999999998937,0.02832730820046396,2.503657817840576
11.735999999998935,0.02834817298360672,2.5014724731445312
11.739999999998933,0.028368770303579725,2.5025978088378906
11.742999999998931,0.028380068652267193,2.5023646354675293
11.746999999998929,0.028394679545472132,2.503643274307251
11.749999999998927,0.028403402011455373,2.500086784362793
11.754999999998924,0.02842316204395453,2.5031802654266357
11.758999999998922,0.028441848497539557,2.503631591796875
11.76199999999892,0.028453144899411018,2.500887155532837
11.765999999998918,0.028466856220968527,2.5020315647125244
11.768999999998917,0.028472561024787388,2.5009446144104004
11.772999999998914,0.028480765086215686,2.500643253326416
11.777999999998912,0.02849838948112257,2.5019936561584473
11.78199999999891,0.028514574433913586,2.503058671951294
11.784999999998908,0.028523408189203972,2.501326560974121
11.788999999998905,0.028534485271285624,2.5023982524871826
11.792999999998903,0.02854599075323476,2.503427028656006
11.795999999998902,0.02855195542687363,2.5004143714904785
11.7999999999989,0.0285597227727259,2.5003256797790527
11.803999999998897,0.02856801713901471,2.500157594680786
11.808999999998894,0.028583309390653545,2.5012359619140625
11.809999999998894,0.028581056543460014,2.500088691711426
11.814999999998891,0.02858404639562926,2.5033345222473145
11.818999999998889,0.028588175449426136,2.502586841583252
11.822999999998887,0.02859202100580953,2.5019359588623047
11.825999999998885,0.02859080204988873,2.500457286834717
11.826999999998884,0.02858450734669224,2.5011887550354004
11.831999999998882,0.02856819625144967,2.502814531326294
11.83599999999888,0.02855871438593373,2.5012001991271973
11.840999999998877,0.02855190066065011,2.502218246459961
11.841999999998876,0.028545105715951397,2.5000715255737305
11.847999999998873,0.02852692098326906,2.5022764205932617
11.848999999998872,0.028519041099721767,2.503004550933838
11.85299999999887,0.028495336230877757,2.5010507106781006
11.857999999998867,0.028470224806841304,2.5004143714904785
11.863999999998864,0.028454353939719935,2.5027108192443848
11.867999999998862,0.028448048563168585,2.5006277561187744
11.87199999999886,0.028442068194257673,2.502880811691284
11.872999999998859,0.028434863151588385,2.5041866302490234
11.873999999998858,0.028423822010743463,2.500765800476074
11.879999999998855,0.028380668379682568,2.5020084381103516
11.884999999998852,0.02835507973487761,2.5007219314575195
11.88999999999885,0.028337324883252628,2.500436782836914
11.894999999998847,0.02832735606529513,2.5012545585632324
11.897999999998845,0.02831990313916713,2.5012269020080566
11.898999999998845,0.02831147080673406,2.502471923828125
11.902999999998842,0.028285509985316884,2.500837802886963
11.90699999999884,0.02825910671198987,2.5015041828155518
11.912999999998837,0.028231852305859888,2.502346992492676
11.917999999998834,0.028220308890937705,2.502775192260742
11.918999999998833,0.028212715310371533,2.5038223266601562
11.922999999998831,0.02818991506816851,2.5016863346099854
11.928999999998828,0.028165332705717076,2.5017335414886475
11.934999999998825,0.028159906358087718,2.500739097595215
11.940999999998821,0.028173971525023205,2.5030436515808105
11.94399999999882,0.028179234428300316,2.5015511512756348
11.947999999998817,0.028184740725657804,2.502707004547119
11.951999999998815,0.02819127826575346,2.502495527267456
11.956999999998812,0.028207928437899994,2.502373695373535
11.96199999999881,0.028232984541635225,2.5035719871520996
11.964999999998808,0.0282438304047002,2.502178192138672
11.968999999998806,0.0282578970478891,2.502479076385498
11.972999999998803,0.028273356273856146,2.502689838409424
11.976999999998801,0.02829046044756331,2.5025646686553955
11.980999999998799,0.02830914259515862,2.502375364303589
11.984999999998797,0.0283289325799799,2.5028936862945557
11.987999999998795,0.02834096360038816,2.500575542449951
11.991999999998793,0.028355642220364734,2.5019350051879883
11.99599999999879,0.028369346936103303,2.5029258728027344
11.999999999998789,0.02838543559079658,2.5018045902252197
12.003999999998786,0.028402339575024825,2.502973794937134
12.006999999998785,0.028411903751785553,2.5010085105895996
12.010999999998782,0.028423688033177047,2.5030629634857178
12.01499999999878,0.02843604165349864,2.5029940605163574
12.018999999998778,0.02844929012570177,2.5002217292785645
12.022999999998776,0.028462924121801146,2.500965118408203
12.026999999998774,0.028476566847389313,2.502776622772217
12.029999999998772,0.0284836515636855,2.5009827613830566
12.03399999999877,0.028493269692130202,2.5016427040100098
12.037999999998767,0.02850439509863483,2.5000014305114746
12.041999999998765,0.028514252066473532,2.5003914833068848
12.045999999998763,0.028524500757023633,2.5020484924316406
12.04999999999876,0.028535507087293827,2.503300666809082
12.05299999999876,0.028541316838270485,2.5020060539245605
12.056999999998757,0.028548517895754896,2.5021092891693115
12.057999999998756,0.028543714950162606,2.5022945404052734
12.061999999998754,0.02853350653873147,2.5013465881347656
12.065999999998752,0.028526402979945638,2.500546455383301
12.07099999999875,0.028522213096725917,2.5019779205322266
12.073999999998748,0.028516785178760322,2.5012612342834473
12.074999999998747,0.02850823752410199,2.5011956691741943
12.079999999998744,0.028481620747057,2.5007572174072266
12.084999999998741,0.02846736221236685,2.5017762184143066
12.08899999999874,0.028458935688418785,2.5004329681396484
12.091999999998738,0.028446413862998024,2.500396728515625
12.095999999998735,0.02842813941447756,2.500988483428955
12.099999999998733,0.028413529939442357,2.5010104179382324
12.10399999999873,0.028401216546932652,2.501070976257324
12.107999999998729,0.028386977366168027,2.50065279006958
12.108999999998728,0.02837694392481966,2.500314712524414
12.113999999998725,0.028343025223957083,2.5004663467407227
12.118999999998723,0.0283211635928778,2.501136302947998
12.12399999999872,0.028306800581744167,2.5014328956604004
12.128999999998717,0.028299747552296355,2.5030694007873535
12.129999999998716,0.028293012797056635,2.5047473907470703
12.130999999998716,0.02828243269775904,2.5016303062438965
12.135999999998713,0.028243417540855617,2.500603675842285
12.139999999998711,0.02821188813685012,2.5007243156433105
12.145999999998708,0.028177332826151445,2.501051425933838
12.150999999998705,0.028160389941096986,2.500701427459717
12.155999999998702,0.028155136477876402,2.503021240234375
12.156999999998702,0.028148738035107826,2.504387378692627
12.157999999998701,0.028137681687114828,2.500455856323242
12.164999999998697,0.028092767984821916,2.50130033493042
12.171999999998693,0.02807786881975745,2.5020570755004883
12.17799999999869,0.028084787307373335,2.503281354904175
12.180999999998688,0.02808557229194389,2.5008440017700195
12.184999999998686,0.02808642002106162,2.5016186237335205
12.188999999998684,0.028090589289983578,2.50128436088562
12.193999999998681,0.028105437355932843,2.501209259033203
12.198999999998678,0.028129483826443334,2.5021209716796875
12.201999999998677,0.028139816951025264,2.5014188289642334
12.205999999998674,0.028150808910788402,2.5027942657470703
12.209999999998672,0.028163703474442886,2.5016427040100098
12.21499999999867,0.028188380973692695,2.5029969215393066
12.218999999998667,0.02821094748504245,2.5031754970550537
12.221999999998665,0.028224436013795914,2.500333786010742
12.225999999998663,0.028241020517064064,2.501269817352295
12.229999999998661,0.02825733209843135,2.5023999214172363
12.233999999998659,0.02827419342113121,2.503389358520508
12.236999999998657,0.02828458295957481,2.5001959800720215
12.240999999998655,0.028298751928305582,2.5000600814819336
12.244999999998653,0.02831385386709303,2.500009059906006
12.24899999999865,0.028329233320929466,2.5004286766052246
12.252999999998648,0.028343586201946547,2.501502513885498
12.255999999998647,0.028349671987206823,2.5004892349243164
12.260999999998644,0.028366222248320097,2.5037312507629395
12.264999999998642,0.0283843835970623,2.5023434162139893
12.26899999999864,0.028404149980847608,2.5023767948150635
12.271999999998638,0.028415450411100662,2.5008368492126465
12.274999999998636,0.02842185368430248,2.500735282897949
12.278999999998634,0.02842901420921149,2.502957344055176
12.283999999998631,0.028443236802628696,2.5034337043762207
12.287999999998629,0.028457597046510255,2.501183271408081
12.291999999998627,0.028474300367774298,2.5004963874816895
12.295999999998624,0.028490401629714925,2.5037896633148193
12.296999999998624,0.02848799566946636,2.5019664764404297
12.301999999998621,0.028490974032952122,2.5031025409698486
12.305999999998619,0.02849708157003148,2.501176595687866
12.310999999998616,0.028509876477729214,2.5019915103912354
12.314999999998614,0.028522662340337138,2.503074884414673
12.315999999998613,0.028519824717925447,2.504495620727539
12.316999999998613,0.02851282350718847,2.5008435249328613
12.32199999999861,0.02849230468262816,2.500638008117676
12.326999999998607,0.028479077180335398,2.500640869140625
12.331999999998605,0.02847381878667908,2.5019586086273193
12.335999999998602,0.028473609640173134,2.50217604637146
12.336999999998602,0.028467802857750565,2.503509044647217
12.3409999999986,0.028451257745831737,2.500345230102539
12.344999999998597,0.02843245024076433,2.5025720596313477
12.349999999998595,0.028416287894751452,2.502901077270508
12.350999999998594,0.028408644832812274,2.50087308883667
12.35699999999859,0.028383992724980323,2.5023064613342285
12.360999999998588,0.028368538461058093,2.502716541290283
12.364999999998586,0.02835147088913341,2.5026021003723145
12.368999999998584,0.028334627011987835,2.5019030570983887
12.372999999998582,0.028320760868766587,2.5024003982543945
12.373999999998581,0.028312260161904287,2.5030136108398438
12.378999999998578,0.028284222720391453,2.5006673336029053
12.384999999998575,0.028263512761586902,2.5029215812683105
12.385999999998575,0.028253936312054646,2.5009140968322754
12.391999999998571,0.02822014645451227,2.5011696815490723
12.39299999999857,0.028210424077990612,2.5005507469177246
12.398999999998567,0.028175913309083353,2.501556873321533
12.402999999998565,0.02816002617299261,2.500188112258911
12.406999999998563,0.02814212963889713,2.5003981590270996
12.41099999999856,0.028121659217568387,2.501769781112671
12.41199999999856,0.028110012821095924,2.5006372928619385
12.418999999998556,0.02806335497351925,2.501903772354126
12.422999999998554,0.02804880176264766,2.5002026557922363
12.427999999998551,0.028039873861698768,2.5019149780273438
12.42899999999855,0.028032720060800945,2.5027003288269043
12.432999999998549,0.02801099091986841,2.5006368160247803
12.436999999998546,0.027987008997186827,2.5010499954223633
12.443999999998542,0.027965438431044563,2.5007376670837402
12.44999999999854,0.02796757561480722,2.5010986328125
12.453999999998537,0.027971739832832063,2.502579689025879
12.457999999998535,0.027977440599645645,2.502178192138672
12.461999999998532,0.027984915790089687,2.501208782196045
12.46699999999853,0.02800124779996705,2.5033650398254395
12.470999999998527,0.028017381685848268,2.502368927001953
12.474999999998525,0.028032722577353307,2.5005974769592285
12.478999999998523,0.02804760640706011,2.5008625984191895
12.48299999999852,0.028062637996394933,2.5016889572143555
12.486999999998519,0.028078787160587503,2.5030055046081543
12.490999999998516,0.02809691430819486,2.5020909309387207
12.495999999998514,0.02813357146125186,2.502746105194092
12.498999999998512,0.028147700882712172,2.5008020401000977
12.50199999999851,0.028157691192609385,2.5002591609954834
12.505999999998508,0.028170830575487804,2.500472068786621
12.510999999998505,0.028193120086122292,2.5035691261291504
12.514999999998503,0.028213385302997995,2.501391887664795
12.5189999999985,0.028234884153926623,2.502511739730835
12.5219999999985,0.028248010199017404,2.501500129699707
12.524999999998498,0.028257035159573417,2.501288890838623
12.528999999998495,0.028268489897030194,2.5018625259399414
12.532999999998493,0.02828042297630287,2.501258373260498
12.53799999999849,0.0283007106044147,2.502243995666504
12.541999999998488,0.02831932213015244,2.5037331581115723
12.542999999998488,0.028318292592033258,2.5002996921539307
12.548999999998484,0.02833439941549975,2.5036773681640625
12.552999999998482,0.028349271620137895,2.5037121772766113
12.55699999999848,0.02836431616819199,2.5014100074768066
12.560999999998478,0.02837878497585799,2.5010721683502197
12.563999999998476,0.02838621752503008,2.5016708374023438
12.566999999998474,0.028390907059241,2.502211332321167
12.570999999998472,0.028399212877156674,2.501859664916992
12.57499999999847,0.028409668273768687,2.50040602684021
12.579999999998467,0.028426463222495528,2.5019450187683105
12.583999999998465,0.028438349855576313,2.503668785095215
12.584999999998464,0.02843378519311597,2.5033655166625977
12.588999999998462,0.02842517748257003,2.5020132064819336
12.59299999999846,0.028421784576889604,2.5022335052490234
12.596999999998458,0.028422949868259648,2.503035068511963
12.599999999998456,0.02842283492072932,2.5008487701416016
12.600999999998455,0.028416732925884376,2.5020153522491455
12.604999999998453,0.02839925872955678,2.5012779235839844
12.608999999998451,0.02837973598273593,2.501150608062744
12.613999999998448,0.02835892691434918,2.5022521018981934
12.617999999998446,0.028343172737847394,2.5009002685546875
12.621999999998444,0.02832621486642152,2.5001561641693115
12.625999999998442,0.028308354936082587,2.50054931640625
12.626999999998441,0.028298666542371273,2.500328302383423
12.632999999998438,0.028264568813101056,2.5013532638549805
12.637999999998435,0.02825024672473378,2.5027103424072266
12.640999999998433,0.028239370588772114,2.5000662803649902
12.644999999998431,0.028221898149603006,2.5002281665802
12.64799999999843,0.028204202443120087,2.5000314712524414
12.651999999998427,0.02818261983748776,2.501404047012329
12.656999999998424,0.028164700528541857,2.5027170181274414
12.657999999998424,0.028155466605533787,2.500128984451294
12.66399999999842,0.028121636306676606,2.5001184940338135
12.667999999998418,0.028100506179534475,2.5023036003112793
12.668999999998418,0.02809097624425353,2.5008249282836914
12.675999999998414,0.02805457482354893,2.5011415481567383
12.676999999998413,0.02804343239414936,2.500694990158081
12.68399999999841,0.02799952241408135,2.5023605823516846
12.687999999998407,0.027985142616402454,2.5013747215270996
12.691999999998405,0.027971384333481328,2.5016064643859863
12.692999999998404,0.027961088444508543,2.500699996948242
12.698999999998401,0.02792339998992132,2.5008063316345215
12.703999999998398,0.027906611697520962,2.501570701599121
12.708999999998396,0.027897523650448112,2.5023672580718994
12.712999999998393,0.027889261303809643,2.5012545585632324
12.71799999999839,0.027883625347843305,2.5017495155334473
12.722999999998388,0.027893469057217783,2.500737190246582
12.727999999998385,0.02791107433592189,2.501021146774292
12.731999999998383,0.027925299286011715,2.503553867340088
12.734999999998381,0.02793090031306597,2.5010063648223877
12.739999999998378,0.027945312667699562,2.5035245418548584
12.743999999998376,0.027962207383435023,2.5012097358703613
12.748999999998373,0.027988947004024545,2.5024828910827637
12.751999999998372,0.02800100608964247,2.501669406890869
12.75499999999837,0.02800897597682548,2.500412702560425
12.758999999998368,0.028020911184939046,2.50079345703125
12.763999999998365,0.028044031819626287,2.5024948120117188
12.767999999998363,0.02806362805900746,2.5000381469726562
12.77199999999836,0.028081340561839828,2.502761125564575
12.774999999998359,0.028093060516259018,2.500763416290283
12.778999999998357,0.028109682523317685,2.5019099712371826
12.782999999998355,0.02812822604807301,2.5029098987579346
12.785999999998353,0.028139318492477507,2.500443935394287
12.78999999999835,0.02815162385923347,2.5002827644348145
12.793999999998348,0.028162991067903147,2.500481128692627
12.797999999998346,0.0281760110376168,2.5011467933654785
12.801999999998344,0.028191127178762383,2.50197696685791
12.805999999998342,0.02820751802834967,2.5028014183044434
12.80999999999834,0.028223113537112307,2.501234531402588
12.812999999998338,0.02823001674238451,2.5006814002990723
12.815999999998336,0.028233793468257946,2.500378370285034
12.820999999998334,0.028246838567666833,2.503183364868164
12.824999999998331,0.02826094717489617,2.5017337799072266
12.829999999998329,0.028282559144613043,2.5036909580230713
12.830999999998328,0.028280929927397523,2.50052547454834
12.835999999998325,0.028288575927455095,2.500950574874878
12.839999999998323,0.0283002000801586,2.50034761428833
12.842999999998321,0.02830614773977435,2.500795364379883
12.84599999999832,0.0283072014356181,2.501004219055176
12.848999999998318,0.028302373076891138,2.5008955001831055
12.851999999998316,0.028293750569806743,2.5000500679016113
12.856999999998314,0.028275057043947976,2.503113269805908
12.857999999998313,0.028268540253423013,2.5041980743408203
12.86199999999831,0.0282506108959968,2.501988172531128
12.866999999998308,0.02823301839035168,2.5020527839660645
12.870999999998306,0.028219716985029814,2.501173496246338
12.874999999998304,0.028205308174116636,2.5015206336975098
12.877999999998302,0.028191136324485694,2.500570774078369
12.878999999998301,0.02818072396643597,2.5008487701416016
12.884999999998298,0.028142103575121855,2.5016398429870605
12.889999999998295,0.028122020833081914,2.5019149780273438
12.894999999998292,0.028109058994989486,2.502397298812866
12.89899999999829,0.028100412013126824,2.5018632411956787
12.89999999999829,0.02809247355123696,2.503044366836548
12.903999999998288,0.028068490931248004,2.50199556350708
12.904999999998287,0.02805608499165726,2.50118350982666
12.911999999998283,0.028003211516869048,2.5020663738250732
12.91699999999828,0.027980997801788907,2.5022358894348145
12.920999999998278,0.02796741711629526,2.5006797313690186
12.925999999998275,0.027956282968394947,2.502418279647827
12.926999999998275,0.027947582210562906,2.502300977706909
12.930999999998273,0.027921473469887388,2.5006628036499023
12.931999999998272,0.027909527280383095,2.5012598037719727
12.937999999998269,0.027861759267290107,2.501213788986206
12.942999999998266,0.027833551347558647,2.5001730918884277
12.948999999998263,0.027814079179938812,2.5022354125976562
12.951999999998261,0.02780443430132956,2.500734329223633
12.95299999999826,0.027794991425307614,2.5012288093566895
12.957999999998258,0.02776286582440636,2.5003323554992676
12.964999999998254,0.027739466430740295,2.5013480186462402
12.97099999999825,0.027740247279081608,2.501371383666992
12.974999999998248,0.02774457959631592,2.502847671508789
12.977999999998246,0.027744655817102934,2.500743865966797
12.981999999998244,0.02774441157073581,2.500181198120117
12.987999999998241,0.027756490092653213,2.5011250972747803
12.992999999998238,0.02777811874614383,2.500720977783203
12.997999999998235,0.027810165717518813,2.5031895637512207
12.998999999998235,0.0278107388628902,2.5001039505004883
13.003999999998232,0.027827827821706223,2.5013484954833984
13.00799999999823,0.027841687579031715,2.5017945766448975
13.012999999998227,0.02786578887576785,2.5021896362304688
13.016999999998225,0.027889916463491204,2.501035690307617
13.020999999998223,0.027914583282191312,2.503314733505249
13.023999999998221,0.027928632186486446,2.502953052520752
13.02699999999822,0.02793856110468139,2.5002031326293945
13.031999999998217,0.027960008019701173,2.503655195236206
13.035999999998214,0.02798171142075563,2.5029683113098145
13.039999999998212,0.028003026669571322,2.5019993782043457
13.04299999999821,0.02801508616210774,2.5002455711364746
13.046999999998208,0.028030074104748462,2.503574848175049
13.049999999998207,0.028039843832852365,2.5020294189453125
13.053999999998204,0.028054198990602748,2.500671863555908
13.058999999998202,0.028075320456307166,2.503596782684326
13.0619999999982,0.02808470255510269,2.501145839691162
13.065999999998198,0.02809716423417731,2.5014753341674805
13.069999999998196,0.028112008671284827,2.5024590492248535
13.073999999998193,0.028128805407171907,2.5035207271575928
13.077999999998191,0.028146052927784895,2.503779888153076
13.08099999999819,0.028154052716214586,2.501042366027832
13.084999999998187,0.02816333211646351,2.5022287368774414
13.088999999998185,0.028175814229781652,2.502075672149658
13.092999999998183,0.028190344134306357,2.5024070739746094
13.09699999999818,0.028204601967646147,2.500260353088379
13.09799999999818,0.028201831809274165,2.501171112060547
13.101999999998178,0.02819822415892209,2.5022852420806885
13.102999999998177,0.02819139926739979,2.5003814697265625
13.109999999998173,0.028177013784767786,2.5028083324432373
13.112999999998172,0.028175121862484442,2.5006356239318848
13.11699999999817,0.02817255665182542,2.502742290496826
13.117999999998169,0.02816459004754259,2.5024447441101074
13.122999999998166,0.028140453044991985,2.502197265625
13.126999999998164,0.028125964361405617,2.5011720657348633
13.130999999998162,0.028113444063990835,2.500291347503662
13.13499999999816,0.028097999858406913,2.5026490688323975
13.138999999998157,0.02808189796285373,2.5024642944335938
13.141999999998156,0.028067823982254707,2.500264883041382
13.145999999998153,0.02805063732029643,2.5007247924804688
13.149999999998151,0.02803477925761918,2.5019984245300293
13.153999999998149,0.02801737906423398,2.502596855163574
13.156999999998147,0.028000247783165157,2.5005528926849365
13.160999999998145,0.02797749765815344,2.5005545616149902
13.164999999998143,0.027957601283562075,2.5014824867248535
13.16899999999814,0.02793968649524703,2.5024254322052
13.172999999998138,0.027920806753954586,2.5012454986572266
13.173999999998138,0.027909577885858773,2.500286340713501
13.180999999998134,0.02786575558492116,2.502352714538574
13.184999999998132,0.027851337761861293,2.501366138458252
13.18799999999813,0.02783772223917271,2.5003631114959717
13.190999999998128,0.02782107907123814,2.500671863555908
13.194999999998126,0.02779607831682255,2.502018690109253
13.199999999998123,0.027769802919445266,2.5022664070129395
13.20499999999812,0.027751660987791485,2.501675844192505
13.20599999999812,0.027742459642153106,2.502511978149414
13.210999999998117,0.027712183429297634,2.501730442047119
13.217999999998113,0.02769434870400892,2.5018844604492188
13.22299999999811,0.027695849981514642,2.501901149749756
13.226999999998108,0.027696349862345836,2.5010952949523926
13.230999999998106,0.02769767991179084,2.5012316703796387
13.236999999998103,0.027714177782605764,2.5034899711608887
13.2419999999981,0.027738537513967175,2.5035409927368164
13.244999999998099,0.0277507282170784,2.502448081970215
13.248999999998096,0.02776669937689554,2.502758026123047
13.252999999998094,0.027783785659001456,2.5031299591064453
13.256999999998092,0.0278023411696659,2.501363754272461
13.26099999999809,0.02782035099302184,2.501399040222168
13.264999999998087,0.027837169452342492,2.5029373168945312
13.268999999998085,0.027857657562316597,2.5027875900268555
13.272999999998083,0.027880966384405237,2.5015218257904053
13.27699999999808,0.027903085274836995,2.502169132232666
13.27999999999808,0.027914087657552725,2.5006022453308105
13.283999999998077,0.02792792232269134,2.500448703765869
13.288999999998074,0.027954673437083674,2.50359845161438
13.292999999998072,0.027980519508299724,2.503499746322632
13.29599999999807,0.027995553186697206,2.501708507537842
13.298999999998069,0.02800475234560318,2.5004730224609375
13.302999999998066,0.028016657907723758,2.5010247230529785
13.307999999998064,0.02804076500605395,2.5037617683410645
13.311999999998061,0.028062944442443116,2.5031161308288574
13.31499999999806,0.028074170500868058,2.5022387504577637
13.318999999998058,0.028088455371885007,2.503063201904297
13.322999999998055,0.02810531243928227,2.503636360168457
13.326999999998053,0.028123432576997037,2.502993583679199
13.329999999998051,0.0281322900333359,2.500710964202881
13.33399999999805,0.028143644491904984,2.5004897117614746
13.337999999998047,0.02815757929402169,2.5014100074768066
13.341999999998045,0.02817313798553983,2.502314329147339
13.345999999998043,0.028187210820179637,2.501546859741211
13.346999999998042,0.02818333653139634,2.501542568206787
13.35099999999804,0.028177484873408987,2.5007100105285645
13.354999999998038,0.02817628061123094,2.5014193058013916
13.358999999998035,0.028179127347642247,2.502490520477295
13.361999999998034,0.02818030850235039,2.500856876373291
13.364999999998032,0.028177018851373678,2.501850128173828
13.365999999998031,0.02816832507365037,2.5012571811676025
13.370999999998029,0.028139565046888436,2.5002474784851074
13.375999999998026,0.028117409829881097,2.5015714168548584
13.380999999998023,0.02810500334523095,2.5024757385253906
13.383999999998021,0.028097678485127515,2.5009312629699707
13.38699999999802,0.028086281981248698,2.50076961517334
13.389999999998018,0.028068533501485686,2.500206470489502
13.393999999998016,0.028043463060001425,2.5011794567108154
13.398999999998013,0.028022274132819824,2.502206325531006
13.402999999998011,0.028010295908519785,2.5016956329345703
13.407999999998008,0.027999310781720375,2.5029735565185547
13.408999999998008,0.027990057993399903,2.5026190280914307
13.413999999998005,0.027959350596734378,2.501997947692871
13.414999999998004,0.02794793661842431,2.502322196960449
13.419999999998002,0.027907359945586477,2.5013058185577393
13.424999999997999,0.027879301997692646,2.5012173652648926
13.429999999997996,0.027861998984947622,2.502470016479492
13.433999999997994,0.0278491118789388,2.5006396770477295
13.434999999997993,0.027838865931597317,2.50001859664917
13.44199999999799,0.027799318251383008,2.501457691192627
13.442999999997989,0.02778860522098929,2.5004289150238037
13.448999999997985,0.027749392277461947,2.5018973350524902
13.452999999997983,0.027732217451232395,2.50026798248291
13.45799999999798,0.027720144757383894,2.5016732215881348
13.461999999997978,0.027713082408426917,2.5017738342285156
13.466999999997975,0.027705120704666797,2.5027663707733154
13.470999999997973,0.027697500908941276,2.500678300857544
13.47599999999797,0.027691706795593005,2.501040458679199
13.481999999997967,0.027703612789366047,2.5026726722717285
13.485999999997965,0.027720058674036416,2.500235080718994
13.490999999997962,0.027747860615471874,2.5020105838775635
13.49399999999796,0.0277594362774242,2.5000898838043213
13.497999999997958,0.027771504859121603,2.500812530517578
13.501999999997956,0.027783406298460996,2.501466989517212
13.506999999997953,0.027808744478502283,2.5029196739196777
13.510999999997951,0.02783423513903787,2.5018277168273926
13.514999999997949,0.027859622880263633,2.5024008750915527
13.518999999997947,0.02788233901409154,2.503711223602295
13.521999999997945,0.02789440449933299,2.5021495819091797
13.525999999997943,0.0279109025520873,2.5023536682128906
13.52999999999794,0.027931382029215523,2.5020065307617188
13.533999999997938,0.027954655983933346,2.5010361671447754
13.537999999997936,0.027976155151000645,2.5009045600891113
13.541999999997934,0.027994934023145367,2.503528118133545
13.542999999997933,0.0279938367068458,2.5000762939453125
13.54899999999793,0.028010972894255345,2.5029797554016113
13.552999999997928,0.02802916895629118,2.5015788078308105
13.556999999997926,0.02804915613332668,2.500190258026123
13.561999999997923,0.028079108686424742,2.502534866333008
13.564999999997921,0.02809498217323793,2.5006182193756104
13.56799999999792,0.028106274961008072,2.5007588863372803
13.571999999997917,0.0281195981156368,2.5034966468811035
13.574999999997916,0.028127025641800155,2.500032663345337
13.579999999997913,0.02814541679921613,2.5012919902801514
13.58399999999791,0.02816290046458971,2.500260353088379
13.587999999997908,0.028178290158485303,2.5028724670410156
13.590999999997907,0.02818857218858456,2.501889228820801
13.593999999997905,0.028196644758214928,2.501207113265991
13.596999999997903,0.028199624465445987,2.5003952980041504
13.599999999997902,0.028196801261492647,2.5002646446228027
13.6029999999979,0.02818948463907317,2.5009586811065674
13.606999999997898,0.028182284601566188,2.5022082328796387
13.609999999997896,0.028176546458669433,2.5004959106445312
13.613999999997894,0.02816931555559618,2.501084804534912
13.614999999997893,0.02816004837222983,2.5002191066741943
13.62099999999789,0.028128312286775835,2.501647472381592
13.624999999997888,0.02811367907225154,2.502568244934082
13.628999999997886,0.028100606482891928,2.5020744800567627
13.632999999997883,0.028086866966005118,2.5005249977111816
13.635999999997882,0.02807163397565117,2.500539541244507
13.636999999997881,0.028060954589304042,2.500746250152588
13.642999999997878,0.02802065434760763,2.501107692718506
13.647999999997875,0.02799965257833427,2.501861095428467
13.652999999997872,0.027985546694118978,2.50283145904541
13.65599999999787,0.02797411178194502,2.5012288093566895
13.65699999999787,0.02796390092347452,2.501488208770752
13.661999999997867,0.02792916248954376,2.5010342597961426
13.666999999997865,0.027905421799311728,2.5017900466918945
13.670999999997862,0.027886490664446262,2.5016438961029053
13.67399999999786,0.0278679012697765,2.500519275665283
13.67499999999786,0.027856407361627505,2.5003879070281982
13.681999999997856,0.02780861444227837,2.5012941360473633
13.686999999997854,0.02778760940257314,2.5007970333099365
13.69199999999785,0.027774262840382896,2.501387119293213
13.69299999999785,0.027766218286302338,2.501830577850342
13.696999999997848,0.027742363107904705,2.5001540184020996
13.700999999997846,0.02771925083181038,2.5021395683288574
13.707999999997842,0.02769833333343897,2.5019960403442383
13.713999999997839,0.02770019461739718,2.5018768310546875
13.717999999997836,0.027701816838686527,2.5011348724365234
13.722999999997834,0.02770765121740624,2.503206253051758
13.726999999997831,0.027719105443435567,2.500020980834961
13.731999999997829,0.02774196413838992,2.50185489654541
13.735999999997826,0.027762910997760522,2.5032310485839844
13.738999999997825,0.027774892136889925,2.5022196769714355
13.742999999997823,0.02778871622500821,2.501194953918457
13.74799999999782,0.027810369461332037,2.5025858879089355
13.752999999997817,0.027839337156822408,2.5035595893859863
13.756999999997815,0.027863750842736255,2.5030903816223145
13.759999999997813,0.02787943511066176,2.5029468536376953
13.762999999997811,0.02789208465433239,2.501509428024292
13.76699999999781,0.027908979035621687,2.501152276992798
13.771999999997806,0.02793583715049886,2.5023398399353027
13.775999999997804,0.0279596022306369,2.502817153930664
13.778999999997803,0.027974355535481554,2.5023181438446045
13.7829999999978,0.027993805673128237,2.502321243286133
13.786999999997798,0.028014106866610523,2.500627040863037
13.790999999997796,0.028035076902401736,2.502443313598633
13.793999999997794,0.028047939778664405,2.5028629302978516
13.796999999997793,0.028057320050912278,2.500195026397705
13.80199999999779,0.028077267229615996,2.5034852027893066
13.805999999997788,0.028095755631751117,2.501579761505127
13.809999999997785,0.028115139322482968,2.500018358230591
13.813999999997783,0.028135225171993107,2.503739356994629
13.814999999997783,0.028134508244061482,2.500814914703369
13.81999999999778,0.028145759594278306,2.5027880668640137
13.823999999997778,0.02815727325946779,2.500211715698242
13.828999999997775,0.028177315605356808,2.501628875732422
13.832999999997773,0.028195771348106788,2.5002150535583496
13.83699999999777,0.028214560305837827,2.5030746459960938
13.83799999999777,0.028213268157559444,2.5038740634918213
13.83899999999777,0.028208131630573806,2.5010740756988525
13.842999999997767,0.02819578041261929,2.5009121894836426
13.846999999997765,0.02818398014402638,2.502488613128662
13.850999999997763,0.02817362107554957,2.501079797744751
13.85499999999776,0.028165344987895025,2.5004894733428955
13.858999999997758,0.028157702654743877,2.5024847984313965
13.859999999997758,0.028149493367911213,2.502284049987793
13.863999999997755,0.028125052024612303,2.500419855117798
13.868999999997753,0.02810033179427778,2.5021886825561523
13.87399999999775,0.028084607129448713,2.5026907920837402
13.876999999997748,0.028075605041392712,2.5004405975341797
13.880999999997746,0.028061477461884206,2.5024123191833496
13.881999999997745,0.02805089329388117,2.501363754272461
13.886999999997743,0.028013939805308967,2.500643730163574
13.89099999999774,0.02798941769879844,2.5013694763183594
13.895999999997738,0.027968066735689384,2.502577304840088
13.899999999997736,0.02795275356354266,2.5009982585906982
13.900999999997735,0.02794218610335778,2.5002365112304688
13.906999999997732,0.0279030842890053,2.501983642578125
13.90999999999773,0.027885362425955754,2.5001211166381836
13.914999999997727,0.027861017131596194,2.5022644996643066
13.918999999997725,0.027843763818176354,2.5005204677581787
13.922999999997723,0.027826537044079322,2.50166654586792
13.923999999997722,0.0278160056149597,2.5012307167053223
13.92899999999772,0.027779141449523204,2.5006353855133057
13.933999999997717,0.027751814998921973,2.5012307167053223
13.938999999997714,0.027732687921108494,2.5009965896606445
13.939999999997713,0.02772391060534455,2.500854969024658
13.94599999999771,0.027694203945845326,2.5018272399902344
13.951999999997707,0.027680181958813208,2.5011301040649414
13.956999999997704,0.02767518773752399,2.5020134449005127
13.9629999999977,0.02768473933573122,2.5032243728637695
13.965999999997699,0.02769040967801993,2.5003018379211426
13.969999999997697,0.02769873530247683,2.500929832458496
13.974999999997694,0.027717042324409587,2.5028553009033203
13.979999999997691,0.02774210487165022,2.503526449203491
13.98299999999769,0.027753259729504827,2.5002188682556152
13.987999999997687,0.027774399948480383,2.5034236907958984
13.990999999997685,0.027786469417038273,2.50003981590271
13.995999999997682,0.027813626375039646,2.503541946411133
13.99899999999768,0.027828982422586947,2.501725673675537
14.002999999997678,0.02784853176716806,2.5017528533935547
14.006999999997676,0.027867290014347894,2.500999927520752
14.010999999997674,0.02788592554616859,2.5001707077026367
14.014999999997672,0.02790597864925469,2.5005035400390625
14.01899999999767,0.02792824338559914,2.5019960403442383
14.021999999997668,0.027942460059887576,2.500187873840332
14.026999999997665,0.027968855997449735,2.503082275390625
14.030999999997663,0.027990999185197256,2.5031981468200684
14.033999999997661,0.028004819844601445,2.5002472400665283
14.037999999997659,0.028023740490549544,2.5010695457458496
14.041999999997657,0.02804526959049721,2.5030670166015625
14.044999999997655,0.028059286849978958,2.5002641677856445
14.048999999997653,0.02807496211878803,2.501530170440674
14.05299999999765,0.02808976761386875,2.5012474060058594
14.056999999997648,0.028104617270431932,2.5005860328674316
14.060999999997646,0.02812148608521449,2.5010056495666504
14.064999999997644,0.028141554831249915,2.5015664100646973
14.067999999997642,0.028153607898994036,2.5004711151123047
14.07199999999764,0.02816762607475211,2.5026040077209473
14.075999999997638,0.028182219706249706,2.500566005706787
14.080999999997635,0.028205208711493943,2.5036892890930176
14.081999999997635,0.028205000909545877,2.503438949584961
14.084999999997633,0.028207037208448714,2.5016822814941406
14.08899999999763,0.028208573600880055,2.502739906311035
14.08999999999763,0.028202785894075814,2.501377582550049
14.094999999997627,0.028189193467248047,2.5019712448120117
14.097999999997626,0.02818092915333316,2.501481533050537
14.101999999997624,0.02816949639625984,2.5016307830810547
14.104999999997622,0.02815614992310296,2.5003836154937744
14.10899999999762,0.028138377038489024,2.5008015632629395
14.112999999997617,0.02812410475823665,2.5002260208129883
14.115999999997616,0.0281092936306422,2.501124620437622
14.118999999997614,0.0280892111006934,2.5000054836273193
14.123999999997611,0.028061200739847983,2.501089572906494
14.128999999997609,0.028044067825304754,2.5024309158325195
14.132999999997606,0.02803440637069038,2.5028276443481445
14.133999999997606,0.028024541564979313,2.501710891723633
14.138999999997603,0.02799088148515124,2.500826835632324
14.1429999999976,0.027968470574572156,2.5019187927246094
14.146999999997599,0.027949105695216164,2.5018274784088135
14.150999999997596,0.027930631725517532,2.50148606300354
14.155999999997594,0.02791184210554149,2.5024218559265137
14.156999999997593,0.027901441227282345,2.501157760620117
14.16199999999759,0.027864853518663024,2.500260829925537
14.164999999997589,0.02784270150188114,2.5001282691955566
14.169999999997586,0.027814362006000612,2.5004024505615234
14.173999999997584,0.027795982031482647,2.5004820823669434
14.177999999997581,0.02777684891747626,2.500922679901123
14.18099999999758,0.02775716415739187,2.5001144409179688
14.185999999997577,0.02772792100655771,2.500588893890381
14.192999999997573,0.027710994669580838,2.502579689025879
14.19799999999757,0.027714509256934076,2.50280499458313
14.201999999997568,0.02771964328220384,2.5021581649780273
14.206999999997565,0.027729820768895352,2.502199649810791
14.211999999997563,0.027745914144388373,2.503234386444092
14.21599999999756,0.02776152706408177,2.503406524658203
14.219999999997558,0.027780136418312777,2.502303123474121
14.223999999997556,0.02779753665997143,2.5023651123046875
14.227999999997554,0.027812725129408432,2.503202438354492
14.231999999997551,0.02782989268952611,2.5024285316467285
14.23599999999755,0.027850911676688198,2.50100040435791
14.240999999997547,0.02788154854118509,2.503915309906006
14.243999999997545,0.02789538530548453,2.502183437347412
14.246999999997543,0.027905664302480968,2.500539779663086
14.250999999997541,0.0279215844800864,2.500105857849121
14.255999999997538,0.02794903765599057,2.502058982849121
14.259999999997536,0.027972111548616327,2.500397205352783
14.263999999997534,0.027992722231519197,2.502375602722168
14.266999999997532,0.02800559365946726,2.502181053161621
14.26999999999753,0.028015831755480426,2.500823497772217
14.274999999997528,0.028038365314611194,2.5023856163024902
14.278999999997525,0.028058739099322647,2.5008368492126465
14.283999999997523,0.028089406952446452,2.5033066272735596
14.285999999997522,0.028097347766846414,2.5002281665802
14.28999999999752,0.028113077226297842,2.502880096435547
14.293999999997517,0.028128380281143103,2.502218723297119
14.297999999997515,0.0281455433138406,2.500070810317993
14.302999999997512,0.02817463517823067,2.5036087036132812
14.303999999997512,0.028173859931071042,2.5021653175354004
14.30699999999751,0.02817435156781739,2.5007681846618652
14.30799999999751,0.02816870898155662,2.501129627227783
14.312999999997507,0.02815538679448372,2.501042127609253
14.316999999997504,0.02814834545739378,2.5000503063201904
14.320999999997502,0.028144646140787426,2.500617742538452
14.3249999999975,0.028141928574055758,2.5001392364501953
14.328999999997498,0.0281405314237061,2.500488758087158
14.329999999997497,0.02813406562187619,2.5004987716674805
14.334999999997494,0.028115146904465642,2.5023722648620605
14.335999999997494,0.028104301700225626,2.5010852813720703
14.34199999999749,0.028063357049468836,2.5019583702087402
14.344999999997489,0.028045489736430992,2.500558853149414
14.349999999997486,0.028024467215223565,2.5017290115356445
14.353999999997484,0.02801256601826492,2.501546859741211
14.357999999997482,0.027999272290557896,2.5013461112976074
14.358999999997481,0.027988510638361046,2.5000314712524414
14.364999999997478,0.02794763444962721,2.500755786895752
14.367999999997476,0.027929054879240897,2.500255823135376
14.372999999997473,0.02790575129965145,2.501234531402588
14.376999999997471,0.027887982131792242,2.5016183853149414
14.37999999999747,0.02786978010155334,2.5007567405700684
14.384999999997467,0.027844719316425987,2.5016822814941406
14.387999999997465,0.027829390574719975,2.500626802444458
14.388999999997464,0.027819459542510395,2.5001072883605957
14.39599999999746,0.027780034917757726,2.500504493713379
14.401999999997457,0.027760384884001142,2.5012736320495605
14.407999999997454,0.027756117336031283,2.501763343811035
14.41399999999745,0.027768461399228464,2.503056049346924
14.417999999997448,0.027777888917080072,2.502659797668457
14.420999999997447,0.027783193324976807,2.5003604888916016
14.425999999997444,0.027799567115500703,2.5023584365844727
14.429999999997442,0.027818443603969407,2.5004520416259766
14.434999999997439,0.02784700413888929,2.5020174980163574
14.438999999997437,0.027867367866773803,2.503429651260376
14.441999999997435,0.027876828434555814,2.5008511543273926
14.445999999997433,0.02788848113769595,2.5007858276367188
14.45099999999743,0.02791400813010541,2.5027365684509277
14.454999999997428,0.02794089756010859,2.5023393630981445
14.458999999997426,0.027969754081036476,2.502255439758301
14.461999999997424,0.027984873466246216,2.5007381439208984
14.465999999997422,0.02800129846233848,2.5018978118896484
14.46999999999742,0.0280175842756746,2.502035617828369
14.473999999997417,0.028038834062470847,2.5010910034179688
14.477999999997415,0.02806316265961859,2.5010147094726562
14.481999999997413,0.028085966652045692,2.5023133754730225
14.484999999997411,0.028096705699835932,2.5007164478302
14.488999999997409,0.028109164886255734,2.5016674995422363
14.492999999997407,0.02812597031284334,2.50052547454834
14.497999999997404,0.028153908827630032,2.5032339096069336
14.501999999997402,0.028176476765036824,2.5024638175964355
14.5049999999974,0.028188614804254497,2.5014476776123047
14.507999999997399,0.02819694331470817,2.5005087852478027
14.512999999997396,0.02821450116194909,2.5032405853271484
14.516999999997394,0.028231040039058762,2.5008769035339355
14.519999999997392,0.028242429996388888,2.500363349914551
14.52299999999739,0.028250656087490986,2.500166654586792
14.525999999997389,0.028252253236836056,2.501683473587036
14.526999999997388,0.028246175688204735,2.501035213470459
14.531999999997385,0.028230286423945622,2.5025086402893066
14.534999999997384,0.028220200642416413,2.500978708267212
14.538999999997381,0.02820839728720828,2.5000109672546387
14.543999999997379,0.028197789920738278,2.5012519359588623
14.546999999997377,0.028186947232518737,2.501025438308716
14.547999999997376,0.028177595951031933,2.5006446838378906
14.552999999997374,0.028145417523340197,2.500082492828369
14.55899999999737,0.02812119845910866,2.5022470951080322
14.562999999997368,0.0281109569400166,2.5017294883728027
14.566999999997366,0.02810185673741382,2.501450538635254
14.567999999997365,0.028092972279237356,2.5008435249328613
14.572999999997363,0.02806302351921737,2.5006890296936035
14.573999999997362,0.02805124121033014,2.5001282691955566
14.579999999997359,0.028003403931688146,2.500309467315674
14.585999999997355,0.027973211151204685,2.5016231536865234
14.590999999997353,0.027959418070232084,2.502539873123169
14.59399999999735,0.02795297721133508,2.5004897117614746
14.597999999997349,0.027945114962580855,2.5006585121154785
14.600999999997347,0.027932694215621966,2.5007855892181396
14.604999999997345,0.027913092363815298,2.502206325531006
14.605999999997344,0.02790248199875526,2.5017809867858887
14.610999999997341,0.027863454610281127,2.501021385192871
14.61499999999734,0.02783254046775515,2.5011403560638428
14.619999999997336,0.027803383558791327,2.500049114227295
14.624999999997334,0.027786001897901987,2.5011239051818848
14.63199999999733,0.02778204520020345,2.5024828910827637
14.635999999997328,0.02778222523790179,2.500485897064209
14.640999999997325,0.02778743716789738,2.502488136291504
14.644999999997323,0.027792615124941515,2.502199649810791
14.64899999999732,0.027796414180053075,2.500157356262207
14.654999999997317,0.027816018252675455,2.5020089149475098
14.659999999997314,0.027844542790083075,2.503049850463867
14.663999999997312,0.02787086213611651,2.5013935565948486
14.66799999999731,0.027896391156227426,2.5007877349853516
14.671999999997308,0.027919136860756692,2.502349376678467
14.674999999997306,0.027931956752685887,2.5004751682281494
14.678999999997304,0.027947379733259413,2.501863718032837
14.682999999997302,0.027962391783779496,2.5006141662597656
14.687999999997299,0.027989905053657727,2.5018410682678223
14.691999999997297,0.028016859602108257,2.501126289367676
14.696999999997294,0.028053700278570397,2.503166437149048
14.699999999997292,0.028070387563940702,2.5015029907226562
14.70399999999729,0.028090244474929423,2.502854824066162
14.706999999997288,0.02810371102582296,2.5011777877807617
14.711999999997285,0.028133483622646976,2.5034399032592773
14.715999999997283,0.028159703171542295,2.5022401809692383
14.719999999997281,0.028184731530115692,2.5009288787841797
14.723999999997279,0.028206525511204804,2.502859592437744
14.726999999997277,0.02821963698971642,2.5024664402008057
14.729999999997275,0.028229130556751386,2.5017426013946533
14.733999999997273,0.028241634982473375,2.501779556274414
14.73899999999727,0.028262422572601274,2.502425193786621
14.742999999997268,0.02828113437570498,2.500431537628174
14.747999999997266,0.02831013718721867,2.5022804737091064
14.751999999997263,0.028336971197394423,2.503490924835205
14.752999999997263,0.028337791249968977,2.504262924194336
14.753999999997262,0.02833448284716203,2.501356601715088
14.75799999999726,0.02832887035958663,2.5015063285827637
14.761999999997258,0.028323673497267977,2.500809669494629
14.765999999997256,0.028318624784220134,2.500032424926758
14.769999999997253,0.028312073126566285,2.5000152587890625
14.773999999997251,0.028302670236202997,2.502580165863037
14.77499999999725,0.028294607912330447,2.502134323120117
14.778999999997248,0.02827144916497483,2.501004219055176
14.783999999997246,0.02825142777918787,2.502218723297119
14.787999999997243,0.028237476984541293,2.500819683074951
14.79299999999724,0.0282247968447965,2.502002239227295
14.79399999999724,0.028216348918706093,2.501826763153076
14.798999999997237,0.028187427836243346,2.501959800720215
14.801999999997236,0.028167449397997972,2.5002903938293457
14.806999999997233,0.02814241959968896,2.500728130340576
14.81199999999723,0.028125705419358445,2.50215482711792
14.81299999999723,0.028115200951011783,2.5005836486816406
14.818999999997226,0.02807574995789376,2.5010147094726562
14.822999999997224,0.028057149182926976,2.5005407333374023
14.826999999997222,0.028041109661559226,2.50101375579834
14.83099999999722,0.02802571406508162,2.501739025115967
14.833999999997218,0.028008574780701297,2.500454902648926
14.838999999997215,0.027980875751028873,2.5021705627441406
14.839999999997215,0.027970388376400097,2.500096321105957
14.84699999999721,0.027928688257061268,2.5004708766937256
14.853999999997207,0.02791691798863371,2.5027332305908203
14.857999999997205,0.02791333722374477,2.500227451324463
14.863999999997201,0.027919485616224107,2.5019073486328125
14.868999999997198,0.02793526613125235,2.500978946685791
14.873999999997196,0.027956613028696724,2.5033135414123535
14.876999999997194,0.027965472382051264,2.5001955032348633
14.880999999997192,0.027978058802257705,2.500311851501465
14.885999999997189,0.028001641054790923,2.5010623931884766
14.890999999997186,0.028030681663910442,2.501922130584717
14.894999999997184,0.028051722245303085,2.503021240234375
14.897999999997182,0.028064429306198548,2.5012295246124268
14.90199999999718,0.0280834318614955,2.500652313232422
14.906999999997177,0.02811385631195587,2.502516746520996
14.910999999997175,0.028137302696369236,2.501819610595703
14.914999999997173,0.02815811161625023,2.502619504928589
14.91899999999717,0.028180680241634955,2.503185749053955
14.922999999997169,0.02820600038216966,2.5027599334716797
14.926999999997166,0.028230081449038824,2.502882480621338
14.930999999997164,0.028251591336608213,2.50297474861145
14.933999999997162,0.028264648361930662,2.500133991241455
14.93899999999716,0.028293102209176246,2.502807140350342
14.941999999997158,0.02830728404861367,2.502262830734253
14.945999999997156,0.028324192300937127,2.501586437225342
14.950999999997153,0.028349692005624955,2.503258228302002
14.953999999997151,0.028363101298035806,2.5002565383911133
14.95799999999715,0.028380197440400073,2.5004875659942627
14.961999999997147,0.028396935405221736,2.503025770187378
14.964999999997145,0.02840721364980487,2.501934051513672
14.967999999997144,0.028414729695098735,2.5011613368988037
14.970999999997142,0.028417308665030838,2.502148389816284
14.971999999997141,0.028411772208983922,2.5012574195861816
14.97599999999714,0.028397167867861048,2.5007362365722656
14.980999999997136,0.02838368295040939,2.5018911361694336
14.984999999997134,0.028375549106539485,2.5011024475097656
14.987999999997133,0.02836706041338781,2.5010857582092285
14.988999999997132,0.02835805199588811,2.5001919269561768
14.99399999999713,0.028326851946981868,2.500149726867676
14.998999999997126,0.0283024914803758,2.500152111053467
